gov_id,government,state,lane,lead_url,kind,meeting_source_has_no_video,run,all_youtube_addresses_seen,found_context
ca:csd:2462007,Saint-Félix-de-Valois,Quebec,youtube,https://www.youtube.com/@municipalitesaint-felix-de953/videos,channel,no,qc_giant,https://www.youtube.com/@municipalitesaint-felix-de953/videos https://www.youtube.com/watch?v=etxMThM8dUY https://www.youtube.com/watch?v=l4fzSZgHEBQ https://www.youtube.com/watch?v=WhmI5S-sVXo https://www.youtube.com/watch?v=JV40nAcrUEs https://www.youtube.com/watch?v=SZB_evLB1Ds https://www.youtube.com/watch?v=UNFRayzJ0yU https://www.youtube.com/watch?v=k0WyppH9rYo https://www.youtube.com/watch?v=aAxFJFj_dM0 https://www.youtube.com/watch?v=h0hc_PF7hjY https://www.youtube.com/watch?v=HcQUvUVEU10 https://www.youtube.com/watch?v=u_NMcZakeig https://www.youtube.com/watch?v=lo4b0unTFMg https://www.youtube.com/watch?v=lrRZC57xjD0 https://www.youtube.com/watch?v=sw6fBm1T5IY https://www.youtube.com/watch?v=F74rCSRj1R4 https://www.youtube.com/watch?v=0iY9LbKQ7R8 https://www.youtube.com/watch?v=s1Hb8F34BRo https://www.youtube.com/watch?v=dIqaFBCWDM8 https://www.youtube.com/watch?v=Jk2YQAiNMKk https://www.youtube.com/watch?v=-YH0gIBQD-A https://www.youtube.com/watch?v=jRczlUS9OC4 https://www.youtube.com/watch?v=B3TMxvmZ44k https://www.youtube.com/watch?v=ZF1rXDSdpuM https://www.youtube.com/watch?v=-jqxGefXllk https://www.youtube.com/watch?v=075HuI5gPBg https://www.youtube.com/watch?v=Z0l5aU1oRiQ https://www.youtube.com/watch?v=cvvyUCYGYwY https://www.youtube.com/watch?v=e3rPX0CQQig https://www.youtube.com/watch?v=vteHhF7ps2A https://www.youtube.com/watch?v=dv6Yaj5wI1Q https://www.youtube.com/watch?v=0i4tpxI6BBE https://www.youtube.com/watch?v=vMS6znxVWps https://www.youtube.com/watch?v=MHGO9BEKVtU https://www.youtube.com/watch?v=RCdW5zOmAAc https://www.youtube.com/watch?v=rX9fPdBPrXU https://www.youtube.com/watch?v=jpLGtAw1aKE https://www.youtube.com/watch?v=kg2B8Oabqto https://www.youtube.com/watch?v=lMJjMYQTms8 https://www.youtube.com/watch?v=7bIXRx8XjNE https://www.youtube.com/watch?v=5X_sxZ3CeZw https://www.youtube.com/watch?v=9vLnCSOzi7A https://www.youtube.com/watch?v=J6kJu_srqT4 https://www.youtube.com/watch?v=YghnyDyVYag https://www.youtube.com/watch?v=Or7DwUKBgiw https://www.youtube.com/watch?v=PFp3UeKfLf8 https://www.youtube.com/watch?v=pMzBEjLMlPs https://www.youtube.com/watch?v=YqbWlEgdbbg https://www.youtube.com/watch?v=0PYRmvlpo74 https://www.youtube.com/watch?v=Y8UmoFKb6C8 https://www.youtube.com/watch?v=NrRPGKZeTXI https://www.youtube.com/watch?v=qj-DYCc-lQU https://www.youtube.com/watch?v=FdfQKkGnlpQ https://www.youtube.com/watch?v=7oyiziis9y0 https://www.youtube.com/watch?v=-mtXgFqbfDw https://www.youtube.com/watch?v=8HAeek8T7d0 https://www.youtube.com/watch?v=rOYctgLBEAE https://www.youtube.com/watch?v=kYGKBxD4pHM https://www.youtube.com/watch?v=W78FZcjnyQg https://www.youtube.com/watch?v=-D3h6ThaoWI,found on https://st-felix-de-valois.com/municipalite/vie-democratique/seances/
ca:csd:2445008,Stanstead,Quebec,youtube,https://www.youtube.com/channel/UCYyicBDLbQbwt-f9_wR5azw/featured,channel,no,qc_giant,https://www.youtube.com/channel/UCYyicBDLbQbwt-f9_wR5azw/featured https://youtu.be/OuBe4xErWwg https://youtu.be/-npzkkjMQfs https://youtu.be/01_OvBGtsB8 https://youtu.be/E_5hHDFetaA https://youtu.be/fOxMjAwhmiI https://youtu.be/VLllJV0g6NA https://youtu.be/g5YXgWXV7fI https://youtu.be/Jj4LonQiYZ0 https://youtu.be/I13Oi_Ros2c https://youtu.be/_P_TmcKUI2Q https://youtu.be/kx_8TRmGncE https://youtu.be/1G5lymMaQWM https://youtu.be/o9A1xxhmMZU https://youtu.be/DBi70F8ZYgM,found on https://stanstead.ca/en/municipal-council-meetings/
ca:csd:2454048,Saint-Hyacinthe,Quebec,youtube,https://www.youtube.com/@villesaint-hyacinthe4052,channel,no,qc_giant,https://www.youtube.com/watch?v=IISKeaQwLzY https://www.youtube.com/watch?v=1S6UqxTxCf4 https://www.youtube.com/watch?v=X0_v4XKEmEo https://www.youtube.com/watch?v=0M-00Oop7CY https://www.youtube.com/watch?v=Dw37rvt6l8k https://www.youtube.com/watch?v=56RdUuG7peo https://www.youtube.com/watch?v=dKK_r4wyyKY https://www.youtube.com/watch?v=iZC8B9tHdCA https://www.youtube.com/watch?v=ny-QVtlL71s https://www.youtube.com/watch?v=h5Qoxq74g0A https://www.youtube.com/watch?v=3ZnOxynoYIg https://www.youtube.com/watch?v=fZn4vYj9Ndk https://www.youtube.com/watch?v=40uOdYitoM8 https://www.youtube.com/watch?v=ge3uGuLwqQE https://www.youtube.com/watch?v=sR50M06a_EU https://www.youtube.com/watch?v=XBOVEB1UQjo https://www.youtube.com/watch?v=lQNk2xtACf8&t=4s https://www.youtube.com/watch?v=e_aLeXhma7M https://www.youtube.com/@villesaint-hyacinthe4052,found on https://www.st-hyacinthe.ca/ville/vie-democratique/comites-et-commissions
ca:csd:2495005,Tadoussac,Quebec,youtube,https://youtu.be/9wNExikINhU,single_video,no,qc_giant,https://youtu.be/9wNExikINhU https://youtu.be/CrAsln76kts https://youtu.be/uSt2wCyUizk https://youtu.be/HNzsvrZGwwo https://youtu.be/7wvatfEG1pk https://youtu.be/8irf8aS2xLw https://youtu.be/qIeWd_qahZY https://youtu.be/zLcTL0gaclQ https://youtu.be/nkYfSFfHuhY https://youtu.be/UCv7KkLMU5c https://youtu.be/O1ygoXvqYX0 https://youtu.be/pTK6WW0aVqM https://youtu.be/ybMjieisK5Y https://youtu.be/t2Jynfn1SR4 https://youtu.be/_R5oXLd9Ee4,found on https://www.municipalite.tadoussac.com/fr/municipalite/vie-municipale/reunions-et-proces-verbaux/
ca:csd:2463048,Saint-Lin--Laurentides,Quebec,youtube,https://www.youtube.com/playlist?list=PLfAz1fyAl9lg7_OLj827C7TSQBgkmgjtX,playlist,no,qc_giant,https://www.youtube.com/playlist?list=PLfAz1fyAl9lg7_OLj827C7TSQBgkmgjtX,found on https://www.saint-lin-laurentides.com/decouvrir/votre-conseil/seances-du-conseil-et-proces-verbaux
ca:csd:2434120,Lac-Sergent,Quebec,youtube,https://www.youtube.com/watch?v=i9wQXgGFMX8,single_video,no,qc_giant,https://villelacsergent.com/pages/environnement/table-de-concertation-du-bassin-versant-du-lac-sergent https://www.youtube.com/watch?v=i9wQXgGFMX8 https://www.youtube.com/watch?v=cLUTZG-8p-Y https://www.youtube.com/watch?v=T0ZRrf6iG0g https://www.youtube.com/watch?v=gXH4SxzxBJU https://www.youtube.com/watch?v=FFomgpEFKNs https://www.youtube.com/watch?v=mARIla1ftPM https://www.youtube.com/watch?v=GiF8BDE5Esg https://www.youtube.com/watch?v=kS7M32cLNW4 https://www.youtube.com/watch?v=5weifJ2r-gE https://www.youtube.com/watch?v=UuYLOXEuYkE https://www.youtube.com/watch?v=FgF-qnOaWoA https://www.youtube.com/watch?v=uoHe9hFYr3w https://www.youtube.com/watch?v=jG_cTt3n_To https://www.youtube.com/watch?v=bY4DEjtMAHI https://www.youtube.com/watch?v=aTPyY7eIuSk https://www.youtube.com/watch?v=sykwqNszyjk,found on https://villelacsergent.com/pages/la-ville/procès-verbaux-et-ordre-du-jour
ca:csd:2418065,Berthier-sur-Mer,Quebec,youtube,https://www.youtube.com/playlist?list=PL-QOj-Bx6vc8SmeI-qZhhbYzWZeOabiFu,playlist,no,qc_giant,https://www.youtube.com/playlist?list=PL-QOj-Bx6vc8SmeI-qZhhbYzWZeOabiFu https://youtu.be/w_yj-2SKau4 https://youtu.be/7lMy9QpCJDw https://youtu.be/xpAxT7N81Tw https://youtu.be/uF9NtmArRhM https://youtu.be/mgUqDQOXBnI https://www.youtube.com/watch?v=yUKn5t2Fm1o https://www.youtube.com/watch?v=mLPbGswPxBs https://www.youtube.com/watch?v=wrGPhSSVOms&t=151s https://www.youtube.com/watch?v=rPKGRf1QvM0&t=771s https://www.youtube.com/watch?v=wGFxdxBUNas&t=42s https://www.youtube.com/watch?v=S_3gbZ6u-LQ&t=14s https://www.youtube.com/watch?v=U87DJ0MpTD8&t=144s https://youtu.be/xZwmkqA5FAc https://youtu.be/XFWaDD8AXPU https://youtu.be/cPAtTtYBYQY https://youtu.be/DZ9NM7B7nZY?t=4203,found on https://berthiersurmer.ca/municipalite/conseil-municipal/
ca:csd:2471125,Très-Saint-Rédempteur,Quebec,youtube,https://youtube.com/shorts/Br-QKQtDj_k?si=2dlrvcsJaSj9CzbO&fbclid=IwZXh0bgNhZW0CMTAAYnJpZBExWHROa3p2UlhsMFY5ZmNZRXNydGMGYXBwX2lkEDIyMjAzOTE3ODgyMDA4OTIAAR7VyhHAy3Q_V1SsaAOfe2ro3UuN_1N2wPvBw9LDd0t5uRzMTlCmkZog6dVoDg_aem_tfKtIJ3_6Wzf4FKZZgAIhQ,single_video,no,qc_giant,https://youtube.com/shorts/Br-QKQtDj_k?si=2dlrvcsJaSj9CzbO&fbclid=IwZXh0bgNhZW0CMTAAYnJpZBExWHROa3p2UlhsMFY5ZmNZRXNydGMGYXBwX2lkEDIyMjAzOTE3ODgyMDA4OTIAAR7VyhHAy3Q_V1SsaAOfe2ro3UuN_1N2wPvBw9LDd0t5uRzMTlCmkZog6dVoDg_aem_tfKtIJ3_6Wzf4FKZZgAIhQ,
ca:csd:2450113,Pierreville,Quebec,youtube,https://www.youtube.com/watch?v=64tY_qJ26hU&list=PL-FsgjqRbdATOugD76TeXlKPCTDc8Xp1E&index=2&ab_channel=%C3%89quipedesant%C3%A9publiquedel%27Estrie,playlist,no,qc_giant,https://www.youtube.com/watch?v=64tY_qJ26hU&list=PL-FsgjqRbdATOugD76TeXlKPCTDc8Xp1E&index=2&ab_channel=%C3%89quipedesant%C3%A9publiquedel%27Estrie https://youtu.be/sRG3djOBjwE,
ca:csd:2450023,Saint-Wenceslas,Quebec,youtube,https://youtu.be/4MP_1-9TPcQ,single_video,no,qc_giant,https://youtu.be/4MP_1-9TPcQ https://youtu.be/19EmU_Xv48Y https://youtu.be/FLJnEZbtxgc https://youtu.be/L6DfYxlBIkg https://youtu.be/WunXJU1oP-4 https://youtu.be/O8m87dbO_j0 https://youtu.be/j0kOpZzQbsA https://youtu.be/wh6hOIUEzUs https://youtu.be/g7wgKZ4MpA4 https://youtu.be/8Qe03sYIWX4 https://youtu.be/i-iKQJ9CZro https://youtu.be/HzkvCFIkFKM,found on https://www.municipalitestwenceslas.com/fr/municipalite/conseil-municipal/seances-du-conseil
ca:csd:2419097,Saint-Charles-de-Bellechasse,Quebec,youtube,https://www.youtube.com/channel/UCCpSjRxepzS9hWzZAOtc_Lg,channel,no,qc_giant,https://www.youtube.com/channel/UCCpSjRxepzS9hWzZAOtc_Lg,found on https://www.saint-charles.ca/proces-verbaux/
ca:csd:2420030,Sainte-Pétronille,Quebec,youtube,https://youtu.be/KExhOi_Lq4Y,single_video,no,qc_giant,https://youtu.be/KExhOi_Lq4Y https://youtu.be/Nl1kS5nIf98 https://youtu.be/01XRq2RMCDk https://youtu.be/RfKyM1K6oDs https://www.youtube.com/watch?v=IFe1dBaZEfA https://www.youtube.com/watch?v=usLKaMiWxyA https://www.youtube.com/watch?v=ymvGHuME1WI https://www.youtube.com/watch?v=tLeCv9ujfDE https://www.youtube.com/watch?v=7-1zw8eoYxg https://www.youtube.com/watch?v=z_EbHKbYBwg https://www.youtube.com/watch?v=mReaN7rMrO4 https://youtu.be/cmgGfC7JGtw https://youtu.be/hqjZMtD8vi0 https://youtu.be/Co5CYKJUWkg https://youtu.be/tqQbsOVHDxI https://youtu.be/giVguu7S3Co https://youtu.be/Al7d54dm_X8 https://youtu.be/BLPjeg5y3y8 https://youtu.be/4rh7TmD47Yw https://youtu.be/RWwQy3adpbg https://youtu.be/Bn41IWDgCqk https://youtu.be/7SYz9V1sn_8 https://youtu.be/Qoc0riW_99A https://youtu.be/mltLkzgJl38 https://youtu.be/2Zp6mGlqgHE https://youtu.be/VFnsCDBi_sQ https://www.youtube.com/watch?v=UpBlT-_Q71I https://youtu.be/c9yQEJeexUU https://youtu.be/WGB2cVQi6DI https://youtu.be/kAoMKrtJ8gU https://youtu.be/B1m71nd_J_c https://www.youtube.com/watch?v=z4lSg-DVYlw https://youtu.be/9sM_1ekdu9o https://youtu.be/38T0ExQc5Ak https://youtu.be/0rkJx8_FwGg?si=JKLLgPnsUo8dNzQ_ https://youtu.be/14GOO2ul98I https://youtu.be/8y9jCKaPTOU https://youtu.be/KlhBp-BiM1A,found on https://stepetronille.com/seances-du-conseil/
ca:csd:2422020,Shannon,Quebec,youtube,https://www.youtube.com/watch?v=LqqDNNBdR7I,single_video,yes,qc_giant,https://www.youtube.com/watch?v=LqqDNNBdR7I https://www.youtube.com/watch?v=r-BcrUr7D7w https://www.youtube.com/embed/ https://www.youtube.com/watch?v=10oD5Czu73E https://www.youtube.com/watch?v=edcvrJhFgj4 https://www.youtube.com/watch?v=5MKK-qkjQPQ https://www.youtube.com/watch?v=FJBZdws6eTE https://www.youtube.com/watch?v=qDVX4mVq7G4 https://www.youtube.com/watch?v=DKj4zEDfV3M https://www.youtube.com/watch?v=CsaIdYhzico https://www.youtube.com/watch?v=2XrdQdo8ojE https://www.youtube.com/watch?v=-px_N3uUQe8 https://www.youtube.com/watch?v=Oif2AU16EjQ https://www.youtube.com/watch?v=MWPVOmSvdQI https://www.youtube.com/watch?v=z6D2-pEjdoo https://www.youtube.com/watch?v=Xwy6NSAn6c4 https://www.youtube.com/watch?v=OoUhPC9yUag https://www.youtube.com/watch?v=3sds3PCX_tg https://www.youtube.com/watch?v=cZnC9CsI6Hk https://www.youtube.com/watch?v=qla7erDIrQc https://www.youtube.com/watch?v=OMSwOP27N4c https://www.youtube.com/watch?v=yZgGFoFQRpU https://www.youtube.com/watch?v=P5l-5leEPo0 https://www.youtube.com/watch?v=MMlQLF7fEzk https://www.youtube.com/watch?v=BkSc4Nz72gs https://www.youtube.com/watch?v=N4tnFBqHOXw https://www.youtube.com/watch?v=bXBigvXFQzY https://www.youtube.com/watch?v=LtSbSi-WncQ https://www.youtube.com/watch?v=D_wT0ykt-4E https://www.youtube.com/watch?v=H5fWwrxl-4w https://www.youtube.com/watch?v=OMi0FK5MM5g https://www.youtube.com/watch?v=Z053GKNV6EI https://www.youtube.com/watch?v=1RnkhlD5ZLI https://www.youtube.com/watch?v=RGXqAm0b2Ak https://www.youtube.com/watch?v=U756H2iShGM https://www.youtube.com/watch?v=HIkL3vr7XOc https://www.youtube.com/watch?v=CEsl9K3vIqg https://www.youtube.com/watch?v=vil66o7zq14 https://www.youtube.com/watch?v=m_IVFm93Y9g https://www.youtube.com/watch?v=UKMv3Uc0Zmo https://www.youtube.com/watch?v=rJFFnfv6_QY https://www.youtube.com/watch?v=8p47uUdnlM0 https://www.youtube.com/watch?v=ja5Pn2CQ1-E https://www.youtube.com/watch?v=-Eq47N4N9zA https://www.youtube.com/watch?v=oyUEQ1SS-uA https://www.youtube.com/watch?v=vcA5XqavgTM https://www.youtube.com/watch?v=mhN3kGbaEj0 https://www.youtube.com/watch?v=8Fq147cZulY https://www.youtube.com/watch?v=WGa_Y9VVkZQ https://www.youtube.com/watch?v=G6hVt25UOM4 https://www.youtube.com/watch?v=MGjdV97lIXY https://www.youtube.com/watch?v=oAUhbH348Zo https://www.youtube.com/watch?v=V9u50E9qiNI https://www.youtube.com/watch?v=Y_EptvuWuOI https://www.youtube.com/watch?v=NH8oaZnd-CM https://www.youtube.com/watch?v=zncEmgKqLgE https://www.youtube.com/watch?v=lSuGIUKYj_E https://www.youtube.com/watch?v=e98C6sGHHvk https://www.youtube.com/watch?v=mBfq7DZ5ufI https://www.youtube.com/watch?v=RguiVq5e0TU https://www.youtube.com/watch?v=R1DOoMe2_1w https://www.youtube.com/watch?v=nIHvIHU4K8o https://www.youtube.com/watch?v=k-Vko-PpCAU https://www.youtube.com/watch?v=8x6KTDIJb24 https://www.youtube.com/watch?v=GdZK8UHsJBE https://www.youtube.com/watch?v=lYqTmL85muM https://www.youtube.com/watch?v=wroZ9VBuiBo https://www.youtube.com/watch?v=Hw2llVcRI8I https://www.youtube.com/watch?v=YuktwGEU2Ho https://www.youtube.com/watch?v=DQB0jBEjnAs https://www.youtube.com/watch?v=xrAtrY4k0mA https://www.youtube.com/watch?v=2KbvO6mf2Nc https://www.youtube.com/watch?v=VaLSZAXqp2U https://www.youtube.com/watch?v=VN5z5fPvhfg https://www.youtube.com/watch?v=vJM4TEeUox0 https://www.youtube.com/watch?v=V8QG3K5KqjQ https://www.youtube.com/watch?v=dquTk_sIjkg https://www.youtube.com/watch?v=4ew0-1YJ3Jg https://www.youtube.com/watch?v=QNHcDsRZv3s https://www.youtube.com/watch?v=m7BDi4Dghiw https://www.youtube.com/watch?v=q2ONikrqdao https://www.youtube.com/watch?v=viQdFCH39vA https://www.youtube.com/watch?v=EWqKPZ2Xxu4 https://www.youtube.com/watch?v=Pnohh7lwAx0,found on https://shannon.ca/services-municipaux/greffe/seances-municipales/
ca:csd:2483045,Blue Sea,Quebec,youtube,https://youtu.be/wyqTMYzFebs,single_video,no,qc_giant,https://youtu.be/wyqTMYzFebs https://youtu.be/1rQ2PfcUg9w https://youtu.be/ahcjcrK0Kso https://youtu.be/0Fk9YcR1ZMQ https://youtu.be/OjiEr5EMXeI https://youtu.be/bZ1_pEgAyMs https://youtu.be/QUKO8GoZTQ4 https://youtu.be/ZoKTmssPcDg https://youtu.be/fYXkMDkEUMg https://youtu.be/55kKKd0-gC4 https://youtu.be/SS67bZDbpYs https://youtu.be/cfO3GnOuZnQ https://youtu.be/UMy-acgpDNg https://youtu.be/oX12Zm74iI8 https://youtu.be/U0Wv6cC7DZQ https://youtu.be/0ZI0lUdD5O0 https://youtu.be/cyBfEkHq8lI https://youtu.be/9S6eT70UspU https://youtu.be/mrS_4VISrkI https://youtu.be/aZpC_HELs0Y https://youtu.be/VLbaCc5AiVI https://youtu.be/dgcQxpwvwWU https://youtu.be/lrz_gO7UKhk https://youtu.be/vCUysh_FZFU https://youtu.be/Xz4k4EhfR6g https://youtu.be/t0kaStRTyr0 https://youtu.be/ayYJGQfOg1M https://youtu.be/6edwt-A7a5Y https://youtu.be/A5cz2h-OG2Q https://youtu.be/ORkQg_MevVE,found on https://www.bluesea.ca/fr/municipalite/conseil-municipal/seances-du-conseil/
ca:csd:2483050,Bouchette,Quebec,youtube,https://youtu.be/QMBMTYb90n4,single_video,no,qc_giant,https://youtu.be/QMBMTYb90n4 https://youtu.be/UmQH06dgK7Y https://youtu.be/zTskBNR0H5A https://youtu.be/iZCZiq5SwvI https://www.youtube.com/watch?v=8aV0jJ60m_Q https://youtu.be/wPYfPJd6Ag4 https://youtu.be/cCtVwEnP7W8 https://youtu.be/iNC4sjuq6sA https://youtu.be/F7gvhoqU-4M https://youtu.be/hoHPkrKjPxc https://youtu.be/rEQ2nav5-5A https://youtu.be/Lt_dKZr0hC8 https://youtu.be/EsmNeHxmnNs https://youtu.be/wUYlthR-SqU https://youtu.be/jvI2jNgp2y0 https://youtu.be/55ImKDeUkjY https://youtu.be/dd_UfQlyBaI https://youtu.be/KePIxH0mFbE https://youtu.be/uRwLZ2JxDN4 https://youtu.be/38-DMMuA1r0,found on https://www.bouchette.ca/fr/conseil-municipal/proces-verbaux-et-ordres-du-jour/
ca:csd:2446065,Bolton-Ouest,Quebec,youtube,https://youtu.be/b_W1E5MvYnM,single_video,yes,qc_giant,https://youtu.be/b_W1E5MvYnM https://youtu.be/zMbQlH0nnEI https://youtu.be/yrezAg2AJ78 https://youtu.be/rBGkf3clzjU https://youtu.be/r5kcWGlWbpM https://youtu.be/Vq2f_wpVA-Q https://youtu.be/r7yZsLkjlDo https://youtu.be/cNl6xEB4vlo https://youtu.be/6O2QeY7MY20 https://youtu.be/O9PZKvi5NLI https://youtu.be/9R61cNkUZPk https://youtu.be/v3WVBzFZF5o https://youtu.be/oYCm6VKl7es https://youtu.be/92kM8f-26sg https://youtu.be/IKQBQuy4fnA https://youtu.be/6JJnhWTrb3g https://youtu.be/s5yuV8OyGwc https://youtu.be/KF---vtIBI4 https://youtu.be/6cpkKo7HJL4 https://youtu.be/YD59TBZJv_g https://youtu.be/R9mTNqundFY https://youtu.be/tvzi959kkBc https://youtu.be/j_6_OhJo89g https://www.youtube.com/watch?v=cFWGY1ZvZ8s https://youtu.be/8oWcJWTyskU,found on https://www.bolton-ouest.ca/fr/municipalite/vie-municipale/proces-verbaux/
ca:csd:2413055,Biencourt,Quebec,youtube,https://www.youtube.com/watch?v=uIBAcZTFwC0,single_video,no,qc_giant,https://www.youtube.com/watch?v=uIBAcZTFwC0,found on https://biencourt.ca/municipalite/conseil-municipal/elections
ca:csd:2483005,Denholm,Quebec,youtube,https://youtu.be/PPuR4uRZrQU,single_video,no,qc_giant,https://youtu.be/PPuR4uRZrQU https://youtu.be/-8GGsMHe9aU https://www.youtube.com/watch?v=ariWjn-yMHY https://youtu.be/yMxJ0WXphvk https://youtu.be/gdCYlc02Z0g https://youtu.be/RLIauMWuFIc https://youtu.be/jq0EYwr5bw8 https://www.youtube.com/watch?v=Y5QCUO2BErE https://www.youtube.com/watch?v=L0N49DDfDWc https://youtu.be/N1Qs5IR0u9M?feature=shared https://www.youtube.com/watch?v=9gXgI809kP4 https://www.youtube.com/watch?v=PagLii2B8qw https://youtu.be/bDCZvX4vhng https://youtu.be/rXCHFDCZRsE https://youtu.be/7bpb3VYDKKQ https://youtu.be/xmAC3X62gI8 https://youtu.be/f0euqHarc8A https://youtu.be/_gbRODI1NfA https://youtu.be/CrI3buZPd9E https://youtu.be/DJLB7l_AVgI https://www.youtube.com/watch?v=HpK2XrEHPKo,found on https://www.denholm.ca/fr/vie-municipale/conseil-municipal/proces-verbaux/
ca:csd:2407018,Causapscal,Quebec,youtube,https://www.youtube.com/watch?v=4Qz_WRGUuO0,single_video,no,qc_giant,https://www.youtube.com/watch?v=4Qz_WRGUuO0 https://www.youtube.com/watch?v=74s3AB7nzUI https://www.youtube.com/watch?v=WD6c4_kGmSg https://youtu.be/DgpKOOThulo https://youtu.be/9udMbUIUfrY https://www.youtube.com/watch?v=B2qsnN_cR3k https://www.youtube.com/watch?v=L8fhxsdG_pk https://www.youtube.com/watch?v=5IaF27ddtek https://www.youtube.com/watch?v=Cy06xxlgN5Y https://www.youtube.com/watch?v=IZlaR1TzfCQ https://www.youtube.com/watch?v=jAGzNgT48tc https://www.youtube.com/watch?v=JWomQgQ4TdQ https://www.youtube.com/watch?v=2hAJM-QMQ7w https://www.youtube.com/watch?v=jEcxcT7g19k https://www.youtube.com/watch?v=vmxvsLoGCCk https://www.youtube.com/watch?v=N7XsxNmMsUk https://www.youtube.com/watch?v=QfqyzOjMJhU https://youtu.be/RQcitjJtEb0 https://www.youtube.com/watch?v=_9CF_kstLn4 https://www.youtube.com/watch?v=SmRCJiPe6_c https://www.youtube.com/watch?v=nQ3S8FEz41E https://www.youtube.com/watch?v=pXk3_yT3JpA https://www.youtube.com/watch?v=fUAqVYzTNII https://www.youtube.com/watch?v=qEXSyiepoTM https://www.youtube.com/watch?v=p_5rFAtAYjE https://www.youtube.com/watch?v=5DI0IrIG77A https://www.youtube.com/watch?v=LCyRaBJZkVo https://www.youtube.com/watch?v=F_3To5E4Fco,found on https://www.causapscal.net/municipalite/vie-municipale/seance-du-conseil.html
ca:csd:2459030,Calixa-Lavallée,Quebec,youtube,https://youtu.be/9klf_9TfPNo?si=GBzywdR_sdwVEonR,single_video,no,qc_giant,https://youtu.be/9klf_9TfPNo?si=GBzywdR_sdwVEonR https://youtu.be/K-T-x_4UEOI?si=ZtIK0NFvpxTd9-Fm https://youtu.be/ztM4fFNnENQ?si=6ovf-dqpi3w1-52z https://youtu.be/vEj1OqHd9Ss?si=ZNM9tTz9a3XKQcn6 https://youtu.be/E6lpWnlGDA8?si=15feYn_2DFKVHc91 https://www.youtube.com/watch?v=Qy5aY2WvUWc,found on https://calixa-lavallee.ca/municipalite/vie-democratique/seances-du-conseil/
ca:csd:2473015,Blainville,Quebec,youtube,https://youtube.com/playlist?list=PLr6-obLTyy9i8vvrw2IwFwcykfLvRMtVu,playlist,no,qc_giant,https://www.youtube.com/watch?v=TL9FsbynkTg https://youtube.com/playlist?list=PLr6-obLTyy9i8vvrw2IwFwcykfLvRMtVu https://www.youtube.com/watch?v=AltUQGxZ2FI https://www.youtube.com/watch?v=E48mm5AeOnQ https://www.youtube.com/watch?v=_t8GJeX1i4Y,found on https://blainville.ca/ville/portrait-de-blainville/seances-du-conseil-municipal
ca:csd:2482025,Chelsea,Quebec,youtube,https://youtu.be/aZ6x0enV8n4,single_video,no,qc_giant,https://youtu.be/aZ6x0enV8n4 https://youtu.be/9YNaHCOrog0 https://youtu.be/hR0lA8OEwWA https://youtu.be/oCVEIdxUNlU https://youtu.be/yJowOKJj7OA https://youtu.be/Yp3E9oXWNpo https://youtu.be/oVZPb_JYxD8 https://youtu.be/m5jdY6T5aMk https://youtu.be/2s05MXhSnNs https://youtu.be/1ZYQOP389Vw https://youtu.be/Uv4AS8upzxQ https://www.youtube.com/watch?v=VJkXkbAMO_U https://www.youtube.com/watch?v=pTIXm34_d7o https://www.youtube.com/watch?v=tltPwjHj3eo https://www.youtube.com/watch?v=PPnOOu_-_k8 https://www.youtube.com/watch?v=Q80pHWPS5sI https://youtu.be/UBRPT023PSg https://www.youtube.com/watch?v=9GLpJtrQ7i4&t=38s https://youtu.be/RVKgLDPEP2s https://www.youtube.com/watch?v=f1hIE6h35Sg https://www.youtube.com/watch?v=laKaYHKboiA https://youtu.be/RzTr70hJGDE https://youtu.be/yzXTepxs9Po https://youtu.be/iFp3-TY6zSk https://youtu.be/NUK3br0Kz70 https://youtu.be/XxQSKCOs9VA https://youtu.be/Shq-PJLYuIk https://youtu.be/eM77K8M5Zqc https://www.youtube.com/watch?v=YWXQLfeLY0g https://www.youtube.com/watch?v=gZ0aUGgRzqE&feature=youtu.be https://www.youtube.com/watch?v=5f_vT2CJsvc https://youtu.be/bXHOWCkZlY0 https://www.youtube.com/watch?v=n-ZqmDzfEeo&t=5025s https://www.youtube.com/watch?v=_Z8PqVAW-48 https://www.youtube.com/watch?v=AOEK418DElY https://www.youtube.com/watch?v=xad-n8oLiJg https://www.youtube.com/watch?v=WtLoKlf4mf8 https://youtu.be/9QpdItaE5nA https://www.youtube.com/watch?v=mUWOyihMQnQ https://www.youtube.com/watch?v=aA9pmtCqV08 https://www.youtube.com/watch?v=M50G7Ren7Ek https://youtu.be/StOdmwSAjbU https://www.youtube.com/watch?v=4h5xmvd_QVQ https://youtu.be/FQTzsKtIwtE https://www.youtube.com/watch?v=OJdsvmRt4TU https://www.youtube.com/watch?v=U8WffjUMpt0 https://www.youtube.com/watch?v=Ze5hnFuW_tg,found on https://www.chelsea.ca/fr/votre-municipalite/seances-du-conseil
ca:csd:2431122,East Broughton,Quebec,youtube,https://www.youtube.com/watch?v=ULQ-jtwjbbY&list=TLPQMjAxMjIwMjL2WMSK3u0kpA&index=1,playlist,no,qc_giant,https://www.youtube.com/watch?v=CTzeWASJ5fM https://www.youtube.com/watch?v=B-PYI7du_lI&t=3180s https://www.youtube.com/watch?v=N2npCtPiRqM&t=9s https://www.youtube.com/watch?v=Wy2OD5Sxrg0&t=1s https://www.youtube.com/watch?v=uwxV8GTRGkc https://www.youtube.com/watch?v=KrPGfuCkVCI https://www.youtube.com/watch?v=2v1sM59sc5c https://www.youtube.com/watch?v=BVTO0mjHpWI https://www.youtube.com/watch?v=I2BzH5ZLaw0 https://www.youtube.com/watch?v=KLeKl2UcDx4 https://youtu.be/I_yb7xlsyoo https://youtu.be/r-Yga0XoMnU https://youtu.be/N5ZpuSswiS4 https://youtu.be/taSFfXQydW4 https://youtu.be/CW6vxYz2iDw https://www.youtube.com/watch?v=EmliYduvuv4 https://youtu.be/AUw8zXAwDoU?si=75roJxF-vW6Oe78Q https://youtu.be/qmXokZq2LBQ https://youtu.be/LIlo3z9YVMM https://youtu.be/NP3dX3CCAaU https://youtu.be/pISNzcuIR18 https://youtu.be/yzougX6B0m4 https://youtu.be/kcIX696cLIY https://youtu.be/hlT5Zsw62Kg https://youtu.be/ZJjlWEn186w https://youtu.be/Z_vaV9KfXc4 https://youtu.be/0sstBphZRaE https://www.youtube.com/watch?v=lK3d4v36XEU https://youtu.be/KaLK9U65v_g https://youtu.be/dey06TRTXco https://youtu.be/uUdc_ixSwfk https://youtu.be/RHckpD_Wx8o https://youtu.be/wpl9wuq3Gmg https://www.youtube.com/watch?v=owrn2Pq-jdA https://www.youtube.com/watch?v=jyxA1p7owO4 https://www.youtube.com/watch?v=ULQ-jtwjbbY&list=TLPQMjAxMjIwMjL2WMSK3u0kpA&index=1 https://youtu.be/C-m8YzGjfVo https://www.youtube.com/watch?v=pt47CBPCiy0&t=6s https://youtu.be/47EB6m2jxi4 https://youtu.be/XZCLRgqWy1I https://www.youtube.com/watch?v=V6G8sI-NQjY https://youtu.be/CfuM_lJWDZM https://youtu.be/OYvy1zdrrjY https://youtu.be/SO5Y4v17IFw https://youtu.be/SuavvDaJ5Us https://youtu.be/dVfP4FXTU7k https://youtu.be/3IQUqEGCd9g https://youtu.be/43r_JO0Dat4 https://youtu.be/NUdciC6d984 https://youtu.be/WKaD9LqyM8A https://youtu.be/VB6qgo6bfVw https://youtu.be/_WJhTmfM3kE https://youtu.be/8OKApmCye5U https://www.youtube.com/watch?v=tsOpKDTRqO8 https://youtu.be/yfNm3IVocSg https://youtu.be/Y12c3f9QLPg https://youtu.be/hzcvAv6-_Kw https://youtu.be/t4DgaY0pvAg https://youtu.be/kYtxELTvUpE https://youtu.be/VgNyID9h5v4 https://youtu.be/98VAXL9YW4s https://youtu.be/qVB9PWNMBJ0 https://youtu.be/qRVorfMq9Pk https://youtu.be/TEmy0W8MacE https://youtu.be/599bvW9IDZA https://youtu.be/bu8flqwkyqI https://www.youtube.com/watch?v=kAT-C1Y5q9M&feature=youtu.be https://www.youtube.com/watch?v=AQT1RhDgoCY&feature=youtu.be https://www.youtube.com/watch?v=xQrx0MY4ou8&feature=youtu.be https://www.youtube.com/watch?v=EwWWMruLsoo&feature=youtu.be https://www.youtube.com/watch?v=9Qcd7GjaV8A&feature=youtu.be https://www.youtube.com/watch?v=-rNQ1kPPD-w&feature=youtu.be https://www.youtube.com/watch?v=Cd_UdyrpyGU&feature=youtu.be https://www.youtube.com/watch?v=ueZcqTFNWog,found on https://www.municipaliteeastbroughton.com/fr/municipalite/conseil-municipal/proces-verbaux/
ca:csd:2434058,Deschambault-Grondines,Quebec,youtube,https://youtu.be/g1sCy98_12M,single_video,no,qc_giant,https://youtu.be/g1sCy98_12M https://www.youtube.com/watch?v=Pqxd7ZYOXoc,"found on https://deschambault-grondines.com/: under heading ""Prochainementà Deschambault-Grondines""; page ""Municipalité de Deschambault-Grondines - Site officiel""; nearby: ""Actualités OFFRE D'EMPLOI 4 septembre 2026 Nous recherchons un(e) technicien(ne) en comptabilité.Tous les détails ici Lancement Pic 14 septembre 2026 NOUVEAU | Le Programme d'initiative citoyenne (PIC"""
ca:csd:2446112,Farnham,Quebec,youtube,https://www.youtube.com/@seancesduconseil-villedefa9552,channel,no,qc_giant,https://www.youtube.com/watch?v=XlYFpN7H3lA https://www.youtube.com/@seancesduconseil-villedefa9552,found on https://ville.farnham.qc.ca/ville/democratie/seances-du-conseil/
ca:csd:2409060,Grand-Métis,Quebec,youtube,https://www.youtube.com/watch?v=BwvIfEDvPjw,single_video,no,qc_giant,https://www.youtube.com/watch?v=BwvIfEDvPjw https://www.youtube.com/watch?v=NVWB-GZX1MI https://www.youtube.com/watch?v=Zm02o5BY_Uk https://www.youtube.com/watch?v=Yjw-uUgxFwA https://www.youtube.com/watch?v=tl2ZDGC5hHY https://www.youtube.com/watch?v=ixine9CaAJE https://www.youtube.com/watch?v=XYegjnGxFg0 https://www.youtube.com/watch?v=zpRVMlb5uwE https://www.youtube.com/watch?v=mUPGLo7bs1s,found on https://grandmetis.ca/seances/index.php
ca:csd:2483032,Gracefield,Quebec,youtube,https://www.youtube.com/watch?v=EJVP40wc6oo,single_video,no,qc_giant,https://www.youtube.com/watch?v=EJVP40wc6oo https://www.youtube.com/watch?v=qCNhl0vKjoU https://www.youtube.com/watch?v=879P69zyNFs https://www.youtube.com/watch?v=ax6qNFLKhJE https://www.youtube.com/watch?v=-JBX4R_JPjs https://www.youtube.com/watch?v=Nn664U1lkpk https://www.youtube.com/watch?v=F40v-HAYpJM https://www.youtube.com/watch?v=aDqRBeiRxCM https://www.youtube.com/watch?v=rk-Ag3iVYgQ https://www.youtube.com/watch?v=36A-nsKlJnk https://www.youtube.com/watch?v=NkSAQ_O6oVw https://www.youtube.com/watch?v=IMWZEY-UBcg https://www.youtube.com/watch?v=kuFgYrdio7k https://www.youtube.com/watch?v=QyOEdN23fUg https://www.youtube.com/watch?v=seWJ2ULMzLE https://www.youtube.com/watch?v=gStcnELrGqw https://www.youtube.com/watch?v=YlO27aqIsbA https://www.youtube.com/watch?v=yAAhUfrAhio https://www.youtube.com/watch?v=7kyscQV0Bag https://www.youtube.com/watch?v=9r8czO42umQ https://www.youtube.com/watch?v=gaEqODDTYd4 https://www.youtube.com/watch?v=gUocm1mZH6Y https://www.youtube.com/watch?v=sQsJkwlrYsU https://www.youtube.com/watch?v=YPrxXeUo8K4 https://www.youtube.com/watch?v=_do1J7jX2Ew,found on https://www.gracefield.ca/fr/hotel-de-ville/le-conseil/proces-verbaux/
ca:csd:2495045,Forestville,Quebec,youtube,https://www.youtube.com/watch?v=JVBygy1u8AE,single_video,no,qc_giant,https://www.youtube.com/watch?v=JVBygy1u8AE https://www.youtube.com/watch?v=pIOuQ8HDFpM https://www.youtube.com/watch?v=jr9uI2hHewU https://www.youtube.com/watch?v=2XxtDGONlv8 https://www.youtube.com/watch?v=oL00vdifluw https://www.youtube.com/watch?v=NB8X3j6Sh_g https://www.youtube.com/watch?v=E_Vh52JyeJY https://www.youtube.com/watch?v=CAZ3X8ibbCQ https://www.youtube.com/watch?v=t5G0xldirXs https://www.youtube.com/watch?v=Ha7HfodfFdI https://www.youtube.com/watch?v=bN2NauMPhp4 https://www.youtube.com/watch?v=qOZ58gOxa1Y https://www.youtube.com/watch?v=nJC9lGFEffE https://www.youtube.com/watch?v=rPnSq_fNtWY https://www.youtube.com/watch?v=20nSVZG_rww https://www.youtube.com/watch?v=cdOF250AsPs https://www.youtube.com/watch?v=RbK7lPQDfOY https://www.youtube.com/watch?v=89RGzWe-SH0 https://www.youtube.com/watch?v=tmvhEB0fgyw https://www.youtube.com/watch?v=IHvuEoknDzA https://www.youtube.com/watch?v=8KjTO53mETo https://www.youtube.com/watch?v=I5YToQKJUOo&feature=youtu.be&fbclid=IwAR0HfMZ6Nkco11hVRwELvdHinAG0F67M5cdUWXukH5pKxiRcM4JbUuAXgCQ https://www.youtube.com/watch?v=TWAhfwzhgaw https://www.youtube.com/watch?v=JuiKXsXVhy0 https://www.youtube.com/watch?v=z144RLLNUdc https://www.youtube.com/watch?v=HUaNYVtzUpc https://www.youtube.com/watch?v=h-u8DctGpuo&feature=share&fbclid=IwAR0RpPyctaSjhwd3U7n-g8SEWLtj7PNq3w0TLyPfz-qN6BLpN9TRegu78VI https://www.youtube.com/watch?v=Q_XqJaUQvaI&feature=share&fbclid=IwAR2bOSsWq0PnuMak7t97PRbOxJIrgkGHmwGIRVWu-NWU7KUOvtd7pfT8o1Y https://www.youtube.com/watch?v=JrUCLMYi7Xk&feature=share&fbclid=IwAR2ayu1hXTK0lnjsyPAr-_XD2T-CNBhFVu459Dlsc6Kg79OO5SbCFumipns https://www.youtube.com/watch?v=4qt5Zz2rnG8 https://www.youtube.com/watch?v=KFToUWzQFLc https://www.youtube.com/watch?v=5tB7qqPxWic https://www.youtube.com/watch?v=FCFGiIRBrYE https://www.youtube.com/watch?v=WM2MSe-VEbA https://www.youtube.com/watch?v=ozCrB-pGTRI&feature=share https://www.youtube.com/watch?v=7P25IDHJjFY&feature=share https://www.youtube.com/watch?v=m1W4zkgnR8M https://www.youtube.com/watch?v=kkZd7bEUx4Q&feature=share https://www.youtube.com/watch?v=36Pahf8nnkw&feature=youtu.be&fbclid=IwAR2pFUrLluOosZKZpxPJ66hPe1-mor_hvGsZyiLiobdMknVWg4CRxzFJsA4 https://www.youtube.com/watch?v=CmCo2aC_YHg&feature=share&fbclid=IwAR2byCzNMAK-UWQriPf06ja-CyghgbL_HtkMhxaUMwayZUolMCMJzxtrWSQ,found on https://ville.forestville.ca/diffusion-des-seance/
ca:csd:2438010,Bécancour,Quebec,youtube,https://www.youtube.com/channel/UCiRXd4_ahFbl0E5lFwh905A,channel,no,qc_giant,https://www.youtube.com/channel/UCiRXd4_ahFbl0E5lFwh905A https://youtu.be/VZOza6DQxNM https://youtu.be/7tx4DiSzCgM https://youtu.be/wCquVy7dl3Q https://youtu.be/l9PZi6w3lTM https://youtu.be/gdNHpvQNg8s https://youtu.be/isn_2Lyj9M8 https://youtu.be/qgyf-JxwWVI https://youtu.be/vruenMG-6BU https://youtu.be/MKOPggowxIQ https://youtu.be/itL92dvyO9w https://youtu.be/CaiX1kNgR-Y https://youtu.be/IoLz_WUzirc https://youtu.be/rIkoMh9j02Y https://youtu.be/nBLp-kperSI https://youtu.be/Nk_3_IAjhIk https://youtu.be/XSf6oJExYaA?si=DgoDOe6pF8JLA-6k https://youtu.be/kuvIesrVaRI?si=4ckWz2FvzDY-mNVZ https://youtu.be/6Nv7rYUn7gA,"found on https://becancour.net/: ""YOUTUBE"" under heading ""Info-travaux""; page ""Ville de Bécancour - Services aux citoyens, loisirs et affaires""; nearby: ""Hôtel de ville 1295, av. Nicolas-Perrot, Bécancour, Québec G9H 1A1 Canada Téléphone : 819-294-6500 Télécopieur : 819-294-6535 [email protected] FACEBOOK YOUTUBE"""
ca:csd:2476065,Harrington,Quebec,youtube,https://www.youtube.com/watch?v=dx-YBzNtnKw,single_video,no,qc_giant,https://www.youtube.com/watch?v=dx-YBzNtnKw https://youtu.be/ZGHN6_491DE https://youtu.be/RVt_HY81g3w https://youtu.be/lZv_8VHT_pk https://youtu.be/cBeo-hzwwP8 https://www.youtube.com/watch?v=rvfHj81KWcg https://www.youtube.com/watch?v=MqfccMxN5DI https://www.youtube.com/watch?v=ZFWXdFNc2iI https://youtu.be/Vs82Lq24UPo https://youtu.be/GrX8y3_m3dQ https://youtu.be/GFsuIXlEIUs https://youtu.be/MOldzaCHjfg https://youtu.be/QtFbJJ7v2e4 https://youtu.be/GZEsVokoPl8?si=Ownc_7iO02BkxGFM https://youtu.be/bS7GSzm_sx0?si=jyO5exw9xrIMb7UZ https://youtu.be/H0_twmN4E7U?si=cGK2uZySq4I72gzY https://www.youtube.com/watch?v=VlSwAo2t5uU https://www.youtube.com/watch?v=ttCQ_VtLnUg https://www.youtube.com/watch?v=FMMaYv09SEQ https://youtu.be/LPNUcwARBw4,found on https://harrington.ca/municipalite/seances-du-conseil/
ca:csd:2461025,Joliette,Quebec,youtube,https://www.youtube.com/@villedejoliette1539,channel,no,qc_giant,https://www.youtube.com/@villedejoliette1539 https://www.youtube.com/channel/UCLjiZDTS2KBfeHQ5nntCh5w https://www.youtube.com/watch?v=yEj39fFxPIs https://youtu.be/MX3AzwLmhsY?si=i-I4NmdGazNd1j6F https://youtu.be/OrqAIokS5GY?si=9X4AT-R4l2PrpouV https://youtu.be/hfy0Ch5f1ZA?si=tbVlvEE-VE66BoEm https://youtu.be/pfwHcKWzKXw?si=5LYK70S9WGclQmfC,"found on https://www.joliette.ca/: ""YouTube"" under heading ""Tourisme""; page ""Ville de Joliette""; nearby: ""Hôtel de ville de Joliette 450 753-8000 614, boulevard Manseau, Joliette (Québec) J6E 3E4 Politique de confidentialité Témoins de navigation © Ville de Joliette, 2026 Blanko"""
ca:csd:2492055,Girardville,Quebec,youtube,https://www.youtube.com/watch?v=wXTcy2Uy4cw,single_video,no,qc_giant,https://www.youtube.com/watch?v=wXTcy2Uy4cw https://www.youtube.com/watch?v=Qaa7E3TSy6s https://www.youtube.com/watch?v=nZ9S0jdTe2w https://www.youtube.com/watch?v=4fqeSWNfVgY https://www.youtube.com/watch?v=q31Ea30zKdU https://www.youtube.com/watch?v=9Ak8aoT7ACg https://www.youtube.com/watch?v=fYapD64jdcM,found on https://villegirardville.ca/activites-et-tourisme/photos-videos/
ca:csd:2402015,Grande-Rivière,Quebec,youtube,https://www.youtube.com/watch?v=4afMk0zGXvM&list=PL7FU1kpzGOhaRpQ_bULlzqAZpN7DRO2QX&index=2,playlist,no,qc_giant,https://www.youtube.com/watch?v=4afMk0zGXvM&list=PL7FU1kpzGOhaRpQ_bULlzqAZpN7DRO2QX&index=2 https://www.youtube.com/watch?v=rDUHDEaCtCg https://www.youtube.com/watch?v=rbFx-GaLpoU https://www.youtube.com/watch?v=CDBRp21h5LM&list=PL7FU1kpzGOhaRpQ_bULlzqAZpN7DRO2QX&index=7 https://www.youtube.com/watch?v=XPRapczjYak https://www.youtube.com/watch?v=KRXVG6CgLRA https://youtu.be/ILhyEXn2uR8?si=yEEhRmbgzJtVGfC8 https://www.youtube.com/live/pcP5ZKTwFgs?si=ji95YNfy7_p--o9V https://youtu.be/_1MMQA9jtcE?si=vL89dhQlDZXEZT83 https://youtu.be/Llk_V04f6y8?si=deRGMXR1aEuhOcvz https://youtu.be/OYNdQ_fM_Lo?si=mJZ_m81Q0weg7ysR https://www.youtube.com/live/o2UYRAkQg28?si=e01-pm2MrGc3kO7F https://youtu.be/-1vZadPHt5Y?si=BpliuG4CvmWo4vT_ https://youtu.be/C_rVk2rBc4Q?si=X8vVuN6F1RlM9iaa https://youtu.be/hlECgVtS_XE?si=UEiZ_Ygl40JLUd4a https://youtu.be/CdqDj7-2sc4?si=3X2BS_oTdtBZ7YqT https://youtu.be/iFRoQHNPr8I?si=y1rToVGMcp7M6yTt https://youtu.be/hHAE1JAruWM?si=gSaReE53ZtnRr6mW https://youtu.be/d8fQlULxEk0?si=bBdelaneKJS6SusM https://youtu.be/N_VNdLJ1NLs?si=-jDL5MEFUArqlL6- https://youtu.be/h90ZNngNwRQ?si=cc70f4xCm7C3uQDH https://www.youtube.com/watch?v=gTSYT6VbS_w,found on https://villegranderiviere.ca/municipalite/vie-democratique/proces-verbaux-ordre-du-jour-des-seances/
ca:csd:2469055,Huntingdon,Quebec,youtube,https://www.youtube.com/watch?v=4AGrgfkH6Pc&ab_channel=VilledeHuntingdonHUNTINGDON,single_video,no,qc_giant,https://www.youtube.com/watch?v=4AGrgfkH6Pc&ab_channel=VilledeHuntingdonHUNTINGDON https://www.youtube.com/watch?v=HC4HrbYZOtM,found on https://villehuntingdon.com/en/meeting-schedule-minutes/
ca:csd:2477055,Lac-des-Seize-Îles,Quebec,youtube,https://youtu.be/zzn6fDNlC10,single_video,no,qc_giant,https://youtu.be/zzn6fDNlC10 https://youtu.be/yx76YnR8BL0 https://youtu.be/4BTZSzS71iU https://youtu.be/71sX7WOgZK0 https://www.youtube.com/watch?v=n3KOYKqwJtk https://www.youtube.com/watch?v=iV6wBgmHoIw&t=8s https://www.youtube.com/watch?v=Z4_rE9wjgps&t=12s https://www.youtube.com/watch?v=lJxka7-XJUg&t=11s https://www.youtube.com/watch?v=f0jptPDLQNc https://www.youtube.com/watch?v=WG8uCRGSdbw https://www.youtube.com/watch?v=lCmQ2VUW5zY&t=4s https://www.youtube.com/watch?v=xMN4PCEMUtE https://www.youtube.com/watch?v=m--eB3GNyL8,found on https://www.lac-des-seize-iles.com/fr/municipalite/conseil-municipal/proces-verbaux-et-ordres-du-jour/
ca:csd:2460037,L'Épiphanie,Quebec,youtube,https://youtu.be/XdQR1RiR6B4?si=Y2zlSs7AAtoII65G,single_video,no,qc_giant,https://youtu.be/XdQR1RiR6B4?si=Y2zlSs7AAtoII65G,found on https://lepiphanie.ca/communiques/287
ca:csd:2469010,Franklin,Quebec,youtube,https://www.youtube.com/watch?v=dFgD3u9Mv9k,single_video,no,qc_giant,https://www.youtube.com/watch?v=dFgD3u9Mv9k https://www.youtube.com/watch?v=oU56wU2CaOk https://www.youtube.com/watch?v=QbxBb1Uybo8,found on https://municipalitedefranklin.ca/en/council-meetings/
ca:csd:2480095,Lac-Simon,Quebec,youtube,http://www.youtube.com/@municipalitelac-simon5277,channel,no,qc_giant,http://www.youtube.com/@municipalitelac-simon5277 https://www.youtube.com/watch?v=uyufReTlXRQ&t=1254s https://www.youtube.com/watch?v=mq2rezbztRY https://www.youtube.com/watch?v=-BSVDpqhbp0 https://www.youtube.com/watch?v=BY_JdRY4pVo https://www.youtube.com/watch?v=QI7xUJPPcHA&t=2285s https://www.youtube.com/watch?v=8Mi8DCYrEHI&t=10s https://www.youtube.com/watch?v=wyj6j1VClYQ https://www.youtube.com/watch?v=lbvq-uANm0s https://www.youtube.com/watch?v=2wzy4UQInCY https://www.youtube.com/watch?v=ahIyzANajKE https://www.youtube.com/watch?v=ov81eackXWs https://www.youtube.com/watch?v=yoLVPkDwj0s https://www.youtube.com/watch?v=1YvF-_6PdKA&t=3812s https://www.youtube.com/watch?v=Jsmh7dyuifs https://www.youtube.com/watch?v=lAEo9grsZRU https://www.youtube.com/watch?v=cWQ3LRE7CYo https://www.youtube.com/watch?v=7aKP2AmCO3I&t=5206s https://www.youtube.com/watch?v=CHTw5diM6zw https://www.youtube.com/watch?v=5xoDPBRvnSQ&t=2430s https://www.youtube.com/watch?v=mr2mdTIJ6zI&t=6625s https://www.youtube.com/watch?v=211lkqRKvwM https://www.youtube.com/watch?v=xgrLHBueY80 https://www.youtube.com/watch?v=RFA8Dat_4m0 https://www.youtube.com/watch?v=Px9apu3gcmw&t=843s https://www.youtube.com/watch?v=tlpohfzDxmQ https://www.youtube.com/watch?v=4PMOBte4I8o https://www.youtube.com/watch?v=QTMoJvb-SdI https://www.youtube.com/watch?v=oIxj6JBwt3o https://www.youtube.com/watch?v=APLsMpow87o https://www.youtube.com/watch?v=aZE_w44tOpc&t=859s https://youtu.be/0WGUgyApxwA https://youtu.be/IE0Cc4Mdcrc https://youtu.be/u-bPe8rtigc https://youtu.be/E5U9qma1J7E https://youtu.be/MCn_IorEgoY https://youtu.be/msWMxyz70r0 https://youtu.be/-QtsBWT8bXc https://youtu.be/6cstLvKUfX4 https://youtu.be/mhJiYWH_5ys https://youtu.be/hijsxbMpc4k https://youtu.be/RVaHy_FdgqU https://youtu.be/6xwn2ugAbgk https://youtu.be/9_lKcBNHar8 https://youtu.be/1XHT65-5yW4 https://youtu.be/N1yWn7L_HLc https://youtu.be/aPmcVobTgsM https://youtu.be/VCHij13j3Kw https://youtu.be/02yxMjfDDvM https://youtu.be/dvmojw-lWSk https://youtu.be/hlZLNeZhqOs https://www.youtube.com/watch?v=PlDay-5S7vU https://youtu.be/uh-288GwWy4 https://youtu.be/stA1q7nu-TQ https://youtu.be/EdAPJtJ5Ijc https://youtu.be/Zz8dBrt-Flo https://youtu.be/Vh_VFRiuXmE https://youtu.be/JA4G5l-1_YQ https://youtu.be/hNlJ85MQl-M https://youtu.be/tspWFQxTl80 https://youtu.be/9rJAYvikBXs https://youtu.be/vo4Ph_D4oQU https://youtu.be/p2Mu7EYOrE0 https://youtu.be/APireWBV0rw https://youtu.be/XXuRdkO0iuM https://youtu.be/3963lB2BDeQ https://youtu.be/fmyRmDCkTBI https://youtu.be/TJI-OsmjLQI https://youtu.be/A_B2v4-Ha6Q https://youtu.be/H3Tq1-wYopQ https://youtu.be/it7m49z5j64 https://youtu.be/wdN-40GYJ4o https://youtu.be/MLMfpvXDhxM https://youtu.be/j1bz-EynHmY https://youtu.be/AUa8-BtXwBo https://youtu.be/SxoYMEQKxkg https://youtu.be/w60vRB9_Hyg https://youtu.be/xyICSDI3-Tk https://youtu.be/I24ucioHt50 https://youtu.be/cGdnVUD2qxs https://youtu.be/g6Oxt-K5n7c https://youtu.be/NKIhw3Re15E https://youtu.be/jWfuegA1YGw https://youtu.be/HQsyfyVa5OY https://youtu.be/2Sos5yHy-Rk https://youtu.be/bzoUqf9RJfU https://youtu.be/hbxJ0wG416A https://youtu.be/TdTcWg3AsoE https://youtu.be/0GoZ5_pKNYA https://youtu.be/nukoKYgEKsg https://youtu.be/bJa_LAAH8tE https://youtu.be/mSsH0g2pZlY https://youtu.be/XM2LoJMky0M https://youtu.be/fmkRIh8VXKE https://youtu.be/Nj3-jdpXbIY https://youtu.be/EMlOyZpwEC0 https://youtu.be/zrUIhMZbwE0 https://youtu.be/bA3Jvw2unhs https://youtu.be/xiVE0hX9bfY https://youtu.be/W0QA67zOXy0 https://www.youtube.com/watch?v=3WsxKXwqJYM&list=UULFywFX_P-XCSVA0-KeIDp9aA&index=68 https://www.youtube.com/watch?v=txTysjEs12c&list=UULFywFX_P-XCSVA0-KeIDp9aA&index=69 https://www.youtube.com/watch?v=2FGfhqEb7Fk&list=UULFywFX_P-XCSVA0-KeIDp9aA&index=70 https://www.youtube.com/watch?v=Cw_z6S0pogA&list=UULFywFX_P-XCSVA0-KeIDp9aA&index=71 https://www.youtube.com/watch?v=xlcavFo5sMY&list=UULFywFX_P-XCSVA0-KeIDp9aA&index=72 https://www.youtube.com/watch?v=d10Rfd2yk1Q&list=UULFywFX_P-XCSVA0-KeIDp9aA&index=73 https://www.youtube.com/watch?v=aQNjRWgEjuQ&t=393s https://www.youtube.com/watch?v=aQNjRWgEjuQ&list=UULFywFX_P-XCSVA0-KeIDp9aA&index=74 https://www.youtube.com/watch?v=4TPIdWDVWlQ&list=UULFywFX_P-XCSVA0-KeIDp9aA&index=75 https://www.youtube.com/watch?v=YABitJvFIpE&list=UULFywFX_P-XCSVA0-KeIDp9aA&index=77 https://www.youtube.com/watch?v=hMe8BcPQMT8&list=UULFywFX_P-XCSVA0-KeIDp9aA&index=78 https://www.youtube.com/watch?v=PO6iZ9qYl04&list=UULFywFX_P-XCSVA0-KeIDp9aA&index=79 https://www.youtube.com/watch?v=5iEw9Qj2yLo&list=UULFywFX_P-XCSVA0-KeIDp9aA&index=80 https://www.youtube.com/watch?v=Axg7c-OjU_8&list=UULFywFX_P-XCSVA0-KeIDp9aA&index=81 https://www.youtube.com/watch?v=Ictur0m2q2w&list=UULFywFX_P-XCSVA0-KeIDp9aA&index=82 https://www.youtube.com/watch?v=wtZlwAkstS0&list=UULFywFX_P-XCSVA0-KeIDp9aA&index=83 https://www.youtube.com/watch?v=0aJGS6YFwtE&list=UULFywFX_P-XCSVA0-KeIDp9aA&index=84 https://www.youtube.com/watch?v=tU2Yq0SNYAg&list=UULFywFX_P-XCSVA0-KeIDp9aA&index=95 https://www.youtube.com/watch?v=Q52mkJ6SAog&list=UULFywFX_P-XCSVA0-KeIDp9aA&index=96 https://www.youtube.com/watch?v=xMFZ9pIPCO4&list=UULFywFX_P-XCSVA0-KeIDp9aA&index=97 https://www.youtube.com/watch?v=xsQofT92EKM&list=UULFywFX_P-XCSVA0-KeIDp9aA&index=98 https://www.youtube.com/watch?v=-Xtc1uPQdIk&list=UULFywFX_P-XCSVA0-KeIDp9aA&index=100 https://www.youtube.com/watch?v=FgaLEnzoCBQ&list=UULFywFX_P-XCSVA0-KeIDp9aA&index=101 https://www.youtube.com/watch?v=_Iz3JDLf4PQ&list=UULFywFX_P-XCSVA0-KeIDp9aA&index=102 https://www.youtube.com/watch?v=WT5u5K4hXKw&list=UULFywFX_P-XCSVA0-KeIDp9aA&index=103 https://www.youtube.com/watch?v=HAmBxaN4U-4&list=UULFywFX_P-XCSVA0-KeIDp9aA&index=104 https://www.youtube.com/watch?v=Cby1DALR-p0&list=UULFywFX_P-XCSVA0-KeIDp9aA&index=105 https://www.youtube.com/watch?v=zVpP7bKg7vo&list=UULFywFX_P-XCSVA0-KeIDp9aA&index=106 https://www.youtube.com/watch?v=oPr6Fbr0A8I&list=UULFywFX_P-XCSVA0-KeIDp9aA&index=107 https://www.youtube.com/watch?v=C61rtL3HNfw&list=UULFywFX_P-XCSVA0-KeIDp9aA&index=108 https://www.youtube.com/watch?v=ZkAsRcNhpIE&list=UULFywFX_P-XCSVA0-KeIDp9aA&index=109 https://www.youtube.com/watch?v=GD2wVigBzis&list=UULFywFX_P-XCSVA0-KeIDp9aA&index=110 https://www.youtube.com/watch?v=M6I1N_uFtiw&list=UULFywFX_P-XCSVA0-KeIDp9aA&index=111 https://www.youtube.com/watch?v=KtGg3PnDZIM&list=UULFywFX_P-XCSVA0-KeIDp9aA&index=112 https://www.youtube.com/watch?v=W0prTL4n8qw&list=UULFywFX_P-XCSVA0-KeIDp9aA&index=113 https://www.youtube.com/watch?v=vMMvQTtz3ko&list=UULFywFX_P-XCSVA0-KeIDp9aA&index=114 https://www.youtube.com/watch?v=_BzoQK3lpzw&list=UULFywFX_P-XCSVA0-KeIDp9aA&index=115 https://www.youtube.com/watch?v=3BDiPHcIimI&list=UULFywFX_P-XCSVA0-KeIDp9aA&index=116 https://www.youtube.com/watch?v=vu4S53uLmSo&list=UULFywFX_P-XCSVA0-KeIDp9aA&index=117 https://www.youtube.com/watch?v=IpLdRj9SVUs&list=UULFywFX_P-XCSVA0-KeIDp9aA&index=118 https://www.youtube.com/watch?v=XkcTcbKt0qY&list=UULFywFX_P-XCSVA0-KeIDp9aA&index=119 https://www.youtube.com/watch?v=q0AcBRSQWik&list=UULFywFX_P-XCSVA0-KeIDp9aA&index=120 https://www.youtube.com/watch?v=Lon-RIIO9Lc&list=UULFywFX_P-XCSVA0-KeIDp9aA&index=122 https://www.youtube.com/watch?v=7hOOw9wSAgo&list=UULFywFX_P-XCSVA0-KeIDp9aA&index=121 https://www.youtube.com/watch?v=4z94rRvHmpM&list=UULFywFX_P-XCSVA0-KeIDp9aA&index=123 https://www.youtube.com/watch?v=c33VypYDS6Y&list=UULFywFX_P-XCSVA0-KeIDp9aA&index=124 https://www.youtube.com/watch?v=ilKPNPS2PdQ&list=UULFywFX_P-XCSVA0-KeIDp9aA&index=125 https://www.youtube.com/watch?v=ZGezteDBrM4&list=UULFywFX_P-XCSVA0-KeIDp9aA&index=127 https://www.youtube.com/watch?v=G2_pvU7PqAc&list=UULFywFX_P-XCSVA0-KeIDp9aA&index=128 https://www.youtube.com/watch?v=4xpvEYMLKnM&list=UULFywFX_P-XCSVA0-KeIDp9aA&index=129 https://www.youtube.com/watch?v=_UzIRNzAXM8&list=UULFywFX_P-XCSVA0-KeIDp9aA&index=130 https://www.youtube.com/watch?v=2q0IkzL_J50&list=UULFywFX_P-XCSVA0-KeIDp9aA&index=131 https://www.youtube.com/watch?v=e9p_BzcCcW0&list=UULFywFX_P-XCSVA0-KeIDp9aA&index=132 https://www.youtube.com/watch?v=PDr8zKe5PDs&list=UULFywFX_P-XCSVA0-KeIDp9aA&index=133 https://www.youtube.com/watch?v=5NZirODRkTs&list=UULFywFX_P-XCSVA0-KeIDp9aA&index=134 https://www.youtube.com/watch?v=JK-eeRDFCOQ&list=UULFywFX_P-XCSVA0-KeIDp9aA&index=135 https://www.youtube.com/watch?v=2kt3I-9RY8g&list=UULFywFX_P-XCSVA0-KeIDp9aA&index=136 https://www.youtube.com/watch?v=nu1UqDIRhyc&list=UULFywFX_P-XCSVA0-KeIDp9aA&index=138 https://www.youtube.com/watch?v=mDc3l5yntPs&list=UULFywFX_P-XCSVA0-KeIDp9aA&index=139 https://www.youtube.com/watch?v=cbMUahjJb5k&list=UULFywFX_P-XCSVA0-KeIDp9aA&index=140 https://www.youtube.com/watch?v=bKcShc1eTBI&list=UULFywFX_P-XCSVA0-KeIDp9aA&index=141 https://www.youtube.com/watch?v=9vl85BGk-PU&list=UULFywFX_P-XCSVA0-KeIDp9aA&index=142 https://www.youtube.com/watch?v=mLfWlAt-u30&list=UULFywFX_P-XCSVA0-KeIDp9aA&index=143 https://www.youtube.com/watch?v=HtuyfXK-tI0&list=UULFywFX_P-XCSVA0-KeIDp9aA&index=144 https://www.youtube.com/watch?v=z-8hJVBKFI4&list=UULFywFX_P-XCSVA0-KeIDp9aA&index=145 https://www.youtube.com/watch?v=6LTQY0d9zKs&list=UULFywFX_P-XCSVA0-KeIDp9aA&index=148 https://www.youtube.com/watch?v=BDj6E60xLgM&list=UULFywFX_P-XCSVA0-KeIDp9aA&index=148 https://www.youtube.com/watch?v=kL3KBPexeh0&list=UULFywFX_P-XCSVA0-KeIDp9aA&index=149 https://www.youtube.com/watch?v=ifTuobIMSEE&list=UULFywFX_P-XCSVA0-KeIDp9aA&index=150 https://www.youtube.com/watch?v=-FrFpyJsS-w&list=UULFywFX_P-XCSVA0-KeIDp9aA&index=151 https://www.youtube.com/watch?v=xcWnCv8JiBY&list=UULFywFX_P-XCSVA0-KeIDp9aA&index=152 https://www.youtube.com/watch?v=QIjfP_eqPCM&list=UULFywFX_P-XCSVA0-KeIDp9aA&index=153 https://www.youtube.com/watch?v=VNS_nMu39R4&list=UULFywFX_P-XCSVA0-KeIDp9aA&index=154 https://www.youtube.com/watch?v=uUIevhAgRl0&list=UULFywFX_P-XCSVA0-KeIDp9aA&index=155 https://www.youtube.com/watch?v=OWAv9AkC72A&list=UULFywFX_P-XCSVA0-KeIDp9aA&index=156 https://www.youtube.com/watch?v=MsQukPEZKRI&list=UULFywFX_P-XCSVA0-KeIDp9aA&index=157 https://www.youtube.com/watch?v=_TGCxKVx3po&list=UULFywFX_P-XCSVA0-KeIDp9aA&index=158 https://www.youtube.com/watch?v=Yg_jwdLcgXo&list=UULFywFX_P-XCSVA0-KeIDp9aA&index=159 https://www.youtube.com/watch?v=rTjw8QwNLWk&list=UULFywFX_P-XCSVA0-KeIDp9aA&index=161 https://www.youtube.com/watch?v=LXahNs1B05E&list=UULFywFX_P-XCSVA0-KeIDp9aA&index=162 https://www.youtube.com/watch?v=HYzbf2RZPN4&list=UULFywFX_P-XCSVA0-KeIDp9aA&index=163 https://www.youtube.com/watch?v=XCFb7Uv1hlA&list=UULFywFX_P-XCSVA0-KeIDp9aA&index=164 https://www.youtube.com/watch?v=8gGw6HfIL7w&list=UULFywFX_P-XCSVA0-KeIDp9aA&index=165 https://www.youtube.com/watch?v=n_Qd6rPjYeY&list=UULFywFX_P-XCSVA0-KeIDp9aA&index=166 https://www.youtube.com/watch?v=uM7jJ--P5rI https://www.youtube.com/watch?v=2Smz7js6i20 https://www.youtube.com/watch?v=TvtzEaHlc3A&t=10s https://www.youtube.com/watch?v=wT9-mD-UmMA https://www.youtube.com/watch?v=4NaSPwYlFTI https://www.youtube.com/watch?v=PvMHsjm7Jd8 https://www.youtube.com/watch?v=ZkPjvW6lDMM https://www.youtube.com/watch?v=kYeK-jfmZ14 https://www.youtube.com/watch?v=FH_LiLaETXI https://www.youtube.com/watch?v=qO50BdRrsDo https://www.youtube.com/watch?v=DPInVQ1XAAg https://www.youtube.com/watch?v=ygdMRSTi4J8 https://www.youtube.com/watch?v=DcVPQ9plJWE https://www.youtube.com/watch?v=iEvUHECJnV4 https://www.youtube.com/watch?v=223n29Ke-0Y https://www.youtube.com/watch?v=Un5iNF0mfp8 https://www.youtube.com/watch?v=eDoS8b0wvoI https://www.youtube.com/watch?v=Nfx-etzBu14 https://www.youtube.com/watch?v=EpW2stB02fA https://www.youtube.com/watch?v=JIBPQKZxhwQ https://www.youtube.com/watch?v=Up3PXs10JVM https://www.youtube.com/watch?v=f3TRZ4FGcg8 https://www.youtube.com/watch?v=HUFrxpfpWGg https://www.youtube.com/watch?v=39-qObkRJ9E https://www.youtube.com/watch?v=gw6vmdkehWU https://www.youtube.com/watch?v=1fREaLMNSKo https://www.youtube.com/watch?v=v5ZXvahlQfs https://www.youtube.com/watch?v=2VclvGc76IY https://www.youtube.com/watch?v=ZbrglNxL5Qs https://www.youtube.com/watch?v=bq7n6zHqzRg https://www.youtube.com/watch?v=ssLkLVCTEFM https://www.youtube.com/watch?v=pAmZazl4Pvw https://www.youtube.com/watch?v=uNPWUROTKBU https://www.youtube.com/watch?v=7hsDjwUXwho&t=73s https://www.youtube.com/watch?v=Uo-HS5MSYCQ&t=23s https://www.youtube.com/watch?v=ofEM6giLMjQ https://www.youtube.com/watch?v=oBLWVBFokiE https://www.youtube.com/watch?v=1u134KpE1R8 https://www.youtube.com/watch?v=Rjfr8eU4OwI https://www.youtube.com/watch?v=_q6bW1Z3QiU&t=16s https://www.youtube.com/watch?v=qkOYEPb_H40 https://www.youtube.com/watch?v=thpWef5bdzY https://www.youtube.com/watch?v=HsqYfWFgE5Q https://www.youtube.com/watch?v=NXBzCSBOu5Y https://www.youtube.com/watch?v=T6di_qTK5hE https://www.youtube.com/watch?v=rmw7nKjUa5k&t=109s https://www.youtube.com/watch?v=cD_wBBxuIDk https://www.youtube.com/watch?v=Be7j4oRUSuc https://www.youtube.com/watch?v=ysiVhpYqi4E https://www.youtube.com/watch?v=rLN3kCdltbU https://www.youtube.com/watch?v=H2cwJOoZF0A&t=88s https://www.youtube.com/watch?v=aSwaNOAQr3w https://www.youtube.com/watch?v=hsqe5aCZR3Q https://www.youtube.com/watch?v=RDsRBXNSYj8 https://www.youtube.com/watch?v=kMknjpbMxd8 https://www.youtube.com/watch?v=d-kEKhHj9cQ https://www.youtube.com/watch?v=wSBdcESkjps https://www.youtube.com/watch?v=wXEfkl7MIT0 https://www.youtube.com/watch?v=NKg8olL3UwU https://www.youtube.com/watch?v=A6dlnR_d938 https://www.youtube.com/watch?v=3maJXWahtkc https://www.youtube.com/watch?v=DeQkqxlU6_M https://www.youtube.com/watch?v=1qnYBiYh_6g https://www.youtube.com/watch?v=a2lC3QHJQ8o https://www.youtube.com/watch?v=6Wxl7izC6mI https://www.youtube.com/watch?v=q0ChN4-pl3Y https://www.youtube.com/watch?v=klCvqv11Rn8&t=11s https://www.youtube.com/watch?v=xrpzJi5o7Tc https://www.youtube.com/watch?v=GMLwJpUdRD4&t=35s https://www.youtube.com/watch?v=omNyrvppyc4&t=32s,found on https://lac-simon.net/municipalite-de-lac-simon/vie-democratique/seances-du-conseil/
ca:csd:2483010,Low,Quebec,youtube,https://youtu.be/rNMTwoCzS-0,single_video,no,qc_giant,https://youtu.be/rNMTwoCzS-0 https://youtu.be/--H5FpOOZ4w https://youtu.be/ktvf-ETwjoY https://youtu.be/yaRfsJ00oeM https://youtu.be/dcruJ3aXBvU https://youtu.be/GD76Gps8KSo https://youtu.be/rGDDcgIzlUo https://youtu.be/kQlur_oySlY https://youtu.be/RSJlPzwOzs4,found on https://www.lowquebec.ca/fr/municipalite/vie-municipale/proces-verbaux-et-ordre-du-jour/
ca:csd:2452017,Lanoraie,Quebec,youtube,https://www.youtube.com/watch?v=jTMHZoKtNAc,single_video,no,qc_giant,https://www.youtube.com/watch?v=jTMHZoKtNAc https://youtu.be/T63zNpYf7u0 https://www.youtube.com/watch?v=C0Zf9c9xI0M https://youtu.be/LMYVHiCgdnw https://www.youtube.com/watch?v=czg5xC5sTwY https://www.youtube.com/watch?v=Paf4EVhmX-Q https://www.youtube.com/watch?v=VYuJ3HfL1Tc https://www.youtube.com/watch?v=ACMnn2iC3AA https://www.youtube.com/watch?v=88HeqSijIeI https://www.youtube.com/watch?v=eIfFEP3dAvk https://www.youtube.com/watch?v=L4yIx98G0hY https://www.youtube.com/watch?v=jwIHy_x8flQ https://www.youtube.com/watch?v=wWDVGxXgoTg https://www.youtube.com/watch?v=xgaPxrxIA94 https://www.youtube.com/watch?v=0I1bCC4OKaI https://www.youtube.com/watch?v=ftAnybD3zKU https://www.youtube.com/watch?v=1bE2NlAdI-Q https://www.youtube.com/watch?v=vISmUCcvMFs&t=1s https://www.youtube.com/watch?v=wp_L4_GhPe4 https://www.youtube.com/watch?v=aWjSIwshk9Y https://www.youtube.com/watch?v=-FfgEy2-Sek https://www.youtube.com/watch?v=sKB9rf_qMNc https://www.youtube.com/watch?v=tjUMaq8boTw https://www.youtube.com/watch?v=FJpRbG-cNMQ https://www.youtube.com/watch?v=uJRf94rLEPM https://www.youtube.com/watch?v=Uxhc2Bg5Wyk&feature=youtu.be https://www.youtube.com/watch?v=JJbRtEuuG3s https://www.youtube.com/watch?v=aEGd661TBuA https://www.youtube.com/watch?v=kymeDOAI_tI https://www.youtube.com/watch?v=t8jfn2YT1Hk https://www.youtube.com/watch?v=QcuUJkAZmig https://www.youtube.com/watch?v=8KyVnCIn_P4 https://www.youtube.com/watch?v=ePWGaMGTsvI https://www.youtube.com/watch?v=cjctI5J9pEM https://www.youtube.com/watch?v=UqVOQPnMpJ4 https://www.youtube.com/watch?v=0r5K5KXedAU https://www.youtube.com/watch?v=hVwvnqT3uS4 https://www.youtube.com/watch?v=l82trSHgs8c https://www.youtube.com/watch?v=3AQkQ57x_UI https://www.youtube.com/watch?v=nGjU4VKB9Jo,found on https://www.lanoraie.ca/municipalite/vie-democratique/seances-du-conseil
ca:csd:2414082,La Pocatière,Quebec,youtube,https://www.youtube.com/@villedelapocatiere-communi5513,channel,no,qc_giant,https://www.youtube.com/@villedelapocatiere-communi5513,"found on https://lapocatiere.ca/: ""googleplus"" under heading ""Suivez-nous""; page ""Accueil - Ville de la Pocatière""; nearby: ""facebook googleplus googleplus"""
ca:csd:2456097,Mont-Saint-Grégoire,Quebec,youtube,https://www.youtube.com/watch?v=XCMcjeUwFoE,single_video,no,qc_giant,https://www.youtube.com/watch?v=XCMcjeUwFoE https://youtu.be/tPHNLIds4xM https://www.youtube.com/watch?v=27CMB-lIHTc https://www.youtube.com/watch?v=3x13xQMveEM https://www.youtube.com/watch?v=5qDG9wT5TmM https://www.youtube.com/watch?v=4fP2_fiO7gI https://youtu.be/dlHJY7Y8x5U https://www.youtube.com/watch?v=Q6-WXta2FEg https://www.youtube.com/watch?v=5cU0if-YPes https://www.youtube.com/watch?v=IDegoa0M4qw https://www.youtube.com/watch?v=iKu_EuGjbac https://www.youtube.com/watch?v=Gesx-a7oxUg https://www.youtube.com/watch?v=t82rl6BPU9w https://www.youtube.com/watch?v=0WcYt6SvyCI https://www.youtube.com/watch?v=fttD-G9zKdc https://youtu.be/y5E4n6lgjxg https://youtu.be/eSAEBWUxSUk https://www.youtube.com/watch?v=kBNX46Y8lbM https://www.youtube.com/watch?v=EF1MG8OsXoo https://www.youtube.com/watch?v=qgm6FNUpL_4 https://www.youtube.com/watch?v=5LsVx03Jr3U https://www.youtube.com/watch?v=vTeODKoykcg https://www.youtube.com/watch?v=jj7C5w0UQuA https://www.youtube.com/watch?v=CTK7ipaQIck https://www.youtube.com/watch?v=Mmtiev51ijQ https://www.youtube.com/watch?v=ZqOsj-fHP4o https://www.youtube.com/watch?v=cEz_wjV7G2Q https://www.youtube.com/watch?v=RCFE89oZtMw https://www.youtube.com/watch?v=jT2pxxA7fhE https://youtu.be/D_toqXeOIHg https://www.youtube.com/watch?v=OUfXzlsUQI4 https://www.youtube.com/watch?v=53_4-Dh8kac https://www.youtube.com/watch?v=Xr6VRwRvOiY https://www.youtube.com/watch?v=ni9EWnBlWJI https://www.youtube.com/watch?v=yUnVletuFCg https://www.youtube.com/watch?v=ur-vqKE79uM https://www.youtube.com/watch?v=HLV78Y80VbM https://www.youtube.com/watch?v=QatKBWWDQEY https://www.youtube.com/watch?v=dst0UxsXtTA https://www.youtube.com/watch?v=GM6avDDzx30 https://www.youtube.com/watch?v=1KgjEYdd6VE https://www.youtube.com/watch?v=R0ELJfu44bc https://www.youtube.com/watch?v=B5feGuuxLcU&feature=youtu.be https://youtu.be/5-p3_KIAnsM https://youtu.be/resIaGDH31U https://youtu.be/ReZ9B1fs3D8 https://youtu.be/MWrAdV8l6F8 https://youtu.be/QalAnm6Pu9E https://youtu.be/3r8yNnQwu28 https://youtu.be/5hNJ5TXzMOg,found on https://www.mmsg.ca/municipalite/seances-du-conseil-municipal/rediffusion-des-seances-du-conseil
ca:csd:2414005,Mont-Carmel,Quebec,youtube,https://youtu.be/Bg_moT6zBis,single_video,no,qc_giant,https://youtu.be/Bg_moT6zBis https://youtu.be/mn5xaWe2CMU https://youtu.be/Mr6AFiqa71s https://youtu.be/fP0WjRIUd1Q https://youtu.be/-UWtgHKvKqw https://youtu.be/mJHczkxPin4 https://youtu.be/sNNZj38ewfs https://youtu.be/cLMZodnjXLc https://youtu.be/5V5WAVSVjCY https://www.youtube.com/watch?v=HCrXrkcVmf4 https://youtu.be/WGQggQdW2vc https://youtu.be/7M5JnJOWQ6w https://youtu.be/Tn4HevywVBw https://youtu.be/s2Jooj4GpFU https://youtu.be/GWFv_wdnSRQ https://youtu.be/9SyDPAbEPYA https://youtu.be/8PEyHQNLrNs https://youtu.be/DwDD8NDGvhY https://youtu.be/0aUWUDMHGoI https://youtu.be/mgriayDKtX4 https://www.youtube.com/watch?v=jUl0rlw1euQ&t=3s https://youtu.be/NJ8iVENIaIw https://youtu.be/FmYTr9sRevQ https://youtu.be/cYBEXuK3MCo https://youtu.be/5t9H73I7ywA https://youtu.be/LSM7_EslOcw https://youtu.be/D0P9daLFyTg https://youtu.be/G3NVF-Hz2to https://youtu.be/6saofeW6FHE https://youtu.be/mb5zVE3Oh_k https://youtu.be/y9pOGGljOjA https://youtu.be/oR-1triI2UQ https://youtu.be/78GLsGcs63A https://youtu.be/z3xa6Y1jeB0 https://youtu.be/pYsv6fgBUu8 https://youtu.be/-E2opevZIew https://youtu.be/wafPc3QPT4E,found on https://www.mont-carmel.ca/mot-du-maire/calendrier-des-seances-et-proces-verbaux/
ca:csd:2483088,Montcerf-Lytton,Quebec,youtube,https://www.youtube.com/watch?v=hOA-yeaaTFE&list=PL4Hps0zxRq2iKLsO7XNu5zGuhl-5o4ZJg,playlist,no,qc_giant,https://www.youtube.com/watch?v=5ueO9kA2lPY https://www.youtube.com/watch?v=Y95oRSx1Njc https://www.youtube.com/watch?v=_whso_FNlY0 https://www.youtube.com/watch?v=pQ5KIGiLBFU https://www.youtube.com/watch?v=hOA-yeaaTFE&list=PL4Hps0zxRq2iKLsO7XNu5zGuhl-5o4ZJg https://www.youtube.com/watch?v=Z3uBxiGexRM https://youtu.be/zdT1L9HrT0E https://youtu.be/aOYBGaS_XkE https://youtu.be/9QraRH1CB2Q https://www.youtube.com/watch?v=Ek1mwcZOBvc https://youtu.be/MMOPKyuC-5A https://www.youtube.com/shorts/u1vvl7A8V9w https://youtu.be/NCQfwUT0hl4 https://youtu.be/jy46lRxAD1E https://youtu.be/dHzU2V3jmrM?feature=shared https://youtu.be/ixR3f40X_D8?feature=shared https://youtu.be/hiGcOZ4585I?feature=shared https://youtu.be/q5Iix3q0DDY?feature=shared https://youtube.com/shorts/aIqbR7UVlRc https://youtu.be/eP-X1P3GunM https://youtu.be/LCGiXVSl1Bo https://youtu.be/HNOpkjNqhbc https://youtu.be/npd6lnGhgNE https://youtu.be/-kxxFf50puA https://youtu.be/qZUvlnsACQ4 https://youtu.be/maGZ6nykgZs https://youtu.be/8EXFKb3yQaE https://youtu.be/ljH-daNzjJA https://youtu.be/S8r7bzbZjMU https://youtube.com/shorts/wIzzgfMkVG8 https://youtu.be/z8t-Y2n21W4 https://youtu.be/YBoHX5tldew https://youtu.be/ushUfujIBqk https://youtu.be/Mq80ZDxwAvU https://youtu.be/HYyXvwQt61s https://youtu.be/gXTH48ffn1A?feature=shared https://youtu.be/Y0pz4W2kquE https://youtu.be/emAP8V9GOYw https://youtu.be/L4LqxenCJdQ https://youtu.be/AiYC-MOSVF8 https://youtu.be/mYpNqzVGlso https://youtu.be/FDPLZKTB5Bg https://youtu.be/rGlqurrO24Q https://youtu.be/5ZlumM9BRko https://youtu.be/a7gASUCIVjE https://youtu.be/UWSh_ihgES8 https://youtu.be/8TDvzRc5_5o https://youtu.be/N5-ZB7Myiss https://youtu.be/MlqX_w5uz-Q https://youtu.be/TuIlQ8e1ymQ,found on https://www.montcerf-lytton.com/fr/municipalite/vie-municipale/proces-verbaux-et-ordres-du-jour/
ca:csd:2483060,Messines,Quebec,youtube,https://www.youtube.com/watch?v=fGa7IQXXFzc&list=PLQ3cU9qGHFEHsB-zKZb3AvPgHtpL-UDp3&index=2,playlist,no,qc_giant,https://youtu.be/OGeipf5rp04 https://youtu.be/J3NEXVJMgEI https://youtu.be/rC8xAHvfwOw https://youtu.be/YjZyZKhaKmg https://youtu.be/l4aMHspmjzw https://youtu.be/iWGkQAPWQS0 https://youtu.be/kNV2gJQ0bqU https://youtu.be/9RTlLmYZQg8 https://youtu.be/-JP4_t7uevk https://youtu.be/fgLNKeNCc5Q https://youtu.be/6UFRz1_shmQ https://youtu.be/j1g4fj02uYU https://youtu.be/YhiLvTLaFbU https://youtu.be/SVsd6_4XIHg https://youtu.be/cIsGpKjUdoU https://youtu.be/qAdGRsygb7g https://youtu.be/f9lpicVN98Q https://youtu.be/E7bMyWgAJFc https://youtu.be/PuCN_BtRKEc https://youtu.be/2au6CNjhZm4 https://youtu.be/9lrvNWet0_k https://youtu.be/5MbLB-db6wo https://youtu.be/FzT-7ZZhK-A https://youtu.be/8WD1bREdFAU https://youtu.be/tWg3LbNUdWk https://youtu.be/RhCxMa9vAEk https://youtu.be/Uh-ab8GRwQ8 https://youtu.be/Xj1jV3srIMY https://youtu.be/6ywN5McOywI https://youtu.be/rohoU1_U1oA https://youtu.be/Kngd5b_YmZI https://youtu.be/ldpKA4XFSV0 https://youtu.be/SpbDbDb1Qu4 https://youtu.be/L6UP9Lckg5U https://youtu.be/3rD1tKZuuUM https://youtu.be/Qyo25Ukx7_Y https://youtu.be/gFzoDU08zwM https://youtu.be/nxPU55Gl2p8 https://www.youtube.com/watch?v=fGa7IQXXFzc&list=PLQ3cU9qGHFEHsB-zKZb3AvPgHtpL-UDp3&index=2 https://www.youtube.com/watch?v=NLQZYNpcdQo&list=PLQ3cU9qGHFEHsB-zKZb3AvPgHtpL-UDp3&index=4 https://youtu.be/MA0d0iTV1GA https://youtu.be/no1Ov65p_rA https://youtu.be/7cO97OaKPog,found on https://messines.ca/conseil/seances-du-conseil/seances-virtuelles
ca:csd:2430080,Lac-Drolet,Quebec,youtube,https://www.youtube.com/watch?v=FEvmMyVSFns,single_video,yes,qc_giant,https://www.youtube.com/watch?v=FEvmMyVSFns https://www.youtube.com/watch?v=Jz41KwDp9kA https://www.youtube.com/watch?v=8qU6GcPCWfo https://www.youtube.com/watch?v=R-r8k8XQp7A https://www.youtube.com/watch?v=kJVCXEloP8k https://www.youtube.com/watch?v=-ZaxE9hxuYU https://www.youtube.com/watch?v=hIAzYkDoGiI https://www.youtube.com/watch?v=LPuBQ2oPc1E https://www.youtube.com/watch?v=QDhOVzQ4ftM https://www.youtube.com/watch?v=20jNY3R-sco https://www.youtube.com/watch?v=W8ktVG37CkI https://www.youtube.com/watch?v=tXGqM_zLFy4 https://www.youtube.com/watch?v=SF6vRLrMJCE https://www.youtube.com/watch?v=X8QVKGp5Zlk https://www.youtube.com/watch?v=lBXhnmHANsA https://www.youtube.com/watch?v=g8zRZAVjbQE https://www.youtube.com/watch?v=G5U0T9Yk8UI https://www.youtube.com/watch?v=KWG7tKUQQPY https://www.youtube.com/watch?v=FmAqiHA3YZg https://www.youtube.com/watch?v=_FLRy9yerN0 https://www.youtube.com/watch?v=sc2ttCj1W3g https://www.youtube.com/watch?v=8Lh5fQOpIg0 https://www.youtube.com/watch?v=S9tnurlwUno,found on https://lacdrolet.ca/seance-du-conseil-en-ligne/
ca:csd:2467055,Léry,Quebec,youtube,https://www.youtube.com/watch?v=vAuMN57Lz6Q,single_video,no,qc_giant,https://www.youtube.com/watch?v=vAuMN57Lz6Q https://www.youtube.com/watch?v=hSeZNMotBqg https://www.youtube.com/watch?v=HCo_Iiw6vqw https://www.youtube.com/watch?v=aGnjETtAjV4 https://www.youtube.com/watch?v=zccaphmvjqQ https://www.youtube.com/watch?v=a1cu6zsvAL0 https://www.youtube.com/watch?v=FuV1w-6rvXY https://youtu.be/v_ZKbMJ6zrg https://youtu.be/1C_rEfcwwH8 https://youtu.be/HTntdzTMVKY https://youtu.be/3K8kQ-4G1YM https://youtu.be/QSVTSJrl_PM https://youtu.be/y8xpmRiT0jU https://youtu.be/HbQ3HRcjjrA https://youtu.be/Z6FCii3Ks40 https://youtu.be/-a4S4EhQ-cc https://youtu.be/_tUgGHcaanQ https://youtu.be/A5CYYStHBlI https://youtu.be/5b7ekMq57jQ https://youtu.be/CGWJXx8_-2k https://youtu.be/uSMHZ7lSOXg https://youtu.be/9Eig2hS-i5c https://youtu.be/U01qO_gWc-c https://youtu.be/IeRAagTAwLA https://youtu.be/sVxLDermt60 https://youtu.be/uAqc3c_knG0 https://youtu.be/b9v3c21iC4o https://youtu.be/m5Pxg30mzUM https://youtu.be/X5-Ao9ChyjQ https://youtu.be/ahcyqOHWZQo https://youtu.be/SWoOP1vZR54 https://youtu.be/oJKyXbr_fNY https://youtu.be/F_5rkM8yzbk https://youtu.be/ik9N3PClgwg https://youtu.be/pFnWj2M4UW8 https://youtu.be/66QIW3KVOiw https://youtu.be/8_lw_oEhdOQ https://youtu.be/HEf89QrlquA https://youtu.be/NT-bQoVdJSQ https://youtu.be/w0jdns5hANo https://youtu.be/kj_vyrdG8Jo https://youtu.be/-RYEVR7w9B4 https://youtu.be/U00IgD7aiYY https://youtu.be/4jh0h22gNHs https://youtu.be/aUP1Dz-YWXs https://youtu.be/AuPotSkP5LU https://youtu.be/Wtd2bFxcSng https://youtu.be/vsg90tacq_g https://youtu.be/pUov8_4kaJM https://youtu.be/Xg4x5kBUTyI https://youtu.be/UC_d7Wy9zNg https://youtu.be/2Rba1W4WFJA https://youtu.be/m9TKOUh_myQ https://youtu.be/3rVQXBZgiB8 https://youtu.be/Tr1yoTHEDMg https://youtu.be/milbH2UYXEM https://youtu.be/vJ8qMT8rves https://youtu.be/YPme2ocmJac https://youtu.be/-ATe3eaIkDY https://youtu.be/HB96QuAAVvw https://youtu.be/vBL1XL_unCg https://youtu.be/2Wl6_6FAhIg https://youtu.be/SHLZI-j9fmA https://youtu.be/dLTVilNC0Yw https://youtu.be/GU36AWLkq5M https://youtu.be/Y_X_q27TqhU https://youtu.be/8sSteBprdQw https://youtu.be/8eSM5yUrAOw https://youtu.be/y0_b1rxMfUI https://youtu.be/u6ukwcbLdmA https://youtu.be/ahA3DaZ95NM https://youtu.be/FcvQsNGLCR0 https://youtu.be/YUlGeWjQTNE https://youtu.be/_qn_3BSwtOI https://youtu.be/DpwEscPnWXg,found on https://lery.ca/ma-ville/conseil-municipal/seances-du-conseil/
ca:csd:2477050,Morin-Heights,Quebec,youtube,https://www.youtube.com/channel/UCgvgxVeHv_2x1pjWby_yR7Q,channel,yes,qc_giant,https://www.youtube.com/@MunicipalitedeMorinHeights https://youtube.com/live/9MP5WWC-PZI https://www.youtube.com/channel/UCgvgxVeHv_2x1pjWby_yR7Q,found on https://www.morinheights.com/spip.php?page=agenda_activites_fr&lang=fr
ca:csd:2462055,Notre-Dame-de-la-Merci,Quebec,youtube,https://www.youtube.com/watch?v=Xxo2z66mShU&t=1s,single_video,no,qc_giant,https://www.youtube.com/watch?v=Xxo2z66mShU&t=1s https://www.youtube.com/watch?v=TT6gi0mzmd4&t=2s https://www.youtube.com/watch?v=AUNMTPDh4uQ https://www.youtube.com/watch?v=aooBvXLS5gE https://www.youtube.com/watch?v=QBpVZTOx9R0 https://www.youtube.com/watch?v=5obTYfCWrWs https://youtu.be/ZQPjPcdMnRA https://www.youtube.com/watch?v=eoHc2j10e60 https://www.youtube.com/watch?v=wvzfmP4Uh80 https://www.youtube.com/watch?v=eUBjEmTOoLU https://www.youtube.com/watch?v=0sSHFYeZeP8&t=4405s https://www.youtube.com/watch?v=9OUhXe-Qapc&t=3153s https://www.youtube.com/watch?v=7XVyaMjrthc https://www.youtube.com/watch?v=hHcCCrDSlVE&t=17s https://www.youtube.com/watch?v=15cH35z7g4o&t=8s https://www.youtube.com/watch?v=Meb_4_4MM64&t=8407s https://www.youtube.com/watch?v=8fBQ0DXCJ7s&t=573s https://www.youtube.com/watch?v=sGq3B37dOso&t=1s https://www.youtube.com/watch?v=GKvC3picHkM&t=5226s https://www.youtube.com/watch?v=oE2rkRtOLK4&t=801s https://www.youtube.com/watch?v=32Y8a8liayg&t=17s https://www.youtube.com/watch?v=vOaCZp42398&t=2152s https://www.youtube.com/watch?v=tUjDOhhBwmc&t=35s https://www.youtube.com/watch?v=QOwPJMLIBfE&t=10s https://www.youtube.com/watch?v=LX8gxT3Msso&t=7s https://www.youtube.com/watch?v=6692bE0vttw&t=1s https://www.youtube.com/watch?v=Wh4n6gjJ2mI&t=2s https://www.youtube.com/watch?v=8XtOyNBvFmA&t=1704s https://www.youtube.com/watch?v=L3Kkp4KYbdk&t=339s https://www.youtube.com/watch?v=vjpsYpnsZys&t=33s https://www.youtube.com/watch?v=36fyBGPWDp0 https://www.youtube.com/watch?v=fPaPZp6bL3M https://www.youtube.com/watch?v=wEeW0eStCQw https://www.youtube.com/watch?v=NcKYP49_erM&t=2s https://www.youtube.com/watch?v=xDpx0Qz26oY,found on https://mun-ndm.ca/notre-municipalite/vie-democratique/seances-du-conseil
ca:csd:2465005,Laval,Quebec,youtube,https://youtu.be/Qbna8VEgsJs,single_video,no,qc_giant,https://youtu.be/Qbna8VEgsJs https://www.youtube.com/villedelavalqc,found on https://www.laval.ca/conseils/amenager-terrain-favoriser-biodiversite/
ca:csd:2457025,McMasterville,Quebec,youtube,https://www.youtube.com/@villedemcmasterville,channel,no,qc_giant,https://youtu.be/wBIUJF6f4QM?si=3wzilJvDNYME2Dbz https://youtu.be/UbBZCKDSjKQ https://youtu.be/dYk4RLt_xWQ https://youtu.be/F1UdiCc17rg https://youtu.be/MsNaF4svuQs https://youtu.be/NE5efYbyiwE https://youtu.be/KbIrS8JhvCU https://youtu.be/lGTdQgWeoSU https://youtu.be/pzxyuvfIslQ https://youtu.be/e5htliY6arU https://youtu.be/BZmPI_XzQNc https://youtu.be/HkPVSgLjlCE https://youtu.be/2tG0-52_stw https://youtu.be/aICsba6MEEQ https://youtu.be/0ysPUZYpx3U https://youtu.be/Gc109phA1AU https://youtu.be/BK_4WQkjrsc https://youtu.be/BH1WsqBHpkM https://youtu.be/fT5OIzrTI-M https://youtu.be/M6i50K9SSf8 https://youtu.be/H8aEnbF76mw https://youtu.be/jTNuL_360Pw https://youtu.be/a2yXiWRZMYs https://youtu.be/33x3qORQ9SM https://youtu.be/n9LvG_M-iNs https://youtu.be/HWL6PinSEpY https://youtu.be/z_opRGcrwuo https://youtu.be/c-AvJabajM4 https://youtu.be/f1rjnbLDH3o https://youtu.be/cA6SpzgpBJM https://youtu.be/dHO_FmofegA https://youtu.be/L_0-RcbY7ps https://youtu.be/rVzWQZg85gI https://youtu.be/i0l3JqhpzmM https://youtu.be/bqX5lTBLUrE https://youtu.be/yG_0aH-ND6Q https://youtu.be/gSwOV_7ZVPY https://youtu.be/MsfT2l4JpY8?si=BmN51Os2U8zxLRSn https://youtu.be/llydffosHjo https://youtu.be/TnB3qjhBkfY https://youtu.be/vjb8NdQk6T8 https://youtu.be/XTKFR4XKrnE https://youtu.be/7-N8RkK2y2U https://youtu.be/7PGL1fHtmmo https://youtu.be/xf-vjQ46uvo https://youtu.be/bHzYnb5_7fk https://youtu.be/SFdLsWIAfEg https://www.youtube.com/@villedemcmasterville,found on https://www.mcmasterville.ca/la-ville/conseil-municipal/seances-du-conseil/
ca:csd:2479110,Mont-Saint-Michel,Quebec,youtube,https://www.youtube.com/watch?v=ikrMoYsJ5Vg,single_video,no,qc_giant,https://www.youtube.com/watch?v=ikrMoYsJ5Vg https://www.youtube.com/watch?v=5-yEtm5y7F4 https://www.youtube.com/watch?v=_pgI-fNev8M https://www.youtube.com/watch?v=FUkn64FNGwE https://www.youtube.com/watch?v=Fr6YbJpCGcA,
ca:csd:2423057,L'Ancienne-Lorette,Quebec,youtube,https://www.youtube.com/channel/UCWXXkitWd5HX7q2_ZLuV-7Q,channel,no,qc_giant,https://www.youtube.com/channel/UCWXXkitWd5HX7q2_ZLuV-7Q https://www.youtube.com/watch?v=2sDnLcaerjY https://www.youtube.com/watch?v=YFHt7DMZIGI https://youtu.be/YMLQn8nO16o https://www.youtube.com/watch?v=-W1UEo0IHf0 https://youtu.be/NyLeixxf-Vw https://www.youtube.com/watch?v=PGDmFizhosk https://www.youtube.com/watch?v=U6cVD5tTmLE https://www.youtube.com/watch?v=01w-XOsLL80 https://youtu.be/aIKdQTHS1f0 https://youtu.be/Ny3AKjBL1F0 https://www.youtube.com/live/NeXsIWi1HqY?si=i9SIVH-kH-rbz-KS https://youtu.be/4Ox8nmWhrQo?si=q1OiJe4QCkrOxM-x https://www.youtube.com/live/0EAW7hJ25Ig?si=cjoKp6xfh23OGzcQ https://www.youtube.com/live/FTNJAW9KgbA?si=NJ3inC_zAUvWcY2g&t=2611 https://youtu.be/D0m5Yvnlj4Y https://www.youtube.com/watch?v=-3_IgMtFfHQ https://www.youtube.com/watch?v=GrPOxDJxyb8 https://www.youtube.com/watch?v=heEp_XAv1bA https://www.youtube.com/watch?v=J7Fb64LPNbg https://www.youtube.com/watch?v=W5Z72Et-s50&t=43s https://www.youtube.com/watch?v=5tZoaRL_VzY https://www.youtube.com/watch?v=ILRhVyNlBHk https://www.youtube.com/watch?v=ixM51oUwJGw https://www.youtube.com/watch?v=rn8IO-b50Rw https://www.youtube.com/watch?v=CLKxCwuitlQ https://www.youtube.com/watch?v=0eA56oh4f7g https://www.youtube.com/watch?v=C_3DF0zV1Eo https://www.youtube.com/watch?v=A6D6zHYj1Po https://www.youtube.com/watch?v=hJu9vE0pdPY https://www.youtube.com/watch?v=PPHBB-eoPC8 https://www.youtube.com/watch?v=7uSg_pC0B_A https://www.youtube.com/watch?v=iQZdgZogPZ0 https://www.youtube.com/watch?v=105LxQYS4JE https://www.youtube.com/watch?v=8zZu5javHbc https://youtu.be/unw8PQ8uiUk https://www.youtube.com/watch?v=CXr852T19-8 https://www.youtube.com/watch?v=px07j1pzx4M https://www.youtube.com/watch?v=cnnEcU_m5Hw https://www.youtube.com/watch?v=4NXBxWlu-TY https://youtu.be/0NAch52sJuk https://www.youtube.com/watch?v=mz9kGcE64cs https://www.youtube.com/watch?v=cBfLJGhvWlw https://www.youtube.com/watch?v=wP8kH5xR6Yg https://www.youtube.com/watch?v=AXVqHe-zgmY&t=3931s https://www.youtube.com/watch?v=y8gvT3I7vzA https://www.youtube.com/watch?v=M1neuxf5BBw https://www.youtube.com/watch?v=wz7_Vm-dxns https://www.youtube.com/watch?v=mb42q-gN878 https://www.youtube.com/watch?v=oRPofEujfw0 https://youtu.be/tqA-PqeK_jc https://www.youtube.com/watch?v=OrCv5zYdiq4 https://www.youtube.com/watch?v=30uiM7JawR0 https://www.youtube.com/watch?v=xpXQkRPa5Ck https://youtu.be/IvU3blqsBc4 https://youtu.be/1TnlQwgkENI https://www.youtube.com/watch?v=w1umDIBOgZc https://www.youtube.com/watch?v=PAjVRUsIiWE https://www.youtube.com/watch?v=5dJxwbzkjHQ https://www.youtube.com/live/t25NImXbjbc?si=7cDDHIFqCJ7vDPA1 https://www.youtube.com/watch?v=VKmbm9GlOeM https://youtu.be/3-SlcXiQyOs https://www.youtube.com/watch?v=MU4XFFgS7SE https://www.youtube.com/watch?v=pcWjwfgEfQw https://www.youtube.com/watch?v=QrQLqm4NNno https://youtu.be/fY0_xGqWcI0 https://www.youtube.com/watch?v=kxxm_sIWiLc https://www.youtube.com/watch?v=Q0Y1SeplSoU https://www.youtube.com/watch?v=EoEfg5VyU-8 https://www.youtube.com/watch?v=F16TSQvyUGw https://www.youtube.com/watch?v=NMi9sNts68c https://www.youtube.com/watch?v=ySAtBP5T06A https://www.youtube.com/watch?v=vmSAb8guWgs https://www.youtube.com/watch?v=JdEEAzT_7CU https://www.youtube.com/watch?v=Vsa46SsanQU https://www.youtube.com/watch?v=z7zcHW_vlfk https://www.youtube.com/watch?v=s8q26yAv7cE https://www.youtube.com/watch?v=ve42SDw0t1o https://www.youtube.com/watch?v=yEZG6UznR20 https://www.youtube.com/watch?v=R-vxarR5SCs https://www.youtube.com/watch?v=3rrQulei1v8 https://www.youtube.com/watch?v=zg3_53LGdYI https://www.youtube.com/watch?v=gCTNGbFdths https://www.youtube.com/watch?v=b41DqdSwbj8 https://www.youtube.com/watch?v=gZ7LE3hwdOQ https://www.youtube.com/watch?v=eJUWrMs5bSQ https://www.youtube.com/watch?v=WAdB3_CaqhU https://www.youtube.com/watch?v=l77xSsy_T1g https://www.youtube.com/watch?v=Lh3BFOCFnPk https://www.youtube.com/watch?v=r39gk5McG2k https://www.youtube.com/watch?v=CRne-VFF8gs https://www.youtube.com/watch?v=XT35-xWTeYI https://www.youtube.com/watch?v=wgiHHrzBhp4 https://www.youtube.com/watch?v=a6nZoTcEKgI https://www.youtube.com/watch?v=C_Z1wSFbjKA https://www.youtube.com/watch?v=4t51uZqHQ_E https://www.youtube.com/watch?v=NIfukZF-mzo https://www.youtube.com/watch?v=YbTGMZdNp8w,found on https://lancienne-lorette.org/evenements/seances-du-conseil/seance-ordinaire-du-conseil-municipal-2026-10-27
ca:csd:2450072,Nicolet,Quebec,youtube,https://www.youtube.com/watch?v=6y6YtwuyB5c,single_video,no,qc_giant,https://www.youtube.com/watch?v=6y6YtwuyB5c https://www.youtube.com/watch?v=p7U5_Dd-puY https://www.youtube.com/watch?v=r-OpjpfInMY https://www.youtube.com/watch?v=JOV-94JFaL4 https://www.youtube.com/watch?v=LcevtFgXHfg https://www.youtube.com/watch?v=RoIo5MNYbfc https://www.youtube.com/watch?v=C-d9jj7L2qY https://www.youtube.com/watch?v=_FKCuWIh62w https://www.youtube.com/watch?v=s7rQG3yyfLU https://www.youtube.com/watch?v=mUJRiHkJSFc https://www.youtube.com/watch?v=idMHsjW1B3w https://www.youtube.com/watch?v=OMkrjKZpqZ4 https://www.youtube.com/watch?v=RLh4kirGUjE https://www.youtube.com/watch?v=mvd--X4k1kg&feature=youtu.be https://www.youtube.com/watch?v=kc-1PbtRgFc https://www.youtube.com/watch?v=hQhAiBytfd8 https://www.youtube.com/watch?v=t2wjPwOKIZY https://www.youtube.com/watch?v=Ooq0kbQNwTM https://www.youtube.com/watch?v=50Su0fRuyi8 https://www.youtube.com/watch?v=c2TCGg5xMuI,found on https://nicolet.ca/fr/albums-videos/videos-promotionnelles
ca:csd:2493012,Métabetchouan--Lac-à-la-Croix,Quebec,youtube,https://www.youtube.com/@MetabetLALC,channel,no,qc_giant,https://www.youtube.com/@MetabetLALC,found on https://ville.metabetchouan.qc.ca/ville-et-citoyen/le-conseil/seances-du-conseil/
ca:csd:2409065,Price,Quebec,youtube,https://www.youtube.com/watch?v=5RcqO_EeMcg,single_video,no,qc_giant,https://www.youtube.com/watch?v=5RcqO_EeMcg,
ca:csd:2472020,Pointe-Calumet,Quebec,youtube,https://www.youtube.com/channel/UCNtciliS68CKA6ywWSiFjgA/videos?view_as=subscriber,channel,no,qc_giant,https://www.youtube.com/channel/UCNtciliS68CKA6ywWSiFjgA/videos?view_as=subscriber,found on https://www.pointe-calumet.ca/municipalite/vie-democratique/seances-du-conseil
ca:csd:2439015,Notre-Dame-de-Ham,Quebec,youtube,https://www.youtube.com/watch?v=5hkpsJjRY3g,single_video,no,qc_giant,https://www.youtube.com/watch?v=5hkpsJjRY3g https://youtu.be/rU4N0Rjs868 https://youtu.be/1ucx-0Yg51w https://youtu.be/zH4KpKnW8_I https://youtu.be/wxzVoRZJLDE https://youtu.be/EZoAZ7AY5_w https://youtu.be/wKn9aXyPEIo https://youtu.be/fMfD5_ZtR-A https://www.youtube.com/watch?v=uXLdXzus1HQ https://youtu.be/YjhUfHdTd7k https://youtu.be/GxaQjQAoCYY https://youtu.be/71wNnn4lF-8 https://youtu.be/8vkmi0vLDPU https://youtu.be/EIOV4mWcDOE https://youtu.be/biLOlpVbmn8 https://youtu.be/uIaV8uRN5Ok https://youtu.be/IHXUWn0pswo https://youtu.be/XaJKKi75OKo https://youtu.be/LnAq3NcWCqA https://youtu.be/hPL8NkKCLeo https://youtu.be/8fugj9YGBCA https://youtu.be/Dgi-5Le7gww https://youtu.be/gNIx8tTKsWk https://youtu.be/2O0Wf5FjES8 https://youtu.be/KyXgRH3880s https://youtu.be/WYlf7ratg7k https://youtu.be/y6DExIljqhc https://youtu.be/P-twjEbkjRo https://youtu.be/OXWzrQKLbGg https://youtu.be/LirnH9o6uA0 https://youtu.be/NnYswNl9FgQ https://youtu.be/26l6d39DW4I https://youtu.be/zcjLhwV9rEo https://youtu.be/I8OGZR7fyXM https://youtu.be/lyNvLN6HIPU https://youtu.be/8Ms4szEg9W8 https://youtu.be/um4i-L460HQ https://youtu.be/4f-bM8jtI4I https://youtu.be/lYMkpKyTEsI https://youtu.be/UWPiv9Jxfg0 https://youtu.be/RgPFBlRMN2I https://youtu.be/hop_TqrkWXI https://youtu.be/LuXXy-8M0og https://youtu.be/ro5RbrDDZes https://youtu.be/hQcU1_Avp-w https://youtu.be/0aMPQtV1y60 https://youtu.be/Slr4ibTanrc https://youtu.be/JEPYST0ZJuU https://youtu.be/JBlc1ke5hMs https://youtu.be/LMZn7ldXdgA https://youtu.be/_1eAj-_n3IY https://youtu.be/GeOT7pNAHHg https://youtu.be/WVzFXYr8O2w https://youtu.be/I0xpEd7mHYs https://youtu.be/TujEhhIGq9o https://youtu.be/ouDDAbRZ5oI https://youtu.be/2ESk3t6rh7E https://youtu.be/N77mtPYLaEE https://youtu.be/S9EfRlI1e_4 https://www.youtube.com/watch?v=RcK4XNn6l7g&t=20s https://youtu.be/nuAZmKedNsM https://youtu.be/OAndkjCMLzs https://youtu.be/sJisWKmr-oM https://youtu.be/mPUaIBWnZJA https://youtu.be/2KBqml6G6wo https://youtu.be/chYD1xHA9U0 https://youtu.be/P_OiBYI3c_k https://youtu.be/tKgKBeYgm8I https://youtu.be/YuMf1j1N6zY https://youtu.be/t5-FCChC1bw https://youtu.be/ZZlGpcUkZ3g https://youtu.be/nY9nnM7Ikrk https://youtu.be/SGry8UkJeQ0 https://youtu.be/PfIDUrixzkQ https://youtu.be/B81KhwT3j-g https://youtu.be/tLPGf9e3_qk https://youtu.be/Kg6sS4eSYl4 https://www.youtube.com/watch?v=voLxCsYgPQw https://www.youtube.com/watch?v=zoFU5Dvdppg https://www.youtube.com/watch?v=colLvEXp5mo https://www.youtube.com/watch?v=gx-SYyPUMvc https://www.youtube.com/watch?v=iE9FRW3j6e8&feature=youtu.be https://youtu.be/3AtcaVJk65Y https://youtu.be/N7VHCcFZi9w https://youtu.be/z8Gttqp2f_4 https://youtu.be/u0WdBMbD3OU https://youtu.be/Qg55fGEIp88,
ca:csd:2435005,Notre-Dame-de-Montauban,Quebec,youtube,https://www.youtube.com/watch?v=x6BEitXODzU,single_video,no,qc_giant,https://www.youtube.com/watch?v=x6BEitXODzU https://www.youtube.com/watch?v=Xd7u9VoGM9w&t=2s https://www.youtube.com/watch?v=34LE9cHobkU https://www.youtube.com/watch?v=i1r1PLoVWCw https://www.youtube.com/watch?v=yH20rcJ-i1E https://www.youtube.com/watch?v=mBQAv7QJd_E https://www.youtube.com/watch?v=MEImi8wwKbA https://www.youtube.com/watch?v=3NnXXsoH6jE https://www.youtube.com/watch?v=8wvA4wvj1cA https://www.youtube.com/watch?v=7ILUcUOuK-8&t=19s https://www.youtube.com/watch?v=U1Ndz7LnlwA https://www.youtube.com/watch?v=wur8f5b6J3Y https://www.youtube.com/watch?v=vVwS0Cf57pk https://www.youtube.com/watch?v=c7NQaB-5w_I https://www.youtube.com/watch?v=2Hps4g0uiiw https://www.youtube.com/watch?v=aquCzH2bn7Y https://www.youtube.com/watch?v=DyrHRMeFpqY https://www.youtube.com/watch?v=aXRX234NO14 https://www.youtube.com/watch?v=U-eV9pWBbMI https://www.youtube.com/watch?v=hiPlIIim94o https://www.youtube.com/watch?v=xGG7CiIi8hY https://www.youtube.com/watch?v=8AeEzI8_OL8 https://www.youtube.com/watch?v=Td4LcW4mAO0 https://www.youtube.com/watch?v=WG5l5Whok80&t=674s https://studio.youtube.com/video/a1_zSVGP7xg/edit https://studio.youtube.com/video/yn5Kp4a2ntI/edit https://studio.youtube.com/video/URNvCjfcq1A/edit https://studio.youtube.com/video/LDedk2Gnk2Y/edit https://studio.youtube.com/video/PxaSqubxuzk/edit https://studio.youtube.com/video/-1M36ZhyrmM/edit https://studio.youtube.com/video/e2nYjGJzgxk/edit https://studio.youtube.com/video/f524eRBriCc/edit https://studio.youtube.com/video/KfxJt-umlzU/edit https://studio.youtube.com/video/fm9CKxrJTCQ/edit https://studio.youtube.com/video/SSM4a4DXTNw/edit https://studio.youtube.com/video/TQgGF2foe14/edit https://studio.youtube.com/video/44QQ9zDvdCg/edit https://studio.youtube.com/video/c1oxgaV2hn4/edit https://studio.youtube.com/video/sbkuaus055I/edit https://studio.youtube.com/video/M7MoissSkXs/edit https://studio.youtube.com/video/z7-5Wh3kxz8/edit https://studio.youtube.com/video/9vlwBvdd7pY/edit https://studio.youtube.com/video/HjBU-Q3517A/edit,found on https://www.notredamedemontauban.com/séancesduconseil
ca:csd:2477065,Saint-Adolphe-d'Howard,Quebec,youtube,https://www.youtube.com/live/B7QAg0DmjSo,single_video,no,qc_giant,https://www.youtube.com/live/B7QAg0DmjSo,found on https://www.stadolphedhoward.qc.ca/evenement/441/seance-ordinaire-du-conseil-municipal-17-septembre-2026
ca:csd:2432043,Plessisville,Quebec,youtube,https://www.youtube.com/channel/UCofEN0Gcn07LC8L3TgX0dkg,channel,no,qc_giant,https://www.youtube.com/channel/UCofEN0Gcn07LC8L3TgX0dkg https://www.youtube.com/watch?v=bdo9AZ5IMJ8 https://youtu.be/n2Dl3yJ8TFs https://www.youtube.com/watch?v=wcdGM0GXk6U https://www.youtube.com/watch?v=sfE4wk5OWps https://www.youtube.com/watch?v=AgMBC2bYDf0 https://www.youtube.com/watch?v=bcv95NSMX9Q https://www.youtube.com/watch?v=IwzX-KxtJzA https://www.youtube.com/watch?v=s1mULQE3BNQ https://www.youtube.com/watch?v=J6v3wR0kbD8 https://www.youtube.com/watch?v=iTICJGJcWrE https://www.youtube.com/watch?v=5ROUjCcoO1Y https://www.youtube.com/watch?v=OpA1UCRR2ms https://www.youtube.com/watch?v=INTcN7-aXlA,"found on https://plessisville.quebec/: ""Youtube"" under heading ""Consultez les événements et messages du babillard communautaire""; page ""Ville de Plessisville""; nearby: ""1700, rue Saint-Calixte Plessisville (Québec) G6L 1R3"""
ca:csd:2418070,Saint-Antoine-de-l'Isle-aux-Grues,Quebec,youtube,https://www.youtube.com/watch?v=ghQ2_bOmxsQ,single_video,no,qc_giant,https://www.youtube.com/watch?v=ghQ2_bOmxsQ https://youtu.be/9jFkD3ZlZbg https://www.youtube.com/watch?v=TS3voNn3fFI https://youtu.be/d06r8HKjHqM https://youtu.be/1Jkn6UshGrE https://youtu.be/eXpzbbqwT8I https://youtu.be/10IvzwCjgvQ https://youtu.be/bsFNIW-FoZo https://youtu.be/-7UT8nLrEwU https://youtu.be/wML2YxsKwHY https://www.youtube.com/watch?v=30nIggJRYIA https://youtu.be/n7fWKayKtmM,found on https://www.isle-aux-grues.com/fr/vie-municipale/conseil-municipal/proces-verbaux-et-ordres-du-jour/
ca:csd:2469070,Saint-Anicet,Quebec,youtube,https://www.youtube.com/channel/UCVjAd-h8P0Kb4phMqcN5kfA,channel,no,qc_giant,https://www.youtube.com/channel/UCVjAd-h8P0Kb4phMqcN5kfA,"found on https://stanicet.com/: ""Assemblée en directe"" under heading ""Organismes""; page ""Municipalité de Saint-Anicet | Un lac, une campagne, une passion""; nearby: ""Assemblée en directe"""
ca:csd:2423072,Saint-Augustin-de-Desmaures,Quebec,youtube,https://www.youtube.com/watch?v=aybt6GEkCmA&t=206s,single_video,no,qc_giant,https://www.youtube.com/watch?v=aybt6GEkCmA&t=206s https://www.youtube.com/watch?v=-tBwB32hjUk https://www.youtube.com/watch?v=BJyvKaSNWg4 https://www.youtube.com/watch?v=OVhp8XpYuws&t=3182s,found on https://vsad.ca/webdiffusion
ca:csd:2442032,Racine,Quebec,youtube,https://www.youtube.com/watch?v=uFUOXUIKgcY,single_video,no,qc_giant,https://www.youtube.com/watch?v=uFUOXUIKgcY https://racine.ca/conseil-municipal/ https://youtu.be/MKEGr_9-bvo?si=exBWRETNFtUYNgDM https://youtu.be/tJGLfoYDVuo https://youtu.be/n2rFYqBeJ6c https://www.youtube.com/watch?v=UZ5flBvkphI&t=3641s https://youtu.be/KyKFIBUkdPI https://youtu.be/hHS2Xi-T0gw https://youtu.be/ZULi9TMBASg https://youtu.be/A1agckbclxo https://www.youtube.com/watch?v=yOAyFUlBoD4 https://youtu.be/tgipRUKStkY,
ca:csd:2416005,Petite-Rivière-Saint-François,Quebec,youtube,https://www.youtube.com/channel/UCSBteu_lqoBs4cg8AZxqY4w,channel,no,qc_giant,https://www.youtube.com/channel/UCSBteu_lqoBs4cg8AZxqY4w https://youtu.be/FmlBMWhKmcE https://youtu.be/QXxvp3d_WcM https://youtu.be/IpLnukToUeY https://www.youtube.com/watch?v=LcRe1bglfDM,"found on https://www.petiteriviere.com/: ""youtube""; page ""Accueil - Petite Rivière Saint-François""; nearby: ""Accueil EMPLOIS Nous joindre"""
ca:csd:2463023,Saint-Alexis,Quebec,youtube,https://www.youtube.com/@Saint-Alexis-Montcalm,channel,no,qc_giant,https://www.youtube.com/@Saint-Alexis-Montcalm,found on https://www.st-alexis.com/municipalite/vie-democratique/videos-des-seances-du-conseil
ca:csd:2487035,Poularies,Quebec,youtube,https://www.youtube.com/watch?v=8sYMxK7LPoc,single_video,no,qc_giant,https://www.youtube.com/watch?v=8sYMxK7LPoc https://www.youtube.com/watch?v=-gEq-Y59po8,found on https://poularies.ao.ca/fr/page/index.cfm?PageID=6156
ca:csd:2471045,Saint-Clet,Quebec,youtube,https://www.youtube.com/watch?v=_0qDot5oWns,single_video,no,qc_giant,https://www.youtube.com/watch?v=_0qDot5oWns,found on https://st-clet.com/fr/conseil-municipal/mot-de-la-mairesse
ca:csd:2486042,Rouyn-Noranda,Quebec,youtube,https://www.youtube.com/channel/UCFunMXN9mfHaEmYsghc-Haw,channel,no,qc_giant,https://www.youtube.com/channel/UCFunMXN9mfHaEmYsghc-Haw https://www.youtube.com/playlist?list=PLW-AT6xKOsaGyH2WxfF6K5qIEVgsZNQMQ,"found on https://ville.rouyn-noranda.qc.ca/: ""Youtube"" under heading ""Affaires""; page ""Ville de Rouyn-Noranda""; nearby: ""Ville Découvrir Rouyn-Noranda 2026 - 100e de Rouyn-Noranda Actualités Projets majeurs Événements Histoire S'établir à Rouyn-Noranda TOI + MOI, c'est pour la Ville Tourisme Ville et villages en santé Q"""
ca:csd:2447047,Roxton Pond,Quebec,youtube,https://youtu.be/Glk-tBkwv0Q?si=9ds4AmqJnFPxnw16,single_video,no,qc_giant,https://youtu.be/Glk-tBkwv0Q?si=9ds4AmqJnFPxnw16,
ca:csd:2462075,Saint-Damien,Quebec,youtube,https://youtu.be/3qzil8iGdsQ,single_video,no,qc_giant,https://www.youtube.com/channel/UCT7F_3aum6nsHKVjvZINd0Q https://youtu.be/3qzil8iGdsQ https://youtu.be/QIBgfake-Hc https://youtu.be/zuMjCtizqQM https://youtu.be/a3-VER8itO8 https://youtu.be/wNVPBwl0NiU https://youtu.be/VH9EuSrXb5I https://youtu.be/OkIX6tBYJAs https://youtu.be/-jqRWw0A1Dk https://youtu.be/C_zrgIMU8tQ https://youtu.be/n9eSRDphMMU https://youtu.be/o3T7KjdppEU https://youtu.be/2fNdw5xKRaQ https://youtu.be/thyNXtBZeM0 https://youtu.be/cIiV-Qjtelg https://youtu.be/VQSxrMobXwQ https://youtu.be/ws3IPlvfuNU https://youtu.be/TtMA8_qEqCs https://youtu.be/lgunFGooTEo https://youtu.be/UakPBlB11SM https://youtu.be/VTkehqL4wKg https://youtu.be/jJK2epFHXyc https://youtu.be/WZAcP_GBgPI https://youtu.be/dxdLmXmZNeQ https://youtu.be/Hd-Iiq_6dNw https://youtu.be/4xHKVENN3PU https://youtu.be/TAKClWzrNeA https://youtu.be/Ts88YgxfhsM https://youtu.be/Efybr9QivPw https://youtu.be/Hl-hxV8AR00 https://youtu.be/GBfSpyP8v28 https://youtu.be/Zepumkn08mw https://youtu.be/qAZrMwrPg4Y https://youtu.be/-tonb2mSegg https://youtu.be/V_i3jr_SUFo https://youtu.be/he1gIITODaI https://youtu.be/QZL0bp01DEo https://youtu.be/TqfvBrihTGI https://youtu.be/ebeeWwILRqE https://youtu.be/D2NyQn3h-ws https://youtu.be/NBak5oZ__ls https://youtu.be/bArCWR61uro https://youtu.be/79TRRMoWtSg,found on https://www.st-damien.com/seacuteances-du-conseil.html
ca:csd:2417040,Saint-Damase-de-L'Islet,Quebec,youtube,https://www.youtube.com/watch?v=kVF8ZFQfsug,single_video,no,qc_giant,https://www.youtube.com/watch?v=kVF8ZFQfsug,found on https://saintdamasedelislet.com/video-fete-nationale-des-quebecois-es-2024/
ca:csd:2429057,Saint-Côme--Linière,Quebec,youtube,https://www.youtube.com/watch?v=8dHg92cJbUo,single_video,no,qc_giant,https://www.youtube.com/watch?v=8dHg92cJbUo https://www.youtube.com/watch?v=HLQu9dzX_VQ https://youtu.be/_tAojwM0qWc https://youtu.be/-0qhdTH03Ig https://www.youtube.com/watch?v=zmV0RvZHa0U https://www.youtube.com/watch?v=zbZYM8REGCA https://www.youtube.com/watch?v=XHgyzSeV7UU https://www.youtube.com/watch?v=L68OMs4yfNk https://www.youtube.com/watch?v=9XpRBWwd6og https://www.youtube.com/watch?v=i0Fc6Fljugo https://www.youtube.com/watch?v=GAJfMTcXJPQ https://www.youtube.com/watch?v=0-FIM2Vl5No https://www.youtube.com/watch?v=vaDd0fNKEjs https://www.youtube.com/watch?v=WO1Mhd_p0pI https://www.youtube.com/watch?v=FVaH0V0Njgk https://www.youtube.com/watch?v=vgoLQqRuvAc,found on https://www.stcomeliniere.com/municipalite/conseil-municipal-saint-come-liniere
ca:csd:2417055,Saint-Aubert,Quebec,youtube,https://www.youtube.com/watch?v=cwvPKPqlk14,single_video,no,qc_giant,https://www.youtube.com/watch?v=cwvPKPqlk14,found on https://saint-aubert.net/fr/galerie-videos/lac-trois-saumons
ca:csd:2451085,Saint-Boniface,Quebec,youtube,https://www.youtube.com/watch?v=uZNrzOSrByI&t=108s,single_video,no,qc_giant,https://www.youtube.com/watch?v=uZNrzOSrByI&t=108s https://www.youtube.com/watch?v=BbJxLd637LU https://www.youtube.com/watch?v=l20pTKVbHQ4 https://www.youtube.com/watch?v=b_xdDEVfOpE https://www.youtube.com/watch?v=BKjuAgZAxkE https://www.youtube.com/watch?v=z64Ztf6_19E https://www.youtube.com/watch?v=w92jVDAyCI8 https://www.youtube.com/watch?v=JOaax07Asyw https://www.youtube.com/watch?v=6XuK8unka_s https://www.youtube.com/watch?v=QLypoCdIqYg https://www.youtube.com/watch?v=iM4z9ZTF2jQ https://youtu.be/hxVk6nfod3I?si=AAWQWjXtuSohkC12 https://www.youtube.com/watch?v=mVyR2_6CLa4 https://www.youtube.com/watch?v=BsgmsukiMf8 https://www.youtube.com/watch?v=6krBmKaJGDo,found on https://saint-bo.ca/fr/galerie-videos/patrimoine
ca:csd:2457075,Saint-Antoine-sur-Richelieu,Quebec,youtube,https://www.youtube.com/watch?v=GcEbPZ3B8EM&t=1369s,single_video,no,qc_giant,https://www.youtube.com/watch?v=GcEbPZ3B8EM&t=1369s https://youtu.be/MVu1CIDDPA0,found on https://saint-antoine-sur-richelieu.ca/seances-du-conseil/
ca:csd:2455023,Saint-Césaire,Quebec,youtube,https://www.youtube.com/@Saint-C%C3%A9saire,channel,no,qc_giant,https://www.youtube.com/watch?v=hHEAVxaKXHU https://www.youtube.com/@Saint-C%C3%A9saire,found on https://villesaintcesaire.com/ma-ville/democratie/seances
ca:csd:2457057,Saint-Charles-sur-Richelieu,Quebec,youtube,https://youtu.be/rqGx_uyZYYg,single_video,no,qc_giant,https://youtu.be/rqGx_uyZYYg https://youtu.be/Rei5tKE-L04 https://youtu.be/psWumvWvYbk https://youtu.be/6epqnkn4WGE https://youtu.be/rERGsgmYyOE https://youtu.be/0IvtKmqT2VI https://youtu.be/jUyWuellNyk https://youtu.be/-lIyajKD7dw https://youtu.be/u5TQXtdb98o https://youtu.be/xpVy4_jKW9U https://youtu.be/Pca9qQ8VUzY,found on https://www.saint-charles-sur-richelieu.ca/fr/municipalite/seances-du-conseil
ca:csd:2404037,Sainte-Anne-des-Monts,Quebec,youtube,https://www.youtube.com/channel/UC1cMH0Ibj5TKybOP5EklHxQ/featured,channel,no,qc_giant,https://www.youtube.com/watch?v=MCmFVOMdj_k https://www.youtube.com/watch?v=TtLpvgjtv2Q https://www.youtube.com/watch?v=YZTCWWKb6eI https://www.youtube.com/channel/UC1cMH0Ibj5TKybOP5EklHxQ/featured,found on https://villesadm.net/proces-verbaux/
ca:csd:2456060,Sainte-Anne-de-Sabrevois,Quebec,youtube,https://youtu.be/Iz0hsR7oxu4,single_video,no,qc_giant,https://youtu.be/Iz0hsR7oxu4 https://youtu.be/9bPCSa82FrA https://youtu.be/VUOB1_xrnys https://youtu.be/U-2tCvZSVtI https://youtu.be/bfnu4u1xNS4 https://youtu.be/OAKKGjkI6zY https://youtu.be/tnPNqzG0w3k https://youtu.be/k4WYrhdsmEc https://youtu.be/BoVauVlrHjE https://youtu.be/9I819xFrUEU https://youtu.be/c-u6_eQBwHc https://youtu.be/57H_9HKgBgg https://www.youtube.com/watch?v=_m6-NxR5PpM&t=39s https://www.youtube.com/watch?v=AA3obWXhntA&t=45s https://www.youtube.com/watch?v=K5Y4B0MnRTA&t=46s https://www.youtube.com/watch?v=Yv6NvQW74zY https://www.youtube.com/watch?v=D_rhHS-lK5A https://www.youtube.com/watch?v=2RMthixv0P4 https://youtu.be/fnwiLDVjEHw https://www.youtube.com/watch?v=WubpV5uKj4Y&t=2s https://www.youtube.com/watch?v=cfQiKOo3tFY&t=5s https://youtu.be/l91V4Abv_3k https://youtu.be/_hcIXKMgnVg https://youtu.be/r5DyQobwFzY https://www.youtube.com/watch?v=dSAA-1un19g,found on https://sainte-anne-de-sabrevois.com/?page_id=145
ca:csd:2494068,Saguenay,Quebec,youtube,https://www.youtube.com/user/villesaguenay,channel,no,qc_giant,https://www.youtube.com/user/villesaguenay https://www.youtube.com/watch?v=EaAmhOCk7Uc https://www.youtube.com/watch?v=tqEZb6o0HSY https://www.youtube.com/watch?v=62dEi30U_Ss https://www.youtube.com/watch?v=5e2hK7lhCGM https://www.youtube.com/watch?v=11vpZQD7Mi0 https://www.youtube.com/watch?v=2oI-ixIrzlA https://www.youtube.com/watch?v=BWB1wSzCur8,"found on https://ville.saguenay.ca/: under heading ""Services en ligne""; page ""Ville de Saguenay | Accueil""; nearby: ""Les sites de Saguenay Ville Loisirs Idées de sortie Police Incendie Tourisme Promotion Saguenay Aéroport Arvida Mont-Fortin Culture-Éducation Élections Ombudsman Courriels à la ville Info, requête et"""
ca:csd:2461035,Saint-Charles-Borromée,Quebec,youtube,https://www.youtube.com/@villescb/videos,channel,no,qc_giant,https://www.youtube.com/@villescb/videos https://www.youtube.com/watch?v=pGvSWtxfce8 https://www.youtube.com/watch?v=hk6AEeyXS7s https://www.youtube.com/watch?v=iK2oFVwDkeY https://www.youtube.com/watch?v=kHw2OD2fWp8 https://www.youtube.com/watch?v=UIPCLcmKbYw https://www.youtube.com/watch?v=HTLR83CT4rw https://www.youtube.com/watch?v=DDyEMRh0D3Y https://www.youtube.com/watch?v=QfPsnk7CDUg https://www.youtube.com/watch?v=hasTRxLvnac https://www.youtube.com/watch?v=i9o8YRbCg0A https://www.youtube.com/watch?v=q52unYvCxTQ https://www.youtube.com/watch?v=XT5x1Gx9Da4 https://www.youtube.com/watch?v=Dgmwv-sE03s https://www.youtube.com/watch?v=bt4cHoC8L8c https://www.youtube.com/watch?v=vpDI7C5luYk https://www.youtube.com/watch?v=wiEdfrzFyKU https://www.youtube.com/watch?v=4RCkpBVR9H0 https://www.youtube.com/watch?v=OW8iTma3CGU https://www.youtube.com/watch?v=KLXqDXNNYRg https://www.youtube.com/watch?v=LwwRTOB-nBA https://www.youtube.com/watch?v=81r0SL5nPpQ https://www.youtube.com/watch?v=ZTd52pM-aFg https://www.youtube.com/watch?v=t7PxYFHh_tQ https://www.youtube.com/watch?v=EI95metjS_k https://www.youtube.com/watch?v=G8ZEYWYkB44 https://www.youtube.com/watch?v=94pFak12cVI,"found on https://www.vivrescb.com/: ""Youtube"" under heading ""Actualitésrécentes""; page ""Saint-Charles-Borromée""; nearby: ""Facebook Instagram Youtube"""
ca:csd:2426040,Sainte-Hénédine,Quebec,youtube,https://www.youtube.com/watch?v=NyClqGbJgnE,single_video,no,qc_giant,https://www.youtube.com/watch?v=NyClqGbJgnE https://www.youtube.com/watch?v=HTuQ-bjBgBw https://www.youtube.com/watch?v=2DAQ7C4Bpyc https://www.youtube.com/watch?v=m9Q7m8xmhus https://www.youtube.com/watch?v=_FHgx2oVoEI https://www.youtube.com/watch?v=i_OARhT35zA&feature=youtu.be,found on https://www.ste-henedine.com/fr/videopromo
ca:csd:2462020,Sainte-Béatrix,Quebec,youtube,https://youtu.be/_sHgyhKqW1Q,single_video,no,qc_giant,https://youtu.be/_sHgyhKqW1Q https://youtu.be/E6Lp6SQ8QbM https://youtu.be/fIPOXMiCUms https://youtu.be/YJ7hS9l-mDc https://youtu.be/vJOYX2ptRY4 https://youtu.be/jU7Nobvivvs?feature=shared https://youtu.be/07ruE4oBI_Q?si=9v59AkhIVmdmCHDW https://www.youtube.com/watch?v=haG3ezZn_0A&feature=youtu.be https://www.youtube.com/watch?v=EuJnBPggsRo http://youtube.com/watch?v=fdRyoPkFwVA&feature=youtu.be https://youtu.be/A4HyTH8YVDw https://youtu.be/PkWc9y5bor0 https://youtu.be/cntugCSyRWI https://youtu.be/yUnTEye7rfk https://www.youtube.com/watch?v=aANCo_KgsGk&ab_channel=Municipalit%C3%A9deSainte-B%C3%A9atrix https://youtu.be/-6-92-i2tOo https://youtu.be/BUN2zZ7bhUU https://youtu.be/ZK96fmXJjIE https://youtu.be/fanjqiYqJ9w https://youtu.be/cXIBihP4B8Y&t=00 https://youtu.be/qRe4zOxW9Gw&t=00 https://youtu.be/eqrDwhPTCSM?t=00 https://www.youtube.com/watch?v=7PKkjHFDztU https://www.youtube.com/watch?v=T7VMAw2RJr0 https://www.youtube.com/watch?v=uKzfkGdnXxc https://www.youtube.com/watch?v=qUDB87LLBWM&ab_channel=Municipalit%C3%A9deSainte-B%C3%A9atrix https://www.youtube.com/watch?v=Opz1DXP6bfg https://www.youtube.com/watch?v=nR1glqWCqMM https://www.youtube.com/watch?v=-9nr7ks3kB0&ab_channel=Municipalit%C3%A9deSainte-B%C3%A9atrix https://www.youtube.com/watch?v=1FLFcpOmu6s&ab_channel=Municipalit%C3%A9deSainte-B%C3%A9atrix https://www.youtube.com/watch?v=bcOGQHFxnxU&ab_channel=Municipalit%C3%A9deSainte-B%C3%A9atrix https://www.youtube.com/watch?v=S_KUPtc-lO8&ab_channel=Municipalit%C3%A9deSainte-B%C3%A9atrix https://www.youtube.com/watch?v=_4m0QMAcg1o&ab_channel=Municipalit%C3%A9deSainte-B%C3%A9atrix https://www.youtube.com/watch?v=vkywKv1Ww8E https://www.youtube.com/watch?v=bpeN9MWPK5w https://www.youtube.com/watch?v=4BEB-He228Q&ab_channel=Municipalit%C3%A9deSainte-B%C3%A9atrix https://www.youtube.com/watch?v=MBlSibx7-0s&ab_channel=Municipalit%C3%A9deSainte-B%C3%A9atrix https://www.youtube.com/watch?v=sdl6RhVmXS8 https://www.youtube.com/watch?v=lKxmsD7FrKg https://www.youtube.com/watch?v=UaQxu7cSnsQ https://www.youtube.com/watch?v=527JkkOJExA https://www.youtube.com/watch?v=6ynbVDfbTVw https://www.youtube.com/watch?v=fK3CzZCYxk0 https://www.youtube.com/watch?v=TjpAKp13xxE https://www.youtube.com/watch?v=_4xBjnz9aFA https://www.youtube.com/watch?v=2r_lGxaDvGY https://www.youtube.com/watch?v=i7PbYSQ_sL0 https://www.youtube.com/watch?v=eWtuy-p4NKg https://www.youtube.com/watch?v=0XOqvdZX4WE https://www.youtube.com/watch?v=cU5JcsmZNaI https://www.youtube.com/watch?v=gGagunQD8SU https://www.youtube.com/watch?v=M-XGq5DXvVI https://www.youtube.com/watch?v=Rq256tn4pGU https://www.youtube.com/watch?v=OYYCuT4aJmE https://www.youtube.com/watch?v=rhOsaCkrW4k https://www.youtube.com/watch?v=WeRET1rW_Ok https://www.youtube.com/watch?v=I5cY-Ar4zOk https://www.youtube.com/watch?v=q5CfHJwC3PY https://www.youtube.com/watch?v=9I_9zUZbKgU https://www.youtube.com/watch?v=PNjoNgSZdAw https://www.youtube.com/watch?v=bYTHf44neyI https://www.youtube.com/watch?v=DAPJKKUpLyY https://www.youtube.com/watch?v=UTeo2K9y-B0 https://www.youtube.com/watch?v=5yCu2efwDvY https://www.youtube.com/watch?v=OOJK8u1jnZ4 https://www.youtube.com/watch?v=3d2Fot-Voq8 https://www.youtube.com/watch?v=pOW-GhjfsQ4 https://www.youtube.com/watch?v=_m27SNF2bcI https://www.youtube.com/watch?v=5bWhcF19_-4 https://youtu.be/pkOZzptcQ5o https://youtu.be/1s2MmFjJJJw https://youtu.be/FUGBkNTznis https://youtu.be/1fZ5IhhkmOo https://youtu.be/h86vr2niHso https://youtu.be/HpVdTLMNVVE https://www.youtube.com/watch?v=n2j_EfR3BLM https://youtu.be/O8DDVkkGcXU https://youtu.be/wTOgykOpQF8 https://youtu.be/a67At6mrRYU https://youtu.be/BCvYLM1NAAg https://youtu.be/iCAlaZlH72o https://www.youtube.com/watch?v=XfYAzt6duc0 https://youtu.be/Pr0RwKR_e_g https://youtu.be/HVbX8bikJ80,found on https://sainte-beatrix.com/municipalite/vie-municipale/seances-du-conseil
ca:csd:2429100,Saint-Benoît-Labre,Quebec,youtube,https://youtu.be/95L-Ax4-82w,single_video,no,qc_giant,https://youtu.be/95L-Ax4-82w https://youtu.be/KUF-HTx0IX4 https://youtu.be/3hlr2Bq0rxM https://youtu.be/4WHJFC8cfhs https://youtu.be/vnjIopo1HCo https://youtu.be/LsLKBYg40Io https://youtu.be/qpSn6gpOxHA https://youtu.be/JiM0Gvy75Qw https://youtu.be/keMor4ItlsA https://youtu.be/YdSAkjh5DxM https://youtu.be/fpRIQx8y79E https://youtu.be/oow8-U9MMAk https://youtu.be/1Iu1SER7VX8 https://youtu.be/q0o0FPsm2nI https://youtu.be/s5etYvOG8cA https://youtu.be/nu5oly_waRQ https://youtu.be/rb-plXqAfto https://youtu.be/ImmRAtjKsoE https://youtu.be/WEH-SmcXsas https://youtu.be/9BYWSXSGuMQ https://youtu.be/Swsk0QsHq98 https://youtu.be/cTEpz4YoyVo https://youtu.be/-q77Uka0NZk https://youtu.be/gyldeZMXj80 https://youtu.be/_ehJrUHnZnQ https://youtu.be/TnCECm_KPD8 https://youtu.be/b-oOLHCxgjI https://youtu.be/7Kww9FFR0bI https://youtu.be/40Q4lVf26ms https://youtu.be/SQ6yjwVXcjg https://youtu.be/MSwmClnqgv8 https://youtu.be/7rnJOoGoBCc https://youtu.be/KpTaJ6BZJYo https://youtu.be/8Kn2ekdBO5s https://youtu.be/VgvIWE-Ux-g https://youtu.be/YpxlkMPYYDo https://youtu.be/cwevJiFgV4E https://youtu.be/FZkzMCitLrI https://youtu.be/sbtOOjvTR_o https://youtu.be/v2-GD98e31Y https://youtu.be/Fy6hm2klAII https://youtu.be/_a1yJa-Z9VQ https://youtu.be/ClJaikBgF1o https://youtu.be/Z9K3kWOSrx0 https://youtu.be/9tWbUOsIIfM https://youtu.be/Vco4PTczMTI https://youtu.be/xbMzdhvOph4 https://youtu.be/CdpwZGosG5k https://youtu.be/Eq1sTIlbA4Q https://youtu.be/oRpRFd_1wTw https://youtu.be/sz2lCzX4xHU https://youtu.be/b5-4a7iDsJQ https://youtu.be/z7-xShVlboE https://youtu.be/h_2yZ4zFYKY https://youtu.be/bwtFON6gkcQ https://youtu.be/8ts1WMeluRg https://youtu.be/AAbfYXZhHDA https://youtu.be/4P3njGYRqS8 https://youtu.be/oXKAlAe7zfk https://youtu.be/eh4jJN76wt0 https://youtu.be/nM7ViU3StZk https://youtu.be/WymPeuQu8to https://youtu.be/iGh1sSGQA8I https://youtu.be/c4ZYMp_uK3o https://youtu.be/_wOVs5LAb_s https://youtu.be/v-5Cu3r120w https://youtu.be/PMpN4OTiDNk https://youtu.be/zLykPEMlHcs https://youtu.be/HuqWKGPvB4o https://youtu.be/cAqp4Z3jphY https://youtu.be/OQDwI9UWVMs https://youtu.be/Y2Zfm1o1OeU https://youtu.be/b5lj3cCRRVE https://youtu.be/SHnZoUvlHnA https://youtu.be/81vdnq-Vjq8 https://youtu.be/1NZ1XXs7EXE https://youtu.be/HsAp8ydhIWc https://www.youtube.com/watch?v=iHM6rzSNxHk&ab_channel=%C3%89chodelaplaceSaint-Beno%C3%AEt-Labre https://youtu.be/TZgYPwiHdBY,found on https://saintbenoitlabre.com/seance-conseil/
ca:csd:2433102,Sainte-Croix,Quebec,youtube,https://www.youtube.com/watch?v=AOO1GEYuhy8,single_video,no,qc_giant,https://www.youtube.com/watch?v=AOO1GEYuhy8 https://youtu.be/M-rOLM8rsh0 https://youtu.be/8Zr-Pz8KgRw https://youtu.be/c6J71PirDzc https://youtu.be/dV5Rb6LUDEI https://youtu.be/476J4Gb5OSQ https://youtu.be/CWf-Im45g5I https://youtu.be/EB_gEuCm3LQ https://youtu.be/MrOxjWHZTZs https://youtu.be/dSWpV6EME9Q https://youtu.be/b1haMRzFlzk https://youtu.be/MoiiFHEdxpw https://youtu.be/R9--ARSeibw https://youtu.be/xjipYKSzyNg https://youtu.be/F_tLYqY0baM https://youtu.be/UcRAOWx12_s https://youtu.be/_GXrJmejeyU https://youtu.be/w7n-bHWmnng https://youtu.be/SoeELnkPvng https://youtu.be/iRxJBf82uFI https://youtu.be/j1uCjO8B6DQ https://youtu.be/WpCzz9dlh6k https://youtu.be/9XnkH2s3Z48 https://youtu.be/nr2P3k9ecz0 https://youtu.be/gGVHY9JE6nI https://youtu.be/t3tGnB3R1p4 https://youtu.be/1-9WKZK7X4Y https://youtu.be/OeUT48pHh_c https://youtu.be/Kikmoc7-hPY https://youtu.be/xuecRHCWbHs https://youtu.be/4n63dewkC0E https://youtu.be/7KgEHLQOBPc https://youtu.be/iPYJNAT6yl8 https://youtu.be/Fb1jbKcOZ-M https://youtu.be/irVIxD12fmA https://youtu.be/hK-XyUon8MM https://youtu.be/jIfub-wE0Qo https://youtu.be/SvvlBlXH_qc https://youtu.be/miXrfLEFO3I https://youtu.be/gl35kvXVF_w https://youtu.be/Owl6WMuWE5I https://youtu.be/P8Yt0n61Ku4 https://youtu.be/bbmLWnS653g https://youtu.be/T3w9-WxzfPY https://youtu.be/lVdKEOwUYvQ https://youtu.be/2EEpyJhe58Q https://youtu.be/MdnqWf3Wz9w https://youtu.be/U5PNJe3luj0 https://youtu.be/BgRhip3XHvU,found on https://saintecroix.ca/municipalite/vie-democratique/seances-du-conseil
ca:csd:2473035,Sainte-Anne-des-Plaines,Quebec,youtube,https://www.youtube.com/channel/UCRELLzhuuWvMEWQaQNsqRBA,channel,no,qc_giant,https://www.youtube.com/channel/UCRELLzhuuWvMEWQaQNsqRBA https://youtu.be/I58BlKJ8A3E https://www.youtube.com/watch?v=dk-A5qs2JsU https://www.youtube.com/watch?v=rEUyqKm1plU https://youtu.be/NQC6Kwi0MDU https://youtu.be/Q3N1spOejxE https://youtu.be/KviLsVGo0MU https://youtu.be/tJQ9hgsBFy4 https://youtu.be/lzYlrb7Es4A https://youtu.be/kknyxZ9__ts https://youtu.be/NYIjopwuzso https://youtu.be/y8psTkcnyvk https://youtu.be/VO34atqJukI,found on https://www.villesadp.ca/ma-ville/vie-democratique/seances-du-conseil-municipal
ca:csd:2417060,Sainte-Louise,Quebec,youtube,https://www.youtube.com/watch?v=Xw99qvc6i7s,single_video,no,qc_giant,https://www.youtube.com/watch?v=Xw99qvc6i7s https://youtu.be/f2vBqc2WxRw?si=RwhK-hb-RfO0uyqu https://youtu.be/G7FIrQGYHR4?si=R0G2hxyx_1VulSeo https://youtu.be/sB-PSmZme3Q?si=bMehrar5q--Hx9Sg https://youtu.be/vhyRuwBMQVM?si=oa5lJDOApm9vCBjY https://youtu.be/Ux0LWniXtKQ?si=wzOLjIN7jzC5ndIZ https://youtube.com/watch?v=1RcdrkGgctc&si=Ir2qMu3dniBheHI7 https://youtu.be/UoQimWc_meM?si=mAUhHNdmmkzLLqOU,found on https://www.saintelouise.qc.ca/fr/municipalite/conseil-municipal/proces-verbaux/
ca:csd:2447055,Sainte-Cécile-de-Milton,Quebec,youtube,https://www.youtube.com/channel/UCMMAjsHCg9MQ0Ur7na5RLqw,channel,no,qc_giant,https://www.youtube.com/channel/UCMMAjsHCg9MQ0Ur7na5RLqw,"found on https://www.miltonqc.ca/wp-content/cache/wp-rocket/miltonqc.ca/index-https.html; page ""Municipalité de Sainte-Cécile-de-Milton - Une municipalité craquante | Accueil""; nearby: ""450 378-1942 Météo Découvrez Notre municipalité Historique de la Municipalité Célébrations 175e Habiter à Sainte-Cécile-de-Milton Bulletins municipaux « Notre Actualité » Municipalité Mot du maire Con"""
ca:csd:2417030,Sainte-Perpétue,Quebec,youtube,https://www.youtube.com/watch?v=P2W9b7FP1C0,single_video,no,qc_giant,https://www.youtube.com/watch?v=P2W9b7FP1C0 https://www.youtube.com/watch?v=7hfKhwI1usI https://www.youtube.com/watch?v=WFVb-hOKnkw&t=2402s https://www.youtube.com/watch?v=1kBitYjQLLU https://www.youtube.com/watch?v=dTY_wSk7i9U,found on https://sainteperpetue.com/fr/vie-municipale/rediffusion-seance-du-conseil
ca:csd:2448020,Sainte-Christine,Quebec,youtube,https://youtu.be/-F-qB9J3R_Q,single_video,no,qc_giant,https://youtu.be/-F-qB9J3R_Q https://youtu.be/X3DcYSsHR5g https://youtu.be/-1Vq2PaGjFg https://youtu.be/T22LLwcr0no https://youtu.be/6fQ7uelrmRQ https://youtu.be/plCMnMVrto4 https://youtu.be/SY_VN0BEfI0 https://youtu.be/shXFjEr9bys https://youtu.be/AltDY4K1EZU https://youtu.be/VEgBKxCvXKI https://youtu.be/mzyU8PsiDoc https://youtu.be/SgrVS7DNZxI https://youtu.be/QFXMvcxoOKI https://youtu.be/1SDybg-wtEk https://youtu.be/kR5BNChwQik https://youtu.be/iUuJJdiBYxs https://youtu.be/qEzqDg17rcY https://youtu.be/yT_t4j9ZZlU https://youtu.be/DGGyCS9WMBg https://youtu.be/NiqcjsusEuQ https://youtu.be/gKiBu61RC7o https://youtu.be/E9hkrqdDaE0 https://youtu.be/ZFF9VjinOAM https://youtu.be/rMaAV9RP-RU https://youtu.be/F44NOmY8GGE https://youtu.be/co5HC_02gHI https://youtu.be/XIFrrT92r5I https://youtu.be/pDbwFarzQQg https://youtu.be/_nsWgNFL0SU https://youtu.be/tAXVG9qjc_E https://youtu.be/CzbkEdUybPQ https://youtu.be/Av68gCgttcs https://youtu.be/vzUTuNi4SVc https://youtu.be/OdLMxI4G6oI https://youtu.be/TmDOLATUi0Q https://youtu.be/H0lvHDhldxg https://youtu.be/09KnihVxabk https://youtu.be/e0cxjxUG7p4 https://youtu.be/JR02EN0Ws0k https://youtu.be/ZoVF0cQzVVU https://youtu.be/ARI06vXJTGo https://youtu.be/aloNs1jaNsI https://youtu.be/cUFQEyT97_4 https://youtu.be/NLKI8B8y99I https://youtu.be/4KUPu0nmOBA https://youtu.be/6bvByyDyoBA https://youtu.be/MjeQZVP5hMI https://youtu.be/E1DXdX1D6Jc https://youtu.be/yYFVEVS-uoo https://youtu.be/ckdhORC9Nkk https://youtu.be/ra7hZ8kfigc https://youtu.be/ijD4ZzWKN8o https://youtu.be/0vPp_53yW_8 https://youtu.be/4XTE00FuuaY https://youtu.be/yeQo7tqRDzU https://youtu.be/bh09cTtMjrE https://youtu.be/Z3OJDi7OUGg https://youtu.be/qgbxPNfBilc https://youtu.be/KqVV2hRwdCk https://youtu.be/6lgzVaT8miM https://youtu.be/IAYebsqoJF8 https://youtu.be/faHLTavvhgU https://youtu.be/EKOA64xYcFo https://www.youtube.com/watch?v=nfk4BrlvBzw https://youtu.be/nja-rNSf9hI https://youtu.be/fP54ThLSqb8 https://youtu.be/164vzK3OeF8 https://youtu.be/LCiaiG-4f_I https://youtu.be/xMkSf484gog https://youtu.be/rZ8VMuupN8c https://youtu.be/_6HK_zXuWbI https://youtu.be/Lh1CzjRAo8s https://youtu.be/clnaojlxnhk https://youtu.be/8i3N9bGLd1w https://youtu.be/JcEWeD7FLD0 https://www.youtube.com/watch?v=tnWDpdnFXlc https://youtu.be/DaGZCfxxDoU https://www.youtube.com/watch?v=y3JnxALGrXw https://www.youtube.com/watch?v=_MWqsslYwAw https://www.youtube.com/watch?v=iQ12mW8fZck https://youtu.be/nHMwTuZi5M4 https://youtu.be/lc97j0VaSk8 https://youtu.be/AhAXsaS0f7E https://youtu.be/xfn-i6cvVAA https://youtu.be/NbTQ0JDf7eM https://youtu.be/wzLaHumWeDM https://youtu.be/O_GiMelzS7E https://youtu.be/TcQ0Mq31RQM https://youtu.be/04eL0vvK-KU https://youtu.be/Eu0JEXGi4k0 https://youtu.be/eBqpMBiXdiw https://youtu.be/6ITdc410btM https://youtu.be/DlK8wuL_Iyo https://youtu.be/7jFQ8mqXOBQ https://youtu.be/f6btZXJ3Y4w https://youtu.be/WaF4-MWcFhg https://youtu.be/VLeEswGcxF8 https://youtu.be/YZ6gF2vbT_g https://youtu.be/nzfvKhbbqt4 https://youtu.be/e0VOzD6X9UI https://youtu.be/-XPqHvRWkEY https://youtu.be/ilfI3MVNZdE https://youtu.be/_KoZSAJjRFE https://youtu.be/h86gdomK8Bw https://youtu.be/DRUI4kHo89c https://youtu.be/OCeaY7ONm6I https://youtu.be/c2zCgYZudIk https://youtu.be/9ZP_eLS-RQc https://youtu.be/FOCKAmqlUKA,found on https://ste-christine.com/proces-verbaux-et-reunion-du-conseil/
ca:csd:2438060,Sainte-Cécile-de-Lévrard,Quebec,youtube,https://youtu.be/0E-2l8GTpMo,single_video,no,qc_giant,https://youtu.be/0E-2l8GTpMo https://youtu.be/xMSEY3Fi1Ns https://youtu.be/yr8iwt0s41k,found on https://stececiledelevrard.com/la-municipalite/seances-du-conseil/
ca:csd:2462070,Sainte-Émélie-de-l'Énergie,Quebec,youtube,https://www.youtube.com/watch?v=3ROIpOAanyU,single_video,no,qc_giant,https://www.youtube.com/watch?v=3ROIpOAanyU https://www.youtube.com/watch?v=IkcyUGd3Q0k https://www.youtube.com/watch?v=W7f-K1HE4cU&t=4s https://youtu.be/2ZSDP4Frx6g https://youtu.be/Lf7ZYQQ85g4 https://www.youtube.com/watch?v=QlCwIEtwquo https://www.youtube.com/watch?v=SUmUpUxB3lo https://youtu.be/MeEDu5lYBlQ https://youtu.be/mGCUT-Zv2ys https://youtu.be/K2Nhkr7n0ZA,found on https://steemelie.ca/fr/muni/conseil-municipal/seances-conseil
ca:csd:2437215,Sainte-Geneviève-de-Batiscan,Quebec,youtube,https://youtu.be/bovWAh-MD7U,single_video,no,qc_giant,https://youtu.be/bovWAh-MD7U https://youtu.be/bInT3U-C-6c https://youtu.be/OOAQk0zTkno https://youtu.be/ILe4f67_Y3s https://youtu.be/ydqPXcR1I8c https://youtu.be/3CZvFBbLa_0 https://youtu.be/QMiBJLs5qvA https://youtu.be/3cxmKqj0a5Y https://youtu.be/N9TLEz3KocE https://youtu.be/7mxVkveTLUw https://youtu.be/h8C0ecJpYu8 https://youtu.be/Wg_hpBi_mEg,found on https://www.stegenevieve.ca/fr/municipalite/seances-du-conseil
ca:csd:2451055,Sainte-Angèle-de-Prémont,Quebec,youtube,https://www.youtube.com/channel/UCz8iaJlFhUolwS2f-3pRSVQ/videos,channel,no,qc_giant,https://youtu.be/TOQK3NaJfs0 https://youtu.be/nO3vTr_zfGE https://youtu.be/vD7nVwHEhls https://youtu.be/WQvyNG011KQ https://youtu.be/OOnf5Ziwffw https://youtu.be/jysAh5Qw304 https://youtu.be/LzrgUUWcbXs https://youtu.be/I2t5wbzXkT4 https://youtu.be/s2-w7bXVlsU https://youtu.be/bEr2xUcbM6c https://www.youtube.com/channel/UCz8iaJlFhUolwS2f-3pRSVQ/videos,found on https://www.sainte-angele-de-premont.ca/gestion-municipale/seances-du-conseil/
ca:csd:2455030,Sainte-Angèle-de-Monnoir,Quebec,youtube,https://youtu.be/mPgi6Pe7lC8,single_video,no,qc_giant,https://youtu.be/mPgi6Pe7lC8 https://youtu.be/Xqd2MRLYVvA https://youtu.be/oRMKBQkhUwU https://youtu.be/62LXovuGFBk https://youtu.be/L6JsnwMZd0s https://youtu.be/HHtbsAORZzY https://youtu.be/ErE6kELCEJk https://youtu.be/Wt1Br0fMxPU https://youtu.be/KOGMzkL88W0 https://www.youtube.com/watch?v=FnmHpHjug1g https://www.youtube.com/watch?v=nwC-bp_j85s https://youtu.be/c7Ot1WT0mPA https://youtu.be/R0V3DUmcAVU https://youtu.be/NNqVcjVGJSM https://www.youtube.com/watch?v=K1hSvYKbYM4&t=7s,found on https://www.sainte-angele-de-monnoir.ca/conseil-municipal/seances-du-conseil/
ca:csd:2463060,Sainte-Julienne,Quebec,youtube,https://www.youtube.com/channel/UC4D87jGjB7uDTrXfQ04uHBQ/live,channel,no,qc_giant,https://www.youtube.com/channel/UC4D87jGjB7uDTrXfQ04uHBQ/live https://www.youtube.com/watch?v=z2d7mgX1Fcg https://www.youtube.com/watch?v=vGIqF6TT_a0 https://www.youtube.com/watch?v=yu6YYcNRWXs https://www.youtube.com/watch?v=K8H2On8keoc https://www.youtube.com/watch?v=TctrVV9t2dY https://www.youtube.com/watch?v=BVQBKmQVLSA https://www.youtube.com/watch?v=ATOTKcWnM_U https://www.youtube.com/watch?v=8XYeFmSCudg https://www.youtube.com/watch?v=EoPECPGLiuw https://www.youtube.com/watch?v=jfXAri_sxyA https://www.youtube.com/watch?v=jSfwbJxcBpY https://www.youtube.com/watch?v=yE4wuHAg4p8 https://www.youtube.com/watch?v=sE2PUT3cpfA https://www.youtube.com/live/1Zo10GUy0aw?si=kkwubNLheFM458My https://www.youtube.com/live/f6Ca9snzyTA?si=0PnsrTtQjBEyAfpo https://www.youtube.com/live/ErrXfC44D0Y?si=h44ldwq-ovDVSTob https://www.youtube.com/live/H4AYp-_-yTc?si=1Jn22GZhsrxhv8-K https://www.youtube.com/live/BQSso1SIYfo?si=6ELuCAgYY9TUbT8I https://www.youtube.com/live/OzIJ8E2xu3U?si=sF0iped1jfVAkfgN https://www.youtube.com/watch?v=pRi8VAIF_Cg https://www.youtube.com/watch?v=AhrWiYC72GY https://www.youtube.com/watch?v=H4pjlI5fdo8 https://www.youtube.com/watch?v=7wPFCXAV-jg https://www.youtube.com/watch?v=1T3E9djGjJg https://www.youtube.com/watch?v=eYXyl_S3I3Y https://www.youtube.com/watch?v=iAsw38M498I https://www.youtube.com/watch?v=kZKtgHTet1k https://www.youtube.com/watch?v=52U7Jtx9ZfU https://www.youtube.com/watch?v=8aNBxarQwkE https://www.youtube.com/watch?v=CYJKWX5hD8w https://www.youtube.com/watch?v=7T3FQEky3p0 https://www.youtube.com/live/fUsqONbUVks https://youtube.com/live/ft_Rmwibupk https://youtube.com/live/YIRgqH1jLGM https://youtube.com/live/v288c5985mQ https://www.youtube.com/live/zZuJpbgjFUk?feature=shared https://www.youtube.com/live/9jXtsvb1b7Y?si=Bz5GJ5l1hDOd6rDr https://www.youtube.com/live/6nH7enC7aGg?si=-EAapFx316fjaIyQ https://www.youtube.com/live/weBOxh_tigA?feature=shared https://youtube.com/live/ctIVpr1aVTI?feature=share https://www.youtube.com/watch?v=uatxLyWf0LM https://www.youtube.com/live/UWGPsbszAiY?feature=shared https://www.youtube.com/live/2gkzgoZU7xw?si=F6Vu3b3xL-msU49E https://youtube.com/live/pTKj3e55Mx0 https://www.youtube.com/live/MSuGSrkivcA?feature=shared https://www.youtube.com/watch?v=r4UP55slr-M https://www.youtube.com/watch?v=fJ-VMN5f2N8 https://www.youtube.com/watch?v=x4bCGy3jOQg https://www.youtube.com/watch?v=_Qj-WUACnfw https://youtu.be/Qd0LCEmnux0 https://youtube.com/live/uUToVni_SIw https://youtube.com/live/3GwwgZ3je-Q https://youtube.com/live/ZUU-E2wyJ78 https://youtube.com/live/yS7jfcgUiMc https://youtube.com/live/IBuV9_rTcf0 https://youtube.com/live/uJCdlBc0QDU https://youtube.com/live/SOgIwhfGhZY https://youtube.com/live/VjxgcSu5-q0 https://www.youtube.com/watch?v=HGvtQOAgGPI https://youtube.com/live/nPogKCqOsIE https://www.youtube.com/watch?v=V9dI9j44NlA https://www.youtube.com/live/Dn7NKwwZKm4?si=Bnn9HQCWT8M84P7j https://www.youtube.com/watch?v=Ns8isMqfSkU https://www.youtube.com/watch?v=CSpCJJ1VKtM https://www.youtube.com/watch?v=89IxpteV2AE https://www.youtube.com/watch?v=d4USV9HmK0M https://www.youtube.com/watch?v=1C8TKqQMWJw https://youtu.be/tsivXwc-SQ0 https://youtu.be/S3pJHurwjrg https://www.youtube.com/watch?v=gHllwG0Wbxk https://www.youtube.com/watch?v=gID93mANBHI https://www.youtube.com/watch?v=z4vwbnovXXI https://www.youtube.com/watch?v=lo78kfWj8ps https://youtu.be/Udkeej9BrfQ https://youtu.be/yJzSC4yAdtk https://www.youtube.com/watch?v=vB4L-Wqx0Y8&t=7s https://youtu.be/-ME0izdggiQ https://www.youtube.com/watch?v=JscScSpv3EM https://www.youtube.com/watch?v=UuBdCCj3374 https://www.youtube.com/watch?v=M-aCPZiXKuM https://youtu.be/t21KuzxCu0E https://www.youtube.com/watch?v=MYE27o2qwpY https://youtu.be/142CLmJuB6M https://www.youtube.com/watch?v=_7j6HPZoIGM https://www.youtube.com/watch?v=_d7kvltJPQI https://www.youtube.com/watch?v=flew4rWr7EY https://www.youtube.com/watch?v=OGAAQ5ygar0 https://www.youtube.com/watch?v=hFgJxYt6fqw https://www.youtube.com/watch?v=__XKmMuBeoo https://www.youtube.com/watch?v=viJWD6ONPJ8 https://www.youtube.com/watch?v=kr2eXmprALE https://www.youtube.com/watch?v=JInJvQD_3TQ https://www.youtube.com/watch?v=KIcHPbHysZ4 https://www.youtube.com/watch?v=9vwZIPgiMGI https://www.youtube.com/watch?v=U3z5iXbAfGM https://www.youtube.com/watch?v=T1Wg3UAcKl0 https://www.youtube.com/watch?v=W60KVPZNAIM https://www.youtube.com/watch?v=pTNYl6PAXUg https://www.youtube.com/watch?v=NdydKrH3EDM https://www.youtube.com/watch?v=bOpeTWp1uww,found on https://www.sainte-julienne.com/municipalite/democratie/seances-du-conseil
ca:csd:2462060,Saint-Donat,Quebec,youtube,https://www.youtube.com/watch?v=jk7OAEZhGd4,single_video,no,qc_giant,https://www.youtube.com/watch?v=jk7OAEZhGd4,
ca:csd:2439117,Sainte-Clotilde-de-Horton,Quebec,youtube,https://www.youtube.com/watch?v=xgIqpbeTtQg,single_video,no,qc_giant,https://www.youtube.com/watch?v=xgIqpbeTtQg https://youtu.be/bIPy6g3uCRQ https://youtu.be/Nui3ot74TVU https://youtu.be/vBGaBxYACMs https://youtu.be/Jz8_6Fx0ycw https://youtu.be/vgW7oqeWSBQ https://youtu.be/dEJT5yecwSw https://youtu.be/f4rARLMo4wA https://youtu.be/z6Dm6vP5Pes https://www.youtube.com/watch?v=ODT4rF7fITA https://youtu.be/FA9Znt-DXBc https://youtu.be/iQRJsYpjCK4 https://www.youtube.com/watch?v=ZouTVN3Vqo4 https://www.youtube.com/watch?v=WmgKrFRp3TQ https://www.youtube.com/watch?v=-8PQzum_Xv4 https://www.youtube.com/watch?v=e2rnPOQ2DfQ https://youtu.be/RkRFPl5YuJw https://www.youtube.com/watch?v=172Oxdwb9EQ https://www.youtube.com/watch?v=ILtGN_WS_WQ https://www.youtube.com/watch?v=W823bEKiiVw https://youtu.be/cRgRm9W4tTM https://www.youtube.com/watch?v=QFHh3xrZ40k https://youtu.be/j3GPRg8sSfM https://youtu.be/8Yd5TMW8FNI https://youtu.be/C58ffLO5TA8 https://youtu.be/yjSSTeSqKG4 https://youtu.be/M7_a5gxskcU https://youtu.be/O-kCK0wX_z8 https://youtu.be/o4jDSja_6Dg https://www.youtube.com/watch?v=cOL_ReVYng0 https://www.youtube.com/watch?v=KFF_S3rZmDU https://youtu.be/7PHYD1W-ThE https://youtu.be/o_xiCqBgZ7U https://youtu.be/guZGGgBVv8w https://youtu.be/s2R9vhZe720 https://youtu.be/nek0PhxvtcI https://youtu.be/ZVkwaRzPQiA https://youtu.be/KekIxHxxfQg https://youtu.be/FZCPSDNhpuU https://youtu.be/XblpiLHbN8M https://youtu.be/FlW3GG6FWmY https://youtu.be/kX_qYnCevNY https://youtu.be/9_XUD08LZ_M https://www.youtube.com/watch?v=7JJW02gCjIE https://youtu.be/27Ss51XtM6Y https://youtu.be/TtwR13Zk9h0 https://youtu.be/kGHveid7Rew https://youtu.be/6VtXxBkjzWk https://youtu.be/Z79BbiN4nrI https://www.youtube.com/watch?v=Tj5wfdy4XQE https://www.youtube.com/watch?v=p3tFqFVGzkY&t=3s https://www.youtube.com/watch?v=E9E7j7M9a3k&t=14s https://studio.youtube.com/video/Yo0UK2jB288/edit https://studio.youtube.com/video/9Kaq3tYzBNE/edit https://studio.youtube.com/video/qmMIWBDDmoc/edit https://youtu.be/H8vmT2IshpQ https://www.youtube.com/watch?v=Cz4Bf1PSJ44 https://www.youtube.com/watch?v=UNydUsLDnP4&t=16s https://www.youtube.com/watch?v=yyLuPks1INQ https://youtu.be/qPp33ymfo-4 https://youtu.be/B3ba4DWAFCY,found on https://steclotildehorton.ca/seances-du-conseil/
ca:csd:2412025,Saint-François-Xavier-de-Viger,Quebec,youtube,https://youtu.be/kPc3jeR08bI,single_video,no,qc_giant,https://youtu.be/kPc3jeR08bI https://youtu.be/qifgFcmIV4Q https://youtu.be/kKlo4B-6ZiY https://youtu.be/6YHLuLD3Djk https://youtu.be/s3AdWzXFSuM https://youtu.be/iHvPPFJbq_E https://youtu.be/qIFMhObq77E https://youtu.be/dRhhjMKy0_Y https://youtu.be/ke8bFKgu-ks https://youtu.be/q7JdfwT5lkg https://youtu.be/o7_sIbkAU6Q https://youtu.be/QWHymMOK1Po https://youtu.be/cHWE2DVxNvE https://youtu.be/NNyYWN8XMsA https://youtu.be/ruCjVPBBGrc https://youtu.be/Cfj_1ey1njk https://youtu.be/nIQ1a5MO7wc https://youtu.be/U_9fLAedPpI https://youtu.be/Qn1zAfvpFYU https://youtu.be/eMtQQpQQHtY https://youtu.be/tFRv5mwwo-o https://youtu.be/P2fOU-_KPSU https://youtu.be/4myfFiYXbTY,found on https://municipalite.saint-francois-xavier-de-viger.qc.ca/vie_democratique/?id=videos-conseil
ca:csd:2493035,Saint-Gédéon,Quebec,youtube,https://youtu.be/tX_k1VYuHRs,single_video,no,qc_giant,https://youtu.be/tX_k1VYuHRs https://www.youtube.com/watch?v=O7ZWXvD04_o https://www.youtube.com/watch?v=fRvsRF7j5GA,found on https://st-gedeon.qc.ca/actualite/seance-reguliere-du-conseil-municipal-du-5-octobre-2026
ca:csd:2459010,Sainte-Julie,Quebec,youtube,https://www.youtube.com/channel/UC9s7EA8z-zmX3Teq7r1A9rA,channel,no,qc_giant,https://www.youtube.com/channel/UC9s7EA8z-zmX3Teq7r1A9rA https://youtube.com/@villedesainte-julie5696?si=WX6M-ClOZQ5doYH4 https://www.youtube.com/live/AXd8EK5_7RU?si=s0hrCugJNJfhLJwV https://www.youtube.com/watch?v=tNsrjpFeg_o https://www.youtube.com/watch?v=piRb9pGQ7NQ https://www.youtube.com/watch?v=7K_tHmjNhac&list=PLaeiE3U4n0bsY4DziNGMXonj4ZRV-SGj,"found on https://saintejulie.ca/accueil-portail-web-de-la-ville-de-sainte-julie: under heading ""Mario Lemay""; page ""Accueil - Portail Web de la Ville de Sainte-Julie""; nearby: ""Restez connecté Mon Sainte-Julie"""
ca:csd:2450128,Saint-François-du-Lac,Quebec,youtube,https://www.youtube.com/watch?v=P_yYN_aGhxQ,single_video,no,qc_giant,https://www.youtube.com/watch?v=P_yYN_aGhxQ https://www.youtube.com/watch?v=A-zz9uEYYfk,found on https://www.saintfrancoisdulac.ca/fr/albums-videos/350e-en-fetes
ca:csd:2426070,Saint-Lambert-de-Lauzon,Quebec,youtube,https://www.youtube.com/watch?v=0RX4VzE4vZA,single_video,no,qc_giant,https://www.youtube.com/watch?v=0RX4VzE4vZA https://youtu.be/od4jgGlx3O4 https://youtu.be/gsNkxEQ5TLE,found on https://mun-sldl.ca/seances-du-conseil-municipal
ca:csd:2426063,Saint-Isidore,Quebec,youtube,https://www.youtube.com/watch?v=MSzdIo1amNQ,single_video,no,qc_giant,https://www.youtube.com/watch?v=MSzdIo1amNQ,found on https://saint-isidore.net/actualite/projet-eolien-etat-de-la-situation-et-collaboration-avec-la-mrc
ca:csd:2455065,Saint-Mathias-sur-Richelieu,Quebec,youtube,https://www.youtube.com/channel/UCKwUbH0oRxNldE6zCQkH9oA,channel,no,qc_giant,https://www.youtube.com/channel/UCKwUbH0oRxNldE6zCQkH9oA,found on https://www.saint-mathias-sur-richelieu.org/seances-du-conseil
ca:csd:2409025,Saint-Gabriel-de-Rimouski,Quebec,youtube,https://www.youtube.com/watch?v=hxCa-Pqe9OQ,single_video,no,qc_giant,https://municipalite.saint-gabriel-de-rimouski.qc.ca/conseil-archives-vid%C3%A9o-2023 https://municipalite.saint-gabriel-de-rimouski.qc.ca/conseil-archives-vid%C3%A9o-2022 https://municipalite.saint-gabriel-de-rimouski.qc.ca/conseil-archives-vid%C3%A9o-2021 https://www.youtube.com/watch?v=hxCa-Pqe9OQ https://www.youtube.com/watch?v=mxRmPzWhcQQ https://www.youtube.com/watch?v=vZo9Tf9BiMc https://www.youtube.com/watch?v=JjOtfjBn5aY https://www.youtube.com/watch?v=zf81PG_z_Y8 https://www.youtube.com/watch?v=VQb8A3lZ6H8 https://www.youtube.com/watch?v=XbH3RkCZB2k https://www.youtube.com/watch?v=iSc_0EvCmhE https://www.youtube.com/watch?v=m0ty1Mb7nnU https://www.youtube.com/watch?v=iYWlZs86Ylo https://www.youtube.com/watch?v=vFgiww6mXuE https://www.youtube.com/watch?v=frddzmgrqlU https://www.youtube.com/watch?v=UCaYPaN7Rfg https://www.youtube.com/watch?v=jkTto9E50zE https://www.youtube.com/watch?v=MO2ThmJTpEg https://www.youtube.com/watch?v=PGz8CpQGzy0 https://www.youtube.com/watch?v=CfnrfVVYj_c https://www.youtube.com/watch?v=PYcgfXLevwQ https://www.youtube.com/watch?v=OcVXgS9PVZU https://www.youtube.com/watch?v=ClZq8YVN5SI https://www.youtube.com/watch?v=TZA6NMmp6tA https://www.youtube.com/watch?v=0AkFjOS3gO4 https://www.youtube.com/watch?v=gFKPdT49xJU https://www.youtube.com/watch?v=EovFk7wYiNU https://www.youtube.com/watch?v=IUnYBURtlGc https://www.youtube.com/watch?v=7Gt3DPm8T58 https://www.youtube.com/watch?v=BWa8G5UPmQ0 https://www.youtube.com/watch?v=SuIrPXOnZT0 https://www.youtube.com/watch?v=578_zITQPIE https://www.youtube.com/watch?v=9XXox2sRAQ4 https://www.youtube.com/watch?v=EdF6MvjQ4ZQ https://www.youtube.com/watch?v=mPXwe87PPQs https://www.youtube.com/watch?v=slkJKTYhS50 https://www.youtube.com/watch?v=xgBlU1XgH5M https://www.youtube.com/watch?v=VQclxRKIXV8,found on https://municipalite.saint-gabriel-de-rimouski.qc.ca/s%C3%A9ance-du-conseil-en-vid%C3%A9o
ca:csd:2451045,Saint-Justin,Quebec,youtube,https://www.youtube.com/watch?v=rZ77QxcamaY,single_video,no,qc_giant,https://www.youtube.com/watch?v=rZ77QxcamaY,found on https://saint-justin.ca/actualite/httpswwwyoutubecomwatchv5u2vv-ixasa
ca:csd:2454125,Saint-Marcel-de-Richelieu,Quebec,youtube,https://www.youtube.com/watch?v=YZRd45zSACo,single_video,no,qc_giant,https://www.youtube.com/watch?v=YZRd45zSACo https://www.youtube.com/watch?v=FEJkte3NlyE https://www.youtube.com/watch?v=VvMeUQSv940 https://www.youtube.com/watch?v=f7ughyAlZe4 https://www.youtube.com/watch?v=TmluPz-R3ck https://www.youtube.com/watch?v=wh03yC2HVok https://www.youtube.com/watch?v=MtGv0783utg https://www.youtube.com/watch?v=xqXhuoWheE4 https://www.youtube.com/watch?v=Q4_lePg98sE https://www.youtube.com/watch?v=8iD24KA1r6A https://www.youtube.com/watch?v=SqNlihuBEf8 https://www.youtube.com/watch?v=cYmNiFekrH4 https://www.youtube.com/watch?v=5jaUP8ZRWzo,found on https://saintmarcelderichelieu.ca/seances-du-conseil-en-ligne.wfs
ca:csd:2413040,Saint-Juste-du-Lac,Quebec,youtube,https://youtu.be/ThU5gtV_LuI,single_video,no,qc_giant,https://youtu.be/ThU5gtV_LuI,found on https://saintjustedulac.com/actualite/conference-video-portrait-de-la-biodiversite-saint-juste-du-lac
ca:csd:2414018,Saint-Pascal,Quebec,youtube,https://youtu.be/o15sCSC-K3g,single_video,no,qc_giant,https://youtu.be/o15sCSC-K3g https://www.youtube.com/watch?v=UrGGzuS16y8 https://youtu.be/_tkkRUMo5P8 https://youtu.be/zxuBiOvMyiU https://youtu.be/UBvQIO8Es4c https://youtu.be/yrFjKH2K7Ck https://youtu.be/yPkpPDzLigI https://youtu.be/I2M2VFkvN8M https://youtu.be/p3cqhbWkdW8 https://www.youtube.com/watch?v=N-9Y85a829Y https://www.youtube.com/watch?v=reYJHAGfvfI https://www.youtube.com/watch?v=hIH6pvCpiV8 https://youtu.be/ldoHLyt72Ag https://youtu.be/P3nv4Mox90E https://youtu.be/h_m_u2QcFOs https://www.youtube.com/watch?v=f4_ha0m6--c https://youtu.be/wmY18pAO7-A https://www.youtube.com/watch?v=m71WF6N16EQ https://www.youtube.com/watch?v=OBRivtaHsdQ https://youtu.be/TWQt9rRzEyw https://youtu.be/N9yXYv2zd14 https://youtu.be/tzs6kZfYrpo https://youtu.be/dk_AF-9SBCE https://www.youtube.com/watch?v=r9XD3XwGX3c https://youtu.be/8MzXmsN3fUM https://youtu.be/HIIkmLaKMDk https://youtu.be/CTabqRE20Bs https://youtu.be/SMiVK1f2qWs https://youtu.be/b-bNuti__sE https://youtu.be/3MpUfnZhqPQ https://www.youtube.com/watch?v=qZ4c1NA93Qs https://www.youtube.com/watch?v=dma8dlbcNMY https://youtu.be/13RVSyLjLlY https://youtu.be/eJ3TbptPOqU https://youtu.be/XZlUGGqYq7o https://www.youtube.com/watch?v=NCVfqlYBGXE https://youtu.be/HeQouG_Rqw4 https://www.youtube.com/watch?v=gb731CfczHY https://youtu.be/iAJyZzZYAD0 https://youtu.be/3ZSkYl8wXtM https://youtu.be/16aB3ReC5lg https://www.youtube.com/watch?v=vKyHm8ocino https://youtu.be/LUcUIq_1LZc https://www.youtube.com/watch?v=aEvY7_JKzI4 https://youtu.be/CGOMa4sGQ8c https://www.youtube.com/watch?v=KochLwmOUyU https://youtu.be/tVbIM6gTVJU https://youtu.be/zP7cg6ATY_0 https://www.youtube.com/watch?v=sRuLHt9_mu0 https://youtu.be/C4WJoyGxKl0 https://youtu.be/0aD9EFMbAjY https://www.youtube.com/watch?v=ks43LKUGO7A https://youtu.be/54Sg9JgaB-U https://youtu.be/RS7ZFIhHFTw https://www.youtube.com/watch?v=rMH1DrKuGnM https://youtu.be/Lqo_Ueu144g https://youtu.be/j1iNfY8Ng7w https://youtu.be/mWK9qDTzTwA https://youtu.be/-i3w3ERlqfU https://www.youtube.com/watch?v=w09HvkVCG7Y https://www.youtube.com/watch?v=HOQC8_d0yug https://youtu.be/rDkz9TuKCLY https://www.youtube.com/watch?v=3PR1T0Ne9Ig https://www.youtube.com/watch?v=EqcM4LVcPn4 https://youtu.be/ZfWB_pBzxNI https://youtu.be/PaaitTC0iJk https://www.youtube.com/watch?v=_cGCxvFYgoQ https://www.youtube.com/watch?v=R2nWk97tgr0 https://www.youtube.com/watch?v=tTbOSkI0jLc https://youtu.be/DUX_SpiPTq0 https://www.youtube.com/watch?v=oKFwsVGaubo https://youtu.be/NGBbDkHkLyU https://youtu.be/kvETd3lKMFA https://www.youtube.com/watch?v=Z_wXE57xUBs https://www.youtube.com/watch?v=hGwaxMHHtQk https://youtu.be/-F_o_AY4_xs https://youtu.be/S1To2Jyy8IY https://www.youtube.com/watch?v=m6znv3ulLIE https://www.youtube.com/watch?v=rJT5zXi1G9I https://youtu.be/we4tDn-G7tk https://youtu.be/9RH0vQA2ZLM https://youtu.be/HPtDFYd2wPo https://youtu.be/BuwjampbeDA https://youtu.be/vbn5n0OZ-0s https://youtu.be/ljuLTxWiy-o https://youtu.be/3De6zWHuGAA https://youtu.be/SbjAvlZBlZw https://youtu.be/dNVZsuhRf3g http://youtube.com/watch?v=Ns_yb2MYAb8 https://www.youtube.com/watch?v=FOsnedP38JA https://youtu.be/o5RG4i4B2Jc https://www.youtube.com/watch?v=V7rZcC45g5E https://www.youtube.com/watch?v=2cvRLUzJQvw https://youtu.be/2TA-T7LRwk0 https://www.youtube.com/watch?v=E5BlWDsrcOI https://www.youtube.com/watch?v=YGHxtDI5opQ https://youtu.be/Ye5T2rWPNOU https://youtu.be/Jb-hWcGo1vA https://youtu.be/kzgCEsqS-hU https://youtu.be/fS5J2A20Fhg https://www.youtube.com/watch?v=1zKGoRCwtjU https://www.youtube.com/watch?v=4EoLe4qnXJo https://www.youtube.com/watch?v=AWgDQwub1a8 https://youtu.be/_NXGQlzjO9Y https://www.youtube.com/watch?v=c4UHJJ7w4HY https://youtu.be/25vpqQpxqC8 https://www.youtube.com/watch?v=naRD8MTWByI https://youtu.be/AkcCXMNO6bU https://www.youtube.com/watch?v=i7C47l4Wh2U https://youtu.be/hMBHRxSjqHE,found on https://www.villesaintpascal.com/fr/vie-municipale/conseil-municipal/seances-du-conseil/
ca:csd:2475045,Saint-Hippolyte,Quebec,youtube,https://www.youtube.com/user/SaintHippolyteQc,channel,no,qc_giant,https://www.youtube.com/user/SaintHippolyteQc,"found on https://saint-hippolyte.ca/: under heading ""Joindre nos services ⟩""; page ""Bienvenue à la Municipalité de Saint-Hippolyte""; nearby: ""Joindre nos services ⟩ Coordonnées 2253, chemin des Hauteurs Saint-Hippolyte (Québec) J8A 1A1 450 563-2505 municipalite@saint-hippolyte.ca Lun - Jeu 8 h 30 - 12 h Lun - Jeu 13 h - 16 h Ven - 8 h 30 -"""
ca:csd:2463035,Saint-Roch-de-l'Achigan,Quebec,youtube,https://www.youtube.com/@saintrochdelachigan,channel,no,qc_giant,https://www.youtube.com/@saintrochdelachigan https://www.youtube.com/live/_wOPFAzXgMg?si=NPLQWunS4ZNxPL43 https://youtube.com/live/y5AwwxDBdgc https://youtu.be/LCQxvnVmzGE https://youtu.be/K98TgQ9ZJTA https://youtu.be/pGYjVfnmW-s https://youtu.be/g7ZMc2hMI3o https://youtu.be/swXwuvmNOWQ https://youtu.be/j9qgZsdtqUc https://youtu.be/IMJHnefBA4A https://youtu.be/vl2MLwsCJk0 https://youtu.be/H8B1_X1ojd8 https://youtu.be/EtOUy2nfOfM,"found on https://sra.quebec/: ""YOUTUBE""; page ""Municipalité de Saint-Roch-de-l'Achigan""; nearby: ""FACEBOOK INSTAGRAM YOUTUBE"""
ca:csd:2461005,Saint-Paul,Quebec,youtube,https://youtu.be/2fl-Z_DOjGM,single_video,no,qc_giant,https://youtu.be/2fl-Z_DOjGM https://youtu.be/ei8nqr02dwA https://youtu.be/Cmlx77iZRQQ https://youtu.be/g42r-GTqVmY https://youtu.be/7HHyDxYwvts https://youtu.be/tD4rc-Nc9U0 https://youtu.be/AnFo3ZFDlKs https://youtu.be/YEZZWXygi-0 https://youtu.be/gdRvwy85HVQ https://youtu.be/Icycl5rUIVc https://youtu.be/u3k835rzKOM https://youtu.be/0UyYUJ82q0w https://youtu.be/AEev8qP4K10 https://youtu.be/QaVNdt135dA https://youtu.be/30Wco3CO_ng https://youtu.be/QnYwI0pJqos https://youtu.be/Jwd3WfLxUSg https://youtu.be/PAwmSQd8E5s https://youtu.be/cBb1k63uftQ https://youtu.be/xbcyOk4NW68 https://youtu.be/msuv84fCCOE https://youtu.be/Wzq5hdfF1a0 https://youtu.be/aPWFlbCWT2M https://youtu.be/qOsPEKlZg90 https://youtu.be/L7_F0HMxlZc https://youtu.be/MQ0BQkrbrZ0 https://youtu.be/0jQMN3y0bVg https://youtu.be/EVuQB8TYuU8 https://youtu.be/-LeUqb6l_V0,found on https://saintpaul.quebec/municipalite/vie-democratique/seances-du-conseil-ordres-du-jour-et-proces-verbaux
ca:csd:2451070,Saint-Mathieu-du-Parc,Quebec,youtube,https://www.youtube.com/watch?v=g_QrCkJzjdA,single_video,no,qc_giant,https://www.youtube.com/watch?v=g_QrCkJzjdA https://www.youtube.com/watch?v=S77GakiZqho https://www.youtube.com/watch?v=FuDaoEaYD0Q https://www.youtube.com/watch?v=jgkxpSmmc-I,found on https://www.saint-mathieu-du-parc.ca/fr/municipalite/vie-municipale/seances-du-conseil
ca:csd:2454120,Saint-Louis,Quebec,youtube,https://www.youtube.com/watch?v=2bXB3mveUms,single_video,no,qc_giant,https://www.youtube.com/watch?v=2bXB3mveUms,found on https://www.saint-louis.ca/fr/galerie-videos/visite-virtuelle
ca:csd:2419082,Saint-Raphaël,Quebec,youtube,https://www.youtube.com/watch?v=3AWTrTS8wmk,single_video,no,qc_giant,https://www.youtube.com/watch?v=3AWTrTS8wmk https://youtu.be/LEtVzeooP9M https://youtu.be/zvbuHdVLqHo https://youtu.be/7CD6kwhrVDY https://youtu.be/tMah1Xkecvo https://youtu.be/iHMY2z3Uwzo,found on https://www.saint-raphael.ca/fr/vie-municipale/conseil-municipal/visionner-les-seances-du-conseil/
ca:csd:2472043,Saint-Placide,Quebec,youtube,https://www.youtube.com/@MunicipaliteSaint-Placide,channel,no,qc_giant,https://youtu.be/BoAL-oBw5Uo https://youtu.be/sicGer7p_yw https://youtu.be/Ulh1g3rl9_k https://youtu.be/9U_8aRP2VdQ https://youtu.be/AN7_YFtpkrM https://youtu.be/j-B3o57a6vY https://youtu.be/x_dG6NJSdgg https://youtu.be/8UVoiYtc7fE https://youtu.be/vYFI8N5mXwo https://youtu.be/rhCkSNVcTXY https://youtu.be/oyyFWKha8aU https://youtu.be/trDV9eQYV6o https://youtu.be/QfXR2TGm0AE https://youtu.be/ZHLUnsHhmiw https://youtu.be/wkU6RWHGO7c https://youtu.be/gSzVXtSJffw https://youtu.be/yL4ELE5aBJQ https://youtu.be/kDlitzYJJoY https://youtu.be/x1A1IQs5tu4 https://youtu.be/DTUofm8GMic https://youtu.be/uNxnoCiO9a8 https://youtu.be/XL5m72_o6Cs https://youtu.be/A0VT7AVsYKk https://youtu.be/w8FX7fBL6Ao https://youtu.be/5DASoKdAYmA https://youtu.be/RYcrA7y7-fg https://www.youtube.com/watch?v=XHH-MdlALrg https://youtu.be/ccFmOn8-L1g https://www.youtube.com/watch?v=lgdNMBoPebs https://www.youtube.com/watch?v=asK5aPiAUCE https://www.youtube.com/watch?v=6prdoh7V0CU https://www.youtube.com/watch?v=Dvd4wIRIU9Y&t=13s https://www.youtube.com/watch?v=wSkYOhZPCps https://youtu.be/AcPM8qK_dfA?si=pBOkLkyq-R8FgD22 https://www.youtube.com/watch?v=PUR4-o5-6jE https://www.youtube.com/watch?v=hdAVkSbCo4o https://www.youtube.com/watch?v=hk-dW4XnS6Q https://youtu.be/ek3IjZsSAwM https://youtu.be/ZXoCMg25rW4 https://www.youtube.com/watch?v=tW1-Z7Ll5lk https://www.youtube.com/watch?v=gjnezXt8yBc https://www.youtube.com/watch?v=g08AmXKu7yU https://www.youtube.com/watch?v=CHBAtuOOpuA https://www.youtube.com/watch?v=Td1ya5uweUo https://www.youtube.com/watch?v=whvh0PnA7H8 https://www.youtube.com/watch?v=nh5aRYO1cYo https://www.youtube.com/watch?v=sjNyiS0X9go https://www.youtube.com/watch?v=OPZR3HynItc https://www.youtube.com/watch?v=_vU2z2-fmoU https://youtu.be/rwDNNqydwsY https://www.youtube.com/@MunicipaliteSaint-Placide,found on https://saintplacide.ca/vie-democratique/greffe/#odj
ca:csd:2471020,Saint-Polycarpe,Quebec,youtube,https://youtu.be/tNiMFe6bd7k,single_video,no,qc_giant,https://youtu.be/tNiMFe6bd7k https://youtu.be/7lr7cZGnReU https://youtu.be/TeLxiap-Z_o?si=T1n13MxxzFapfrHq https://youtu.be/eRbQ5jIlp3Y?si=Mmr62r_gfnlxTVLm https://youtu.be/l7KtEnfU0yU?si=L0GpIgBB7yXCR6KE https://www.youtube.com/watch?v=qEvLHu-OLUQ https://www.youtube.com/watch?v=J7-sS6RQgzQ,found on https://stpolycarpe.ca/proces-verbaux/
ca:csd:2435020,Saint-Séverin,Quebec,youtube,https://youtu.be/4es-jqHAy-A,single_video,no,qc_giant,https://youtu.be/4es-jqHAy-A https://youtu.be/m5SgkWQyERQ?si=bG4yHZzQrwbnMs85 https://www.youtube.com/watch?v=V1ru-fTKHj8 https://www.youtube.com/watch?v=1bzr6b-usjU https://www.youtube.com/watch?v=VG0S0Afu2ic https://youtu.be/RSCx2zRYk-Uœsi=NzHddq-mnVXmPicj https://youtu.be/8LDvg-8ikP0?si=AnbxZhWyk_q7bexv https://youtu.be/9nINnzfiT7k,found on https://www.st-severin.ca/fr/municipalite/seances-du-conseil
ca:csd:2449130,Saint-Pie-de-Guire,Quebec,youtube,https://www.youtube.com/watch?v=aVniNyguIcE,single_video,no,qc_giant,https://www.youtube.com/watch?v=aVniNyguIcE https://www.youtube.com/watch?v=kJARNjLx6A0 https://www.youtube.com/watch?v=DDB9pcxLIgE https://www.youtube.com/watch?v=WSmAM7qUAAg https://www.youtube.com/watch?v=BbXuYQ1j4JE https://www.youtube.com/watch?v=5Claf4kOULQ https://www.youtube.com/watch?v=X4EYRmuf7w4 https://www.youtube.com/watch?v=AK6IBEPTBxE https://www.youtube.com/watch?v=B8-khL8yowg https://www.youtube.com/watch?v=d0_1QsQsbVA https://www.youtube.com/watch?v=3gH304VpFz0 https://www.youtube.com/watch?v=8JLnBWl2-iI https://www.youtube.com/watch?v=LUfwAg-pPgE https://www.youtube.com/watch?v=uV9RiICa56M https://www.youtube.com/watch?v=OQEWbcGHzRE https://www.youtube.com/watch?v=hHY16ONwx8Y https://www.youtube.com/watch?v=6_RmR5SfJpU https://www.youtube.com/watch?v=E2WuUv3KpbU,found on https://www.stpiedeguire.ca/fr/galerie-videos/150e
ca:csd:2497007,Sept-Îles,Quebec,youtube,https://youtu.be/M_uV_FSxYaE?si=eT3TCSL2SKFkTx59,single_video,no,qc_giant,https://youtu.be/M_uV_FSxYaE?si=eT3TCSL2SKFkTx59,found on https://septiles.ca/fr/nouvel-hotel-de-ville_629/
ca:csd:2478100,Val-des-Lacs,Quebec,youtube,https://www.youtube.com/watch?v=1HH3AeeT96k,single_video,no,qc_giant,https://www.youtube.com/watch?v=1HH3AeeT96k https://www.youtube.com/watch?v=z_WutgVCFv4 https://www.youtube.com/watch?v=iHFNhg5i3NU https://www.youtube.com/watch?v=Q2zdibQOxRc https://www.youtube.com/watch?v=fdRVVvzoIXU https://www.youtube.com/watch?v=oSAIwNfYgbs https://www.youtube.com/watch?v=l4y8fW3S0io https://www.youtube.com/watch?v=rDOeK_TW0eY https://www.youtube.com/watch?v=WPxBXoJxTFQ https://www.youtube.com/watch?v=cwogqtgzfnc&t=4s https://www.youtube.com/watch?v=ipBoZkJ7EYA https://www.youtube.com/watch?v=MlChKGR0AKs https://www.youtube.com/watch?v=OCpZaQgHMRg https://youtu.be/PdEHlxcTJeU https://www.youtube.com/watch?v=5RmYm_5Ot00&t=12s https://www.youtube.com/watch?v=4G9QPsEccko https://www.youtube.com/watch?v=Wmt8bUUVbJ8 https://www.youtube.com/watch?v=bd3MRu8zdaM https://www.youtube.com/watch?v=GOIgtpkHeio https://www.youtube.com/watch?v=pTJhxaLKwoc https://www.youtube.com/watch?v=NwCwXN4gJz4 https://www.youtube.com/watch?v=00fNEaXd5u0&t=30s https://www.youtube.com/watch?v=runWYCxZXgc https://www.youtube.com/watch?v=hxlJ-F3eWZs https://www.youtube.com/watch?v=fczGKm2MoD0&t=20s https://www.youtube.com/watch?v=glrdTwCGV9o https://www.youtube.com/watch?v=Sbr5Bpk3Ue4 https://www.youtube.com/watch?v=oxSGPu3XI-I https://www.youtube.com/watch?v=IEHXIposOUI https://www.youtube.com/watch?v=cJeVKOg2PHU https://www.youtube.com/watch?v=axITTQtepwA https://www.youtube.com/watch?v=iF8A_xaV9FA https://www.youtube.com/watch?v=AiKALOHO23g https://studio.youtube.com/video/PjvKcuAG9Z0/edit https://www.youtube.com/watch?v=Ej_5ZBtZofQ https://youtu.be/u3fSsWw711c https://youtu.be/hKt-mZe0ryc https://www.youtube.com/watch?v=FSJ23r_qrn4 https://youtu.be/AbyI4Lc35tY https://www.youtube.com/watch?v=8XHSJtG_U2U https://youtu.be/HU-S1mUZuNE https://www.youtube.com/watch?v=36QrpuBe49s https://youtu.be/YIJ7QoB8HWg https://youtu.be/CMR5niWRb-Y https://youtu.be/z5LwNLCVtJQ https://youtu.be/MoZgaKKHPp8 https://youtu.be/pZQzLxhbzXU https://youtu.be/NbRY9moVwzA https://youtu.be/dpLkql7ztY4 https://youtu.be/Uxg0KYXS00E https://youtu.be/oU6G-lVjCF4 https://youtu.be/rJ1fM6g7wAs https://youtu.be/XnlfRWZxejk https://youtu.be/WmlqP_kZsAs https://youtu.be/6GBY9gQiWUY https://youtu.be/-GGfWiRApO0 https://youtu.be/qDReTNpOs4E https://youtu.be/kpPM5wATTiI https://youtu.be/AwRzjg5NZfg https://youtu.be/ZgAMnTuHy8k https://youtu.be/WAdGLu8DQaA https://youtu.be/r8lnby5wmNw https://youtu.be/pdXtsMBuEj8 https://youtu.be/s6d7YuKC_H8 https://youtu.be/dmBBALDggKI https://youtu.be/RyurGQhvV_o https://youtu.be/A-t1mtFYh3g https://youtu.be/4EKhcUCaW24 https://youtu.be/dss0VGpbc-s https://youtu.be/pgqYHFCLYNI https://youtu.be/gBiACU0vrwM,found on https://www.val-des-lacs.ca/fr/vie-municipale/conseil-municipal/seances-du-conseil/
ca:csd:2467010,Saint-Philippe,Quebec,youtube,https://youtu.be/kPxrOwHVNvg?si=aq09xOduKidLFmgt&utm_source=chatgpt.com,single_video,no,qc_giant,https://youtu.be/kPxrOwHVNvg?si=aq09xOduKidLFmgt&utm_source=chatgpt.com https://youtu.be/tcovT-Dx1M4 https://youtu.be/1YZxpMdN5Pk https://youtu.be/BzMcHpLnTcI https://youtu.be/HT4XuUlO03Q https://youtu.be/_9N3IEQH1FM https://youtu.be/TVqnUtG3sZ4 https://youtu.be/55BHjhJI-uI https://youtu.be/f2wQns1LD0Y https://www.youtube.com/watch?v=KZ6L22danwE https://youtu.be/uhqaerSmMuo,
ca:csd:2478010,Val-David,Quebec,youtube,https://youtu.be/FNt99D33J8w,single_video,no,qc_giant,https://youtu.be/FNt99D33J8w https://youtu.be/1zqeFyYFNpc https://youtu.be/Mb7jHsTCiAE https://youtu.be/erDadcdFnhs https://youtu.be/NvvbWVOA7yw https://youtu.be/fowEBV6GHPQ https://youtu.be/L4BSH5vIwNo https://youtu.be/ZWiidyYTZQI https://youtu.be/hWrIWtcmSfs https://youtu.be/2qydVjddgEM https://youtu.be/SbGH_Dvbt20 https://youtu.be/l67M-E8CrAQ https://youtu.be/gintZ3CA87E https://youtu.be/sEfCh_kD-rc https://youtu.be/XAYtkwRZnfg https://youtu.be/AB2MzItg9EU https://youtu.be/T9StJNSQvbM https://youtu.be/9CQ-0u5koAc https://youtu.be/F8WGXhkJS58 https://youtu.be/zooneRTrk_U https://www.youtube.com/watch?v=51ZFwJFZic4&t=13s https://www.youtube.com/watch?v=o0wXXfokdGU https://www.youtube.com/watch?v=BGuBxys7-ZE&feature=youtu.be https://www.youtube.com/watch?v=r4hXgeYoIRU&t=2s https://www.youtube.com/watch?v=k8UKbsivdo0 https://youtu.be/2AaYmL2w6A0 https://www.youtube.com/watch?v=N9XEVzPPe3s https://www.youtube.com/watch?v=rhNHdCLGfAc https://youtu.be/WQ7pvdZdoYA https://www.youtube.com/watch?v=JZvw4Dih_Uw https://www.youtube.com/watch?v=aC87YXd8B10 https://youtu.be/YuHrcTCv2jI https://youtu.be/helH4IHzZT4 https://youtu.be/BuhXop0SsZA https://youtu.be/ghkOOnssvvg https://youtu.be/g-Io9nPNC4A https://youtu.be/KtdD6KckCM8 https://youtu.be/IIs4KeYJmI4 https://youtu.be/9uk2utYGSmU https://youtu.be/Dp4TFPp5Rpk https://youtu.be/uNTMKAMzRvg https://www.youtube.com/watch?v=_acPrBsuq4w,found on http://valdavid.com/organisation-municipale/seances-du-conseil-municipal/
ca:csd:2450090,Saint-Zéphirin-de-Courval,Quebec,youtube,https://www.youtube.com/watch?v=dUWCCGk4bb4,single_video,no,qc_giant,https://www.youtube.com/watch?v=dUWCCGk4bb4,found on https://www.saint-zephirin.ca/fr/galerie-videos/video-promotionnelle-de-la-municipalite
ca:csd:2441098,Weedon,Quebec,youtube,https://www.youtube.com/playlist?list=UULbgpxdWGWDzGQTOG7KdDkA,playlist,no,qc_giant,https://www.youtube.com/watch?v=izYRooqP_AU https://www.youtube.com/watch?v=MQhjLbXAZ0w https://www.youtube.com/watch?v=gLpLXDZezf0 https://www.youtube.com/watch?v=ctR6mPXE2qI https://www.youtube.com/watch?v=bhV8aD0h0W8 https://www.youtube.com/watch?v=aS3RofjiMw4 https://www.youtube.com/watch?v=-AsSeyeA4J8 https://www.youtube.com/watch?v=6aM6K3RGhQA https://www.youtube.com/watch?v=GAjyLvVU1C4 https://www.youtube.com/watch?v=e7eCjO7mTFE https://www.youtube.com/watch?v=LxcfOCzj4Uc https://www.youtube.com/watch?v=kF_k96U_ykc https://www.youtube.com/watch?v=BHaMOBWiZS8 https://www.youtube.com/watch?v=nwflxIuCuIE https://www.youtube.com/watch?v=YThRT03dNE0 https://www.youtube.com/watch?v=p5581raoblo https://www.youtube.com/watch?v=4dEBrXnO9H4 https://www.youtube.com/watch?v=Orm4DiuaZ5I https://www.youtube.com/watch?v=VHlVUJPscIc https://www.youtube.com/watch?v=Lf0meOUVDfI https://www.youtube.com/watch?v=28DRU7035wA https://www.youtube.com/watch?v=apa-fm2zd2M https://www.youtube.com/watch?v=5KCS70Q1uR4 https://www.youtube.com/watch?v=K62Btk4ATuo https://www.youtube.com/watch?v=syUdhzz_QKc https://www.youtube.com/watch?v=AdIxqQNC3Ek https://www.youtube.com/watch?v=DuZ7-P1FOJI https://www.youtube.com/playlist?list=UULbgpxdWGWDzGQTOG7KdDkA,found on https://weedon.ca/enregistrement-seance-du-conseil/
ca:csd:2440043,Val-des-Sources,Quebec,youtube,https://www.youtube.com/watch?v=TLTvWlTGkR4,single_video,no,qc_giant,https://www.youtube.com/watch?v=TLTvWlTGkR4 https://www.youtube.com/watch?v=hG0ZeYc1OYg https://www.youtube.com/watch?v=6Hps20okhgc https://www.youtube.com/watch?v=CaEG7PbSHWU https://www.youtube.com/watch?v=D2R8l96Fw1Q https://www.youtube.com/watch?v=n_l3RKr5bIo https://www.youtube.com/watch?v=T1xV0nwgl_U https://www.youtube.com/watch?v=63G5OzKGHjQ https://www.youtube.com/watch?v=O8ui4ebVZD4 https://www.youtube.com/watch?v=ai5SUya8g-Y https://www.youtube.com/watch?v=xIBIEeHiP0o https://www.youtube.com/watch?v=kUyJB9cSHqk https://www.youtube.com/watch?v=Hhs_RODZ0jE https://www.youtube.com/watch?v=KmLqrZ2FcUQ https://www.youtube.com/watch?v=ygg1GBn67g8 https://www.youtube.com/watch?v=4E2T2INO8QM https://www.youtube.com/watch?v=Gw36rqEY700,
ca:csd:2437067,Trois-Rivières,Quebec,youtube,https://www.youtube.com/channel/UC4UyW0CoFiJaFCFaOzoQQ5w,channel,no,qc_giant,https://www.youtube.com/channel/UC4UyW0CoFiJaFCFaOzoQQ5w https://www.youtube.com/watch?v=sVwTSMKKLDc https://www.youtube.com/watch?v=dNuOuALirf8 https://youtu.be/0q0qARj0u5Y,"found on https://www.v3r.net/: ""YouTube"" under heading ""Recherche""; page ""Accueil | Site officiel de la Ville de Trois-Rivières""; nearby: ""Abonnez-vous à l'infolettre Facebook Instagram LinkedIn YouTube"""
ca:csd:2421005,Saint-Tite-des-Caps,Quebec,youtube,https://www.youtube.com/watch?v=-ciINgHLk4Y&feature=em-share_video_user,single_video,no,qc_giant,https://www.youtube.com/watch?v=-ciINgHLk4Y&feature=em-share_video_user,
ca:csd:2433070,Val-Alain,Quebec,youtube,https://www.youtube.com/watch?v=jZWHhVed82M,single_video,no,qc_giant,https://www.youtube.com/watch?v=jZWHhVed82M https://www.youtube.com/watch?v=PJaQQSUc_2w&feature=youtu.be https://www.youtube.com/watch?v=whg7dO4-HDQ https://www.youtube.com/watch?v=khCRVFVDrEA https://www.youtube.com/watch?v=NUIXawoVIwk https://www.youtube.com/watch?v=3xbr8kphRa0 https://www.youtube.com/watch?v=E1tHFGFCi-E https://www.youtube.com/watch?v=FW7rQddvXXU https://www.youtube.com/watch?v=n2BaGu_qYBI https://youtu.be/NgvjaE0D9js?si=zrDZU2NNcHB_5Y5e https://www.youtube.com/watch?v=p8GMOo2eBQ4 https://www.youtube.com/watch?v=tUCfbfV5CSQ&feature=youtu.be https://www.youtube.com/watch?v=7Rp70XSE9Gk https://www.youtube.com/watch?v=vU5l4RB7oFM https://www.youtube.com/watch?v=7xa5A0qHt04 https://www.youtube.com/watch?v=bBdgIAZk_9M https://www.youtube.com/watch?v=jTiWgP_Z-6A https://www.youtube.com/watch?v=iPUjYavSwdY https://www.youtube.com/watch?v=Xm7c_elzW5Q https://youtu.be/u5uarA5l9Zw?si=X_MdBapOZg19dUiL https://www.youtube.com/watch?v=_MRf1AmNuHE https://youtu.be/LfdptG8bgiw?si=g_oF4wJ0qUR9u4Bb https://www.youtube.com/watch?v=UP971yNHX08 https://www.youtube.com/watch?v=5ZakNZSE7yg https://www.youtube.com/watch?v=UcncUzfFE-A https://www.youtube.com/watch?v=qXN3MjiYw6A https://www.youtube.com/watch?v=CsqEv4bN0lU https://www.youtube.com/watch?v=5B-QDH_0ybM https://www.youtube.com/watch?v=B4pqdxFi9fg https://www.youtube.com/watch?v=uYMUmZrZ9mw,found on https://www.val-alain.com/seances-du-conseil2/
ca:csd:2471090,Vaudreuil-sur-le-Lac,Quebec,youtube,http://www.youtube.com/user/csurlatele,channel,no,qc_giant,http://www.youtube.com/user/csurlatele,found on https://csur.tv/vaudreuil-sur-le-lac-les-seances-du-conseil/
ca:csd:2453052,Sorel-Tracy,Quebec,youtube,https://www.youtube.com/user/VilledeSorelTracy,channel,no,qc_giant,https://www.youtube.com/user/VilledeSorelTracy,"found on https://ville.sorel-tracy.qc.ca/: under heading ""Liensrapides""; page ""Ville de Sorel-Tracy"""
ca:csd:2468040,Saint-Jacques-le-Mineur,Quebec,youtube,https://www.youtube.com/channel/UCELqqgFNqDYfDspYrQlHDpw,channel,no,qc_giant,https://www.youtube.com/@saint-jacques-le-mineur1132 https://www.youtube.com/channel/UCELqqgFNqDYfDspYrQlHDpw,found on https://www.saint-jacques-le-mineur.ca/event/seance-ordinaire-du-conseil-municipal-5/
ca:csd:2477060,Wentworth-Nord,Quebec,youtube,https://www.youtube.com/watch?v=xuHq3zawzKQ,single_video,no,qc_giant,https://www.youtube.com/watch?v=xuHq3zawzKQ https://youtu.be/z3fgwz1W_3A https://youtu.be/SC9-uFlbrto https://youtu.be/Kxwcwcmi4_k https://youtu.be/hh_Mh0ghzGM https://youtu.be/Tvq-Q0mLwRg https://youtu.be/MtVvG87ATg0 https://youtu.be/ssUUh40MVPo https://youtu.be/Jt96j8gZBUY https://youtu.be/4mC1G7VDToA https://youtu.be/Uz_CM44u2tc https://youtu.be/B5RCpuSeW_I https://youtu.be/OXnVR6k1wl8 https://youtu.be/ivuX7B7kO9E https://youtu.be/ozQ4tpINlwk https://youtu.be/guhmvo4ULRI https://youtu.be/ACuiUUk-uT4 https://youtu.be/owrCI_D2aTE https://youtu.be/ruVqUj7XW-w https://youtu.be/QJMh-auq02k https://youtu.be/mZsL54ZpVuk https://youtu.be/dNHq5f-TWFE https://youtu.be/n0ezeHtt1xw https://youtu.be/PnpbE0BcC6E https://youtu.be/Zamd4VwNEN0 https://youtu.be/fDtoV33VcU4 https://youtu.be/D-EWg2Fc8D0 https://youtu.be/Y-tCfYVVul0 https://youtu.be/ySOzCZ7hewI https://youtu.be/QsKM6NCv7l8 https://youtu.be/uJ9-LXY3FAo https://youtu.be/GAwKUHWXgkY https://youtu.be/jqM3RNNg4CE https://youtu.be/argpE42SB2g https://youtu.be/i_6siYxJ2M4 https://youtu.be/fEF0DCEBiaw https://youtu.be/5JNAJhcE76s https://youtu.be/5hEcI1WQngQ https://youtu.be/LC5atWSwJ5o https://youtu.be/mD3V-9TffYU https://youtu.be/8-v4wcLZMgw https://youtu.be/bMIJzhacuHU https://youtu.be/alD32gbSEq4 https://youtu.be/cSC4UC40VCo https://youtu.be/uvCzNkjHIk4 https://youtu.be/NFPwj62uqD0 https://youtu.be/h5vv23YwUv8 https://youtu.be/yR16eWqqEIY https://youtu.be/SIv6k5mxP5I https://youtu.be/wJDxU5hBPcU https://youtu.be/xYB4f2Z7pBM https://www.youtube.com/watch?v=6VVAUwpnr8I https://youtu.be/wTdRJW7T-fA https://youtu.be/zuVnlPYDwQs https://www.youtube.com/watch?v=J-MXWydvjlg https://youtu.be/mOGiUb1shKg https://youtu.be/piG7uMfVB0c https://youtu.be/pvsFYYeu8pM https://youtu.be/H0LSDaePxKU https://youtu.be/GACe6Y0qMFY https://youtu.be/q36QzokSGCg https://www.youtube.com/watch?v=fkSRUdTKrQ4 https://www.youtube.com/watch?v=JLBEaPMhPuQ https://www.youtube.com/watch?v=llezZQMbfRs https://www.youtube.com/watch?v=xQIjIKqWwb4 https://youtu.be/nIR1zDp2oyw https://youtu.be/nB9q-ppZnJY https://youtu.be/O57yDrmkZfM https://youtu.be/VHCyXb2tMWw https://www.youtube.com/watch?v=25piHf6FgL0 https://www.youtube.com/watch?v=OnALoBqXcpE https://www.youtube.com/watch?v=3sT_HuYdyjI https://www.youtube.com/watch?v=vIHPnwT9l6Q https://youtu.be/b--1gokoVw8 https://www.youtube.com/watch?v=eBxFePpGI-0 https://www.youtube.com/watch?v=5Fn3Bhz1BHc https://www.youtube.com/watch?v=rDCscGfa_ps https://youtu.be/tfmbHGE4m7A https://www.youtube.com/watch?v=ylovLaYUNpQ https://www.youtube.com/watch?v=qLtOKW9_hf4 https://www.youtube.com/watch?v=uaADBtjh0pA https://youtu.be/kQ8ZEvqEQ3U https://www.youtube.com/watch?v=RK9sjmMaJ4k https://www.youtube.com/watch?v=AGL-d0MqtyA https://youtu.be/GipuN8AGr0k https://youtu.be/P2iHFMfhxK8 https://youtu.be/hqmxKaymGqE https://youtu.be/FSqt1gAfAEk https://youtu.be/QxxLgIRl4_c https://youtu.be/lMpN_UsCUHA https://youtu.be/PtZrrHa6mzo https://youtu.be/b5iO7QN5dXo https://youtu.be/Z5QlOuHCdII https://www.youtube.com/watch?v=qS-Ovhwr83g https://www.youtube.com/watch?v=lfo4lnaonjc&feature=youtu.be https://www.youtube.com/watch?v=5P3Hb8WVVqI https://www.youtube.com/watch?v=DmrOY3uH-ZE https://www.youtube.com/watch?v=Hi6vBBIFb1g&feature=youtu.be https://www.youtube.com/watch?v=7QWEcmhfOxE&feature=youtu.be https://www.youtube.com/watch?v=TLVVU2xvknE&feature=youtu.be https://www.youtube.com/watch?v=CKj9HDfStjA&feature=youtu.be https://www.youtube.com/watch?v=Y2bUArwKMzM&feature=youtu.be https://www.youtube.com/watch?v=tMeMFSj2nAI&feature=youtu.be https://www.youtube.com/watch?v=Q3hG-tdnpDM&feature=youtu.be https://www.youtube.com/watch?v=EdjxLwOyJn8&feature=youtu.be https://www.youtube.com/watch?v=xog_QPrqI3Q&feature=youtu.be https://youtu.be/0mkVaJBsBAc https://www.youtube.com/watch?v=C9fwkm5XCFo&feature=youtu.be https://www.youtube.com/watch?v=-GtrQeEmzCM&feature=youtu.be https://www.youtube.com/watch?v=g7R5tNq-WBY&feature=youtu.be https://www.youtube.com/watch?v=IOBHZTSJFX4&feature=youtu.be https://www.youtube.com/watch?v=XKCJZtS00nI&feature=youtu.be,
ca:csd:2449040,Wickham,Quebec,youtube,https://youtu.be/3cQaCAB6k9E,single_video,no,qc_giant,https://youtu.be/3cQaCAB6k9E https://youtu.be/1p5XmIjbrls https://youtu.be/UtWzBBPtfWs https://youtu.be/7oQaJjTOxp8 https://youtu.be/Eu1C84q6iUw https://youtu.be/UdjzRtv5MWw https://youtu.be/dWuwwEcm540 https://youtu.be/VSCdXWYaGkY https://youtu.be/X8WVQL_eleY https://youtu.be/FIreVnPar9I https://youtu.be/R54blvikvjE https://youtu.be/ClzvdjrmdbI https://youtu.be/pFU5y7BmCdU https://youtu.be/bmSFlV8GHaU https://youtu.be/QQjY31k32Xs https://youtu.be/GT3HBAE2XOg https://youtu.be/toZuvyis_AU https://youtu.be/V-K--01AZXY https://youtu.be/BI0xzWC99VY https://youtu.be/7dRlv8kB40E https://youtu.be/mHg_eGzjBXg https://youtu.be/xHmpwRbiRLk https://youtu.be/pl04O9gjlKw https://youtu.be/dz_22dXzb7k https://youtu.be/azDN6S9dzRI https://youtu.be/FZZ_LfCRSso https://youtu.be/DMTiAbaR9Jc https://youtu.be/9kKlEhWQQug https://youtu.be/3OUbfSQ0Bbg https://youtu.be/mkO_W7ArwFY https://youtu.be/evfXMvkKhnU https://youtu.be/4rxLHYV2wRU https://youtu.be/Kpr2_MA7Y-w https://youtu.be/QkVHCGvw7Zw https://youtu.be/oI29cqtwSmE https://youtu.be/HgFKvsYtwto https://youtu.be/iW11dGj7TPA https://youtu.be/wraue5X1RGI https://youtu.be/130V6Sb4Xj0 https://www.youtube.com/watch?v=vpnY7QFTwes https://www.youtube.com/watch?v=XxI-ToHnW6w https://www.youtube.com/watch?v=8qPPcVVo5a0 https://www.youtube.com/watch?v=n5ymaFFIkj4 https://www.youtube.com/watch?v=rlWCsdFBJlc https://youtu.be/4PYSLtmqwYM https://youtu.be/zOa41cLz2J8 https://youtu.be/XOlcbvHa8I0 https://youtu.be/c9_bjFjXAHM https://youtu.be/emtwYIOOLZ8 https://www.youtube.com/watch?v=bdmG1S9erUI https://www.youtube.com/watch?v=RdsKUG2WciM https://youtu.be/rsEQ9TdZhsk https://youtu.be/h4eP6FGbuI0 https://youtu.be/81NB5ppWI7k https://youtu.be/xwcgnNVbNiE,found on https://www.wickham.ca/administration-municipale/seances-du-conseil/
ca:csd:2467050,Châteauguay,Quebec,youtube,http://www.youtube.com/user/VilledeChateauguay,channel,no,qc_giant,https://www.youtube.com/VilledeChateauguay http://www.youtube.com/user/VilledeChateauguay,found on https://ville.chateauguay.qc.ca/affaires-municipales/seances-du-conseil/
ca:csd:2471075,Terrasse-Vaudreuil,Quebec,youtube,https://youtu.be/fjTD1KHCLU8,single_video,no,qc_giant,https://youtu.be/fjTD1KHCLU8 https://youtu.be/U29HTAUiGnk https://youtu.be/jUE7wIyAl_I https://youtu.be/RUEP997U5vU https://www.youtube.com/watch?v=I2AYJNMxqw8 https://youtu.be/ZziDXwIdW54 https://youtu.be/BopEB-d0qwU https://youtu.be/6u5KqXlg-PQ https://youtu.be/zak0q2wqDPk https://youtu.be/rcH1zXmoftw https://youtu.be/nTMLSAPEOgQ https://youtu.be/KjdtqEJMO_M,found on https://www.terrasse-vaudreuil.ca/proces-verbaux/
ca:csd:2487105,Val-Saint-Gilles,Quebec,youtube,https://www.youtube.com/watch?v=oxYcleXXiGQ,single_video,no,qc_giant,https://www.youtube.com/watch?v=oxYcleXXiGQ https://www.youtube.com/watch?v=5gKjWBpvB14 https://www.youtube.com/watch?v=fuFD-wRvLcQ https://www.youtube.com/watch?v=FW-JB61fPks https://www.youtube.com/watch?v=W9tAHQ46SfQ https://www.youtube.com/watch?v=2_G7o9CY_5g https://www.youtube.com/watch?v=oYBmxwaITxQ https://www.youtube.com/watch?v=D37s2_MJMIA https://www.youtube.com/watch?v=CoiTDKvC79Y https://www.youtube.com/watch?v=7iZuQWShS9k https://www.youtube.com/watch?v=1a33gx_dS1w https://www.youtube.com/watch?v=CB5zco9dMI0,found on https://valst-gilles.ao.ca/fr/page/index.cfm?PageID=2856
ca:csd:2496020,Baie-Comeau,Quebec,youtube,https://www.youtube.com/channel/UCG6N_ON0v0vPc4Q5fikFfRA,channel,no,qc_giant,https://www.youtube.com/watch?v=OHXZhfeQzdg https://youtu.be/l2xqr7qibnI https://youtu.be/vIpAXfXH4kA https://youtu.be/73P9rq0rAgo https://youtu.be/tW6VnMpO1Ik https://youtu.be/VP53jhltl2w https://youtu.be/8Y5S85LsDyg https://youtu.be/ByhP0WyWdyw https://youtu.be/SjEkTqTw2zs https://youtu.be/NNi_yO0DKXs https://youtu.be/edlDKm7OtB8 https://youtu.be/KPWx0QFD1H0 https://www.youtube.com/watch?v=XpadKKbZiPE https://www.youtube.com/watch?v=WyUuGGW8qMA https://www.youtube.com/watch?v=C5B4Ngh2XKw https://www.youtube.com/channel/UCG6N_ON0v0vPc4Q5fikFfRA,found on https://www.ville.baie-comeau.qc.ca/services/information/medias-sociaux/
ca:csd:2493055,Labrecque,Quebec,youtube,https://www.youtube.com/watch?v=IgEG6ir4sn8,single_video,no,qc_giant,https://www.youtube.com/watch?v=IgEG6ir4sn8 https://youtu.be/xuMNOPQwkTQ https://youtu.be/IRHR6Z4N5Qk https://youtu.be/Z8cZdHncMpc https://www.youtube.com/watch?v=MCq1uoDQqNQ https://www.youtube.com/watch?v=7hPYaJuqP40 https://www.youtube.com/watch?v=7u1wEc6nDpU https://www.youtube.com/watch?v=1vk6fyaVZvA https://www.youtube.com/watch?v=cat6PIb7GN0 https://youtu.be/Zqlu0ZRlLo8 https://youtu.be/ZuKjScDRIrM https://www.youtube.com/watch?v=xevwWmCpXvQ https://www.youtube.com/watch?v=zXuxY2cvkTY https://youtu.be/k-5X3CN4DQM,found on https://ville.labrecque.qc.ca/vie-municipale/page-a-propos-4-4/
ca:csd:2431040,Irlande,Quebec,youtube,https://www.youtube.com/@MunicipaliteIrlande,channel,no,qc_giant,https://www.youtube.com/@MunicipaliteIrlande https://youtu.be/0Banf7Ql15I https://youtu.be/COzwULZmk18 https://youtu.be/g5h7FUubuIk https://youtu.be/zUAh9pyiAB4 https://youtu.be/gG3GwIhGF1s https://youtu.be/NyIlmH3Ul78 https://youtu.be/pOg3GxM3_Yg https://youtu.be/LlA31atSvoQ https://youtu.be/ftVNwUqDIuI https://youtu.be/XQ9q2aXV2oo https://youtu.be/dEVe4-n-PGo https://youtu.be/7Ek9oUpKBqI https://youtu.be/jZjUrPJAsgg https://youtu.be/5Kx59s__dQo https://www.youtube.com/watch?v=iC4ZGWPnRgg,found on https://www.mundirlande.qc.ca/pages/seances-conseil
ca:csd:2446050,Dunham,Quebec,youtube,https://www.youtube.com/@Ville-de-Dunham,channel,no,qc_giant,https://www.youtube.com/@Ville-de-Dunham,found on https://ville.dunham.qc.ca/evenement/seance-ordinaire-du-conseil-municipal-du-3-novembre-2026
ca:csd:2493005,Desbiens,Quebec,youtube,https://youtu.be/jSPD1FllVKI,single_video,no,qc_giant,https://youtu.be/jSPD1FllVKI https://youtu.be/Ga9YunmnGrs https://youtu.be/QVX-5v1ef0Q https://youtu.be/4QR5JNRkj7s https://youtu.be/6J1_VogIwKA https://youtu.be/Grrel2psGQE https://youtu.be/iSsjbXbSvxs https://youtu.be/hXGwnbOsArk https://youtu.be/cFeNqRTBECI,found on https://www.ville.desbiens.qc.ca/documents/seances-du-conseil
ca:csd:2484010,Shawville,Quebec,youtube,https://www.youtube.com/watch?v=LoM1KJq3osk,single_video,yes,qc_giant,https://www.youtube.com/watch?v=LoM1KJq3osk,found on https://shawville.ca/garbage-bin-instructional-video
ca:csd:2452035,Berthierville,Quebec,youtube,https://youtu.be/43ACsfCo2YE,single_video,no,qc_giant,https://youtu.be/43ACsfCo2YE https://youtu.be/gbViNcWo7WU https://youtu.be/i5ajBo-xoxU https://youtu.be/ux8hjtGmZ84 https://youtu.be/4_z0LTT_l1Q https://youtu.be/MH-8tvdh5Eg https://youtu.be/BRAIRN6x2K0 https://youtu.be/oYLy4lwLq1g https://youtu.be/zZCtyQSyQTo https://youtu.be/sHGTqSAHeZI,found on https://www.ville.berthierville.qc.ca/ville/vie-democratique/seances-du-conseil-et-proces-verbaux
ca:csd:2446080,Cowansville,Quebec,youtube,https://www.youtube.com/channel/UCgIM1ud78whEd2UpoQ8EtRQ,channel,no,qc_giant,https://www.youtube.com/channel/UCgIM1ud78whEd2UpoQ8EtRQ https://youtu.be/A9ACz4SehBM https://www.youtube.com/watch?v=zWctBsyMNE0 https://www.youtube.com/watch?v=-QfmLkO1wD8 https://www.youtube.com/watch?v=rB9aphJuJBo https://www.youtube.com/watch?v=V6lzOtc3h1Q https://www.youtube.com/watch?v=kxOoumVFGgM https://www.youtube.com/watch?v=nZ_AsevercY https://www.youtube.com/watch?v=Pbkgfq_G9ds https://www.youtube.com/watch?v=RX_VVU6xJ8Y https://www.youtube.com/watch?v=-ZrgTk09QUs https://www.youtube.com/watch?v=0Zi4V65Hhd0 https://www.youtube.com/watch?v=yIfnGuLLJqA https://www.youtube.com/watch?v=gQx0j_EkEtk https://www.youtube.com/watch?v=0r2EpMRT8y8 https://www.youtube.com/watch?v=1iws-SXOD-4 https://www.youtube.com/watch?v=XcTf4t5ssoM https://www.youtube.com/watch?v=CMs7YWwBrZY https://www.youtube.com/watch?v=bSv1b2SGPLs https://www.youtube.com/watch?v=LowmyKqbYoQ https://www.youtube.com/watch?v=Iu7nFqnItIM https://www.youtube.com/watch?v=S4ywXAjLm70 https://www.youtube.com/watch?v=-reCwxxPjsk https://www.youtube.com/watch?v=k6SHu-Q5Fto https://www.youtube.com/watch?v=4INsR8WXrg4,"found on https://www.cowansville.ca/: under heading ""Développement et tourisme""; page ""Ville de Cowansville""; nearby: ""Vie municipale Découvrir Accueil des nouveaux résidents Actualités Événements Historique Inscription à l'infolettre Portrait de la municipalité Publications municipales Regard sur Cowansville Administ"""
ca:csd:2470022,Beauharnois,Quebec,youtube,https://www.youtube.com/@villedebeauharnois7476,channel,no,qc_giant,https://www.youtube.com/watch?v=_lmx6lgZtKQ https://www.youtube.com/@villedebeauharnois7476 https://www.youtube.com/live/5lpGjdaudr8 https://www.youtube.com/live/peiAT2ocMNU https://www.youtube.com/live/M9YTspnNI9c https://www.youtube.com/watch?v=qte8pmULM0A https://www.youtube.com/watch?v=UjvoepEwdA8 https://www.youtube.com/watch?v=sIrB43O2LzE https://www.youtube.com/live/PYctsqgy4iw https://www.youtube.com/live/lhStr1o993w https://www.youtube.com/live/Tc5zkVQtFmI https://www.youtube.com/live/MfKLjbaHI5M https://www.youtube.com/live/Ih841gIFV98?si=jgqW22U78rYLwdHI https://www.youtube.com/watch?v=14p_QCMhbR8 https://www.youtube.com/watch?v=-r5cX7Hw6M0,"found on https://ville.beauharnois.qc.ca/: ""Youtube"" under heading ""Suivez-nous""; page ""Accueil - Ville de Beauharnois"""
ca:csd:2448028,Acton Vale,Quebec,youtube,https://www.youtube.com/channel/UC-JqqGAW93xEQSqLWOlKqAg,channel,no,qc_giant,https://www.youtube.com/watch?v=Rsmg2O9xl_g https://www.youtube.com/channel/UC-JqqGAW93xEQSqLWOlKqAg https://www.youtube.com/watch?v=NJwSyAQKk_s https://www.youtube.com/watch?v=EcLSJefQQpk https://www.youtube.com/watch?v=zQdKOcVu6yw https://www.youtube.com/watch?v=la7nk06P8Vk https://www.youtube.com/watch?v=HYr9Bzy7yIc https://www.youtube.com/watch?v=hh-hX1Hk7ao https://www.youtube.com/watch?v=yAkVNkDq9Ss https://www.youtube.com/watch?v=jQvZlYhBMUQ https://www.youtube.com/watch?v=PEDYL5ZEIbE https://www.youtube.com/watch?v=iWyFly6RWAQ https://www.youtube.com/watch?v=TYKkROBbKyI https://www.youtube.com/watch?v=PATumT-lMdw https://www.youtube.com/watch?v=OhzKWC4brQ0 https://www.youtube.com/watch?v=ZcuY4c1LEgc https://www.youtube.com/watch?v=QVSJAnAZzHg https://www.youtube.com/watch?v=P_QkysZ6558 https://www.youtube.com/watch?v=0w59sooBBG4 https://www.youtube.com/watch?v=U_hjefVwqOI https://www.youtube.com/watch?v=h9P79bxftsE https://www.youtube.com/watch?v=PNulrl2RxrI https://www.youtube.com/watch?v=7eX5Hqw9_d4 https://www.youtube.com/watch?v=sCYd1WC0xLI https://www.youtube.com/watch?v=oEHIDXS2FN0 https://www.youtube.com/watch?v=tcaoGZKxguk https://www.youtube.com/watch?v=dxIj8h1dc1E https://www.youtube.com/watch?v=ARmhJFc4btM https://www.youtube.com/watch?v=tJz_SqL2D4c https://www.youtube.com/watch?v=RUky4XkYjt8,"found on https://ville.actonvale.qc.ca/: ""Youtube"" under heading ""Optez pour Acton Vale. Découvrez pourquoi?""; page ""Accueil - Ville d'Acton Vale"""
ca:csd:2476025,Gore,Quebec,youtube,https://youtu.be/FaWy66wCmuI,single_video,no,qc_giant,https://youtu.be/FaWy66wCmuI https://youtu.be/GzcmRt1seGg https://youtu.be/eWBYdtBYpZg https://youtu.be/YOVoyKzmoBY https://youtu.be/5faajgV1fvg https://youtu.be/TIqmHihnzJ8 https://youtu.be/6rJL_Vm-PPI https://youtu.be/Bm5YRY2POKY https://youtu.be/llpEsDUW_yo https://youtu.be/0oX41Wyy9_Q https://youtu.be/0Bme3xy2Mes https://youtu.be/2uTEMQY88sw https://youtu.be/2MeHWncrH3Q https://youtu.be/NF0mzC0qDII https://youtu.be/-jJheFMkAYo https://youtu.be/gYtonD-Fsq4 https://youtu.be/CgFlxK7xs10 https://youtu.be/TT83x_txSQg https://youtu.be/6_-mYNu862U https://youtu.be/FdkGIDeN-pQ https://youtu.be/f8a6E84RZFs https://youtu.be/IImEse7qG4g https://youtu.be/3cbl2Iv7PvU https://youtu.be/Mg6uo1q7ccI https://youtu.be/5RGYzIFaLZ0 https://youtu.be/cn_LCTE3J_Y https://youtu.be/bRFaWpLHMoI https://youtu.be/ztIRLWgoDS4 https://youtu.be/lQ0ONSqcHoA https://youtu.be/-TWaBBT53_8 https://youtu.be/sGSf-VFJnWo https://youtu.be/sXWCJlNlRj0 https://youtu.be/zEjThGgZQzE https://youtu.be/c7rQB-lM3dI https://youtu.be/caf4MT9VltU https://youtu.be/g_PNEd4LmeY https://www.youtube.com/watch?v=52ZXxbPceHE&t=1s https://youtu.be/z1CO54XcK9c https://youtu.be/HUCvmntLu7k https://www.youtube.com/watch?v=SFV09LUYbqI https://youtu.be/_c50_UYRbZ0 https://youtu.be/FxORdiWU4XE https://youtu.be/H1bLAOfuFZY https://youtu.be/sHixZ4PCKK8 https://youtu.be/MW84orjjwz0 https://www.youtube.com/watch?v=hhq22boqD0A https://youtu.be/FyhamSuJq-g https://youtu.be/d8dCS7qUn2o https://youtu.be/E7qz4zClPvE,found on https://cantondegore.qc.ca/fr/conseil-municipal/seances-du-conseil
ca:csd:2478042,Ivry-sur-le-Lac,Quebec,youtube,https://www.youtube.com/watch?v=C0xfTF9CcxY&t=7s,single_video,no,qc_giant,https://www.youtube.com/watch?v=C0xfTF9CcxY&t=7s https://youtu.be/4pUSNMSwOLU https://youtu.be/KznD4oI5EbA https://youtu.be/KXMKk6-NE7I https://youtu.be/xuQn0xmCxFY https://youtu.be/rFdkyw6oXZI https://youtu.be/sqSNgw_Rp90 https://youtu.be/fM8vfCMbgOQ https://youtu.be/_ofX-iztf9Y%20 https://youtu.be/UYXEVEBzCdw%20 https://youtu.be/2IYfYnhtx4c https://youtu.be/UP8ed7qJZpE https://youtu.be/MlwTVnF2VYM https://youtu.be/O5sPBv_NRkU https://youtu.be/bJSCXqicD7o https://youtu.be/0uqudcv6tH0 https://youtu.be/VBFPTGgPlA4 https://youtu.be/Rxh7DT3zinI https://youtu.be/Hp9iVMdLu9Y https://youtu.be/qWoWLR64-3g https://youtu.be/TSxgL_udZTo https://youtu.be/xBe7-UPEJOg https://youtu.be/hG2k2PyVD94 https://youtu.be/C5qlytzywpA https://youtu.be/egBZaOcjAn0 https://youtu.be/01sh6MoZj8I https://youtu.be/Vf9-lktPBCg https://youtu.be/Eu60mkpx8CE https://youtu.be/BIpoH8A0Ne0 https://youtu.be/jtdwCaCvMIs https://youtu.be/1VuPTsqaqMc https://youtu.be/g9Tr71rW4b0 https://youtu.be/rmgCX6ublvQ https://youtu.be/k-cOnprbK_k https://youtu.be/mOkuirpWgXU https://youtu.be/G4ncHh_ukpc https://youtu.be/8JzhaPjxdgw,
ca:csd:2433123,Leclercville,Quebec,youtube,https://youtu.be/QCMl9KTNBEs,single_video,yes,qc_giant,https://youtu.be/QCMl9KTNBEs https://youtu.be/3j3r2g_P61U https://youtu.be/xHKJKds-lXo https://youtu.be/MZXt8LYg3so https://youtu.be/r_HWAT12BRI https://www.youtube.com/watch?v=DzTy_eR4irA https://youtu.be/ahFRAp_Is7A https://youtu.be/A4Fp-zY6WgM https://youtu.be/Qi2S5FvY1ZY https://youtu.be/7MxW28WC9q0 https://youtu.be/OSR8qKgsccA https://youtu.be/3FSKMYP9wjo https://youtu.be/diRhL_XBtYU https://youtu.be/-WJG0QPuGzk https://youtu.be/r7_hl1qGSi0 https://youtu.be/6Cfw3os-3hY,found on https://www.munleclercville.qc.ca/pages/enregistrement-des-seances-du-conseil
ca:csd:2466062,Hampstead,Quebec,youtube,https://www.youtube.com/@HampsteadChannel,channel,no,qc_giant,https://www.youtube.com/watch?v=Aj9Mu64SaZw https://www.youtube.com/@HampsteadChannel,"found on https://www.hampstead.qc.ca/fr/: ""Youtube"" under heading ""Suivez-nous""; page ""Accueil | Hampstead""; nearby: ""Facebook Instagram Youtube LinkedIn"""
ca:csd:2471050,Les Cèdres,Quebec,youtube,https://www.youtube.com/watch?v=5M3A69bO0aw&t=1s,single_video,no,qc_giant,https://www.youtube.com/watch?v=5M3A69bO0aw&t=1s https://www.youtube.com/watch?v=Ww4TTkVj_p0 https://www.youtube.com/watch?v=thRO8789jSo https://www.youtube.com/watch?v=mTO81cXmnt8 https://www.youtube.com/watch?v=Zxd-U4ASWWU,found on https://ville.lescedres.qc.ca/fr/services-aux-citoyens/greffe/proces-verbaux-ordres-du-jour
ca:csd:2449025,L'Avenir,Quebec,youtube,https://youtu.be/y6MwO1qDg8A,single_video,no,qc_giant,https://youtu.be/y6MwO1qDg8A https://youtu.be/G2V3qX5TN5I https://youtu.be/wJIPsT8xFM0 https://youtu.be/pKRQBpGD9ew https://youtu.be/0_uGvgvmf30 https://youtu.be/UdQpK22hbNU https://youtu.be/X6r4rYdM7vw https://youtu.be/Ns7sTlbsIDM https://youtu.be/BLNEf_Uv30s https://youtu.be/Jh49gFqWuIU https://www.youtube.com/watch?v=r4-GDpvOMPU https://youtu.be/saXnedHnYwk https://youtu.be/GyXaLmW9dQ8 https://youtu.be/iRbPOc1dhJM https://youtu.be/T9hCofkICpw https://youtu.be/vzi2OY5BY7w https://youtu.be/vcVYk_f7xjo https://youtu.be/hOobLgR0NXQ https://youtu.be/319d1MRlYlE https://youtu.be/UAgzVJxMYKY https://youtu.be/i9AOepoPqLA https://youtu.be/gIsEe3ApCMA https://youtu.be/9MOlCP_MzBg https://youtu.be/XJF1oi1HWu8 https://www.youtube.com/watch?v=j40gVG5M64I https://youtu.be/LiZDUwJSaG4 https://youtu.be/gTA7d2oI18A https://youtu.be/g6tlVZ0El4Y https://youtu.be/XA_yry_VpU8 https://www.youtube.com/watch?v=edZdC9ajx5o https://youtu.be/8-oSftCUFh4 https://youtu.be/k5soXtVieKM https://youtu.be/scoUoZhULQQ https://www.youtube.com/watch?v=Fk2Vex_Z47A https://youtu.be/y3SC9ORN5bM https://www.youtube.com/watch?v=uxyUc9J7E-Y https://youtu.be/Fwvw1aRKMpQ https://youtu.be/yy-hKMnQ6g8 https://youtu.be/itmMEt-12CU https://youtu.be/rpfQdPKt2nc https://youtu.be/qEWlJu6GcEg https://youtu.be/DB4Ty7uLhp0 https://youtu.be/PEJ1dwb0-GM https://www.youtube.com/watch?v=1TFdKzkkPqg https://www.youtube.com/watch?v=N8zxkX4a_sw https://youtu.be/CCAZm7GJZng https://youtu.be/3ZYXQCsqge0 https://youtu.be/ZA7SBSj0_EE https://youtu.be/PwzWjrfyfUU https://youtu.be/OBYKtyXOX3s https://youtu.be/YCqLKYgaqW0 https://youtu.be/Y66LbW4jckQ https://youtu.be/IzVUqT5Uawc https://youtu.be/W17gKeSPTfs https://youtu.be/vdfggZ1qKm4 https://youtu.be/Zktgr0Szi7U https://youtu.be/iFnp311W4ow https://youtu.be/4HIxLOTs5Bk https://youtu.be/MvLD1K8t-xw https://youtu.be/uXv-IVTVp2w https://youtu.be/cL_7hhXnG7g https://youtu.be/tSkAVxrZgq0é https://youtu.be/USaeR70T5h8 https://youtu.be/hFsJqGU3ZgA https://www.youtube.com/watch?v=Pv5F_m_B-zA https://youtu.be/AbI9rpxYjBQ https://youtu.be/EPhm0tRx_cE https://youtu.be/Se2eBQ6SEJU https://www.youtube.com/watch?v=HZFP7LV9m4M https://www.youtube.com/watch?v=3HrhvqDzyD4 https://youtu.be/wwg3kEAvmkI https://youtu.be/uGXJX-Lobx8 https://youtu.be/-mW8IXtPw_Q https://youtu.be/Ty8iG_J8eME https://youtu.be/Z3WF0Z9Ie38 https://youtu.be/oa4T0ieyQ5Q https://youtu.be/XBhXBkVRt94 https://youtu.be/Sid36m-XvRQ https://youtu.be/KNWt49r4-3I https://youtu.be/iTRjg8Wk7Bk https://youtu.be/VFjnmKo-lmI https://youtu.be/aU-wxnbPIOQ https://youtu.be/ul_3uuuLBOI https://youtu.be/2Ys4jo5WKs8 https://youtu.be/4denY0H3tZI https://youtu.be/qXCdOeRws44 https://www.youtube.com/watch?v=hSLgUsKum7k https://www.youtube.com/watch?v=XuX0gGRjfe0,found on https://municipalitelavenir.qc.ca/administration/seances-et-proces-verbaux
ca:csd:2403005,Gaspé,Quebec,youtube,https://www.youtube.com/watch?v=hkrs81ep4Zo,single_video,no,qc_giant,https://www.youtube.com/watch?v=hkrs81ep4Zo,
ca:csd:2471060,L'Île-Perrot,Quebec,youtube,https://youtu.be/Be4KW8-WGig,single_video,no,qc_giant,https://youtu.be/Be4KW8-WGig https://youtu.be/6NIVb5_nmKs https://www.youtube.com/watch?v=rxaktnyGtGI&feature=youtu.be https://www.youtube.com/watch?v=DJtrW6U-IsY&feature=youtu.be https://www.youtube.com/watch?v=uAKqu2WlWmo&feature=youtu.be https://www.youtube.com/watch?v=yGJgoFnNcbA&feature=youtu.be https://www.youtube.com/watch?v=h3fSCOAZ8Zc&feature=youtu.be https://www.youtube.com/watch?v=9PkK3Kbmthk&feature=youtu.be https://www.youtube.com/watch?v=_GzMJNq3FTE&feature=youtu.be https://www.youtube.com/watch?v=T5HdbXgXUJ0&feature=youtu.be https://www.youtube.com/watch?v=Kw0tmCojh9Q&feature=youtu.be https://youtu.be/lEToM5YXB9s https://www.youtube.com/watch?v=Fxa8ad7b8ys&feature=youtu.be https://youtu.be/IZXP3rQbe-M https://youtu.be/1YwUsSrVpmw https://youtu.be/yGDnhNmdS4I https://youtu.be/l1MPqiOxzwE https://youtu.be/qHiIM9Qde18,found on https://www.ile-perrot.qc.ca/la-ville/democratie/ordres-du-jour-et-proces-verbaux
ca:csd:2483065,Maniwaki,Quebec,youtube,https://www.youtube.com/watch?v=UWLKZeI1zws,single_video,no,qc_giant,https://www.youtube.com/watch?v=UWLKZeI1zws,found on https://ville.maniwaki.qc.ca/a-propos/maniwaki-en-images/videos
ca:csd:2471033,Les Coteaux,Quebec,youtube,https://www.youtube.com/watch?v=Ajl_lVTwttU,single_video,yes,qc_giant,https://www.youtube.com/watch?v=Ajl_lVTwttU https://www.youtube.com/watch?v=Z8UwLb9J3JM https://www.youtube.com/watch?v=1q0E80FJ7EM https://www.youtube.com/watch?v=VaZRT_pKTaQ https://www.youtube.com/watch?v=AS9E6kGC1q8 https://www.youtube.com/watch?v=GNauSggQNpY https://www.youtube.com/watch?v=M4rHZhj0pa0 https://www.youtube.com/watch?v=_gRIX-EYqy4 https://www.youtube.com/watch?v=22CEL6epveM https://www.youtube.com/watch?v=miPhG2Iq5uA https://www.youtube.com/watch?v=B_P-9sKZ6VM https://www.youtube.com/watch?v=_COsSXTHInE https://www.youtube.com/watch?v=W64WGq-RFBI https://www.youtube.com/watch?v=8KpD-ebMen8 https://www.youtube.com/watch?v=K7Q3DuzWINQ https://www.youtube.com/watch?v=EajRAkj6V08 https://www.youtube.com/watch?v=BRj2kunpOqA https://www.youtube.com/watch?v=4FFsxh8kTHM https://www.youtube.com/watch?v=BzNh86cOrWI https://www.youtube.com/watch?v=BRyZ7_Px2ag https://www.youtube.com/watch?v=KSVnDxCM4gw https://www.youtube.com/watch?v=HcUvaA4Nxzs https://www.youtube.com/watch?v=mLeqNZywJ20 https://www.youtube.com/watch?v=bKb7305uydQ https://www.youtube.com/watch?v=yzDRtczqC2E https://www.youtube.com/watch?v=oEmmLM_MqV0 https://www.youtube.com/watch?v=WliXOWoeHHs https://www.youtube.com/watch?v=h2kkDaBU0CU https://www.youtube.com/watch?v=_N1KayNOmOg https://www.youtube.com/watch?v=yN_LmOzb3Zw https://www.youtube.com/watch?v=MOLzYfTcKaw https://www.youtube.com/watch?v=eh-YQvxFCRk https://www.youtube.com/watch?v=fgGPG3sfwVs https://www.youtube.com/watch?v=UFY0FmD2axk https://www.youtube.com/watch?v=eQk3te57Xqo https://www.youtube.com/watch?v=5OmuTxyrZ_o https://www.youtube.com/watch?v=VlWjP9lkuQ8 https://www.youtube.com/watch?v=vva7NyoqFzE https://www.youtube.com/watch?v=4QXM71R4JjA https://www.youtube.com/watch?v=vqnwisVu9Rk https://www.youtube.com/watch?v=5fp5s4dXa2A https://www.youtube.com/watch?v=TL9wdiyb-dQ https://www.youtube.com/watch?v=UDU-UaKcL_s https://www.youtube.com/watch?v=ete9nL4S8G8 https://www.youtube.com/watch?v=Si6lw3Tq4vo https://www.youtube.com/watch?v=JnXBjxhYp_g https://www.youtube.com/watch?v=yg9_bCCwqHs https://www.youtube.com/watch?v=yELtlXoWEkc https://www.youtube.com/watch?v=9Myzuk010uk https://www.youtube.com/watch?v=yjRZj-315lg,found on https://les-coteaux.qc.ca/citoyens/greffe/seance-du-conseil/
ca:csd:2452007,Lavaltrie,Quebec,youtube,https://www.youtube.com/channel/UCKwtCEWN-x0HG8qV79lLm-g/,channel,no,qc_giant,https://www.youtube.com/channel/UCKwtCEWN-x0HG8qV79lLm-g/ https://www.youtube.com/watch?v=https://www.youtube.com/watch?v=eeA3D8nYOZY https://www.youtube.com/watch?v=-Z7EtwmpU8k https://www.youtube.com/watch?v=KCMvUqW8w-M https://www.youtube.com/watch?v=w0WD8egr6uY https://www.youtube.com/watch?v=3IqU2bcNIos https://www.youtube.com/watch?v=sRqcyX9I9bQ https://www.youtube.com/watch?v=Xm-24jfH0Z4 https://www.youtube.com/watch?v=QFyefICMJkI https://www.youtube.com/watch?v=https://youtu.be/qziU-Lc6g20,"found on https://www.ville.lavaltrie.qc.ca/: ""Compte Youtube"" under heading ""Mon équilibre,ma vraie nature.""; page ""Ville de Lavaltrie""; nearby: ""Page Facebook Compte Instagram Compte LinkedIn Compte Youtube"""
ca:csd:2408053,Matane,Quebec,youtube,https://www.youtube.com/user/QuebecTVcogecoCable,channel,no,qc_giant,https://www.youtube.com/user/QuebecTVcogecoCable https://www.youtube.com/@villedematane1760 https://www.youtube.com/watch?v=BxP0OJ579uA https://www.youtube.com/watch?v=Vr6YaK42FUM,found on https://nous.tv/matane
ca:csd:2496040,Ragueneau,Quebec,youtube,https://youtu.be/m_Bct5MJnGA,single_video,no,qc_giant,https://youtu.be/m_Bct5MJnGA https://youtu.be/GggTazMR6ao https://youtu.be/FaxiFmhkwQU https://youtu.be/kQXPv41wk3Y https://youtu.be/c42odplf0NI https://youtu.be/LWjeV6O61G0 https://youtu.be/NTUxUeew_Vs https://youtu.be/fT6DDRcfkTA https://youtu.be/r0IG6G0vc9U https://youtu.be/IvXM_Zw2Tm8 https://youtu.be/U6lrLbEIzDM https://youtu.be/9Qju0mbvuR0 https://youtu.be/KEweSeQgGAo https://youtu.be/8zwL8r-ZjEQ https://youtu.be/Vnh1AFwGi0I https://youtu.be/260UmSJdis4 https://youtu.be/0pCF-s-7Etk https://youtu.be/g5NkMGFz9JY https://youtu.be/ghHITBIJaGk https://youtu.be/kpRSXVjZxws https://youtu.be/vXFiJ0h-Sog https://youtu.be/AMGqN-lfBYc https://youtu.be/guZrKhXkbec https://youtu.be/eJkGq5QKadU https://youtu.be/E9jlgOVpIoI https://youtu.be/SgypKI2_HTc https://youtu.be/PUEEVcp5vXQ https://youtu.be/c0LMtso6_8A https://youtu.be/QLOEv7kLegE https://youtu.be/imqsiT9PspY https://youtu.be/5RZRCpmmkxA https://youtu.be/eEndplx4jxo https://youtu.be/ZxXyo937Dyw https://youtu.be/Ps2VFmLdQ_8 https://youtu.be/DJMTkMsBbKg https://youtu.be/2TqmqmnIBeY https://youtu.be/fIKRYEmVH_Y https://youtu.be/K6vm4hNgvyE https://youtu.be/MKOjsiPMTWE https://youtu.be/vk-t-x_TsN0 https://youtu.be/gCCeXh27b2s https://youtu.be/blCdDMKaetQ https://youtu.be/7mbYT7dYkpE https://youtu.be/7kzD09BKlCI https://youtu.be/0U-VNRvL0-0 https://youtu.be/JUWgVFMaqvQ https://youtu.be/Lx4VQ5-Oia8 https://youtu.be/9fEh9N6IePw https://youtu.be/9Cr81YtSvt4 https://youtu.be/zMh_WjIDGnw https://youtu.be/Q9l0852TsLo https://youtu.be/KpQNABoAepo https://youtu.be/bRKOA5dbqv0 https://youtu.be/AiyfO1qug44 https://youtu.be/TC9TbhMorsk https://youtu.be/_fMgqIn6ZTk https://youtu.be/sxG5HGoDrtA https://youtu.be/odeJy4w5qoo https://youtu.be/DqBXeWstbBU https://youtu.be/Syzu4_KigR0 https://youtu.be/yMETnTh0sq0 https://youtu.be/uRfQgZlVy0A https://youtu.be/kr4SPZbDnb4 https://youtu.be/_1rOlTqiiHY https://youtu.be/Wv9_q24CdXM https://youtu.be/jLqlxL0H2QQ https://youtu.be/gRTzGeid_xA https://youtu.be/jYLMUAOD5VA,found on https://municipalite.ragueneau.qc.ca/municipalite/conseil-municipal/proces-verbaux/
ca:csd:2434017,Pont-Rouge,Quebec,youtube,https://www.youtube.com/@villedepont-rouge9440,channel,no,qc_giant,https://www.youtube.com/watch?v=7a9FgsCx-S8 https://www.youtube.com/@villedepont-rouge9440 https://youtu.be/CUSmRwqAEOk?si=3intxbX3TbocgK9N https://youtu.be/s7XlRsYjdXU https://www.youtube.com/watch?v=qrqRpw-m1TE https://youtu.be/dgbovEgpo2E?si=MsQMa2ij9oZ5l1VP https://youtu.be/Hwp0BRgbwyE?si=aaI0SyMgS2KeiqMJ https://youtu.be/cP9Vd72gnVs https://www.youtube.com/watch?v=9bpNgdyDD-0 https://www.youtube.com/watch?v=WGeZvugeOHs https://youtu.be/DA8FMNMaBG0?si=zs1jFU2Ble4EAopr,found on https://www.ville.pontrouge.qc.ca/vie-municipale/vie-democratique/conseil-municipal/seances-du-conseil-municipal/
ca:csd:2409048,Métis-sur-Mer,Quebec,youtube,https://www.youtube.com/watch?v=TS_hWkWXR14,single_video,yes,qc_giant,https://www.youtube.com/watch?v=TS_hWkWXR14,found on https://ville.metis-sur-mer.qc.ca/fr/municipalite/proces-verbaux
ca:csd:2471070,Pincourt,Quebec,youtube,https://www.youtube.com/channel/UC7SJk3pCb9NnS8qm8xUyNkQ,channel,no,qc_giant,https://www.youtube.com/channel/UC7SJk3pCb9NnS8qm8xUyNkQ,found on https://villepincourt.qc.ca/en/town-hall/town-meetings-and-meetings-minutes
ca:csd:2435015,Saint-Adelphe,Quebec,youtube,https://www.youtube.com/watch?v=baxQbuUP5Uk,single_video,no,qc_giant,https://www.youtube.com/watch?v=baxQbuUP5Uk https://www.youtube.com/watch?v=p9IGaO9IFQQ https://www.youtube.com/watch?v=HRDHdyvi34A https://www.youtube.com/watch?v=b-tq7mPuBq8&t=2314s https://www.youtube.com/watch?v=UxrZpJ1BdB0&t=4755s https://www.youtube.com/watch?v=L3i6D6ynP8Y https://www.youtube.com/watch?v=jZz_Qg3jmWg https://www.youtube.com/watch?v=izpGlcD7SDA https://www.youtube.com/watch?v=LkhDuw0mFZA&t=2s,found on https://www.st-adelphe.qc.ca/accueil/municipalite/conseil-municipal-2021-2025/calendrier-des-seances/https-www-st-adelphe-qc-ca-accueil-municipalite-conseil-municipal-2021-2025-calendrier-des-seances/
ca:csd:2412015,Saint-Antonin,Quebec,youtube,https://www.youtube.com/@VilleSt-Antonin,channel,no,qc_giant,https://www.youtube.com/@VilleSt-Antonin,found on https://ville.saint-antonin.qc.ca/seances/
ca:csd:2434097,Saint-Alban,Quebec,youtube,https://www.youtube.com/watch?v=FlVjXkSVrJI,single_video,no,qc_giant,https://www.youtube.com/watch?v=FlVjXkSVrJI https://st-alban.qc.ca/fr/ma-municipalite/conseil-municipal/youtube.com/watch?fbclid=IwY2xjawUnlHpleHRuA2FlbQIxMABwZG9mAWJyaWQRMUNYdktmRUE4RklVRENFakNzcnRjBmFwcF9pZBAyMjIwMzkxNzg4MjAwODkyAAEeaRRVj3uQ8jU5FuoAyF7LImctKdqvD0xgQhnBMRZVcttZqZyco_Wv6EJpDzc_aem_I0bgH8J3B0D_lKVc1wccoQ&v=ZjwvY2bBNo8&feature=youtu.be,found on https://st-alban.qc.ca/fr/ma-municipalite/conseil-municipal/seances-du-conseil
ca:csd:2449070,Saint-Cyrille-de-Wendover,Quebec,youtube,https://www.youtube.com/channel/UCg0_yH9avYhW9GSo_e6Ss5w,channel,no,qc_giant,https://www.youtube.com/channel/UCg0_yH9avYhW9GSo_e6Ss5w https://youtu.be/9UCc8HZF24o https://www.youtube.com/watch?v=m8HVZ9dR3Z0 https://www.youtube.com/watch?v=PQf69QbcuJ0 https://www.youtube.com/watch?v=omhfdIudABQ https://www.youtube.com/watch?v=FlKgtlZGdZI https://www.youtube.com/watch?v=VT0j8ll6R1A,"found on https://stcyrille.qc.ca/: under heading ""Suivez-nous""; page ""Accueil - Municipalité de Saint-Cyrille-de-Wendover"""
ca:csd:2453005,Saint-David,Quebec,youtube,https://youtu.be/xna4t5MGVM0,single_video,no,qc_giant,https://www.stdavid.qc.ca/municipalite/seances-du-conseil-et-proces-verbaux/seances-du-conseil-et-proces-verbaux-5/ https://youtu.be/xna4t5MGVM0 https://youtu.be/hK6pq7d5QxM https://youtu.be/svBBRP8T4fshttp:// https://youtu.be/lik9d7Cp4iY https://youtu.be/pNCV-243d8k https://youtu.be/hpF546GIwnk https://youtu.be/pcAi4qdlEMA https://youtu.be/qL0X6L5Xdns https://youtu.be/fZ0vfV6LiF0 https://youtu.be/3HuBV9X-yB4 https://youtu.be/pZK3Tsdjao4 https://youtu.be/mUIEdOGkFRM https://youtu.be/2kHmAEN7NHM https://youtu.be/36pR5rcukHk https://youtu.be/BDwAkGuTsl4 https://youtu.be/3xf8ml4AH_c,found on https://www.stdavid.qc.ca/municipalite/seances-du-conseil-et-proces-verbaux/seances-du-conseil-et-proces-verbaux-3/
ca:csd:2472015,Sainte-Marthe-sur-le-Lac,Quebec,youtube,https://www.youtube.com/watch?v=WTQ0mrRbc54&list=PLJQBbs8b7OAJsSCH-wesF_Zlu1QV39mEL,playlist,no,qc_giant,https://www.youtube.com/watch?v=mtyOnC6pAQ8 https://www.youtube.com/watch?v=F3vHFRMaU40 https://www.youtube.com/watch?v=RkBw9KTMrJQ https://www.youtube.com/watch?v=vMEQ0_BW9d4 https://www.youtube.com/watch?v=QLsntxpP7bA https://www.youtube.com/watch?v=AWFOu2oxdfA https://www.youtube.com/watch?v=pEsp6VglTFQ https://www.youtube.com/watch?v=ITRqGRfvl_Q https://www.youtube.com/watch?v=WTQ0mrRbc54 https://www.youtube.com/watch?v=4NrNhFi_AQs https://www.youtube.com/watch?v=AHB8MKbQKQ0 https://www.youtube.com/watch?v=xYCyOasQhs4 https://www.youtube.com/watch?v=Wr2iBlGTHFQ https://www.youtube.com/watch?v=V7t1xjLIZV8 https://www.youtube.com/watch?v=m5vfltyinTA https://www.youtube.com/watch?v=G2YeM6ZQd84 https://www.youtube.com/watch?v=Hip5_krQKrs https://www.youtube.com/watch?v=1DMM61-Qv8k https://www.youtube.com/watch?v=HqXck0I2EQA https://www.youtube.com/watch?v=c9a77d9av1w https://www.youtube.com/watch?v=wjC9ZLOhYaA https://www.youtube.com/watch?v=uJJxatD-QRM https://www.youtube.com/watch?v=GQRz3G6BBpw https://www.youtube.com/watch?v=WTQ0mrRbc54&list=PLJQBbs8b7OAJsSCH-wesF_Zlu1QV39mEL https://www.youtube.com/watch?v=45ncXd6WxJc https://www.youtube.com/watch?v=3sFsUtjx7ec https://www.youtube.com/watch?v=PSMzqTx7YnA https://www.youtube.com/watch?v=WosXoREGwq4 https://www.youtube.com/watch?v=oTWG4IYCSMA https://www.youtube.com/watch?v=Z3t603Qhjwg https://www.youtube.com/watch?v=B-GXby8SrmQ https://youtu.be/ESGv5sPyFYI?si=CMBnR2iqOAPre6cn https://www.youtube.com/watch?v=qKZ1nPzaoKQ&t=4s https://www.youtube.com/watch?v=jnBksnulYKE https://www.youtube.com/watch?v=YWtQbIytwfg https://www.youtube.com/watch?v=j4Jo3MfvN4c https://www.youtube.com/watch?v=WI1aJnxCiYI,found on https://vsmsll.ca/ville/vie-democratique/seances-du-conseil
ca:csd:2455057,Richelieu,Quebec,youtube,https://www.youtube.com/channel/UC2M06nchkSpjSfOg1wig-cQ,channel,no,qc_giant,https://ville.richelieu.qc.ca/a-propos/democratie-et-participation-citoyenne/conseil-municipal-2/ https://www.youtube.com/channel/UC2M06nchkSpjSfOg1wig-cQ,"found on https://ville.richelieu.qc.ca/: ""googleplus"" under heading ""Suivez-nous""; page ""Accueil - Ville de Richelieu""; nearby: ""facebook googleplus googleplus googleplus"""
ca:csd:2435050,Sainte-Thècle,Quebec,youtube,https://youtu.be/Mn1zBBRWfEI,single_video,no,qc_giant,https://youtu.be/Mn1zBBRWfEI https://youtu.be/k1NgsVXY1hE https://youtu.be/knDq5eF0djU https://youtu.be/wPIZuYOkG1g https://youtu.be/FkrDdyAMI2U https://youtu.be/Hni1gyejKUw https://youtu.be/bNCrfQez49M https://youtu.be/BssTFjNB9rU https://youtu.be/RiHMbIGKZPM https://youtu.be/Wvog8VzZKrE https://youtu.be/h9WjDMZC5-0 https://youtu.be/Gm-D66WaFiI https://youtu.be/qe9U3CEXu-g https://youtu.be/ulWrpmGY068 https://youtu.be/TKWj0wgSvKs https://youtu.be/5y3DEt8Tsxs https://youtu.be/ITLiUeLFUm https://youtu.be/QW1He9P8vek https://youtu.be/XXBJDWKTC8w https://youtu.be/1CXWLS4Ia1k https://youtu.be/8iyN8TIelQ8 https://youtu.be/R-VqPPe1L6w https://youtu.be/A-odUvyYi8I https://youtu.be/2d8yJNDigio https://youtu.be/lo79vgPWaAA https://youtu.be/B1nLXjT2JPM https://youtu.be/mUH_9DSoJsE https://youtu.be/E9hE8RKwqdg https://youtu.be/SPgDBe3AP_w https://youtu.be/vzlTHjAFGwk https://youtu.be/uPPrRmBRQTg https://youtu.be/f0DrAXHaei0 https://youtu.be/qi8uZL6h7pE https://youtu.be/-FgrOI4JEm8 https://youtu.be/RaVNJ1YDX_A https://youtu.be/HAcYlaPcp2s https://youtu.be/lyckae-rz9E https://youtu.be/ylqLLKTjL88 https://youtu.be/oGNm3c-6yoA https://youtu.be/Kfn0dkdhado https://youtu.be/aXGsueVYWFU https://youtu.be/zsvbfWwSEWQ https://youtu.be/8d0N5q4leI0 https://youtu.be/7pf5kM9nA_Y https://youtu.be/ZcejHJ--WZA https://youtu.be/nXl-vskml58 https://youtu.be/B1p1ujqhQxw https://youtu.be/q85KhqqgVew,found on https://ste-thecle.qc.ca/vie-municipale/ma-municipalite/seances-conseil-proces-verbaux/
ca:csd:2431045,Saint-Joseph-de-Coleraine,Quebec,youtube,https://youtu.be/LHQAUTRFGQ8,single_video,no,qc_giant,https://youtu.be/LHQAUTRFGQ8 https://youtu.be/edIsMwJ1XaU https://youtu.be/4l8m0VYNDHw https://youtu.be/ofMAprAqKKM https://youtu.be/8S-OeoVCl9w https://youtu.be/AdiqOon2fMU https://youtu.be/RVWIVJ5QSDs https://youtu.be/uSCeYbhkuIY https://youtu.be/tUQLUK-5ZtM https://youtu.be/aEOJBg2daSs https://youtu.be/Es1EXceq4YU https://youtu.be/d8SYEo22AAQ https://youtu.be/cYL1YTFHACU https://youtu.be/OtPTVmgTW7E https://youtu.be/VVNCIC6RYrY https://youtu.be/SaTYhg_YogM https://youtu.be/78_tfSnJEo8 https://youtu.be/LvHwFym4o94 https://youtu.be/STVPRc9JoIM https://youtu.be/fGl58YZm8Es https://youtu.be/WFkS6YKC_20 https://youtu.be/b9RkfOBJDu8 https://youtu.be/BJeEmExsxfA https://youtu.be/yUDC5S3dshs https://youtu.be/avXiqIqyjWE https://youtu.be/vFqdAGH1OWM https://youtu.be/YD-jRLcdfPs https://youtu.be/r_0QeZ5_X2E https://youtu.be/nPZaxnfOnKk https://youtu.be/bAMBVjY0uiw https://youtu.be/UcOqht1JTaQ https://youtu.be/p-HTE6zHeZw https://youtu.be/tLGPl99xJWY https://youtu.be/Y8waQIKGXuc https://youtu.be/fPrkPsea_BQ https://youtu.be/2SvyBMv8_-I https://youtu.be/KJc8yo1m3ZI https://youtu.be/gDMmabGyFQ0 https://youtu.be/kMvPSY_cxTI https://youtu.be/LuKWIDiA_B4 https://youtu.be/4Cx-LB_XTIs https://youtu.be/og-b0QyBbfE https://youtu.be/aMxbJafSSlY https://youtu.be/peC7M_ETMJc https://youtu.be/LytEZ-nySNE https://youtu.be/H5gvyQUKi1M https://youtu.be/0DC3fu7InZA https://youtu.be/aN20YDSiPlY https://youtu.be/6U3uyFq2grY https://youtu.be/EMAVM_ahcx0 https://youtu.be/o1LAKfGEp0w https://youtu.be/slFj-2wcPuo https://youtu.be/jHDawYXoCDw https://youtu.be/qf202p8r4RE https://youtu.be/SHfQ6L81Hrc https://youtu.be/aVhOKLLzijE https://youtu.be/sDXjTqL3eZw https://youtu.be/EcVdeLjnCvs https://youtu.be/Kd61Rs7SbtM https://youtu.be/vxwWmt5saMk https://youtu.be/kjsDhXbI2BU https://youtu.be/328Z52L2Mo4 https://youtu.be/8Ct6QiKGI9g https://youtu.be/waO-rLBZElM https://youtu.be/cTXrDDddYsw https://youtu.be/j1u-V8gFnlA https://youtu.be/2X3E1Zn8Aas https://youtu.be/0l22tPBSw2c https://youtu.be/vfIh1EIVsgE https://youtu.be/elJ-iYnfFco https://youtu.be/PEbvumN4j4Q https://youtu.be/B6JYE-or95E https://youtu.be/nEBLQ5wBflo https://youtu.be/b4cM1a7S6mM https://youtu.be/-TDA1jELCPk https://youtu.be/AKhfeWepKBo https://youtu.be/i2OSeuIwdw8,found on https://www.coleraine.qc.ca/pages/seances-version-audio
ca:csd:2493070,Saint-Henri-de-Taillon,Quebec,youtube,https://youtu.be/dGEgWWrBncU,single_video,no,qc_giant,https://youtu.be/dGEgWWrBncU https://youtu.be/Pv04qO37N6o https://youtu.be/9Op2T_zGIps https://youtu.be/ShPnZOXlS4w https://youtu.be/-GSagfi8Bg4 https://youtu.be/jhUQudM_FNc https://youtu.be/hTo8Ok-JtPM https://youtu.be/705nQnXmmCI?si=7WD0JNO26qvfpDlg https://youtu.be/OEspTUR9ovs https://youtu.be/lS5n2XWi4yU https://youtu.be/g51iQnL-T88 https://youtu.be/pyNIvo5fhgU https://youtu.be/y2lx-cDEaHY,found on https://ville.st-henri-de-taillon.qc.ca/seance-du-conseil/
ca:csd:2453025,Sainte-Victoire-de-Sorel,Quebec,youtube,https://youtu.be/5upx1RORTT8,single_video,no,qc_giant,https://youtu.be/5upx1RORTT8 https://youtu.be/B3Yth9DZsDY https://youtu.be/7lopmLEPa2Y https://youtu.be/0I-8OrcN2LQ https://youtu.be/xmit-H0RbMI https://youtu.be/qL95fWsnZeQ https://youtu.be/KSoZu497Vf8 https://youtu.be/iKHJoSCVwqs https://youtu.be/gPWiXAzCbZA https://youtu.be/gbOj0mC1fTY https://youtu.be/G8cgdxv8RrY https://youtu.be/qFNz1Jb5l8U https://youtu.be/fzmTIfL2bGs https://youtu.be/SAwgrV-Ir4c https://youtu.be/WRxHtZtllfs https://youtu.be/XKKYrsJM71g https://youtu.be/r0RrMWzW75E,found on https://saintevictoiredesorel.qc.ca/ma-municipalite/conseil-municipal/seances-du-conseil/
ca:csd:2475005,Saint-Colomban,Quebec,youtube,https://www.youtube.com/@VilledeSaintColomban,channel,no,qc_giant,https://st-colomban.qc.ca/ville/vie-democratique/le-mini-conseil https://www.youtube.com/@VilledeSaintColomban https://www.youtube.com/watch?v=7W-V9nXKSMk,found on https://st-colomban.qc.ca/evenements/conseil-municipal/seance-ordinaire-du-conseil-municipal-2026-10-13
ca:csd:2453032,Saint-Ours,Quebec,youtube,https://www.youtube.com/channel/UCSKTZRpgrEVLVETZBw2gqvQ/featured,channel,no,qc_giant,https://www.youtube.com/channel/UCSKTZRpgrEVLVETZBw2gqvQ/featured,found on https://saintours.qc.ca/publication/une-premiere-a-saint-ours-webdiffusion-de-la-seance-du-conseil/
ca:csd:2416055,Saint-Urbain,Quebec,youtube,https://www.youtube.com/watch?v=Lh2JHhnD_yA,single_video,no,qc_giant,https://www.youtube.com/watch?v=Lh2JHhnD_yA,found on https://sainturbain.qc.ca/actualite/video-dariane-bernier-sur-velo-charlevoix-et-nos-sentiers-des-mines
ca:csd:2447035,Shefford,Quebec,youtube,https://www.youtube.com/watch?v=9jWhBMUjcDM,single_video,no,qc_giant,https://www.youtube.com/watch?v=9jWhBMUjcDM https://www.youtube.com/watch?v=rm084fr7bh4 https://youtu.be/Bw8Oa-qJeHg https://www.youtube.com/watch?v=peqRW98YNtk https://youtu.be/xU6ws-VKGjA https://www.youtube.com/watch?v=ZI97Hrzben4 https://youtu.be/Ll32XUJKNfE?si=8KZPmWGGOhNRhc3R https://www.youtube.com/watch?v=WLbJDUqE_Wg https://www.youtube.com/watch?v=d6ii8giWH5Q&t=35s https://www.youtube.com/watch?v=4jPyHd38820 https://www.youtube.com/watch?v=75FTFKdOAJQ https://www.youtube.com/watch?v=zE7T0X4F3TE https://www.youtube.com/watch?v=XoOAtkHi1J8 https://www.youtube.com/watch?v=0SwFTDFdByg,found on https://cantonshefford.qc.ca/municipalite/vie-democratique/seances-du-conseil
ca:csd:2442060,Valcourt,Quebec,youtube,https://www.youtube.com/watch?v=oMZAyd2Oqis,single_video,no,qc_giant,https://www.youtube.com/watch?v=oMZAyd2Oqis,
ca:csd:2459025,Verchères,Quebec,youtube,https://youtu.be/tvfC9JYsFt4?si=qOMAFc3IT_yTN6hb,single_video,no,qc_giant,https://youtu.be/tvfC9JYsFt4?si=qOMAFc3IT_yTN6hb https://www.youtube.com/watch?v=d0yVja0UipM https://youtu.be/oN9wU-k4_3o?si=Qzcw01tDETXJgmdl https://youtu.be/e0_9l35gI2Q https://youtu.be/YsJj1XCZ2q4?si=nfdyJjtYx6fC200B https://www.youtube.com/watch?v=xPR2TcEcCDk https://www.youtube.com/watch?v=11hAy10DY4o https://www.youtube.com/watch?v=qS4Y7zb93O0 https://www.youtube.com/watch?v=D3XS-BWYEH4 https://www.youtube.com/watch?v=z6IkocGN5HI https://www.youtube.com/watch?v=51YuA2z2CmA https://www.youtube.com/watch?v=aN9B5yUSbbY https://www.youtube.com/watch?v=QWkm4C6-wUY&t=10s https://youtu.be/ihHdPiHjqMg?si=TRvU2A1eOJUYGOb7%20 https://youtu.be/Ut7Lu6HvCFc https://youtu.be/HtUERmF2glE?si=PNDXGBmyaofGatMH https://youtu.be/LJSEEAV0keA?si=PQ-jY4o9bJnE9JBH https://www.youtube.com/watch?v=ZZPrihxxS7Y https://www.youtube.com/watch?v=pnGJUstqlaE&t=767s https://www.youtube.com/watch?v=PbHtWLmU2Vc https://www.youtube.com/watch?v=YrehUf1ZsZU https://www.youtube.com/watch?v=6hUnmvymCoE https://www.youtube.com/watch?v=hWP9NV1OP8E https://www.youtube.com/watch?v=jLZDnJ7l2as https://www.youtube.com/watch?v=OF2y-TAZQRY https://youtu.be/hDb-0Y75qkQ%20 https://youtu.be/1H8q5zKsylI https://youtu.be/NmwIpvOqgN0 https://youtu.be/wOCfuc-Zc5Q https://www.youtube.com/watch?v=yMlBcyIT1-Y https://www.youtube.com/watch?v=IIYga7LxcQ8&t=15s https://youtu.be/8LezI2Kf_lA https://youtu.be/8Ynnu-HC6kg https://youtu.be/qFpPLjgTUXY https://youtu.be/zuE7B7LhoqY https://youtu.be/HI2_ze2eaA4%20 https://youtu.be/K0kJK17GItA https://youtu.be/h3sP6DdjD7k https://www.youtube.com/watch?v=dzlrO0K4DPE https://youtu.be/ZyM-vtiZtqc https://www.youtube.com/watch?v=mtO7_XGScwU https://youtu.be/hN5T7ktZFp0 https://youtu.be/IXJsTttDWwE https://www.youtube.com/watch?v=fpDXf3VoHiE&t=10s https://youtu.be/NYU1EVpHhDY https://youtu.be/Ugka9iK2g8w?si=XXkyPJNpIVixzJUO https://youtu.be/OflXro_7qgA https://youtu.be/QWuN-FIFSgU https://youtu.be/6TrXnJYZmt4 https://youtu.be/FVUl-s7xIZs https://youtu.be/WxiDr8K7sEg https://www.youtube.com/watch?v=L8H3fPKEGFI&t=15s https://www.youtube.com/watch?v=Jc1nSGWl3Js https://www.youtube.com/watch?v=u3hZJoUqt3U https://www.youtube.com/watch?v=-fQuRZmdrCw https://www.youtube.com/watch?v=qZDHkP9ih7k https://youtu.be/c-2L1ilCdbk https://youtu.be/kv_OscuChx4 https://youtu.be/QkDECZzKPIA https://youtu.be/iZwzUYaTs0M https://youtu.be/ssCVcDoS7zs https://youtu.be/shs-LEKwNZw https://youtu.be/q0hMNImUUQs https://youtu.be/KhYZvexbyo0%20 https://youtu.be/4xSRtERii3A https://youtu.be/kQzBf1Fu2nA https://www.youtube.com/watch?v=b6NWswGeA0I,found on https://ville.vercheres.qc.ca/municipalite/seances-et-proces-verbaux/
