gov_id,government,state,website,pages_seen,youtube_urls_seen,youtube_links_count,already_on_drip_list,drip_list_urls
us:place:0180496,Wedowee town,Alabama,wedoweeal.com,https://wedoweeal.com/ -> https://www.wedoweeal.com/ -> http://wedoweeal.com/ -> http://www.wedoweeal.com/,,9,no,
us:county:09160,Northwest Hills Planning Region,Connecticut,nhcogct.gov,https://nhcogct.gov/ -> http://nhcogct.gov/ -> http://www.nhcogct.gov/ -> https://www.nhcogct.gov/policyboard -> https://www.nhcogct.gov/agendas-minutes -> https://www.nhcogct.gov/boards-committees,,15,yes,https://www.youtube.com/channel/UCY2NQVNTUHUZ2gzoGNUJIMw/videos
us:place:0428030,Globe city,Arizona,www.globeaz.gov,https://globeaz.gov/ -> https://www.globeaz.gov/ -> http://globeaz.gov/ -> http://www.globeaz.gov/ -> https://www.youtube.com/@CityofGlobeArizona/streams -> https://destinyhosted.com/agenda_publish.cfm?id=45623&mt=ALL -> https://public.destinyhosted.com/public/js/destiny.js -> https://public.destinyhosted.com/agenda_publish.cfm?id=45623&mt=ALL&get_month=8&get_year=2026 -> https://public.destinyhosted.com/agenda_publish.cfm?id=45623&mt=ALL&get_month=10&get_year=2026,https://www.youtube.com/@CityofGlobeArizona/streams,2,no,
us:county:05067,Jackson County,Arkansas,newportarkansas.gov,https://newportarkansas.gov/ -> https://www.newportarkansas.gov/ -> http://newportarkansas.gov/ -> http://www.newportarkansas.gov/ -> https://newportarkansas.gov/city-council -> https://newportarkansas.gov/jobs-in-newport/resumes -> https://newportarkansas.gov/city-of-newport -> https://newportarkansas.gov/press -> https://newportarkansas.gov/city-of-newport/agendas -> https://newportarkansas.gov/economic-development/agendas -> https://newportarkansas.gov/event-facilities -> https://newportarkan,,5,no,
us:place:1276417,Westlake city,Florida,www.westlakegov.com,https://westlakegov.com/ -> http://westlakegov.com/ -> http://www.westlakegov.com/ -> https://docs.westlakegov.com/ -> https://www.westlakegov.com/node/8456 -> https://www.westlakegov.com/citycouncil -> https://www.westlakegov.com/node/8001 -> https://www.westlakegov.com/meetings -> https://www.westlakegov.com/bc-eyab/page/education-advisory-board-meeting-18 -> https://www.westlakegov.com/citycouncil/page/city-council-final-budget-hearing-5 -> https://www.westlakegov.com/citycouncil/page/city-co,,72,no,
us:county:01067,Henry County,Alabama,www.henrycountyal.com,https://henrycountyal.com/ -> http://henrycountyal.com/ -> http://www.henrycountyal.com/ -> https://www.henrycountyal.com/county-commission -> https://www.henrycountyboe.org/ -> https://www.henrycountyboe.org/about-us/board-of-education -> https://www.henrycountyboe.org/about-us/board-of-education/board-members -> https://www.henrycountyboe.org/forms-policies/board-policies -> https://www.henrycountyboe.org/about-us/board-of-education/board-meeting-minutes -> https://www.henrycountyboe.org/about,,17,no,
us:county:17089,Kane County,Illinois,www.kanecountyil.gov,https://kanecountyil.gov/ -> http://kanecountyil.gov/ -> http://www.kanecountyil.gov/ -> https://laserfiche.kanecountyil.gov/ -> https://www.kanecountyil.gov/pages/countyboard/boardMembers.aspx -> https://www.kanecountyil.gov/Pages/OrgChart.aspx -> https://www.kanecountyil.gov/pages/countyboard/boardmember.aspx?bmID=1 -> https://www.kanecountyil.gov/Pages/CountyBoard/committee.aspx?cID=20 -> https://www.kanecountyil.gov/pages/countyboard/committees.aspx -> https://www.kanecountyil.gov/Pages/Docu,,24,yes,https://www.youtube.com/@forestpreserve/streams;https://www.youtube.com/embed/FCJB5oZE3lM?si=jmqRGFNzl5Bhgq4D
us:place:2105968,Berry city,Kentucky,cityofberry.com,https://cityofberry.com/ -> https://www.cityofberry.com/ -> http://cityofberry.com/ -> http://www.cityofberry.com/,,9,no,
us:place:1029090,Georgetown town,Delaware,georgetowndel.com,https://georgetowndel.com/ -> http://georgetowndel.com/ -> http://www.georgetowndel.com/ -> https://georgetowndel.civicweb.net/ -> https://www.georgetowndel.com/upcoming-events.htm -> https://www.georgetowndel.com/upcoming-events2/Election-Day---Offices-Closed.htm -> https://www.georgetowndel.com/mayor-and-council.htm -> https://www.georgetowndel.com/live-stream.htm -> https://www.georgetowndel.com/planning-commission.htm -> https://www.georgetowndel.com/board-of-adjustment.htm -> https://www.ge,,5,yes,https://www.youtube.com/channel/UCw39Rm7gNDVh4a1KyeRQisQ/videos;https://www.youtube.com/embed/Thzzq0JCSKA?si=A2D1K011v9waNai4
,Délı̨nę,Northwest Territories,maconbibb.us,https://maconbibb.us/ -> https://www.maconbibb.us/ -> http://maconbibb.us/ -> http://www.maconbibb.us/ -> https://maconbibbcoga.portal.civicclerk.com/ -> https://www.youtube.com/playlist?list=PLBW7To4TmDBbk8QRdkv6YpywifbDVTEfv -> https://www.maconbibb.us/clerk-of-commission/ -> https://www.maconbibb.us/board-of-elections/ -> https://www.maconbibb.us/online-services/ -> https://www.maconbibb.us/helpful-phone-numbers/ -> https://www.maconbibb.us/commissioners/ -> https://www.maconbibb.us/commissio,https://www.youtube.com/playlist?list=PLBW7To4TmDBbk8QRdkv6YpywifbDVTEfv,50,yes,https://youtu.be/1y3vBsV9oEk?Mode2=Video
us:place:0573130,Ward city,Arkansas,wardarkansas.org,https://wardarkansas.org/ -> https://www.wardarkansas.org/ -> http://wardarkansas.org/ -> http://www.wardarkansas.org/ -> https://wardarkansas.org/news-detail?item_id=33039 -> https://wardarkansas.org/news-detail?item_id=31239 -> https://wardarkansas.org/news-detail?item_id=29919 -> https://wardarkansas.org/city-council-agenda-and-minutes -> https://wardarkansas.org/planning-commission-members -> https://wardarkansas.org/planning-commission-agenda -> https://wardarkansas.org/water-and-sewer-advi,,19,no,
us:place:1782985,Wood Dale city,Illinois,www.wooddale.com,https://wooddale.com/ -> http://wooddale.com/ -> http://www.wooddale.com/ -> https://agenda.wooddale.com/ -> https://www.wooddale.com/Home/Components/News/News/2242/18 -> https://www.wooddale.com/Home/Components/News/News/2214/18 -> https://www.wooddale.com/government/special-committees-and-commissions/board-of-police-and-fire-commissioners -> https://www.wooddale.com/government/meeting-recordings-youtube -> https://www.wooddale.com/government/agendas-minutes -> https://www.wooddale.com/governme,,12,no,
us:county:18025,Crawford County,Indiana,www.in.gov,https://in.gov/ -> https://www.in.gov/ -> http://in.gov/ -> http://www.in.gov/ -> https://events.in.gov/event/public-notice-jasper-pulaski-fish-and-wildlife-area-visitor-center-environmental-assessment?utm_campaign=widget&utm_medium=widget&utm_source=State+of+Indiana -> https://events.in.gov/event/test-event-8451?utm_campaign=widget&utm_medium=widget&utm_source=State+of+Indiana -> https://events.in.gov/event/thousands-of-students-participate-in-governor-brauns-inaugural-indiana-school-fitness-mo,,22,no,
us:county:18149,Starke County,Indiana,starke.in.gov,https://starke.in.gov/ -> https://www.starke.in.gov/ -> http://starke.in.gov/ -> http://www.starke.in.gov/ -> https://starke.in.gov/homepage/document-library/agenda/ -> https://starke.in.gov/homepage/document-library/bza-agenda/ -> https://starke.in.gov/homepage/document-library/commissioners-agenda/ -> https://starke.in.gov/homepage/board-committee/#commissioners -> https://starke.in.gov/homepage/document-library/ -> https://starke.in.gov/homepage/live-meetings/ -> https://starke.in.gov/homepag,,24,no,
us:county:21135,Lewis County,Kentucky,lewiscountyky.gov,https://lewiscountyky.gov/ -> https://www.lewiscountyky.gov/ -> http://lewiscountyky.gov/ -> http://www.lewiscountyky.gov/ -> http://lewiscountyky.gov/event-calendar/ -> http://lewiscountyky.gov/government/detention-center/ -> http://lewiscountyky.gov/government/county-attorney/ -> http://lewiscountyky.gov/government/county-clerk/ -> http://lewiscountyky.gov/government/county-judge-executive/ -> http://lewiscountyky.gov/government/county-sheriff/ -> http://lewiscountyky.gov/government/ -> http:/,,11,no,
us:place:1842246,La Porte city,Indiana,cityoflaporte.com,https://cityoflaporte.com/ -> https://www.cityoflaporte.com/ -> http://cityoflaporte.com/ -> http://www.cityoflaporte.com/ -> http://www.cityoflaporte.com/departments/government/city-council/ -> http://www.cityoflaporte.com/departments/government/board-public-works-safety/ -> http://www.cityoflaporte.com/departments/government/boards-commissions/alcohol-beverage-review/ -> http://www.cityoflaporte.com/departments/government/boards-commissions/mayor-council-veteran-affairs/ -> http://www.cityofla,,2,no,
us:county:21161,Mason County,Kentucky,masoncountykentucky.us,https://masoncountykentucky.us/ -> https://www.masoncountykentucky.us/ -> http://masoncountykentucky.us/ -> http://www.masoncountykentucky.us/ -> https://masoncountykentucky.us/news_detail_T13_R25.php -> https://masoncountykentucky.us/news_detail_T13_R23.php -> https://masoncountykentucky.us/news_detail_T13_R18.php -> https://masoncountykentucky.us/how_do_i/watch_fiscal_court_meetings.php -> https://masoncountykentucky.us/how_do_i/document_center/regular_meeting_schedule.php -> https://masoncoun,,6,no,
us:county:27157,Wabasha County,Minnesota,www.co.wabasha.mn.us,https://www.co.wabasha.mn.us/ -> http://www.co.wabasha.mn.us/ -> https://www.co.wabasha.mn.us/government/board_of_commissioners/index.php -> https://www.co.wabasha.mn.us/government/meetings/board_of_commissioners.php -> https://www.co.wabasha.mn.us/government/meetings/index.php -> https://www.co.wabasha.mn.us/government/meetings/government/board_of_commissioners/index.php -> https://www.co.wabasha.mn.us/government/meetings/government/meetings/board_of_commissioners.php -> https://www.co.wabasha.,,232,no,
ca:csd:4613037,West St. Paul,Manitoba,www.weststpaul.com,https://weststpaul.com/ -> https://www.weststpaul.com/ -> http://weststpaul.com/ -> http://www.weststpaul.com/ -> https://weststpaul.com/index.asp?SEC=8314293A-8D83-4914-97B5-A83FDA9F21D5 -> https://weststpaul.com/index.asp?SEC=8314293A-8D83-4914-97B5-A83FDA9F21D5&DE=66DE68C2-EF0F-4DFB-BC66-BA5D1BCA7110 -> https://weststpaul.com/index.asp?SEC=8314293A-8D83-4914-97B5-A83FDA9F21D5&DE=AF4A1910-FBA5-4FB9-A9F2-A22EDC10FB2C -> https://weststpaul.com/minutes-agendas -> https://weststpaul.com/2010-2025-,,2,no,
us:place:2938072,Kearney city,Missouri,www.kearneymo.us,https://kearneymo.us/ -> http://kearneymo.us/ -> http://www.kearneymo.us/ -> https://www.kearneymo.us/government/agendas___minutes/board_of_aldermen.php -> https://www.kearneymo.us/government/agendas___minutes/park___tree_board.php -> https://www.kearneymo.us/government/boards___commissions/board_of_aldermen.php -> https://www.kearneymo.us/government/agendas___minutes/index.php -> https://www.kearneymo.us/government/agendas___minutes/government/agendas___minutes/board_of_aldermen.php -> https://,,223,no,
us:county:27081,Lincoln County,Minnesota,www.co.lincoln.mn.us,https://www.co.lincoln.mn.us/ -> http://www.co.lincoln.mn.us/ -> https://lincoln.civicweb.net/ -> https://www.co.lincoln.mn.us/news_detail_T19_R27.php -> https://www.co.lincoln.mn.us/news_detail_T19_R25.php -> https://www.co.lincoln.mn.us/news_detail_T19_R17.php -> https://www.co.lincoln.mn.us/county_board/agendas_minutes.php -> https://www.co.lincoln.mn.us/county_board/county_board/index.php -> https://www.co.lincoln.mn.us/county_board/county_board/agendas_minutes.php -> https://www.co.lincoln.,,2,no,
us:county:35013,Doña Ana County,New Mexico,donaanacounty.org,https://donaanacounty.org/ -> https://www.donaanacounty.org/ -> http://donaanacounty.org/ -> http://www.donaanacounty.org/ -> https://www.donaana.gov/news_detail_T7_R174.php -> https://www.donaana.gov/news_detail_T7_R168.php -> https://www.donaana.gov/news_detail_T7_R169.php -> https://www.donaana.gov/government/board_of_county_commissioners/watch_public_meetings/index.php -> https://www.donaana.gov/government/board_of_county_commissioners/watch_public_meetings/about_us/apply_for_committees_boar,,24,yes,https://www.youtube.com/playlist?list=PLZviQNZMQ-whNYD128UnaBK2GDZRnS8vX;https://www.youtube.com/channel/UCabD8Vl6yonNMxE_HhdYUjg
us:county:27087,Mahnomen County,Minnesota,co.mahnomen.mn.us,https://co.mahnomen.mn.us/ -> https://www.co.mahnomen.mn.us/ -> http://co.mahnomen.mn.us/ -> http://www.co.mahnomen.mn.us/ -> https://www.mahnomencounty.gov/Documents/Mahnomen County Board of Commissioners Citizens to be Heard.pdf?t=202603181420470 -> https://www.mahnomencounty.gov/nav/county_commissioners.php -> https://www.mahnomencounty.gov/nav/nav/county_commissioners.php#main -> https://www.mahnomencounty.gov/nav/calendar.php -> https://www.mahnomencounty.gov/nav/nav/related_agencies/mahnom,,8,no,
us:county:40117,Pawnee County,Oklahoma,cityofpawnee.com,https://cityofpawnee.com/ -> https://www.cityofpawnee.com/ -> http://cityofpawnee.com/ -> http://www.cityofpawnee.com/,,9,no,
us:place:3905130,Bellefontaine city,Ohio,www.ci.bellefontaine.oh.us,https://ci.bellefontaine.oh.us/ -> http://ci.bellefontaine.oh.us/ -> http://www.ci.bellefontaine.oh.us/ -> https://www.ci.bellefontaine.oh.us/o/cob/page/meeting-notices -> https://www.ci.bellefontaine.oh.us/events -> https://www.ci.bellefontaine.oh.us/o/cob/page/bulky-item-pick-up,,7,no,
us:county:39011,Auglaize County,Ohio,www2.auglaizecounty.org,https://www2.auglaizecounty.org/ -> http://www2.auglaizecounty.org/ -> https://www2.auglaizecounty.org/departments/board-of-elections -> https://www2.auglaizecounty.org/resources/board-dd -> https://www2.auglaizecounty.org/resources/board-dd/board-members-and-staff -> https://www2.auglaizecounty.org/elected-officials/clerk-courts/public-access-records -> https://www2.auglaizecounty.org/elected-officials/commissioners/minutes -> https://www2.auglaizecounty.org/elected-officials/board-county-commi,,1,yes,https://www.youtube.com/channel/UCn1hSNdaustXlzcSQ1z32ww
us:place:4118250,Dayton city,Oregon,daytonoregon.gov,https://daytonoregon.gov/ -> https://www.daytonoregon.gov/ -> http://daytonoregon.gov/ -> http://www.daytonoregon.gov/ -> https://www.daytonoregon.gov/page/admin_mayor_council -> https://www.daytonoregon.gov/page/committee_planning_commission -> https://www.daytonoregon.gov/page/admin_cc_agendas_minutes -> https://www.daytonoregon.gov/page/admin_org_chart -> https://www.daytonoregon.gov/page/sitemap,,12,yes,https://www.youtube.com/channel/UCSllUxvwzPp41_QXj9zfESQ
ca:csd:3549003,Seguin,Ontario,www.seguin.ca,https://seguin.ca/ -> https://www.seguin.ca/ -> http://seguin.ca/ -> http://www.seguin.ca/ -> https://seguin.ca/news/committee-adjustment-september-9-2026 -> https://seguin.ca/council-meetings -> https://seguin.ca/mayor-and-council -> https://seguin.ca/boards-and-committees -> https://seguin.ca/boards-and-committees/seguin-public-library-board -> https://seguin.ca/council-and-committee-calendar -> https://seguin.ca/meetings/seguin-recreation-and-culture-committee-meeting-september-16-2026 -> htt,,29,no,
us:county:48059,Callahan County,Texas,www.callahancounty.org,https://callahancounty.org/ -> https://www.callahancounty.org/ -> http://callahancounty.org/ -> http://www.callahancounty.org/ -> http://public.callahancounty.org/historical -> https://www.callahancounty.org/page/callahan.Commissioners.Court -> https://www.callahancounty.org/upload/page/5104/SIGNED - RULES AND PROCEDURES FOR COMMISSIONERS COURT 2.27.23.pdf,,5,no,
ca:csd:3532002,Norwich,Ontario,www.norwich.ca,https://norwich.ca/ -> http://norwich.ca/ -> http://www.norwich.ca/ -> https://norwich.civicweb.net/ -> https://www.norwich.ca/news/posts/proclamation-national-resilience-day-september-24-2026/ -> https://www.norwich.ca/news/posts/proclamation-big-brothers-big-sisters-september-2026/ -> https://www.norwich.ca/news/posts/request-for-tender-supply-and-install-exterior-wall-insulation-and-cladding-at-the-norwich-arena/ -> https://www.norwich.ca/our-township/council/agendas-and-minutes/ -> https://w,,201,no,
us:county:72061,Guaynabo Municipio,Puerto Rico,guaynabocity.gov.pr,https://guaynabocity.gov.pr/ -> https://www.guaynabocity.gov.pr/ -> http://guaynabocity.gov.pr/ -> http://www.guaynabocity.gov.pr/ -> https://registrosuplidores.guaynabocity.gov.pr:10443/Login.aspx -> https://guaynabocity.gov.pr/portal-subastas/ -> https://www.guaynabocity.gov.pr/en/auction-portal/ -> https://www.guaynabocity.gov.pr/en/municipal-legislature/ -> https://www.guaynabocity.gov.pr/portal-subastas/ -> https://www.guaynabocity.gov.pr/en/events/,,10,yes,https://www.youtube.com/channel/UCHSyC6vwpGXcTvrZgHd-AyQ
us:place:3985414,Williamsport village,Ohio,williamsportoh.org,https://williamsportoh.org/ -> http://williamsportoh.org/ -> http://www.williamsportoh.org/ -> https://www.williamsportoh.org/file-share -> https://www.williamsportoh.org/council-and-bpa -> https://www.williamsportoh.org/event-details/regular-council-meeting-7 -> https://www.williamsportoh.org/event-details/regular-council-meeting-8 -> https://www.williamsportoh.org/event-details/regular-council-meeting-9 -> https://www.williamsportoh.org/event-details/bpa-meeting-4 -> https://www.williamsportoh,,11,no,
us:county:20073,Greenwood County,Kansas,greenwoodcounty.org,https://greenwoodcounty.org/ -> http://greenwoodcounty.org/ -> http://www.greenwoodcounty.org/ -> https://www.greenwoodcounty.org/county-commission/#zoning -> https://www.greenwoodcounty.org/conservation-district/ -> https://www.greenwoodcounty.org/conservation-district/district-board/ -> https://www.greenwoodcounty.org/county-clerk/ -> https://www.greenwoodcounty.org/2025/11/25/greenwood-county-tax-sale-2025/ -> https://www.greenwoodcounty.org/2025/11/13/terrapower-natrium-reactor-project/ -> h,,5,yes,https://www.youtube.com/embed/B-eeFvkDr1g?controls=0&autoplay=1&mute=1&playsinline=1&playlist=B-eeFvkDr1g&loop=1
us:county:40065,Jackson County,Oklahoma,www.jacksoncountyok.com,https://jacksoncountyok.com/ -> https://www.jacksoncountyok.com/ -> http://jacksoncountyok.com/ -> http://www.jacksoncountyok.com/ -> https://jacksoncountyok.com/news_detail_T36_R12.php -> https://jacksoncountyok.com/government/elections_board/index.php -> https://jacksoncountyok.com/government/elections_board/election_board_duties.php -> https://jacksoncountyok.com/agendas_and_minutes/index.php -> https://jacksoncountyok.com/agendas_and_minutes/government/elections_board/index.php -> https://ja,,13,no,
us:county:31185,York County,Nebraska,www.yorkcounty.ne.gov,https://yorkcounty.ne.gov/ -> https://www.yorkcounty.ne.gov/ -> http://yorkcounty.ne.gov/ -> http://www.yorkcounty.ne.gov/ -> https://www.yorkcounty.ne.gov/county-board.html -> https://www.yorkcounty.ne.gov/county-assessor.html -> https://www.yorkcounty.ne.gov/county-clerk.html -> https://www.yorkcounty.ne.gov/county-treasurer.html -> https://www.yorkcounty.ne.gov/county-attorney.html -> https://www.yorkcounty.ne.gov/county-court.html -> https://www.yorkcounty.ne.gov/department-overview.html -> ,,1,no,
us:county:46093,Meade County,South Dakota,meadecounty.org,https://meadecounty.org/ -> http://meadecounty.org/ -> http://www.meadecounty.org/ -> https://go.boarddocs.com/sd/meade/Board.nsf/Scoreboard -> https://www.meadecounty.org/calendar-1/m53y7rxlyae8tld-d537m-dykm5-5tnyy-a2yfw-74ljp-k4lh2-bhybe-pxx5j-2nerw-gz3ah-ac789-sk69d-pf85c-2zjc6-zz39j -> https://www.meadecounty.org/calendar-1/m53y7rxlyae8tld-d537m-dykm5-5tnyy-a2yfw-74ljp-k4lh2-bhybe-pxx5j-2nerw-gz3ah-ac789-sk69d-pf85c-2zjc6-wf5fr -> https://www.meadecounty.org/calendar-1/2024/12/2/xhos1g6gk0w,,17,yes,https://www.youtube.com/@meadecountysd/streams
us:county:47149,Rutherford County,Tennessee,rutherfordcountytn.gov,https://rutherfordcountytn.gov/ -> https://www.rutherfordcountytn.gov/ -> http://rutherfordcountytn.gov/ -> http://www.rutherfordcountytn.gov/ -> https://rutherfordcountytn.gov/index.asp?SEC=D674F5EE-D491-465A-BFC9-E7480D66F6E4&DE=636C4513-35C8-4004-9CF2-CFC185561C12 -> https://rutherfordcountytn.gov/index.asp?SEC=D674F5EE-D491-465A-BFC9-E7480D66F6E4 -> https://rutherfordcountytn.gov/index.asp?SEC=D674F5EE-D491-465A-BFC9-E7480D66F6E4&DE=2ECF2233-4782-49FE-BEDF-7FD6E608FC49 -> https://rutherfordc,,45,yes,https://www.youtube.com/user/RutherfordGovernment/live
us:county:48415,Scurry County,Texas,www.co.scurry.tx.us,https://co.scurry.tx.us/ -> https://www.co.scurry.tx.us/ -> http://co.scurry.tx.us/ -> http://www.co.scurry.tx.us/ -> https://www.co.scurry.tx.us/page/ScurryCountyHistoricalCommission -> https://www.co.scurry.tx.us/page/Agendas -> https://www.co.scurry.tx.us/page/Archived Old Agendas -> https://www.co.scurry.tx.us/page/Commissioners Court Minutes -> https://www.co.scurry.tx.us/page/Commissioners.Court -> https://www.co.scurry.tx.us/page/sitemap,,10,no,
,Délı̨nę,Northwest Territories,www.bois-joli.ca,https://bois-joli.ca/ -> http://bois-joli.ca/ -> http://www.bois-joli.ca/,,7,yes,https://youtu.be/1y3vBsV9oEk?Mode2=Video
us:place:4513015,Central town,South Carolina,www.cityofcentral.org,https://cityofcentral.org/ -> https://www.cityofcentral.org/ -> http://cityofcentral.org/ -> http://www.cityofcentral.org/ -> https://cityofcentral.org/alerts -> https://cityofcentral.org/news-detail?item_id=35713 -> https://cityofcentral.org/news-detail?item_id=35419 -> https://cityofcentral.org/agendas -> https://cityofcentral.org/mayor-and-council -> https://cityofcentral.org/documents/112/Regular_Council_Meeting_Minutes_10.09.17.pdf -> https://cityofcentral.org/boards-and-commissions -> http,,21,no,
us:place:3706760,Boiling Spring Lakes city,North Carolina,cityofbsl.org,https://cityofbsl.org/ -> http://cityofbsl.org/ -> http://www.cityofbsl.org/ -> https://www.cityofbsl.org/board-commissioners -> https://www.cityofbsl.org/news/step-your-city-volunteer-openings-now-available -> https://www.cityofbsl.org/news/planning-board-special-meeting-oct-20th -> https://www.cityofbsl.org/agendas-minutes -> https://www.cityofbsl.org/agendas-minutes?field_council_committee_target_id=All&field_meeting_date_value__vc3_content_date_year_offset=2026&order=title&sort=asc -> https:,,3,no,
us:county:56011,Crook County,Wyoming,www.crookcounty.wy.gov,https://crookcounty.wy.gov/ -> https://www.crookcounty.wy.gov/ -> http://crookcounty.wy.gov/ -> http://www.crookcounty.wy.gov/ -> https://www.crookcounty.wy.gov/elected_officials/commissioners/board_of_equalization/index.php -> https://www.crookcounty.wy.gov/boards2/fair_board/index.php -> https://www.crookcounty.wy.gov/boards2/land_use_planning___zoning_commission/index.php -> https://www.crookcounty.wy.gov/elected_officials/commissioners/index.php -> https://www.crookcounty.wy.gov/elected_offi,,4,no,
ca:csd:3559012,Fort Frances,Ontario,fortfrances.ca,https://fortfrances.ca/ -> https://www.fortfrances.ca/ -> http://fortfrances.ca/ -> http://www.fortfrances.ca/ -> https://fortfrances.ca/special-meeting-council-september-25-2026-100pm -> https://fortfrances.ca/projects/safe-streets -> https://fortfrances.ca/town/mayor-council -> https://fortfrances.ca/town-fort-frances -> https://fortfrances.ca/town/mayor-council/communicating-council -> https://fortfrances.ca/news/resolutions -> https://fortfrances.ca/town/mayor-council/2026-outstanding-citize,,22,no,
,Délı̨nę,Northwest Territories,www.heron-bay.ca,https://heron-bay.ca/ -> http://heron-bay.ca/ -> http://www.heron-bay.ca/ -> https://www.heron-bay.ca/towncounsil-conseilmunicipal -> https://www.heron-bay.ca/meeting-archives-1 -> https://www.heron-bay.ca/copy-of-meeting-archives -> https://www.heron-bay.ca/post/public-notice-2,,13,yes,https://youtu.be/1y3vBsV9oEk?Mode2=Video
,Délı̨nę,Northwest Territories,5-rivers.ca,https://5-rivers.ca/ -> https://www.5-rivers.ca/ -> http://5-rivers.ca/ -> http://www.5-rivers.ca/ -> https://5-rivers.ca/index.asp?SEC=9735AB1F-743F-4807-8C63-83EFBF99EE8B&DE=1549F964-10CB-49B0-859F-2CE40D88A995 -> https://5-rivers.ca/index.asp?SEC=9735AB1F-743F-4807-8C63-83EFBF99EE8B&DE=0B2F2005-CEC9-464A-8B1F-49AC337ED4F1 -> https://5-rivers.ca/index.asp?SEC=9735AB1F-743F-4807-8C63-83EFBF99EE8B&DE=319863F3-A26B-4080-8CFA-F2B0FFF26DEE -> https://5-rivers.ca/meetingminutes -> https://5-rivers.c,,31,yes,https://youtu.be/1y3vBsV9oEk?Mode2=Video
us:place:2627380,Farmington city,Michigan,farmgov.com,https://farmgov.com/ -> https://www.farmgov.com/ -> http://farmgov.com/ -> http://www.farmgov.com/ -> https://farmgov.com/government/city-council/ -> https://farmgov.com/city-services/assessing/board-of-review/ -> https://farmgov.com/community/our-video-channel/ -> https://farmgov.com/government/agendas-and-minutes/ -> https://farmgov.com/government/city-council/city-council-meetings/ -> https://farmgov.com/government/view-live-meetings/ -> https://cloud.castus.tv/vod/farmington-hills/embed/6769,,45,no,
us:cousub:1808705752,Bloomfield township,Indiana,bloomfieldtownship.org,https://bloomfieldtownship.org/ -> https://www.bloomfieldtownship.org/ -> http://bloomfieldtownship.org/ -> http://www.bloomfieldtownship.org/ -> https://bloomfieldtownship.org/wp/meetings2/ -> https://bloomfieldtownship.org/wp/wp-content/uploads/2026/02/BT09-29-25.pdf -> https://bloomfieldtownship.org/wp/wp-content/uploads/2026/02/BT08-25-25.pdf -> https://bloomfieldtownship.org/wp/wp-content/uploads/2026/02/BT08-04-25.pdf -> https://bloomfieldtownship.org/wp/lagrange-county-townships/,,13,yes,https://youtube.com/live/HVfnNHNlUFo?feature=share;https://youtu.be/AX6Yn82sK_E;https://youtu.be/TmF0WfhDhFc
us:sd:0101290,Elmore County School District,Alabama,elmoreco.com,https://elmoreco.com/ -> http://elmoreco.com/ -> http://www.elmoreco.com/ -> https://www.elmoreco.com/index.php?pageID=smartSiteFeed&psqFeed=true&articleID=89458178 -> https://www.elmoreco.com/index.php?pageID=smartSiteFeed&psqFeed=true&articleID=89271039 -> https://www.elmoreco.com/index.php?pageID=smartSiteFeed&psqFeed=true&articleID=88284220 -> https://www.elmoreco.com/school-board-home -> https://elmoreco.com/index.php?pageID=205844_3 -> https://elmoreco.com/board-meetings -> https://www.elm,,22,yes,https://www.youtube.com/@HeartoftheSchool
us:place:4253568,New Freedom borough,Pennsylvania,newfreedomboro.org,https://newfreedomboro.org/ -> https://www.newfreedomboro.org/ -> http://newfreedomboro.org/ -> http://www.newfreedomboro.org/ -> https://newfreedomboro.org/category/borough-news/ -> https://newfreedomboro.org/downtown-streetscape-plan-rfp/ -> https://newfreedomboro.org/borough-newsletter-15/ -> https://newfreedomboro.org/meeting-information/ -> https://newfreedomboro.org/penn-waste-collection-update-early-start/ -> https://newfreedomboro.org/hydrant-testing-flushing-notice/ -> https://newfreedo,,78,no,
us:place:1948810,Manchester city,Iowa,www.manchester-ia.org,https://manchester-ia.org/ -> https://www.manchester-ia.org/ -> http://manchester-ia.org/ -> http://www.manchester-ia.org/ -> https://portal.civicplus.com/IA-Manchester/meetings -> https://www.manchester-ia.org/vcalendar/?Ctype=weekly&D=1790571600,,8,no,
us:sd:0405320,Morenci Unified District,Arizona,morenci.org,https://morenci.org/ -> http://morenci.org/ -> http://www.morenci.org/ -> https://go.boarddocs.com/az/morenci/Board.nsf/Public,,4,yes,https://www.youtube.com/channel/UC3iI4t-wXQOilO3nTf3RTng
us:sd:0401680,Cartwright Elementary District,Arizona,csd83.org,https://csd83.org/ -> http://csd83.org/ -> http://www.csd83.org/ -> https://www.csd83.org/page/governing-board -> https://www.csd83.org/page/governing-board-meeting-dates -> https://www.csd83.org/page/governing-board-mission-vision-goals -> https://www.csd83.org/page/boarddocs-agenda-minutes -> https://www.csd83.org/documents/for-parents-%26-community/center-for-strong-families-%26-thriving-children/food-distribution/780789 -> https://www.csd83.org/documents/for-parents-%26-community/center-for-,,10,yes,https://www.youtube.com/@cartwrightschooldistrict8328
us:sd:0200862,Yukon-Koyukuk School District,Alaska,yksd.com,https://yksd.com/ -> http://yksd.com/ -> http://www.yksd.com/ -> https://docs.yksd.com/ -> https://go.boarddocs.com/ak/yksd/Board.nsf/Public -> https://www.yksd.com/o/yksd/page/school-board-members -> https://www.yksd.com/o/yksd/page/meeting-protocol -> https://www.yksd.com/o/yksd/page/school-board-meetings-and-minutes -> https://www.yksd.com/o/yksd/page/area-wide-student-council -> https://www.yksd.com/documents/jimmy-huntington-school/site-tour/638285 -> https://www.yksd.com/events,,10,yes,https://www.youtube.com/@yksdvideo8343
us:sd:0102820,Randolph County School District,Alabama,randolphboe.org,https://randolphboe.org/ -> https://www.randolphboe.org/ -> http://randolphboe.org/ -> http://www.randolphboe.org/ -> https://randolphboe.org/apps/news/show_news.jsp?REC_ID=1028844&id=0 -> https://randolphboe.org/apps/news/show_news.jsp?REC_ID=1028088&id=0 -> https://randolphboe.org/apps/news/show_news.jsp?REC_ID=1025847&id=0 -> https://randolphboe.org/apps/events/event.jsp?eREC_ID=6257995&d=2026-09-10&id=0 -> https://randolphboe.org/apps/pages/index.jsp?uREC_ID=355426&type=d -> https://randolph,,11,yes,https://www.youtube.com/channel/UC2MmJtWMUQnxBZiUrj1VOKw
us:sd:0200100,Delta/Greely School District,Alaska,dgsd.us,https://dgsd.us/ -> http://dgsd.us/ -> http://www.dgsd.us/ -> https://www.dgsd.us/apps/pages/index.jsp?uREC_ID=4380900&type=d -> https://www.dgsd.us/apps/events/2026/10/1/48369722/?REC_ID=48369722&id=0 -> https://www.dgsd.us/apps/events/2026/10/6/48369730/?REC_ID=48369730&id=0 -> https://www.dgsd.us/apps/pages/index.jsp?uREC_ID=4380866&type=d&pREC_ID=2586302 -> https://www.dgsd.us/apps/pages/index.jsp?uREC_ID=4407458&type=d&pREC_ID=2636569 -> https://www.dgsd.us/apps/pages/index.jsp?uREC_ID=4410,,5,no,
us:sd:0405430,Naco Elementary District,Arizona,naco.k12.az.us,https://naco.k12.az.us/ -> https://www.naco.k12.az.us/ -> http://naco.k12.az.us/ -> http://www.naco.k12.az.us/ -> https://naco.k12.az.us/school-board/ -> https://naco.k12.az.us/calendar/ -> https://naco.k12.az.us/wp-content/uploads/2026/06/2026-27-School-Calendar.pdf,,9,no,
us:sd:0508280,Jonesboro Public Schools,Arkansas,jonesboroschools.net,https://jonesboroschools.net/ -> http://jonesboroschools.net/ -> http://www.jonesboroschools.net/ -> https://www.jonesboroschools.net/about-us/our-district/school-board -> https://www.jonesboroschools.net/calendar -> https://www.jonesboroschools.net/about-us/calendar -> https://www.jonesboroschools.net/site-map,,8,yes,https://www.youtube.com/@JHSTheWarning
us:sd:0406580,Blue Ridge Unified District,Arizona,brusd.org,https://brusd.org/ -> http://brusd.org/ -> http://www.brusd.org/ -> https://www.brusd.org/about-us/school-board/leadership -> https://www.brusd.org/district-calendar -> https://www.brusd.org/district-calendar/fine-arts-events -> https://www.brusd.org/district-calendar/community-events -> https://www.brusd.org/district-calendar/fundraisers -> https://www.brusd.org/district-calendar/hs-athletics -> https://www.brusd.org/district-calendar/jrh-athletics -> https://www.brusd.org/about-us/school-board,,21,yes,https://www.youtube.com/channel/UCkgNap0pIxai9f0KlG6TyrA;https://www.youtube.com/embed/odJJG2dHRbA?si=wqYBcy_Rt5XWf1WX
,Délı̨nę,Northwest Territories,nslegislature.ca,https://nslegislature.ca/ -> https://www.nslegislature.ca/ -> http://nslegislature.ca/ -> http://www.nslegislature.ca/ -> https://nslegislature.ca/legislative-business/committees/standing/human-resources/archive/human-resources/hr2026oct06 -> https://nslegislature.ca/legislative-business/committees/standing/public-accounts/archive/public-accounts/pa2026oct07 -> https://nslegislature.ca/legislative-business/legislative-tv -> https://nslegislature.ca/about -> https://nslegislature.ca/legislative-b,,258,yes,https://youtu.be/1y3vBsV9oEk?Mode2=Video
us:place:5350570,Ocean Shores city,Washington,osgov.com,https://osgov.com/ -> http://osgov.com/ -> http://www.osgov.com/ -> https://portal.civicplus.com/WA-OceanShores/notifications?tab=alerts -> https://www.osgov.com/news_detail_T6_R1365.php -> https://www.osgov.com/news_detail_T6_R1364.php,,7,yes,https://www.youtube.com/@cityofoceanshores4734;https://www.youtube.com/embed/M0LdDbfZvbY?si=Ilrlw0cEM7QnBMv1
us:sd:0601980,Allensworth Elementary School District,California,tcoe.org,https://tcoe.org/ -> https://www.tcoe.org/ -> http://tcoe.org/ -> http://www.tcoe.org/ -> https://tcoe.org/BoardAgenda -> https://tcoe.org/about/board -> https://www.tcoe.org/BoardAgenda -> https://www.tcoe.org/about/board,,9,yes,https://www.youtube.com/channel/UC7OlV21GxDCDUTQKb1oH-lA
us:sd:0607020,Calistoga Joint Unified School District,California,calistogaschools.org,https://calistogaschools.org/ -> http://calistogaschools.org/ -> http://www.calistogaschools.org/ -> https://simbli.eboardsolutions.com/SB_Meetings/SB_MeetingListing.aspx?S=36030568,,4,yes,https://www.youtube.com/@boardoftrustees202/featured
us:sd:0512090,Salem School District,Arkansas,salemschools.net,https://salemschools.net/ -> https://www.salemschools.net/ -> http://salemschools.net/ -> http://www.salemschools.net/ -> https://salemschools.net/district/school-board -> https://salemschools.net/district/state-required-information/board-meeting-minutes -> https://salemschools.net/district/state-required-information/board-meeting-minutes/2-uncategorised/193-2026-2027-board-meeting-dates-and-minutes -> https://www.salemschools.net/images/pdfs/Board_Minutes/2026-2027/Board_Minutes_-_July_9_2026_-,,20,yes,https://www.youtube.com/c/SalemschoolsNetAR;https://www.youtube.com/embed/udHW46yxBlI?si=kBa1hFrW0iPPn5tl
us:sd:0503750,Cabot Public Schools,Arkansas,cabotschools.org,https://cabotschools.org/ -> https://www.cabotschools.org/ -> http://cabotschools.org/ -> http://www.cabotschools.org/ -> https://cabotschools.org/news/10852/2026+inspiration+run++october+30+2026 -> https://cabotschools.org/news/10842/transportation+call+center+available+wednesday+august+12+2026 -> https://cabotschools.org/administration/school-board -> https://www.cabotschools.org/storage/files/shares/News/2026-2027/Calendars/2026-2027%20Alternative%20Student%20Calendar%20Board%20Approved.pdf -,,79,yes,https://www.youtube.com/channel/UC5mjVh3KMz21OpYuWTJGX-A;https://www.youtube.com/embed/TpG9j--WVxI?si=7bkNIcsXHpCbym6h;https://www.youtube.com/embed/Upj8pRXPwdY?si=Wl8gFwVRB9g-7Uph;https://www.youtube.com/embed/SfySKBNeP4U?si=NwdpERh6vgYgFCI6
us:sd:0600045,Orland Joint Unified School District,California,orlandusd.net,https://orlandusd.net/ -> https://www.orlandusd.net/ -> http://orlandusd.net/ -> http://www.orlandusd.net/ -> https://go.boarddocs.com/ca/ousd/Board.nsf/Public -> https://www.orlandusd.net/Board/index.html -> https://www.orlandusd.net/Board/Board-General-Information/index.html -> https://www.orlandusd.net/Board/Board-General-Information/Board-of-Trustees/index.html -> https://www.orlandusd.net/Board/Agendas--Minutes/index.html -> https://www.orlandusd.net/Board/Agendas--Minutes/Board/index.html ,,17,yes,https://www.youtube.com/@orlandunifiedschooldistrict
us:sd:0409190,Wickenburg Unified District,Arizona,wickenburgschools.org,https://wickenburgschools.org/ -> http://wickenburgschools.org/ -> http://www.wickenburgschools.org/ -> https://www.wickenburgschools.org/governing-board/about-the-board -> https://www.wickenburgschools.org/calendar -> https://www.wickenburgschools.org/site-map,,21,no,
us:sd:0405220,Mohawk Valley Elementary District,Arizona,mohawkvalleyschool.org,https://mohawkvalleyschool.org/ -> http://mohawkvalleyschool.org/ -> http://www.mohawkvalleyschool.org/ -> https://agenda.mohawkvalleyschool.org/ -> https://www.mohawkvalleyschool.org/governing-board -> https://www.mohawkvalleyschool.org/calendar-event/40th-day-of-school -> https://www.mohawkvalleyschool.org/calendar-event/football-volleyball-tournament/ -> https://www.mohawkvalleyschool.org/calendar-event/pep-assembly-4/ -> https://www.mohawkvalleyschool.org/calendar -> https://www.mohawkvalley,,11,yes,https://www.youtube.com/embed/pO62BRUhLwo?feature=oembed
us:sd:0608760,Claremont Unified School District,California,cusd.claremont.edu,https://cusd.claremont.edu/ -> https://www.cusd.claremont.edu/ -> http://cusd.claremont.edu/ -> http://www.cusd.claremont.edu/,,4,yes,https://www.youtube.com/@claremontunifiedschooldist5781
us:sd:0600033,Dos Palos-Oro Loma Joint Unified School District,California,dpol.net,https://dpol.net/ -> http://dpol.net/ -> http://www.dpol.net/ -> https://www.dpol.net/apps/events/2021/12/16/8901301/?REC_ID=8901301&id=0&d=2021-12-16 -> https://www.dpol.net/apps/pages/index.jsp?uREC_ID=793904&type=d&pREC_ID=1705140 -> https://www.dpol.net/apps/pages/index.jsp?uREC_ID=793904&type=d&pREC_ID=1185548 -> https://www.dpol.net/apps/pages/index.jsp?uREC_ID=793904&type=d&pREC_ID=1185568 -> https://dospalospub.ic-board.com/ -> https://dospalospub.ic-board.com/view_left.aspx?view=homepag,,19,yes,https://www.youtube.com/embed/8ipDdsWwOI8?si=qrbmqVZsp02qruxb
us:sd:0600159,Scott Valley Unified School District,California,svusd.us,https://svusd.us/ -> http://svusd.us/ -> http://www.svusd.us/ -> https://www.svusd.us/school-board/ -> https://www.svusd.us/board-members/ -> https://simbli.eboardsolutions.com/Policy/PolicyListing.aspx?S=36030845 -> https://www.svusd.us/school-board/board-agendas-and-minutes/ -> https://www.svusd.us/wp-content/uploads/2026/02/January-21-2026-Reg.pdf -> https://www.svusd.us/wp-content/uploads/2025/12/November-19-2025-Reg.pdf -> https://www.svusd.us/wp-content/uploads/2024/03/SVUSD-March-13-2024-,,7,no,
us:sd:0509630,McGehee School District,Arkansas,mcgeheeschools.org,https://mcgeheeschools.org/ -> http://mcgeheeschools.org/ -> http://www.mcgeheeschools.org/ -> https://docs.mcgeheeschools.org/ -> https://www.mcgeheeschools.org/state-required-information/school-choice -> https://www.mcgeheeschools.org/district/school-board-zones -> https://www.google.com/url?q=https%3A%2F%2Fwww.instagram.com%2Fmcgeheeschools%2F&sa=D&sntz=1&usg=AOvVaw3JpxSRFSPZKpyLX9tfcc2t -> https://www.google.com/url?q=https%3A%2F%2Ftwitter.com%2FSRMcGeheeSD&sa=D&sntz=1&usg=AOvVaw3WD1ZNo-UNEd,,19,yes,https://www.youtube.com/channel/UCKWJ0oST5hXfCNE_fogPM-Q
us:sd:0603630,Bakersfield City School District,California,bcsd.com,https://bcsd.com/ -> http://bcsd.com/ -> http://www.bcsd.com/ -> https://go.boarddocs.com/ca/bcsdca/Board.nsf/Public -> https://www.bcsd.com/about/board-members -> https://www.bcsd.com/departments/family-and-community-engagement-face/district-african-american-parent-advisory-council -> https://www.bcsd.com/departments/state-and-federal-programs/school-site-council -> https://drive.google.com/drive/folders/1cXQr_l9D6352BYMTelSzWgaDZ2Uw7QZf?usp=drive_link -> https://www.bcsd.com/schools1/calendar,,8,yes,https://www.youtube.com/@BakersfieldCitySchoolDistrict
us:sd:0600001,Acton-Agua Dulce Unified School District,California,aadusd.k12.ca.us,https://aadusd.k12.ca.us/ -> http://aadusd.k12.ca.us/ -> http://www.aadusd.k12.ca.us/ -> https://docs.aadusd.k12.ca.us/ -> https://go.boarddocs.com/ca/aadusd/Board.nsf/Public -> https://www.aadusd.k12.ca.us/board-of-education/board-members -> https://simbli.eboardsolutions.com/Index.aspx?S=36030664 -> https://www.aadusd.k12.ca.us/board-of-education/board-meeting-dates -> https://aadusd.community.highbond.com/Portal/ -> https://aadusd.community.highbond.com/Portal/MeetingTypeList.aspx -> https://,,25,yes,https://www.youtube.com/channel/UChdXAnuVCEWDKMtiMh58Jjg/videos?view_as=subscriber
us:sd:0600032,Redondo Beach Unified School District,California,rbusd.org,https://rbusd.org/ -> http://rbusd.org/ -> http://www.rbusd.org/ -> https://www.rbusd.org/apps/pages/index.jsp?uREC_ID=853112&type=d -> https://www.rbusd.org/apps/pages/index.jsp?uREC_ID=853112&type=d&pREC_ID=1218865 -> https://www.youtube.com/@RedondoBeachUSD -> https://rbusd.community.highbond.com/portal/ -> https://rbusd.community.highbond.com/Portal/MeetingTypeList.aspx -> https://rbusd.community.highbond.com/Portal/MeetingInformation.aspx?Id=285 -> https://rbusd.community.highbond.com/Porta,https://www.youtube.com/@RedondoBeachUSD,29,yes,https://www.youtube.com/@RedondoBeachUSD
us:sd:0610740,Del Mar Union Elementary School District,California,dmusd.org,https://dmusd.org/ -> http://dmusd.org/ -> http://www.dmusd.org/ -> https://go.boarddocs.com/ca/dmusd/Board.nsf/Public -> https://www.dmusd.org/Board-of-Trustees/Governing-Board-of-Trustees/index.html -> https://www.dmusd.org/Board-of-Trustees/Governing-Board-of-Trustees-Meetings/index.html -> https://www.dmusd.org/Board-of-Trustees/Governing-Board-Policies-and-Bylaws/index.html -> https://www.dmusd.org/Measure-MM/Independent-Citizens-Oversight-Committee-COC/Previous-Meeting-Materials--Agendas/i,,26,yes,https://www.youtube.com/channel/UCYcsFk03J2Y4Ppsqz1umW5g;https://youtu.be/OXKA-mu3Njs?si=jxMhRW-mqYlaKwPm
us:sd:0617880,Hughes-Elizabeth Lakes Union Elementary School District,California,helus.org,https://helus.org/ -> https://www.helus.org/ -> http://helus.org/ -> http://www.helus.org/ -> https://helus.org/ssc-school-site-council -> https://helus.org/board-policies-%2F-beliefs -> https://helus.org/board-meeting-dates -> https://helus.org/board-agenda-%2F-minutes -> https://helus.org/board-member-terms -> https://helus.org/calendar,,23,yes,https://www.youtube.com/@HELUESD/videos
us:sd:0408520,Tolleson Union High School District,Arizona,tuhsd.org,https://tuhsd.org/ -> https://www.tuhsd.org/ -> http://tuhsd.org/ -> http://www.tuhsd.org/ -> https://www.tuhsd.org/governing-board -> https://www.tuhsd.org/calendar-event/governing-board-meeting-26 -> https://www.tuhsd.org/calendar-event/all-staff-in-service-no-school-11 -> https://www.tuhsd.org/calendar-event/sandra-day-oconnor-civics-day-3/ -> https://www.tuhsd.org/calendar-event/governing-board-regular-meeting-special-board-meeting-virtual-meeting/ -> https://www.tuhsd.org/calendar-event/end,,21,yes,https://www.youtube.com/@TUHSD214;https://www.youtube.com/embed/dpYMCW6h0v4?autoplay=1&mute=1&loop=1&playlist=dpYMCW6h0v4&rel=0&modestbranding=1
us:sd:0612880,Escondido Union Elementary School District,California,eusd.org,https://eusd.org/ -> http://eusd.org/ -> http://www.eusd.org/ -> https://eusd.community.highbond.com/Portal/ -> https://eusd.community.highbond.com/Portal/MeetingTypeList.aspx -> https://eusd.community.highbond.com/Portal/MeetingInformation.aspx?Id=341 -> https://eusd.community.highbond.com/Portal/MeetingInformation.aspx?Id=340 -> https://eusd.community.highbond.com/Portal/MeetingInformation.aspx?Id=338 -> https://eusd.community.highbond.com/Portal/MeetingInformation.aspx?Id=51 -> https://eusd.c,,11,yes,https://www.youtube.com/c/EscondidoUnionSchoolDistrict;https://youtu.be/CsvUTgZIgJg
us:sd:0612930,Esparto Unified School District,California,eusdk12.org,https://eusdk12.org/ -> https://www.eusdk12.org/ -> http://eusdk12.org/ -> http://www.eusdk12.org/ -> https://edo.eusdk12.org/board-of-education -> https://edo.eusdk12.org/board-of-education/board-goals -> https://www.google.com/url?q=https%3A%2F%2Fsimbli.eboardsolutions.com%2FSB_Meetings%2FSB_MeetingListing.aspx%3FS%3D36030893&sa=D&sntz=1&usg=AOvVaw1XQIZTi2ZLpcRSqi9pFOQi -> https://edo.eusdk12.org/board-of-education/board-meeting-calendar -> https://edo.eusdk12.org/district/calendar -> https://,,13,yes,https://youtube.com/channel/UCOrqYOskpbg-rXTdv6UZb1Q
us:sd:0603480,Auburn Union Elementary School District,California,auburn.k12.ca.us,https://auburn.k12.ca.us/ -> https://www.auburn.k12.ca.us/ -> http://auburn.k12.ca.us/ -> http://www.auburn.k12.ca.us/ -> https://simbli.eboardsolutions.com/SB_Meetings/SB_MeetingListing.aspx?S=36030515 -> https://www.auburn.k12.ca.us/Our-District/Board-of-Trustees/index.html -> https://simbli.eboardsolutions.com/Policy/PolicyListing.aspx?S=36030515 -> https://d16k74nzx9emoe.cloudfront.net/b3b04b9e-dfb7-4d4e-9786-047b4a4bc71b/2026%20Board%20Meeting%20Schedule%20Rev%2009.10.26%20-1.pdf -> https:/,,24,yes,https://www.youtube.com/channel/UCwFdnTh5N8Pjg_ZGcumq0Cw/videos
us:sd:0601428,Wiseburn Unified School District,California,wiseburn.org,https://wiseburn.org/ -> http://wiseburn.org/ -> http://www.wiseburn.org/ -> https://www.wiseburn.org/school-board/calendars-meetings-and-minutes -> https://www.wiseburn.org/school-board/school-board-members -> https://simbli.eboardsolutions.com/Policy/PolicyListing.aspx?S=36030921 -> https://www.wiseburn.org/our-schools/success-learning-center/calendar -> https://www.wiseburn.org/calendar -> https://www.wiseburn.org/news-events -> https://www.wiseburn.org/news-events/submit-a-story-idea -> http,,85,yes,https://www.youtube.com/@WiseburnUSD
us:sd:0629100,Oroville City Elementary School District,California,ocesd.net,https://ocesd.net/ -> http://ocesd.net/ -> http://www.ocesd.net/ -> https://go.boarddocs.com/ca/ocesd/Board.nsf/Public -> https://simbli.eboardsolutions.com/index.aspx?S=36032035 -> https://www.ocesd.net/page/board-members -> https://www.ocesd.net/page/trustee-areas -> https://www.ocesd.net/page/site-coordinator-portal,,7,yes,https://www.youtube.com/@orovillecityelementaryscho7371/videos
us:sd:0609620,Compton Unified School District,California,compton.k12.ca.us,https://compton.k12.ca.us/ -> http://compton.k12.ca.us/ -> http://www.compton.k12.ca.us/ -> https://video.compton.k12.ca.us/ -> https://go.boarddocs.com/ca/cusdca/Board.nsf/Public -> https://www.compton.k12.ca.us/board/board-members -> https://www.compton.k12.ca.us/board/meeting-recordingsvideos -> https://www.compton.k12.ca.us/departments/personnel-commission/agendas-and-minutes -> https://www.compton.k12.ca.us/fs/resource-manager/view/486ac969-b896-4f72-8185-8a58403559dd -> https://www.compton,,9,yes,https://www.youtube.com/user/ComptonSchools
us:sd:0611850,East Whittier City Elementary School District,California,ewcsd.org,https://ewcsd.org/ -> http://ewcsd.org/ -> http://www.ewcsd.org/ -> https://video.ewcsd.org/ -> https://go.boarddocs.com/ca/ewcsd/Board.nsf/Public -> https://www.ewcsd.org/apps/news/article/2217241?categoryId=4257 -> https://www.ewcsd.org/apps/news/article/2207551?categoryId=4257 -> https://www.ewcsd.org/apps/news/article/2080397?categoryId=4257 -> https://ewcsd.edlioschool.com/apps/pages/index.jsp?uREC_ID=375044&type=d&pREC_ID=858952 -> https://ewcsd.edlioschool.com/apps/pages/index.jsp?uREC_ID,,23,yes,https://www.youtube.com/c/EastWhittierCitySchoolDistrict
us:sd:0627060,Newark Unified School District,California,newarkunified.org,https://newarkunified.org/ -> http://newarkunified.org/ -> http://www.newarkunified.org/ -> https://docs.newarkunified.org/ -> https://go.boarddocs.com/ca/nusd/Board.nsf/Public -> https://www.newarkunified.org/district/board-of-education -> https://www.newarkunified.org/site-map,,1,yes,https://www.youtube.com/channel/UCxMCLvIhNXJ6LIqqH2IuAow
us:sd:0630230,Petaluma City Elementary School District,California,petalumacityschools.org,https://petalumacityschools.org/ -> https://www.petalumacityschools.org/ -> http://petalumacityschools.org/ -> http://www.petalumacityschools.org/ -> https://petalumacityschools.org/our-district/board-of-education -> https://petalumacityschools.org/our-district/board-of-education/board-meeting-recaps -> https://simbli.eboardsolutions.com/SB_Meetings/SB_MeetingListing.aspx?S=36030371 -> https://petalumacityschools.org/students-families/aeries-student-portal -> https://petalumacityschools.org/stud,,25,yes,https://www.youtube.com/channel/UCVyvDOp3MPF0ynhxZAIpsew/featured;https://www.youtube.com/embed/https://www.youtube.com/playlist?list=PLYoZKUi9DgsYL5-KI_QA69jQa-AJeuouC
us:sd:0606100,Browns Elementary School District,California,sutter.k12.ca.us,https://sutter.k12.ca.us/ -> http://sutter.k12.ca.us/ -> http://www.sutter.k12.ca.us/ -> https://www.sutter.k12.ca.us/Board/index.html -> https://www.sutter.k12.ca.us/Board/Board-Packets/index.html -> https://www.sutter.k12.ca.us/Board/Board-of-Trustees/index.html -> https://d16k74nzx9emoe.cloudfront.net/8510576c-3b3b-4f99-b84e-85be75632b48/8.0%20County%20Board%20Calendar%20Meeting%20Dates%202026.pdf -> https://www.sutter.k12.ca.us/District-and-Charter-School-Accountability-Plans-/District-and-C,,3,no,
us:sd:0618160,"Igo, Ono, Platina Union Elementary School District",California,igo.reddingschools.net,https://igo.reddingschools.net/ -> http://igo.reddingschools.net/ -> https://igo.reddingschools.net/about_us/site_council -> https://igo.reddingschools.net/district_information/school_board -> https://igo.reddingschools.net/district_information/school_board/current_agenda -> https://igo.reddingschools.net/district_information/school_board/past_agendas -> https://igo.reddingschools.net/district_information/school_board/notice_of_public_hearings -> https://igo.reddingschools.net/district_informati,,48,no,
us:sd:0616050,Greenfield Union School District,California,gfusd.net,https://gfusd.net/ -> https://www.gfusd.net/ -> http://gfusd.net/ -> http://www.gfusd.net/ -> https://www.gfusd.net/apps/pages/index.jsp?uREC_ID=439134&type=d&pREC_ID=950255 -> https://www.gfusd.net/apps/pages/index.jsp?uREC_ID=439134&type=d&pREC_ID=2644725 -> https://simbli.eboardsolutions.com/Policy/PolicyListing.aspx?S=36030910 -> https://www.gfusd.net/apps/pages/index.jsp?uREC_ID=439134&type=d&pREC_ID=2409840 -> https://www.gfusd.net/apps/pages/index.jsp?uREC_ID=439134&type=d&pREC_ID=2545867,,5,yes,https://www.youtube.com/embed/rufC1RCehBM
us:sd:0616920,Hemet Unified School District,California,hemetusd.org,https://hemetusd.org/ -> http://hemetusd.org/ -> http://www.hemetusd.org/ -> https://events.hemetusd.org/ -> https://www.hemetusd.org/page/meeting-schedule-measurex -> https://simbli.eboardsolutions.com/Policy/PolicyListing.aspx?S=36030260 -> https://www.hemetusd.org/page/board-resolutions -> https://go.boarddocs.com/ca/hemetusd/board.nsf/Public -> https://www.hemetusd.org/documents/departments/facilities-%26-planning/meetings---agendas-%26-minutes/804502 -> https://www.hemetusd.org/events?secti,,49,yes,https://www.youtube.com/@HemetUnified
us:sd:0620190,La Habra City Elementary School District,California,lahabraschools.org,https://lahabraschools.org/ -> http://lahabraschools.org/ -> http://www.lahabraschools.org/ -> https://www.lahabraschools.org/news/1830971/ladera-palma-dragons-glow-with-pbis-pride -> https://www.lahabraschools.org/news/1830969/las-positas-students-discover-the-power-of-storytelling -> https://www.lahabraschools.org/news/1830967/el-cerrito-celebrates-a-strong-start-to-the-school-year -> https://www.lahabraschools.org/calendar/8820118/board-meeting -> https://www.lahabraschools.org/boe/board-memb,,7,yes,https://www.youtube.com/embed/vhTHChdruJY?rel=0
us:sd:0631860,Ravenswood City Elementary School District,California,ravenswoodschools.org,https://ravenswoodschools.org/ -> https://www.ravenswoodschools.org/ -> http://ravenswoodschools.org/ -> http://www.ravenswoodschools.org/ -> https://www.ravenswoodschools.org/Choose-Ravenswood/Board-of-Education-/index.html -> https://www.ravenswoodschools.org/Choose-Ravenswood/Board-of-Education-/Board-Meeting-Dates/index.html -> https://www.ravenswoodschools.org/Choose-Ravenswood/Board-of-Education-/Board-Meetings--Agendas/index.html -> https://www.ravenswoodschools.org/Choose-Ravenswood/Boar,,19,yes,https://www.youtube.com/@ravenswoodcsd;https://www.youtube.com/embed/6FbKewBfKjk
us:sd:0629540,Palermo Union Elementary School District,California,palermoschools.org,https://palermoschools.org/ -> http://palermoschools.org/ -> http://www.palermoschools.org/ -> https://www.palermoschools.org/Board-of-Trustees/index.html -> https://www.palermoschools.org/Board-of-Trustees/Board-Policies/index.html -> https://www.palermoschools.org/Board-of-Trustees/Board-Policies/9000---Bylaws-of-the-Board/index.html -> https://www.palermoschools.org/Board-of-Trustees/Board-of-Trustees/Agendas-and-Minutes/index.html -> https://www.palermoschools.org/Board-of-Trustees/Board-of-,,8,yes,https://www.youtube.com/embed/YrbEo5EBzSU?si=Sidl2nAJGqNiB-rx
us:sd:0803960,Fremont RE-2,Colorado,re-2.org,https://re-2.org/ -> http://re-2.org/ -> http://www.re-2.org/ -> https://go.boarddocs.com/co/fremontre2/Board.nsf/Public#tab-policies -> https://www.re-2.org/page/school-board -> https://www.re-2.org/page/school-board-members,,6,yes,https://www.youtube.com/channel/UClvgoNUVVY0yMcNpBPEuFjg
us:sd:0625530,Monterey Peninsula Unified School District,California,mpusd.k12.ca.us,https://mpusd.k12.ca.us/ -> https://www.mpusd.k12.ca.us/ -> http://mpusd.k12.ca.us/ -> http://www.mpusd.k12.ca.us/ -> https://www.mpusd.net/341770_2?articleID=78719 -> https://www.mpusd.net/341770_2?articleID=77693 -> https://www.mpusd.net/341770_2?articleID=77691 -> https://www.mpusd.net/mpusd-tv -> https://boxcast.tv/view-embed/js24qg3sxk7hktor8fbl?showTitle=1&showDescription=1&showHighlights=1&showRelated=1&defaultVideo=next&playInline=0&dvr=1&market=high-school&showCountdown=0&showDonations=,,34,yes,https://www.youtube.com/@mpusdway
us:sd:0616325,Hacienda La Puente Unified School District,California,hlpschools.org,https://hlpschools.org/ -> http://hlpschools.org/ -> http://www.hlpschools.org/ -> https://go.boarddocs.com/ca/hlpusd/Board.nsf/goto?open&id=8ABEXQ4E4274 -> https://www.hlpschools.org/board-of-education -> https://www.hlpschools.org/board-of-education/board-meetings -> https://www.hlpschools.org/board-of-education/board-presentations -> https://go.boarddocs.com/ca/hlpusd/board.nsf/public -> https://www.hlpschools.org/staff/aeries-student-information-system/video-tutorials -> https://www.hlpschoo,,19,yes,https://www.youtube.com/c/HaciendaLaPuenteUnifiedSchoolDistrict
us:sd:0630210,Perris Union High School District,California,puhsd.org,https://puhsd.org/ -> http://puhsd.org/ -> http://www.puhsd.org/ -> https://agenda.puhsd.org/ -> https://www.puhsd.org/board-of-education -> https://www.puhsd.org/board-of-trustees -> https://www.puhsd.org/board-of-trustee-elections -> https://www.puhsd.org/board-meeting-recordings -> https://www.puhsd.org/board-policies-minutes-agendas -> https://www.puhsd.org/fs/pages/2073 -> https://perrishsdpublic.ic-board.com/ -> https://perrishsdpublic.ic-board.com/view_left.aspx?view=homepage -> https://p,,919,yes,https://www.youtube.com/user/PerrisUnionHSDMedia/videos
us:sd:0636570,Shasta Union Elementary School District,California,shasta.reddingschools.net,https://shasta.reddingschools.net/ -> http://shasta.reddingschools.net/ -> https://shasta.reddingschools.net/about_us/parent_clubs -> https://shasta.reddingschools.net/news/archived_news/new_board_member -> https://shasta.reddingschools.net/district_information/school_board -> https://shasta.reddingschools.net/cms/one.aspx?portalId=23745153&pageId=23745169&objectId.272151=189524637&contextId.272151=23746767&parentId.272151=23746768&localStartDate=2026-10-12T17:00&localEndDate=2026-10-12T18:00&re,,48,no,
us:sd:0636600,Shasta Union High School District,California,suhsd.net,https://www.suhsd.net/ -> http://www.suhsd.net/ -> https://media.suhsd.net/ -> https://www.suhsd.net/Board/index.html -> https://www.suhsd.net/Board/Board-MeetingS/index.html -> https://www.suhsd.net/__catapult_pages/37600903-b320-4b70-b208-d54265c0498e/Board.html -> https://www.suhsd.net/__catapult_pages/4c70c143-616a-4596-b2e1-b83cd51c6431/Board-MeetingS.html -> https://www.suhsd.net/Board/Board-MeetingS/Board/index.html -> https://www.suhsd.net/Board/Board-MeetingS/Board/Board-MeetingS/index.,,6,yes,https://www.youtube.com/embed/E27rdwgw-LM
us:sd:0632040,Redding Elementary School District,California,reddingschools.net,https://reddingschools.net/ -> http://reddingschools.net/ -> http://www.reddingschools.net/ -> https://www.reddingschools.net/employment/sex_discrimination_and_harassment_definitions/other_board_policies -> https://www.reddingschools.net/school_board -> https://www.reddingschools.net/school_board/agenda -> https://www.reddingschools.net/school_board/agenda/agendas_and_minutes -> https://www.reddingschools.net/school_board/agenda/upcoming_board_agenda -> https://www.reddingschools.net/calendar ->,,46,yes,https://www.youtube.com/channel/UC9b29ZirdVMxd_96Z3kth0w/
us:sd:0903515,Regional School District 06,Connecticut,rsd6.org,"https://rsd6.org/ -> http://rsd6.org/ -> http://www.rsd6.org/ -> https://www.rsd6.org/o/rsd-20/documents/browse/377102 -> https://www.rsd6.org/events?section_ids=249576,249576,249576,249576&view=list-all -> https://www.rsd6.org/page/non-discrimination-notice -> https://www.rsd6.org/events",,4,yes,https://www.youtube.com/@R20Bobcast
us:sd:0904500,Thomaston School District,Connecticut,thomastonschools.org,https://thomastonschools.org/ -> https://www.thomastonschools.org/ -> http://thomastonschools.org/ -> http://www.thomastonschools.org/ -> https://thomastonschools.org/board-of-education -> https://thomastonschools.org/calendar -> https://thomastonschools.org/calendar-subscription-help -> https://www.thomastonschools.org/board-of-education -> https://www.thomastonschools.org/calendar -> https://www.thomastonschools.org/calendar-subscription-help,,9,no,
us:sd:0630600,Pittsburg Unified School District,California,pittsburg.k12.ca.us,https://pittsburg.k12.ca.us/ -> https://www.pittsburg.k12.ca.us/ -> http://pittsburg.k12.ca.us/ -> http://www.pittsburg.k12.ca.us/ -> https://go.boarddocs.com/ca/pittsburg/Board.nsf/Public -> https://pittsburgusd.net/Our-District/Board-of-Trustees/index.html -> https://pittsburgusd.net/Our-District/Board-of-Trustees/Board-Goals/index.html -> https://pittsburgusd.net/Our-District/Board-of-Trustees/Board-Meetings/index.html -> https://pittsburgusd.net/Our-District/Board-of-Trustees/Meetings-Archiv,,14,yes,https://www.youtube.com/user/PittsburgUSD
us:sd:0636180,Sebastopol Union Elementary School District,California,sebastopolschools.org,https://sebastopolschools.org/ -> http://sebastopolschools.org/ -> http://www.sebastopolschools.org/ -> https://www.sebastopolschools.org/index.php?pageID=smartSiteFeed&psqFeed=true&articleID=89359485 -> https://www.sebastopolschools.org/index.php?pageID=smartSiteFeed&psqFeed=true&articleID=89250907 -> https://www.sebastopolschools.org/index.php?pageID=smartSiteFeed&psqFeed=true&articleID=87978317 -> https://www.sebastopolschools.org/school-board-agendas -> https://www.sebastopolschools.org/dist,,7,no,
us:sd:0803810,Estes Park School District R-3,Colorado,estesschools.org,https://estesschools.org/ -> http://estesschools.org/ -> http://www.estesschools.org/ -> https://go.boarddocs.com/co/estesschools/Board.nsf/Public?open&id=policies -> https://www.estesschools.org/our-district/boe -> https://www.estesschools.org/resources/cbb -> https://www.estesschools.org/fs/pages/1578 -> https://www.estesschools.org/resources/request-a-transcript -> https://www.estesschools.org/external-redirect-warning-page/?destination=https://www.saludschools.org/ -> https://www.estesschool,,11,no,
us:sd:0904950,West Haven School District,Connecticut,whschools.org,https://whschools.org/ -> http://whschools.org/ -> http://www.whschools.org/ -> https://agenda.whschools.org/ -> https://ps.whschools.org/PUBLIC/home.html -> https://ps.whschools.org/public/account_recovery_begin.html -> https://ps.whschools.org/public/createaccounthelp.html,,4,yes,https://www.youtube.com/@westhavenboardofedlivestre6114
us:sd:0802070,Alamosa School District RE-11J,Colorado,alamosaschools.org,https://alamosaschools.org/ -> http://alamosaschools.org/ -> http://www.alamosaschools.org/ -> https://go.boarddocs.com/co/alamosa/Board.nsf/Public#tab-agenda -> https://www.alamosaschools.org/apps/pages/index.jsp?uREC_ID=539742&type=d&termREC_ID=&pREC_ID=1037644&hideMenu=0 -> https://www.alamosaschools.org/apps/pages/index.jsp?uREC_ID=539742&type=d&termREC_ID=&pREC_ID=SPOT-13144&hideMenu=0 -> https://www.alamosaschools.org/apps/pages/index.jsp?uREC_ID=539742&type=d&termREC_ID=&pREC_ID=1037645&h,,22,yes,https://www.youtube.com/channel/UCyoejjZShzkqgEuvnoLiMEw
us:sd:1201200,Madison County School District,Florida,mcsbfl.us,https://mcsbfl.us/ -> http://mcsbfl.us/ -> http://www.mcsbfl.us/ -> https://go.boarddocs.com/fl/madcofl/Board.nsf/Public -> https://www.mcsbfl.us/page/school-board -> https://www.mcsbfl.us/page/notice-of-procedural-safeguards-exceptional-education-students,,6,yes,https://www.youtube.com/c/MadisonCountySchoolBoardMeetings
us:sd:0804050,Fort Morgan School District RE-3,Colorado,morgan.k12.co.us,https://morgan.k12.co.us/ -> https://www.morgan.k12.co.us/ -> http://morgan.k12.co.us/ -> http://www.morgan.k12.co.us/ -> https://go.boarddocs.com/co/mcsdre3/Board.nsf/Public -> https://www.fortmorgank12.com/departments/food-and-nutrition-services/board-approved-wscc -> https://www.fortmorgank12.com/board -> https://www.fortmorgank12.com/board/board-of-education-meetings -> https://www.fortmorgank12.com/board/board-of-education-meetings/board-meeting-schedule -> https://www.fortmorgank12.com/fs/,https://www.youtube.com/@morgancountyschooldistrict589,12,yes,https://www.youtube.com/channel/UClfNeTAAZJ-oThTrP6qp1Ig
us:sd:1000680,Indian River School District,Delaware,irsd.net,https://irsd.net/ -> http://irsd.net/ -> http://www.irsd.net/ -> https://www.irsd.net/page/board-of-education -> https://www.irsd.net/page/board-members -> https://www.irsd.net/page/meeting-schedule -> https://www.boarddocs.com/de/irsd/Board.nsf -> https://go.boarddocs.com/de/irsd/Board.nsf/Private?open&login -> https://www.irsd.net/page/meeting-minutes -> https://www.irsd.net/events,,9,yes,https://www.youtube.com/@IRSDYouTube
us:sd:0637830,St. Helena Unified School District,California,sthelenaunified.org,https://sthelenaunified.org/ -> https://www.sthelenaunified.org/ -> http://sthelenaunified.org/ -> http://www.sthelenaunified.org/ -> https://go.boarddocs.com/ca/sthelena/Board.nsf/vpublic?open -> https://sthelenaunified.org/32451_1 -> https://sthelenaunified.org/107863_2 -> https://sthelenaunified.org/321457_2 -> https://sthelenaunified.org/107866_2 -> https://sthelenaunified.org/32451 -> https://sthelenaunified.org/73752_3 -> https://sthelenaunified.org/site_map -> https://sthelenaunified.org/,,22,yes,https://www.youtube.com/channel/UCXYjIJDMyIFMHFxhQBOpPyA
us:sd:0643560,Yucaipa-Calimesa Joint Unified School District,California,yucaipaschools.com,https://yucaipaschools.com/ -> http://yucaipaschools.com/ -> http://www.yucaipaschools.com/ -> https://www.yucaipaschools.com/page/board-of-education -> https://go.boarddocs.com/ca/ycjusd/Board.nsf/Public -> https://www.yucaipaschools.com/page/board-policies-administrative-regulations -> https://yucaipa-schools.community.highbond.com/Portal/ -> https://yucaipa-schools.community.highbond.com/Portal/MeetingTypeList.aspx -> https://yucaipa-schools.community.highbond.com/Portal/MeetingInformation.as,,7,yes,https://www.youtube.com/channel/UCZuP3ZMEua4wBbYrWZZO4Tw
us:sd:1600420,Boundary County School District 101,Idaho,bcsd101.com,https://bcsd101.com/ -> http://bcsd101.com/ -> http://www.bcsd101.com/ -> https://www.bcsd101.com/page/executive-council -> https://portal.laserfiche.com/Portal/Browse.aspx?id=122299&repo=r-4a4dad39 -> https://www.bcsd101.com/page/board-meetings,,6,no,
us:sd:0629490,Pajaro Valley Joint Unified School District,California,pvusd.net,https://pvusd.net/ -> http://pvusd.net/ -> http://www.pvusd.net/ -> https://docs.pvusd.net/ -> https://www.pvusd.net/District/Board/index.html -> https://www.pvusd.net/District/Board/Board-Meetings/index.html -> https://www.pvusd.net/District/Board/Board-Policies/index.html -> https://go.boarddocs.com/ca/pvusd/Board.nsf/goto?open&id=DM9MAG5A4D75 -> https://www.pvusd.net/__catapult_pages/d591945f-de7e-48a2-84b8-60ad49814d95/Board-Meetings.html -> https://www.pvusd.net/District/Board/Board-Meeting,,22,yes,https://www.youtube.com/@PVUSDStreaming/featured
us:sd:1200420,DeSoto County School District,Florida,desotoschools.com,https://desotoschools.com/ -> http://desotoschools.com/ -> http://www.desotoschools.com/ -> https://go.boarddocs.com/fl/desoto/Board.nsf/goto?open&id=CAJVQ6779D6C -> https://www.desotoschools.com/school-board -> https://www.desotoschools.com/about/district-news/story/~board/all-locations-news/post/fsbafadss-annual-summer-conference-unites-school-board-members-and-superintendents-to-strengthen-impact -> https://www.desotoschools.com/parent-portal -> https://www.desotoschools.com/families/calendar,,10,yes,http://www.youtube.com/@desotoschools
us:sd:0903240,Oxford School District,Connecticut,oxfordpublicschools.org,https://oxfordpublicschools.org/ -> https://www.oxfordpublicschools.org/ -> http://oxfordpublicschools.org/ -> http://www.oxfordpublicschools.org/ -> https://go.boarddocs.com/ct/oxford/Board.nsf/vpublic?open -> https://www.oxfordpublicschools.org/videomeetings -> https://www.oxfordpublicschools.org/minsagendas -> https://www.oxfordpublicschools.org/meetings -> https://www.oxfordpublicschools.org/sys/calendar/searchlinks/f7dfafaa61ce47a582e38e2072af6977/Calendar -> https://www.oxfordpublicschools,,2,yes,https://www.youtube.com/@BOEMeetings-oxf/videos
us:sd:0627810,Oak Grove Elementary School District,California,ogsd.net,https://ogsd.net/ -> https://www.ogsd.net/ -> http://ogsd.net/ -> http://www.ogsd.net/ -> https://go.boarddocs.com/ca/ogsd/Board.nsf/vpublic?open -> https://www.ogsd.net/our-district/2024-2025-video-series -> https://www.ogsd.net/board-of-education/board-of-trustees -> https://www.ogsd.net/board-of-education/board-meetings -> https://www.ogsd.net/board-of-education/meeting-archive -> https://drive.google.com/open?id=1O0AZDmaGlJR2bfjJJ7jBiaJRDGq1DiT1 -> https://drive.google.com/open?id=1mHftfdwrA,,12,yes,https://www.youtube.com/channel/UCxNM0aHajqqFCMYHXoDBcyw
us:sd:0901590,Franklin School District,Connecticut,franklinschoolct.org,https://franklinschoolct.org/ -> https://www.franklinschoolct.org/ -> http://franklinschoolct.org/ -> http://www.franklinschoolct.org/ -> https://franklinschoolct.com/board-of-education/ -> https://franklinschoolct.com/meeting-agenda/ -> https://franklinschoolct.com/location-directions/ -> https://franklinschoolct.com/meeting-minutes/ -> https://franklinschoolct.com/fes-event-calendar/ -> https://franklinschoolct.com/fes-2026-2027-school-calendar/,,19,no,
us:sd:0626910,New Haven Unified School District,California,mynhusd.org,https://mynhusd.org/ -> https://www.mynhusd.org/ -> http://mynhusd.org/ -> http://www.mynhusd.org/ -> https://mynhusd.org/blog/uncategorized/a-message-from-superintendent-thompson-september-25-2026/ -> https://mynhusd.org/blog/uncategorized/a-message-from-superintendent-thompson-september-18-2026/ -> https://mynhusd.org/blog/uncategorized/board-briefs-for-tuesday-september-15-2026/ -> https://mynhusd.org/school-board/board-agendas-meetings/ -> https://go.boarddocs.com/ca/nhusd/Board.nsf/Public -,,26,yes,https://www.youtube.com/@nhusdboard4380
us:sd:1200660,Glades County School District,Florida,gladesedu.org,https://gladesedu.org/ -> http://gladesedu.org/ -> http://www.gladesedu.org/ -> https://go.boarddocs.com/fl/glad/Board.nsf/Public -> https://www.gladesedu.org/page/board-members -> https://www.gladesedu.org/page/board-meetings,,6,yes,https://www.youtube.com/@GladesSchools
us:sd:1201860,Taylor County School District,Florida,taylor.k12.fl.us,https://taylor.k12.fl.us/ -> https://www.taylor.k12.fl.us/ -> http://taylor.k12.fl.us/ -> http://www.taylor.k12.fl.us/ -> https://go.boarddocs.com/fl/taylor/Board.nsf/Public -> https://www.taylor.k12.fl.us/sys/content/newspost/98d1fe1a57e9490eb016590600d7c139 -> https://www.taylor.k12.fl.us/sys/content/newspost/86ae05a8968941ddb1b8aa8dec1b21f2 -> https://www.taylor.k12.fl.us/calendar -> https://www.taylor.k12.fl.us/schoolboardmeetingvideos -> https://www.taylor.k12.fl.us/abouttheschoolboard -> h,,1,no,
us:sd:1201410,Okeechobee County School District,Florida,okee.k12.fl.us,https://okee.k12.fl.us/ -> http://okee.k12.fl.us/ -> http://www.okee.k12.fl.us/ -> https://go.boarddocs.com/fl/okee/Board.nsf/Public?open&id=policies -> https://www.okee.k12.fl.us/page/district-advisory-council -> https://www.okee.k12.fl.us/page/school-board-members-meet-the-boars -> https://www.okee.k12.fl.us/page/board-agendas-and-minutes-prior-to-february-2021,,7,yes,https://www.youtube.com/@okeechobeecountyschooldist6669
us:sd:1201590,Polk County School District,Florida,polk-fl.net,https://polk-fl.net/ -> https://www.polk-fl.net/ -> http://polk-fl.net/ -> http://www.polk-fl.net/ -> https://www.polkschoolsfl.com/news/focused_on_excellence_jacob_majors -> https://www.polkschoolsfl.com/news/pcps_announces_district_6_finalists_202627 -> https://www.polkschoolsfl.com/news/pcps_announces_district_3_finalists_for_2026-27 -> https://www.polkschoolsfl.com/helpme/find_school_board_meeting_and_agendas -> https://go.boarddocs.com/fl/polk/Board.nsf/Public?open -> https://www.polkschool,,17,yes,https://www.youtube.com/channel/UCKzBRNJBxXQbY-ZCC6Aki0A
us:sd:1302610,Hall County School District,Georgia,hallco.org,https://hallco.org/ -> https://www.hallco.org/ -> http://hallco.org/ -> http://www.hallco.org/ -> https://www.hallco.org/web/congratulations-to-amanda-hanic-of-north-hall-high-school-for-outstanding-service-and-leadership-at-the-2026-hosa-international-leadership-conference/ -> https://www.hallco.org/web/rep-clyde-accepting-applications-for-nomination-to-u-s-service-academies/ -> https://www.hallco.org/web/us-military-academy-applications-due-in-october/ -> https://simbli.eboardsolutions.com/SB_,,12,yes,https://www.youtube.com/channel/UCieLNHzMNKS4umG2DngM8Zw
us:sd:1600480,Buhl Joint School District 412,Idaho,buhlschools.org,https://buhlschools.org/ -> http://buhlschools.org/ -> http://www.buhlschools.org/ -> https://docs.buhlschools.org/ -> https://www.buhlschools.org/school-board -> https://www.buhlschools.org/transcript-request -> https://www.buhlschools.org/district-calendar -> https://www.buhlschools.org/bhs-calendar -> https://www.buhlschools.org/bms-calendar -> https://www.buhlschools.org/pes-calendar,,10,no,
us:sd:1600450,Bruneau-Grand View Joint School District 365,Idaho,sd365.us,https://sd365.us/ -> https://www.sd365.us/ -> http://sd365.us/ -> http://www.sd365.us/ -> https://www.sd365.us/board-trustees -> https://www.sd365.us/calendar -> https://www.sd365.us/board-policies -> https://www.sd365.us/events,,5,no,
us:sd:1600810,Cottonwood Joint School District 242,Idaho,sd242.org,https://sd242.org/ -> https://www.sd242.org/ -> http://sd242.org/ -> http://www.sd242.org/ -> https://sd242.org/school-board/ -> https://sd242.org/school-board-meetings/ -> http://sd242.org/wp-content/uploads/2024/02/January-special-meeting-Minutes.pdf -> http://sd242.org/wp-content/uploads/2023/01/Jan-9-Special-Meeting-Minutes.pdf -> http://sd242.org/wp-content/uploads/2022/01/October-Special-Meeting-Minutes.pdf -> https://sd242.org/budget-to-actual-summary/ -> http://sd242.org/wp-content/uploa,,22,no,
us:sd:1602820,Rockland School District 382,Idaho,rbulldogs.org,https://rbulldogs.org/ -> https://www.rbulldogs.org/ -> http://rbulldogs.org/ -> http://www.rbulldogs.org/,,5,no,
us:sd:1602490,Oneida County School District 351,Idaho,oneidaschooldistrict.com,https://oneidaschooldistrict.com/ -> https://www.oneidaschooldistrict.com/ -> http://oneidaschooldistrict.com/ -> http://www.oneidaschooldistrict.com/ -> https://www.oneidaschooldistrict.org/o/osd/page/school-board,,6,no,
us:sd:1601020,Emmett Independent School District 221,Idaho,emmettschools.org,https://emmettschools.org/ -> http://emmettschools.org/ -> http://www.emmettschools.org/ -> https://www.emmettschools.org/school-board-trustees -> https://www.emmettschools.org/school-board-trustees/school-board -> https://www.emmettschools.org/school-board-trustees/board-election-information -> https://www.emmettschools.org/school-board-trustees/meetings-and-minutes -> https://www.emmettschools.org/archived-hidden-pages/web-accessibility-notice -> https://www.emmettschools.org/esd-all-social-me,,20,no,
us:sd:1603030,South Lemhi School District 292,Idaho,leadoreschool.org,https://leadoreschool.org/ -> http://leadoreschool.org/ -> http://www.leadoreschool.org/,,4,no,
us:sd:1600815,Plummer-Worley Joint School District 44,Idaho,pwsd.com,https://pwsd.com/ -> http://pwsd.com/ -> http://www.pwsd.com/ -> https://www.pwsd.com/district/board-of-education -> https://www.pwsd.com/district/board-of-education/elections -> https://www.pwsd.com/about/photo-galleries -> https://www.pwsd.com/district/board-of-education/meeting-minutes -> https://www.pwsd.com/fs/resource-manager/view/98cc6e50-d1fb-4d3b-93cf-f083f6806755 -> https://www.pwsd.com/fs/resource-manager/view/f5ebbe62-d990-49fc-838f-50b2edd82aba -> https://www.pwsd.com/fs/resource-ma,,4,no,
us:sd:1603480,Wilder School District 133,Idaho,wilderschools.org,https://wilderschools.org/ -> http://wilderschools.org/ -> http://www.wilderschools.org/ -> https://simbli.eboardsolutions.com/Index.aspx?S=36031881,,4,no,
us:sd:1001620,Smyrna School District,Delaware,smyrna.k12.de.us,https://smyrna.k12.de.us/ -> http://smyrna.k12.de.us/ -> http://www.smyrna.k12.de.us/ -> https://www.smyrna.k12.de.us/departments/finance/district-long-term-capital-plan/march-15-2025-referendum-not-approved-clone -> https://www.smyrna.k12.de.us/departments/finance/district-long-term-capital-plan/march-9-2024-referendum-not-approved -> https://www.smyrna.k12.de.us/departments/finance/district-long-term-capital-plan/march-23-2021-referendum-approved -> https://www.smyrna.k12.de.us/board-of-educat,,13,yes,https://youtu.be/isDwxwwI1wY;https://youtu.be/RnLWrMhY7Uc;https://youtu.be/3-f_INHNIEQ
us:sd:1703750,Anna Community Consolidated School District 37,Illinois,anna37.com,https://anna37.com/ -> http://anna37.com/ -> http://www.anna37.com/ -> https://www.anna37.com/page/board-of-education,,5,no,
us:sd:1602130,Middleton School District 134,Idaho,msd134.org,https://msd134.org/ -> https://www.msd134.org/ -> http://msd134.org/ -> http://www.msd134.org/ -> https://www.msd134.org/school-board -> https://www.msd134.org/school-board/board-of-trustees -> https://www.msd134.org/school-board/meetings -> https://www.msd134.org/parents/family-access -> https://skyward.iscorp.com/MiddletonSD134IDSkySTS/ -> https://www.msd134.org/parents/resources/school-calendar -> https://www.msd134.org/school-board/trustee-zone-descriptions -> https://elocallink.tv/e/?v=ry2&,,12,no,
us:sd:0901110,Derby School District,Connecticut,derbypride.org,https://www.derbypride.org/ -> http://www.derbypride.org/ -> https://www.derbypride.org/board-of-education -> https://www.derbypride.org/board-of-education/board-of-education-budget -> https://www.derbypride.org/board-of-education/meeting-agendas-minutes -> https://www.derbypride.org/board-of-education/meeting-agendas-minutes/archived-meeting-agendas-minutes -> https://www.derbypride.org/board-of-education/board-of-education-calendar -> https://www.derbypride.org/board-of-education/sub-committee,,4,yes,https://www.youtube.com/embed/OOrV6sNVBWA?embed_config=%7B%22enc%22:%22AXH1ezmw6xBjzE-KwnIRADG7YM8HsggctZ0127JVgT5nKzFMR-PwKAT-dSfbUAkf4_Lh0Y3wpIg6rmZ11c7wXYg_g1PDXCjkCdTD3jN7ucfh3Idh9v6-k4W0a0JDYd3Rys99-p0OiYj_Q_A7yFaPufjMOzMXz0-FyykqFxTqZT_mHd6u%22%7D&enablejsapi=1&errorlinks=1&origin=https://www.
us:sd:1708430,Carlinville Community Unit School District 1,Illinois,cusd1.com,https://cusd1.com/ -> https://www.cusd1.com/ -> http://cusd1.com/ -> http://www.cusd1.com/ -> https://cusd1.com/Board-of-Education -> https://cusd1.com/post/Public-Hearing-Notice-E-Learning-Plan-On-9-14-26-a6-45-pm -> https://cusd1.com/Events -> https://cusd1.com/Academic-Calendar,,9,yes,https://www.youtube.com/embed/8jH6RZkWMT8?si=jjLWadSgCFoDOTrs
us:sd:1601500,Horseshoe Bend School District 73,Idaho,hsbschools.org,https://hsbschools.org/ -> http://hsbschools.org/ -> http://www.hsbschools.org/ -> https://docs.hsbschools.org/ -> https://www.hsbschools.org/school_board/agendas -> https://www.hsbschools.org/school_board/request_to_appear_before_the_board -> https://www.hsbschools.org/school_board/staff_handbook/school_board -> https://www.hsbschools.org/resources___links/webmail_access -> https://www.hsbschools.org/school_board/minutes -> https://www.hsbschools.org/schools/horseshoe_bend_middle_high_school/st,,3,no,
us:sd:1601830,Lapwai School District 341,Idaho,lapwai.org,https://lapwai.org/ -> https://www.lapwai.org/ -> http://lapwai.org/ -> http://www.lapwai.org/ -> http://www.lapwai.org/index.php -> http://www.lapwai.org/athletics/athletics.php -> http://www.lapwai.org/board/board.php -> https://lapwai.org/board/agendas/agenda-2026-06.pdf -> http://www.lapwai.org/parent_portal.php -> https://www.kidlit.tv/ -> https://www.mathtv.com/ -> http://www.lapwai.org/Youth_Support_Media_Resources.pdf -> http://www.lapwai.org/board/finance/finance.php -> http://www.lapwa,,4,no,
us:sd:1706750,Bourbonnais School District 53,Illinois,besd53.org,https://besd53.org/ -> http://besd53.org/ -> http://www.besd53.org/ -> https://docs.besd53.org/ -> https://skyward.iscorp.com/BourbonnaisESD53ILSkySTS/ -> https://www.besd53.org/live-feed -> https://www.besd53.org/live-feed?page_no=1 -> https://www.besd53.org/live-feed?page_no=2 -> https://www.besd53.org/live-feed?page_no=3 -> https://www.besd53.org/live-feed?page_no=35 -> https://www.besd53.org/events -> https://www.besd53.org/o/upper-grade-center,,5,no,
us:sd:1603180,Teton County School District 401,Idaho,tsd401.org,https://tsd401.org/ -> http://tsd401.org/ -> http://www.tsd401.org/ -> https://www.tsd401.org/apps/pages/index.jsp?uREC_ID=595336&type=d&termREC_ID=&pREC_ID=1179348&hideMenu=0 -> https://www.tsd401.org/apps/pages/index.jsp?uREC_ID=595336&type=d&termREC_ID=&pREC_ID=1147458&hideMenu=0 -> https://www.tsd401.org/apps/pages/index.jsp?uREC_ID=595336&type=d&termREC_ID=&pREC_ID=1147448&hideMenu=0 -> https://www.tsd401.org/apps/pages/index.jsp?uREC_ID=595336&type=d&termREC_ID=&pREC_ID=1147454&hideMenu=0 ,,27,no,
us:sd:1735460,Community Consolidated School District 168,Illinois,d168.org,https://d168.org/ -> http://d168.org/ -> http://www.d168.org/ -> https://go.boarddocs.com/il/d168/Board.nsf/Public -> https://www.d168.org/page/board-meetings -> https://www.d168.org/page/board-members -> https://www.d168.org/page/bilingual-parent-advisory-council -> https://www.d168.org/o/blossoms-family-center -> https://www.d168.org/o/blossoms-family-center/events,,18,yes,https://www.youtube.com/channel/UCSh5AW2rAfMnwKCJ762liSw;https://youtu.be/Tir5-pzLQHk
us:sd:1603000,Soda Springs Joint School District 150,Idaho,sodaschools.org,https://sodaschools.org/ -> http://sodaschools.org/ -> http://www.sodaschools.org/ -> https://docs.sodaschools.org/ -> https://www.sodaschools.org/apps/pages/index.jsp?uREC_ID=3792686&type=d&pREC_ID=2437038 -> https://www.sodaschools.org/apps/pages/index.jsp?uREC_ID=3792686&type=d&pREC_ID=2437709 -> https://www.sodaschools.org/apps/pages/index.jsp?uREC_ID=3792686&type=d&pREC_ID=2437769 -> https://www.sodaschools.org/apps/pages/index.jsp?uREC_ID=3792687&type=d&pREC_ID=2436048 -> https://www.sodas,,3,no,
us:sd:1727570,Mundelein Consolidated High School District 120,Illinois,d120.org,https://d120.org/ -> http://d120.org/ -> http://www.d120.org/ -> https://www.d120.org/events/facilities-committee-meeting---october-1-2026/ -> https://www.d120.org/about-mhs/board-of-education/ -> https://www.d120.org/about-mhs/jobs-opportunities/ -> https://www.d120.org/https-/www-d120-org/athletics/sports-fall/flag-football-pilot/ -> https://www.d120.org/http-/www-d120-org/activities/student-support-services/ -> https://www.d120.org/about-mhs/publications/school-videos/ -> https://www.d120.org,,8,yes,https://www.youtube.com/channel/UCuOGnrhHne96SjsOUXWlajQ/https://www.youtube.com/channel/UCuOGnrhHne96SjsOUXWlajQ/;https://youtu.be/ksLA2Scq1do?si=kxRbRnvKFUNplNHM;https://youtu.be/nbJbXb2c8_s?si=zMX8HW1FqsxzzN5s
us:sd:1706000,Berkeley School District 87,Illinois,berkeley87.org,https://berkeley87.org/ -> https://www.berkeley87.org/ -> http://berkeley87.org/ -> http://www.berkeley87.org/ -> https://berkeley87.org/about/strategic_planning/final_meeting____ltima_reuni_n -> https://berkeley87.org/board_of_ed -> https://berkeley87.org/board_of_ed/board_meetings_2026-2027 -> https://berkeley87.org/board_of_ed/board_meetings_2026-2027/board_meetings_2025-2026 -> https://www.berkeley87.org/UserFiles/Servers/Server_389410/File/aprilpolicyagenda.pdf -> https://berkeley87.org/boa,,183,yes,https://www.youtube.com/embed/Bc5MWmX-bUg?si=CPQM30iRI8wgujr5;https://youtu.be/EFb0sKV0qXE;https://youtu.be/jW8K5eGiQzs
us:sd:1603400,West Jefferson School District 253,Idaho,wjsd.org,https://wjsd.org/ -> http://wjsd.org/ -> http://www.wjsd.org/ -> https://www.wjsd.org/documents/district/calendars/events/789608 -> https://www.wjsd.org/page/board-of-trustees -> https://www.wjsd.org/page/school-board-meeting-schedule -> https://www.wjsd.org/page/board-policies -> https://www.wjsd.org/page/archived-board-meeting-agendas-and-minutes-4-16-20-and-before -> https://www.wjsd.org/events -> https://www.wjsd.org/page/transcript-request-information,,22,no,
us:sd:1801290,Carroll Consolidated School Corporation,Indiana,carroll.k12.in.us,https://carroll.k12.in.us/ -> http://carroll.k12.in.us/ -> http://www.carroll.k12.in.us/,,4,no,
us:sd:1715420,Flossmoor School District 161,Illinois,sd161.org,https://sd161.org/ -> http://sd161.org/ -> http://www.sd161.org/ -> https://docs.sd161.org/ -> https://go.boarddocs.com/il/sd161/Board.nsf/files/DGQ4CE0AE32F/$file/2025-26%20Fiscal%20Year%20Board%20Topics%20Chart.pdf -> https://www.sd161.org/page/board-of-education-current -> https://www.sd161.org/o/flossmoor-sd161/browse/62958 -> https://www.sd161.org/page/board-of-education-committees -> https://5il.co/z3vc -> https://www.sd161.org/page/board-meeting-videos,,8,yes,https://www.youtube.com/channel/UCy4XJggqZtu4tMywu89YTDQ
us:sd:1602910,Shelley Joint School District 60,Idaho,shelleyschools.org,https://shelleyschools.org/ -> https://www.shelleyschools.org/ -> http://shelleyschools.org/ -> http://www.shelleyschools.org/ -> https://shelleyschools.org/index.php?pageID=smartSiteFeed&psqFeed=true&articleID=89862276 -> https://shelleyschools.org/index.php?pageID=smartSiteFeed&psqFeed=true&articleID=89502211 -> https://shelleyschools.org/index.php?pageID=smartSiteFeed&psqFeed=true&articleID=88779790 -> https://shelleyschools.org/school-board-business -> https://www.shelleyschools.org/85138 ->,,18,no,
us:sd:1800600,Bloomfield School District,Indiana,bsd.k12.in.us,https://www.bsd.k12.in.us/ -> http://www.bsd.k12.in.us/ -> https://docs.bsd.k12.in.us/ -> https://www.bsd.k12.in.us/o/bloomfield-district-in/page/school-board -> https://www.bsd.k12.in.us/documents/information/notice-to-taxpayers/526800,,5,yes,https://www.youtube.com/@bloomfieldschooldistrict
us:sd:1602580,Payette Joint School District 371,Idaho,payetteschools.org,https://payetteschools.org/ -> http://payetteschools.org/ -> http://www.payetteschools.org/ -> https://www.payetteschools.org/our-district/board-of-trustees16 -> https://simbli.eboardsolutions.com/Policy/PolicyListing.aspx?S=36031400 -> https://www.payetteschools.org/our-district/board-of-trustees16/request-to-address-the-board -> https://simbli.eboardsolutions.com/SB_Meetings/SB_MeetingListing.aspx?S=36031400 -> https://www.payetteschools.org/our-district/board-of-trustees16/board-meetings -> h,,16,no,
us:sd:1713320,East St. Louis School District 189,Illinois,estl189.com,https://estl189.com/ -> http://estl189.com/ -> http://www.estl189.com/ -> https://go.boarddocs.com/il/est189/Board.nsf/Public -> https://www.estl189.com/our-district/school-board-of-education -> https://www.estl189.com/our-district/school-board-of-education/board-meeting-information-2 -> https://www.estl189.com/our-district/school-board-of-education/board-minutes -> https://www.estl189.com/athletics/cpr-and-aed-video -> https://efin25-edg.estl189.com/erp/EmployeeAccessCenter/Web/Default.aspx -> ,,14,yes,https://www.youtube.com/@eastst.louisschooldistrict7843
us:sd:1803000,East Washington School Corporation,Indiana,ewsc.k12.in.us,https://ewsc.k12.in.us/ -> http://ewsc.k12.in.us/ -> http://www.ewsc.k12.in.us/ -> https://docs.ewsc.k12.in.us/,,4,yes,https://www.youtube.com/channel/UCEz8l80EMr7nCW4vaUwzs0Q
us:sd:1712700,Dunlap Community Unit School District 323,Illinois,dunlapcusd.net,https://dunlapcusd.net/ -> http://dunlapcusd.net/ -> http://www.dunlapcusd.net/ -> https://www.dunlapcusd.net/board -> https://www.dunlapcusd.net/board/board_meeting_information -> https://www.dunlapcusd.net/board/school_board_elections -> https://www.dunlapcusd.net/board/school_board_policies -> https://www.dunlapcusd.net/contact_school/board_of_directors -> https://www.dunlapcusd.net/district/district_calendar -> https://www.dunlapcusd.net/quicklinks/district_calendar -> https://www.dunlapcusd,,32,yes,https://www.youtube.com/@dunlapschooldistrict323;https://www.youtube.com/embed/bOM7gA7uOn0
us:sd:1717490,Grass Lake School District 36,Illinois,gls36.org,https://gls36.org/ -> http://gls36.org/ -> http://www.gls36.org/ -> https://www.gls36.org/calendar/9246331/board-of-education-meeting -> https://www.gls36.org/calendar/9246245/board-of-education-meeting -> https://www.gls36.org/calendar/9245931/board-of-education-meeting -> https://go.boarddocs.com//il/gls36/Board.nsf/Public -> https://www.gls36.org/boe/ -> https://www.gls36.org/calendar -> https://www.gls36.org/about/index -> https://www.gls36.org/activities/index -> https://www.gls36.org/paren,,2,no,
us:sd:1724750,Maroa-Forsyth Community Unit School District 2,Illinois,mfschools.net,https://mfschools.net/ -> http://mfschools.net/ -> http://www.mfschools.net/ -> https://www.mfschools.net/news/board-briefs-30 -> https://www.mfschools.net/news/menus -> https://www.mfschools.net/news/maroa-forsyth-board-of-education-appoints-nicholas-braden-to-board-of-education -> https://www.mfschools.net/board-of-education -> https://www.mfschools.net/board-members -> https://www.mfschools.net/board-meetings -> https://www.mfschools.net/district-calendar -> https://www.mfschools.net/calendar,,6,no,
us:sd:1800960,Brown County County School Corporation,Indiana,browncountyschools.com,https://browncountyschools.com/ -> https://www.browncountyschools.com/ -> http://browncountyschools.com/ -> http://www.browncountyschools.com/ -> https://browncountyschools.com/about-bcs/district-info-school-board/ -> https://browncountyschools.com/community/broadband-access/ -> https://browncountyschools.com/non-discrimination-anti-harassment-notice/ -> https://browncountyschools.com/school/brown-county-early-education-center/ -> https://browncountyschools.com/school/career-resource-center/ -> ,,22,no,
us:sd:1803870,Gary Community School Corporation,Indiana,garycsc.k12.in.us,https://garycsc.k12.in.us/ -> http://garycsc.k12.in.us/ -> http://www.garycsc.k12.in.us/ -> https://go.boarddocs.com/in/gary/Board.nsf/vpublic?open -> https://www.garycsc.k12.in.us/o/gcs/page/school-board -> https://www.garycsc.k12.in.us/o/gcs/page/transcript,,6,yes,https://www.youtube.com/@Garyschools
us:sd:1802800,Duneland School Corporation,Indiana,duneland.k12.in.us,https://duneland.k12.in.us/ -> http://duneland.k12.in.us/ -> http://www.duneland.k12.in.us/ -> https://go.boarddocs.com/in/duneland/Board.nsf/Public?open&id=policies -> https://www.duneland.k12.in.us/administration/school-board/board-meetings -> https://www.duneland.k12.in.us/administration/school-board/board-members -> https://elocallink.tv/e/?v=phK&ap=1 -> https://www.duneland.k12.in.us/calendar -> https://www.duneland.k12.in.us/administration/central-administration/administration-center -> ht,,12,yes,https://www.youtube.com/@DSCBoard
us:sd:1804500,Wes-Del Community Schools,Indiana,wes-del.k12.in.us,https://wes-del.k12.in.us/ -> http://wes-del.k12.in.us/ -> http://www.wes-del.k12.in.us/,,8,yes,https://www.youtube.com/@wes-delsportsnetwork5808
us:sd:1736720,South Holland School District 150,Illinois,sd150.org,https://sd150.org/ -> http://sd150.org/ -> http://www.sd150.org/ -> https://agenda.sd150.org/ -> https://www.sd150.org/departments/technology/digital_learning/virtual_meeting_guides -> https://www.sd150.org/board_of_education -> https://www.sd150.org/board_of_education/s_d150_board_policies -> https://www.sd150.org/for_staff/employee_access -> https://www.sd150.org/cms/one.aspx?portalId=20240724&pageId=20240747&objectId.944539=71229155&contextId.944539=20240796&parentId.944539=20240797&localStar,,30,yes,https://www.youtube.com/@southhollandsd1509
us:sd:1732850,Prospect Heights School District 23,Illinois,d23.org,https://d23.org/ -> https://www.d23.org/ -> http://d23.org/ -> http://www.d23.org/ -> https://www.d23.org/BoardofEducation.aspx -> https://www.d23.org/protected/EventView.aspx?id=82U3IPB3Y -> https://www.d23.org/protected/EventView.aspx?id=82U3IPYAI -> https://d23.powerschool.com/public/ -> https://d23.powerschool.com/public/account_recovery_begin.html -> https://d23.powerschool.com/public/createaccounthelp.html -> https://www.d23.org/protected/EventView.aspx?id=82U3IP3BY -> https://www.d23.org/,,14,yes,https://www.youtube.com/@phsd2376;https://www.youtube.com/embed/JZxIDQsF9X4?si=uNObo8e8ifwbd84T
us:sd:1804560,Highland School Town,Indiana,highland.k12.in.us,https://highland.k12.in.us/ -> http://highland.k12.in.us/ -> http://www.highland.k12.in.us/ -> https://www.highland.k12.in.us/page/school-board -> https://www.highland.k12.in.us/page/school-board-meeting-information -> https://www.highland.k12.in.us/page/parent-access -> https://www.highland.k12.in.us/documents/school-board/plans%2C-notices%2C-and-contracts/22836031 -> https://www.highland.k12.in.us/documents/school-board/22835978,,9,yes,https://www.youtube.com/channel/UC_HT_v0gMt9JQ7Cnq5pp54w
us:sd:1801410,Caston School Corporation,Indiana,caston.k12.in.us,https://caston.k12.in.us/ -> http://caston.k12.in.us/ -> http://www.caston.k12.in.us/ -> https://go.boarddocs.com/in/cast/Board.nsf/goto?open&id=BWTK7T507D0E -> https://www.caston.k12.in.us/board -> https://www.caston.k12.in.us/board/2024-board-meetings -> https://www.caston.k12.in.us/board/board-meeting-archive -> https://www.caston.k12.in.us/event-calendar -> https://www.caston.k12.in.us/notice-of-nondiscrimination -> https://www.caston.k12.in.us/quick-links/2026-27-district-calendar -> https:,,27,no,
us:sd:1802610,Decatur County Community Schools,Indiana,decaturco.k12.in.us,https://decaturco.k12.in.us/ -> http://decaturco.k12.in.us/ -> http://www.decaturco.k12.in.us/ -> https://www.decaturco.k12.in.us/school-board -> https://www.decaturco.k12.in.us/calendar -> https://www.decaturco.k12.in.us/events -> https://www.decaturco.k12.in.us/School-Board -> https://www.youtube.com/channel/UC8dTA8rdSQQWpxt9JFNjWZg,https://www.youtube.com/channel/UC8dTA8rdSQQWpxt9JFNjWZg,9,no,
us:sd:1709930,Chicago Public School District 299,Illinois,cps.k12.il.us,https://cps.k12.il.us/ -> https://www.cps.k12.il.us/ -> http://cps.k12.il.us/ -> http://www.cps.k12.il.us/ -> https://www.cps.edu/about/chicago-board-of-education/ -> https://www.cps.edu/media/community-updates/2026/september/september-2026-chicago-board-meeting/ -> https://www.cps.edu/about/remote-access/ -> https://schoolinfo.cps.edu/schoollocator/index.html -> https://www.cps.edu/schools/earlychildhood/Pages/EarlyChildhood.aspx -> https://cps.edu/ScriptLibrary/Map-SchoolLocator/index.html -> ,,10,yes,https://www.youtube.com/user/ChiPubSchools
us:sd:1800008,White River Valley School District,Indiana,wrv.k12.in.us,"https://wrv.k12.in.us/ -> http://wrv.k12.in.us/ -> http://www.wrv.k12.in.us/ -> http://go.boarddocs.com/in/wrvsc/Board.nsf/Public?open&id=policies -> https://www.wrv.k12.in.us/about_us/board_approved_e-_learning_day_program -> https://www.wrv.k12.in.us/board_of_trustees -> https://www.wrv.k12.in.us/board_of_trustees/meeting_times -> https://www.wrv.k12.in.us/board_of_trustees/board_meeting_agenda -> https://www.wrv.k12.in.us/UserFiles/Servers/Server_85223/File/Board%20of%20Trustees/January%2028,",,4,yes,https://www.youtube.com/@WhiteRiverValleySchool
us:sd:1802130,Clinton Central School Corporation,Indiana,clintoncentral.org,https://clintoncentral.org/ -> https://www.clintoncentral.org/ -> http://clintoncentral.org/ -> http://www.clintoncentral.org/ -> https://go.boarddocs.com/in/clintoncsc/Board.nsf/goto?open&id=D5SLDL5610E8 -> https://clintoncentral.org/apps/pages/index.jsp?uREC_ID=351839&type=d -> https://clintoncentral.org/apps/news/index.jsp?id=0 -> https://clintoncentral.org/apps/news/show_news.jsp?REC_ID=1023741&id=0 -> https://clintoncentral.org/apps/news/show_news.jsp?REC_ID=989726&id=0 -> https://clintonce,,1,yes,https://www.youtube.com/@ClintonCentral
us:sd:1808040,Tipton County Northern Community School Corporation,Indiana,tccs.k12.in.us,https://tccs.k12.in.us/ -> http://tccs.k12.in.us/ -> http://www.tccs.k12.in.us/,,4,no,
us:sd:1801590,DeKalb County Central United School District,Indiana,dekalbcentral.net,https://dekalbcentral.net/ -> https://www.dekalbcentral.net/ -> http://dekalbcentral.net/ -> http://www.dekalbcentral.net/ -> https://dekalbcentral.net/index.php?pageID=smartSiteFeed&psqFeed=true&articleID=90314491 -> https://dekalbcentral.net/index.php?pageID=smartSiteFeed&psqFeed=true&articleID=90116094 -> https://dekalbcentral.net/index.php?pageID=smartSiteFeed&psqFeed=true&articleID=90023175 -> https://dekalbcentral.net/site_map -> https://dekalbcentral.net/46865_1 -> https://dekalbcentral.n,,28,yes,https://www.youtube.com/@DeKalbDCCUSD;https://www.youtube.com/embed/YNOx3lJ0_Mg?si=vQkLZO-GvtNvHahr
us:sd:1803720,Lanesville Community School Corporation,Indiana,lanesville.k12.in.us,https://lanesville.k12.in.us/ -> https://www.lanesville.k12.in.us/ -> http://lanesville.k12.in.us/ -> http://www.lanesville.k12.in.us/ -> https://go.boarddocs.com/in/lanesvillecs/Board.nsf/Public -> https://lanesville.k12.in.us/index.php/school-board/ -> https://lanesville.k12.in.us/index.php/school-calendar/ -> https://lanesville.k12.in.us/index.php/our-district/ -> https://lanesville.k12.in.us/index.php/enrollment/ -> https://lanesville.k12.in.us/index.php/bus-routes/ -> https://lanesville.k12,,43,yes,https://www.youtube.com/live/idkC6hCEHA0;https://www.youtube.com/live/E5tLl2QMPT8;https://youtube.com/live/Q4Wd50mgt4g
us:sd:1803300,Elwood Community School Corporation,Indiana,elwood.k12.in.us,https://elwood.k12.in.us/ -> http://elwood.k12.in.us/ -> http://www.elwood.k12.in.us/ -> https://www.elwood.k12.in.us/events/7-24-25-public-board-meeting-livestream/ -> https://go.boarddocs.com/in/elwoodcs/Board.nsf/Public -> https://www.elwood.k12.in.us/ecsc-school-board/ -> https://www.elwood.k12.in.us/ecsc-school-board/board-of-trustees/ -> https://www.elwood.k12.in.us/wp-content/uploads/2026/04/School-Board-Meeting-Dates.docx.pdf -> https://www.elwood.k12.in.us/wp-content/uploads/2026/05/Not,,3,no,
us:sd:1602700,Potlatch School District 285,Idaho,psd285.org,https://psd285.org/ -> http://psd285.org/ -> http://www.psd285.org/ -> https://docs.psd285.org/ -> https://www.psd285.org/index.php?pageID=smartSiteFeed&psqFeed=true&articleID=89514041 -> https://www.psd285.org/index.php?pageID=smartSiteFeed&psqFeed=true&articleID=84881358 -> https://www.psd285.org/index.php?pageID=smartSiteFeed&psqFeed=true&articleID=84596106 -> https://www.psd285.org/district-event-calendar -> https://www.psd285.org/board-of-trustees -> https://www.psd285.org/transcript-reques,,19,no,
us:sd:1809840,Daleville Community Schools,Indiana,daleville.k12.in.us,https://daleville.k12.in.us/ -> http://daleville.k12.in.us/ -> http://www.daleville.k12.in.us/,,4,yes,https://www.youtube.com/channel/UCm9RUXUkwsFQxpeMhdDwx6w
us:sd:1741980,Westmont Community Unit School District 201,Illinois,cusd201.org,https://cusd201.org/ -> http://cusd201.org/ -> http://www.cusd201.org/ -> https://go.boarddocs.com/il/cusd201/Board.nsf/Public -> https://www.cusd201.org/boe/index -> https://www.cusd201.org/boe/school-board-elections -> https://www.cusd201.org/news/1830382/september-22nd-cusd-201-board-of-education-meeting -> https://www.cusd201.org/calendar/9158013/new-school-referendum-informational-meetings -> https://www.cusd201.org/families/continuous-notice-of-nondiscrimination-title-ix -> https://www.cus,https://www.youtube.com/channel/UC0zUmo4bJcyBG4NRvfQGcJg/live;https://www.youtube.com/channel/UC_xsUdkjFhsKHH7CvVNa_-w/live,49,yes,https://www.youtube.com/channel/UC0zUmo4bJcyBG4NRvfQGcJg;https://www.youtube.com/embed/mSfHr6nf1MA?rel=0;https://www.youtube.com/embed/TBGUKA1_R9A?rel=0
us:sd:1802460,Crawfordsville Community Schools,Indiana,cville.k12.in.us,https://cville.k12.in.us/ -> http://cville.k12.in.us/ -> http://www.cville.k12.in.us/ -> https://go.boarddocs.com/in/crawfordsville/Board.nsf/Public?open&id=policies -> https://www.cville.k12.in.us/about-us/school-board -> https://www.cville.k12.in.us/about-us/school-board/board-meetings-live -> https://www.cville.k12.in.us/about-us/school-board/board-meeting-agendas -> https://www.cville.k12.in.us/human-resources/health-insurance/after-hours-access -> https://www.cville.k12.in.us/about-us/schoo,,14,yes,https://www.youtube.com/@CCSCSchoolBoardMeetings
us:sd:1729760,O'Fallon Community Consolidated School District 90,Illinois,of90.net,https://of90.net/ -> http://of90.net/ -> http://www.of90.net/ -> https://agenda.of90.net/ -> https://go.boarddocs.com/il/of90/Board.nsf/Public -> https://www.of90.net/school-board -> https://www.of90.net/school-board/archived-boe-meeting-agendas -> https://www.of90.net/fs/resource-manager/view/bc4ee1f4-8888-4f87-8db3-7c62f7903171 -> https://www.of90.net/fs/resource-manager/view/0d1ea53c-1042-46cb-9395-1c8cc38544e8 -> https://www.of90.net/fs/resource-manager/view/c33dbd43-04a9-4aff-a1de-332266ddc,,16,yes,https://www.youtube.com/channel/UCsHJdAuVHFuy6VuQuY58G4A/
us:sd:1803660,Frankfort Community Schools,Indiana,frankfortschools.org,https://frankfortschools.org/ -> http://frankfortschools.org/ -> http://www.frankfortschools.org/ -> https://www.frankfortschools.org/apps/pages/index.jsp?uREC_ID=813657&type=d&pREC_ID=1199704 -> https://www.frankfortschools.org/apps/events/2026/10/8/50346218/?REC_ID=50346218&id=1 -> https://www.frankfortschools.org/apps/events/2026/10/9/50349019/?REC_ID=50349019&id=1&d=2026-10-9 -> https://www.frankfortschools.org/apps/events/2026/10/20/27103807/?REC_ID=27103807&id=2&d=2026-10-20 -> https://www,,22,yes,https://www.youtube.com/@csf_media
us:sd:1802550,Danville Community School Corporation,Indiana,danville.k12.in.us,https://danville.k12.in.us/ -> http://danville.k12.in.us/ -> http://www.danville.k12.in.us/ -> https://www.danville.k12.in.us/our-district/danville-community-education-foundation/dcef-board -> https://www.danville.k12.in.us/school-board/members -> https://www.danville.k12.in.us/school-board/meetings -> https://www.danville.k12.in.us/fs/pages/1675 -> https://go.boarddocs.com/in/danville/Board.nsf/Public -> https://www.danville.k12.in.us/our-future/videos -> https://www.danville.k12.in.us/our-futu,,130,yes,https://www.youtube.com/channel/UCnmGzOuKgNOmRMp84YnSGbw
us:sd:1809000,East Porter County School Corporation,Indiana,eastporter.k12.in.us,https://eastporter.k12.in.us/ -> http://eastporter.k12.in.us/ -> http://www.eastporter.k12.in.us/ -> https://go.boarddocs.com/in/epcsc/Board.nsf/goto?open&id=CZ5RPY6E6729 -> https://www.eastporter.k12.in.us/page/school-board -> https://www.eastporter.k12.in.us/page/east-porter-county-school-corporation-board-policy -> https://www.youtube.com/@EastPorterYouTube -> https://www.eastporter.k12.in.us/page/agendas-and-minutes,https://www.youtube.com/@EastPorterYouTube,6,yes,https://www.youtube.com/@EastPorterYouTube
us:sd:1807260,Mount Vernon Community School Corporation,Indiana,mvcsc.k12.in.us,https://mvcsc.k12.in.us/ -> https://www.mvcsc.k12.in.us/ -> http://mvcsc.k12.in.us/ -> http://www.mvcsc.k12.in.us/ -> https://mvcsc.k12.in.us/70717_2 -> https://mvcsc.k12.in.us/70755_2 -> https://mvcsc.k12.in.us/calendar -> https://mvcsc.k12.in.us/site_map -> https://mvcsc.k12.in.us/index.php?pageID=login -> https://www.mvcsc.k12.in.us/70717_2 -> https://www.mvcsc.k12.in.us/70755_2 -> https://www.mvcsc.k12.in.us/calendar -> https://www.mvcsc.k12.in.us/site_map -> https://www.mvcsc.k12.in.us/inde,,22,yes,https://www.youtube.com/user/MVCSC1
us:sd:1708400,Consolidated High School District 230,Illinois,d230.org,https://d230.org/ -> http://d230.org/ -> http://www.d230.org/ -> https://video.d230.org/ -> https://go.boarddocs.com/il/d230/Board.nsf/Public -> https://www.d230.org/school-board/meet-the-board -> https://www.d230.org/school-board/board-update -> https://www.d230.org/school-board/school-board-committee-application -> https://www.d230.org/school-board/school-board-elections -> https://www.d230.org/school-board/committees -> https://www.d230.org/about-d230/fine-arts-calendar -> https://www.d230.or,,29,yes,https://www.youtube.com/@D230Communication/videos?view=0&sort=dd&shelf_id=1
us:sd:1803930,Goshen Community Schools,Indiana,goshenschools.org,https://goshenschools.org/ -> https://www.goshenschools.org/ -> http://goshenschools.org/ -> http://www.goshenschools.org/ -> https://go.boarddocs.com/in/goshen/Board.nsf/goto?open&id=B7KLUT57893E -> https://goshenschools.org/our-school-board -> https://goshenschools.org/board-website -> https://goshenschools.org/gcsboardmeetingdates -> https://goshenschools.org/event-calendar -> https://goshenschools.org/events-calendar -> https://goshenschools.org/gjhgispa-calendar -> https://goshenschools.org,,13,yes,https://www.youtube.com/@GoshenCommunitySchools
us:sd:1804170,Griffith Public Schools,Indiana,griffith.k12.in.us,https://griffith.k12.in.us/ -> https://www.griffith.k12.in.us/ -> http://griffith.k12.in.us/ -> http://www.griffith.k12.in.us/ -> https://go.boarddocs.com/in/griffith/Board.nsf/Public -> https://www.griffithps.org/school-board -> https://www.griffithps.org/school-board/school-board-information-policies -> https://www.griffithps.org/school-board/school-board-information-policies/school-board-goals -> https://www.griffithps.org/school-board/school-board-meetings-agenda-information/board-minutes ->,,13,yes,https://www.youtube.com/channel/UCc8Vr_Kfb3TsSgTh00e-SnQ
us:sd:1802520,Culver Community Schools Corporation,Indiana,culver.k12.in.us,https://culver.k12.in.us/ -> http://culver.k12.in.us/ -> http://www.culver.k12.in.us/ -> https://go.boarddocs.com/in/culver/Board.nsf/Public?open&id=policies -> https://www.culver.k12.in.us/school-board/master-agenda -> https://www.youtube.com/@CulverCommunitySchools -> https://www.culver.k12.in.us/contact/board-of-education -> https://www.culver.k12.in.us/school-board/public-notifications -> https://www.culver.k12.in.us/docman-list-view/public-notices/5979-public-hearing-notice-for-september-16,https://www.youtube.com/@CulverCommunitySchools,8,yes,https://www.youtube.com/@CulverCommunitySchools
us:sd:1810470,South Newton School Corporation,Indiana,newton.k12.in.us,https://newton.k12.in.us/ -> http://newton.k12.in.us/ -> http://www.newton.k12.in.us/ -> https://docs.newton.k12.in.us/ -> https://go.boarddocs.com/in/snsc/Board.nsf/Public -> https://www.newton.k12.in.us/page/school-board,,8,no,
us:sd:1806510,Martinsville Schools Metropolitan School District,Indiana,msdofmartinsville.org,https://msdofmartinsville.org/ -> https://www.msdofmartinsville.org/ -> http://msdofmartinsville.org/ -> http://www.msdofmartinsville.org/ -> https://go.boarddocs.com/in/martinmsd/Board.nsf/vpublic?open -> https://msdofmartinsville.org/september-newsletter-20/ -> https://msdofmartinsville.org/september-newsletter-19/ -> https://msdofmartinsville.org/september-newsletter-18/ -> https://msdofmartinsville.org/school-board/ -> https://go.boarddocs.com/in/martinmsd/Board.nsf/goto?open&id=DWUNCC5F43E2,https://www.youtube.com/@msdofmartinsvilleschoolboa9259/streams,1,yes,https://www.youtube.com/@msdofmartinsvilleschoolboa9259/streams
us:sd:1805520,Lakeland School Corporation,Indiana,lakelandlakers.org,https://lakelandlakers.org/ -> http://lakelandlakers.org/ -> http://www.lakelandlakers.org/ -> https://www.lakelandlakers.org/index.php?pageID=smartSiteFeed&psqFeed=true&articleID=88738054 -> https://www.lakelandlakers.org/index.php?pageID=smartSiteFeed&psqFeed=true&articleID=83649363 -> https://www.lakelandlakers.org/index.php?pageID=smartSiteFeed&psqFeed=true&articleID=82964727 -> https://www.lakelandlakers.org/watch-a-board-meeting -> https://www.lakelandlakers.org/421945_2 -> https://www.lak,,5,yes,https://www.youtube.com/@LSC_Board_Meetings;https://www.youtube.com/embed/D9ih5KTbCMs?si=-9XEzXFrkDIt4-6T
us:sd:1807900,North Montgomery Community School Corporation,Indiana,nm.k12.in.us,https://nm.k12.in.us/ -> http://nm.k12.in.us/ -> http://www.nm.k12.in.us/ -> https://go.boarddocs.com/in/nmont/Board.nsf/goto?open&id=D2AJ4R4B62FA -> https://www.nm.k12.in.us/school-board -> https://www.nm.k12.in.us/school-board/board-meeting-schedule -> https://www.nm.k12.in.us/school-board/meeting-information -> https://www.nm.k12.in.us/information/calendars/event-calendar -> https://www.nm.k12.in.us/information/notice-of-nondiscrimination -> https://www.nm.k12.in.us/school-board/members -> ht,,10,yes,https://www.youtube.com/@NMChargerTV/streams;https://www.youtube.com/embed/6WNOuG3sg6o?rel=0
us:sd:1807350,Munster School Town,Indiana,munster.us,https://munster.us/ -> https://www.munster.us/ -> http://munster.us/ -> http://www.munster.us/ -> https://go.boarddocs.com/in/munster/Board.nsf/Public -> https://www.munsterschools.gov/our-district/superintendents-student-advisory-council -> https://www.munsterschools.gov/board-of-trustees -> https://www.munsterschools.gov/board-of-trustees/meet-our-board-members -> https://www.munsterschools.gov/board-of-trustees/guide-to-board-meetings -> https://www.munsterschools.gov/board-of-trustees/board-,,30,yes,https://www.youtube.com/@MunsterTechTeam
us:sd:1811610,Union County-College Corner Joint School District,Indiana,uc.k12.in.us,https://uc.k12.in.us/ -> http://uc.k12.in.us/ -> http://www.uc.k12.in.us/ -> http://go.boarddocs.com/in/uccc/Board.nsf/Public?open&id=policies -> https://www.uc.k12.in.us/school-board-members -> https://www.uc.k12.in.us/school-board-meetings -> https://www.uc.k12.in.us/calendar -> https://www.uc.k12.in.us/ucms-calendar -> https://www.uc.k12.in.us/union-county-middle-school -> https://www.uc.k12.in.us/union-county-high-school,,14,yes,https://www.youtube.com/channel/UCsY0YL1hewaUahtDDo083XQ
us:sd:2004740,Cherryvale Unified School District 447,Kansas,usd447schools.org,https://usd447schools.org/ -> http://usd447schools.org/ -> http://www.usd447schools.org/ -> https://www.usd447schools.org/events,,4,yes,https://www.youtube.com/channel/UCPpRCPcGrj-dGEZbVCphdOw/videos
us:sd:1810950,Spencer-Owen Community Schools,Indiana,socs.k12.in.us,https://socs.k12.in.us/ -> https://www.socs.k12.in.us/ -> http://socs.k12.in.us/ -> http://www.socs.k12.in.us/ -> https://go.boarddocs.com/in/socs/Board.nsf/Public -> https://socs.k12.in.us/site_map -> https://socs.k12.in.us/index.php?pageID=login -> https://www.socs.k12.in.us/site_map -> https://www.socs.k12.in.us/index.php?pageID=login,,5,yes,https://www.youtube.com/@socsschoolboard/streams
us:sd:1811460,Tri-Creek School Corporation,Indiana,tricreek.k12.in.us,https://tricreek.k12.in.us/ -> http://tricreek.k12.in.us/ -> http://www.tricreek.k12.in.us/ -> https://www.tricreek.k12.in.us/board-of-education/index -> https://www.tricreek.k12.in.us/board-of-education/policies-and-meeting-guidelines -> https://www.tricreek.k12.in.us/calendar/9318902/school-town-hall-meeting -> https://www.tricreek.k12.in.us/board-of-education/meeting-schedule-agendas-and-minutes -> https://www.tricreek.k12.in.us/board-of-education -> https://www.tricreek.k12.in.us/calendar ->,,29,no,
us:sd:2007320,Hoisington Unified School District 431,Kansas,usd431.net,https://usd431.net/ -> http://usd431.net/ -> http://www.usd431.net/ -> https://powerschool.usd431.net/teachers/pw.html -> https://powerschool.usd431.net/admin/pw.html,,4,no,
us:sd:1809300,Prairie Heights Community School Corporation,Indiana,ph.k12.in.us,https://ph.k12.in.us/ -> https://www.ph.k12.in.us/ -> http://ph.k12.in.us/ -> http://www.ph.k12.in.us/ -> https://go.boarddocs.com/in/prairieheights/Board.nsf/Public?open&id=policies -> https://ph.k12.in.us/handouts-forms-and-flyers/middle-school-documents/parenting-resources/1061-child-find-procedures -> https://ph.k12.in.us/school-board -> https://ph.k12.in.us/school-board/current-agenda -> https://ph.k12.in.us/school-board/minutes -> https://ph.k12.in.us/faculty/ada-wellness-notice -> https:/,,8,yes,https://www.youtube.com/@BOECamera
us:sd:1809600,Rising Sun-Ohio County Community Schools,Indiana,risingsunschools.com,https://risingsunschools.com/ -> https://www.risingsunschools.com/ -> http://risingsunschools.com/ -> http://www.risingsunschools.com/ -> http://go.boarddocs.com/in/risun/Board.nsf/Public?open&id=policies -> https://www.youtube.com/@RisingSun-OhioCountySchools -> https://registration.powerschool.com/family/gosnap.aspx?action=46493&culture=en -> https://www.risingsun.k12.in.us/document-library-table-view/oces-documents-and-information/2772-pk3-supply-list-2 -> https://www.risingsun.k12.in.us/docu,https://www.youtube.com/@RisingSun-OhioCountySchools,9,yes,https://www.youtube.com/channel/UCEQJjBgrJWObS8RwhWfRYFA/videos?disable_polymer=1
us:sd:1900027,Riverside Community School District,Iowa,riversideschools.org,https://riversideschools.org/ -> http://riversideschools.org/ -> http://www.riversideschools.org/ -> https://www.riversideschools.org/page/board-of-education-members -> https://simbli.eboardsolutions.com/Policy/PolicyListing.aspx?S=100110&ptid=o21emCJslsh7Qzt3mG5tCIsjg== -> https://simbli.eboardsolutions.com/Index.aspx?S=100110 -> https://www.riversideschools.org/page/jmc-access -> https://riversideschools.onlinejmc.com/ -> https://www.kjan.com/kjan-video-network/rstn-riverside-tv/ -> https://ww,,64,yes,https://www.youtube.com/user/KJAN1220AM;https://www.youtube.com/embed/z2gmCiESkSM
us:sd:2005940,Emporia Unified School District 253,Kansas,usd253.org,https://usd253.org/ -> http://usd253.org/ -> http://www.usd253.org/ -> https://go.boarddocs.com/ks/usd253/Board.nsf/files/D22N7E5E7330/$file/USD%20253%20-%20Climate%20Survey%20(1).pdf -> https://www.usd253.org/district/news/post/~board/news/post/news-release-september-10-2026 -> https://www.usd253.org/district/news/post/~board/news/post/news-release-august-13-2026 -> https://www.usd253.org/district/board-of-education -> https://www.usd253.org/district/news/post/~board/news/post/social-media-comm,,8,yes,https://www.youtube.com/channel/UCpNIYzSHtymzl73Qe1CIeUg
us:sd:1904200,Ballard Community School District,Iowa,ballard.k12.ia.us,https://ballard.k12.ia.us/ -> https://www.ballard.k12.ia.us/ -> http://ballard.k12.ia.us/ -> http://www.ballard.k12.ia.us/ -> https://ballard.k12.ia.us/district/board-meeting-schedule/ -> https://simbli.eboardsolutions.com/index.aspx?S=150055#new_tab -> https://ballard.k12.ia.us/district/academic-calendar/ -> https://ballard.k12.ia.us/district/board-policies/ -> https://ballard.k12.ia.us/events,,9,yes,https://www.youtube.com/embed/UUDFcqklqKU?si=k3pxf5gYCKB36JR9?autoplay=1
us:sd:1905070,Bondurant-Farrar Community School District,Iowa,bfschools.org,https://bfschools.org/ -> http://bfschools.org/ -> http://www.bfschools.org/ -> https://www.bfschools.org/departments/communications/newsletter-june2026 -> https://www.bfschools.org/our-district/school-board/overview -> https://simbli.eboardsolutions.com/Policy/PolicyListing.aspx?S=36031916 -> https://go.boarddocs.com/ia/bfcsd/board.nsf/public -> https://www.bfschools.org/our-district/updates -> https://www.bfschools.org/our-district/school-board -> https://www.bfschools.org/families/academic-ca,,54,yes,https://www.youtube.com/@Bondurant-FarrarCSD
us:sd:1906810,Central DeWitt Community School District,Iowa,cd-csd.org,https://cd-csd.org/ -> http://cd-csd.org/ -> http://www.cd-csd.org/ -> https://go.boarddocs.com/ia/central/Board.nsf/Public -> https://www.cd-csd.org/page/board-of-education-members -> https://www.cd-csd.org/page/board-of-education-meeting-records -> https://www.cd-csd.org/page/ekstrand-media-center -> https://www.cd-csd.org/page/cdis-media-center -> https://www.cd-csd.org/page/cdhs-media-center -> https://www.cd-csd.org/page/cdms-and-cdhs-media-center -> https://www.cd-csd.org/o/cdcsd/page/noti,,11,yes,https://www.youtube.com/channel/UCBHEyngG7ReFgrzgOZeby3g
us:sd:2003720,Baldwin City Unified School District 348,Kansas,usd348.com,https://usd348.com/ -> http://usd348.com/ -> http://www.usd348.com/ -> https://docs.usd348.com/ -> http://go.boarddocs.com/ks/usd348/Board.nsf/goto?open&id=CTUKC45129F8 -> https://www.usd348.com/district-information/board-of-education/ -> https://www.usd348.com/district-information/board-of-education/public-participation-guidelines/ -> https://www.youtube.com/playlist?list=PLGASxdYgcYGZlN5LOhGvaYU_Irjx1ZD0p -> https://www.usd348.com/district-information/board-of-education/agendas-minutes-policie,https://www.youtube.com/playlist?list=PLGASxdYgcYGZlN5LOhGvaYU_Irjx1ZD0p,20,yes,https://youtube.com/c/BaldwinCityUSD348
us:sd:1903850,North Union Community School District,Iowa,nuwarriors.org,https://nuwarriors.org/ -> https://www.nuwarriors.org/ -> http://nuwarriors.org/ -> http://www.nuwarriors.org/ -> https://nuwarriors.org/district/north-union-school-district-board/ -> https://nuwarriors.org/district/north-union-school-district-board/north-union-board-policies/ -> https://nuwarriors.org/district/school-board-nk/ -> https://nuwarriors.org/district/north-union-school-district-board/board-agenda-minutes/ -> https://nuwarriors.org/district/north-union-school-district-board/board-agen,,11,yes,https://www.youtube.com/@sai-iowa;https://www.youtube.com/embed/NDHFPT5nJUA?feature=oembed
us:sd:2008550,Bluestem Unified School District 205,Kansas,usd205.com,https://usd205.com/ -> http://usd205.com/ -> http://www.usd205.com/ -> https://www.usd205.com/page/board-members -> https://www.usd205.com/page/board-vacancy-application -> https://www.usd205.com/page/board-policies -> https://www.boarddocs.com/ks/usd205/Board.nsf/Public -> https://go.boarddocs.com/ks/usd205/Board.nsf/javascript/page-title-change.js -> https://www.usd205.com/page/need-a-transcript,,8,yes,https://www.youtube.com/channel/UCFvrmpMTcpYnuwEgtC2TBpg
us:sd:2013020,Jefferson County North Unified School District 339,Kansas,usd339.net,https://usd339.net/ -> http://usd339.net/ -> http://www.usd339.net/ -> https://media.usd339.net/ -> https://go.boarddocs.com/ks/usd339/Board.nsf/,,4,yes,https://www.youtube.com/channel/UCxj-eY2bdtHnv_HZnbOniWw
us:sd:1806390,Marion Community Schools,Indiana,marion.k12.in.us,https://www.marion.k12.in.us/ -> http://www.marion.k12.in.us/ -> https://go.boarddocs.com/in/marioncommunity/Board.nsf/vpublic?open= -> https://www.marion.k12.in.us/apps/pages/index.jsp?uREC_ID=3899363&type=d -> https://www.marion.k12.in.us/apps/pages/index.jsp?uREC_ID=3899363&type=d&pREC_ID=2479726 -> https://www.marion.k12.in.us/apps/pages/index.jsp?uREC_ID=3899363&type=d&pREC_ID=2479730 -> https://www.marion.k12.in.us/apps/pages/index.jsp?uREC_ID=3899363&type=d&pREC_ID=2479758 -> https://www.,,24,yes,https://www.youtube.com/user/MCSCommunications
us:sd:1911790,Forest City Community School District,Iowa,forestcity.k12.ia.us,https://www.forestcity.k12.ia.us/ -> http://www.forestcity.k12.ia.us/ -> https://www.google.com/url?q=https%3A%2F%2Fforestcity.iowaschoolfinance.com%2F&sa=D&sntz=1&usg=AOvVaw0lbYte8iP61T7lHBalwogR -> https://www.forestcity.k12.ia.us/district/achieve-family-portal -> https://www.forestcity.k12.ia.us/district/portrait-of-a-forest-city-learner -> https://www.google.com/url?q=https%3A%2F%2Fcoloffdigital.wistia.com%2Fmedias%2Ftco7ms0kf6&sa=D&sntz=1&usg=AOvVaw08mRr_9py8yWQ4GNIEgTz_ -> https://www.fore,,9,no,
us:sd:2010680,Piper-Kansas City Unified School District 203,Kansas,piperschools.com,https://piperschools.com/ -> http://piperschools.com/ -> http://www.piperschools.com/ -> https://go.boarddocs.com/ks/pusd/Board.nsf/goto?open&id=CVKM6N59BC84 -> https://www.piperschools.com/board-of-education -> https://www.piperschools.com/piper-educational-foundation/about-pef/board-of-directors -> https://www.piperschools.com/welcome/news/charting-the-course -> https://www.piperschools.com/welcome/calendar -> https://www.piperschools.com/site-map,,21,yes,https://www.youtube.com/@PiperUSD203
us:sd:2400270,Charles County Public Schools,Maryland,ccboe.com,https://ccboe.com/ -> http://ccboe.com/ -> http://www.ccboe.com/ -> https://video.ccboe.com/,,4,yes,https://www.youtube.com/user/ccpsmd/videos
us:sd:2104110,Mercer County School District,Kentucky,mercer.kyschools.us,https://mercer.kyschools.us/ -> http://mercer.kyschools.us/ -> http://www.mercer.kyschools.us/ -> https://www.mercer.kyschools.us/district/boardofeducation -> https://www.mercer.kyschools.us/event-tickets -> https://www.mercer.kyschools.us/district-calendar -> https://www.mercer.kyschools.us/site-map,,105,no,
us:sd:2012540,Valley Falls Unified School District 338,Kansas,usd338.com,https://usd338.com/ -> http://usd338.com/ -> http://www.usd338.com/ -> https://www.usd338.com/o/valley-falls-usd-338/browse/63342 -> https://www.usd338.com/page/members -> https://www.usd338.com/o/valley-falls-usd-338/browse/58056 -> https://player.vimeo.com/api/player.js -> https://www.usd338.com/o/valley-falls-usd-338/browse/58515?mode=edit -> https://www.usd338.com/page/site-council -> https://www.usd338.com/article/180378?org=valley-falls-usd-338 -> https://www.usd338.com/page/curriculum-coo,,12,yes,https://www.youtube.com/channel/UCcT4G2ga2GdiFOW0pEA3RQg
us:sd:2508280,Narragansett School District,Massachusetts,nrsd.org,https://nrsd.org/ -> http://nrsd.org/ -> http://www.nrsd.org/ -> https://www.nrsd.org/events,,5,yes,https://www.youtube.com/channel/UCCtv3P1GG6x6iCR1cD0WbHQ
us:sd:1807290,Mount Vernon Metropolitan School District,Indiana,mvschool.org,https://mvschool.org/ -> https://www.mvschool.org/ -> http://mvschool.org/ -> http://www.mvschool.org/ -> https://go.boarddocs.com/in/msdmtvernon/Board.nsf/Public?open&id=policies -> https://www.mvschool.org/fa-information-center/msd-of-mt-vernon-events/i-3-70bp40eoh5i25rahlt4tcppkq0_20261026 -> https://www.mvschool.org/fa-information-center/msd-of-mt-vernon-events/i-2-5ph20esp0vi6nl9793nhliu9qa_20261022 -> https://www.mvschool.org/fa-information-center/msd-of-mt-vernon-events/i-3-7es2o0ug90kja6,,87,yes,https://www.youtube.com/channel/UC8AiQb2KFD1nCmR5rLoHj8Q/videos&sa=D&ust=1577115008169000&usg=AFQjCNE_mdCk3NOBYmOauowNrzBidI3I8w;https://www.youtube.com/live/vQzZ0q4ooSg;https://www.youtube.com/live/_Ht2lO5qvb4;https://www.youtube.com/live/GQXgtvRl_J8
us:sd:2306060,Gorham,Maine,gorhamschools.org,https://gorhamschools.org/ -> http://gorhamschools.org/ -> http://www.gorhamschools.org/ -> https://docs.gorhamschools.org/ -> https://www.gorhamschools.org/page/regular-specialworkshop-meetings-school-year-2025-2026 -> https://www.gorhamschools.org/page/school-board-subcommittees -> https://www.gorhamschools.org/documents/about-us/school-committee/gorham-school-committee-meeting-minutes-%26-agenda/archive/718446 -> https://www.gorhamschools.org/documents/about-us/school-committee/gorham-school-,,10,yes,https://www.youtube.com/@ghs_rams
us:sd:2003360,Andover Unified School District 385,Kansas,usd385.org,https://usd385.org/ -> http://usd385.org/ -> http://www.usd385.org/ -> https://go.boarddocs.com/ks/usd385/Board.nsf -> https://www.usd385.org/school-board -> https://www.usd385.org/school-board/board-members -> https://www.usd385.org/school-board/board-member-district-maps -> https://www.usd385.org/school-board/boe -> https://www.usd385.org/calendar -> https://www.usd385.org/school-board/outstanding-service-awards -> https://www.usd385.org/school-board/outstanding-service-awards/2021-22-award-re,,26,yes,https://www.youtube.com/channel/UCUDA_CGXq8k1ojZz5LijnHA
us:sd:2604830,Benton Harbor Area Schools,Michigan,bhas.org,https://bhas.org/ -> https://www.bhas.org/ -> http://bhas.org/ -> http://www.bhas.org/ -> https://www.bhas.org/documents/district-information/district-calendar/696113,,5,yes,https://www.youtube.com/user/bhastigers
us:sd:2606270,Bloomingdale Public School District,Michigan,bdalecards.com,https://bdalecards.com/ -> https://www.bdalecards.com/ -> http://bdalecards.com/ -> http://www.bdalecards.com/,,4,yes,https://www.youtube.com/@bdalecards49026
us:sd:1910980,English Valleys Community School District,Iowa,evbears.com,https://evbears.com/ -> http://evbears.com/ -> http://www.evbears.com/ -> https://www.evbears.com/board-of-education.html -> https://www.evbears.com/policies.html -> https://www.evbears.com/agendas.html -> https://www.evbears.com/minutes.html -> https://www.evbears.com/district-calendar.html -> https://www.evbears.com/athletic-calendar.html -> https://www.evbears.com/evc-fitness-center.html -> https://www.evbears.com/why-ev.html -> https://www.evbears.com/administration.html -> https://www.evbea,,7,no,
us:sd:2009960,Newton Unified School District 373,Kansas,usd373.org,https://usd373.org/ -> http://usd373.org/ -> http://www.usd373.org/ -> https://video.usd373.org/ -> https://go.boarddocs.com/ks/usd373/Board.nsf/Public -> https://www.usd373.org/about/boe -> https://www.usd373.org/about/calendars/all-schools-event-calendar -> https://www.usd373.org/portal -> https://newtonks.infinitecampus.org/campus/portal/portal/students/newton.jsp -> https://newtonks.infinitecampus.org/campus/portal/portal/parents/newton.jsp -> https://www.usd373.org/families/infinite-campus-,,14,yes,https://www.youtube.com/@NewtonSchoolsKS
us:sd:2509870,Quincy School District,Massachusetts,quincypublicschools.com,https://quincypublicschools.com/ -> http://quincypublicschools.com/ -> http://www.quincypublicschools.com/ -> https://www.quincypublicschools.com/school_committee/agendas_and_minutes/2026-2027/december_9__2026_school_committee_meeting -> https://www.quincypublicschools.com/school_committee/agendas_and_minutes/2026-2027/november_18__2026_school_committee_meeting -> https://www.quincypublicschools.com/school_committee/agendas_and_minutes/2026-2027/october_28__2026_school_committee_meeting -> https,,55,yes,https://www.youtube.com/@QuincyPS;https://www.youtube.com/embed/q-u6jfIXRrA?si=Q3cerBNhRoDYrSeP;https://www.youtube.com/embed/fuIY3k869hg?si=ZSYF8myhKsvuze9y;https://www.youtube.com/embed/I8CIcA33nHw?si=z3XJcmV0kRUTbCE5
us:sd:2011880,St. Francis Community Schools Unified School District 297,Kansas,usd297.org,https://www.usd297.org/ -> http://www.usd297.org/ -> https://www.usd297.org/vnews/display.v/SEC/Board%20of%20Education -> https://www.usd297.org/vnews/display.v/SEC/Board%20of%20Education%7CAgenda -> https://www.usd297.org/vnews/display.v/SEC/District%7CBoard%20Of%20Education%20Members -> https://www.usd297.org/vnews/display.v/SEC/Board%20of%20Education%7CMinutes -> https://www.usd297.org/vnews/display.v/ART/6abc0e9c1bbe6 -> https://www.usd297.org/vnews/display.v/ART/645bedb278fcb -> https://www,,3,no,
us:sd:2602730,Alpena Public Schools,Michigan,alpenaschools.com,https://alpenaschools.com/ -> https://www.alpenaschools.com/ -> http://alpenaschools.com/ -> http://www.alpenaschools.com/,,15,yes,https://youtu.be/kGiiXlpL5Ak;https://youtu.be/bDBpR06aqNI
us:sd:2601890,Adams Township School District,Michigan,adams.k12.mi.us,https://adams.k12.mi.us/ -> https://www.adams.k12.mi.us/ -> http://adams.k12.mi.us/ -> http://www.adams.k12.mi.us/ -> https://go.boarddocs.com/mi/adams/Board.nsf/Public?open&id=policies -> https://adamstownshipschools.org/district-board.php -> https://adamstownshipschools.org/docs/transcript_request.pdf -> https://adamstownshipschools.org/docs/school_calendar_elementary.pdf -> https://adamstownshipschools.org/docs/school_calendar.pdf -> https://adamstownshipschools.org/calendar.php -> https://ad,,12,no,
us:sd:2005820,Ellinwood Public Schools Unified School District 355,Kansas,usd355.org,https://usd355.org/ -> https://www.usd355.org/ -> http://usd355.org/ -> http://www.usd355.org/ -> https://usd355.org/district/board-of-education -> https://usd355.org/district/board-of-education/board-members -> https://usd355.org/district/board-of-education/scheduled-meeting-dates -> https://usd355.org/district/board-of-education/board-committees -> https://usd355.org/district/district-social-media-official-pages -> https://usd355.org/activities/event-programs -> https://usd355.org/district/dis,,30,yes,https://www.youtube.com/user/ELLINWOOD355;https://www.youtube.com/embed/n-w09UEGNJM?embed_config=%7B%22enc%22:%22AXH1ezlcP1gWZFhygHJCGE8XsHQU5Q0AQXk8ayYs5TqOGoxmVKxRjkME2W-PEjoJsPDHsMJjWOdAGw959sOLOUQ5MpKgzyHtDvcEMR2hP4ELwmFUk_a4FUPcbabDfJbWrKPsYxpFfiCBn8ulSjWSdG-S4KHdgTRFyzRVSh1PaNKbU1MZ%22%7D&enab
us:sd:2502940,Braintree School District,Massachusetts,braintreeschools.org,https://braintreeschools.org/ -> http://braintreeschools.org/ -> http://www.braintreeschools.org/ -> https://www.braintreeschools.org/district/about-us/school-council -> https://www.braintreeschools.org/schools/elementary-k/ross-elementary -> https://www.braintreeschools.org/schools/elementary-k/ross-elementary/students -> https://www.braintreeschools.org/schools/elementary-k/ross-elementary/students/drop-off-pick-up -> https://www.braintreeschools.org/schools/elementary-k/ross-elementary/about-,,6,yes,https://www.youtube.com/embed/4IRzINwVBxM?embed_config=%7B%22enc%22:%22AXH1eznFTWnvzAEJWflr-49wTSst7gsDfWCdEHitwfjM3HEsEsCU6sq6XlACDSXwE9PoSfxnjriYMYoSJYFx_O81pPBQ7sXLmyrBSN47oHqOLTg3oSm9bx1mli0NR37OjHcgKSe0FaVybpZaYOnmEENsYB5GRi2m26MrjtObs3SG1nfE%22%7D&enablejsapi=1&errorlinks=1&origin=https://www.
us:sd:2600014,Ewen-Trout Creek Consolidated Schools,Michigan,etc.k12.mi.us,https://etc.k12.mi.us/ -> http://etc.k12.mi.us/ -> http://www.etc.k12.mi.us/ -> https://docs.etc.k12.mi.us/ -> https://www.etc.k12.mi.us/administration/ -> https://www.etc.k12.mi.us/wp-content/uploads/2026/07/E-TC_2026-2027_Visual_Calendar-1.pdf -> https://www.etc.k12.mi.us/wp-content/uploads/2026/07/E-TC_2026-2027_Written_Calendar.pdf -> https://www.etc.k12.mi.us/school-events/,,5,yes,https://www.youtube.com/embed/g1oNilacagc
us:sd:2603870,Bangor Public Schools,Michigan,bangorvikings.org,https://bangorvikings.org/ -> http://bangorvikings.org/ -> http://www.bangorvikings.org/ -> https://docs.bangorvikings.org/ -> https://go.boarddocs.com/mi/bps/Board.nsf/Public -> https://www.bangorvikings.org/page/call-for-board-of-education-meetings -> https://meetings.keystoneagenda.com/Public/Organization/4134 -> https://meetings.keystoneagenda.com/Public/Agenda/4134?meeting=754642 -> https://meetings.keystoneagenda.com/Public/Agenda/4134?meeting=754644 -> https://meetings.keystoneagenda.com/,,5,yes,https://www.youtube.com/@bangorvikingvideos
us:sd:2615450,Galesburg-Augusta Community School District,Michigan,g-aschools.org,https://g-aschools.org/ -> http://g-aschools.org/ -> http://www.g-aschools.org/ -> https://www.g-aschools.org/page/board-of-education,,5,yes,https://www.youtube.com/channel/UCjHnAIobbx183dYDWyEyFsg
us:sd:2612990,Edwardsburg Public Schools,Michigan,edwardsburgpublicschools.org,https://edwardsburgpublicschools.org/ -> http://edwardsburgpublicschools.org/ -> http://www.edwardsburgpublicschools.org/,,4,no,
us:sd:2507440,Mashpee School District,Massachusetts,mpspk12.org,https://mpspk12.org/ -> http://mpspk12.org/ -> http://www.mpspk12.org/ -> https://docs.mpspk12.org/ -> https://www.mpspk12.org/apps/news/article/2228768?categoryId=25632 -> https://www.mpspk12.org/apps/news/article/2222185?categoryId=25632 -> https://www.mpspk12.org/apps/news/article/2215844?categoryId=25632 -> https://www.mpspk12.org/apps/events/2026/9/29/51233737/?REC_ID=51233737&id=0 -> https://www.mpspk12.org/apps/events/2026/9/29/51233737/ics -> https://www.mpspk12.org/apps/events/?id=0 -> ,,21,yes,https://www.youtube.com/c/MashpeeFalconMedia
us:sd:2602670,Almont Community Schools,Michigan,almontschools.org,https://almontschools.org/ -> http://almontschools.org/ -> http://www.almontschools.org/ -> https://www.almontschools.org/news/what_s_new/new_entrance_procedure -> https://www.almontschools.org/news/what_s_new/superintendent_introduction -> https://www.almontschools.org/news/what_s_new/community_meeting_video -> https://www.almontschools.org/schools/orchard_primary/watch_dogs -> https://www.almontschools.org/schools/middle_school/watch_dogs -> https://www.almontschools.org/board -> https://www.a,,3,yes,https://www.youtube.com/@ACSBOEMeeting/streams
us:sd:2617160,Greenville Public Schools,Michigan,gpsjackets.org,https://gpsjackets.org/ -> http://gpsjackets.org/ -> http://www.gpsjackets.org/,,4,yes,https://www.youtube.com/channel/UCLgeHVWXXiBlcrhUgVQHntQ
us:sd:2501890,Amherst School District,Massachusetts,arps.org,https://arps.org/ -> http://arps.org/ -> http://www.arps.org/ -> https://go.boarddocs.com/ma/arps/Board.nsf/goto?open&id=C6HPPY64AE87 -> https://www.arps.org/fs/pages/2045 -> https://www.arps.org/community/social-media -> https://www.arps.org/district-calendar -> https://www.arps.org/about-us/school-committees -> https://powerschool.arps.org/teachers/pw.html -> https://www.arps.org/news/~board/arps-district-news/post/amherst-pelham-regional-schools-awarded-24000-school-water-improvement-grant ->,,19,yes,https://youtube.com/@arpstubechannel806?si=Pxewrcw7LAU4NTSQ
us:sd:2608040,Caro Community Schools,Michigan,carok12.org,https://carok12.org/ -> https://www.carok12.org/ -> http://carok12.org/ -> http://www.carok12.org/ -> https://www.carok12.org/our-district/board-of-education/ -> https://www.carok12.org/our-district/board-of-education/minutes/ -> https://caro-cdn.fxbrt.com/downloads/boe/minutes_1.6.2026_-_signed.pdf -> https://caro-cdn.fxbrt.com/downloads/boe/minutes_1.13.2025.pdf -> https://caro-cdn.fxbrt.com/downloads/boe/minutes_4.24.24_-_signed.pdf -> https://www.carok12.org/our-district/school-calendar/ -> ,,14,no,
us:sd:2617400,Hamilton Community Schools,Michigan,hamiltonschools.us,https://hamiltonschools.us/ -> http://hamiltonschools.us/ -> http://www.hamiltonschools.us/ -> https://www.hamiltonschools.us/page/board-of-education -> https://www.hamiltonschools.us/documents/our-district/school-calendar/28191670,,6,yes,https://www.youtube.com/@hamiltoncommunityschoolsmi;https://www.youtube-nocookie.com/embed/nA1-0q4pza0?autohide=0&enablejsapi=1&playerapiid=5091&modestbranding=1&rel=0&origin=https://jobs.cdc.gov?autohide=0&enablejsapi=1&playerapiid=5091&modestbranding=1&rel=0&origin=https://jobs.cdc.gov&theme=light
us:sd:2607620,Caledonia Community Schools,Michigan,calschools.org,https://calschools.org/ -> https://www.calschools.org/ -> http://calschools.org/ -> http://www.calschools.org/ -> https://www.calschools.org/our-district/board-of-education/ -> https://www.calschools.org/staff-portal/ -> https://www.calschools.org/administrator-portal/ -> https://www.calschools.org/staff-portal/communications/ -> https://www.calschools.org/staff-portal/emergency-operations/ -> https://www.calschools.org/our-district/district-calendar/ -> https://www.calschools.org/resources/cale,,20,yes,https://www.youtube.com/channel/UC4Cunt-uonL6nRU6o9gBKRg;https://www.youtube.com/embed/BUQKYf3nCM8
us:sd:2612030,Dexter Community School District,Michigan,dexterschools.org,https://dexterschools.org/ -> http://dexterschools.org/ -> http://www.dexterschools.org/ -> https://docs.dexterschools.org/ -> https://www.dexterschools.org/district/board-of-education -> https://www.dexterschools.org/district/board-of-education/meetings -> https://www.dexterschools.org/district/board-of-education/meetings/archived-packets -> https://www.dexterschools.org/district/board-of-education/board-bios -> https://www.dexterschools.org/district/calendar -> https://www.dexterschools.org/di,,25,yes,https://www.youtube.com/@dextercommunityschools;https://www.youtube.com/embed/8J1w3BtVmng?si=k0YKnPhzJvgjs-ZW;https://www.youtube.com/embed/n3b3A0R4VUE?si=E9Yux4pghhjbJzN9;https://www.youtube.com/embed/kJUKETaBGqA?si=N_aSBlASiOJhxwn1
us:sd:2614760,Frankenmuth School District,Michigan,fmuthschools.com,https://fmuthschools.com/ -> http://fmuthschools.com/ -> http://www.fmuthschools.com/ -> https://www.fmuthschools.com/page/meet-the-board -> https://www.nfhsnetwork.com/schools/frankenmuth-high-school-frankenmuth-mi -> https://www.nfhsnetwork.com/events/frankenmuth-high-school-frankenmuth-mi/gam492f6269d7 -> https://www.nfhsnetwork.com/events/frankenmuth-high-school-frankenmuth-mi/gam6271c41520 -> https://www.nfhsnetwork.com/events/summit-academy-north-high-school-romulus-mi/gamffff5e59fb -> htt,,13,no,
us:sd:2612600,East Lansing School District,Michigan,elps.us,https://elps.us/ -> https://www.elps.us/ -> http://elps.us/ -> http://www.elps.us/ -> https://elps.us/our-district/board-of-education/ -> https://elps.us/our-district/board-of-education/board-meeting-schedule/ -> https://elps.us/our-district/board-of-education/board-resolutions/ -> https://elps.us/our-district/elps-television/ -> https://elps.us/our-district/board-of-education/board-book/ -> https://meetings.boardbook.org/Public/Agenda/1629?meeting=769118 -> https://meetings.boardbook.org/Public,,1,yes,https://www.youtube.com/@eastlansingps
us:sd:2616410,Grand Ledge Public Schools,Michigan,glcomets.net,https://glcomets.net/ -> http://glcomets.net/ -> http://www.glcomets.net/ -> https://video.glcomets.net/ -> https://go.boarddocs.com/mi/glp/Board.nsf/goto?open&id=CZXNQT60B931 -> https://www.glcomets.net/boardofeducation/ -> https://www.glcomets.net/boardofeducation/board-policies/ -> https://www.glcomets.net/boardofeducation/live-stream-board-meetings/ -> https://www.glcomets.net/boardofeducation/meeting-noticesagendasminutes/ -> https://www.glcomets.net/boardofeducation/prior-year-meeting-minu,https://www.youtube.com/@GLPS21,102,yes,https://www.youtube.com/channel/UCkjZHyosK6-aixZG0DaNgnw
us:sd:2616830,Grass Lake Community Schools,Michigan,grasslakeschools.com,https://grasslakeschools.com/ -> http://grasslakeschools.com/ -> http://www.grasslakeschools.com/ -> https://go.boarddocs.com/mi/glps/Board.nsf/Public?open&id=policies -> https://www.grasslakeschools.com/board-of-education/index -> https://www.grasslakeschools.com/calendar/9175556/october-board-of-education-meeting -> https://www.grasslakeschools.com/community/local-government -> https://www.grasslakeschools.com/about-us/index -> https://www.grasslakeschools.com/district-information/index -> htt,,5,no,
us:sd:2620310,Kent City Community Schools,Michigan,kentcityschools.org,https://kentcityschools.org/ -> http://kentcityschools.org/ -> http://www.kentcityschools.org/ -> https://www.kentcityschools.org/district/board-of-education/ -> https://www.kentcityschools.org/district/board-of-education/board-minutesbriefs/ -> https://kentcityschools-cdn.fxbrt.com/downloads/district/board_agenda_7-13-26_website.pdf -> https://kentcityschools-cdn.fxbrt.com/downloads/district/proposed_minutes_7-13-26.pdf -> https://kentcityschools-cdn.fxbrt.com/downloads/district/board_agenda_8-,,7,yes,https://www.youtube.com/embed/eTw7CGuOEBw?autoplay=1&mute=1&loop=1&playlist=eTw7CGuOEBw
us:sd:2623460,Melvindale-North Allen Park School District,Michigan,melnapschools.com,https://melnapschools.com/ -> http://melnapschools.com/ -> http://www.melnapschools.com/ -> https://docs.melnapschools.com/ -> https://www.youtube.com/channel/UCWwymbMMZHqSMVxXMJooSGA -> https://www.melnapschools.com/our-district/board-of-education/ -> https://www.melnapschools.com/our-district/board-of-education/meeting-schedule/ -> https://www.melnapschools.com/staff-quicklinks/e-employee-access/ -> https://www.melnapschools.com/our-district/district-calendar/ -> https://www.melnapschools.com/,https://www.youtube.com/channel/UCWwymbMMZHqSMVxXMJooSGA,51,yes,https://www.youtube.com/channel/UCWwymbMMZHqSMVxXMJooSGA
us:sd:2618330,Highland Park City Schools,Michigan,resa.net,https://resa.net/ -> http://resa.net/ -> http://www.resa.net/ -> https://docs.resa.net/ -> https://www.resa.net/about/board-of-education/ -> https://www.resa.net/about/school-safety-and-mental-health-commission/ -> https://www.resa.net/staff-portal/ -> https://www.resa.net/professional-development/events-calendar/ -> https://www.resa.net/about/board-of-education/board-meeting-schedule/ -> https://www.resa.net/about/board-of-education/highlights-and-minutes/ -> https://www.resa.net/downloads/boar,,5,yes,https://www.youtube.com/embed/U7ilm0qF5Ho?rel=0&cc_load_policy=1&cc_lang_pref=en
us:sd:2618030,Hazel Park City School District,Michigan,hazelparkschools.org,https://hazelparkschools.org/ -> http://hazelparkschools.org/ -> http://www.hazelparkschools.org/ -> https://www.hazelparkschools.org/departments/athletics/athletic-booster-club-enrollment/ -> https://www.hazelparkschools.org/board-of-education/ -> https://www.hazelparkschools.org/board-of-education/board-of-education-trustees/ -> https://www.hazelparkschools.org/our-district/hps-tv/ -> https://www.hazelparkschools.org/board-of-education/board-meeting-videos/ -> https://www.hazelparkschools.org/,,21,yes,https://www.youtube.com/channel/UCoHf0u9r0rY-LelaXDRssXg
us:sd:2608670,Centreville Public Schools,Michigan,cpschools.org,https://cpschools.org/ -> http://cpschools.org/ -> http://www.cpschools.org/ -> https://video.cpschools.org/ -> https://go.boarddocs.com/mi/centers/Board.nsf/Public -> https://www.cpschools.org/about-us/board-of-education -> https://www.cpschools.org/about-us/board-of-education/board-committees -> https://www.cpschools.org/about-us/board-of-education/board-agendas-minutes -> https://www.cpschools.org/about-us/board-of-education/board-calendar -> https://www.cpschools.org/family-resources/forms/t,,21,yes,http://www.youtube.com/@centrevillebulldogs
us:sd:2621150,Lansing Public School District,Michigan,lansingschools.net,https://lansingschools.net/ -> http://lansingschools.net/ -> http://www.lansingschools.net/ -> https://www.youtube.com/channel/UC7hNurVND8eyOi8GfnHwZiQ -> https://www.lansingschools.net/board-of-education/ -> https://www.lansingschools.net/academic-choices/bilingual-education/bilingual-online-resource-center/ -> https://www.lansingschools.net/quick-links/employee-access-center-eac/ -> https://www.lansingschools.net/downloads/bilingual_education/cultural_calendar.pdf -> https://www.lansingschools,https://www.youtube.com/channel/UC7hNurVND8eyOi8GfnHwZiQ,15,yes,https://www.youtube.com/channel/UC7hNurVND8eyOi8GfnHwZiQ;https://www.youtube.com/embed/9FpGSCXjFnM
us:sd:2630930,Saranac Community Schools,Michigan,saranac.k12.mi.us,https://saranac.k12.mi.us/ -> http://saranac.k12.mi.us/ -> http://www.saranac.k12.mi.us/ -> https://www.saranac.k12.mi.us/events,,5,yes,https://www.youtube.com/@saranacredhawks
us:sd:2625800,North Muskegon Public Schools,Michigan,nmps.net,https://nmps.net/ -> http://nmps.net/ -> http://www.nmps.net/ -> https://docs.nmps.net/ -> http://go.boarddocs.com/mi/nmus/Board.nsf/goto?open&id=BBC5RT6E4974 -> https://www.nmps.net/our-district/school-board/,,8,yes,https://www.youtube.com/@NorseNetwork
us:sd:2620340,Kentwood Public Schools,Michigan,kentwoodps.org,https://kentwoodps.org/ -> http://kentwoodps.org/ -> http://www.kentwoodps.org/ -> https://docs.kentwoodps.org/ -> https://www.kentwoodps.org/ourdistrict/boardofeducation/ -> https://www.kentwoodps.org/ourdistrict/boardofeducation/boeminutes/ -> https://www.kentwoodps.org/ourdistrict/boardofeducation/boeminutes/2024-boe-agendas/ -> https://www.kentwoodps.org/ourdistrict/boardofeducation/boeminutes/board-minutes-2025/ -> https://www.kentwoodps.org/ourdistrict/boardofeducation/boeminutes/2024-boe-,,27,yes,https://youtu.be/CCd0k822Cxo;https://www.youtube.com/embed/aWuCR2H3URM;https://www.youtube.com/embed/bid4vdHugvU
us:sd:2626760,Orchard View Schools,Michigan,orchardview.org,https://orchardview.org/ -> http://orchardview.org/ -> http://www.orchardview.org/ -> https://www.orchardview.org/our-district/board-of-education/ -> https://www.orchardview.org/our-district/board-of-education/archived-board-of-education-minutes/ -> https://www.orchardview.org/about-us/district-calendar/ -> https://www.orchardview.org/about-us/district-calendar/district-calendar---year-view/ -> https://www.orchardview.org/community/community-partners/innovative-learning-center/ -> https://www.or,,7,yes,https://www.youtube.com/embed/S_bOA5e8bU0
us:sd:2700162,Lake Park Audubon School District,Minnesota,lakeparkaudubon.com,https://lakeparkaudubon.com/ -> http://lakeparkaudubon.com/ -> http://www.lakeparkaudubon.com/ -> https://www.lakeparkaudubon.com/page/school-board -> https://www.lakeparkaudubon.com/events,,1,yes,https://www.youtube.com/@lakeparkaudubonschools7253/streams
us:sd:2633840,Three Rivers Community Schools,Michigan,trschools.org,https://trschools.org/ -> http://trschools.org/ -> http://www.trschools.org/ -> https://video.trschools.org/ -> https://www.trschools.org/our-district/board-of-education/ -> https://www.trschools.org/our-district/board-of-education/board-committees/ -> https://www.trschools.org/our-district/board-of-education/board-youtube-page/ -> https://www.trschools.org/community/transcript-requests/ -> https://www.trschools.org/resources/transcript-requests/ -> https://www.trschools.org/our-district/distric,,7,no,
us:sd:2630090,Romeo Community Schools,Michigan,romeok12.org,https://romeok12.org/ -> https://www.romeok12.org/ -> http://romeok12.org/ -> http://www.romeok12.org/ -> https://romeok12.org/board-of-eductation/ -> https://romeok12.org/board-of-eductation/notice-of-meeting-dates/ -> https://romeok12.org/board-of-eductation/board-meeting-agendas-and-minutes/ -> https://romeok12.org/board-of-eductation/board-subcommittee-members-and-meetings/ -> https://romeok12.org/parent-portal/ -> https://romeok12.org/district-calendar/ -> https://romeok12.org/board-of-educ,,17,yes,https://www.youtube.com/embed/DcbESWg-sm8
us:sd:2632370,Sparta Area Schools,Michigan,spartaschools.org,https://spartaschools.org/ -> http://spartaschools.org/ -> http://www.spartaschools.org/ -> https://www.spartaschools.org/about/departments/boardofeducation/ -> https://www.spartaschools.org/student-resources/kisd-student-job-board/ -> https://www.spartaschools.org/about/specialeducation/child-find-notice/ -> https://www.spartaschools.org/about/social-media-standards/ -> https://www.spartaschools.org/student-resources/transcript-request/ -> https://www.spartaschools.org/parent-resources/powersch,,7,yes,https://www.youtube.com/embed/mQzuyahKiU4?loop=1&playlist=mQzuyahKiU4
us:sd:2733870,St. Peter Public School District,Minnesota,stpeterschools.org,https://stpeterschools.org/ -> http://stpeterschools.org/ -> http://www.stpeterschools.org/,,4,yes,https://www.youtube.com/channel/UCU4m7iKRgPnkoZYVGZUyIGw/streams
us:sd:2704050,Belle Plaine Public School District,Minnesota,isd716.org,https://isd716.org/ -> http://isd716.org/ -> http://www.isd716.org/ -> https://www.isd716.org/school-board,,5,yes,https://www.youtube.com/@BellePlaineTigerTV/streams
us:sd:2629370,Ravenna Public Schools,Michigan,ravennaschools.org,https://ravennaschools.org/ -> http://ravennaschools.org/ -> http://www.ravennaschools.org/ -> https://docs.ravennaschools.org/ -> https://www.ravennaschools.org/ourdistrict/boardofeducation/ -> https://www.ravennaschools.org/ourdistrict/agendas-and-meetings/ -> https://ravennaschools-cdn.fxbrt.com/downloads/boe_meeting_notices/1_boe_organizational_meeting_agenda_7-13-2026.pdf -> https://ravennaschools-cdn.fxbrt.com/downloads/boe_meeting_notices/2026_07.13_organizational_meeting_minutes_signed.p,,7,no,
us:sd:2700001,Mountain Iron-Buhl School District,Minnesota,mib.k12.mn.us,"https://mib.k12.mn.us/ -> http://mib.k12.mn.us/ -> http://www.mib.k12.mn.us/ -> https://www.mib.k12.mn.us/page/4531 -> https://www.mib.k12.mn.us/page/4782 -> https://www.mib.k12.mn.us/page/4551 -> https://www.mib.k12.mn.us/page/4548 -> https://www.mib.k12.mn.us/page/5039/mn -> https://www.mib.k12.mn.us/page/4533 -> https://rst6-livesite.rschooltoday.com/sites/mib.k12.mn.us/files/files/Private_User/cmaschka/Agenda July 25,2022.pdf -> https://rst6-livesite.rschooltoday.com/sites/mib.k12.mn.us/file",,11,no,
us:sd:2740920,Verndale Public School District,Minnesota,verndaleschool.org,https://verndaleschool.org/ -> https://www.verndaleschool.org/ -> http://verndaleschool.org/ -> http://www.verndaleschool.org/ -> https://www.verndaleschool.org/schoolboard -> https://www.verndaleschool.org/channels -> https://www.verndaleschool.org/sys/calendar/searchlinks/5decae6aa6d343799022e309445aadfb/Calendar,,9,yes,https://www.youtube.com/embed/MsS0ZRPlELQ?si=VdzJQeTLU_5WMTjB
us:sd:2636330,Whitmore Lake Public Schools,Michigan,wlps.net,https://wlps.net/ -> https://www.wlps.net/ -> http://wlps.net/ -> http://www.wlps.net/ -> https://www.wlps.net/board-members -> https://www.wlps.net/transparency-reporting -> https://www.wlps.net/board-books -> https://www.wlps.net/board-minutes -> https://www.wlps.net/rails/active_storage/blobs/redirect/eyJfcmFpbHMiOnsiZGF0YSI6NTk4LCJwdXIiOiJibG9iX2lkIn19--22c9e27929641504d1166004cc9c1b10c1775a69/5-13-19-Special-Meeting-Minutes-Approved.pdf -> https://www.wlps.net/board-committees -> https://ww,,12,yes,https://www.youtube.com/embed/ICtFrlXI-gY;https://www.youtube.com/embed/8lzt7KFX1nU
us:sd:2916230,Jefferson County R-VII School District,Missouri,jr7.k12.mo.us,https://jr7.k12.mo.us/ -> http://jr7.k12.mo.us/ -> http://www.jr7.k12.mo.us/,,4,yes,https://www.youtube.com/channel/UCr94uZ8RsURsKB9W7PxQWWw
us:sd:2804170,Stone County School District,Mississippi,stoneschools.org,https://stoneschools.org/ -> http://stoneschools.org/ -> http://www.stoneschools.org/ -> https://www.stoneschools.org/about/school-board -> https://www.stoneschools.org/news/special-called-board-meeting-6 -> https://www.stoneschools.org/news/special-called-board-meeting-5 -> https://www.stoneschools.org/news/special-called-meetings -> https://www.stoneschools.org/scsd-district-calendar,,14,no,
us:sd:2632250,South Lyon Community Schools,Michigan,slcs.us,https://slcs.us/ -> http://slcs.us/ -> http://www.slcs.us/ -> https://www.slcs.us/board_of_education/index.php -> https://www.slcs.us/board_of_education/board_members/index.php -> https://www.slcs.us/board_of_education/slcs_board_policies.php -> https://www.slcs.us/board_of_education/archived_board_of_education/index.php -> https://www.slcs.us/board_of_education/archived_board_of_education/board_of_education/index.php -> https://www.slcs.us/board_of_education/archived_board_of_education/board_of,,48,yes,https://www.youtube.com/channel/UCIx7MmjwXfSx7nC0kVZYb_Q
us:sd:2913290,Green Ridge R-VIII School District,Missouri,grtigers.net,https://grtigers.net/ -> http://grtigers.net/ -> http://www.grtigers.net/ -> https://www.grtigers.net/events,,5,yes,https://www.youtube.com/channel/UCrc-H1AhZyJg7Pwr0Bt1Drg/featured
us:sd:2922890,Northwest R-I School District,Missouri,northwestschools.net,https://northwestschools.net/ -> http://northwestschools.net/ -> http://www.northwestschools.net/ -> https://www.northwestschools.net/events,,5,yes,https://www.youtube.com/channel/UCaPzaotMCp0Q7bMZ-nXO3kg
us:sd:2802430,Lauderdale County School District,Mississippi,lauderdale.k12.ms.us,https://lauderdale.k12.ms.us/ -> http://lauderdale.k12.ms.us/ -> http://www.lauderdale.k12.ms.us/ -> https://www.lauderdale.k12.ms.us/apps/pages/index.jsp?uREC_ID=1543365&type=d -> https://www.lauderdale.k12.ms.us/apps/pages/index.jsp?uREC_ID=1575411&type=d&pREC_ID=2708280 -> https://www.lauderdale.k12.ms.us/apps/events/2026/10/12/45470807/?REC_ID=45470807&id=0 -> https://www.lauderdale.k12.ms.us/apps/pages/index.jsp?uREC_ID=1541197&type=d&pREC_ID=1670246 -> https://www.lauderdale.k12.ms.us/apps,,69,yes,https://www.youtube.com/channel/UChBGQZ1aYF9ePg4tYJTbkOA;https://www.youtube.com/embed/HTucyZDVw38?si=Zs6VmCDe-zRhgHL4;https://www.youtube.com/embed/tvxmtZbG4Ys
us:sd:2721390,Monticello Public School District,Minnesota,monticello.k12.mn.us,https://monticello.k12.mn.us/ -> http://monticello.k12.mn.us/ -> http://www.monticello.k12.mn.us/ -> https://www.monticello.k12.mn.us/departments/communications/882-productions/programs/school-board-meetings -> https://www.monticello.k12.mn.us/school-board -> https://www.monticello.k12.mn.us/departments/communications/feature-stories -> https://www.monticello.k12.mn.us/fs/resource-manager/view/549f2de8-4042-496e-90da-6c1b84e8481a -> https://www.monticello.k12.mn.us/families/parent-guardian-porta,,29,yes,https://www.youtube.com/@MonticelloPublicSchools882;https://www.youtube.com/embed/nugP8fgIJyo?si=nLz-ecdXD8WASbxt
us:sd:2803300,Noxubee County School District,Mississippi,ourncsd.org,https://ourncsd.org/ -> http://ourncsd.org/ -> http://www.ourncsd.org/ -> https://www.ourncsd.org/boe/index -> https://www.ourncsd.org/boe/school-board-meeting-dates -> https://www.ourncsd.org/family-community-engagement/index -> https://898.tv/69gik84 -> https://www.ourncsd.org/calendar -> https://www.ourncsd.org/about/index -> https://www.ourncsd.org/business-office/index -> https://www.ourncsd.org/central-office/index -> https://www.ourncsd.org/early-learning-collaborative/index -> https://ww,,18,no,
us:sd:2803660,Pontotoc County Schools,Mississippi,pcsd.ms,https://pcsd.ms/ -> http://pcsd.ms/ -> http://www.pcsd.ms/ -> https://agenda.pcsd.ms/ -> https://www.pcsd.ms/calendar/9121132/exams -> https://www.pcsd.ms/calendar/9121143/thanksgiving-holidays -> https://www.pcsd.ms/calendar/9121144/fall-break-teachers -> https://www.pcsd.ms/our-district/board-members -> https://simbli.eboardsolutions.com/Index.aspx?S=36031774 -> https://www.pcsd.ms/our-district/mail.google.com/ -> https://www.pcsd.ms/our-district/mail.google.com/mail.google.com/ -> https://www,,7,no,
us:sd:2710260,Dilworth-Glyndon-Felton,Minnesota,dgf.k12.mn.us,https://dgf.k12.mn.us/ -> https://www.dgf.k12.mn.us/ -> http://dgf.k12.mn.us/ -> http://www.dgf.k12.mn.us/ -> https://www.dgf.k12.mn.us/our-district/school-board -> https://www.dgf.k12.mn.us/parents/school-messenger-training-videos -> https://www.dgf.k12.mn.us/parents/synergy-training-videos -> https://www.dgf.k12.mn.us/dgf-departments/media-centers,,46,yes,https://www.youtube.com/embed/phL5OtEg5no?embed_config=%7B%22enc%22:%22AXH1ezkbD6uuuhgZCRqAO53mZ-vHb_xmtMb3WhBgYbVvevLpLiU8hNOSIm4IAhtNO6LnVPWfMIHdj5EDwU9as3gEAwVSVBP3IwYdW0rdd86kXl6s4EewaZXLxDDMMHcx91QAvWoxJ16l9kVM2VQgTAeewsGR7hCxaEcou-xe_afSqNbZ%22%7D&enablejsapi=1&errorlinks=1&origin=https://www.
us:sd:2926480,Richmond R-XVI School District,Missouri,richmondspartans.org,https://richmondspartans.org/ -> http://richmondspartans.org/ -> http://www.richmondspartans.org/ -> https://ps.richmondspartans.org/public/home.html -> https://ps.richmondspartans.org/public/account_recovery_begin.html -> https://ps.richmondspartans.org/public/createaccounthelp.html,,3,yes,https://www.youtube.com/c/RichmondHighSchoolMO/featured
us:sd:2918270,Lebanon R-III School District,Missouri,lebanon.k12.mo.us,https://lebanon.k12.mo.us/ -> https://www.lebanon.k12.mo.us/ -> http://lebanon.k12.mo.us/ -> http://www.lebanon.k12.mo.us/ -> https://go.boarddocs.com/mo/lr3sd/Board.nsf/Public -> https://www.lebanonr3.org/our-district/school-board -> https://simbli.eboardsolutions.com/Policy/PolicyListing.aspx?S=258&Sch=258 -> https://www.lebanonr3.org/community/request-transcript -> https://www.lebanonr3.org/for-families/infinite-campus-parent-portal -> https://www.lebanonr3.org/community/transparency-portal -,,10,yes,http://www.youtube.com/@lebanonr3schools
us:sd:3007050,Colstrip Elementary School District,Montana,colstrippublicschools.org,https://colstrippublicschools.org/ -> http://colstrippublicschools.org/ -> http://www.colstrippublicschools.org/ -> https://www.colstrippublicschools.org/page/school-board -> https://www.colstrippublicschools.org/live-feed -> https://go.boarddocs.com/mt/cpsd19/Board.nsf/vpublic?open -> https://www.colstrippublicschools.org/live-feed?page_no=1 -> https://www.colstrippublicschools.org/live-feed?page_no=2 -> https://www.colstrippublicschools.org/live-feed?page_no=3 -> https://www.colstrippublicscho,,13,yes,https://www.youtube.com/@SocialMedia-cpsd19
us:sd:2929610,Morgan County R-I School District,Missouri,mcr1.us,https://mcr1.us/ -> http://mcr1.us/ -> http://www.mcr1.us/ -> https://www.mcr1.us/board-of-education -> http://www.mcr1.us/calendar,,6,yes,https://www.youtube.com/channel/UC9Ip3dmY2LkMBX2aGB0WqGw
us:sd:2803450,Oxford School District,Mississippi,oxfordsd.org,https://oxfordsd.org/ -> http://oxfordsd.org/ -> http://www.oxfordsd.org/ -> https://osdcharger.tv/ -> https://www.oxfordsd.org/departments/college-career-readiness/ccr-programs/avid-program/video-corner -> https://www.oxfordsd.org/departments/college-career-readiness/ccr-programs/career-and-technical-education-cte/career-pathways/arts-audio-video-technology-and-communications -> https://simbli.eboardsolutions.com/Policy/ViewPolicy.aspx?S=36031763&revid=yciqOKhPdQPhN5LnGmWXZA== -> https://www.ox,,22,yes,https://www.youtube.com/c/OxfordSchoolDistrict
us:sd:3401350,Belleville Town School District,New Jersey,bellevilleschools.org,https://bellevilleschools.org/ -> http://bellevilleschools.org/ -> http://www.bellevilleschools.org/,,4,yes,https://www.youtube.com/@BellevilleBoardofEducation
us:sd:3027060,Valier Elementary School District,Montana,valier.k12.mt.us,https://valier.k12.mt.us/ -> https://www.valier.k12.mt.us/ -> http://valier.k12.mt.us/ -> http://www.valier.k12.mt.us/ -> https://www.valier.k12.mt.us/about-us/school-board-and-committee-information -> https://www.valier.k12.mt.us/about-us/indian-education-committee-agendas-and-minutes -> https://www.valier.k12.mt.us/students/infinite-campus-student-portal -> https://www.valier.k12.mt.us/parents/infinite-campus-portal,,18,no,
us:sd:2916830,Knob Noster R-VIII School District,Missouri,knobnoster.k12.mo.us,https://knobnoster.k12.mo.us/ -> https://www.knobnoster.k12.mo.us/ -> http://knobnoster.k12.mo.us/ -> http://www.knobnoster.k12.mo.us/ -> https://go.boarddocs.com/mo/knob/Board.nsf/Public -> https://knobnoster.k12.mo.us/news/what_s_new/adams_earns_state_and_national_leadership_roles -> https://knobnoster.k12.mo.us/news/what_s_new/k_n_p_s_awarded__21_m_do_w_e_a_construction_grant -> https://knobnoster.k12.mo.us/news/what_s_new/back_to_school_memo_2026 -> http://knobnoster.ss13.sharpschool.com/p_a,,22,yes,https://www.youtube.com/channel/UCIYYA_c40cH_P2BjLShVFRQ
us:sd:2733840,St. Paul Public School District,Minnesota,spps.org,https://spps.org/ -> http://spps.org/ -> http://www.spps.org/ -> https://stream.spps.org/ -> https://www.spps.org/about/board-of-education -> https://www.spps.org/about/departments/communications/we-are-spps/profile/~board/we-are-spps/post/school-board-director-jim-vues-family-honored-with-new-mural -> https://www.spps.org/fs/pages/819 -> https://www.spps.org/families/campus-parent-portal-onestop -> https://www.spps.org/families/campus-parent-portal-onestop/reset-username-password -> https://www,,32,yes,https://www.youtube.com/c/SaintPaulPublicSchools
us:sd:2791447,Kittson Central School District,Minnesota,kittson.k12.mn.us,https://kittson.k12.mn.us/ -> https://www.kittson.k12.mn.us/ -> http://kittson.k12.mn.us/ -> http://www.kittson.k12.mn.us/ -> https://kittson.k12.mn.us/school-board.html -> https://kittson.k12.mn.us/2627-testing-calendar.html -> https://kittson.k12.mn.us/back-to-school.html -> https://kittson.k12.mn.us/district-info.html -> https://kittson.k12.mn.us/district-policies--procedures.html -> https://kittson.k12.mn.us/job-opportunities.html -> https://kittson.k12.mn.us/kc-staff.html -> https://kittson,,6,yes,https://www.youtube.com/@KittsonCentralSchool
us:sd:2923340,Gasconade County R-II School District,Missouri,dutchmen.us,https://dutchmen.us/ -> http://dutchmen.us/ -> http://www.dutchmen.us/ -> https://go.boarddocs.com/mo/gcsr2/Board.nsf/Public -> https://www.dutchmen.us/page/school-board -> https://www.dutchmen.us/page/board-members -> https://dutchmen.community.highbond.com/Portal/ -> https://dutchmen.community.highbond.com/Portal/MeetingTypeList.aspx -> https://dutchmen.community.highbond.com/Portal/MeetingInformation.aspx?Id=357 -> https://dutchmen.community.highbond.com/Portal/MeetingInformation.aspx?Id=358 ,,7,no,
us:sd:3401980,Boonton Township School District,New Jersey,btrvs.org,https://btrvs.org/ -> http://btrvs.org/ -> http://www.btrvs.org/ -> https://docs.btrvs.org/ -> https://www.btrvs.org/page/board-of-ed -> https://www.btrvs.org/page/board-members -> https://www.btrvs.org/documents/board-of-ed/board-meeting-agendas/board-meeting-agenda/715363 -> https://www.btrvs.org/page/board-meeting-recordings -> https://www.btrvs.org/documents/board-of-ed/board-meeting-minutes/715580 -> https://www.btrvs.org/documents/board-of-ed/board-policies/715652 -> https://www.btrvs.org/,,15,yes,https://www.youtube.com/channel/UCCS8o0nHdfZgDMq_LaUEzkg
us:sd:2703150,Annandale Public School District,Minnesota,annandale.k12.mn.us,https://annandale.k12.mn.us/ -> https://www.annandale.k12.mn.us/ -> http://annandale.k12.mn.us/ -> http://www.annandale.k12.mn.us/ -> https://www.isd876.org/our-district/school-board/august-8-2023-bond-referendum -> https://www.isd876.org/our-district/district-policies-and-notifications/our-district/district-policies-and-notifications/200-school-board -> https://www.isd876.org/our-district/school-board -> https://www.isd876.org/our-district/school-board/meeting-dates-agendas-and-minutes2 -> http,,13,yes,https://www.youtube.com/@AnnandaleActivities
us:sd:2930660,University City School District,Missouri,ucityschools.org,https://ucityschools.org/ -> http://ucityschools.org/ -> http://www.ucityschools.org/ -> https://agenda.ucityschools.org/ -> https://go.boarddocs.com/mo/ucity/Board.nsf/Public -> https://www.ucityschools.org/about-us/board-of-education -> https://www.ucityschools.org/about-us/board-of-education/meet-the-board-members -> https://www.ucityschools.org/about-us/board-of-education/board-committees -> https://www.ucityschools.org/schools/university-city-high-school/school-counseling-student-support-ce,,29,yes,https://www.youtube.com/user/UCitySchools/videos
us:sd:2919410,Macon County R-I School District,Missouri,macon.k12.mo.us,https://macon.k12.mo.us/ -> http://macon.k12.mo.us/ -> http://www.macon.k12.mo.us/ -> https://go.boarddocs.com/mo/mcr1/Board.nsf/Public -> https://www.macon.k12.mo.us/~board/district-news/post/save-the-datemacon-city-of-maples-marching-festival -> https://www.macon.k12.mo.us/board-of-education -> https://www.macon.k12.mo.us/board-of-education/new-page -> https://www.macon.k12.mo.us/board-of-education/2026-2027-boe-agendas-minutes -> https://www.macon.k12.mo.us/fs/resource-manager/view/dfc111a2-1,,17,yes,https://www.youtube.com/@maconactivities3851
us:sd:3027740,Whitefish Elementary School District,Montana,wsd44.org,https://wsd44.org/ -> https://www.wsd44.org/ -> http://wsd44.org/ -> http://www.wsd44.org/ -> https://go.boarddocs.com/mt/whitefish/Board.nsf/goto?open&id=B9G5YD11F142 -> https://www.whitefishschools.org/apps/pages/index.jsp?uREC_ID=80770&type=d -> https://www.whitefishschools.org/apps/events/index.jsp?id=0 -> https://www.whitefishschools.org/apps/events/event.jsp?eREC_ID=5938391&d=2026-09-30&id=0 -> https://www.whitefishschools.org/apps/pages/index.jsp?uREC_ID=80770&type=d&termREC_ID=&pREC_ID=1,,159,yes,https://youtu.be/3oKSzgQr_UI;https://youtu.be/BcOhCfz14x4;https://youtu.be/hv8NokN7l_M
us:sd:3405220,Florence Township School District,New Jersey,florence.k12.nj.us,https://florence.k12.nj.us/ -> http://florence.k12.nj.us/ -> http://www.florence.k12.nj.us/ -> https://www.florence.k12.nj.us/page/board-page,,5,yes,https://www.youtube.com/@ftsd8061
us:sd:3402460,Burlington Township School District,New Jersey,burltwpsch.org,https://burltwpsch.org/ -> http://burltwpsch.org/ -> http://www.burltwpsch.org/ -> https://media.burltwpsch.org/ -> https://go.boarddocs.com/nj/burlingtontwp/Board.nsf/Private -> https://www.burltwpsch.org/board-administration -> https://www.burltwpsch.org/site-map,,6,yes,https://www.youtube.com/channel/UCvPcF1UblMh5Jz42GlSff5Q
us:sd:3401020,Atlantic Highlands Borough School District,New Jersey,ahes.tridistrict.org,https://ahes.tridistrict.org/ -> http://ahes.tridistrict.org/ -> https://ahes.tridistrict.org/apps/events/2026/10/6/56411588/?REC_ID=56411588&id=0 -> https://ahes.tridistrict.org/apps/events/2026/10/9/48389340/?REC_ID=48389340&id=0 -> https://ahes.tridistrict.org/apps/events/2026/10/12/48389341/?REC_ID=48389341&id=0 -> https://ahes.tridistrict.org/apps/pages/index.jsp?uREC_ID=3733534&type=d&pREC_ID=2432545 -> https://www.tridistrict.org/apps/pages/index.jsp?uREC_ID=3733525&type=d&pREC_ID=2608597,,44,no,
us:sd:3406210,Greenwich Township School District,New Jersey,gtsd.net,https://gtsd.net/ -> http://gtsd.net/ -> http://www.gtsd.net/ -> https://parents.c1.genesisedu.net/greenwich/sis/view?gohome=true,,4,yes,https://www.youtube.com/channel/UCfi75pA7DSQGc2-xPuNfnsQ
us:sd:3402250,Bridgeton City School District,New Jersey,bridgeton.k12.nj.us,https://bridgeton.k12.nj.us/ -> http://bridgeton.k12.nj.us/ -> http://www.bridgeton.k12.nj.us/ -> http://go.boarddocs.com/nj/bridgeton/Board.nsf/goto?open&id=B7ERNL6C49D9 -> https://www.bridgeton.k12.nj.us/departments/transportation/video_audio -> https://www.bridgeton.k12.nj.us/departments/school_safety_and_security/video_audio -> https://www.bridgeton.k12.nj.us/our_district/board_members -> https://www.bridgeton.k12.nj.us/families/parent_resources/video__audio -> https://www.bridgeton.k12.nj.u,,23,yes,https://www.youtube.com/user/BridgetonHighTV
us:sd:3200240,Lander County School District,Nevada,lander.k12.nv.us,https://lander.k12.nv.us/ -> http://lander.k12.nv.us/ -> http://www.lander.k12.nv.us/ -> https://go.boarddocs.com/nv/lander/Board.nsf/Public -> https://www.lander.k12.nv.us/about/board-of-trustees -> https://www.lander.k12.nv.us/about/food-and-nutrition/~board/food-and-nutrition/post/august-menus -> https://www.lander.k12.nv.us/about/news-events/~board/lcsd-updates/post/bus-routes-for-2026-2027-school-year -> https://www.lander.k12.nv.us/about/board-of-trustees/data-dashboard/data-dashboard-our-,,23,yes,https://www.youtube.com/channel/UCC7J4e4lN1iLx79Y5N7L59w
us:sd:3402550,Byram Township School District,New Jersey,byramschools.org,https://byramschools.org/ -> http://byramschools.org/ -> http://www.byramschools.org/ -> https://www.byramschools.org/boe/the-role-of-the-board -> https://www.byramschools.org/boe/board-of-education -> https://www.byramschools.org/boe/board-meeting-agendas-and-minutes -> https://www.byramschools.org/boe/guide-to-boe-meetings -> https://www.byramschools.org/parents/ferpa-annual-notice -> https://www.byramschools.org/students/student-portal -> https://www.byramschools.org/parents/parent-portal -> ,,19,yes,https://www.youtube.com/channel/UCRSOW30KaBqB5MdUj4vgOgw/featured
us:sd:3400769,South Hunterdon Regional School District,New Jersey,shrsd.org,https://shrsd.org/ -> https://www.shrsd.org/ -> http://shrsd.org/ -> http://www.shrsd.org/ -> https://go.boarddocs.com/nj/shrsd/Board.nsf/vpublic?open -> https://shrsd.org/index.php?pageID=smartSiteFeed&psqFeed=true&articleID=80969202 -> https://shrsd.org/index.php?pageID=smartSiteFeed&psqFeed=true&articleID=80012710 -> https://shrsd.org/boe -> https://shrsd.org/boardmeetingagendas -> https://go.boarddocs.com/nj/shrsd/Board.nsf/javascript/page-title-change.js -> https://shrsd.org/calendar -> htt,,21,yes,https://www.youtube.com/channel/UCZaRFz2oDRJ5v6PngzK8MSA
us:sd:2923580,Parkway C-2 School District,Missouri,parkwayschools.net,https://parkwayschools.net/ -> https://www.parkwayschools.net/ -> http://parkwayschools.net/ -> http://www.parkwayschools.net/ -> https://go.boarddocs.com/mo/pkysd/Board.nsf/files/CSZR926B2C34/$file/KC.BP_Community%20Involvement%20in%20Decision%20Making.pdf -> https://www.parkwayschools.net/programs-services/student-health/pandemic-response-plan-approved-june-14-2023 -> https://www.parkwayschools.net/about-parkway/board-of-education -> https://www.parkwayschools.net/about-parkway/board-of-educat,,44,yes,https://www.youtube.com/channel/UCBmmtjB3fEEKzbbIRm0ltRg/featured
us:sd:3402800,Carlstadt-East Rutherford School District,New Jersey,bectonhs.org,https://bectonhs.org/ -> http://bectonhs.org/ -> http://www.bectonhs.org/ -> https://go.boarddocs.com/nj/bectonhs/Board.nsf/vpublic -> https://www.bectonhs.org/student-life/school-news/details/~board/school-news-board/post/welcome-back-and-go-wildcats -> https://district.bectonhs.org/site-map -> https://district.bectonhs.org/board-of-education -> https://go.boarddocs.com/nj/bectonhs/Board.nsf -> https://district.bectonhs.org/board-of-education/bylaws-policies -> https://district.bectonhs.org/boa,,14,yes,https://www.youtube.com/channel/UC4iWMw6iVs6OvwwDwWdZmVg
us:sd:3400900,Andover Regional School District,New Jersey,andoverregional.org,https://andoverregional.org/ -> https://www.andoverregional.org/ -> http://andoverregional.org/ -> http://www.andoverregional.org/ -> https://www.andoverregional.org/board-of-education -> https://www.andoverregional.org/board-of-education/welcome-to-board-of-education -> https://www.andoverregional.org/board-of-education/district-board-goals -> https://www.andoverregional.org/board-of-education/meeting-agendas-minutes -> https://www.andoverregional.org/fs/resource-manager/view/f2cf69e5-20b9-4cfb,,1,yes,https://www.youtube.com/channel/UCcka_63JUGanGpsYnjlXSTw/live
us:sd:3402160,Branchburg Township School District,New Jersey,branchburg.k12.nj.us,https://branchburg.k12.nj.us/ -> https://www.branchburg.k12.nj.us/ -> http://branchburg.k12.nj.us/ -> http://www.branchburg.k12.nj.us/ -> https://branchburg.k12.nj.us/board-of-education -> https://branchburg.k12.nj.us/198273_2 -> https://parentsquare.com -> https://branchburg.linkit.com/parent -> https://branchburg.k12.nj.us/boe-meeting-agendas -> https://branchburg.k12.nj.us/view-board-of-education-meetings-on -> https://branchburg.k12.nj.us/boe-meeting-minutes -> https://branchburg.k12.nj.us/p,,27,no,
us:sd:3011240,Fort Benton Elementary School District,Montana,fortbentonschools.com,https://fortbentonschools.com/ -> http://fortbentonschools.com/ -> https://www.fortbentonschools.com/school-board-info.html -> https://www.fortbentonschools.com/school-board-policies.html -> https://www.fortbentonschools.com/mshs-calendar.html -> https://www.fortbentonschools.com/hs--ms.html -> https://www.fortbentonschools.com/supply-list.html -> https://www.fortbentonschools.com/class-schedule.html -> https://www.fortbentonschools.com/class-sponsors.html -> https://www.fortbentonschools.com/st,,7,yes,https://www.youtube.com/embed/lBcTGFF6SOc
us:sd:3402310,Brielle Borough School District,New Jersey,brielleschool.org,https://www.brielleschool.org/ -> http://www.brielleschool.org/ -> https://agenda.brielleschool.org/ -> https://agendas.brielleschool.org/ -> https://go.boarddocs.com/nj/bes/Board.nsf/goto?open&id=DJCHWG4A7AD0 -> https://www.brielleschool.org/school-information/adminlist/business-administratorboard-secretary -> https://www.brielleschool.org/school-information/board-of-education -> https://www.brielleschool.org/school-information/board-of-education/become-a-school-board-member -> https://go.board,,20,yes,https://www.youtube.com/@brielleelementaryschool6522/streams
us:sd:3407530,Hopewell Valley Regional School District,New Jersey,hvrsd.org,https://hvrsd.org/ -> http://hvrsd.org/ -> http://www.hvrsd.org/ -> https://docs.hvrsd.org/ -> https://go.boarddocs.com/nj/hvrsd/Board.nsf/goto?open&id=CD9LRZ56B4F4 -> https://www.hvrsd.org/staff -> https://www.hvrsd.org/o/hvrsd/page/hv-tv -> https://www.hvrsd.org/page/hv-tv -> http://www.boarddocs.com/nj/hvrsd/Board.nsf/Public#tab-meetings -> https://go.boarddocs.com/nj/hvrsd/Board.nsf/javascript/page-title-change.js -> https://www.hvrsd.org/page/boe-videos,,16,yes,https://www.youtube.com/c/BulldogTVBuzz/videos
us:sd:3405730,Galloway Township School District,New Jersey,gtps.k12.nj.us,https://gtps.k12.nj.us/ -> http://gtps.k12.nj.us/ -> http://www.gtps.k12.nj.us/ -> https://go.boarddocs.com/nj/gtps/Board.nsf/Public#tab-meetings -> https://go.boarddocs.com/nj/gtps/Board.nsf/scoreboard -> https://aptg.co/CrljXR -> https://www.gtps.k12.nj.us/page/board-of-education-approved-minutes -> https://5il.co/2of7z -> https://www.gtps.k12.nj.us/documents/board-of-education/board-of-education-approved-minutes/2022-2023-approved-meeting-minutes/650392 -> https://www.gtps.k12.nj.us/documents,,13,yes,https://www.youtube.com/@GTNJSchools
us:sd:3405610,Freehold Regional School District,New Jersey,frhsd.com,https://frhsd.com/ -> http://frhsd.com/ -> http://www.frhsd.com/ -> https://www.frhsd.com/administration/administration/overview -> https://www.frhsd.com/administration/administration/board-policies-regulations -> https://www.frhsd.com/administration/administration/board-of-education-videos/2026-2027-videos -> https://www.frhsd.com/administration/administration/board-of-education-videos/2025-2026-videos -> https://www.frhsd.com/administration/administration/board-of-education-videos/2024-2025 ->,,563,yes,https://www.youtube.com/@freeholdregionalhighschool/featured;https://www.youtube.com/embed/ErpmKBmhbhs?si=e0nWkF2nTChuYe9e;https://www.youtube.com/embed/2C3XCFlF2eM?si=dg3F5y-f9oc0xrZK
us:sd:3409150,Lower Township School District,New Jersey,lowertwpschools.com,https://lowertwpschools.com/ -> https://www.lowertwpschools.com/ -> http://lowertwpschools.com/ -> http://www.lowertwpschools.com/ -> https://lowertwpschools.com/boardofeducation -> https://lowertwpschools.com/budgetpublichearingpresentations -> https://lowertwpschools.com/ecac -> http://lowertwpschools.com/boardofeducation -> https://docs.google.com/document/d/1qfZQquOJ401DE0J15mywOOKAfvAmV3xCmyk9bkkU1ME/edit?tab=t.0 -> https://lowertwpschools.com/boardofeducationarchive -> https://lowertwpscho,,32,yes,https://www.youtube.com/channel/UCkRSrO6QNF8SmxVa1SWcYNQ
us:sd:3408520,Leonia Borough School District,New Jersey,leoniaschools.org,https://leoniaschools.org/ -> https://www.leoniaschools.org/ -> http://leoniaschools.org/ -> http://www.leoniaschools.org/ -> https://leoniaschools.org/index.php?pageID=smartSiteFeed&psqFeed=true&articleID=84790026 -> https://leoniaschools.org/index.php?pageID=smartSiteFeed&psqFeed=true&articleID=85333602 -> https://leoniaschools.org/index.php?pageID=smartSiteFeed&psqFeed=true&articleID=81891299 -> https://leoniaschools.org/boe -> https://go.boarddocs.com/nj/leoniaschools/Board.nsf/vpublic?open ,,40,yes,https://www.youtube.com/user/leoniadistrict
us:sd:3410380,Monmouth Beach Borough School District,New Jersey,mbschool.org,https://mbschool.org/ -> http://mbschool.org/ -> http://www.mbschool.org/ -> https://www.mbschool.org/apps/news/show_news.jsp?REC_ID=1032663&id=1 -> https://www.mbschool.org/apps/news/show_news.jsp?REC_ID=1032663&id=0 -> https://www.mbschool.org/apps/news/show_news.jsp?REC_ID=1032662&id=1 -> https://www.mbschool.org/apps/pages/index.jsp?uREC_ID=553875&type=d&pREC_ID=1061301 -> https://www.mbschool.org/apps/pages/index.jsp?uREC_ID=553752&type=d -> https://www.mbschool.org/apps/pages/index.jsp?uRE,,30,yes,https://www.youtube.com/@DolphinNewsChannel
us:sd:3418000,Willingboro Township School District,New Jersey,willingboroschools.org,https://willingboroschools.org/ -> http://willingboroschools.org/ -> http://www.willingboroschools.org/ -> https://www.willingboroschools.org/o/willingboro-high-school/documents/events/53802 -> https://go.boarddocs.com/nj/willingboro/Board.nsf/Public -> https://www.willingboroschools.org/page/the-board-members -> https://www.willingboroschools.org/o/willingboro-high-school/events,,10,yes,https://www.youtube.com/channel/UCzvJsblXfLgSEuccZUgyFpg
us:sd:3408580,Lincoln Park Borough School District,New Jersey,lincolnparkboe.org,https://lincolnparkboe.org/ -> http://lincolnparkboe.org/ -> http://www.lincolnparkboe.org/ -> https://go.boarddocs.com/nj/lincpknj/Board.nsf/Public -> https://www.lincolnparkboe.org/fs/resource-manager/view/5009b341-8839-4c86-8580-792fa46f6d73 -> https://www.lincolnparkboe.org/fs/resource-manager/view/2f683124-7dd5-4278-860f-b5b72215dd72 -> https://www.lincolnparkboe.org/fs/resource-manager/view/30e558e5-1c07-4da7-bc15-2f3f2f1a9622 -> https://www.lincolnparkboe.org/district-infromation/student-,,11,no,
us:sd:3408460,Lebanon Township School District,New Jersey,lebtwpk8.org,https://lebtwpk8.org/ -> https://www.lebtwpk8.org/ -> http://lebtwpk8.org/ -> http://www.lebtwpk8.org/ -> https://www.lebtwpk8.org/boe/board-members -> https://www.lebtwpk8.org/boe/school-board-election -> https://www.lebtwpk8.org/boe/meetings-minutes-agendas -> https://www.lebtwpk8.org/district/calendar -> https://www.lebtwpk8.org/district/committees,,30,no,
us:sd:3500660,Cuba Independent Schools,New Mexico,cuba.k12.nm.us,https://cuba.k12.nm.us/ -> http://cuba.k12.nm.us/ -> http://www.cuba.k12.nm.us/ -> https://www.cuba.k12.nm.us/page/school-board -> https://www.cuba.k12.nm.us/page/board-districts -> https://www.cuba.k12.nm.us/page/equity-council -> https://www.cuba.k12.nm.us/documents/about/district-calendar/720143 -> https://www.cuba.k12.nm.us/events,,9,yes,https://www.youtube.com/@cubayoutube4514
us:sd:3401740,Beverly City School District,New Jersey,beverlycityschool.org,https://beverlycityschool.org/ -> http://beverlycityschool.org/ -> https://www.beverlycityschool.org/board-of-education.html -> https://www.beverlycityschool.org/schedule-boe.html -> https://www.beverlycityschool.org/agenda-boe.html -> https://www.beverlycityschool.org/uploads/8/3/2/0/83203070/bcsd-request-for-proposals---health-insurance-broker--competitive-contract-2026.pdf -> https://www.beverlycityschool.org/uploads/8/3/2/0/83203070/bcsd-remote-public-hearings.pdf -> https://www.beverlycitys,,12,no,
us:sd:3600011,Wayland-Cohocton Central School District,New York,wccsk12.org,https://wccsk12.org/ -> http://wccsk12.org/ -> http://www.wccsk12.org/ -> https://go.boarddocs.com/ny/wccsk12/Board.nsf/vpublic?open -> https://www.wccsk12.org/page/board-of-education-new -> https://5il.co/k9ov -> https://www.wccsk12.org/documents/publications/the-stream/424389,,6,yes,https://www.youtube.com/channel/UCB6Uj-515t9bBnjioS6sdYg
us:sd:3410470,Monroe Township School District,New Jersey,monroetwp.k12.nj.us,https://monroetwp.k12.nj.us/ -> https://www.monroetwp.k12.nj.us/ -> http://monroetwp.k12.nj.us/ -> http://www.monroetwp.k12.nj.us/ -> https://monroetwp.k12.nj.us/boe -> https://monroetwp.k12.nj.us/397124_2 -> https://monroetwp.k12.nj.us/381331_2 -> https://monroetwp.k12.nj.us/meetingagendas -> https://monroetwp.k12.nj.us/district-calendar -> https://monroetwp.k12.nj.us/site_map -> https://monroetwp.k12.nj.us/index.php?pageID=login -> https://monroetwp.k12.nj.us/index.php?pageID=smartSiteFeed&psq,,21,yes,https://www.youtube.com/@bravesconnect4035
us:sd:3410500,Monroe Township School District,New Jersey,monroe.k12.nj.us,https://monroe.k12.nj.us/ -> https://www.monroe.k12.nj.us/ -> http://monroe.k12.nj.us/ -> http://www.monroe.k12.nj.us/ -> https://www.monroe.k12.nj.us/fs/resource-manager/view/654f7c4a-1918-423f-bddc-baeebcc38ad3 -> https://www.monroe.k12.nj.us/fs/resource-manager/view/2ae66a1f-137f-44af-b99d-9073162f6aaa -> https://www.monroe.k12.nj.us/board-of-education-2/board-members -> https://www.monroe.k12.nj.us/student-services/pupil-personnel-services/bcba-district-resources/video-models -> https://www.,,51,yes,https://www.youtube.com/channel/UCZk9rR520pmagXeAC_4OFjA
us:sd:3417580,West New York Town School District,New Jersey,wnyschools.net,https://wnyschools.net/ -> http://wnyschools.net/ -> http://www.wnyschools.net/ -> https://go.boarddocs.com/nj/wnyschools/Board.nsf/Public -> https://www.wnyschools.net/apps/pages/index.jsp?uREC_ID=1830651&type=d&pREC_ID=1986469 -> https://www.wnyschools.net/apps/pages/index.jsp?uREC_ID=1830651&type=d&pREC_ID=1987993 -> https://www.wnyschools.net/apps/events/2026/6/26/37745529/?REC_ID=37745529&id=0 -> https://www.wnyschools.net/apps/pages/index.jsp?uREC_ID=1830284&type=d&pREC_ID=1986237 -> https,,23,yes,https://www.youtube.com/user/WNYSD
us:sd:3602970,Amsterdam City School District,New York,gasd.org,https://gasd.org/ -> http://gasd.org/ -> http://www.gasd.org/ -> https://www.gasd.org/o/gasd/page/board-of-education,,5,yes,https://www.youtube.com/channel/UCfCotXzDFlyr8aWHCiOQ86g
us:sd:3413140,Plainfield City School District,New Jersey,plainfieldnjk12.org,https://plainfieldnjk12.org/ -> https://www.plainfieldnjk12.org/ -> http://plainfieldnjk12.org/ -> http://www.plainfieldnjk12.org/ -> https://go.boarddocs.com/nj/plainfield/Board.nsf/Public -> https://www.plainfieldnjk12.org/page/boe -> https://www.plainfieldnjk12.org/page/board-meetings -> https://www.plainfieldnjk12.org/live_feeds/12926668 -> https://www.plainfieldnjk12.org/live-feed -> http://plainfieldnjk12.org/page/boe -> http://plainfieldnjk12.org/page/board-meetings,,13,yes,https://www.youtube.com/@PlainfieldPublicSchools/
us:sd:3604870,Binghamton City School District,New York,binghamtonschools.org,https://binghamtonschools.org/ -> http://binghamtonschools.org/ -> http://www.binghamtonschools.org/ -> https://www.binghamtonschools.org/documents/district/events/518570 -> https://www.binghamtonschools.org/page/board-of-education,,6,yes,https://www.youtube.com/channel/UCV9ksL9HmxtVsVTjMKFibRg
us:sd:3404380,Eastern Camden County Regional School District,New Jersey,eccrsd.us,https://eccrsd.us/ -> http://eccrsd.us/ -> http://www.eccrsd.us/ -> https://www.eccrsd.us/default-post/~board/main-news-announcements/post/the-viking-voice-june-7-2026-1781659441484 -> https://www.eccrsd.us/default-post/~board/main-news-announcements/post/the-viking-voice-may-31-2026-1781658989032 -> https://www.eccrsd.us/default-post/~board/main-news-announcements/post/the-viking-voice-may-24-2026-1780250314041 -> https://www.eccrsd.us/activities/gifted-talented/board-of-education-policy -> htt,,37,yes,https://www.youtube.com/channel/UC9QFBe1ZvmnoIhOQVR-avog/featured
us:sd:3413650,Randolph Township School District,New Jersey,rtnj.org,https://rtnj.org/ -> http://rtnj.org/ -> http://www.rtnj.org/ -> https://go.boarddocs.com/nj/rtboe/Board.nsf/Public -> https://www.rtnj.org/our-district/board-of-education -> https://www.rtnj.org/our-district/board-of-education/board-members -> https://www.rtnj.org/~board/district-home-slider-2026-fall/post/firstdayschool26cggrouprain -> https://www.rtnj.org/our-district/board-of-education/meeting-calendars -> https://www.rtnj.org/fs/resource-manager/view/096a5b57-c3ec-4281-b637-16a4dc54ef54 -> ,,17,yes,https://www.youtube.com/channel/UCuaFb9FMKSRiGOy-nAySOYA
us:sd:3605520,Brunswick Central School District (Brittonkill),New York,brunswickcsd.org,https://brunswickcsd.org/ -> http://brunswickcsd.org/ -> http://www.brunswickcsd.org/ -> https://www.brunswickcsd.org/events,,5,yes,https://www.youtube.com/@bcsdevents7574
us:sd:3604110,Bayport-Blue Point Union Free School District,New York,bbpschools.org,https://bbpschools.org/ -> http://bbpschools.org/ -> http://www.bbpschools.org/ -> https://go.boarddocs.com/ny/bbps/Board.nsf/vpublic?open -> https://www.bbpschools.org/page/pta-council -> https://www.bbpschools.org/page/board-of-education-information -> https://www.bbpschools.org/page/board-of-education-vision-statement -> https://www.bbpschools.org/page/board-of-education-presentations -> https://www.bbpschools.org/page/meeting-dates -> https://webmail.bbpschools.org/owa/auth/logon.aspx?replac,,10,yes,https://www.youtube.com/@bbpschools7358
us:sd:3418060,Winslow Township School District,New Jersey,winslow-schools.com,https://winslow-schools.com/ -> https://www.winslow-schools.com/ -> http://winslow-schools.com/ -> http://www.winslow-schools.com/ -> https://winslow-schools.com/apps/news/show_news.jsp?REC_ID=1029693&id=0 -> https://www.youtube.com/@winslowtownshipboe -> https://winslow-schools.com/apps/pages/index.jsp?uREC_ID=262307&type=d -> https://winslow-schools.com/apps/video/ -> https://winslow-schools.com/apps/video/watch.jsp?v=10055139 -> https://winslow-schools.com/apps/video/watch.jsp?v=10053937 -> h,https://www.youtube.com/@winslowtownshipboe,49,yes,https://www.youtube.com/user/WinslowTechDept
us:sd:3607110,Chatham Central School District,New York,chathamcentralschools.com,https://chathamcentralschools.com/ -> http://chathamcentralschools.com/ -> http://www.chathamcentralschools.com/ -> https://go.boarddocs.com/ny/chathamcs/Board.nsf/Public -> https://www.chathamcentralschools.com/page/board-of-education -> https://www.chathamcentralschools.com/page/board-and-district-goals -> https://www.chathamcentralschools.com/page/board-of-education-election -> https://www.chathamcentralschools.com/page/meetings,,10,yes,https://www.youtube.com/channel/UCly4Nj6E88aJeBPkV7G0rKw
us:sd:3600125,Eastport-South Manor Central School District,New York,esmonline.org,https://esmonline.org/ -> http://esmonline.org/ -> http://www.esmonline.org/ -> https://agenda.esmonline.org/ -> https://go.boarddocs.com/ny/esm/Board.nsf -> https://www.esmonline.org/board/home -> https://www.esmonline.org/Calendar/Default.aspx?group=1041&period=monthgrid -> https://www.esmonline.org/board/meetings -> https://www.esmonline.org/Assets/BOE_24-25/070826_2026-27_Calendar_w_Board_Meetings_Final.pdf -> https://www.esmonline.org/controls/SearchSiteGlyph.aspx -> https://www.esmonline.o,https://youtube.com/playlist?list=PLOFZ-uXeMOLYYItkdhOlHDJtQTv-ddJrq,10,no,
us:sd:3600014,Waterloo Central School District,New York,waterloocsd.org,https://waterloocsd.org/ -> http://waterloocsd.org/ -> http://www.waterloocsd.org/ -> https://go.boarddocs.com/ny/waterloocsd/Board.nsf/Public -> https://www.waterloocsd.org/district/board-of-education -> https://www.waterloocsd.org/district/board-of-education/board-members -> https://www.waterloocsd.org/for-staff/waterloo-teachers-resource-center1/policy-board-information -> https://www.waterloocsd.org/calendar -> https://www.waterloocsd.org/site-map -> https://www.waterloocsd.org/athletics1/fi,,20,yes,https://www.youtube.com/channel/UCkSXV_mh6b-MonY-eSBZIHg
us:sd:3417010,Washington Borough School District,New Jersey,washboroschools.org,https://washboroschools.org/ -> https://www.washboroschools.org/ -> http://washboroschools.org/ -> http://www.washboroschools.org/ -> https://www.washboroschools.org/our-district/board-of-education/index -> https://www.washboroschools.org/calendar/9382486/student-council -> https://www.washboroschools.org/our-district/calendar/ -> https://www.washboroschools.org/our-district/index -> https://www.washboroschools.org/our-district/superintendent-of-schools/index -> https://www.washboroschools.org/o,,24,no,
us:sd:3604080,Bay Shore Union Free School District,New York,bayshoreschools.org,https://bayshoreschools.org/ -> https://www.bayshoreschools.org/ -> http://bayshoreschools.org/ -> http://www.bayshoreschools.org/ -> https://www.bayshoreschools.org/news.cfm?story=13850&school=0&NWS -> https://www.bayshoreschools.org/news.cfm?story=13846&school=0&NWS -> https://www.bayshoreschools.org/news.cfm?story=13848&school=0&NWS -> https://www.bayshoreschools.org/boardOfEducation.cfm -> https://www.bayshoreschools.org/boardOfEducation.cfm?subpage=81907 -> https://www.bayshoreschools.org/b,,271,yes,https://www.youtube.com/user/BayShoreSchools
us:sd:3608370,Corinth Central School District,New York,corinthcsd.org,https://corinthcsd.org/ -> http://corinthcsd.org/ -> http://www.corinthcsd.org/,,4,yes,https://www.youtube.com/channel/UC51ZwfXsw5120OowxbdoNkA
us:sd:3608490,Coxsackie-Athens Central School District,New York,cacsd.org,https://cacsd.org/ -> http://cacsd.org/ -> http://www.cacsd.org/,,4,no,
us:sd:3600008,South Country Central School District,New York,southcountry.org,https://southcountry.org/ -> http://southcountry.org/ -> http://www.southcountry.org/ -> https://go.boarddocs.com/ny/soco/Board.nsf/Public -> https://www.southcountry.org/board-of-education -> https://www.southcountry.org/board-of-education/who-are-we -> https://www.southcountry.org/board-of-education/board-messages-to-the-community -> https://www.southcountry.org/board-of-education/archived-presentations-clone -> https://www.southcountry.org/board-of-education/streamed-boe-meetings -> https://w,,21,yes,https://www.youtube.com/channel/UCdX_MJYp_mycRMBn9jobWRQ
us:sd:3608970,Yorkshire-Pioneer Central School District,New York,pioneerschools.org,https://pioneerschools.org/ -> http://pioneerschools.org/ -> http://www.pioneerschools.org/ -> https://www.pioneerschools.org/page/boe-overview,,5,yes,https://www.youtube.com/c/PioneerTV14173
us:sd:3603840,Baldwin Union Free School District,New York,baldwinschools.org,https://baldwinschools.org/ -> http://baldwinschools.org/ -> http://www.baldwinschools.org/ -> https://go.boarddocs.com/ny/baldwinschools/Board.nsf/vpublic?open -> https://www.baldwinschools.org/our-district/business/budget-2026-2027 -> https://www.baldwinschools.org/board-of-education -> https://www.baldwinschools.org/board-of-education/schedule-for-board-meetings -> https://www.baldwinschools.org/board-of-education/nominating-petitions-for-board-candidates -> https://www.baldwinschools.org/boa,,22,yes,https://www.youtube.com/user/BaldwinSchools
us:sd:3610410,Eldred Central School District,New York,eldred.k12.ny.us,https://eldred.k12.ny.us/ -> http://eldred.k12.ny.us/ -> http://www.eldred.k12.ny.us/,,4,yes,https://www.youtube.com/user/eldredschools
us:sd:3410110,Middletown Township School District,New Jersey,middletownk12.org,https://middletownk12.org/ -> http://middletownk12.org/ -> http://www.middletownk12.org/ -> http://go.boarddocs.com/nj/middletownk12/Board.nsf/Public -> https://www.middletownk12.org/board-of-education -> https://www.middletownk12.org/board-of-education/board-members -> https://www.middletownk12.org/board-of-education/meeting-videos -> https://www.middletownk12.org/board-of-education/meeting-documents-archive -> https://www.middletownk12.org/fs/resource-manager/view/4c890b22-2705-49b8-a61d-490d5,,308,yes,https://www.youtube.com/@MTBOE
us:sd:3610500,Ellenville Central School District,New York,ecs.k12.ny.us,https://ecs.k12.ny.us/ -> http://ecs.k12.ny.us/ -> http://www.ecs.k12.ny.us/ -> https://www.ecs.k12.ny.us/o/ecsd/page/board-of-education,,5,yes,https://www.youtube.com/channel/UC0eUbzJIgbvcFAYLgsvB0jA
us:sd:3600007,Jasper-Troupsburg Central School District,New York,jtcsd.org,https://jtcsd.org/ -> http://jtcsd.org/ -> http://www.jtcsd.org/ -> https://go.boarddocs.com/ny/jtcsd/Board.nsf/Public -> https://www.jtcsd.org/our-district/board-of-education -> https://www.jtcsd.org/moving-forward-together/meeting-minutes-and-agenda -> https://www.jtcsd.org/live-streams-upper -> https://www.jtcsd.org/community/calendar-c7 -> https://www.jtcsd.org/our-district/board-of-education/2024-2025-budget-documents -> https://www.jtcsd.org/site-map -> https://www.jtcsd.org/all-news/news-,,16,yes,https://www.youtube.com/@Jasper-TroupsburgCentralSchool
us:sd:3604140,Beacon City School District,New York,beaconk12.org,https://beaconk12.org/ -> http://beaconk12.org/ -> http://www.beaconk12.org/ -> https://go.boarddocs.com/ny/beacon/Board.nsf/Public -> https://www.beaconk12.org/board-of-education/meet-the-board -> https://www.beaconk12.org/board-of-education/board-meetings-including-board-docs-and-board-videos -> https://www.beaconk12.org/board-of-education/bcsd-board-code-of-ethics -> https://www.beaconk12.org/board-of-education/archives/board-meeting-transcripts-per-executive-order-202-related-to-covid-19 -> ,,16,yes,https://www.youtube.com/user/BCSDBOE
us:sd:3613470,Hammondsport Central School District,New York,hammondsportcsd.org,https://hammondsportcsd.org/ -> http://hammondsportcsd.org/ -> http://www.hammondsportcsd.org/,,11,yes,https://www.youtube.com/channel/UCi5zvIzMkQDsDnoPoHu4gXw;https://youtu.be/RClz5NzgISo
us:sd:3612990,Springville-Griffith Institute Central School,New York,springvillegi.org,https://springvillegi.org/ -> http://springvillegi.org/ -> http://www.springvillegi.org/ -> https://www.springvillegi.org/page/board-of-education -> https://www.springvillegi.org/page/live-video -> https://www.springvillegi.org/events?view=cal-month -> https://www.springvillegi.org/events,,8,yes,https://www.youtube.com/channel/UCCaWgFmIssiqMQSqiQ-KWkQ
us:sd:3608160,Connetquot Central School District,New York,ccsdli.org,https://ccsdli.org/ -> https://www.ccsdli.org/ -> http://ccsdli.org/ -> http://www.ccsdli.org/ -> https://go.boarddocs.com/ny/ccsdli/Board.nsf/vpublic?open -> https://ccsdli.org/19513_1 -> https://ccsdli.org/393404_2 -> https://ccsdli.org/graduation-video-archive -> https://ccsdli.org/public-access-to-records -> https://ccsdli.org/19513 -> https://ccsdli.org/parent-portal-information-2 -> https://ccsdli.org/site_map -> https://ccsdli.org/index.php?pageID=login -> https://files.smartsites.parents,,29,yes,https://www.youtube.com/channel/UCZH7vQyqO5zUw8VMJVgR93Q;https://youtube.com/live/Ea_5rNj8t28;https://youtube.com/live/v3xpZ6oRsLw;https://youtube.com/live/bD2N1ZiPWds
us:sd:3607380,Chester Union Free School District,New York,chesterufsd.org,https://chesterufsd.org/ -> http://chesterufsd.org/ -> http://www.chesterufsd.org/ -> https://www.chesterufsd.org/p/~board/chester-school-district-news-chester-union-free-school-district-13908/post/board-of-education-meeting-wednesday-september-9-2026-1790013040863 -> https://www.chesterufsd.org/p/~board/chester-school-district-news-chester-union-free-school-district-13908/post/board-of-education-meeting-wednesday-september-9-2026 -> https://www.chesterufsd.org/p/~board/chester-school-district-n,,89,yes,https://www.youtube.com/@ChesterUFSD1;https://youtube.com/live/ukmqQOqhvoU;https://youtube.com/live/BBUlx4A0tPU;https://youtube.com/live/1_4rwIzVb_Y?feature=share
us:sd:3608130,Commack Union Free School District,New York,commack.k12.ny.us,https://commack.k12.ny.us/ -> https://www.commack.k12.ny.us/ -> http://commack.k12.ny.us/ -> http://www.commack.k12.ny.us/ -> https://commack.k12.ny.us/22706?articleID=77739 -> http://www.commack.k12.ny.us/80490_2 -> https://commack.k12.ny.us/boardofeducationhome -> https://commack.k12.ny.us/boemeetingsschedule -> https://commack.k12.ny.us/meettheboard -> https://commack.k12.ny.us/agenda -> https://commack.k12.ny.us/boemeetingprocedures -> https://commack.k12.ny.us/boeminutes -> https://commack.,,31,yes,http://youtube.com/@CommackSchools/
us:sd:3610050,East Williston Union Free School District,New York,ewsdonline.org,https://ewsdonline.org/ -> https://www.ewsdonline.org/ -> http://ewsdonline.org/ -> http://www.ewsdonline.org/ -> https://ewsdonline.org/apps/pages/index.jsp?uREC_ID=407812&type=d -> https://ewsdonline.org/apps/pages/index.jsp?uREC_ID=407812&type=d&termREC_ID=&pREC_ID=749798&hideMenu=0 -> https://ewsdonline.org/apps/pages/index.jsp?uREC_ID=407812&type=d&termREC_ID=&pREC_ID=787241&hideMenu=0 -> https://ewsdonline.org/apps/pages/index.jsp?uREC_ID=407812&type=d&termREC_ID=&pREC_ID=749836&hideMenu=0,,33,no,
us:sd:3613560,Hancock Central School District,New York,hancock.stier.org,https://hancock.stier.org/ -> http://hancock.stier.org/ -> http://www.hancock.stier.org/ -> https://go.boarddocs.com/ny/hancockcsd/Board.nsf/Public -> https://www.hancock.stier.org/page/board-of-education -> https://www.hancock.stier.org/page/board-policies -> https://www.hancock.stier.org/page/board-committees -> https://www.hancock.stier.org/o/hcsd/page/board-of-education -> https://www.hancock.stier.org/documents/district/board-of-education/procedure-%26-timeline-for-election-of-school-board-,,11,yes,https://www.youtube.com/@hancockcentralschooldistrict
us:sd:3615570,Ithaca City School District,New York,ithacacityschools.org,https://ithacacityschools.org/ -> http://ithacacityschools.org/ -> http://www.ithacacityschools.org/ -> https://go.boarddocs.com/ny/icsd/Board.nsf/goto?open&id=A4YNQM611043 -> https://www.ithacacityschools.org/page/board-of-education -> https://www.ithacacityschools.org/o/icsd/page/board-meetings -> https://www.ithacacityschools.org/events,,7,yes,https://www.youtube.com/channel/UC_azZssrhf2a392zESiPLdg/playlists
us:sd:3618570,Marlboro Central School District,New York,marlboroschools.org,https://marlboroschools.org/ -> http://marlboroschools.org/ -> http://www.marlboroschools.org/,,4,yes,https://www.youtube.com/channel/UC7IZs2fQ4XKsWaH7uvuEVIQ
us:sd:3616500,Lake Placid Central School District,New York,lpcsd.org,https://lpcsd.org/ -> http://lpcsd.org/ -> http://www.lpcsd.org/ -> https://go.boarddocs.com/ny/lpcsd/Board.nsf/Public -> https://www.lpcsd.org/page/board-of-education -> https://www.lpcsd.org/documents/district/district-calendar/390361 -> https://www.lpcsd.org/documents/schools/calendar/267813,,7,yes,https://www.youtube.com/channel/UCYCuD5SOK2eM6kBJPtjVvvA
us:sd:3619650,Monroe-Woodbury Central School District,New York,mw.k12.ny.us,https://mw.k12.ny.us/ -> http://mw.k12.ny.us/ -> http://www.mw.k12.ny.us/ -> https://monroewoodburyny.sites.thrillshare.com/page/board-of-education,,5,yes,https://www.youtube.com/channel/UCk_ZMmAiXOGEoDHuOZmKoPA
us:sd:3608790,Dansville Central School District,New York,dansvillecsd.org,https://dansvillecsd.org/ -> http://dansvillecsd.org/ -> http://www.dansvillecsd.org/ -> https://www.dansvillecsd.org/about-us/board-of-education -> https://www.dansvillecsd.org/fs/pages/1014 -> https://www.dansvillecsd.org/event-programs -> https://www.dansvillecsd.org/district-calendar -> https://www.dansvillecsd.org/about-us/board-of-education/budget-information-clone -> https://www.dansvillecsd.org/fs/resource-manager/view/5ab60434-f08b-407f-8c54-5aa3881a3d75 -> https://www.dansvillecsd.org/,,11,yes,https://www.youtube.com/@DansvilleCSD
us:sd:3611700,Fulton City School District,New York,fultoncsd.org,https://fultoncsd.org/ -> https://www.fultoncsd.org/ -> http://fultoncsd.org/ -> http://www.fultoncsd.org/ -> https://go.boarddocs.com/ny/FultonCSD/Board.nsf/Public -> https://fultoncsd.org/90972_2 -> https://fultoncsd.org/62035_3 -> https://go.boarddocs.com/ny/FultonCSD/Board.nsf/Private?open&login -> https://youtube.com/playlist?list=PLWYqxMUnt4EGnDB7mMJEB3kt9W5yitBYt -> https://fultoncsd.org/calendar -> https://fultoncsd.org/site_map -> https://fultoncsd.org/index.php?pageID=login -> https://,https://youtube.com/playlist?list=PLWYqxMUnt4EGnDB7mMJEB3kt9W5yitBYt,22,yes,http://www.youtube.com/@fultoncommunications2417
us:sd:3613380,Hamilton Central School District,New York,hamiltoncentral.org,https://hamiltoncentral.org/ -> http://hamiltoncentral.org/ -> http://www.hamiltoncentral.org/ -> https://go.boarddocs.com/ny/hcs/Board.nsf/Public -> https://www.hamiltoncentral.org/boe/index -> https://youtube.com/playlist?list=PLwsNZ1d-BQfpKjHan8zFNdyClXv8U2cgv&si=KoUYSkO-4Hoh1wPf -> https://www.hamiltoncentral.org/boe/board-elections -> https://www.hamiltoncentral.org/boe/minutes -> https://www.hamiltoncentral.org/calendar/9187981/mp-1-5-week-progress-reports-end -> https://www.hamiltoncentra,https://youtube.com/playlist?list=PLwsNZ1d-BQfpKjHan8zFNdyClXv8U2cgv&si=KoUYSkO-4Hoh1wPf,43,no,
us:sd:3610200,Edgemont Union Free School District,New York,edgemont.org,https://edgemont.org/ -> http://edgemont.org/ -> http://www.edgemont.org/ -> https://go.boarddocs.com/ny/edgemont/Board.nsf/pfiles/DY6MBX5A8343/$file/Status%20Update%20-%20Status%20Update%20September%2022%2C%202026.pdf -> https://www.edgemont.org/departments/athletics/video-streaming -> https://www.edgemont.org/board-of-education -> https://www.edgemont.org/postdetails/~board/latest-district-news/post/highlights-september-22-board-of-education-meeting -> https://www.boarddocs.com/ny/edgemont/Boa,,5,yes,https://www.youtube.com/channel/UCaAEpqy9lu44j_k-Y6_9YBA/videos;https://www.youtube.com/live/PVQtwUXB59I?si=rRo5Msk_N6bJiUTg
us:sd:3611070,Fillmore Central School District,New York,fillmorecsd.org,https://fillmorecsd.org/ -> http://fillmorecsd.org/ -> http://www.fillmorecsd.org/ -> https://go.boarddocs.com/ny/fillmorecsd/Board.nsf/Public -> https://www.fillmorecsd.org/district/board-of-education -> https://www.fillmorecsd.org/p/~board/headlines-fillmore-central-school-508/post/meeting-information -> https://www.fillmorecsd.org/p/~board/headlines-fillmore-central-school-508/post/meeting-time-change -> https://www.fillmorecsd.org/district/board-of-education/fcs-board-agenda-and-minutes -> h,,10,no,
us:sd:3612960,Greenwood Lake Union Free School District,New York,gwlufsd.org,https://gwlufsd.org/ -> http://gwlufsd.org/ -> http://www.gwlufsd.org/ -> https://video.gwlufsd.org/ -> https://go.boarddocs.com/ny/gwlufsd/Board.nsf -> https://www.gwlufsd.org/board-of-education-clone -> https://www.gwlufsd.org/board-of-education-clone/board-meetings -> https://www.gwlufsd.org/board-of-education-clone/boardcommittee-members -> https://www.gwlufsd.org/parent-resources/navigating-your-childs-social-media -> https://www.gwlufsd.org/calendar1 -> https://www.gwlufsd.org/about-us/cal,,55,no,
us:sd:3618120,Mahopac Central School District,New York,mahopac.org,https://mahopac.org/ -> http://mahopac.org/ -> http://www.mahopac.org/ -> https://go.boarddocs.com/ny/mahopac/Board.nsf/goto?open&id=DJGP67630CB7 -> https://www.mahopac.org/page/board-of-education-26-27 -> https://www.mahopac.org/page/virtual-backpack -> https://www.mahopac.org/page/board-of-education-25-26,,7,yes,https://www.youtube.com/@MCSDNews
us:sd:3611490,Franklinville Central School District,New York,tbafcs.org,https://tbafcs.org/ -> http://tbafcs.org/ -> http://www.tbafcs.org/ -> https://go.boarddocs.com/ny/tbafcs/Board.nsf/vpublic?open -> https://www.tbafcs.org/ten-broeck-academy/music-and-arts/december-20-2022-holiday-concert -> https://www.tbafcs.org/ten-broeck-academy/music-and-arts/2021-pops-concert -> https://www.tbafcs.org/ten-broeck-academy/music-and-arts/october-26-2022-pops-concert -> https://www.tbafcs.org/about-us/board-of-education/meeting-dates -> https://www.tbafcs.org/about-us/board-of,,497,yes,https://www.youtube.com/@pawselive8582;https://www.youtube.com/embed/e7cHkUvEyU8?si=7TIQ7PMmZ5F1DM27;https://www.youtube.com/embed/MgMOcAwXT0U?si=BS_03us0MtEFwQ_s;https://www.youtube.com/embed/OdC0bmPNhpM?si=2OapMIhCZmKRlxHi
us:sd:3619560,Minisink Valley Central School District,New York,minisink.com,https://minisink.com/ -> http://minisink.com/ -> http://www.minisink.com/ -> https://video.minisink.com/ -> https://go.boarddocs.com/ny/minisink/Board.nsf/pfiles/DW2HG5485F62/$file/2026-2027%20Revised%20Calendar%208-6-26.pdf -> https://www.minisink.com/o/district/page/board-of-education -> https://www.minisink.com/events,,2,no,
us:sd:3611310,Fort Edward Union Free School District,New York,fortedward.org,https://fortedward.org/ -> http://fortedward.org/ -> http://www.fortedward.org/ -> https://www.fortedward.org/post-details/~board/headlines-amp-features-fort-edward-union-free-school-district-14/post/international-club-meeting-october-6-2026 -> https://www.fortedward.org/board-of-education/meet-the-board -> https://www.fortedward.org/board-of-education/board-meeting-schedule -> https://go.boarddocs.com/ny/fortedward/board.nsf/public -> https://go.boarddocs.com/ny/fortedward/board.nsf/Public?open,,113,yes,https://www.youtube.com/@fortedwardschooldistrict8143;https://www.youtube.com/live/DAi_X0z69jc?feature=share;https://www.youtube.com/live/vjmdvKAmoW8?feature=share;https://www.youtube.com/live/3kOStNW2BX0?feature=shared
us:sd:3620490,New Rochelle City School District,New York,nred.org,https://nred.org/ -> http://nred.org/ -> http://www.nred.org/ -> https://go.boarddocs.com/ny/nred/Board.nsf/vpublic?open&id=policies -> https://www.nred.org/page/board-of-education-home -> https://www.nred.org/page/home-access -> https://www.nred.org/events,,7,yes,https://www.youtube.com/channel/UCFKhCVGJKB1r1wGMzZsfAKg
us:sd:3615480,Island Park Union Free School District,New York,ips.k12.ny.us,https://www.ips.k12.ny.us/ -> http://www.ips.k12.ny.us/ -> https://go.boarddocs.com/ny/island/Board.nsf/Public -> https://www.ips.k12.ny.us/boe_meeting_dates -> https://www.ips.k12.ny.us/board_members -> https://www.ips.k12.ny.us/data_privacy_and_security_board_policies -> http://island-park-public-schools.echalksites.com/policiespractices -> https://island-park-public-schools.echalksites.com/boe_meeting_dates -> https://island-park-public-schools.echalksites.com/board_members -> https://island-,,4,no,
us:sd:3615450,Irvington Union Free School District,New York,irvingtonschools.org,https://irvingtonschools.org/ -> http://irvingtonschools.org/ -> http://www.irvingtonschools.org/ -> https://stream.irvingtonschools.org/ -> https://go.boarddocs.com/ny/iufsd/Board.nsf/Public -> https://www.irvingtonschools.org/meet-the-board -> https://www.irvingtonschools.org/departments/business-operations/district-budget-information/registering-to-vote-for-the-iufsd-budget-vote-school-board-election -> https://www.irvingtonschools.org/departments/business-operations/district-budget-informati,,10,yes,https://www.youtube.com/@irvingtonufsdzoom589
us:sd:3621780,Oneonta City School District,New York,oneontacsd.org,https://oneontacsd.org/ -> http://oneontacsd.org/ -> http://www.oneontacsd.org/ -> https://docs.oneontacsd.org/,,4,yes,https://www.youtube.com/@OneontaCSD
us:sd:3614580,Holland Patent Central School District,New York,hpschools.org,https://hpschools.org/ -> http://hpschools.org/ -> http://www.hpschools.org/ -> https://go.boarddocs.com/ny/hpschools/Board.nsf/Public -> https://www.hpschools.org/schools/holland-patent-elementary/junior-congress-video -> https://www.hpschools.org/administration/board-of-education/home -> https://www.hpschools.org/administration/board-of-education/meeting-schedule-2026-2027 -> https://www.hpschools.org/administration/board-of-education/pre-112917-archived-minutes-and-agendas -> https://www.hpsc,,23,no,
us:sd:3624150,Ravena-Coeymans-Selkirk Central School District,New York,rcscsd.org,https://rcscsd.org/ -> http://rcscsd.org/ -> http://www.rcscsd.org/ -> https://www.rcscsd.org/page/board-of-education-homepage,,12,yes,https://www.youtube.com/channel/UClv9SVJ1_dizf-Pj4BuE6vA;https://www.youtube.com/embed/IKtr4iu_QOc?embed_config=%7B%22enc%22:%22AXH1ezlucM3rDRSeY4C7a4PVeiyGonVHr-kjaJ6CV2rsFCrseYerutQeffDuFst6UTx-v1DJBvWUz7B2q3LTvY-73_BNbDAIa61mrgCdLMfIqStkGl_p_fQ5N0FYAt4tBo3xim8ismcGNhH1x4kMYCR0skjA6g3LbGu3NPpH6hxZ
us:sd:3616290,Kingston City School District,New York,kingstoncityschools.org,https://kingstoncityschools.org/ -> https://www.kingstoncityschools.org/ -> http://kingstoncityschools.org/ -> http://www.kingstoncityschools.org/ -> https://go.boarddocs.com/ny/kingcsd/Board.nsf/Public -> https://www.kingstoncityschools.org/ourdistrict/budget-information/board-of-education-candidates -> https://www.kingstoncityschools.org/board-of-education/about-the-board -> https://www.kingstoncityschools.org/board-of-education/board-committees -> https://www.kingstoncityschools.org/departmen,,17,yes,https://www.youtube.com/@KingstonCSD/featured
us:sd:3624990,Roosevelt Union Free School District,New York,rooseveltufsd.org,https://rooseveltufsd.org/ -> http://rooseveltufsd.org/ -> http://www.rooseveltufsd.org/ -> https://www.rooseveltufsd.org/o/rufsd/page/board,,5,yes,https://www.youtube.com/channel/UC-nwENuwCW1OG_DeANlpTjQ
us:sd:3615390,West Irondequoit Central School District,New York,westirondequoit.org,https://westirondequoit.org/ -> http://westirondequoit.org/ -> http://www.westirondequoit.org/ -> https://go.boarddocs.com/ny/westiron/Board.nsf/Private -> https://www.westirondequoit.org/board-of-education -> https://www.westirondequoit.org/board-of-education/budget-district-vote/board-of-education-election -> https://www.westirondequoit.org/board-of-education/prospective-board-members-information -> https://www.westirondequoit.org/departments/arts-music/music/mrs-grahams-webpage/chorale/rehear,,64,no,
us:sd:3625440,Salamanca City School District,New York,salamancany.org,https://salamancany.org/ -> http://salamancany.org/ -> http://www.salamancany.org/ -> https://video.salamancany.org/ -> https://www.salamancany.org/events,,5,yes,https://youtube.com/@SalamancaWarriors
us:sd:3615780,Brookhaven-Comsewogue Union Free School District,New York,comsewogue.k12.ny.us,https://comsewogue.k12.ny.us/ -> https://www.comsewogue.k12.ny.us/ -> http://comsewogue.k12.ny.us/ -> http://www.comsewogue.k12.ny.us/ -> https://go.boarddocs.com/ny/comsewogue/Board.nsf/Public -> https://comsewogue.k12.ny.us/index.php?pageID=smartSiteFeed&psqFeed=true&articleID=89998366 -> https://comsewogue.k12.ny.us/index.php?pageID=smartSiteFeed&psqFeed=true&articleID=85801354 -> https://comsewogue.k12.ny.us/index.php?pageID=smartSiteFeed&psqFeed=true&articleID=83403356 -> https://comsewogue,,22,yes,https://www.youtube.com/@ComsewogueSchoolDistrict
us:sd:3625470,Salem Central School District,New York,salemcsd.org,https://salemcsd.org/ -> http://salemcsd.org/ -> http://www.salemcsd.org/ -> https://www.salemcsd.org/o/scsd/page/board-of-education -> https://www.salemcsd.org/events,,6,yes,https://www.youtube.com/@salemwashingtonacademy7838
us:sd:3626010,Schenectady City School District,New York,schenectadyschools.org,https://schenectadyschools.org/ -> http://schenectadyschools.org/ -> http://www.schenectadyschools.org/ -> https://www.schenectadyschools.org/o/shs/documents/afjrotc-ny-20062/events/371577 -> https://www.schenectadyschools.org/page/about-the-board-of-education,,6,yes,https://www.youtube.com/user/SchenectadyTV/videos
us:sd:3626850,Sidney Central School District,New York,sidneycsd.org,https://sidneycsd.org/ -> https://www.sidneycsd.org/ -> http://sidneycsd.org/ -> http://www.sidneycsd.org/ -> https://www.sidneycsd.org/o/scsd/page/boe,,5,yes,https://www.youtube.com/c/SidneyCSD
us:sd:3619860,Morris Central School District,New York,morriscsd.org,https://morriscsd.org/ -> https://www.morriscsd.org/ -> http://morriscsd.org/ -> http://www.morriscsd.org/ -> https://www.morriscsd.org/protected/EventView.aspx?id=7U00BP2Y -> https://www.morriscsd.org/protected/EventView.aspx?id=7U00BI3I -> https://www.morriscsd.org/protected/EventView.aspx?id=7U00BPYY -> https://www.morriscsd.org/Athletics.aspx -> https://www.morriscsd.org/District.aspx -> https://www.morriscsd.org/BoardofEducation.aspx -> https://www.morriscsd.org/StaffDirectory.aspx -> https,,14,no,
us:sd:3616230,Kenmore-Tonawanda Union Free School District,New York,ktufsd.org,https://ktufsd.org/ -> http://ktufsd.org/ -> http://www.ktufsd.org/ -> https://docs.ktufsd.org/ -> https://go.boarddocs.com/ny/ktufsd/Board.nsf/Public -> https://www.ktufsd.org/district-ce/communications/community-bus-tours/june-15-2026-bus-tour-sign-up-form -> https://www.ktufsd.org/district-ce/communications/facebook-feed -> https://www.ktufsd.org/board-of-education -> https://www.ktufsd.org/board-of-education/board-meeting-live-stream -> https://www.ktufsd.org/board-of-education/district-lead,,227,yes,https://www.youtube.com/@ktufsd/streams
us:sd:3626940,Skaneateles Central School District,New York,skanschools.org,https://skanschools.org/ -> https://www.skanschools.org/ -> http://skanschools.org/ -> http://www.skanschools.org/ -> https://www.skanschools.org/districtpage.cfm?pageid=273 -> https://www.skanschools.org/districtpage.cfm?pageid=4369 -> https://tyler-skaneatelescesdny.okta.com/ -> https://www.skanschools.org/districtpage.cfm?pageid=358,,7,yes,https://www.youtube.com/embed/ECD79E3eXwo?si=de9SDC11nLp1KO_X
us:sd:3629820,Walton Central School District,New York,waltoncsd.org,https://waltoncsd.org/ -> https://www.waltoncsd.org/ -> http://waltoncsd.org/ -> http://www.waltoncsd.org/,,4,yes,https://www.youtube.com/channel/UCeNyGfgqoZkRPqVwVc3VD1g
us:sd:3628620,Taconic Hills Central School District,New York,taconichills.k12.ny.us,https://taconichills.k12.ny.us/ -> https://www.taconichills.k12.ny.us/ -> http://taconichills.k12.ny.us/ -> http://www.taconichills.k12.ny.us/ -> https://go.boarddocs.com/ny/taconichills/Board.nsf/ -> https://www.taconichills.k12.ny.us/page/boardofed,,3,yes,https://www.youtube.com/@TaconicHillsCSD
us:sd:3620460,New Paltz Central School District,New York,newpaltz.k12.ny.us,https://newpaltz.k12.ny.us/ -> http://newpaltz.k12.ny.us/ -> http://www.newpaltz.k12.ny.us/ -> https://go.boarddocs.com/ny/npcsd/Board.nsf/Public -> https://www.newpaltz.k12.ny.us/our-departments/business-office/tax-information -> https://www.newpaltz.k12.ny.us/our-district/press-releases/archived-press-releases/662023-six-new-paltz-athletes-commit-to-the-game -> https://www.newpaltz.k12.ny.us/our-district/board-of-education/agendasminutes-through-11922 -> https://www.newpaltz.k12.ny.us/our-dist,,165,no,
us:sd:3622890,Phelps-Clifton Springs Central School District,New York,midlakes.org,https://midlakes.org/ -> http://midlakes.org/ -> http://www.midlakes.org/ -> https://go.boarddocs.com/ny/midlakes/Board.nsf/Public -> https://www.midlakes.org/board-of-education/meet-the-board/board-of-education-snapshot -> https://www.midlakes.org/board-of-education/meeting-videos -> https://www.midlakes.org/about/transportation/alternate-location-transportation-form -> https://www.midlakes.org/board-of-education/meet-the-board -> https://www.midlakes.org/fs/pages/1636 -> https://www.midlakes.o,,39,no,
us:sd:3631050,Westmoreland Central School District,New York,westmorelandschool.org,https://westmorelandschool.org/ -> http://westmorelandschool.org/ -> http://www.westmorelandschool.org/ -> https://vimeo.com/user199545451,,4,yes,https://www.youtube.com/@WestmorelandCentralSchoolDistr
us:sd:3626880,Silver Creek Central School District,New York,silvercreekschools.org,https://silvercreekschools.org/ -> https://www.silvercreekschools.org/ -> http://silvercreekschools.org/ -> http://www.silvercreekschools.org/ -> https://silvercreekschools.org/415578_2?articleID=77905 -> https://silvercreekschools.org/415578_2?articleID=69761 -> https://silvercreekschools.org/415578_2?articleID=68931 -> https://silvercreekschools.org/board-of-education -> https://go.boarddocs.com/ny/sccsd/Board.nsf/Public -> https://silvercreekschools.org/powerschool-parent-portal -> https://si,,9,yes,https://www.youtube.com/channel/UCtq4INhAyrIPkw2835ipKFg/featured
us:sd:3702400,Jones County Schools,North Carolina,jonesnc.net,https://jonesnc.net/ -> https://www.jonesnc.net/ -> http://jonesnc.net/ -> http://www.jonesnc.net/,,3,yes,https://www.youtube.com/c/JCPSSocialMedia
us:sd:3703780,Randolph County Schools,North Carolina,randolph.k12.nc.us,https://randolph.k12.nc.us/ -> https://www.randolph.k12.nc.us/ -> http://randolph.k12.nc.us/ -> http://www.randolph.k12.nc.us/,,13,yes,https://www.youtube.com/c/RandolphCountySchoolSystem;https://youtube.com/live/jrp4IUr2B88?feature=share
us:sd:3630390,Northeast Central School District,New York,webutuckschools.org,https://webutuckschools.org/ -> http://webutuckschools.org/ -> http://www.webutuckschools.org/ -> https://go.boarddocs.com/ny/webutuck/Board.nsf/goto?open&id=BNNSBW6D7710 -> https://www.webutuckschools.org/board-of-education -> https://www.webutuckschools.org/communitytaxes/community-partners-meeting-information -> https://www.webutuckschools.org/parentsstudents/schooltool-parentstudent-portal -> https://www.webutuckschools.org/site-map,,10,yes,https://www.youtube.com/@northeastwebutuckCSD
us:sd:3704410,Surry County Schools,North Carolina,surry.k12.nc.us,https://surry.k12.nc.us/ -> https://www.surry.k12.nc.us/ -> http://surry.k12.nc.us/ -> http://www.surry.k12.nc.us/ -> https://player.vimeo.com/api/player.js,,3,yes,https://www.youtube.com/c/surrycountyschoolsnc
us:sd:3625920,Sayville Union Free School District,New York,sayvilleschools.org,https://sayvilleschools.org/ -> https://www.sayvilleschools.org/ -> http://sayvilleschools.org/ -> http://www.sayvilleschools.org/ -> https://www.sayvilleschools.org/our-district/news-tidings-online/boe-citations-2024-2025/january-23-2025-boe-citations -> https://www.sayvilleschools.org/our-district/news-tidings-online/boe-citations-2024-2025/december-12-2024-boe-citations -> https://www.sayvilleschools.org/our-district/news-tidings-online/boe-citations-2024-2025/november-21-2024-boe-citations -,,46,yes,https://www.youtube.com/@sayvillepublicschoolslive8510/featured
us:sd:3624270,Manchester-Shortsville Central School District,New York,redjacket.org,https://redjacket.org/ -> http://redjacket.org/ -> http://www.redjacket.org/ -> https://go.boarddocs.com/ny/redjacket/Board.nsf/Public -> https://www.redjacket.org/board-of-education -> https://www.redjacket.org/board-of-education/boesuperintendent-goals -> https://www.redjacket.org/district/news/news-post/~board/red-jacket-schools-manchester-shortsville-csd-news/post/red-jacket-board-of-education-approves-new-assistant-principal-and-athletic-director -> https://www.redjacket.org/board-of-educat,,25,yes,https://www.youtube.com/@manchester-shortsvillecsd
us:sd:3625800,Saugerties Central School District,New York,saugerties.k12.ny.us,https://saugerties.k12.ny.us/ -> http://saugerties.k12.ny.us/ -> http://www.saugerties.k12.ny.us/ -> https://go.boarddocs.com/ny/saugerties/Board.nsf/Public -> https://www.saugerties.k12.ny.us/our-district/board-of-education -> http://accounts.google.com -> https://www.saugerties.k12.ny.us/faq-resources/calendar -> https://www.saugerties.k12.ny.us/site-map -> https://www.saugerties.k12.ny.us/give13/dealing-with-traumatic-events -> https://www.saugerties.k12.ny.us/our-district/news-announcements/,,21,yes,https://www.youtube.com/channel/UCsSdTVRQGQevOSaBXScHv7w
us:sd:3623190,Plainedge Union Free School District,New York,plainedgeschools.org,https://plainedgeschools.org/ -> http://plainedgeschools.org/ -> http://www.plainedgeschools.org/ -> https://video.plainedgeschools.org/ -> https://go.boarddocs.com/ny/plainedge/Board.nsf/goto?open=&id=AZWPDZ6430F9 -> https://www.plainedgeschools.org/2026/07/15/pre-k-moving-up-photo-gallery-2/ -> https://www.plainedgeschools.org/2026/07/15/elementary-schools-moving-up-photo-gallery/ -> https://www.plainedgeschools.org/2026/07/15/pms-moving-up-photo-gallery/ -> https://www.plainedgeschools.org/bo,,21,yes,https://www.youtube.com/channel/UClWWS3N8kbhWXV-_vKiRg3w
us:sd:3625170,Rush-Henrietta Central School District,New York,rhnet.org,https://rhnet.org/ -> http://rhnet.org/ -> http://www.rhnet.org/ -> https://go.boarddocs.com/ny/rhnet/Board.nsf/Public -> https://www.rhnet.org/district/alumni-center/alumni-council-rhac -> https://www.rhnet.org/district/alumni-center/alumni-council-rhac/alumni-council-contacts -> https://www.rhnet.org/district/districtwide-committees/alumni-council -> https://www.rhnet.org/departments/instructional-areas/instructional-technology/chromebook-initiative-frequently-asked-questions/chromebook-access,,21,yes,https://www.youtube.com/channel/UCZYKgaQJ-6R527CA2XNwB2w
us:sd:3809410,Hettinger Public School District 13,North Dakota,hettinger.k12.nd.us,https://www.hettinger.k12.nd.us/ -> http://www.hettinger.k12.nd.us/ -> https://www.hettinger.k12.nd.us/updates/2026/9/28/hps-greenhouse-project-takes-root -> https://www.hettinger.k12.nd.us/updates/2026/9/28/student-council-shares-homecoming-week-overviewnbsp -> https://www.hettinger.k12.nd.us/updates/2026/9/20/zero-hour-class-works-on-gmc-suburbannbsp -> https://www.hettinger.k12.nd.us/technology-how-tos -> https://www.hettinger.k12.nd.us/student-council -> https://www.hettinger.k12.nd.us/schoo,,112,yes,https://youtube.com/@hettingerpublicschool?si=CH2EIFHpRmVwbTnM;https://youtu.be/TsUTCa_q-jk;https://youtu.be/PJqt8pPxUE8;https://youtu.be/bu7fDe3H2h0
us:sd:3627060,Smithtown Central School District,New York,smithtown.k12.ny.us,https://www.smithtown.k12.ny.us/ -> http://www.smithtown.k12.ny.us/ -> http://go.boarddocs.com/ny/smith/Board.nsf/goto?open&id=CLLREZ6D0AEA -> https://www.smithtown.k12.ny.us/News/Dr.-Secaur-educates-other-about-The-Smithtown-Promise.htm -> https://www.smithtown.k12.ny.us/News/Third-Annual-Valerie-Kratochvil-Memorial-Scholarship-Game.htm -> https://www.smithtown.k12.ny.us/News/Leaves-of-Hope-Dogwood-Fifth-Graders-Learn-from-the-Survivor-Tree.htm -> https://www.smithtown.k12.ny.us/Smithtown/Depar,,45,yes,https://www.youtube.com/channel/UCLc4b04FLcoJY-TtB2tSYmw
us:sd:3626700,Sherburne-Earlville Central School District,New York,secsd.org,https://secsd.org/ -> https://www.secsd.org/ -> http://secsd.org/ -> http://www.secsd.org/ -> https://go.boarddocs.com/ny/secsd/Board.nsf/ -> https://www.secsd.org/protected/EventView.aspx?id=8YU3AAPA0 -> https://www.secsd.org/protected/EventView.aspx?id=8YU3AAYU0 -> https://www.secsd.org/protected/EventView.aspx?id=8YU3AAYG0 -> https://www.secsd.org/Default.aspx -> https://www.secsd.org/District.aspx -> https://www.secsd.org/BoardofEducation.aspx -> https://www.secsd.org/AboutOurSchool.aspx -> ,,5,no,
us:sd:3629160,Tupper Lake Central School District,New York,tupperlakecsd.net,https://tupperlakecsd.net/ -> https://www.tupperlakecsd.net/ -> http://tupperlakecsd.net/ -> http://www.tupperlakecsd.net/ -> https://go.boarddocs.com/ny/tlcsd/Board.nsf/Public -> https://tupperlakecsd.net/225832_2?articleID=74560 -> https://tupperlakecsd.net/225840_2?articleID=35253 -> https://tupperlakecsd.net/225840_2?articleID=64655 -> https://tupperlakecsd.net/civic-center-calendar -> https://tupperlakecsd.net/site_map -> https://tupperlakecsd.net/index.php?pageID=login -> https://tupperlak,,11,yes,https://www.youtube.com/channel/UCdCokanqe6sCT1T2OfCGNAw
us:sd:3624750,Rochester City School District,New York,rcsdk12.org,https://rcsdk12.org/ -> http://rcsdk12.org/ -> http://www.rcsdk12.org/ -> https://go.boarddocs.com/ny/rochny/Board.nsf/Public -> https://www.rcsdk12.org/departments/rcsd-reads-literacy-intiative/literacy-events/level-up-literacy-conference-march-7-2026 -> https://www.rcsdk12.org/departments/rcsd-reads-literacy-intiative/literacy-events/booktacular -> https://www.rcsdk12.org/departments/rcsd-reads-literacy-intiative/literacy-events/rcsd-level-up-for-literacy-week -> https://resources.finalsite.ne,,42,yes,https://www.youtube.com/channel/UCw5XCWaEYbwhCG7ZSDUdDrA/featured;https://www.youtube.com/embed/vF941V4_m6o?si=SWjEd6Y9ZZ830lSZ;https://youtu.be/jiovsT4h_Fw?si=sSfqwJ5GQx66cAXd;https://youtu.be/s98YseTlN74?si=FQ9SUsgh2ZvFs0Sd
us:sd:3904386,Defiance City School District,Ohio,defiancecityschools.org,https://defiancecityschools.org/ -> http://defiancecityschools.org/ -> http://www.defiancecityschools.org/ -> https://www.defiancecityschools.org/events,,5,yes,https://www.youtube.com/@defiancecityschoolsyoutube3865
us:sd:3628200,Three Village Central School District,New York,threevillagecsd.org,https://threevillagecsd.org/ -> https://www.threevillagecsd.org/ -> http://threevillagecsd.org/ -> http://www.threevillagecsd.org/ -> https://go.boarddocs.com/ny/threevillagecsd/Board.nsf/Public -> https://threevillagecsd.org/apps/pages/?type=d&uREC_ID=607518&pREC_ID=1166018 -> https://threevillagecsd.org/apps/pages/index.jsp?uREC_ID=606978&type=d -> https://threevillagecsd.org/apps/news/index.jsp?id=0 -> https://threevillagecsd.org/apps/events/event.jsp?eREC_ID=5616909&d=2026-10-01&id=10 -> htt,,40,yes,https://www.youtube.com/c/ThreeVillageCentralSchoolDistrict
us:sd:3904368,Bucyrus City School District,Ohio,bucyrusschools.org,https://bucyrusschools.org/ -> http://bucyrusschools.org/ -> http://www.bucyrusschools.org/ -> https://events.bucyrusschools.org/ -> https://www.bucyrusschools.org/events -> https://events.bucyrusschools.org/events/1699 -> https://events.bucyrusschools.org/events/1708 -> https://events.bucyrusschools.org/events/1700 -> https://events.bucyrusschools.org/calendar -> https://events.bucyrusschools.org/events/1707 -> https://events.bucyrusschools.org/events/1702 -> https://events.bucyrusschools.org/e,,14,no,
us:sd:3630660,West Hempstead Union Free School District,New York,whufsd.com,"https://whufsd.com/ -> http://whufsd.com/ -> http://www.whufsd.com/ -> https://www.whufsd.com/documents/departments/performing,-fine-and-culinary-arts/events/860937 -> https://go.boarddocs.com/ny/whufsd/Board.nsf -> https://www.whufsd.com/page/about-board-meetings -> https://www.whufsd.com/page/board-activities -> https://www.whufsd.com/page/board-goals -> https://5il.co/3fsl4 -> https://aptg.co/0F2S3h -> https://www.whufsd.com/page/board-of-education-minutes-agendas -> https://www.whufsd.com/ev",,30,no,
us:sd:3628650,Union Free School District of the Tarrytowns,New York,tufsd.org,https://tufsd.org/ -> http://tufsd.org/ -> http://www.tufsd.org/ -> https://go.boarddocs.com/ny/tufsd/Board.nsf/Public -> https://www.tufsd.org/post-details/~board/district-homepage/post/boe-meeting-september-24-2026 -> https://www.tufsd.org/boe -> https://www.tufsd.org/our-district/calendar -> https://www.tufsd.org/boe/board-policy-updates -> https://www.tufsd.org/site-map -> https://th.tufsd.org/calendar1 -> https://th.tufsd.org/site-map -> https://www.tufsd.org/post-details/~board/district-ho,,19,yes,https://www.youtube.com/user/UFSDTarrytowns/videos;https://www.youtube.com/embed/ltPNR1Q3jY0?embed_config=%7B%22enc%22:%22AXH1eznOYIg1m48cmqVBFqX_7BOPxTDzwKiuwKQhEtCsM3ZMcSNuPkbePO4hM8CUna0ygkmm9Pemy14Fdnxn4vThyFZ8pfSzmLks0SyKJK293YAiQ1x8CyztZw0fMEsz9KzoYe0kKH7twZO9ePPBJP2h1XkiVBPwOdOEoa8sWf3ZFQxSA_
us:sd:3904415,Jackson City School District,Ohio,jcs.k12.oh.us,https://jcs.k12.oh.us/ -> http://jcs.k12.oh.us/ -> http://www.jcs.k12.oh.us/ -> https://go.boarddocs.com/oh/jcs/Board.nsf/Public -> https://www.jcs.k12.oh.us/page/board-of-education -> https://www.jcs.k12.oh.us/page/sb-29-notice -> https://www.jcs.k12.oh.us/events,,12,no,
us:sd:3904412,Hillsboro City School District,Ohio,hillsboro.k12.oh.us,https://hillsboro.k12.oh.us/ -> https://www.hillsboro.k12.oh.us/ -> http://hillsboro.k12.oh.us/ -> http://www.hillsboro.k12.oh.us/ -> https://go.boarddocs.com/oh/hillc/Board.nsf/goto?open&id=DN6MT65CAA82 -> https://www.hcs-k12.org/departments/special-education/preparing-for-an-iep-meeting -> https://www.hcs-k12.org/board-of-education -> https://www.hcs-k12.org/quick-links/school-calendar -> https://www.hcs-k12.org/calendar2 -> https://www.hcs-k12.org/site-map,,34,no,
us:sd:3630780,West Seneca Central School District,New York,wscschools.org,https://wscschools.org/ -> https://www.wscschools.org/ -> http://wscschools.org/ -> http://www.wscschools.org/ -> https://go.boarddocs.com/ny/wscs/Board.nsf/goto?open&id=ASEP2N612B5D -> https://www.wscschools.org/boe -> https://www.wscschools.org/boe/board-members-26 -> https://www.wscschools.org/boe/board-meeting-dates-26-27 -> https://www.boarddocs.com/ny/wscs/Board.nsf/Public -> https://go.boarddocs.com/ny/wscs/Board.nsf/javascript/page-title-change.js -> https://www.wscschools.org/boe/board-,,35,yes,https://www.youtube.com/channel/UCiNK6RD5hIn9nIya3z7VYgA
us:sd:3904405,Geneva Area City School District,Ohio,genevaschools.org,https://genevaschools.org/ -> http://genevaschools.org/ -> http://www.genevaschools.org/ -> https://go.boarddocs.com/oh/gene/Board.nsf/goto?open&id=DHHHCN47BDC4 -> https://www.genevaschools.org/page/board-of-education -> https://www.genevaschools.org/live-feed -> https://www.genevaschools.org/live-feed?page_no=1 -> https://www.genevaschools.org/live-feed?page_no=2 -> https://www.genevaschools.org/live-feed?page_no=3 -> https://www.genevaschools.org/live-feed?page_no=49,,22,yes,https://www.youtube.com/@GenevaCitySchools
us:sd:3627660,Southwestern Central School District at Jamestown,New York,swcsk12.org,https://swcsk12.org/ -> http://swcsk12.org/ -> http://www.swcsk12.org/ -> https://go.boarddocs.com/ny/swcsk12/Board.nsf/Public -> https://www.swcsk12.org/our-district/board-of-education -> https://www.swcsk12.org/view-all-events/~occur-id/12957331 -> https://www.swcsk12.org/view-all-events/~occur-id/12957321 -> https://www.swcsk12.org/non-discrimination-notice -> https://www.swcsk12.org/district-calendar -> https://www.swcsk12.org/site-map -> https://www.swcsk12.org/departments/library-media-cen,,18,no,
us:sd:3904528,Chagrin Falls Exempted Village School District,Ohio,chagrinschools.org,https://chagrinschools.org/ -> http://chagrinschools.org/ -> http://www.chagrinschools.org/,,4,yes,https://www.youtube.com/channel/UCKjtCJfZqtlAeqDJnYXm3sA
us:sd:3900094,Monroe Local School District,Ohio,monroelocalschools.com,https://monroelocalschools.com/ -> https://www.monroelocalschools.com/ -> http://monroelocalschools.com/ -> http://www.monroelocalschools.com/ -> https://go.boarddocs.com/oh/monroe/Board.nsf/Public?open&id=policies -> https://www.monroelocalschools.com/district-info/board-of-education/ -> https://www.monroelocalschools.com/district-info/board-of-education/board-of-education -> https://www.monroelocalschools.com/district-info/board-of-education/board-meeting-dates -> https://www.monroelocalschool,,12,yes,https://www.youtube.com/channel/UC4_DpJYUStx-J-olU3dWYlQ
us:sd:3904516,Youngstown City School District,Ohio,ycsd.org,https://ycsd.org/ -> http://ycsd.org/ -> http://www.ycsd.org/ -> https://www.ycsd.org/events -> https://www.ycsd.org/o/ycsd/page/student-transcript-records,,6,yes,https://www.youtube.com/channel/UCtDKXlFFaF4vdnK2OfLG3vQ
us:sd:3904395,Euclid City School District,Ohio,euclidschools.org,https://euclidschools.org/ -> http://euclidschools.org/ -> http://www.euclidschools.org/ -> https://go.boarddocs.com/oh/euclidoh/Board.nsf/Public?open&id=welcome -> https://www.euclidschools.org/page/board-of-education -> https://www.euclidschools.org/page/live-stream-board-meetings -> https://5il.co/1rjcz -> https://euclidschoolsoh.sites.thrillshare.com/page/board-of-education -> https://euclidschoolsoh.sites.thrillshare.com/page/live-stream-board-meetings -> https://euclidschoolsoh.sites.thril,,51,yes,https://www.youtube.com/@euclidschoolsinfo8656/featured
us:sd:3704320,Stanly County Schools,North Carolina,stanlycountyschools.org,https://stanlycountyschools.org/ -> https://www.stanlycountyschools.org/ -> http://stanlycountyschools.org/ -> http://www.stanlycountyschools.org/ -> https://go.boarddocs.com/nc/stanlync/Board.nsf/Public -> https://www.stanlycountyschools.org/apps/pages/index.jsp?uREC_ID=1175678&type=d&pREC_ID=1460075 -> https://www.stanlycountyschools.org/apps/pages/index.jsp?uREC_ID=1729859&type=d -> https://www.stanlycountyschools.org/apps/pages/index.jsp?uREC_ID=1225987&type=d&pREC_ID=2734287 -> https://boar,,11,yes,https://www.youtube.com/channel/UCHv-MvTy9RSXXw4sBE3IL1Q
us:sd:3904457,Norwood City School District,Ohio,norwoodschools.org,https://norwoodschools.org/ -> http://norwoodschools.org/ -> http://www.norwoodschools.org/ -> https://go.boarddocs.com/oh/nwcs/Board.nsf/Public -> https://www.norwoodschools.org/page/board-of-education -> https://www.norwoodschools.org/page/meet-our-board -> https://www.norwoodschools.org/page/board-of-education-committees -> https://www.norwoodschools.org/o/ncs/page/board-of-education -> https://www.norwoodschools.org/events,,9,no,
us:sd:3904555,New Richmond Exempted Village School District,Ohio,nrschools.org,https://nrschools.org/ -> http://nrschools.org/ -> http://www.nrschools.org/ -> https://video.nrschools.org/,,4,no,
us:sd:3904422,Lima City School District,Ohio,limacityschools.org,https://limacityschools.org/ -> http://limacityschools.org/ -> http://www.limacityschools.org/ -> https://docs.limacityschools.org/ -> https://go.boarddocs.com/oh/lima/Board.nsf/Public?open -> https://www.limacityschools.org/schoolboard -> https://www.limacityschools.org/promotionalvideos -> https://www.limacityschools.org/calendar -> https://www.limacityschools.org/transcript,,26,yes,https://www.youtube.com/channel/UCsg2vwdNFI2LFKkH7flZs2w
us:sd:3904551,Milton-Union Exempted Village School District,Ohio,milton-union.k12.oh.us,https://milton-union.k12.oh.us/ -> http://milton-union.k12.oh.us/ -> http://www.milton-union.k12.oh.us/ -> https://go.boarddocs.com/oh/muev/Board.nsf/Public,,4,yes,https://www.youtube.com/channel/UCCqotGOOPwn5n6RH13mWrvw
us:sd:3904350,Ashland City School District,Ohio,ashlandcityschools.org,https://ashlandcityschools.org/ -> https://www.ashlandcityschools.org/ -> http://ashlandcityschools.org/ -> http://www.ashlandcityschools.org/ -> https://go.boarddocs.com/oh/ashcoh/Board.nsf/goto?open&id=DRFSU4744996 -> https://www.ashlandcityschools.org/district/board-of-education -> https://www.ashlandcityschools.org/district/board-of-education/agendas-minutes-archive -> https://www.ashlandcityschools.org/fs/resource-manager/view/7c3f6740-c334-4a3e-9fb0-c70300588cb8 -> https://www.ashlandcitys,,20,yes,http://www.youtube.com/@AshlandCitySchoolsOH;https://youtu.be/vbv8jFzBo_g
us:sd:3904420,Lancaster City School District,Ohio,lancaster.k12.oh.us,https://lancaster.k12.oh.us/ -> http://lancaster.k12.oh.us/ -> http://www.lancaster.k12.oh.us/ -> https://go.boarddocs.com/oh/lancaster/Board.nsf -> https://www.lancaster.k12.oh.us/board-of-education -> https://simbli.eboardsolutions.com/Policy/PolicyListing.aspx?S=36032104 -> https://launchpad.classlink.com/login -> https://www.lancaster.k12.oh.us/board-of-education/board-of-education-meeting-dates -> https://www.lancaster.k12.oh.us/board-of-education/board-of-education-standing-committees -> h,,12,yes,https://www.youtube.com/user/LancasterSchools
us:sd:3631980,Yorktown Central School District,New York,yorktown.org,https://yorktown.org/ -> https://www.yorktown.org/ -> http://yorktown.org/ -> http://www.yorktown.org/ -> https://www.google.com/url?q=https%3A%2F%2Fsites.google.com%2Fyorktown.org%2Fboe%2Fhome&sa=D&sntz=1&usg=AOvVaw35ieA8a7jzP_e2nn6aqYFI -> https://sites.google.com/yorktown.org/boe/home -> https://www.youtube.com/playlist?list=PL6hxOg2gUdsGVOu-0wXkNWfkwoj8oSOpv -> https://sites.google.com/yorktown.org/boe/boe-policies?authuser=0 -> https://sites.google.com/yorktown.org/boe/boe-policies/1230-pub,https://www.youtube.com/playlist?list=PL6hxOg2gUdsGVOu-0wXkNWfkwoj8oSOpv,23,yes,https://www.youtube.com/channel/UCS54FE90teRUJs6ElsOUt7Q
us:sd:3904453,North Ridgeville City School District,Ohio,nrcs.net,https://nrcs.net/ -> http://nrcs.net/ -> http://www.nrcs.net/ -> https://www.nrcs.net/about-us/board-of-education -> https://www.nrcs.net/about-us/board-of-education/board-members -> https://www.youtube.com/c/NrcsK12OhUsrangers/videos,https://www.youtube.com/c/NrcsK12OhUsrangers/videos,10,yes,https://www.youtube.com/c/NrcsK12OhUsrangers/videos
us:sd:3904586,Grand Valley Local School District,Ohio,grand-valley.k12.oh.us,https://grand-valley.k12.oh.us/ -> http://grand-valley.k12.oh.us/ -> http://www.grand-valley.k12.oh.us/ -> http://go.boarddocs.com/oh/grav/Board.nsf/goto?open&id=C2YS5F6AC7E4 -> https://www.grand-valley.k12.oh.us/page/board-members -> https://www.grand-valley.k12.oh.us/page/board-meetings -> https://www.grand-valley.k12.oh.us/o/grand-valley/browse/11388 -> https://studentparentportal.neomin.org/ -> https://www.grand-valley.k12.oh.us/page/district-annual-notice -> https://www.grand-valley.k12.oh.,,9,no,
us:sd:3904429,Mansfield City School District,Ohio,tygerpride.com,https://tygerpride.com/ -> https://www.tygerpride.com/ -> http://tygerpride.com/ -> http://www.tygerpride.com/ -> https://www.tygerpride.com/protected/ArticleView.aspx?iid=6IIBBYY&dasi=4G3YB -> https://www.tygerpride.com/protected/ArticleView.aspx?iid=6I30UB2&dasi=4G3YB -> https://www.tygerpride.com/boardofeducation.aspx -> https://www.tygerpride.com/protected/EventView.aspx?id=80BUBGBI0 -> https://www.tygerpride.com/protected/EventView.aspx?id=80BUBGYI2 -> https://www.tygerpride.com/protected/E,,22,yes,https://www.youtube.com/channel/UCPb79YZKpmwHertNcckL73w?view_as=subscriber;https://www.youtube.com/embed/Ju3nMO_futU?rel=0&autoplay=1&mute=1&loop=1&playlist=Ju3nMO_futU&autoplay=1&mute=1&loop=1&playlist=Ju3nMO_futU&rel=0
us:sd:3904594,Minster Local School District,Ohio,minsterschools.org,https://minsterschools.org/ -> http://minsterschools.org/ -> http://www.minsterschools.org/ -> https://docs.minsterschools.org/,,4,no,
us:sd:3904525,Caldwell Exempted Village School District,Ohio,caldwell.k12.oh.us,https://caldwell.k12.oh.us/ -> http://caldwell.k12.oh.us/ -> http://www.caldwell.k12.oh.us/ -> http://go.boarddocs.com/oh/caldwell/Board.nsf/Public?open&id=policies -> https://www.caldwell.k12.oh.us/staff?filter_ids=51350 -> https://go.boarddocs.com/oh/caldwell/Board.nsf/Public -> https://www.caldwell.k12.oh.us/events?start_date=2023-02-01&end_date=2023-02-28&section_ids=262182 -> https://www.caldwell.k12.oh.us/events,,24,no,
us:sd:3904636,Williamsburg Local School District,Ohio,burgschools.org,https://burgschools.org/ -> http://burgschools.org/ -> http://www.burgschools.org/ -> https://docs.burgschools.org/ -> https://www.burgschools.org/events,,5,yes,https://www.youtube.com/@WilliamsburgLocalSchools
us:sd:3904659,Richmond Heights Local School District,Ohio,richmondheightsschools.org,https://richmondheightsschools.org/ -> http://richmondheightsschools.org/ -> http://www.richmondheightsschools.org/ -> https://www.richmondheightsschools.org/documents/board-of-education/board-meetings/10/10/2022-board-meeting---regular-session/383499 -> https://go.boarddocs.com/oh/richhei/Board.nsf/Public -> https://www.richmondheightsschools.org/page/board-members -> https://www.richmondheightsschools.org/documents/board-of-education/20393544 -> https://www.richmondheightsschools.org/documents,,8,no,
us:sd:3904708,Pike-Delta-York Local School District,Ohio,pdys.org,https://pdys.org/ -> http://pdys.org/ -> http://www.pdys.org/,,4,yes,https://www.youtube.com/@PDYPODCAST
us:sd:3904561,Tipp City Exempted Village School District,Ohio,tippcityschools.com,https://tippcityschools.com/ -> http://tippcityschools.com/ -> http://www.tippcityschools.com/ -> https://video.tippcityschools.com/ -> https://go.boarddocs.com/oh/tipp/Board.nsf/Public -> https://www.tippcityschools.com/o/tipp-city/page/tipp-city-board-of-education-2026 -> https://www.tippcityschools.com/page/tipp-city-board-of-education-2026 -> https://www.tippcityschools.com/page/2026-board-of-education-meeting-dates-new -> https://www.tippcityschools.com/page/about-board-meetings -> https://,,9,yes,https://www.youtube.com/c/TippCitySchoolsTCEVS
us:sd:3904437,Mayfield City School District,Ohio,mayfieldschools.org,https://mayfieldschools.org/ -> https://www.mayfieldschools.org/ -> http://mayfieldschools.org/ -> http://www.mayfieldschools.org/ -> https://mayfieldschools.org/index.php?pageID=smartSiteFeed&psqFeed=true&articleID=89594684 -> https://mayfieldschools.org/index.php?pageID=smartSiteFeed&psqFeed=true&articleID=85595379 -> https://mayfieldschools.org/index.php?pageID=smartSiteFeed&psqFeed=true&articleID=85519535 -> https://mayfieldschools.org/board-of-education -> https://go.boarddocs.com/oh/mayoh/,,8,yes,https://www.youtube.com/channel/UCLSQd-rKHZfL4qY4SDoiL-A/videos
us:sd:3904366,Brunswick City School District,Ohio,bcsoh.org,https://www.bcsoh.org/ -> http://www.bcsoh.org/ -> https://thebeat.viebit.com/index.php?folder=ALL -> https://www.bcsoh.org/about/board-of-education -> https://www.bcsoh.org/about/board-of-education/board-of-education-meeting-schedule-virtual-meeting-links -> https://www.bcsoh.org/about/board-of-education/board-policy -> https://go.boarddocs.com/oh/bcsdoh/Board.nsf/goto?open&id=CVFTRJ704B2E -> https://www.bcsoh.org/about/journey-of-a-blue-devil/watch-the-video -> https://www.bcsoh.org/about/faci,,207,yes,https://www.youtube.com/c/brunswickcityschools
us:sd:3904474,Sandusky City School District,Ohio,sandusky-city.k12.oh.us,https://sandusky-city.k12.oh.us/ -> https://www.sandusky-city.k12.oh.us/ -> http://sandusky-city.k12.oh.us/ -> http://www.sandusky-city.k12.oh.us/ -> https://www.scs-k12.net/boardofeducation.aspx -> https://www.scs-k12.net/protected/EventView.aspx?id=80BUB03Y2 -> https://www.scs-k12.net/protected/EventView.aspx?id=80BUB0IU2 -> https://www.scs-k12.net/Default.aspx -> https://www.scs-k12.net/StaffDirectory.aspx -> https://www.scs-k12.net/HealthBenefitsBoard.aspx -> https://www.scs-k12.net/BoardofE,,5,no,
us:sd:3904387,Delaware City School District,Ohio,dcs.k12.oh.us,https://dcs.k12.oh.us/ -> https://www.dcs.k12.oh.us/ -> http://dcs.k12.oh.us/ -> http://www.dcs.k12.oh.us/ -> https://www.dcs.k12.oh.us/our-district/board-of-education/board-members -> https://www.dcs.k12.oh.us/our-district/board-of-education/agendas -> https://www.dcs.k12.oh.us/our-district/board-of-education/meeting-schedule -> https://www.dcs.k12.oh.us/our-district/board-of-education/minutes -> https://www.dcs.k12.oh.us/fs/resource-manager/view/b90a42fc-68e9-4136-a880-07b8996a19d1 -> https://,,10,yes,https://www.youtube.com/@DelawareCitySchools
us:sd:3904758,Liberty Center Local School District,Ohio,libertycenter.k12.oh.us,https://libertycenter.k12.oh.us/ -> https://www.libertycenter.k12.oh.us/ -> http://libertycenter.k12.oh.us/ -> http://www.libertycenter.k12.oh.us/ -> https://go.boarddocs.com/oh/libcen/Board.nsf/goto?open&id=AXBJHQ4D247A -> https://www.libertycenterschools.org/boe -> https://www.libertycenterschools.org/boedates -> https://www.libertycenterschools.org/sys/content/newspost/72765f2726d24c39a4050193abc0b3f9 -> https://www.libertycenterschools.org/minutesagendas,,6,yes,https://www.youtube.com/channel/UC6YKL0yd3EcL3FR_RyA8FSQ
us:sd:3904560,Rossford Exempted Village School District,Ohio,rossfordschools.org,https://rossfordschools.org/ -> https://www.rossfordschools.org/ -> http://rossfordschools.org/ -> http://www.rossfordschools.org/ -> https://www.rossfordschools.org/BoardofEducation.aspx -> https://www.rossfordschools.org/protected/EventView.aspx?id=9GI3YA2AYB -> https://www.rossfordschools.org/protected/EventView.aspx?id=9GIG2Y2II2 -> https://www.rossfordschools.org/protected/EventView.aspx?id=9G3UI3AB0B -> https://www.rossfordschools.org/Default.aspx -> https://www.rossfordschools.org/Parents,,9,no,
us:sd:3904463,Parma City School District,Ohio,parmacityschools.org,https://parmacityschools.org/ -> http://parmacityschools.org/ -> http://www.parmacityschools.org/ -> https://go.boarddocs.com/oh/parma/Board.nsf/goto?open&id=AZPJBQ47E674 -> https://www.parmacityschools.org/our-district/departments/treasurer/records-commission -> https://www.parmacityschools.org/our-district/board-of-education -> https://www.parmacityschools.org/resources/for-parents/parma-council-of-ptas/welcome -> https://www.parmacityschools.org/resources/for-parents/parma-council-of-ptas -> ,,88,yes,https://www.youtube.com/channel/UCArck666zeNhPNHVyZUrpWA
us:sd:3904543,Indian Hill Exempted Village School District,Ohio,indianhillschools.org,https://indianhillschools.org/ -> https://www.indianhillschools.org/ -> http://indianhillschools.org/ -> http://www.indianhillschools.org/ -> https://indianhillschools.org/default.aspx -> https://indianhillschools.org/hs.aspx -> https://indianhillschools.org/protected/ArticleView.aspx?iid=4G2G0&dasi=3GI2 -> https://indianhillschools.org/BoardofEducation.aspx -> https://indianhillschools.org/protected/EventView.aspx?id=82P0GI2Y0 -> https://indianhillschools.org/DrMelissaStewart.aspx -> https://in,,62,yes,https://www.youtube.com/channel/UCAeo9R4JnQWLjr2_I6qLJfA
us:sd:3904670,Ayersville Local School District,Ohio,ayersville.org,https://ayersville.org/ -> https://www.ayersville.org/ -> http://ayersville.org/ -> http://www.ayersville.org/ -> https://sites.google.com/ayersvillepilots.org/ayersville/district-offices/board-of-education -> https://sites.google.com/ayersvillepilots.org/ayersville/calendars/district-calendar -> https://sites.google.com/ayersvillepilots.org/ayersville/calendars/elementary-calendar -> https://sites.google.com/ayersvillepilots.org/ayersville/calendars/high-school-calendar -> https://sites.google.,,21,yes,https://www.youtube.com/@AyersvilleLocalSchools
us:sd:3904922,Southeast Local School District,Ohio,sepirates.org,https://sepirates.org/ -> http://sepirates.org/ -> http://www.sepirates.org/,,4,yes,https://www.youtube.com/@southeastlocalschools8514
us:sd:3904894,Genoa Area Local School District,Ohio,genoaschools.com,https://genoaschools.com/ -> http://genoaschools.com/ -> http://www.genoaschools.com/ -> https://docs.genoaschools.com/,,4,yes,https://www.youtube.com/@GenoaAreaLocalSchools
us:sd:3904680,Margaretta Local School District,Ohio,margarettaschooldistrict.com,https://margarettaschooldistrict.com/ -> https://www.margarettaschooldistrict.com/ -> http://margarettaschooldistrict.com/ -> http://www.margarettaschooldistrict.com/ -> https://www.margarettaschooldistrict.com/BoardofEducation.aspx -> https://www.margarettaschooldistrict.com/protected/ArticleView.aspx?iid=500GUY&dasi=4GBU0 -> https://www.margarettaschooldistrict.com/protected/ArticleView.aspx?iid=5UY2GY&dasi=4GBU0 -> https://www.margarettaschooldistrict.com/MenuItem/Margaretta%20Calendar%2026-2,,45,yes,https://www.youtube.com/@margarettahighschool4778/videos
us:sd:3904744,Liberty-Benton Local School District,Ohio,liberty-benton.org,https://liberty-benton.org/ -> https://www.liberty-benton.org/ -> http://liberty-benton.org/ -> http://www.liberty-benton.org/ -> http://go.boarddocs.com/oh/lbenton/Board.nsf/goto?open&id=C8KUDF773910 -> https://www.liberty-benton.org/BoardofEducation.aspx -> https://www.liberty-benton.org/HS-Calendar.aspx -> https://www.liberty-benton.org/MS-Calendar.aspx -> https://www.liberty-benton.org/ES-Calendar.aspx -> https://www.liberty-benton.org/Default.aspx -> https://www.liberty-benton.org/enroll.as,,49,no,
us:sd:3904776,Oak Hill Union Local School District,Ohio,oakhill.k12.oh.us,https://oakhill.k12.oh.us/ -> https://www.oakhill.k12.oh.us/ -> http://oakhill.k12.oh.us/ -> http://www.oakhill.k12.oh.us/ -> https://go.boarddocs.com/oh/ohulsd/Board.nsf/Public?open&id= -> https://oakhill.k12.oh.us/district/board-of-education -> https://oakhill.k12.oh.us/district/board-of-education/board-info -> https://oakhill.k12.oh.us/district/board-of-education/boe-minutes -> https://oakhill.k12.oh.us/district/board-of-education/boe-minutes/2026-board-meeting-minutes -> https://oakhill.k12.,,29,yes,https://www.youtube.com/@OakHillMiddle-HighSchool-w5g
us:sd:3904881,Northmor Local School District,Ohio,knightpride.org,https://knightpride.org/ -> http://knightpride.org/ -> http://www.knightpride.org/ -> https://events.knightpride.org/ -> https://northmorlocalsdoh.sites.thrillshare.com/page/board-of-education -> https://www.knightpride.org/events -> https://events.knightpride.org/calendar -> https://events.knightpride.org/calendar?view=calendar -> https://events.knightpride.org/calendar?view=list -> https://events.knightpride.org/calendar/2026/8?view=calendar -> https://events.knightpride.org/calendar/2026/10?v,,6,no,
us:sd:3904877,Morgan Local School District,Ohio,morganschools.org,https://morganschools.org/ -> http://morganschools.org/ -> http://www.morganschools.org/ -> https://agenda.morganschools.org/ -> https://go.boarddocs.com/oh/morganlocal/Board.nsf/vpublic?open -> https://www.morganschools.org/district/board-of-education -> https://www.morganschools.org/parentsstudents/infinite-campus-parent-portal -> https://www.morganschools.org/calendar1 -> https://www.morganschools.org/site-map -> https://www.morganschools.org/district-news/~board/morgan-local-school-district-,,12,yes,https://www.youtube.com/user/MorganLocalSchools
us:sd:3904837,Springfield Local School District,Ohio,springfieldspartans.org,https://springfieldspartans.org/ -> http://springfieldspartans.org/ -> http://www.springfieldspartans.org/ -> https://www.springfieldspartans.org/board-of-education -> https://www.springfieldspartans.org/board-of-education/board-meetings -> https://www.springfieldspartans.org/board-of-education/board-meeting-archives -> https://www.springfieldspartans.org/departments/business/business-advisory-council -> https://www.springfieldspartans.org/board-of-education/committees -> https://www.springfield,,14,yes,https://www.youtube.com/channel/UC7aCNrXoQX4ldSaJDXhscVg
us:sd:3904702,Dublin City School District,Ohio,dublinschools.net,https://dublinschools.net/ -> http://dublinschools.net/ -> http://www.dublinschools.net/ -> https://go.boarddocs.com/oh/dublin/Board.nsf/Public -> https://www.dublinschools.net/boe -> https://www.youtube.com/@DublinCItySchoolsOH/streams -> https://www.dublinschools.net/boe/student-board-reps -> https://www.dublinschools.net/boe/agendas -> https://www.dublinschools.net/resources/calendars/monthly-event-calendar -> https://www.dublinschools.net/boe/contact-the-board -> https://www.dublinschools.ne,https://www.youtube.com/@DublinCItySchoolsOH/streams,61,yes,https://www.youtube.com/@DublinCItySchoolsOH/streams;https://www.youtube.com/embed/UBItQ6v02bs?si=OVkLWIRWITGfd4ho;https://youtu.be/QZko39mUE7Q?si=IvMkrRSNb0MOigqi;https://youtu.be/gc1Z_VagL14?si=KRtTvgQ2HmhmJQdN
us:sd:3904558,Perrysburg Exempted Village School District,Ohio,perrysburgschools.net,https://perrysburgschools.net/ -> https://www.perrysburgschools.net/ -> http://perrysburgschools.net/ -> http://www.perrysburgschools.net/ -> http://go.boarddocs.com/oh/perrysburg/Board.nsf/Public -> https://www.perrysburgschools.net/protected/ArticleView.aspx?iid=6YABUPB&dasi=3PU0 -> https://www.perrysburgschools.net/Board.aspx -> https://www.perrysburgschools.net/BoardCommittees.aspx -> https://www.perrysburgschools.net/BusinessAdvisoryCouncil.aspx -> https://go.boarddocs.com/oh/perrysburg/Boa,,25,yes,https://www.youtube.com/channel/UCEr96UIvnUDDfHDqIU5PfLw
us:sd:3904798,Johnstown-Monroe Local School District,Ohio,johnstown.k12.oh.us,https://johnstown.k12.oh.us/ -> https://www.johnstown.k12.oh.us/ -> http://johnstown.k12.oh.us/ -> http://www.johnstown.k12.oh.us/ -> https://www.johnstown.k12.oh.us/protected/ArticleView.aspx?iid=4P0GY&dasi=3G32 -> https://www.johnstown.k12.oh.us/BoardofEducation.aspx -> https://www.johnstown.k12.oh.us/Policies.aspx -> https://www.johnstown.k12.oh.us/Default.aspx -> https://www.johnstown.k12.oh.us/OurDistrict.aspx -> https://go.boarddocs.com/oh/jtmo/Board.nsf/Public -> https://www.johnstown.k12,https://www.youtube.com/playlist?list=PLDIhIXh5XNC3klEVNNEn5vgg63gY8G2Ov;https://www.youtube.com/playlist?list=PLDIhIXh5XNC3rgnesBeMmQtD1xPETimBD,137,yes,https://www.youtube.com/@jmsdyoutube5802
us:sd:3904787,Kirtland Local School District,Ohio,kirtlandschools.org,https://kirtlandschools.org/ -> https://www.kirtlandschools.org/ -> http://kirtlandschools.org/ -> http://www.kirtlandschools.org/ -> https://go.boarddocs.com/oh/kirt/Board.nsf/goto?open&id=DFAL2Y545F4B -> https://www.kirtlandschools.org/protected/MasterCalendar.aspx -> https://www.kirtlandschools.org/protected/EventView.aspx?id=8UG32PI00 -> https://www.kirtlandschools.org/protected/EventView.aspx?id=8UG000II2 -> https://www.kirtlandschools.org/KEC.aspx -> https://www.kirtlandschools.org/Boardof,,12,yes,https://youtu.be/Mz3AvbYTuNY
us:sd:3904874,Valley View Local School District,Ohio,valleyview.k12.oh.us,https://valleyview.k12.oh.us/ -> http://valleyview.k12.oh.us/ -> http://www.valleyview.k12.oh.us/ -> https://agenda.valleyview.k12.oh.us/ -> https://www.valleyview.k12.oh.us/central-office/board-of-education -> https://www.valleyview.k12.oh.us/central-office/board-policy-manual -> https://www.valleyview.k12.oh.us/~board/athletics-news/post/meetings -> https://www.valleyview.k12.oh.us/central-office/human-capital/staff-portal -> https://www.valleyview.k12.oh.us/link-1/2026-2027-academic-calendar ,,94,yes,https://www.youtube.com/@valleyviewschools9145
us:sd:3904923,Streetsboro City School District,Ohio,streetsboroschools.com,https://streetsboroschools.com/ -> https://www.streetsboroschools.com/ -> http://streetsboroschools.com/ -> http://www.streetsboroschools.com/ -> https://www.scsrockets.org/page/scs-board-of-education -> https://www.boarddocs.com/oh/streetsboro/Board.nsf/ -> https://go.boarddocs.com/oh/streetsboro/Board.nsf/Private?open&login -> https://www.scsrockets.org/page/transcript-request,,7,yes,https://www.youtube.com/@SHSRocketsBroadcasting
us:sd:4009420,Darlington Public School,Oklahoma,darlingtonps.org,https://darlingtonps.org/ -> http://darlingtonps.org/ -> http://www.darlingtonps.org/ -> https://www.darlingtonps.org/documents/board-agendas/720713 -> https://www.darlingtonps.org/events,,7,no,
us:sd:3904951,Paint Valley Local School District,Ohio,paintvalleylocalschools.org,https://paintvalleylocalschools.org/ -> https://www.paintvalleylocalschools.org/ -> http://paintvalleylocalschools.org/ -> http://www.paintvalleylocalschools.org/ -> https://www.paintvalleylocalschools.org/district-office/board-of-education,,5,yes,https://www.youtube.com/channel/UCcMoSN4ABF0mIW0CJ0mQC6w
us:sd:3905051,Wolf Creek Local School District,Ohio,wolfcreek.k12.oh.us,https://wolfcreek.k12.oh.us/ -> http://wolfcreek.k12.oh.us/ -> http://www.wolfcreek.k12.oh.us/ -> https://go.boarddocs.com/oh/wolf/Board.nsf/Public?open&id=policies -> https://www.wolfcreek.k12.oh.us/page/school-board -> https://www.wolfcreek.k12.oh.us/page/board-minutes-archived -> https://www.wolfcreek.k12.oh.us/live-feed -> https://www.wolfcreek.k12.oh.us/live-feed?page_no=1 -> https://www.wolfcreek.k12.oh.us/live-feed?page_no=2 -> https://www.wolfcreek.k12.oh.us/live-feed?page_no=3 -> https:,,60,no,
us:sd:3904834,Poland Local School District,Ohio,polandbulldogs.com,https://polandbulldogs.com/ -> http://polandbulldogs.com/ -> http://www.polandbulldogs.com/ -> https://go.boarddocs.com/oh/poland/Board.nsf/goto?open&id=AYVSUM662FCC -> https://www.polandbulldogs.com/departments/curriculum/business-advisory-council -> https://www.polandbulldogs.com/departments/curriculum/links/board-policies -> http://go.boarddocs.com/oh/poland/Board.nsf/goto?open&id=BZTMJN59CEAC -> https://www.polandbulldogs.com/board-of-education/meetings -> https://www.polandbulldogs.com/boar,,30,yes,https://www.youtube.com/@PolandLocalSchools
us:sd:3904815,Firelands Local School District,Ohio,firelandsschools.org,https://firelandsschools.org/ -> https://www.firelandsschools.org/ -> http://firelandsschools.org/ -> http://www.firelandsschools.org/ -> http://go.boarddocs.com/oh/fls/Board.nsf/Public?open&id=policies -> https://www.firelandsschools.org/BoardofEducation.aspx -> https://www.firelandsschools.org/protected/EventView.aspx?id=80BI22U00 -> https://www.firelandsschools.org/Downloads/PUBLIC%20PARTICIPATION%20AT%20BOARD%20MEETINGS2.pdf -> https://www.firelandsschools.org/protected/ArticleView.aspx?iid=,,21,no,
us:sd:3904820,Anthony Wayne Local School District,Ohio,anthonywayneschools.org,https://anthonywayneschools.org/ -> https://www.anthonywayneschools.org/ -> http://anthonywayneschools.org/ -> http://www.anthonywayneschools.org/ -> https://go.boarddocs.com/oh/awls/Board.nsf/Public -> https://www.anthonywayneschools.org/Board -> https://www.anthonywayneschools.org/protected/EventView.aspx?id=82U3Y200Y -> https://www.anthonywayneschools.org/Default.aspx -> https://www.anthonywayneschools.org/protected/MasterCalendar.aspx -> https://www.anthonywayneschools.org/protected/EventVie,,46,yes,https://www.youtube.com/@anthonywaynelocalschools3668
us:sd:4203390,Benton Area School District,Pennsylvania,bentonsd.k12.pa.us,https://bentonsd.k12.pa.us/ -> http://bentonsd.k12.pa.us/ -> http://www.bentonsd.k12.pa.us/,,4,yes,https://www.youtube.com/c/thebentonbroadcast
us:sd:3905044,Little Miami Local School District,Ohio,littlemiamischools.com,https://littlemiamischools.com/ -> http://littlemiamischools.com/ -> http://www.littlemiamischools.com/ -> https://go.boarddocs.com/oh/lmls/Board.nsf/vpublic?open -> https://www.littlemiamischools.com/page/board-of-education -> https://www.littlemiamischools.com/page/board-policy-committee -> https://www.littlemiamischools.com/page/board-members -> https://www.littlemiamischools.com/page/archived-meetings-minutes-2004-2015 -> https://www.littlemiamischools.com/page/social-media-channels -> https,,15,yes,https://www.youtube.com/@LittleMiamiSchools
us:sd:3910017,Bedford City School District,Ohio,bedfordschools.org,https://bedfordschools.org/ -> https://www.bedfordschools.org/ -> http://bedfordschools.org/ -> http://www.bedfordschools.org/ -> https://www.bedford.k12.oh.us/school-board -> https://www.bedford.k12.oh.us/school-board/about-the-board -> https://www.bedford.k12.oh.us/school-board/board-meetings-live-stream -> https://www.bedford.k12.oh.us/school-board/board-policies-neola -> https://www.bedford.k12.oh.us/about/district-calendar -> https://www.bedford.k12.oh.us/about/district-news/dynamic/~board/,,19,yes,https://www.youtube.com/channel/UCaN6I7hkq6CvIUfcKrF897A
us:sd:3904487,Sylvania City School District,Ohio,sylvania.k12.oh.us,https://sylvania.k12.oh.us/ -> https://www.sylvania.k12.oh.us/ -> http://sylvania.k12.oh.us/ -> http://www.sylvania.k12.oh.us/ -> https://go.boarddocs.com/oh/sylvania/Board.nsf/Public -> https://www.sylvania.k12.oh.us/BoardofEducation.aspx -> https://www.youtube.com/@districtboard4638/videos -> https://www.sylvania.k12.oh.us/protected/EventView.aspx?id=9GI3UAIYGI -> https://www.sylvania.k12.oh.us/protected/EventView.aspx?id=9GI3UAIYY2 -> https://www.sylvania.k12.oh.us/protected/eventview.aspx?id,https://www.youtube.com/@districtboard4638/videos,39,yes,https://www.youtube.com/@districtboard4638/videos
us:sd:3905018,Lakeview Local School District,Ohio,lakeviewlocal.org,https://lakeviewlocal.org/ -> https://www.lakeviewlocal.org/ -> http://lakeviewlocal.org/ -> http://www.lakeviewlocal.org/ -> https://go.boarddocs.com/oh/lvlsd/Board.nsf/Public?open&id=policies -> https://www.lakeviewlocal.org/about-us/board-of-education/board-members -> https://www.lakeviewlocal.org/about-us/board-of-education/board-meeting-dates -> https://www.lakeviewlocal.org/about-us/board-of-education/board-meeting-minutes -> https://www.lakeviewlocal.org/departments/finance/treasurer-meet,,18,yes,https://www.youtube.com/@wearelakeview4722
us:sd:3910003,Sidney City School District,Ohio,sidneycityschools.org,https://sidneycityschools.org/ -> https://www.sidneycityschools.org/ -> http://sidneycityschools.org/ -> http://www.sidneycityschools.org/ -> https://go.boarddocs.com/oh/sidn/Board.nsf/Public -> https://www.sidneycityschools.org/about/board-of-education -> https://www.sidneycityschools.org/site-map -> https://www.sidneycityschools.org/connect/events -> https://www.sidneycityschools.org/connect/news/news-post-page/~board/high-school/post/join-us-for-the-1st-annual-shs-variety-show,,7,yes,https://www.youtube.com/c/SidneyCitySchoolsTV;https://www.youtube.com/embed/LWGx9UpRZig?embed_config=%7B%22enc%22:%22AXH1ezlvlF666k1jm7coLokUuqWqvNzhTl5XQLA9krGQGVCLRvPneXYsgLvzwHv-y5zvvwufSFBR9riZfLd4so4mPPPkDMNvM0IVbb-XZfRHs17p7UgWZ3cYfDy2J_tcA0deAnUdfS03sX_jvX0bLN7El0bbDJEIApC6WacZ9f94mhFKk6iaXX2
us:sd:3905001,Green Local School District,Ohio,greenlocalschools.org,https://greenlocalschools.org/ -> http://greenlocalschools.org/ -> http://www.greenlocalschools.org/ -> https://media.greenlocalschools.org/ -> https://go.boarddocs.com/oh/greensumoh/Board.nsf/Public -> https://www.greenlocalschools.org/district/board-of-education -> https://www.greenlocalschools.org/district/board-of-education/board-members -> https://www.greenlocalschools.org/departments/technology/video-tutorials -> https://www.greenlocalschools.org/district/board-of-education/meeting-recordi,,1,yes,https://www.youtube.com/channel/UCMrTVnTdmR6WxZyQIFctbYA/videos?view=57
us:sd:4207110,Cumberland Valley School District,Pennsylvania,cvschools.org,https://cvschools.org/ -> http://cvschools.org/ -> http://www.cvschools.org/ -> https://www.cvschools.org/documents/community/eagle-foundation/events/612783,,5,yes,https://www.youtube.com/@cvschools/videos
us:sd:4206960,Council Rock School District,Pennsylvania,crsd.org,https://crsd.org/ -> http://crsd.org/ -> http://www.crsd.org/ -> https://media.crsd.org/ -> https://www.crsd.org/o/crsd,,5,yes,https://www.youtube.com/c/CouncilRockSchoolDistrict
us:sd:4204980,Carbondale Area School District,Pennsylvania,carbondalearea.org,https://carbondalearea.org/ -> http://carbondalearea.org/ -> http://www.carbondalearea.org/ -> https://go.boarddocs.com/pa/carb/Board.nsf/vpublic?open -> https://www.carbondalearea.org/board-of-education/board-information,,5,yes,https://www.youtube.com/@CarbondaleAreaSchoolDistrict
us:sd:3905062,Edon Northwest Local School District,Ohio,edon.k12.oh.us,https://edon.k12.oh.us/ -> https://www.edon.k12.oh.us/ -> http://edon.k12.oh.us/ -> http://www.edon.k12.oh.us/ -> https://sites.google.com/edon-nw.org/wv2/district/board-of-education -> https://www.google.com/url?q=https%3A%2F%2Fwww.boarddocs.com%2Foh%2Fedon%2FBoard.nsf%2FPublic&sa=D&sntz=1&usg=AOvVaw1JnQFCU2gHQjbsX7bDaRpN -> https://www.google.com/calendar/embed?embed_style=WyJhdDplbWI6c3QiLCIjZTBlMGUwIiwiI2VkZWRlZCIsIiM0MTg0ZjMiLCJyb2JvdG8iLCIjNjM2MzYzIiw1MDAsIiNmZmYiXQo&eopt=0&mode=agenda&sho,,3,no,
us:sd:3910030,Celina City School District,Ohio,celinaschools.org,https://celinaschools.org/ -> https://www.celinaschools.org/ -> http://celinaschools.org/ -> http://www.celinaschools.org/ -> https://go.boarddocs.com/oh/celi/Board.nsf/Public?open&id=policies -> https://www.celinaschools.org/BOE.aspx -> https://www.celinaschools.org/BOE_MeetingSchedule.aspx -> https://www.celinaschools.org/protected/EventView.aspx?id=80B0UAAAB -> https://www.celinaschools.org/BOE_MeetingAgendas.aspx -> https://www.celinaschools.org/september212026regularmeeting.aspx -> https://,,22,yes,https://www.youtube.com/embed/lwa3rbzoeaU?autoplay=1&mute=1&loop=1&controls=0&playlist=lwa3rbzoeaU&rel=0;https://www.youtube.com/embed/pI9AsryqsSw?autoplay=1&mute=1&loop=1&controls=0&playlist=pI9AsryqsSw&rel=0
us:sd:4109270,Ontario School District 8,Oregon,ontario.k12.or.us,https://ontario.k12.or.us/ -> http://ontario.k12.or.us/ -> http://www.ontario.k12.or.us/ -> https://www.ontario.k12.or.us/District/School-Board/index.html -> https://www.ontario.k12.or.us/District/School-Board/OSD-Board-Members/index.html -> https://www.ontario.k12.or.us/District/School-Board/Meeting-Recordings/index.html -> https://www.ontario.k12.or.us/__catapult_pages/7ae61d3c-e0a9-4c49-a68b-a9b0ee4d0e40/School-Board.html -> https://www.ontario.k12.or.us/District/School-Board/District/School-,,23,yes,https://www.youtube.com/channel/UCmoyAAnD9sD225PEXXIossA;https://www.youtube.com/embed/ERm0MxccT2U;https://www.youtube.com/embed/Jt_ciKSZbwU;https://www.youtube.com/embed/JAIVwoual4Y?si=cUaxjMoAk51i1Pk8
us:sd:4211190,Greenwood School District,Pennsylvania,greenwoodsd.org,https://greenwoodsd.org/ -> http://greenwoodsd.org/ -> http://www.greenwoodsd.org/ -> https://www.greenwoodsd.org/o/gsd/page/school-board -> https://www.greenwoodsd.org/events,,6,yes,https://www.youtube.com/channel/UCrCxZbrz8-4QZOwAEp1zGpA/featured
us:sd:4211700,Hazleton Area School District,Pennsylvania,hasdk12.org,https://hasdk12.org/ -> http://hasdk12.org/ -> http://www.hasdk12.org/,,4,yes,https://www.youtube.com/@hasdk12
us:sd:4205370,Central Columbia School District,Pennsylvania,ccsd.cc,https://www.ccsd.cc/ -> http://www.ccsd.cc/ -> https://video.ccsd.cc/,,3,yes,https://www.youtube.com/@youtubeccsd3999
us:sd:4200824,Central Valley School District,Pennsylvania,centralvalleysd.org,https://centralvalleysd.org/ -> https://www.centralvalleysd.org/ -> http://centralvalleysd.org/ -> http://www.centralvalleysd.org/ -> https://centralvalleysd.org/school-board -> https://centralvalleysd.org/413078_2 -> https://centralvalleysd.org/board-policies -> https://centralvalleysd.org/meeting-dates-agendas-and-minutes -> https://centralvalleysd.org/annual-child-find-notice -> https://centralvalleysd.org/media-release -> https://centralvalleysd.org/site_map -> https://centralvalleysd.org/in,https://www.youtube.com/c/@centralvalleysd,19,yes,https://www.youtube.com/c/CentralValleySD
us:sd:4202400,Wissahickon School District,Pennsylvania,wsdweb.org,https://wsdweb.org/ -> https://www.wsdweb.org/ -> http://wsdweb.org/ -> http://www.wsdweb.org/ -> https://go.boarddocs.com/pa/wiss/Board.nsf/Public -> https://www.wsdweb.org/school-board/school-board -> https://www.wsdweb.org/school-board/meet-the-school-board -> https://www.wsdweb.org/about-wsd/calendar -> https://www.wsdweb.org/site-map -> https://www.wsdweb.org/departments/communications/wiss-watch -> https://www.wsdweb.org/about-wsd/belonging/belonging-video-series -> https://www.wsdweb.org/,,29,yes,https://www.youtube.com/channel/UCdTjt515D5sGshPd5jQXPmw
us:sd:4209300,Erie City School District,Pennsylvania,eriesd.org,https://eriesd.org/ -> http://eriesd.org/ -> http://www.eriesd.org/ -> https://go.boarddocs.com/pa/eriesd/Board.nsf/Public -> https://www.eriesd.org/o/eps/page/school-board -> https://www.eriesd.org/page/district-wellness-council -> https://www.eriesd.org/page/school-board -> https://www.eriesd.org/o/eps/page/board-meeting-notices-2022-2025 -> https://www.eriesd.org/events,,18,yes,https://www.youtube.com/@epswellness
us:sd:4215030,Mechanicsburg Area School District,Pennsylvania,mbgsd.org,https://mbgsd.org/ -> http://mbgsd.org/ -> http://www.mbgsd.org/ -> https://www.mbgsd.org/documents/events/825611,,5,yes,https://youtube.com/@masd_schooldistrict
us:sd:4202550,Apollo-Ridge School District,Pennsylvania,apolloridge.com,https://apolloridge.com/ -> http://apolloridge.com/ -> http://www.apolloridge.com/ -> https://www.apolloridge.com/apps/pages/index.jsp?uREC_ID=827677&type=d&pREC_ID=1207453 -> https://www.apolloridge.com/apps/pages/index.jsp?uREC_ID=827677&type=d&pREC_ID=1207590 -> https://www.apolloridge.com/apps/pages/index.jsp?uREC_ID=827677&type=d&pREC_ID=2195361 -> https://www.apolloridge.com/apps/pages/index.jsp?uREC_ID=827677&type=d&pREC_ID=1207441 -> https://go.boarddocs.com/pa/apol/Board.nsf/Public -> h,,7,no,
us:sd:4215660,Montgomery Area School District,Pennsylvania,montasd.org,https://montasd.org/ -> http://montasd.org/ -> http://www.montasd.org/ -> https://www.montasd.org/events,,5,yes,https://www.youtube.com/channel/UCpwddwy6qtr_u-OLYBUQL4Q/videos
us:sd:4202670,Athens Area School District,Pennsylvania,athensasd.k12.pa.us,https://athensasd.k12.pa.us/ -> https://www.athensasd.k12.pa.us/ -> http://athensasd.k12.pa.us/ -> http://www.athensasd.k12.pa.us/ -> https://www.athensasd.k12.pa.us/protected/EventView.aspx?id=9GI3U2GIY2 -> https://www.athensasd.k12.pa.us/protected/EventView.aspx?id=9GI3U2GPY2 -> https://www.athensasd.k12.pa.us/protected/EventView.aspx?id=9GI3U2GPGB -> https://www.boarddocs.com/pa/athn/Board.nsf/vpublic?open -> https://go.boarddocs.com/pa/athn/Board.nsf/javascript/page-title-change.js -> https:,,150,yes,https://www.youtube.com/@athensareaschooldistrict
us:sd:4207650,Donegal School District,Pennsylvania,donegalsd.org,https://donegalsd.org/ -> http://donegalsd.org/ -> http://www.donegalsd.org/ -> https://www.donegalsd.org/board-of-directors -> https://www.donegalsd.org/district-calendar-handbook -> https://www.donegalsd.org/site_map -> https://www.donegalsd.org/index.php?pageID=login -> https://www.donegalsd.org/index.php?pageID=smartSiteFeed&psqFeed=true&articleID=74773309 -> https://www.donegalsd.org/index.php?pageID=smartSiteFeed&psqFeed=true&articleID=74773116 -> https://www.donegalsd.org/index.php?pageID,,8,yes,https://www.youtube.com/embed/Tdu3GDkXQdI
us:sd:4208850,Easton Area School District,Pennsylvania,eastonsd.org,https://eastonsd.org/ -> http://eastonsd.org/ -> http://www.eastonsd.org/ -> https://go.boarddocs.com/pa/easdpa/Board.nsf -> https://www.eastonsd.org/about-easd/diversity-alliance/board-presentation-subcommittee-action-plans -> https://www.eastonsd.org/school-board -> https://www.eastonsd.org/about-easd/media-gallery -> https://www.eastonsd.org/departments/athletics/easd-athletic-event-guidelinesprocedures -> https://www.eastonsd.org/departments/athletics/easton-vs-pburg-rivalry-series-event-tic,,13,yes,https://www.youtube.com/@easdboemeetings7688/featured
us:sd:4206660,Connellsville Area School District,Pennsylvania,casdfalcons.org,https://casdfalcons.org/ -> http://casdfalcons.org/ -> http://www.casdfalcons.org/ -> https://video.casdfalcons.org/ -> https://go.boarddocs.com/pa/conn/Board.nsf/goto?open&id=9YR2X4044293 -> https://www.casdfalcons.org/our-district/board-of-directors -> https://www.casdfalcons.org/our-district/board-of-directors/meeting-schedule -> https://www.youtube.com/playlist?list=PLfCcJF51C2A99ZZFnk3zyXh2QY2cDS6UR -> https://app.agendamanager.com/casdfalcons/meetings -> https://www.casdfalcons.org/our-dis,https://www.youtube.com/playlist?list=PLfCcJF51C2A99ZZFnk3zyXh2QY2cDS6UR,76,yes,https://www.youtube.com/@casdfalconproductions
us:sd:4204500,Burgettstown Area School District,Pennsylvania,burgettstown.k12.pa.us,https://burgettstown.k12.pa.us/ -> http://burgettstown.k12.pa.us/ -> http://www.burgettstown.k12.pa.us/ -> https://www.burgettstown.k12.pa.us/information/covid-19-information-communications-plans/return-to-in-person-instruction-informational-video -> https://www.burgettstown.k12.pa.us/our-district/board-of-school-directors/overview -> https://go.boarddocs.com/pa/burg/board.nsf/public -> https://go.boarddocs.com/pa/burg/board.nsf/public?open&id=policies -> https://www.burgettstown.k12.pa.us/board,,23,yes,http://www.youtube.com/@burgettstownareaschooldist4335
us:sd:4205460,Crestwood School District,Pennsylvania,csdcomets.org,https://www.csdcomets.org/ -> http://www.csdcomets.org/ -> https://agenda.csdcomets.org/ -> https://agendas.csdcomets.org/ -> https://go.boarddocs.com/pa/cres/Board.nsf/goto?open&id=D58JMN4D846A -> http://go.boarddocs.com/pa/cres/Board.nsf/goto?open&id=BXXQMR6A03C9 -> http://go.boarddocs.com/pa/cres/Board.nsf/goto?open&id=AXPTF7751758 -> http://go.boarddocs.com/pa/cres/Board.nsf/goto?open&id=BSEPFP62C980 -> https://www.csdcomets.org/about/school-board-minutes-meetings-and-agendas -> https://www.,,14,yes,https://www.youtube.com/@CrestwoodComets/streams
us:sd:4205400,Central Dauphin School District,Pennsylvania,cdschools.org,https://cdschools.org/ -> http://cdschools.org/ -> http://www.cdschools.org/ -> https://video.cdschools.org/ -> https://go.boarddocs.com/pa/cdsd/Board.nsf/goto?open&id=CV8NWY61FD5D -> https://www.cdschools.org/our-district/school-board -> https://www.cdschools.org/our-district/school-board/board-meeting-dates -> https://www.cdschools.org/our-district/school-board/board-of-school-directors -> https://www.cdschools.org/our-district/general-information/copyrightrecording -> https://www.cdschools.or,,6,yes,https://www.youtube.com/@CentralDauphinSchoolDistrict/live
us:sd:4206060,Clarion Area School District,Pennsylvania,clarion-schools.com,https://clarion-schools.com/ -> https://www.clarion-schools.com/ -> http://clarion-schools.com/ -> http://www.clarion-schools.com/ -> https://www.youtube.com/playlist?list=PLJZKfIOV5iGmhAnMbj5MFKui7ns_Mp1VW -> https://go.boarddocs.com/pa/clar/Board.nsf/Public -> https://www.clarion-schools.com/calendar/elementary-calendar -> https://www.clarion-schools.com/calendar/high-school-calendar -> https://www.clarion-schools.com/calendar/school-counselor-calendar,https://www.youtube.com/playlist?list=PLJZKfIOV5iGmhAnMbj5MFKui7ns_Mp1VW,5,no,
us:sd:4212170,Interboro School District,Pennsylvania,interborosd.org,https://interborosd.org/ -> https://www.interborosd.org/ -> http://interborosd.org/ -> http://www.interborosd.org/ -> https://go.boarddocs.com/pa/interboro/Board.nsf -> https://www.interborosd.org/school-board/home -> https://www.interborosd.org/school-board/board-video -> https://www.interborosd.org/school-board/2025-board-meeting-schedule -> https://www.interborosd.org/community/interboro-education-foundation/ief-calendar -> https://www.interborosd.org/calendar -> https://www.interborosd.org/c,,15,yes,https://www.youtube.com/channel/UCVp_DkU4z0ALxSs9A-o6rTg
us:sd:4216170,Mount Pleasant Area School District,Pennsylvania,mpasd.net,https://mpasd.net/ -> http://mpasd.net/ -> http://www.mpasd.net/ -> https://go.boarddocs.com/pa/mopl/Board.nsf/Public -> https://www.mpasd.net/page/board-committees -> https://go.boarddocs.com/pa/mopl/Board.nsf/vpublic?open -> https://www.youtube.com/c/MountPleasantTV/videos -> https://www.mpasd.net/page/notice-of-rescheduled-board-meetings -> https://www.mpasd.net/documents/about-us/district-wide-calendar/22880483,https://www.youtube.com/c/MountPleasantTV/videos,6,no,
us:sd:4209690,Farrell Area School District,Pennsylvania,farrellareaschools.com,https://farrellareaschools.com/ -> https://www.farrellareaschools.com/ -> http://farrellareaschools.com/ -> http://www.farrellareaschools.com/ -> http://go.boarddocs.com/pa/farr/Board.nsf/Public?open&id=policies -> https://www.farrellareaschools.com/BoardofEducation.aspx -> https://www.farrellareaschools.com/protected/EventView.aspx?id=9GI3P3BA0Y -> https://www.farrellareaschools.com/protected/EventView.aspx?id=9GI3P3BA0I -> https://www.farrellareaschools.com/Default.aspx -> https://www.farrella,,44,yes,https://www.youtube.com/@farrellareaschooldistrictv834
us:sd:4209120,Elizabethtown Area School District,Pennsylvania,etownschools.org,https://etownschools.org/ -> https://www.etownschools.org/ -> http://etownschools.org/ -> http://www.etownschools.org/ -> https://go.boarddocs.com/pa/etwn/Board.nsf/goto?open&id=A89KWY5057A1 -> https://www.etownschools.org/community/facilities-information-center/facility-challenges-responses/secondary-complex-air-quality-and-remediation-update-september-2-2026 -> https://www.etownschools.org/community/facilities-information-center/facility-challenges-responses/cafeteria-bat-incident-response -> ,,23,yes,https://www.youtube.com/@elizabethtownareasd8249/featured
us:sd:4216200,Muhlenberg School District,Pennsylvania,muhlsdk12.org,https://muhlsdk12.org/ -> http://muhlsdk12.org/ -> http://www.muhlsdk12.org/ -> https://www.muhlsdk12.org/school-board -> https://www.muhlsdk12.org/calendar -> https://www.muhlsdk12.org/site-map,,8,yes,https://www.youtube.com/channel/UCJK0DnyckzPvDVdGWGXdxdA
us:sd:4216530,New Brighton Area School District,Pennsylvania,nbasd.org,https://nbasd.org/ -> https://www.nbasd.org/ -> http://nbasd.org/ -> http://www.nbasd.org/ -> https://www.nbasd.org/bod -> https://www.nbasd.org/sys/calendar/searchlinks/bd6d04ec734a4963b37e1f177b215bbf/Calendar -> https://www.nbasd.org/sys/calendar/event/page/86c1c757a6e34b8c873689a178f4f172$57734el6ak3f75k5i9oi2vijtj/?start=8/31/2026 10:00 AM&end=8/31/2026 11:00 AM&provider= -> https://www.nbasd.org/sys/calendar/event/page/86c1c757a6e34b8c873689a178f4f172$6o3vcft0l4p6905ug8rhcv6kom/?start=8/31,,4,yes,https://www.youtube.com/channel/UCi3nL4YOrzUoXaqo2GQasCg/featured
us:sd:4212690,Kennett Consolidated School District,Pennsylvania,kcsd.org,https://kcsd.org/ -> http://kcsd.org/ -> http://www.kcsd.org/ -> https://go.boarddocs.com/pa/kenn/Board.nsf/Public -> https://www.kcsd.org/board -> https://www.kcsd.org/board/board-calendar -> https://www.kcsd.org/our-district/superintendents-office/superintendents-office-clone/entry-plan-calendar -> https://www.kcsd.org/calendar1 -> https://www.kcsd.org/news-details/~board/2024-kennett-consolidated-school-district-news/post/family-homework-is-open -> https://www.kcsd.org/fs/pages/3158 -> https:,,17,yes,https://youtube.com/@kcsdyoutube3667?si=8LWEQNHpT0bdBH9t
us:sd:4208790,Eastern York School District,Pennsylvania,easternyork.com,https://easternyork.com/ -> https://www.easternyork.com/ -> http://easternyork.com/ -> http://www.easternyork.com/ -> https://sites.google.com/easternyork.net/eysd/school-board -> https://sites.google.com/easternyork.net/eysd/school-board/meetings-agendas/board-agendas-prior-to-july-2019 -> https://sites.google.com/easternyork.net/eysd/parents/skyward-access -> https://www.google.com/url?q=https%3A%2F%2Fskyward.iscorp.com%2FEasternYorkSDPAStu&sa=D&sntz=1&usg=AOvVaw2O_m_xycGhMpAA6ETlGCHq -> https,,24,no,
us:sd:4214790,Mars Area School District,Pennsylvania,marsk12.org,https://marsk12.org/ -> http://marsk12.org/ -> http://www.marsk12.org/ -> https://go.boarddocs.com/pa/marsarea/Board.nsf/vpublic?open -> https://www.marsk12.org/apps/pages/index.jsp?uREC_ID=795976&type=d&pREC_ID=1186900 -> https://www.marsk12.org/apps/events/2026/9/30/50454827/?REC_ID=50454827&id=0&d=2026-9-30 -> https://www.marsk12.org/apps/events/2026/9/30/50750266/?REC_ID=50750266&id=0 -> https://marsareaathletics.com/ -> https://www.marsareaathletics.com/media/photos -> https://www.marsareaa,,5,yes,https://www.youtube.com/@marsareaschooldistrict4653
us:sd:4212630,Juniata Valley School District,Pennsylvania,jvhornets.com,https://jvhornets.com/ -> https://www.jvhornets.com/ -> http://jvhornets.com/ -> http://www.jvhornets.com/ -> https://www.jvsd.org/senior-yearbook-ads/ -> https://www.jvsd.org/board-of-education/ -> https://jvsd.org/board-of-education/ -> https://www.jvsd.org/2026-2027-calendar/ -> https://www.jvsd.org/hcctc-2026-2027-calendar/ -> https://www.jvsd.org/wp-content/plugins/embedpress/assets/pdf/web/viewer.html?&file=https%3A%2F%2Fwww.jvsd.org%2Fwp-content%2Fuploads%2F2026%2F06%2FHCCTC-SCHOOL-CALEND,,10,yes,http://www.youtube.com/@HornetTV
us:sd:4216860,New Hope-Solebury School District,Pennsylvania,nhsd.org,https://nhsd.org/ -> https://www.nhsd.org/ -> http://nhsd.org/ -> http://www.nhsd.org/ -> https://go.boarddocs.com/pa/newh/Board.nsf/goto?open&id=BDQKXL540497 -> https://www.nhsd.org/page/about-the-board -> https://www.nhsd.org/page/meet-our-board-members -> https://www.nhsd.org/page/school-board-documents-archive -> https://www.nhsd.org/page/meeting-recordings -> https://www.nhsd.org/page/meeting-schedule -> https://www.nhsd.org/page/agendas-zoom-links,,9,yes,https://www.youtube.com/channel/UCzPC5Ar2fTqdsPRsyK8zy8Q
us:sd:4222260,Southern Columbia Area School District,Pennsylvania,scasd.us,https://scasd.us/ -> http://scasd.us/ -> http://www.scasd.us/ -> https://www.scasd.us/page/board-of-education,,5,yes,https://www.youtube.com/channel/UCjiys0ynuGjxCYyu5ZexHnw
us:sd:4205760,Cheltenham School District,Pennsylvania,cheltenham.org,https://cheltenham.org/ -> http://cheltenham.org/ -> http://www.cheltenham.org/ -> https://www.cheltenham.org/school-board/overview -> https://www.cheltenham.org/school-board/board-meeting-recaps -> https://www.cheltenham.org/departments/student-services/student-registration/board-policies -> https://go.boarddocs.com/pa/ctsd/board.nsf/public -> https://www.cheltenham.org/departments/safety/building-access -> https://www.cheltenham.org/school-board/board-minutes -> https://www.cheltenham.org/scho,,74,yes,http://www.youtube.com/@CheltenhamVideo;https://youtu.be/0AOKMa7x0Ds;https://youtu.be/OupkjQ4Q6Vc;https://youtu.be/vQA5nKwKckw
us:sd:4214250,Methacton School District,Pennsylvania,methacton.org,https://methacton.org/ -> http://methacton.org/ -> http://www.methacton.org/ -> https://docs.methacton.org/ -> https://www.methacton.org/community/community-bulletin-board -> https://www.methacton.org/community/methacton-coordinating-council -> https://www.methacton.org/board -> https://www.methacton.org/community/methacton-coordinating-council/meeting-minutes -> https://www.methacton.org/board/committees-of-the-board -> https://www.methacton.org/board/meet-the-board-of-school-directors -> https,,24,yes,https://www.youtube.com/@MethactonSchoolDistrict;https://www.youtube.com/live/cVTLTbCKyVg?si=_fYyxlZC9BQwLu1i;https://www.youtube.com/embed/IfaTpgzLbj8?si=LZDzv_ikwqcVP119;https://www.youtube.com/embed/nC6ytHOSFbI?si=4iga5tLVtqqmzGqQ
us:sd:4218750,Pennridge School District,Pennsylvania,pennridge.org,https://pennridge.org/ -> https://www.pennridge.org/ -> http://pennridge.org/ -> http://www.pennridge.org/ -> https://www.pennridge.org/departments/business-services/board-approved-obsolete-items -> https://www.pennridge.org/school-board/school-board -> https://www.youtube.com/@pennridgesd -> https://www.pennridge.org/departments/communications-community-relations/ramwire-pennridge-social-media-channels -> https://www.pennridge.org/site-map -> https://www.pennridge.org/departments/technology/pow,https://www.youtube.com/@pennridgesd,17,yes,https://www.youtube.com/@pennridgesd
us:sd:4222400,Southeast Delco School District,Pennsylvania,sedelco.org,https://sedelco.org/ -> http://sedelco.org/ -> http://www.sedelco.org/ -> https://go.boarddocs.com/pa/sedelco/Board.nsf/Public -> https://www.sedelco.org/page/meet-the-board -> https://www.sedelco.org/page/board-agenda -> https://aptg.co/PCP575 -> https://www.sedelco.org/page/superintendent-messages-and-videos,,14,yes,https://www.youtube.com/channel/UCo1i2vSwQkVaXIHSPBeqT-w
us:sd:4215900,Morrisville Borough School District,Pennsylvania,mv.org,https://mv.org/ -> http://mv.org/ -> http://www.mv.org/ -> https://go.boarddocs.com/pa/morr/Board.nsf/goto?open&id=BAV2WM5C5F6E -> https://www.mv.org/community/feasibility-committee/meeting-dates-and-presentations -> https://www.mv.org/board-of-ed -> https://www.mv.org/board-of-ed/archive-school-board-meeting-minutes -> https://go.boarddocs.com/pa/morr/Board.nsf/vpublic?open -> https://www.mv.org/board-of-ed/school-board-meeting-video -> https://www.mv.org/fs/resource-manager/view/9186d166-3442-,,49,yes,https://www.youtube.com/@SDBMorrisville;https://youtu.be/JDWJWskd3Gk;https://youtu.be/H3zxDE1Myss;https://youtu.be/Pir6HPtva20
us:sd:4218570,Pen Argyl Area School District,Pennsylvania,penargylschooldistrict.org,https://penargylschooldistrict.org/ -> http://penargylschooldistrict.org/ -> http://www.penargylschooldistrict.org/ -> https://www.penargylschooldistrict.org/school_board -> https://www.penargylschooldistrict.org/school_board/school_board_policies -> https://www.penargylschooldistrict.org/school_board/school_board_members -> https://www.penargylschooldistrict.org/school_board/committee_meetings_agendas_and_minutes -> https://www.penargylschooldistrict.org/school_board/meeting_agendas_and_minutes,,3,yes,https://www.youtube.com/@penargylsdmedia1766
us:sd:4220730,Salisbury Township School District,Pennsylvania,salisburysd.org,https://salisburysd.org/ -> http://salisburysd.org/ -> http://www.salisburysd.org/ -> https://video.salisburysd.org/ -> https://www.salisburysd.org/page/meeting-dates -> https://www.salisburysd.org/page/board-meeting-format -> https://www.salisburysd.org/page/school-board-members -> https://www.salisburysd.org/browse/63785 -> https://www.salisburysd.org/documents/school-board/22485982 -> https://www.salisburysd.org/events?view=cal-month -> https://www.salisburysd.org/events,,11,yes,https://www.youtube.com/channel/UCEMGs-qVVTU0adpNtIicvXg
us:sd:4220040,Reading School District,Pennsylvania,readingsd.org,https://readingsd.org/ -> http://readingsd.org/ -> http://www.readingsd.org/ -> https://go.boarddocs.com/pa/reading/Board.nsf/Public -> https://www.readingsd.org/page/school-board -> https://meetings.keystoneagenda.com/Public/Organization/4139 -> https://www.youtube.com/@RedKnightTV -> https://meetings.keystoneagenda.com/Public/Agenda/4139?meeting=765104 -> https://meetings.keystoneagenda.com/Public/Agenda/4139?meeting=765068 -> https://meetings.keystoneagenda.com/Public/Minutes/4139?meeting=760,https://www.youtube.com/@RedKnightTV,21,yes,https://www.youtube.com/@RedKnightTV/videos
us:sd:4219500,Pocono Mountain School District,Pennsylvania,pmsd.org,https://pmsd.org/ -> http://pmsd.org/ -> http://www.pmsd.org/ -> https://docs.pmsd.org/ -> https://www.pmsd.org/school-board/school-board-clone -> https://www.pmsd.org/school-board/school-board-members -> https://www.pmsd.org/our-district/student-transcript-request -> https://go.boarddocs.com/pa/pmsd/Board.nsf/goto?open&id=C5LLG55572E6 -> https://www.pmsd.org/calendar -> https://www.pmsd.org/school-board/evergreen-community-charter-school -> https://www.pmsd.org/school-board/evergreen-community-,,1,yes,https://youtu.be/vq9-x4OznSc
us:sd:4224390,Upper Dublin School District,Pennsylvania,udsd.org,https://udsd.org/ -> http://udsd.org/ -> http://www.udsd.org/ -> https://go.boarddocs.com/pa/udub/Board.nsf/Public?open&id=policies -> https://www.udsd.org/page/board-of-school-directors -> https://www.udsd.org/page/board-committees -> https://www.udsd.org/page/agendas-and-minutes -> https://www.udsd.org/page/annual-notice -> https://www.udsd.org/events,,9,yes,https://www.youtube.com/channel/UCsq_VNjOqz7ty5gSJ1SsS8A/videos
us:sd:4224510,Upper Moreland Township School District,Pennsylvania,umtsd.org,https://umtsd.org/ -> http://umtsd.org/ -> http://www.umtsd.org/ -> https://go.boarddocs.com/pa/umsd/Board.nsf/Public -> https://www.umtsd.org/documents/district-offices/facilities/facilities-use-board-policies/545121 -> https://www.umtsd.org/page/video-library -> https://www.umtsd.org/page/video-library-2024-2025 -> https://www.umtsd.org/o/umsd/page/um-school-board-livestream -> https://www.umtsd.org/documents/community/request-to-host-presenter-or-charitable-event/544956 -> https://www.umtsd.o,,12,yes,https://www.youtube.com/channel/UCgYmBvpj5uz3L2d5ZKRx8SQ;https://www.youtube.com/embed/N7sBNAhBsWI
us:sd:4217670,Northern Lehigh School District,Pennsylvania,nlsd.org,https://nlsd.org/ -> http://nlsd.org/ -> http://www.nlsd.org/ -> https://go.boarddocs.com/pa/nleh/Board.nsf/goto?open&id=AYBMBF56035E -> https://www.nlsd.org/district-office-c6/school-board/school-board-members -> https://www.nlsd.org/district-office-c6/school-board/about-the-school-board -> https://www.nlsd.org/district-office-c6/school-board/school-board-resolutions -> https://www.nlsd.org/district-office-c6/school-board/agendas-minutes-2026 -> https://www.nlsd.org/district-office-c6/school-bo,,89,yes,https://www.youtube.com/@nlsd4umedia864
us:sd:4503000,McCormick County School District,South Carolina,mccormick.k12.sc.us,https://mccormick.k12.sc.us/ -> http://mccormick.k12.sc.us/ -> http://www.mccormick.k12.sc.us/ -> https://docs.mccormick.k12.sc.us/,,4,yes,http://www.youtube.com/@mccormickcountyschooldistrict
us:sd:4212930,Kutztown Area School District,Pennsylvania,kasd.org,https://kasd.org/ -> http://kasd.org/ -> http://www.kasd.org/ -> https://go.boarddocs.com/pa/kutz/Board.nsf/goto?open&id=BHLH9447579D -> https://www.kasd.org/about-us/annual-notifications/required-annual-notice-of-board-policies -> https://www.kasd.org/our-people/our-people -> https://www.kasd.org/our-people/our-people/board-members -> https://www.kasd.org/our-people/our-people/2022-2023-school-board-meeting-agendas -> https://www.kasd.org/fs/resource-manager/view/f660847b-a055-4344-b22b-1a7fb4b,,11,yes,https://www.youtube.com/@kutztownareaschooldistrict8299/streams
us:sd:4223820,Tulpehocken Area School District,Pennsylvania,tulpehocken.org,https://tulpehocken.org/ -> http://tulpehocken.org/ -> http://www.tulpehocken.org/ -> https://agenda.tulpehocken.org/ -> https://go.boarddocs.com/pa/tulp/Board.nsf/goto?open&id=9SJJNU4DC406 -> https://www.tulpehocken.org/page/board-of-directors -> https://www.tulpehocken.org/page/board-meeting-dates -> https://tulpehockenareasdpa.sites.thrillshare.com/documents/about-us/safety-committee/meeting-minutes/531083 -> https://tulpehockenareasdpa.sites.thrillshare.com/documents/about-us/safety-committe,,20,yes,https://www.youtube.com/@tasdstream8279
us:sd:4220400,Ringgold School District,Pennsylvania,ringgold.org,https://ringgold.org/ -> http://ringgold.org/ -> http://www.ringgold.org/ -> https://go.boarddocs.com/pa/ring/Board.nsf/goto?open&id=CTAJ334A1C09 -> https://www.ringgold.org/board-of-education -> https://www.ringgold.org/board-of-education/board-agendas -> https://www.ringgold.org/board-of-education/board-meeting-information -> https://www.ringgold.org/board-of-education/board-minutes -> https://www.ringgold.org/board-of-education/board-minutes/board-minutes-2026-2027 -> https://www.ringgold.org,,4,no,
us:sd:4222920,Sullivan County School District,Pennsylvania,sulcosd.k12.pa.us,https://sulcosd.k12.pa.us/ -> http://sulcosd.k12.pa.us/ -> http://www.sulcosd.k12.pa.us/ -> https://www.sulcosd.k12.pa.us/page/sullivan-county-school-board -> https://www.sulcosd.k12.pa.us/page/sullivan-county-school-board-copy -> https://www.sulcosd.k12.pa.us/documents/sullivan-county-high-school/booster/meeting-minutes/648629 -> https://www.sulcosd.k12.pa.us/documents/sullivan-county-high-school/21989983 -> https://www.sulcosd.k12.pa.us/documents/sullivan-county-high-school/athletics-and-activ,,10,yes,https://www.youtube.com/c/sulcosd
us:sd:4217640,Northern Lebanon School District,Pennsylvania,norleb.k12.pa.us,https://www.norleb.k12.pa.us/ -> http://www.norleb.k12.pa.us/ -> https://stream.norleb.k12.pa.us/ -> https://www.norleb.org/athletics/watch-sports -> https://www.norleb.org/school-board/board-of-directors -> https://www.norleb.org/school-board/board-meetings -> https://www.norleb.org/school-board/construction-change-order-board-meetings -> http://www.norleb.org/meetings -> https://www.norleb.org/athletics/location-of-facilities -> https://www.norleb.org/school-board/request-to-address-school-boa,,4,no,
us:sd:4676020,Warner School District 06-5,South Dakota,warner.k12.sd.us,https://warner.k12.sd.us/ -> https://www.warner.k12.sd.us/ -> http://warner.k12.sd.us/ -> http://www.warner.k12.sd.us/,,4,yes,https://www.youtube.com/channel/UCsAm3Qa8Yqlu8sQ32FRk7sQ/featured
us:sd:4600046,Hitchcock-Tulare School District 56-6,South Dakota,hitchcock-tulare.k12.sd.us,https://hitchcock-tulare.k12.sd.us/ -> https://www.hitchcock-tulare.k12.sd.us/ -> http://hitchcock-tulare.k12.sd.us/ -> http://www.hitchcock-tulare.k12.sd.us/ -> https://www.hitchcock-tulare.k12.sd.us/page/school-board -> https://www.hitchcock-tulare.k12.sd.us/page/student-co -> https://liveticket.tv/hitchcock-tulare -> https://www.hitchcock-tulare.k12.sd.us/page/httvlive -> https://www.hitchcock-tulare.k12.sd.us/page/social-media,,8,yes,https://www.youtube.com/channel/UCLNJ5AKmibBdlrS4yoRK1tg
us:sd:4503840,York School District 2,South Carolina,clover.k12.sc.us,https://clover.k12.sc.us/ -> http://clover.k12.sc.us/ -> http://www.clover.k12.sc.us/ -> https://go.boarddocs.com/sc/clover/Board.nsf/Public -> https://www.clover.k12.sc.us/o/district/page/school-board -> https://www.clover.k12.sc.us/page/school-board -> https://www.clover.k12.sc.us/page/agendas-minutes -> https://www.clover.k12.sc.us/documents/school-board/agendas-%26-minutes/archives/567264 -> https://www.clover.k12.sc.us/documents/school-board/agendas-%26-minutes/16063582 -> https://www.clove,,95,yes,https://www.youtube.com/@cloverschooldistrict3433
us:sd:4221930,Knoch School District,Pennsylvania,knochsd.org,https://knochsd.org/ -> https://www.knochsd.org/ -> http://knochsd.org/ -> http://www.knochsd.org/ -> https://www.knochsd.org/apps/pages/index.jsp?uREC_ID=1169011&type=d&pREC_ID=1418925 -> https://www.knochsd.org/apps/pages/index.jsp?uREC_ID=1169010&type=d&pREC_ID=1418923 -> https://www.knochsd.org/apps/pages/index.jsp?uREC_ID=1169010&type=d&pREC_ID=1418934 -> https://www.knochsd.org/apps/pages/index.jsp?uREC_ID=1169010&type=d&pREC_ID=1418948 -> https://www.knochsd.org/apps/pages/index.jsp?uREC_,,10,no,
us:sd:4224120,Union School District,Pennsylvania,unionsd.net,https://unionsd.net/ -> https://www.unionsd.net/ -> http://unionsd.net/ -> http://www.unionsd.net/ -> https://unionsd.net/index.php/school-board.html -> https://unionsd.net/index.php/school-board/board-members.html -> https://unionsd.net/index.php/school-board/board-meeting-highlights.html -> https://unionsd.net/index.php/parent-portal/event-calendars/res-events-calendar.html -> https://unionsd.net/index.php/parent-portal/event-calendars/ses-events-calendar.html -> https://unionsd.net/index.php/,,6,no,
us:sd:4222440,Seneca Valley School District,Pennsylvania,svsd.net,https://svsd.net/ -> http://svsd.net/ -> http://www.svsd.net/ -> https://www.svsd.net/academics/federal-programs-assessments/federal-programs/title-i/title-i-annual-meeting -> https://www.svsd.net/academics/federal-programs-assessments/federal-programs/title-i/state-parent-advisory-council-spac -> https://go.boarddocs.com/pa/sene/board.nsf/goto?open&id=bksp7r634627 -> http://go.boarddocs.com/pa/sene/board.nsf/goto?open&id=9wsv6v7f46c6 -> http://go.boarddocs.com/pa/sene/board.nsf/goto?open&id=9ws,,106,yes,https://www.youtube.com/channel/UC6DNn1dPVR51y7OENUA1kKQ
us:sd:4225980,West York Area School District,Pennsylvania,wyasd.org,https://wyasd.org/ -> http://wyasd.org/ -> http://www.wyasd.org/ -> https://go.boarddocs.com/pa/wyrk/Board.nsf/Public -> https://www.wyasd.org/board-of-directors/board-of-directors -> https://www.wyasd.org/board-of-directors/meeting-information -> https://www.wyasd.org/athletic-fields-project/fields-project-menu/letters-to-the-community/a-message-from-board-president-dan-rice-june-2025 -> https://www.wyasd.org/athletic-fields-project/fields-project-menu/letters-to-the-community/a-message-from-bo,,29,yes,https://www.youtube.com/@wyasdlivestream/streams
us:sd:4222860,Stroudsburg Area School District,Pennsylvania,sburg.org,https://sburg.org/ -> https://www.sburg.org/ -> http://sburg.org/ -> http://www.sburg.org/ -> https://go.boarddocs.com/pa/sasdpa/Board.nsf/goto?open&id=AK7KPT52A940 -> https://sburg.org/apps/news/show_news.jsp?REC_ID=1031732&id=0 -> https://sburg.org/apps/news/show_news.jsp?REC_ID=1032067&id=0 -> https://sburg.org/apps/news/show_news.jsp?REC_ID=1031023&id=0 -> https://sburg.org/apps/video/ -> https://sburg.org/apps/pages/index.jsp?uREC_ID=412597&type=d -> https://sburg.org/apps/video/watch.jsp?v,,23,yes,https://www.youtube.com/channel/UCakYubfGXRBLQ9usX5YHTuw
us:sd:4610560,Canton School District 41-1,South Dakota,cantonsdk12.org,https://cantonsdk12.org/ -> https://www.cantonsdk12.org/ -> http://cantonsdk12.org/ -> http://www.cantonsdk12.org/ -> https://cantonsdk12.org/pages/view-all-watch -> https://istudio.sellto.carousell.sg/trade-in-or-sell/smartwatch/all -> https://istudio.sellto.carousell.sg/apple-watch/trade-in-or-sell-apple-watch-se-2022-gps -> https://istudio.sellto.carousell.sg/apple-watch/trade-in-or-sell-apple-watch-series-ultra -> https://istudio.sellto.carousell.sg/apple-watch/trade-in-or-sell-apple-watch-s,,5,yes,https://www.youtube.com/channel/ISTANABET/
us:sd:4822020,Guthrie Common School District,Texas,guthriejags.net,https://guthriejags.net/ -> https://www.guthriejags.net/ -> http://guthriejags.net/ -> http://www.guthriejags.net/,,7,no,
us:sd:4817880,East Chambers Independent School District,Texas,eastchambers.net,https://eastchambers.net/ -> http://eastchambers.net/ -> http://www.eastchambers.net/ -> https://www.eastchambers.net/page/board-of-trustees -> https://player.vimeo.com/api/player.js,,4,yes,https://www.youtube.com/@eastchambersisd528
us:sd:4224790,Wallingford-Swarthmore School District,Pennsylvania,wssd.org,https://wssd.org/ -> http://wssd.org/ -> http://www.wssd.org/ -> https://go.boarddocs.com/pa/wlsw/Board.nsf/Public -> https://www.wssd.org/departments/technology/technology-advisory-council -> https://www.wssd.org/school-board -> https://www.wssd.org/school-board/board-members -> https://www.wssd.org/school-board/board-meeting-highlights-summary -> https://www.wssd.org/fs/resource-manager/view/931467f1-ea52-4293-be51-b168b88f32ef -> https://www.wssd.org/school-board/board-meeting-calendar -> htt,,17,yes,https://www.youtube.com/@wallingford-swarthmorescho2163/featured
us:sd:4600025,Howard School District 48-3,South Dakota,howard.k12.sd.us,https://howard.k12.sd.us/ -> https://www.howard.k12.sd.us/ -> http://howard.k12.sd.us/ -> http://www.howard.k12.sd.us/ -> https://www.howard.k12.sd.us/apps/pages/index.jsp?uREC_ID=2831909&type=d&pREC_ID=2320150 -> https://www.howard.k12.sd.us/apps/events/2026/9/29/43504541/?REC_ID=43504541&id=0 -> https://www.howard.k12.sd.us/apps/events/2026/9/29/43321310/?REC_ID=43321310&id=0 -> https://www.howard.k12.sd.us/apps/pages/index.jsp?uREC_ID=2864891&type=d&pREC_ID=2328784 -> https://www.howard.k12.s,,10,yes,https://www.youtube.com/channel/UCMbcbDGqW3RnZi-BSHbThTg;https://www.youtube.com/embed/ePnUD-vPUo4
us:sd:4226700,Wyalusing Area School District,Pennsylvania,wyalusingrams.com,https://wyalusingrams.com/ -> http://wyalusingrams.com/ -> http://www.wyalusingrams.com/ -> https://agenda.wyalusingrams.com/ -> https://www.wyalusingrams.com/about/school-board -> https://www.wyalusingrams.com/school-community/live-video -> https://meetings.keystoneagenda.com/Public/Organization/3957 -> https://meetings.keystoneagenda.com/Public/Agenda/3957?meeting=763752 -> https://meetings.keystoneagenda.com/Public/Agenda/3957?meeting=752461 -> https://meetings.keystoneagenda.com/Public/Minut,,4,no,
us:sd:4226130,Westmont Hilltop School District,Pennsylvania,whsd.org,https://whsd.org/ -> http://whsd.org/ -> http://www.whsd.org/ -> https://go.boarddocs.com/pa/whil/Board.nsf/vpublic?open -> https://www.whsd.org/apps/news/article/2228979?categoryId=8515 -> https://www.whsd.org/apps/news/article/2228887?categoryId=8515 -> https://www.whsd.org/apps/pages/index.jsp?uREC_ID=790846&type=d&pREC_ID=1183522 -> https://www.whsd.org/apps/pages/index.jsp?uREC_ID=790841&type=d&pREC_ID=1183518 -> https://www.whsd.org/apps/pages/index.jsp?uREC_ID=1613908&type=d -> https://ww,,25,yes,https://www.youtube.com/channel/UCU6f_uVysp7l0bZD2rTCgOA;https://youtu.be/aNzIVcJeaFM
us:sd:4624030,Faulkton School District 24-4,South Dakota,faulkton.k12.sd.us,https://faulkton.k12.sd.us/ -> http://faulkton.k12.sd.us/ -> http://www.faulkton.k12.sd.us/ -> https://go.boarddocs.com/sd/faulkton/Board.nsf/Public -> https://www.faulkton.k12.sd.us/apps/pages/index.jsp?uREC_ID=4390827&type=d&pREC_ID=2604074 -> https://www.faulkton.k12.sd.us/apps/events/2026/9/29/56605574/?REC_ID=56605574&id=0 -> https://www.faulkton.k12.sd.us/apps/events/2026/9/29/54502090/?REC_ID=54502090&id=0&d=2026-9-29 -> https://www.faulkton.k12.sd.us/apps/pages/index.jsp?uREC_ID=4390814&,,9,no,
us:sd:4503060,Oconee County School District,South Carolina,oconee.k12.sc.us,https://oconee.k12.sc.us/ -> https://www.oconee.k12.sc.us/ -> http://oconee.k12.sc.us/ -> http://www.oconee.k12.sc.us/ -> https://oconee.k12.sc.us/index.php?pageID=smartSiteFeed&psqFeed=true&articleID=86663333 -> https://oconee.k12.sc.us/index.php?pageID=smartSiteFeed&psqFeed=true&articleID=88784165 -> https://oconee.k12.sc.us/index.php?pageID=smartSiteFeed&psqFeed=true&articleID=88601281 -> https://oconee.k12.sc.us/school-board -> https://www.youtube.com/channel/UCsPGUFUrf43r937JicKnxBg/streams,https://www.youtube.com/channel/UCsPGUFUrf43r937JicKnxBg/streams,9,yes,https://www.youtube.com/channel/UCsPGUFUrf43r937JicKnxBg/streams;https://www.youtube.com/embed/rtknLgsvLLc
us:sd:4503810,York School District 1,South Carolina,york.k12.sc.us,https://york.k12.sc.us/ -> http://york.k12.sc.us/ -> http://www.york.k12.sc.us/ -> https://www.york.k12.sc.us/our-district/strategic-change-agenda-2022-2027 -> https://www.york.k12.sc.us/our-district/school-board -> https://www.york.k12.sc.us/our-district/school-board/board-members -> https://www.york.k12.sc.us/our-district/school-board/board-recognitions -> https://www.york.k12.sc.us/i-am/a-student/transcript-requests -> https://www.york.k12.sc.us/i-am/an-employee/hr-portal -> https://ychs.york,,72,yes,https://www.youtube.com/@york1schools;https://www.youtube.com/live/NME-tMca3S4?si=fhkRRzUNTUu5vu-d;https://www.youtube.com/live/lDCh6m91svE?si=d_0NA7BccBhHhguq;https://www.youtube.com/live/aqAMkgW-0V0?si=p_GQoeHUnKw7L0CX
us:sd:4808550,Rockport-Fulton Independent School District,Texas,rfisd.us,https://rfisd.us/ -> http://rfisd.us/ -> http://www.rfisd.us/ -> https://www.rfisd.us/apps/pages/index.jsp?uREC_ID=2176265&type=d&pREC_ID=2181061 -> https://www.rfisd.us/apps/events/2026/10/26/45351374/?REC_ID=45351374&id=0 -> https://www.rfisd.us/apps/events/2026/11/16/45352381/?REC_ID=45352381&id=0 -> https://www.rfisd.us/apps/events/2026/12/14/45353385/?REC_ID=45353385&id=0 -> https://www.rfisd.us/apps/events/2026/12/14/45353385/ics -> https://www.rfisd.us/apps/events/?id=0 -> https://www.rfi,,96,yes,http://www.youtube.com/channel/UCxahxSbdWJuPK-ggB4ocAUw
us:sd:4646380,McLaughlin School District 15-2,South Dakota,mclaughlin.k12.sd.us,https://mclaughlin.k12.sd.us/ -> https://www.mclaughlin.k12.sd.us/ -> http://mclaughlin.k12.sd.us/ -> http://www.mclaughlin.k12.sd.us/ -> https://www.mclaughlin.k12.sd.us/district/mc_laughlin_school_board -> https://www.mclaughlin.k12.sd.us/school_links/live_stream_activities -> https://www.nfhsnetwork.com/events/timber-lake-high-school-timber-lake-sd/gam0686f1b743 -> https://www.nfhsnetwork.com/events/timber-lake-high-school-timber-lake-sd/game56f07c9e9 -> https://www.nfhsnetwork.com/events/har,,11,yes,https://www.youtube.com/user/PlayOnNetwork
us:sd:4224360,Upper Dauphin Area School District,Pennsylvania,udasd.org,https://udasd.org/ -> https://www.udasd.org/ -> http://udasd.org/ -> http://www.udasd.org/ -> http://go.boarddocs.com/pa/udasd/Board.nsf/goto?open&id=BX3MH557A77D -> https://udasd.org/school-board-and-policies/ -> https://www.udatbn.com/ -> https://udasd.org/sitemap.xml -> https://udasd.org/post-sitemap.xml -> https://udasd.org/page-sitemap.xml -> https://udasd.org/sitemap-misc.xml -> https://udasd.org/sitemap.html,,6,yes,https://www.youtube.com/c/TrojanBroadcastNetwork
us:sd:4846680,Ysleta Independent School District,Texas,yisd.net,https://yisd.net/ -> http://yisd.net/ -> http://www.yisd.net/ -> https://yisd.primegov.com/ -> https://yisdservices.yisd.net/orgchart_community/OrgChart.aspx#/ -> https://www.yisd.net/events,,5,yes,https://www.youtube.com/user/YISDvideos
us:sd:4703720,Scott County School District,Tennessee,scottcounty.net,https://scottcounty.net/ -> http://scottcounty.net/ -> http://www.scottcounty.net/ -> https://docs.scottcounty.net/ -> https://www.scottcounty.net/our_district/board_of_education -> https://www.scottcounty.net/our_district/board_of_education/school_board_policy_manual -> https://www.scottcounty.net/cms/one.aspx?portalId=2284837&pageId=2284853&objectId.69767=20588998&contextId.69767=2693509&parentId.69767=2693510&localStartDate=2026-10-22T16:30&localEndDate=2026-10-22T17:30 -> https://www.scottco,,14,no,
us:sd:5100810,Chesapeake City Public Schools,Virginia,cpschools.com,https://cpschools.com/ -> http://cpschools.com/ -> http://www.cpschools.com/ -> https://www.cpschools.com/o/wbm/documents/events/527019 -> https://www.cpschools.com/documents/calendar/490409,,7,no,
us:sd:5101020,Craig County Public Schools,Virginia,craig.k12.va.us,https://craig.k12.va.us/ -> http://craig.k12.va.us/ -> http://www.craig.k12.va.us/ -> https://go.boarddocs.com/va/craig/Board.nsf/Public,,4,yes,https://www.youtube.com/channel/UCrIDx-JnPAWJU5yyeDP1qRQ
us:sd:4811310,Bridge City Independent School District,Texas,bridgecityisd.net,https://bridgecityisd.net/ -> https://www.bridgecityisd.net/ -> http://bridgecityisd.net/ -> http://www.bridgecityisd.net/ -> https://bridgecityisd.net/index.php?pageID=smartSiteFeed&psqFeed=true&articleID=88939697 -> https://bridgecityisd.net/index.php?pageID=smartSiteFeed&psqFeed=true&articleID=88186668 -> https://bridgecityisd.net/index.php?pageID=smartSiteFeed&psqFeed=true&articleID=87739834 -> https://bridgecityisd.net/site_map -> https://bridgecityisd.net/boardoftrustees -> https://bridgec,,27,yes,https://www.youtube.com/@BCISD;https://www.youtube.com/embed/lTz4_itIiOw?si=SBNusHiR0NMwiJ5o
us:sd:5101650,Goochland County Public Schools,Virginia,goochlandschools.org,https://goochlandschools.org/ -> http://goochlandschools.org/ -> http://www.goochlandschools.org/ -> https://www.goochlandschools.org/page/school-board,,9,yes,https://www.youtube.com/@goochlandcountypublicschoo3898/videos
us:sd:5101380,Fluvanna County Public Schools,Virginia,fluco.org,https://fluco.org/ -> http://fluco.org/ -> http://www.fluco.org/ -> https://www.fluco.org/page/school-board,,1,yes,https://www.youtube.com/@FluvannaCountyPublicSchool
us:sd:5000446,Windham Northeast Union Elementary School District 95,Vermont,wnesu.org,https://wnesu.org/ -> http://wnesu.org/ -> http://www.wnesu.org/ -> https://www.wnesu.org/school-boards/board-website -> https://www.wnesu.org/school-boards/board-meetings-on-demand -> https://www.wnesu.org/departments/technology/council-on-intentional-tech -> https://www.wnesu.org/school-boards -> https://www.wnesu.org/school-boards/budgets -> https://www.wnesu.org/school-boards/athens-grafton-school-district-elementary-program-sustainability-study -> https://www.wnesu.org/our-district/school-c,,17,yes,https://youtube.com/@wnesuvt
us:sd:5101290,Falls Church City Public Schools,Virginia,fccps.org,https://fccps.org/ -> http://fccps.org/ -> http://www.fccps.org/ -> https://go.boarddocs.com/vsba/fccpsva/Board.nsf/Public -> https://www.fccps.org/page/school-board -> https://www.fccps.org/page/superintendent-school-board-goals -> https://www.fccps.org/page/contact-board -> https://www.fccps.org/page/meeting-agendas,,8,no,
us:sd:5101770,Halifax County Public Schools,Virginia,halifax.k12.va.us,https://www.halifax.k12.va.us/ -> http://www.halifax.k12.va.us/ -> https://docs.halifax.k12.va.us/ -> https://www.halifax.k12.va.us/events,,4,yes,https://www.youtube.com/@hcpsinformation483
us:sd:4700148,Shelby County School District,Tennessee,scsk12.org,https://scsk12.org/ -> http://scsk12.org/ -> http://www.scsk12.org/ -> https://video.scsk12.org/ -> https://go.boarddocs.com/tn/scsk12/Board.nsf/files/BR5M6Q59BF14/$file/1009%20Non-Discrimination%20Statements.pdf -> https://www.scsk12.org/nr26/news/3354 -> https://www.scsk12.org/nr26/news/3356 -> https://www.scsk12.org/nr26/news/3352 -> https://livestream.com/accounts/25133520/events/9076172 -> https://vimeo.com/features/video-player -> https://vimeo.com/features/online-video-hosting -> https://,,9,yes,https://www.youtube.com/user/SCSK12Unified
us:sd:4825870,Knox City-O'Brien Consolidated Independent School District,Texas,knoxcityschools.net,https://knoxcityschools.net/ -> https://www.knoxcityschools.net/ -> http://knoxcityschools.net/ -> http://www.knoxcityschools.net/ -> https://www.knoxcityschools.net/vcalendar/?Ctype=weekly&D=1790571600 -> https://www.knoxcityschools.net/vcalendar/?Ctype=weekly&D=1790658000 -> https://www.knoxcityschools.net/vcalendar/?Ctype=weekly&D=1790744400 -> https://www.knoxcityschools.net/vnews/display.v/SEC/Board%20of%20Trustees -> https://www.knoxcityschools.net/vnews/display.v/ART/608ae471762cc -> http,,5,no,
us:sd:4901110,Wasatch School District,Utah,wasatch.edu,https://wasatch.edu/ -> https://www.wasatch.edu/ -> http://wasatch.edu/ -> http://www.wasatch.edu/ -> https://go.boarddocs.com/ut/wasatch/Board.nsf/goto?open&id=DX3MHM5B5946 -> https://wasatch.edu/board-of-education/ -> https://www.youtube.com/playlist?list=PLPnnFx95ju5nml2gSSzg7ZmW9pa_Vl4gX -> https://wasatch.edu/board-policies-out-for-review/ -> https://wasatch.edu/wp-content/uploads/2025/12/2025-2026-Board-Meeting-Schedule_12.11.25.pdf -> https://wasatch.edu/wp-content/uploads/2026/06/Board-M,https://www.youtube.com/playlist?list=PLPnnFx95ju5nml2gSSzg7ZmW9pa_Vl4gX,17,yes,https://www.youtube.com/channel/UCZalyiZ4v-kIBGxW5DLkT4g?view_as=subscriber
us:sd:5102850,Page County Public Schools,Virginia,pagecounty.k12.va.us,https://pagecounty.k12.va.us/ -> http://pagecounty.k12.va.us/ -> http://www.pagecounty.k12.va.us/ -> https://www.pagecounty.k12.va.us/page/school-board -> https://www.pagecounty.k12.va.us/documents/calendar/84003,,6,yes,https://www.youtube.com/c/PageCountySchools/live
us:sd:5103060,Prince Edward County Public Schools,Virginia,pecps.k12.va.us,https://pecps.k12.va.us/ -> http://pecps.k12.va.us/ -> http://www.pecps.k12.va.us/,,4,yes,https://www.youtube.com/@PrinceEdwardCountySchools
us:sd:5101200,Essex County Public Schools,Virginia,essex.k12.va.us,https://essex.k12.va.us/ -> http://essex.k12.va.us/ -> http://www.essex.k12.va.us/ -> https://docs.essex.k12.va.us/ -> https://www.essex.k12.va.us/page/school-board -> https://www.essex.k12.va.us/page/school-board-members-copy-2 -> https://www.boarddocs.com/vsba/essex/Board.nsf -> https://go.boarddocs.com/vsba/essex/Board.nsf/Private?open&login -> https://essexcountypsva.sites.thrillshare.com/documents/school-board/archived-minutes/586551 -> https://essexcountypsva.sites.thrillshare.com/page/sch,,12,no,
us:sd:5102400,Martinsville City Public Schools,Virginia,martinsville.k12.va.us,https://martinsville.k12.va.us/ -> http://martinsville.k12.va.us/ -> http://www.martinsville.k12.va.us/ -> https://media.martinsville.k12.va.us/ -> https://go.boarddocs.com/va/martinsville/Board.nsf/Public -> https://www.martinsville.k12.va.us/page/school-board,,5,yes,https://www.youtube.com/channel/UC2knz24i8YiMYdIP1_i6QkQ/featured
us:sd:5102710,Northampton County Public Schools,Virginia,ncpsk12.com,https://ncpsk12.com/ -> http://ncpsk12.com/ -> http://www.ncpsk12.com/ -> https://www.ncpsk12.com/documents/school-year-2024/2025/public-meetings-and-events/725047 -> https://go.boarddocs.com/vsba/nhcps/Board.nsf/Public,,5,yes,https://www.youtube.com/channel/UCC_eNfVF4OlHqeQbgMgMWUw
us:sd:5103150,Pulaski County Public Schools,Virginia,pcva.us,https://pcva.us/ -> http://pcva.us/ -> http://www.pcva.us/ -> https://www.pcva.us/page/board-members -> https://www.pcva.us/page/board-meetings -> https://www.pcva.us/page/state-council-for-higher-education,,7,yes,https://www.youtube.com/@pulaskicountyschoolboard3729
us:sd:4823430,Hondo Independent School District,Texas,hondoisd.net,https://hondoisd.net/ -> https://www.hondoisd.net/ -> http://hondoisd.net/ -> http://www.hondoisd.net/ -> https://www.hondoisd.net/apps/pages/index.jsp?uREC_ID=3761105&type=d -> https://www.hondoisd.net/apps/events/2026/9/29/55718125/?REC_ID=55718125&id=0 -> https://www.hondoisd.net/apps/events/2026/9/29/55454044/?REC_ID=55454044&id=0 -> https://www.hondoisd.net/apps/pages/index.jsp?uREC_ID=3757860&type=d&pREC_ID=2684456 -> https://www.hondoisd.net/apps/pages/index.jsp?uREC_ID=3757860&type=d&pRE,,9,no,
us:sd:5102490,Middlesex County Public Schools,Virginia,mcps.k12.va.us,https://mcps.k12.va.us/ -> http://mcps.k12.va.us/ -> http://www.mcps.k12.va.us/ -> https://video.mcps.k12.va.us/,,4,yes,http://www.youtube.com/@sdunkelmcps
us:sd:5102120,King William County Public Schools,Virginia,kwcps.k12.va.us,https://kwcps.k12.va.us/ -> http://kwcps.k12.va.us/ -> http://www.kwcps.k12.va.us/ -> https://www.kwcps.k12.va.us/page/school-board,,5,yes,https://youtube.com/@kingwilliamcopublicschools8365?feature=shared
us:sd:4900390,Iron School District,Utah,irondistrict.org,https://irondistrict.org/ -> http://irondistrict.org/ -> http://www.irondistrict.org/ -> https://go.boarddocs.com/ut/ironcsd/Board.nsf/goto?open&id=D3JTB76F6E74 -> https://www.irondistrict.org/page/general-board-information -> https://www.irondistrict.org/page/board-members -> https://www.irondistrict.org/page/2026-board-meeting-schedule -> https://irondistrict.community.highbond.com/Portal/ -> https://irondistrict.community.highbond.com/portal/members.aspx?id=0 -> https://irondistrict.community,,23,yes,https://www.youtube.com/channel/UCSydTBpJWn38IQFBvPq8TOw
us:sd:5300240,Arlington School District,Washington,asd.wednet.edu,https://asd.wednet.edu/ -> http://asd.wednet.edu/ -> http://www.asd.wednet.edu/ -> https://video.asd.wednet.edu/,,4,yes,https://www.youtube.com/channel/UCRj68uITGif4eLk-RkC5CIQ
us:sd:5103370,Rockbridge County Public Schools,Virginia,rockbridge.k12.va.us,https://www.rockbridge.k12.va.us/ -> http://www.rockbridge.k12.va.us/ -> https://go.boarddocs.com/vsba/rockva/Board.nsf/Public -> https://www.rockbridge.k12.va.us/about-rcps/school-board -> https://go.boarddocs.com/vsba/rockva/board.nsf/public?open&id=policies -> https://www.rockbridge.k12.va.us/community/prasnicki-and-ross-memorial -> https://www.rockbridge.k12.va.us/parents-students/rcps-dyslexia-home/videos -> https://www.rockbridge.k12.va.us/fs/pages/1964 -> https://www.rockbridge.k12.va.us/,,27,yes,https://www.youtube.com/embed/RVIeV0Xi6jw?playlist=RVIeV0Xi6jw&loop=1&autoplay=1&mute=1;https://www.youtube.com/embed/PeDIAyJg1kE?si=ePx31JtyEUUMRnkc;https://www.youtube.com/embed/Al4nsDVzF40?si=-q9Fkd97FFmLIaCR&start=1
us:sd:5101320,Fauquier County Public Schools,Virginia,fcps1.org,https://fcps1.org/ -> http://fcps1.org/ -> http://www.fcps1.org/ -> https://go.boarddocs.com/va/fcps/Board.nsf/goto?open&id=B3URUH632746 -> https://www.fcps1.org/about-us/school-board -> https://www.fcps1.org/about-us/school-board/videos -> https://www.fcps1.org/about-us/school-board/videos/school-board-meeting-archive -> https://www.fcps1.org/about-us/school-board/videos/committee-meeting-archive -> https://www.fcps1.org/about-us/school-board/citizens-time -> https://www.fcps1.org/calendar -> h,,17,yes,https://www.youtube.com/channel/UCZQ9rz61cWw3_RAJKbOiSww
us:sd:5102340,Lynchburg City Public Schools,Virginia,lcsedu.net,https://lcsedu.net/ -> https://www.lcsedu.net/ -> http://lcsedu.net/ -> http://www.lcsedu.net/ -> https://go.boarddocs.com/va/lynchburg/Board.nsf/Public -> https://lcsedu.net/2026/09/24/lately-lcs-september-24-2026 -> https://lcsedu.net/schoolboard -> https://lcsedu.net/schoolboard/meetings -> https://lcsedu.net/schoolboard/meetings/archives -> https://lcsedu.net/2020/02/21/legislative-advocacy-community-relations-committee-meeting-agenda-022420 -> https://lcsedu.net/2020/01/31/school-board-agen,,23,yes,https://www.youtube.com/c/LynchburgCitySchools
us:sd:5301290,Chimacum School District,Washington,csd49.org,https://csd49.org/ -> http://csd49.org/ -> http://www.csd49.org/ -> https://go.boarddocs.com/wa/chimacum/Board.nsf/vpublic?open -> https://www.csd49.org/o/csd/page/board-policies-and-procedures -> https://www.csd49.org/page/school-board -> https://www.csd49.org/page/board-of-directors -> https://www.csd49.org/page/board-meeting-recordings -> https://www.csd49.org/page/photos-videos,,9,yes,https://www.youtube.com/@ChimacumSchoolDistrict49
us:sd:5103390,Rockingham County Public Schools,Virginia,rcps.net,https://rcps.net/ -> http://rcps.net/ -> http://www.rcps.net/ -> https://www.rcps.net/page/school-board -> https://www.rcps.net/o/rcps/page/school-board -> https://www.rcps.net/page/transcript-requests,,7,yes,https://youtube.com/@RockinghamCountyPublicSchools?si=QEmkVxeB-IUiE_QL
us:sd:5101740,Greensville County Public Schools,Virginia,gcps1.com,https://gcps1.com/ -> https://www.gcps1.com/ -> http://gcps1.com/ -> http://www.gcps1.com/ -> https://go.boarddocs.com/vsba/gcps1/Board.nsf/vpublic?open -> https://gcps1.com/apps/news/show_news.jsp?REC_ID=1026324&id=0 -> https://gcps1.com/apps/news/show_news.jsp?REC_ID=1029536&id=0 -> https://gcps1.com/apps/pages/index.jsp?uREC_ID=506706&type=d -> https://gcps1.com/apps/video/ -> https://gcps1.com/apps/pages/index.jsp?uREC_ID=506706&type=d&termREC_ID=&pREC_ID=977990 -> https://gcps1.com/apps/pag,,25,yes,https://www.youtube.com/channel/UC11HBelbpzEsiDFgfocsUgA/search
us:sd:5303030,Glenwood School District,Washington,glenwoodsd.org,https://glenwoodsd.org/ -> http://glenwoodsd.org/ -> http://www.glenwoodsd.org/ -> https://www.glenwoodsd.org/page/board-meetings,,5,no,
us:sd:5303810,Kalama School District,Washington,kalamaschools.org,https://kalamaschools.org/ -> http://kalamaschools.org/ -> http://www.kalamaschools.org/ -> https://www.kalamaschools.org/events,,5,yes,https://www.youtube.com/channel/UCzlb7PMv5XFiUsNCBcELSuQ
us:sd:5103780,Sussex County Public Schools,Virginia,sussex.k12.va.us,https://sussex.k12.va.us/ -> http://sussex.k12.va.us/ -> http://www.sussex.k12.va.us/ -> https://go.boarddocs.com/vsba/sussex/Board.nsf/Public -> https://www.sussex.k12.va.us/page/school-board -> https://www.sussex.k12.va.us/page/school-board-members -> https://www.sussex.k12.va.us/page/school-board-goals -> https://aptg.co/n1lVD9 -> https://www.sussex.k12.va.us/page/legal-notice-of-non-discrimination -> https://www.sussex.k12.va.us/events -> https://www.sussex.k12.va.us/o/scps/page/legal-notice,,10,yes,https://www.youtube.com/@SussexTigers
us:sd:5303240,Grapeview School District,Washington,gsd54.org,https://gsd54.org/ -> http://gsd54.org/ -> http://www.gsd54.org/ -> https://www.gsd54.org/home-clone-working-page/board/gsdboard -> https://www.q.wa-k12.net/grapev -> https://www.gsd54.org/calendar -> https://www.gsd54.org/site-map,,7,no,
us:sd:5302130,Dieringer School District,Washington,dieringer.wednet.edu,https://dieringer.wednet.edu/ -> http://dieringer.wednet.edu/ -> http://www.dieringer.wednet.edu/ -> https://www.dieringer.wednet.edu/our-district/school-board -> https://www.dieringer.wednet.edu/our-district/school-board/meet-our-board -> https://www.dieringer.wednet.edu/fs/pages/442 -> https://www.dieringer.wednet.edu/our-district/school-board/meetings -> https://go.boarddocs.com/wa/dieringer/Board.nsf/Public -> https://go.boarddocs.com/wa/dieringer/Board.nsf/goto?open&id=CU9TH677673D -> https,,10,yes,https://www.youtube.com/channel/UCmFB2gICphB-y0A5LI6mxAQ/playlists
us:sd:4840920,Southside Independent School District,Texas,southsideisd.org,https://southsideisd.org/ -> https://www.southsideisd.org/ -> http://southsideisd.org/ -> http://www.southsideisd.org/ -> https://southsideisd.org/board/ -> https://southsideisd.org/board/agendas/ -> https://southsideisd.org/board/approved-resolutions/ -> https://southsideisd.org/board/meetings/ -> https://southsideisd.org/board/board-minutes/ -> https://southsideisd.org/board/unapproved-notes-from-board-meetings/ -> https://southsideisd.org/board/board-quarterly-trackers/ -> https://southsideis,,74,yes,https://www.youtube.com/@southsideindependentschool1103
us:sd:5301920,Cusick School District,Washington,cusick.wednet.edu,https://cusick.wednet.edu/ -> http://cusick.wednet.edu/ -> http://www.cusick.wednet.edu/ -> https://www.cusick.wednet.edu/school-board -> https://www.cusick.wednet.edu/school-board/board-agenda -> https://www.cusick.wednet.edu/school-board/board-minutes -> https://www.cusick.wednet.edu/our-district/district-information/public-participation-notice-of-availability -> https://www.cusick.wednet.edu/calendar2 -> https://www.cusick.wednet.edu/site-map -> https://www.cusick.wednet.edu/cms/lib/WA0100162,,13,no,
us:sd:5302340,Easton School District,Washington,easton.wednet.edu,https://easton.wednet.edu/ -> http://easton.wednet.edu/ -> http://www.easton.wednet.edu/ -> https://go.boarddocs.com/wa/eastonsd/Board.nsf/Public -> https://www.easton.wednet.edu/page/school-board -> https://www.easton.wednet.edu/page/school-board-meetings -> https://www.easton.wednet.edu/events,,7,no,
us:sd:5302490,Elma School District,Washington,eagles.edu,https://eagles.edu/ -> http://eagles.edu/ -> http://www.eagles.edu/ -> https://stream.eagles.edu/ -> https://www.eagles.edu/our-district/school-board-of-directors -> https://www.eagles.edu/our-district/calendar -> https://www.eagles.edu/for-families-students/calendar -> https://www.eagles.edu/site-map -> https://www.eagles.edu/our-schools/elementary-school/elma-elementary-school-based-health-center,,10,no,
us:sd:5103420,Russell County Public Schools,Virginia,russell.k12.va.us,https://russell.k12.va.us/ -> http://russell.k12.va.us/ -> http://www.russell.k12.va.us/ -> https://video.russell.k12.va.us/,,4,yes,https://www.youtube.com/channel/UCNxAO2Ek0q6i2F4lO6OM2Pg
us:sd:5305730,North Franklin School District,Washington,nfsd.org,https://nfsd.org/ -> http://nfsd.org/ -> http://www.nfsd.org/ -> https://www.nfsd.org/o/nfsd/page/event-registration -> https://www.nfsd.org/live-feed -> https://www.nfsd.org/live-feed?page_no=1 -> https://www.nfsd.org/live-feed?page_no=2 -> https://www.nfsd.org/live-feed?page_no=3 -> https://www.nfsd.org/events,,10,no,
us:sd:5307050,Lake Quinault School District,Washington,lakequinaultschools.org,https://lakequinaultschools.org/ -> http://lakequinaultschools.org/ -> http://www.lakequinaultschools.org/ -> https://events.lakequinaultschools.org/,,7,no,
us:sd:5104050,Winchester City Public Schools,Virginia,wps.k12.va.us,https://wps.k12.va.us/ -> http://wps.k12.va.us/ -> http://www.wps.k12.va.us/ -> https://go.boarddocs.com/vsba/wps/Board.nsf/goto?open&id=B7KR2G6580CB -> https://www.wps.k12.va.us/departments/family-community-engagement/student-advisory-council -> https://www.wps.k12.va.us/school-board/about-our-school-board -> https://www.wps.k12.va.us/school-board/meet-our-school-board -> https://www.wps.k12.va.us/school-board/school-board-meetings -> https://www.wps.k12.va.us/discover-wps/our-community/the-dou,,26,yes,https://www.youtube.com/channel/UC-yxa78ouAjyhODd96pD7IQ
us:sd:5308730,Taholah School District,Washington,taholah.org,https://taholah.org/ -> http://taholah.org/ -> http://www.taholah.org/ -> https://go.boarddocs.com/wa/taholah/Board.nsf/vpublic?open -> https://www.taholah.org/page/board-information -> https://www.taholah.org/documents/our-district/board-information/board-meetings-agendas/720246 -> https://www.taholah.org/events,,7,yes,https://www.youtube.com/@taholahschooldistrict7735
us:sd:5308850,Thorp School District,Washington,thorpschools.org,https://thorpschools.org/ -> http://thorpschools.org/ -> http://www.thorpschools.org/ -> https://docs.thorpschools.org/ -> https://www.thorpschools.org/page/school-board -> https://www.q.wa-k12.net/thorpSTS,,4,no,
us:sd:5309360,Wahluke School District,Washington,wsd73.wednet.edu,https://wsd73.wednet.edu/ -> http://wsd73.wednet.edu/ -> http://www.wsd73.wednet.edu/ -> https://go.boarddocs.com/wa/wahluke/Board.nsf/Private?open,,4,no,
us:sd:5306870,Prescott School District,Washington,prescott.k12.wa.us,https://prescott.k12.wa.us/ -> http://prescott.k12.wa.us/ -> http://www.prescott.k12.wa.us/ -> https://www.prescott.k12.wa.us/page/school-board -> https://www.prescott.k12.wa.us/page/board-meeting-resources -> https://www.prescott.k12.wa.us/o/main/browse/94432 -> https://www.nfhsnetwork.com/schools/50d9ef5302 -> https://www.nfhsnetwork.com/events/prescott-jr-sr-high-school-prescott-wa/gam4712c36f1d -> https://www.nfhsnetwork.com/events/sunnyside-christian-high-school-sunnyside-wa/gam4992ed0f1b -,,13,no,
us:sd:5400780,Mason County School District,West Virginia,boe.maso.k12.wv.us,https://boe.maso.k12.wv.us/ -> http://boe.maso.k12.wv.us/,,3,yes,https://www.youtube.com/channel/UCEQshYGKXF35ZeDz0jQ92_w
us:sd:5401080,Pendleton County School District,West Virginia,pendletoncountyschools.com,https://pendletoncountyschools.com/ -> https://www.pendletoncountyschools.com/ -> http://pendletoncountyschools.com/ -> http://www.pendletoncountyschools.com/,,4,yes,https://www.youtube.com/channel/UCaYT4sgemFjjmhht1M0Gn0A
us:sd:5400510,Harrison County School District,West Virginia,harcoboe.net,https://harcoboe.net/ -> http://harcoboe.net/ -> http://www.harcoboe.net/ -> https://agenda.harcoboe.net/ -> https://go.boarddocs.com/wv/harrison/Board.nsf/Public -> https://www.harcoboe.net/policies,,3,yes,https://www.youtube.com/channel/UClD905YG1zECdD3sN2bW7LQ
us:sd:5400630,Lewis County School District,West Virginia,lewisboe.com,https://lewisboe.com/ -> https://www.lewisboe.com/ -> http://lewisboe.com/ -> http://www.lewisboe.com/ -> https://go.boarddocs.com/wv/lewis/Board.nsf/Public?open&id=policies -> https://www.lewisboe.com/page/agendas -> https://www.lewisboe.com/page/board-of-education -> https://www.lewisboe.com/o/lcs/page/board-of-education,,7,yes,https://www.youtube.com/@lewiscountyschoolswv1672/streams
us:sd:5309930,Winlock School District,Washington,winlockschools.org,https://winlockschools.org/ -> http://winlockschools.org/ -> http://www.winlockschools.org/ -> https://www2.crdc.wa-k12.net/winlocs/web/seplog01.w -> https://www.winlockschools.org/live-feed -> https://go.boarddocs.com/wa/winlock/Board.nsf/Public -> https://www.winlockschools.org/live-feed?page_no=1 -> https://www.winlockschools.org/live-feed?page_no=2 -> http://go.boarddocs.com/wa/winlock/Board.nsf/goto?open&id=CTFU497A341C -> https://www.winlockschools.org/live-feed?page_no=3 -> http://go.boar,,19,no,
us:sd:5308100,South Bend School District,Washington,southbend.wednet.edu,https://southbend.wednet.edu/ -> https://www.southbend.wednet.edu/ -> http://southbend.wednet.edu/ -> http://www.southbend.wednet.edu/ -> https://www.southbendschools.org/our-district/school-board -> https://www.southbendschools.org/our-district/school-board/school-board-members -> https://www.southbendschools.org/our-district/school-board/approved-meeting-minutes -> https://www.southbendschools.org/fs/resource-manager/view/61f920d0-1331-4f22-a5fc-862ff9cd3c53 -> https://www.southbendschools.org,,31,no,
us:sd:5306180,Olympia School District,Washington,osd.wednet.edu,https://osd.wednet.edu/ -> https://www.osd.wednet.edu/ -> http://osd.wednet.edu/ -> http://www.osd.wednet.edu/ -> https://go.boarddocs.com/wa/osd111/Board.nsf/vpublic?open -> https://osd.wednet.edu/index.php?pageID=smartSiteFeed&psqFeed=true&articleID=90150349 -> https://osd.wednet.edu/index.php?pageID=smartSiteFeed&psqFeed=true&articleID=90057561 -> https://osd.wednet.edu/index.php?pageID=smartSiteFeed&psqFeed=true&articleID=89085391 -> https://osd.wednet.edu/81165_4 -> https://osd.wednet.edu/s,,35,yes,https://www.youtube.com/channel/UC_WHJBD9xgV5vYu_rT8dlRA
us:sd:5501140,Berlin Area School District,Wisconsin,berlin.k12.wi.us,https://berlin.k12.wi.us/ -> https://www.berlin.k12.wi.us/ -> http://berlin.k12.wi.us/ -> http://www.berlin.k12.wi.us/ -> https://www.berlin.k12.wi.us/events,,5,yes,https://www.youtube.com/@BerlinSchools/shorts
us:sd:5306630,Paterson School District,Washington,patersonschool.org,https://patersonschool.org/ -> https://www.patersonschool.org/ -> http://patersonschool.org/ -> http://www.patersonschool.org/ -> https://patersonschool.org/index.php?pageID=smartSiteFeed&psqFeed=true&articleID=90359544 -> https://patersonschool.org/index.php?pageID=smartSiteFeed&psqFeed=true&articleID=88446871 -> https://patersonschool.org/index.php?pageID=smartSiteFeed&psqFeed=true&articleID=87939890 -> https://patersonschool.org/agendas-and-minutes -> https://patersonschool.org/board-of-direc,,2,no,
us:sd:5307230,Renton School District,Washington,rentonschools.us,https://rentonschools.us/ -> http://rentonschools.us/ -> http://www.rentonschools.us/ -> https://docs.rentonschools.us/ -> https://go.boarddocs.com/wa/rpswa/Board.nsf/Public -> https://www.rentonschools.us/our-district/school-board -> https://www.rentonschools.us/our-district/school-board/boardbios -> https://www.rentonschools.us/departments/business-services/payroll2/employee-access -> https://www.rentonschools.us/our-district/school-board/understanding-school-board-meetings -> https://www.rent,,24,yes,https://www.youtube.com/user/RentonSchoolDistrict?feature=watch
us:sd:5501560,Bowler School District,Wisconsin,bowler.k12.wi.us,https://bowler.k12.wi.us/ -> http://bowler.k12.wi.us/ -> http://www.bowler.k12.wi.us/ -> https://www.bowler.k12.wi.us/o/bowlersd/page/library-media-home,,5,yes,https://www.youtube.com/@BowlerSchools
us:sd:5308190,South Whidbey School District,Washington,sw.wednet.edu,https://sw.wednet.edu/ -> http://sw.wednet.edu/ -> http://www.sw.wednet.edu/ -> https://docs.sw.wednet.edu/ -> https://go.boarddocs.com/wa/swsd/Board.nsf/vpublic?open -> https://www.sw.wednet.edu/our-district/school-board -> https://youtube.com/playlist?list=PL5eIOu_BP47dm5MwCBJTmez2Gwn--vhOj -> https://www.sw.wednet.edu/resources/language-access -> https://www.sw.wednet.edu/our-district/school-board/zoom-meetings -> https://www.sw.wednet.edu/our-district/school-board/calendar -> https://www.sw.,https://youtube.com/playlist?list=PL5eIOu_BP47dm5MwCBJTmez2Gwn--vhOj,34,yes,https://www.youtube.com/channel/UC9aFMmrEvnVR2qCqvUyWjpQ
us:sd:5305460,Naches Valley School District,Washington,nvsd.org,https://nvsd.org/ -> https://www.nvsd.org/ -> http://nvsd.org/ -> http://www.nvsd.org/ -> https://nachesvalley.org/Board.html -> https://nachesvalley.org/index.html -> https://nachesvalley.org/elementary.html -> https://www.q.wa-k12.net/nachesSTS/Session/Signin?area=Home&controller=Home&action=Index -> https://nachesvalley.org/directory.html -> https://nachesvalley.org/middle school/middleschool.html -> https://nachesvalley.org/High School/highschool.html -> https://nachesvalley.org/levy/levyind,,9,no,
us:sd:5502040,Cadott Community School District,Wisconsin,cadott.k12.wi.us,https://cadott.k12.wi.us/ -> http://cadott.k12.wi.us/ -> http://www.cadott.k12.wi.us/ -> https://docs.cadott.k12.wi.us/ -> https://www.cadott.k12.wi.us/page/school-board -> https://www.cadott.k12.wi.us/page/board-agendas -> https://www.cadott.k12.wi.us/page/notice-of-board-vacancies -> https://www.cadott.k12.wi.us/page/board-minutes,,24,yes,https://www.youtube.com/@schoolboardlivestream8076/streams
us:sd:5400540,Jackson County School District,West Virginia,boe.jack.k12.wv.us,https://boe.jack.k12.wv.us/ -> https://www.boe.jack.k12.wv.us/ -> http://boe.jack.k12.wv.us/ -> http://www.boe.jack.k12.wv.us/ -> https://go.boarddocs.com/wv/jac/Board.nsf/Public -> https://www.boe.jack.k12.wv.us/page/board-members-temp -> https://www.boe.jack.k12.wv.us/o/jcs/browse/64656 -> https://boe-jack-k12.community.highbond.com/Portal/ -> https://go.boarddocs.com/wv/jac/Board.nsf/Public?open&id=policies -> https://boe-jack-k12.community.highbond.com/Portal/MeetingTypeList.aspx -> https://,,18,yes,https://www.youtube.com/channel/UCgcwSqGoWlXlkC0KJN_ViFg
us:sd:5309510,Warden School District,Washington,warden.wednet.edu,https://warden.wednet.edu/ -> https://www.warden.wednet.edu/ -> http://warden.wednet.edu/ -> http://www.warden.wednet.edu/ -> https://warden.wednet.edu/index.php?pageID=smartSiteFeed&psqFeed=true&articleID=84894365 -> https://warden.wednet.edu/233723_2?articleID=69766 -> https://warden.wednet.edu/233723_2?articleID=70314 -> https://warden.wednet.edu/school-board -> https://go.boarddocs.com/wa/warden/Board.nsf/goto?open&id=CUZPKK6317BA -> https://warden.wednet.edu/school-board-student-representat,,19,yes,https://www.youtube.com/channel/UCVRg2JanRdfNUVpVFHuA9xQ
us:sd:5501800,Brown Deer School District,Wisconsin,browndeerschools.com,https://browndeerschools.com/ -> https://www.browndeerschools.com/ -> http://browndeerschools.com/ -> http://www.browndeerschools.com/ -> https://go.boarddocs.com/wi/sdbd/Board.nsf/Public?open&id=policies -> https://www.browndeerschools.com/district/boardofeducation.cfm -> https://www.browndeerschools.com/community/parent-.cfm -> https://www.youtube.com/@schooldistrictofbrowndeer1721 -> https://www.browndeerschools.com/login_faculty.cfm?memberid=1100&pageid=11 -> https://www.browndeerschools.com,https://www.youtube.com/@schooldistrictofbrowndeer1721,17,yes,https://www.youtube.com/@schooldistrictofbrowndeer1721
us:sd:5503030,Cuba City School District,Wisconsin,cubacity.k12.wi.us,https://cubacity.k12.wi.us/ -> https://www.cubacity.k12.wi.us/ -> http://cubacity.k12.wi.us/ -> http://www.cubacity.k12.wi.us/ -> https://www.cubacity.k12.wi.us/district/school-board.cfm -> https://www.cubacity.k12.wi.us/district/school-board-agendas.cfm -> https://www.cubacity.k12.wi.us/district/school-board-minutes.cfm,,26,yes,https://www.youtube.com/channel/UCMuF63cktJHw0wek80adrdA/featured?view_as=subscriber;https://youtu.be/-T1CP20SWvo?si=-X_3eURN4G9Jv8el
us:sd:5502550,Chippewa Falls Area School District,Wisconsin,cfsd.chipfalls.k12.wi.us,https://cfsd.chipfalls.k12.wi.us/ -> http://cfsd.chipfalls.k12.wi.us/ -> https://go.boarddocs.com/wi/chipfalls/Board.nsf/Public -> https://cfsd.chipfalls.k12.wi.us/board/index.cfm -> https://cfsd.chipfalls.k12.wi.us/board/boeMembers.cfm -> https://cfsd.chipfalls.k12.wi.us/board/sbnewsletters.cfm -> https://cfsd.chipfalls.k12.wi.us/board/board-meeting-live-stream.cfm -> https://cfsd.chipfalls.k12.wi.us/board/ -> https://cfsd.chipfalls.k12.wi.us/departments/notice-of-educational-options.cfm,,13,yes,https://www.youtube.com/channel/UCpGyjrByIZDtXZGbLJDIYmw
us:sd:5504740,Fort Atkinson School District,Wisconsin,fortschools.org,https://fortschools.org/ -> http://fortschools.org/ -> http://www.fortschools.org/,,11,yes,http://www.youtube.com/channel/UClGL7dCKjukvh6epgMeSjUQ;https://youtu.be/H8Zl4DpcqkU
us:sd:5502910,Crandon School District,Wisconsin,sdofcrandon.com,https://sdofcrandon.com/ -> https://www.sdofcrandon.com/ -> http://sdofcrandon.com/ -> http://www.sdofcrandon.com/ -> https://go.boarddocs.com/wi/sdoc/Board.nsf/Public -> https://www.sdofcrandon.com/district/school-board.cfm -> https://www.sdofcrandon.com/district/your-school-board.cfm -> https://mail.google.com/a/sdofcrandon.com,,7,yes,https://www.youtube.com/channel/UC11fC26gTZoxVyRP-de1EmA
us:sd:5500900,Bayfield School District,Wisconsin,bayfield.k12.wi.us,https://bayfield.k12.wi.us/ -> https://www.bayfield.k12.wi.us/ -> http://bayfield.k12.wi.us/ -> http://www.bayfield.k12.wi.us/ -> https://go.boarddocs.com/wi/bay/Board.nsf/Public#tab-policies -> https://www.bayfield.k12.wi.us/district/administrative-reports-2026-05-18.cfm -> https://www.bayfield.k12.wi.us/district/administrative-reports-2026-04-27.cfm -> https://www.bayfield.k12.wi.us/district/administrative-reports-2026-03-18.cfm -> https://www.bayfield.k12.wi.us/district/schoolboard.cfm -> htt,,14,no,
us:sd:5401260,Randolph County School District,West Virginia,boe.rand.k12.wv.us,https://boe.rand.k12.wv.us/ -> http://boe.rand.k12.wv.us/ -> https://go.boarddocs.com/wv/rand/Board.nsf/Public -> https://boe.rand.k12.wv.us/page/board-of-education -> https://www.youtube.com/@RandolphCountySchoolsWV -> https://boe.rand.k12.wv.us/page/board-goals -> https://boe.rand.k12.wv.us/page/meetings,https://www.youtube.com/@RandolphCountySchoolsWV,5,yes,https://www.youtube.com/@RandolphCountySchoolsWV
us:sd:5504800,Fox Point Joint No. 2 School District,Wisconsin,foxbay.org,https://foxbay.org/ -> https://www.foxbay.org/ -> http://foxbay.org/ -> http://www.foxbay.org/ -> https://go.boarddocs.com/wi/foxbay/Board.nsf/public,,5,no,
us:sd:5308310,St. John School District,Washington,sje.wednet.edu,https://sje.wednet.edu/ -> http://sje.wednet.edu/ -> http://www.sje.wednet.edu/ -> https://www.sje.wednet.edu/page/board-home -> https://www.sje.wednet.edu/live-feed?filter_id=511654 -> https://www.sje.wednet.edu/live-feed -> https://www.sje.wednet.edu/live-feed?page_no=1 -> https://www.sje.wednet.edu/live-feed?page_no=2 -> https://www.sje.wednet.edu/live-feed?page_no=3 -> https://www.sje.wednet.edu/live-feed?filter_id=511654&page_no=1 -> https://www.sje.wednet.edu/live-feed?filter_id=511654&pag,,2,no,
us:sd:5505490,Nicolet Union High School District,Wisconsin,nicolet.us,https://nicolet.us/ -> http://nicolet.us/ -> http://www.nicolet.us/ -> https://video.nicolet.us/,,4,yes,https://www.youtube.com/c/KnightVisionNetwork?app=desktop
us:sd:5509210,Merrill Area School District,Wisconsin,mapsedu.org,https://mapsedu.org/ -> http://mapsedu.org/ -> http://www.mapsedu.org/,,4,yes,https://www.youtube.com/channel/UC9e3ge2UHaIZ8crzd8Du5GA
us:sd:5504110,Edgerton School District,Wisconsin,edgerton.k12.wi.us,https://edgerton.k12.wi.us/ -> http://edgerton.k12.wi.us/ -> http://www.edgerton.k12.wi.us/ -> https://video.edgerton.k12.wi.us/ -> http://go.boarddocs.com/wi/edge/Board.nsf/goto?open&id=C8WK274F66C5 -> https://www.edgerton.k12.wi.us/page/board-members -> https://www.edgerton.k12.wi.us/page/meeting-documents -> https://www.edgerton.k12.wi.us/page/school-board-election -> https://fan.hudl.com/usa/wi/edgerton/organization/14922/edgerton-high-school -> https://www.edgerton.k12.wi.us/page/social-med,,8,yes,https://www.youtube.com/channel/UCDWH_CMQv6_OqW2Gzoin7Mw
us:sd:5502400,Cassville School District,Wisconsin,cassvillesd.k12.wi.us,https://cassvillesd.k12.wi.us/ -> https://www.cassvillesd.k12.wi.us/ -> http://cassvillesd.k12.wi.us/ -> http://www.cassvillesd.k12.wi.us/ -> https://www.cassvillesd.k12.wi.us/district/board-of-education.cfm -> https://www.cassvillesd.k12.wi.us/district/board-agenda.cfm -> https://www.cassvillesd.k12.wi.us/activities/student-council.cfm -> https://www.cassvillesd.k12.wi.us/district/board-minutes.cfm -> https://www.cassvillesd.k12.wi.us/activities/live-stream-links.cfm -> https://www.cassvillesd.,,12,yes,https://www.youtube.com/channel/UCXb-lhBfpZm6_63V_nK3tNQ/videos?view=57
us:sd:5500240,Almond-Bancroft School District,Wisconsin,abschools.k12.wi.us,https://abschools.k12.wi.us/ -> https://www.abschools.k12.wi.us/ -> http://abschools.k12.wi.us/ -> http://www.abschools.k12.wi.us/ -> https://go.boarddocs.com/wi/almondbancroft/Board.nsf/Public -> https://www.abschools.k12.wi.us/family-resources/forms-handbooks/facility-use-form-update-11162021 -> https://www.abschools.k12.wi.us/family-resources/forms-handbooks/wisconsin-dpi-dyslexia-handbook -> https://www.abschools.k12.wi.us/district/board-of-education -> https://www.abschools.k12.wi.us/distri,,12,no,
us:sd:5505370,Gilmanton School District,Wisconsin,ghs.k12.wi.us,https://ghs.k12.wi.us/ -> https://www.ghs.k12.wi.us/ -> http://ghs.k12.wi.us/ -> http://www.ghs.k12.wi.us/ -> https://go.boarddocs.com/wi/sdgil/Board.nsf/goto?open&id=DHERDW6D75D2 -> https://www.ghs.k12.wi.us/district/board-of-education.cfm -> https://www.ghs.k12.wi.us/district/board-agendas.cfm -> https://www.ghs.k12.wi.us/district/staff-login-page.cfm -> https://www.ghs.k12.wi.us/district/board-minutes.cfm -> https://www.ghs.k12.wi.us/district/2026-27-board-minutes.cfm -> https://www.ghs.k12.w,,10,yes,https://www.youtube.com/@GilmantonSchoolDistrict-WI
us:sd:5500060,Adams-Friendship Area School District,Wisconsin,afasd.net,https://afasd.net/ -> https://www.afasd.net/ -> http://afasd.net/ -> http://www.afasd.net/ -> https://go.boarddocs.com/wi/afasd/Board.nsf/vpublic?open -> https://www.afasd.net/district/school-board.cfm -> https://www.afasd.net/district/school-board-election-papers.cfm -> https://www.afasd.net/district/board-meeting-agendas.cfm -> https://www.afasd.net/family-community/community-meetings.cfm -> https://simbli.eboardsolutions.com/SB_Meetings/ViewMeeting.aspx?S=36031003&MID=772 -> https://www.afasd,,63,yes,https://www.youtube.com/channel/UCzVO0lPXQi4I1uJSomTiXPA;https://youtu.be/gjVk_t4Cu0w;https://youtu.be/KmKktGoj7_U
us:sd:5509390,Stone Bank School District,Wisconsin,stonebank.k12.wi.us,https://stonebank.k12.wi.us/ -> https://www.stonebank.k12.wi.us/ -> http://stonebank.k12.wi.us/ -> http://www.stonebank.k12.wi.us/ -> https://go.boarddocs.com/wi/sbsd/Board.nsf/goto?open&id=DTZSXQ74B958 -> https://www.stonebank.k12.wi.us/district/board-of-education.cfm -> https://www.stonebank.k12.wi.us/district/annual-meeting.cfm -> https://www.stonebank.k12.wi.us/district/board-members.cfm -> https://skyward.iscorp.com/scripts/wsisa.dll/WService=wsedustonebankwi/seplog01.w -> https://skyward.i,,28,yes,https://www.youtube.com/@stone-bank-school;https://youtu.be/1SYXgjYu4wc?si=HpQKpPAioSU6ttb0;https://youtu.be/ddDRl-22nsk?si=_GVwSVTERyyuGMqK
us:sd:5501050,Beloit School District,Wisconsin,sdb.k12.wi.us,https://sdb.k12.wi.us/ -> http://sdb.k12.wi.us/ -> http://www.sdb.k12.wi.us/ -> https://docs.sdb.k12.wi.us/ -> https://www.sdb.k12.wi.us/our-district/open-records/district-board-policies -> https://www.sdb.k12.wi.us/board-of-education-41/home -> https://www.sdb.k12.wi.us/board-of-education-41/board-members -> https://www.sdb.k12.wi.us/board-of-education-41/view-board-meetings-online -> https://www.sdb.k12.wi.us/board-of-education-41/boe-meeting-calendar -> https://www.sdb.k12.wi.us/staff/wiscons,,61,yes,https://www.youtube.com/channel/UCzJaOU2z_5hIYfBporAsunQ;https://youtu.be/5SWNJujJYb8;https://youtube.com/live/O98m0vMyW0Y?feature=share
us:sd:5502880,Cornell School District,Wisconsin,cornell.k12.wi.us,https://cornell.k12.wi.us/ -> https://www.cornell.k12.wi.us/ -> http://cornell.k12.wi.us/ -> http://www.cornell.k12.wi.us/ -> https://cornell.k12.wi.us/index.php/board-agendas/ -> https://www.youtube.com/channel/UCSintm0BPzjOKMamBjqD5Xw/featured -> https://cornell.k12.wi.us/index.php/board-minutes/ -> https://cornell.k12.wi.us/wp-login.php?redirect_to=https%3A%2F%2Fcornell.k12.wi.us%2Fwp-admin%2F&reauth=1 -> https://cornell.k12.wi.us/index.php/staff-directory/ -> https://cornell.k12.wi.us/index.,https://www.youtube.com/channel/UCSintm0BPzjOKMamBjqD5Xw/featured,9,yes,https://www.youtube.com/channel/UCSintm0BPzjOKMamBjqD5Xw/featured
us:sd:5502700,Cochrane-Fountain City School District,Wisconsin,cfc.k12.wi.us,https://cfc.k12.wi.us/ -> https://www.cfc.k12.wi.us/ -> http://cfc.k12.wi.us/ -> http://www.cfc.k12.wi.us/ -> https://www.cfc.k12.wi.us/district/september-21-2026.cfm -> https://www.cfc.k12.wi.us/district/august-18-2026.cfm -> https://www.cfc.k12.wi.us/district/july-20-2026.cfm -> https://www.cfc.k12.wi.us/district/board-of-education.cfm -> https://www.cfc.k12.wi.us/district/2025-2026-documents.cfm -> https://www.cfc.k12.wi.us/district/2026-2027-board-agendas.cfm -> https://www.cfc.k12.wi.us/dis,,4,no,
us:sd:5510620,New Richmond School District,Wisconsin,newrichmond.k12.wi.us,https://newrichmond.k12.wi.us/ -> https://www.newrichmond.k12.wi.us/ -> http://newrichmond.k12.wi.us/ -> http://www.newrichmond.k12.wi.us/ -> https://go.boarddocs.com/wi/sdnr/Board.nsf/Public -> https://www.newrichmond.k12.wi.us/district/school-board.cfm -> https://www.newrichmond.k12.wi.us/district/regular-school-board-meetings.cfm -> https://www.newrichmond.k12.wi.us/staff/socail-media.cfm,,9,yes,https://www.youtube.com/channel/UCxCE1DKK2OqR6HQK6KpgiEg
us:sd:5509960,Mosinee School District,Wisconsin,mosineeschools.org,https://mosineeschools.org/ -> https://www.mosineeschools.org/ -> http://mosineeschools.org/ -> http://www.mosineeschools.org/ -> https://go.boarddocs.com/wi/mosi/Board.nsf/goto?open&id=CR73EA065EC7 -> https://www.mosineeschools.org/district/school-board.cfm -> https://www.mosineeschools.org/district/meetings-agendas-minutes.cfm -> https://www.youtube.com/@msdvideos4406/streams -> https://docs.google.com/document/d/1jpAGRUvpK9bgRXO5K8bCjXJoS9OD8uE_rnIsPT5XbvY/edit?tab=t.0 -> https://docs.google.,https://www.youtube.com/@msdvideos4406/streams,6,yes,https://www.youtube.com/@msdvideos4406
us:sd:5508250,Loyal School District,Wisconsin,loyal.k12.wi.us,https://loyal.k12.wi.us/ -> http://loyal.k12.wi.us/ -> http://www.loyal.k12.wi.us/ -> https://www.loyal.k12.wi.us/board-of-education/boarddocs -> https://www.loyal.k12.wi.us/board-of-education/board-of-education-members -> https://www.loyal.k12.wi.us/icons-for-panels/location -> https://www.loyal.k12.wi.us/quicklinks/model-notice-of-child-find-activity-confidentiality-of-personally-identifiable-information -> https://www.loyal.k12.wi.us/district-news/notice-of-special-needs-scholarship-program -,,11,yes,https://www.youtube.com/channel/UCfTSddx4uki8r4uEZipHGlw
us:sd:5504830,Franklin Public School District,Wisconsin,franklin.k12.wi.us,https://franklin.k12.wi.us/ -> http://franklin.k12.wi.us/ -> http://www.franklin.k12.wi.us/ -> https://www.franklin.k12.wi.us/about-us/board-of-education -> https://www.franklin.k12.wi.us/about-us/board-of-education/board-election-information -> https://www.franklin.k12.wi.us/about-us/board-of-education/meeting-videos -> https://www.franklin.k12.wi.us/about-us/board-of-education/agendas-and-minutes -> https://www.franklin.k12.wi.us/about-us/board-of-education/our-board-members -> https://www.fra,,219,yes,https://youtu.be/eRQJmoGcNSA;https://youtu.be/g3EToNLaEBU;https://youtu.be/spUKSJge5y0
us:sd:5502820,Columbus School District,Wisconsin,columbus.k12.wi.us,https://columbus.k12.wi.us/ -> http://columbus.k12.wi.us/ -> http://www.columbus.k12.wi.us/ -> https://go.boarddocs.com/wi/cbus/Board.nsf/Public -> https://www.columbus.k12.wi.us/district/legal-notifications/use-of-video-monitoring-systems -> https://www.columbus.k12.wi.us/school-board -> https://www.columbus.k12.wi.us/school-board/election-information/notice-of-school-board-election -> https://www.columbus.k12.wi.us/school-board/annual-meeting -> https://www.columbus.k12.wi.us/school-board/elec,,13,yes,https://www.youtube.com/@csdactivities2324
us:sd:5506140,Hartland-Lakeside Joint No. 3 School District,Wisconsin,hartlake.org,https://hartlake.org/ -> https://www.hartlake.org/ -> http://hartlake.org/ -> http://www.hartlake.org/ -> https://go.boarddocs.com/wi/hartlake/Board.nsf/public -> https://www.hartlake.org/board/ -> https://www.hartlake.org/board/index.cfm -> https://hartlakeside.eduvision.tv/EmbedPlayer.aspx?qev=X3Y5NcZVhaAiFPxQEhrTiTQQOCUTjbhawAKZHwCFOrFrTFG5jjXKIZL5V8qQYrUm%252fHHzQlvxR2fCBKCuXnZdEGmkR36EQeWWhB6zzuhVIcU%253d -> https://hartlakeside.eduvision.tv/{{file.FileUrl}},,7,yes,https://www.youtube.com/channel/UC_Uqa_-_m7-QqfQPeT24dDg
us:sd:5511350,Palmyra-Eagle Area School District,Wisconsin,peasd.org,https://peasd.org/ -> http://peasd.org/ -> http://www.peasd.org/ -> https://www.peasd.org/page/school-board -> https://www.peasd.org/page/board-members -> https://www.peasd.org/page/january-is-school-board-member-recognition-month -> https://www.peasd.org/page/board-meetings-and-agendas -> https://go.boarddocs.com/wi/peasdwi/Board.nsf/Public -> https://www.peasd.org/events -> https://www.peasd.org/documents/district/district-information/calendar/744848,,15,yes,https://www.youtube.com/channel/UCPv_chF4cY7iYHVlCgbCv6A/videos
us:sd:5510980,Omro School District,Wisconsin,omro.k12.wi.us,https://omro.k12.wi.us/ -> http://omro.k12.wi.us/ -> http://www.omro.k12.wi.us/ -> https://docs.omro.k12.wi.us/ -> https://go.boarddocs.com/wi/omro/Board.nsf/Public?open&id=policies -> https://www.omro.k12.wi.us/o/sdo/page/board-meetings,,5,yes,https://www.youtube.com/@theschooldistrictofomro4306/featured
us:sd:5504050,Eau Claire Area School District,Wisconsin,ecasd.us,https://ecasd.us/ -> http://ecasd.us/ -> http://www.ecasd.us/ -> https://go.boarddocs.com/wi/ecasd/Board.nsf/Public -> https://www.ecasd.us/board-of-education -> https://www.ecasd.us/board-of-education/board-members -> https://www.ecasd.us/board-of-education/email-the-board -> https://www.ecasd.us/board-of-education/board-meeting-live-stream -> https://www.ecasd.us/board-of-education/board-meeting-minutes -> https://www.ecasd.us/board-of-education/board-meeting-minutes/board-minutes-2026 -> http,,2,yes,https://www.youtube.com/@ecasdboardroom/streams
us:sd:5510860,Oakfield School District,Wisconsin,oakfield.k12.wi.us,https://oakfield.k12.wi.us/ -> https://www.oakfield.k12.wi.us/ -> http://oakfield.k12.wi.us/ -> http://www.oakfield.k12.wi.us/ -> https://go.boarddocs.com/wi/sdoak/Board.nsf/Public -> https://www.oakfield.k12.wi.us/district/schoolboardmembers.cfm -> https://www.oakfield.k12.wi.us/district/annual-notices.cfm -> https://www.oakfield.k12.wi.us/district/2026-27%20Calendar.pdf -> https://www.oakfield.k12.wi.us/schools/child-care-center/ -> https://www.oakfield.k12.wi.us/childcare/August%202025%20Pare,,9,yes,https://www.youtube.com/embed/iIKZgAXpYnM
us:sd:5512030,South Shore School District,Wisconsin,sshore.org,https://sshore.org/ -> http://sshore.org/ -> http://www.sshore.org/ -> https://go.boarddocs.com/wi/sshore/Board.nsf/Public -> https://www.sshore.org/about/board-of-education -> https://www.sshore.org/site-map -> https://www.sshore.org/community-connection/upcoming-community-events,,7,yes,https://www.youtube.com/@SouthShoreSchoolDistrict
us:sd:5513980,Solon Springs School District,Wisconsin,solonk12.net,https://solonk12.net/ -> https://www.solonk12.net/ -> http://solonk12.net/ -> http://www.solonk12.net/ -> https://go.boarddocs.com/wi/solon/Board.nsf/Public?open&id=policies -> https://www.solonk12.net/district/administration-school-board.cfm -> https://www.solonk12.net/district/charter-school-governance-board.cfm -> https://www.solonk12.net/schools/academy/governance-board.cfm -> https://skyward.iscorp.com/scripts/wsisa.dll/WService=wsfinsolonspringswi/seplog01.w -> https://www.solonk12.net/fam,,11,yes,https://www.youtube.com/channel/UCw0Ayfulzms79BDRb_iqKjQ/featured
us:sd:5515990,Wauwatosa School District,Wisconsin,wauwatosa.k12.wi.us,https://wauwatosa.k12.wi.us/ -> http://wauwatosa.k12.wi.us/ -> http://www.wauwatosa.k12.wi.us/ -> https://docs.wauwatosa.k12.wi.us/,,4,yes,https://www.youtube.com/@tosaschools
us:sd:5512960,Richland School District,Wisconsin,richland.k12.wi.us,https://richland.k12.wi.us/ -> https://www.richland.k12.wi.us/ -> http://richland.k12.wi.us/ -> http://www.richland.k12.wi.us/ -> https://go.boarddocs.com/wi/richsd/Board.nsf/vpublic?open -> https://www.richland.k12.wi.us/about/school-board.cfm -> https://www.richland.k12.wi.us/about/board-of-education-meetings.cfm -> https://www.richland.k12.wi.us/departments/screenings-seals-on-wheels-vision-hearing.cfm -> https://richland.k12.wi.us/departments/Course%20Description%20Book%20202324.pdf -> https,,47,yes,https://www.youtube.com/channel/UC2Ft6tvPDdBiDy835o1a-SQ
us:sd:5509240,Swallow School District,Wisconsin,swallowschool.org,https://swallowschool.org/ -> http://swallowschool.org/ -> http://www.swallowschool.org/ -> https://go.boarddocs.com/wi/swal/Board.nsf/Public -> https://www.swallowschool.org/board-of-education -> https://www.swallowschool.org/board-of-education/agendasminutes/notice-of-board-agenda -> https://www.swallowschool.org/board-of-education/board-policies/swallow-school-board-policies -> https://www.swallowschool.org/board-of-education/agendasminutes -> https://www.swallowschool.org/fs/resource-manager,,26,no,
us:sd:5507710,Lake Mills Area School District,Wisconsin,lakemills.k12.wi.us,https://lakemills.k12.wi.us/ -> http://lakemills.k12.wi.us/ -> http://www.lakemills.k12.wi.us/ -> https://go.boarddocs.com/wi/lmasd/Board.nsf/vpublic?open -> https://www.lakemills.k12.wi.us/fs/pages/1878 -> https://www.lakemills.k12.wi.us/board-of-education -> https://www.lakemills.k12.wi.us/board-of-education/board-agendas -> https://lmasd.eduvision.tv/default.aspx -> https://lmasd.eduvision.tv/{{file.FileUrl}} -> https://help.eduvision.tv/ -> https://horizonsuniversity.eduvision.tv -> https://,,16,yes,https://www.youtube.com/@lakemillsareaschooldistric5034
us:sd:5511610,Peshtigo School District,Wisconsin,peshtigo.k12.wi.us,https://peshtigo.k12.wi.us/ -> https://www.peshtigo.k12.wi.us/ -> http://peshtigo.k12.wi.us/ -> http://www.peshtigo.k12.wi.us/ -> https://www.peshtigo.k12.wi.us/district/board.cfm -> https://www.peshtigo.k12.wi.us/schools/pmhs/activities/student-council.cfm -> https://www.peshtigo.k12.wi.us/district/agendas.cfm -> http://www.peshtigo.k12.wi.us/finpernegagenda040925.pdf -> http://www.peshtigo.k12.wi.us/finpernegagenda112723peanog.pdf -> http://www.peshtigo.k12.wi.us/finpernegagenda101123.pdf,,8,yes,https://www.youtube.com/channel/UCUJ6XJ-V9leh7MmjPOTe40Q
us:sd:5516770,Wilmot Union High School District,Wisconsin,wilmothighschool.com,https://wilmothighschool.com/ -> http://wilmothighschool.com/ -> http://www.wilmothighschool.com/ -> https://go.boarddocs.com/wi/wilmot/Board.nsf/Public -> https://www.wilmothighschool.com/page/board-of-education -> https://aptg.co/dGy_t- -> https://www.wilmothighschool.com/page/staff-access,,12,yes,https://www.youtube.com/@wilmotuhs
us:sd:5605700,Fremont County School District 24,Wyoming,shoshonischools.org,https://shoshonischools.org/ -> http://shoshonischools.org/ -> http://www.shoshonischools.org/ -> https://www.shoshonischools.org/events -> https://www.shoshonischools.org/live-feed -> https://www.shoshonischools.org/live-feed?page_no=1 -> https://www.shoshonischools.org/live-feed?page_no=2 -> https://www.shoshonischools.org/live-feed?page_no=3 -> https://www.shoshonischools.org/Events,,5,no,
us:sd:5516860,Winter School District,Wisconsin,winter.k12.wi.us,https://winter.k12.wi.us/ -> http://winter.k12.wi.us/ -> http://www.winter.k12.wi.us/ -> https://go.boarddocs.com/wi/sdwint/Board.nsf/Public?open&id=policies -> https://www.winter.k12.wi.us/page/board-of-education -> https://www.winter.k12.wi.us/page/spring-election -> https://www.winter.k12.wi.us/page/meeting-agendas-and-minutes -> https://www.winter.k12.wi.us/page/library-media-center,,8,yes,https://www.youtube.com/@WinterSchoolDistrict-n7t
us:sd:5510060,Mukwonago School District,Wisconsin,masd.k12.wi.us,https://masd.k12.wi.us/ -> http://masd.k12.wi.us/ -> http://www.masd.k12.wi.us/ -> https://go.boarddocs.com/wi/masd/Board.nsf/goto?open -> https://www.masd.k12.wi.us/District/School-Board/index.html -> https://www.masd.k12.wi.us/__catapult_pages/9bf90b61-b128-4d9d-96d8-8dce28577790/School-Board.html -> https://www.youtube.com/channel/UCobXdgivjBeILUCWATE5bow -> https://www.masd.k12.wi.us/District/School-Board/Board-Agendas-Minutes--Meeting-Info/index.html -> https://www.masd.k12.wi.us/District/S,https://www.youtube.com/channel/UCobXdgivjBeILUCWATE5bow,43,yes,https://www.youtube.com/channel/UCobXdgivjBeILUCWATE5bow;https://youtu.be/YTFiG5PGKmQ?si=IjL-APgZPT6ZvBxK;https://youtu.be/K6KgjuxHGnU?si=xPLCrg03L_dj7tkn;https://youtu.be/nGH00heWeYo?si=vd8e-AMyIOkZsCjJ
us:sd:5514160,Sparta Area School District,Wisconsin,spartan.org,https://spartan.org/ -> http://spartan.org/ -> http://www.spartan.org/ -> https://go.boarddocs.com/wi/spartan/Board.nsf/Public -> https://www.spartan.org/news/1820632/letter-to-the-editor -> https://www.spartan.org/district/board-of-education/Meetings -> http://go.boarddocs.com/wi/spartan/Board.nsf/Public -> https://www.spartan.org/district/board-of-education -> https://www.spartan.org/district/board-of-education/files/Documents/Accessing%20School%20Board%20Agendas.pdf -> https://www.spartan.org,,21,no,
us:sd:5515750,Watertown School District,Wisconsin,watertown.k12.wi.us,https://watertown.k12.wi.us/ -> http://watertown.k12.wi.us/ -> http://www.watertown.k12.wi.us/ -> https://watertown.civicweb.net/ -> https://www.youtube.com/channel/UCCvWgwTbL3Cy4r36XFvHUnw,https://www.youtube.com/channel/UCCvWgwTbL3Cy4r36XFvHUnw,14,yes,https://www.youtube.com/channel/UCCvWgwTbL3Cy4r36XFvHUnw
us:sd:5513890,Siren School District,Wisconsin,siren.k12.wi.us,https://siren.k12.wi.us/ -> http://siren.k12.wi.us/ -> http://www.siren.k12.wi.us/ -> https://docs.siren.k12.wi.us/ -> https://go.boarddocs.com/wi/siren/Board.nsf/ -> https://www.siren.k12.wi.us/our-district/school-board-policies -> https://www.siren.k12.wi.us/staff/edgenuity/calendar -> https://www.siren.k12.wi.us/staff/clever-login/calendar -> https://www.siren.k12.wi.us/for-parents/special-education-resources/calendar -> https://www.siren.k12.wi.us/for-students/cesa-11-moodle/calendar -> http,,40,yes,https://www.youtube.com/@sirenschooldistrictboardro2597
us:sd:5513710,Shell Lake School District,Wisconsin,shelllake.k12.wi.us,https://www.shelllake.k12.wi.us/ -> http://www.shelllake.k12.wi.us/ -> https://go.boarddocs.com/wi/shelllake/Board.nsf/Public -> https://www.shelllake.k12.wi.us/board/index.cfm -> https://www.shelllake.k12.wi.us/board/ -> https://www.shelllake.k12.wi.us/board/notice-and-announcements.cfm -> https://youtube.com/@shelllakeschool3064?feature=shared -> https://www.shelllake.k12.wi.us/cms_files/resources/2024 Annual Board Meeting Booklet.pdf -> https://www.shelllake.k12.wi.us/cms_files/resources/2023,https://youtube.com/@shelllakeschool3064?feature=shared,7,yes,https://www.youtube.com/channel/UCWbZcj6WVDAZJa8Y7rN_D5Q
us:sd:5511370,Pardeeville Area School District,Wisconsin,pasdwi.org,https://pasdwi.org/ -> https://www.pasdwi.org/ -> http://pasdwi.org/ -> http://www.pasdwi.org/ -> https://go.boarddocs.com/wi/pardee/Board.nsf/goto?open&id=DJKPHE64B04D -> https://www.pasdwi.org/district/board-of-education.cfm -> https://www.pasdwi.org/district/board-committee-meeting-schedule.cfm -> https://www.pasdwi.org/district/district-news.cfm#anid12 -> https://www.pasdwi.org/district/agendas-and-meeting-minutes.cfm -> https://www.pasdwi.org/district/annual-notice-of-academic-standards.cfm,,13,yes,https://www.youtube.com/channel/UCe-jGegzSb5tqkvN-LZCmiA
us:sd:5515780,Waukesha School District,Wisconsin,waukesha.k12.wi.us,https://waukesha.k12.wi.us/ -> https://www.waukesha.k12.wi.us/ -> http://waukesha.k12.wi.us/ -> http://www.waukesha.k12.wi.us/ -> https://go.boarddocs.com/wi/wauk/Board.nsf/Public,,8,yes,https://www.youtube.com/@waukeshaschooldistricttv8372/videos;https://youtu.be/xtwxbF2rT0s?si=z_wikjaRCQCBIGYN
us:sd:5515210,Valders Area School District,Wisconsin,valders.k12.wi.us,https://valders.k12.wi.us/ -> https://www.valders.k12.wi.us/ -> http://valders.k12.wi.us/ -> http://www.valders.k12.wi.us/ -> https://go.boarddocs.com/wi/valders/Board.nsf/Public?open&id=policies -> https://www.valders.k12.wi.us/district/school-board.cfm -> https://www.valders.k12.wi.us/district/2026-school-board-spring-election.cfm -> https://www.valders.k12.wi.us/district/board-meetings.cfm -> https://www.valders.k12.wi.us/district/SchoolBoardMinutes/05_18_2026%20REG.pdf -> https://www.valders,,3,no,
us:sd:5601980,Laramie County School District 1,Wyoming,laramie1.org,https://laramie1.org/ -> https://www.laramie1.org/ -> http://laramie1.org/ -> http://www.laramie1.org/ -> https://laramie1.org/index.php?pageID=smartSiteFeed&psqFeed=true&articleID=89061049 -> https://laramie1.org/index.php?pageID=smartSiteFeed&psqFeed=true&articleID=89057238 -> https://laramie1.org/index.php?pageID=smartSiteFeed&psqFeed=true&articleID=87901599 -> https://laramie1.org/board-of-trustees -> https://simbli.eboardsolutions.com/Index.aspx?S=36032004 -> https://laramie1.org/352880_2 -,,53,yes,https://www.youtube.com/@laramiecountyschooldistric8018;https://www.youtube.com/embed/QOoW-GH8vTw?si=4ldlbN9PrngqpE1w
us:sd:5509570,Milton School District,Wisconsin,milton.k12.wi.us,https://milton.k12.wi.us/ -> https://www.milton.k12.wi.us/ -> http://milton.k12.wi.us/ -> http://www.milton.k12.wi.us/ -> https://go.boarddocs.com/wi/mil/Board.nsf/vpublic?open -> https://www.milton.k12.wi.us/district/board-of-education/ -> https://www.milton.k12.wi.us/district/board-of-education/board-members/ -> https://www.milton.k12.wi.us/district/board-of-education/board-committees/ -> https://skyward.iscorp.com/MiltonSDWIBusSTS -> https://www.milton.k12.wi.us/families/family-access/ -> htt,,18,yes,https://www.youtube.com/channel/UCQoXF8Nn2wnlQb6jpc8ZZqQ
us:sd:5514550,Stoughton Area School District,Wisconsin,stoughton.k12.wi.us,https://stoughton.k12.wi.us/ -> http://stoughton.k12.wi.us/ -> http://www.stoughton.k12.wi.us/ -> https://go.boarddocs.com/wi/stoughton/Board.nsf/files/BFHKCD5133D2/$file/SASD%202019-2025%20Strategic%20Plan.pdf -> https://www.stoughton.k12.wi.us/our-district/sasd-board-of-education/board-policies -> https://www.stoughton.k12.wi.us/our-district/sasd-board-of-education -> https://www.stoughton.k12.wi.us/our-district/sasd-board-of-education/meet-the-school-board -> https://www.stoughton.k12.wi.us/o,,23,yes,https://www.youtube.com/@wearestoughton
us:cousub:1702311631,Casey township,Illinois,t01.com,https://t01.com/ -> https://www.t01.com/ -> http://t01.com/ -> http://www.t01.com/ -> https://t01.com/index.html -> https://t01.com/0001.html -> https://t01.com/0002.html -> https://t01.com/faq.html -> https://t01.com/11040901.html -> https://t01.com/11060803c.html -> https://t01.com/qtvr/11060806.mov -> https://t01.com/11060803z.html -> https://t01.com/11060802s.html -> https://t01.com/11060802z.html -> https://t01.com/11060802c.html -> https://t01.com/11060801z.html -> https://t01.com/11060801,,4,no,
us:cousub:2300343710,Mars Hill town,Maine,marshillmaine.com,https://marshillmaine.com/ -> https://www.marshillmaine.com/ -> http://marshillmaine.com/ -> http://www.marshillmaine.com/,,9,no,
us:cousub:1703132694,Hanover township,Illinois,hanover-township.org,https://hanover-township.org/ -> http://hanover-township.org/ -> http://www.hanover-township.org/ -> https://www.hanover-township.org/departments/clerk-s-office/annual-town-meeting -> https://www.hanover-township.org/departments/mental-health-board -> https://www.hanover-township.org/government/boards-committees/mental-health-board -> https://www.hanover-township.org/departments/clerk-s-office/diversity-engagement-task-force-meeting-agendas-minutes -> https://www.hanover-township.org/departments,,9,yes,https://www.youtube.com/user/HanoverTownship
us:cousub:1805537026,Jackson township,Indiana,indianatownshipassoc.org,https://indianatownshipassoc.org/ -> https://www.indianatownshipassoc.org/ -> http://indianatownshipassoc.org/ -> http://www.indianatownshipassoc.org/ -> https://www.ita-in.org/site_announcements_detail.cfm?pk_association_announcement=24965 -> https://www.ita-in.org/site_page.cfm?pk_association_webpage_menu=10936&pk_association_webpage=28600 -> https://www.ita-in.org/secure/membership_org.cfm?pk_association=2009 -> https://www.ita-in.org/site_event_detail.cfm?pk_association_event=37868 -> https:,,6,yes,https://www.youtube-nocookie.com/embed/ef_S5GMAQdU
us:cousub:2301906680,Bradley town,Maine,townofbradley.net,https://townofbradley.net/ -> https://www.townofbradley.net/ -> http://townofbradley.net/ -> http://www.townofbradley.net/ -> https://townofbradley.net/news/town-of-bradley-october-3-2026-8-00-am-to-12-00-pm -> https://townofbradley.net/news/town-of-bradley-job-opportunity -> https://townofbradley.net/news/obsolete-pesticide-collection-program,,8,no,
us:sd:5512150,Prairie du Chien Area School District,Wisconsin,pdc.k12.wi.us,https://pdc.k12.wi.us/ -> https://www.pdc.k12.wi.us/ -> http://pdc.k12.wi.us/ -> http://www.pdc.k12.wi.us/ -> https://go.boarddocs.com/wi/pdc/Board.nsf/Public?open&id=policies -> https://www.pdc.k12.wi.us/district/board-of-education.cfm -> https://www.pdc.k12.wi.us/district/board-members.cfm -> https://www.pdc.k12.wi.us/district/agendas-and-postings-2025.cfm -> https://www.pdc.k12.wi.us/district/agendas-and-postings-2024.cfm -> https://www.pdc.k12.wi.us/district/agendas-and-postings-2023.cfm -> ,,18,no,
us:cousub:2302746475,Monroe town,Maine,monroeme.com,https://monroeme.com/ -> https://www.monroeme.com/ -> http://monroeme.com/ -> http://www.monroeme.com/,,9,no,
us:cousub:1805360372,Pleasant township,Indiana,grantcounty.net,https://grantcounty.net/ -> https://www.grantcounty.net/ -> http://grantcounty.net/ -> http://www.grantcounty.net/ -> https://www.in.gov/counties/grant/county-offices/area-plan/virtual-meeting-attendance -> https://www.in.gov/counties/grant/county-offices/area-plan/public-meeting-information -> https://www.in.gov/counties/grant/county-offices/commissioners/drainage-board -> http://commissioners.grantcounty27.us/cgi.exe?PAGEID=0006&CALL_PROGRAM=REPORTS -> http://commissioners.grantcounty27.us/cgi,,127,yes,https://www.youtube.com/channel/UCalupJM3YZeZ5szxiYigemg;https://youtu.be/oDLhFN90JLM;https://youtu.be/cNA_V3MjDMg
us:cousub:2300977415,Trenton town,Maine,trentonme.com,https://trentonme.com/ -> http://trentonme.com/ -> http://www.trentonme.com/ -> https://www.trentonme.com/select-board-agendas/ -> https://www.trentonme.com/planning-board-appeals/#planning-agendas -> https://www.trentonme.com/planning-board-has-openings/ -> https://www.trentonme.com/boards-committees/ -> https://www.trentonme.com/town-office/ -> https://www.trentonme.com/town-selectmen/ -> https://www.trentonme.com/2026-board-of-selectman-agendas/ -> https://www.trentonme.com/2025-board-of-sele,,2,yes,https://m.youtube.com/channel/UC5yXjIB81j4GYH2njtr-7Pw
us:cousub:1809717092,Decatur township,Indiana,decaturfire.org,"https://decaturfire.org/ -> https://www.decaturfire.org/ -> http://decaturfire.org/ -> http://www.decaturfire.org/ -> https://www.in.gov/townships/decatur49/departments/fire-departments/dtfd-merit-commission -> https://www.in.gov/townships/decatur49/departments/decatur-township-board -> https://www.youtube.com/@DecaturTownship49/streams -> https://www.in.gov/townships/decatur49/departments/decatur-township-board/board-meetings,-minutes-and-agendas -> https://www.in.gov/townships/decatur49/depart",https://www.youtube.com/@DecaturTownship49/streams,14,yes,https://www.youtube.com/@DecaturTownship49/streams
us:sd:5603310,Hot Springs County School District 1,Wyoming,hotsprings1.org,https://hotsprings1.org/ -> http://hotsprings1.org/ -> http://www.hotsprings1.org/ -> https://www.hotsprings1.org/apps/video/ -> https://www.hotsprings1.org/apps/pages/index.jsp?uREC_ID=3692288&type=d -> https://www.hotsprings1.org/apps/events/2026/9/29/57054478/?REC_ID=57054478&id=0 -> https://www.hotsprings1.org/apps/pages/index.jsp?uREC_ID=2632844&type=d -> https://www.hotsprings1.org/apps/pages/index.jsp?uREC_ID=2632844&type=d&pREC_ID=2647497 -> https://www.hotsprings1.org/apps/pages/index.j,,8,no,
us:cousub:2300928450,Gouldsboro town,Maine,gouldsborotown.com,https://gouldsborotown.com/ -> http://gouldsborotown.com/ -> https://www.gouldsborotown.com/meeting-minutes/ -> http://www.gouldsborotown.com/wp-content/uploads/2026/06/2026-Annual-Town-Meeting-Minutes-signed.pdf -> http://www.gouldsborotown.com/wp-content/uploads/2025/11/Town-Meeting-Warrant-2025-minutes.pdf -> http://www.gouldsborotown.com/wp-content/uploads/2024/06/2024-Town-Meeting-minutes.pdf -> https://www.gouldsborotown.com/town-infrastructure/ -> https://www.gouldsborotown.com/town-clerk,,2,yes,https://www.youtube.com/@townofgouldsboro4794
us:cousub:1805717488,Delaware township,Indiana,delawaretownship.net,https://delawaretownship.net/ -> https://www.delawaretownship.net/ -> http://delawaretownship.net/ -> http://www.delawaretownship.net/ -> https://www.in.gov/townships/delaware29/township-board -> https://www.in.gov/townships/delaware29/township-board/township-board-meetings -> https://www.in.gov/townships/delaware29/township-board/upcoming-board-meetings -> https://www.in.gov/gov -> https://www.in.gov/gov/governors-office/commissions/bail-and-release-review-commission -> https://www.in.gov/gov/g,,13,yes,https://www.youtube.com/@DelawareTownship
us:cousub:1812376652,Troy township,Indiana,indiana.gov,https://indiana.gov/ -> https://www.indiana.gov/ -> http://indiana.gov/ -> http://www.indiana.gov/ -> https://events.in.gov/event/pumpkin-carving-contest-mccormicks-creek-state-park?utm_campaign=widget&utm_medium=widget&utm_source=State+of+Indiana -> https://events.in.gov/event/2026-prairie-maze-potato-creek-state-park?utm_campaign=widget&utm_medium=widget&utm_source=State+of+Indiana -> https://events.in.gov/event/copy-of-oversight-committee-on-public-records-quarterly-meeting?utm_campaign=widge,,22,yes,https://www.youtube.com/@LGMicahBeckwith
us:cousub:1809711512,Center township,Indiana,centergov.org,https://centergov.org/ -> https://www.centergov.org/ -> http://centergov.org/ -> http://www.centergov.org/ -> https://www.in.gov/townships/center49/township-board -> https://www.in.gov/gov -> https://www.in.gov/gov/governors-office/commissions/bail-and-release-review-commission -> https://www.in.gov/gov/governors-residence/support -> https://www.in.gov/gov/governors-office/commissions/indiana-ireland-trade-commission -> https://www.in.gov/gov/newsroom/2026-bill-watch -> https://iga.in.gov/legisl,,27,yes,https://www.youtube.com/@CENTERTOWNSHIPTRUSTEE;https://youtu.be/Z8ZehYYKy90;https://youtu.be/oHUv9U_XE98;https://youtu.be/HHkE86nfL9w
us:cousub:1810559112,Perry township,Indiana,perrytownship.info,"https://perrytownship.info/ -> https://www.perrytownship.info/ -> http://perrytownship.info/ -> http://www.perrytownship.info/ -> https://www.in.gov/townships/perry53/meeting-minutes -> https://www.in.gov/townships/perry53/meeting-minutes/0203092020-amended -> https://www.in.gov/townships/perry53/meeting-minutes/perry-township-board-meeting-thursday,-august-14,-2025 -> https://www.in.gov/townships/perry53/meeting-minutes/perry-township-board-meeting-thursday,-august-28,-2025 -> https://www.in.go",,13,yes,https://www.youtube.com/embed/yrpdLVB3slU?si=31V6qP935LqQpMGT
us:cousub:2303139195,Limerick town,Maine,limerickme.org,https://limerickme.org/ -> https://www.limerickme.org/ -> http://limerickme.org/ -> http://www.limerickme.org/ -> https://library.limerickme.org/selectboard_agenda -> https://limerickme.org/2021-board-of-selectmen-meeting-minutes -> https://0201.nccdn.net/4_2/000/000/04c/a91/meeting-minutes-1-4-2021.pdf -> https://0201.nccdn.net/4_2/000/000/046/6ea/meeting-minutes-1-11-2021.pdf -> https://0201.nccdn.net/1_2/000/000/092/f32/meeting-minutes-1-19-2021.pdf -> https://limerickme.org/saco-river-corrid,https://www.youtube.com/@RSU57-Massabesic/streams,7,yes,https://www.youtube.com/@SRCM-TownofLimerick/streams
us:cousub:3402567365,Shrewsbury township,New Jersey,townshipofshrewsbury.com,https://townshipofshrewsbury.com/ -> https://www.townshipofshrewsbury.com/ -> http://townshipofshrewsbury.com/ -> http://www.townshipofshrewsbury.com/ -> https://townshipofshrewsbury.com/rent-board.html -> https://townshipofshrewsbury.com/uploads/3/4/2/9/34299549/2016_township_at-a-glance.pdf -> https://townshipofshrewsbury.com/committee-meetings-2016-2019.html -> https://townshipofshrewsbury.com/resolutionsminutes-20-26.html -> https://townshipofshrewsbury.com/uploads/3/4/2/9/34299549/agenda_-f,,13,no,
us:cousub:3402347280,Monroe township,New Jersey,monroetwp.com,https://monroetwp.com/ -> https://www.monroetwp.com/ -> http://monroetwp.com/ -> http://www.monroetwp.com/ -> https://monroetwp.com/index.php/mayor-council -> https://monroetwp.com/index.php/news/video-webcasting -> https://monroetwp.com/index.php/boards-commissions/health-advisory-board -> https://monroetwp.com/index.php/mayor-council/council-minutes-agendas -> https://monroetwp.com/index.php/boards-commissions -> https://monroetwp.com/index.php/boards-commissions/planning-board -> https://monr,,14,yes,https://www.youtube.com/channel/UCxHkMCaqmeFz5inrtjeRnMg;https://www.youtube.com/embed/q7kkefXF97o?si=I_uicY14SSysqwL4
us:cousub:3606961544,Richmond town,New York,townofrichmond.org,https://www.townofrichmond.org/ -> http://www.townofrichmond.org/ -> https://www.richmondny.gov/meetingschedule -> https://www.richmondny.gov/boards -> https://www.richmondny.gov/TownBoard -> https://www.richmondny.gov/planningboard -> https://www.richmondny.gov/zoningboard -> https://www.richmondny.gov/calendar -> https://www.richmondny.gov/index,,2,no,
us:cousub:3602778388,Washington town,New York,washingtonny.org,https://washingtonny.org/ -> https://www.washingtonny.org/ -> http://washingtonny.org/ -> http://www.washingtonny.org/ -> https://washingtonny.org/2026/09/climate-smart-task-force-meeting-10-1-26/ -> https://washingtonny.org/2026/09/town-board-budget-meeting-schedule/ -> https://washingtonny.org/2026/09/pb-notice-of-public-hearing-10-6-26/ -> https://washingtonny.org/archived-agendas-minutes/ -> https://washingtonny.org/board-of-assessment-review/ -> https://washingtonny.org/board-of-ethics/ -> ,,18,yes,https://www.youtube.com/@TOWOfficial845
us:cousub:2711549876,Partridge township,Minnesota,co.pine.mn.us,https://co.pine.mn.us/ -> https://www.co.pine.mn.us/ -> http://co.pine.mn.us/ -> http://www.co.pine.mn.us/ -> https://www.pinecountymn.gov/news_detail_T8_R228.php -> https://www.pinecountymn.gov/news_detail_T8_R227.php -> https://www.pinecountymn.gov/news_detail_T8_R226.php -> https://www.pinecountymn.gov/government/administrator/county_board_agendas_and_minutes.php -> https://www.pinecountymn.gov/government/administrator/government/board_of_commissioners/index.php -> https://www.pinecountymn.go,,355,yes,https://www.youtube.com/@pinecountymngov
us:cousub:3602916870,Colden town,New York,townofcolden.com,"https://townofcolden.com/ -> https://www.townofcolden.com/ -> http://townofcolden.com/ -> http://www.townofcolden.com/ -> https://www.townofcolden.com/site/assessment-board -> https://www.townofcolden.com/site/environmental-board -> https://www.townofcolden.com/site/planning-board -> https://www.townofcolden.com/site/town-board/ -> https://www.townofcolden.com/site/\""https:/www.townofcolden.com/site/wp-content/uploads/2023/01/Agenda-Jan-6-2023.pdf\"" -> https://www.townofcolden.com/site/wp-conten",,6,yes,https://www.youtube.com/embed/lVqWgzoCw18?wmode=transparent&autoplay=0
us:cousub:3402554270,Ocean township,New Jersey,monmouth.com,https://monmouth.com/ -> https://www.monmouth.com/ -> http://monmouth.com/ -> http://www.monmouth.com/ -> https://monmouth.com/node/361 -> https://monmouth.com/node/360 -> https://monmouth.com/node/359 -> https://www.monmouth.com/instructional-videos -> https://www.monmouth.com/node/361 -> https://www.monmouth.com/node/360 -> https://www.monmouth.com/node/359 -> https://www.monmouth.com/products/hosted-pbx/features/call-recording -> https://www.monmouth.com/products/integrated-solutions/cable-fa,,34,yes,http://www.youtube.com/user/monmouthtelecom
us:cousub:3804945500,Lebanon township,North Dakota,mchenrycountynd.com,https://mchenrycountynd.com/ -> https://www.mchenrycountynd.com/ -> http://mchenrycountynd.com/ -> http://www.mchenrycountynd.com/ -> https://www.mchenrycountynd.gov/departments/commission/ -> https://www.mchenrycountynd.gov/boards/county-planning-commission-zoning/ -> https://www.mchenrycountynd.gov/boards/park-board/ -> https://www.mchenrycountynd.gov/boards/commission/ -> https://www.mchenrycountynd.gov/boards -> https://www.mchenrycountynd.gov/boards/township-boards/ -> https://www.mchenryco,,6,no,
us:cousub:3909974124,Springfield township,Ohio,springfieldtwp.com,https://springfieldtwp.com/ -> https://www.springfieldtwp.com/ -> http://springfieldtwp.com/ -> http://www.springfieldtwp.com/,,9,no,
us:cousub:3906184938,Whitewater township,Ohio,whitewatertwp.org,https://whitewatertwp.org/ -> http://whitewatertwp.org/ -> http://www.whitewatertwp.org/ -> https://www.whitewatertwp.org/minutes -> https://www.whitewatertwp.org/news-events -> https://www.whitewatertwp.org/community-center,,2,yes,https://www.youtube.com/@whitewatertwp/streams
us:cousub:3605581402,Wheatland town,New York,townofwheatland.org,https://townofwheatland.org/ -> http://townofwheatland.org/ -> http://www.townofwheatland.org/ -> https://www.townofwheatland.org/town-board -> https://www.townofwheatland.org/single-post/open-position-for-town-of-wheatland-planning-zoning-board -> https://www.townofwheatland.org/single-post/town-of-wheatland-now-recording-town-board-meetings -> https://www.townofwheatland.org/meeting-minutes -> https://www.townofwheatland.org/calendar -> https://www.youtube.com/@TownofWheatlandNY -> https://www,https://www.youtube.com/@TownofWheatlandNY,24,yes,http://www.youtube.com/@TownofWheatlandNY
us:cousub:3911315518,Clay township,Ohio,claytownshipoffices.com,https://claytownshipoffices.com/ -> http://claytownshipoffices.com/ -> http://www.claytownshipoffices.com/ -> https://www.claytownshipoffices.com/2023-trustee-meetings/2024-trustee-meetings/2025-trustee-meetings/2026-trustee-meetings/agendas -> https://www.claytownshipoffices.com/2023-trustee-meetings/2024-trustee-meetings/2025-trustee-meetings/agendas -> https://www.claytownshipoffices.com/2023-trustee-meetings/2024-trustee-meetings/agendas -> https://www.claytownshipoffices.com/2023-trustee-me,,7,no,
us:cousub:3906149364,Miami township,Ohio,miamitownship.org,https://miamitownship.org/ -> http://miamitownship.org/ -> http://www.miamitownship.org/ -> https://www.miamitownship.org/meetings-minutes -> https://www.miamitownship.org/event-center-rentals -> https://www.miamitownship.org/news-events -> https://www.miamitownship.org/senior-center -> https://www.miamitownship.org/post/trustee-meetings-now-available-online -> https://www.miamitownship.org/announcements/categories/news-events -> https://www.miamitownship.org/announcements/categories/community-c,,3,yes,https://www.youtube.com/@MiamiTownshipHamiltonCounty/videos
us:cousub:3915508938,Bristol township,Ohio,bristoltownship.com,https://bristoltownship.com/ -> https://www.bristoltownship.com/ -> http://bristoltownship.com/ -> http://www.bristoltownship.com/,,9,no,
us:cousub:3908934188,Hartford township,Ohio,hartfordtownship.net,https://hartfordtownship.net/ -> http://hartfordtownship.net/ -> http://www.hartfordtownship.net/ -> https://www.hartfordtownship.net/post/special-meeting-sept-30 -> https://www.hartfordtownship.net/post/special-meeting-sept-15 -> https://www.hartfordtownship.net/post/special-meeting-aug-1 -> https://www.hartfordtownship.net/meetings-minutes -> https://www.hartfordtownship.net/post/notice-of-request-for-bids -> https://www.hartfordtownship.net/blog/categories/meetings -> https://www.hartfordtown,,2,yes,https://www.youtube.com/@hartfordtwp
us:cousub:3910344240,Liverpool township,Ohio,liverpooltwp.org,https://liverpooltwp.org/ -> http://liverpooltwp.org/ -> http://www.liverpooltwp.org/ -> https://agenda.liverpooltwp.org/ -> https://www.liverpooltwp.org/post/public-notice-trustee-public-hearing -> https://www.liverpooltwp.org/post/public-notice-zoning-commission-site-plan-review-true-north -> https://www.liverpooltwp.org/meetings-minutes -> https://www.liverpooltwp.org/news-events -> https://www.liverpooltwp.org/post/medina-county-ema-launches-new-emergency-alert-system -> https://www.liverpoo,,2,yes,https://www.youtube.com/@seanlackey9029/streams
us:cousub:4200372968,Springdale township,Pennsylvania,springdaletownship.com,https://springdaletownship.com/ -> https://www.springdaletownship.com/ -> http://springdaletownship.com/ -> http://www.springdaletownship.com/,,9,no,
us:cousub:4202162056,Portage township,Pennsylvania,portagetownship.com,https://portagetownship.com/ -> https://www.portagetownship.com/ -> http://portagetownship.com/ -> http://www.portagetownship.com/,,9,no,
us:cousub:4201302680,Antis township,Pennsylvania,antistownship.org,https://antistownship.org/ -> http://antistownship.org/ -> http://www.antistownship.org/ -> https://www.antistownship.org/agricultural-tax-breaks-available/ -> https://www.antistownship.org/fifth-street-park-gets-facelift/ -> https://www.antistownship.org/government/board-of-supervisors/ -> https://www.antistownship.org/public-documents/board-meeting-agenda/ -> https://www.antistownship.org/public-documents/minutes/ -> https://www.antistownship.org/wp-content/uploads/2026/05/01-05-2026-Meeting-M,,16,no,
us:cousub:4205172544,South Union township,Pennsylvania,southuniontwp.com,https://southuniontwp.com/ -> https://www.southuniontwp.com/ -> http://southuniontwp.com/ -> http://www.southuniontwp.com/ -> https://southuniontwp.com/index.php/government/news/61-news -> https://southuniontwp.com/index.php/government/news/56-stormwater -> https://southuniontwp.com/index.php/government/board-of-supervisors -> https://southuniontwp.com/index.php/government/zoning-board -> https://southuniontwp.com/index.php/government/planning-commission -> https://southuniontwp.com/index.php/sp,,24,no,
us:cousub:5000304825,Bennington town,Vermont,bennington.com,https://bennington.com/ -> https://www.bennington.com/ -> http://bennington.com/ -> http://www.bennington.com/ -> https://www.swvtchamber.com/boardofdirectors -> https://www.swvtchamber.com/2026-annual-meeting -> https://www.swvtchamber.com/calendar -> https://www.swvtchamber.com/events-1 -> https://www.vthomebrewfests.com/more-infofaqs.html -> https://www.vthomebrewfests.com/homebrewer-sign-up.html -> https://www.vthomebrewfests.com/vendor-registration.html -> https://www.swvtchamber.com/chambe,,3,no,
us:cousub:5506556625,New Diggings town,Wisconsin,townofnewdiggings.com,https://townofnewdiggings.com/ -> https://www.townofnewdiggings.com/ -> http://townofnewdiggings.com/ -> http://www.townofnewdiggings.com/ -> https://sites.google.com/site/townofnewdiggings/contacts -> https://sites.google.com/site/townofnewdiggings/meetings -> https://docs.google.com/folderview?id=1BRWES53HJ9TovQkkiOaspkfjA6r9b2sz -> https://sites.google.com/site/townofnewdiggings/Calendar2 -> https://www.google.com/calendar/embed?color=%232952A3&embed_style=WyJhdDplbWI6c3QiLCIjZTBlMGUwIiwiI2Vk,,3,no,
us:place:1782101,Wilmington city,Illinois,wilmington-il.gov,https://wilmington-il.gov/ -> https://www.wilmington-il.gov/ -> http://wilmington-il.gov/ -> http://www.wilmington-il.gov/ -> https://wilmington-il.gov/committeecommission -> https://wilmington-il.gov/citycouncilmeetings -> https://wilmington-il.gov/s/09-26-2023-City-Council-Agenda -> https://wilmington-il.gov/archives -> https://wilmington-il.gov/city-council-meetings-2016 -> https://wilmington-il.gov/citycouncilmeetings2017 -> https://wilmington-il.gov/committee-commission-meetings-copy -> htt,,96,no,
us:cousub:4202921104,East Fallowfield township,Pennsylvania,eastfallowfield.org,https://eastfallowfield.org/ -> https://www.eastfallowfield.org/ -> http://eastfallowfield.org/ -> http://www.eastfallowfield.org/ -> https://eastfallowfield.org/index.php/newsflashes/2370-saw-mill-road-paving-update-posted-on-september-10-2026 -> https://eastfallowfield.org/index.php/departments-mainmenu-26/supervisors-mainmenu-76 -> https://eastfallowfield.org/index.php/departments-mainmenu-26/planning-mainmenu-77 -> https://eastfallowfield.org/index.php/newsflashes/2131-board-of-supervisors-m,,2,yes,https://www.youtube.com/@eastfallowfieldtownship
us:cousub:2303148750,Newfield town,Maine,newfieldme.org,"https://newfieldme.org/ -> https://www.newfieldme.org/ -> http://newfieldme.org/ -> http://www.newfieldme.org/ -> https://newfieldme.org/alert_detail_T27_R1.php -> https://newfieldme.org/boards/selectmen_board/index.php -> https://newfieldme.org/boards/planning,_zoning___comprehensive_board/index.php -> https://newfieldme.org/boards/selectmen_board/select_board_meeting_minutes___agenda.php -> https://newfieldme.org/boards/selectmen_board/alert_detail_T27_R1.php -> https://newfieldme.org/boards/s",,8,no,
rtr:us:md:friendship-heights-village,Friendship Heights village,Maryland,friendshipheightsmd.gov,https://friendshipheightsmd.gov/ -> https://www.friendshipheightsmd.gov/ -> http://friendshipheightsmd.gov/ -> http://www.friendshipheightsmd.gov/ -> https://friendshipheightsmd.gov/village-council/ -> https://friendshipheightsmd.gov/event-category/cac-meeting/ -> https://friendshipheightsmd.gov/event-category/close-meeting/ -> https://www.regionalwebtv.com/village-of-friendship-heights -> https://www.regionalwebtv.com -> https://friendshipheightsmd.gov/event-category/council-meetings/ -> https:,,26,yes,https://www.youtube.com/channel/UCvFQPzZOpdoxpdRmEaoq2Mw;https://youtu.be/cjpPPQ4ZE_8;https://youtu.be/LIIF4-Ayv2U;https://youtu.be/sJNr_dFg4S0
ca:cd:1205,Annapolis,Nova Scotia,annapoliscounty.ca,https://annapoliscounty.ca/ -> https://www.annapoliscounty.ca/ -> http://annapoliscounty.ca/ -> http://www.annapoliscounty.ca/ -> https://annapoliscounty.ca/government/news-media-releases/2393-municipal-council-highlights-september-15-2026 -> https://annapoliscounty.ca/government/tenders-procurement-rfps/2392-procurement-opportunity-granville-ferry-public-works-fencing -> https://annapoliscounty.ca/council/meet-your-council -> https://annapoliscounty.ca/council/committees-of-council -> https://a,https://www.youtube.com/@CountyofAnnapolis,24,no,
us:cousub:2301356135,Owls Head town,Maine,owlshead.maine.gov,https://owlshead.maine.gov/ -> https://www.owlshead.maine.gov/ -> http://owlshead.maine.gov/ -> http://www.owlshead.maine.gov/ -> https://owlshead.maine.gov/news_detail_T28_R94.php -> https://owlshead.maine.gov/news_detail_T28_R74.php -> https://owlshead.maine.gov/our_community/conservation_commission.php -> https://owlshead.maine.gov/government/local_government/agendas___minutes.php -> https://owlshead.maine.gov/government/local_government/our_community/conservation_commission.php -> https://ww,https://www.youtube.com/results?search_query=owls,37,yes,https://www.youtube.com/channel/UCZmbYP7KAy4-cHzDHdQewLQ
us:cousub:4207744992,Lower Milford township,Pennsylvania,lowermilford.org,https://lowermilford.org/ -> http://lowermilford.org/ -> http://www.lowermilford.org/ -> https://www.lowermilford.org/historic-commission -> https://www.lowermilford.org/bos-agenda-and-minutes -> https://www.lowermilford.org/_files/ugd/2a973d_a292d4127848452c8bd6b435c2d34b27.pdf -> https://www.lowermilford.org/_files/ugd/2a973d_3daa53f493014aadab951bf2f45d8d7e.pdf -> https://www.lowermilford.org/_files/ugd/2a973d_2e7d8214e93e48569d5249ffe453bed8.pdf -> https://www.lowermilford.org/boards-and-com,,1,yes,https://www.youtube.com/@lowermilfordbos
ca:cd:3539,Middlesex,Ontario,middlesex.ca,https://middlesex.ca/ -> http://middlesex.ca/ -> http://www.middlesex.ca/ -> https://www.middlesex.ca/news/middlesex-county-council-meeting-highlights-september-22-2026 -> https://www.middlesex.ca/news/middlesex-county-library-board-meeting-highlights-september-22-2026 -> https://www.middlesex.ca/news -> https://www.middlesex.ca/government/agendas-minutes -> https://pub-middlesexcounty.escribemeetings.com/Meeting.aspx?Id=e42fe5b3-07d9-47d6-b2e0-f1222c21b1bb&Agenda=Agenda&lang=English -> https://,,28,no,
ca:pr:61,Northwest Territories,Northwest Territories,ntlegislativeassembly.ca,https://ntlegislativeassembly.ca/ -> http://ntlegislativeassembly.ca/ -> http://www.ntlegislativeassembly.ca/ -> https://www.ntlegislativeassembly.ca/hansard/hn260604 -> https://www.ntlegislativeassembly.ca/hansard/hn260603 -> https://www.ntlegislativeassembly.ca/hansard/hn260602 -> https://boxcast.tv/embed.html#jzlunabnzcg8eiv4nnhx?showTitle=0&showDescription=0&showHighlights=0&showRelated=0&defaultVideo=next&market=enterprise&showCountdown=1&hostname=www.ntassembly.ca -> https://www.ntlegislat,,66,no,
ca:csd:1203004,Digby,Nova Scotia,digbymun.ca,https://digbymun.ca/ -> https://www.digbymun.ca/ -> http://digbymun.ca/ -> http://www.digbymun.ca/ -> https://digbymun.ca/departments/site-map.html?view=html&id=1 -> https://digbymun.ca/council-members.html -> https://digbymun.ca/government/council-expenses.html -> https://digbymun.ca/government/council-meeting-agendas.html -> https://digbymun.ca/government/council-meeting-minutes.html -> https://digbymun.ca/council-meeting-videos.html -> https://digbymun.ca/government/council-meeting-calendar.h,,3,no,
ca:cd:2490,La Tuque,Quebec,www.ville.latuque.qc.ca,https://ville.latuque.qc.ca/ -> https://www.ville.latuque.qc.ca/ -> http://ville.latuque.qc.ca/ -> http://www.ville.latuque.qc.ca/ -> https://www.ville.latuque.qc.ca/fr/galerie-videos -> https://www.ville.latuque.qc.ca/fr/services-aux-citoyens/medias-sociaux -> https://www.ville.latuque.qc.ca/upload/medias_sociaux/document_information_facebook_4.pdf -> https://www.ville.latuque.qc.ca/upload/medias_sociaux/politique_sur_la_gestion_commentaires_me__dias_sociaux.pdf -> https://www.ville.latuque.qc.,,36,no,
rtr:ca:qc:kativik-regional-government,Kativik Regional Government,Quebec,krg.ca,https://krg.ca/ -> https://www.krg.ca/ -> http://krg.ca/ -> http://www.krg.ca/ -> https://krg.ca/en-CA/publications/councilmeeting -> https://krg.ca/en-CA/general-information/council -> https://www.krg.ca/en-CA/publications/councilmeeting -> https://www.krg.ca/en-CA/general-information/council,,9,no,
us:cousub:2502146050,Norfolk town,Massachusetts,norfolkmass.gov,https://norfolkmass.gov/ -> http://norfolkmass.gov/ -> http://www.norfolkmass.gov/ -> https://agenda.norfolkmass.gov/ -> https://www.norfolkmass.gov/news_detail_T3_R318.php -> https://www.norfolkmass.gov/news_detail_T3_R316.php -> https://www.norfolkmass.gov/news_detail_T3_R315.php -> http://www.mytowngovernment.org/02056 -> http://www.mytowngovernment.org/02056/peg -> http://www.mytowngovernment.org/02056/calendar -> http://www.mytowngovernment.org/meeting?meeting=ahNzfnRvd25nb3Zlcm5tZW50LWhych,,10,no,
us:cousub:5000357025,Pownal town,Vermont,townofpownal.org,https://townofpownal.org/ -> http://townofpownal.org/ -> http://www.townofpownal.org/ -> https://agenda.townofpownal.org/ -> https://www.townofpownal.org/boards-and-commissions.html -> https://www.townofpownal.org/uploads/1/3/7/4/137413037/procedure_for_boards_commissions_etc.pdf -> https://www.townofpownal.org/uploads/1/3/7/4/137413037/boards_and_commissions_handout.docx -> https://www.townofpownal.org/town-contacts.html -> https://www.townofpownal.org/helpful-links.html -> https://www.townofpo,,5,yes,https://www.youtube.com/@townofpownalvt1237
us:cousub:4204564800,Ridley township,Pennsylvania,ridleytwp.org,https://ridleytwp.org/ -> http://ridleytwp.org/ -> http://www.ridleytwp.org/ -> https://www.ridleytwp.org/post/hometown-hero-banner-program-enrollment-reopens-april-1-2027 -> https://www.ridleytwp.org/commissioners -> https://www.ridleytwp.org/_files/ugd/6e8aba_5f7b128c5bdb4384999caa50156ca8ea.pdf -> https://www.ridleytwp.org/_files/ugd/6e8aba_b2d160d0628046fbadeb2951ebbe195d.pdf -> https://www.ridleytwp.org/_files/ugd/6e8aba_a3151cb81d214e27b3a269ff550f7c49.pdf -> https://www.ridleytwp.org/summ,,11,yes,https://www.youtube.com/channel/UCeWGUHH3rQAeDGcdPB2VQ3g
ca:cd:3546,Haliburton,Ontario,haliburtoncounty.ca,https://haliburtoncounty.ca/ -> http://haliburtoncounty.ca/ -> http://www.haliburtoncounty.ca/ -> https://www.haliburtoncounty.ca/living-here/opp-detachment-board/ -> https://www.haliburtoncounty.ca/council/ -> https://www.haliburtoncounty.ca/council/council-meetings/ -> https://www.haliburtoncounty.ca/council/agendas-and-minutes/ -> https://www.haliburtoncounty.ca/council/meet-your-council/ -> https://www.haliburtoncounty.ca/council/speaking-before-council/ -> https://www.haliburtoncounty.ca/co,,46,no,
us:place:2028850,Gridley city,Kansas,gridleyks.org,https://gridleyks.org/ -> http://gridleyks.org/ -> http://www.gridleyks.org/ -> https://www.gridleyks.org/gridley-city-lake -> https://www.gridleyks.org/government -> https://www.gridleyks.org/special-events,,4,yes,https://www.youtube.com/watch?v=iq4iSudWTXc
us:cousub:2301932510,Hermon town,Maine,hermonmaine.gov,https://hermonmaine.gov/ -> http://hermonmaine.gov/ -> http://www.hermonmaine.gov/ -> https://www.hermonmaine.gov/town-government/town-council/ -> https://www.hermonmaine.gov/public-notice/ -> https://www.hermonmaine.gov/town-government/ -> https://www.hermonmaine.gov/wp-content/uploads/2026/04/4926-Council-meeting-Fy27-Budget-update.pdf -> https://www.hermonmaine.gov/wp-content/uploads/2026/02/FY27-Council-Narrative-Feb-2026.pdf -> https://www.hermonmaine.gov/wp-content/uploads/2026/02/FY27-3yr,,9,no,
us:place:3517050,Columbus village,New Mexico,columbusnewmexico.com,https://columbusnewmexico.com/ -> https://www.columbusnewmexico.com/ -> http://columbusnewmexico.com/ -> http://www.columbusnewmexico.com/ -> https://www.columbusnewmexico.com/columbus_new_mexico_civic_center.htm -> https://www.columbusnewmexico.com/index.htm,,22,yes,https://www.youtube.com/embed/r8s5zQ8ymuw?si=02wvpXM7CfOGTCzd
ca:csd:2415030,Saint-Aimé-des-Lacs,Quebec,www.saintaimedeslacs.ca,https://saintaimedeslacs.ca/ -> http://saintaimedeslacs.ca/ -> http://www.saintaimedeslacs.ca/,,4,yes,https://www.youtube.com/channel/UChEhK3TL6Y-kuIUl3tUexeg
us:cousub:0912048620,Monroe,Connecticut,www.monroect.org,https://monroect.org/ -> https://www.monroect.org/ -> http://monroect.org/ -> http://www.monroect.org/ -> https://monroect.gov/p/community-events-calendar -> https://monroect.gov/p/community-event-submission -> https://monroect.gov/p/architectural-review-board -> https://www.monroeps.org/board-of-education-members -> https://www.monroeps.org/board-of-ed -> https://www.monroeps.org/413959_2 -> https://www.monroeps.org/curriculum-council-agendas-and-minu -> https://www.monroeps.org/boe-agendas -> ,,4,yes,https://www.youtube.com/@townofmonroeconnecticut5325/videos;https://www.youtube.com/embed/KYq6FLR1FAw
us:place:3421870,Estell Manor city,New Jersey,estellmanor.org,https://estellmanor.org/ -> https://www.estellmanor.org/ -> http://estellmanor.org/ -> http://www.estellmanor.org/ -> http://estellmanor.org/citybulletinboard.html -> http://estellmanor.org/mayorcouncil.html -> http://estellmanor.org/departments/historiccommission.html -> http://estellmanor.org/mayorcouncil/meetingagendasminutes.html -> http://www.ecode360.com/ES0890 -> http://estellmanor.org/home.html -> http://estellmanor.org/legalnotices.html -> http://estellmanor.org/cityclerk.html -> http:/,,2,yes,https://www.youtube.com/embed/Yp5FlKPLAg8
us:place:0514140,Clarksville city,Arkansas,clarksvillear.gov,https://clarksvillear.gov/ -> http://clarksvillear.gov/ -> http://www.clarksvillear.gov/ -> https://www.clarksvillear.gov/o/cc/page/city-clerk-city-council,,5,yes,https://www.youtube.com/@ClarksvilleArkansas
us:place:3731960,Holden Beach town,North Carolina,hbtownhall.com,https://hbtownhall.com/ -> https://www.hbtownhall.com/ -> http://hbtownhall.com/ -> http://www.hbtownhall.com/ -> https://hbtownhall.com/board-of-commissioners -> https://hbtownhall.com/planning-%26-zoning-board -> https://hbtownhall.com/board-of-adjustment -> https://hbtownhall.com/agendas -> https://hbtownhall.com/parks-%26-rec-board -> https://hbtownhall.com/town-news,,28,yes,https://www.youtube.com/user/townofholdenbeach
us:place:1963975,Pocahontas city,Iowa,pocahontasiowa.com,https://pocahontasiowa.com/ -> https://www.pocahontasiowa.com/ -> http://pocahontasiowa.com/ -> http://www.pocahontasiowa.com/ -> https://pocahontasiowa.com/government/mayor-city-council/ -> https://pocahontasiowa.com/government/agendas/ -> https://pocahontasiowa.com/app/uploads/2026/06/Special-6-4-26.pdf -> https://pocahontasiowa.com/app/uploads/2026/05/Public-Hearing-Amendments-5-18-26.pdf -> https://pocahontasiowa.com/app/uploads/2026/05/Parks-5-12-2026.pdf -> https://pocahontasiowa.com/gover,,3,yes,https://youtube.com/live/YGFEXfXaEEE
us:place:1964605,Preston city,Iowa,prestoniowa.org,https://prestoniowa.org/ -> https://www.prestoniowa.org/ -> http://prestoniowa.org/ -> http://www.prestoniowa.org/ -> https://www.prestoniowa.com/CityCouncil.aspx -> https://www.prestoniowa.com/AgendasAndMinutes.aspx -> https://www.prestoniowa.com/CouncilMeetingVideos.aspx -> https://www.prestoniowa.com/Assets/Files/Agendas-and-Minutes/2026/4. City Council Agenda 9-14-26.pdf -> https://www.prestoniowa.com/Assets/Files/Agendas-and-Minutes/2026/4. City Council Agenda 7-13-26.pdf -> https://www.pre,,113,yes,https://youtu.be/siBEXkETikI
us:place:0817760,Craig city,Colorado,ci.craig.co.us,https://ci.craig.co.us/ -> https://www.ci.craig.co.us/ -> http://ci.craig.co.us/ -> http://www.ci.craig.co.us/ -> https://ci.craig.co.us/news_detail_T33_R481.php -> https://ci.craig.co.us/news_detail_T33_R476.php -> https://ci.craig.co.us/news_detail_T33_R474.php -> https://ci.craig.co.us/government/city_council/index.php -> https://ci.craig.co.us/government/city_council/government/city_council/index.php -> https://ci.craig.co.us/government/city_council/government/city_council/contact_city_counc,,5,yes,https://www.youtube.com/channel/UC9R7n22MPS4pLrMduID4RJQ
ca:csd:3522019,Melancthon,Ontario,melancthontownship.ca,https://melancthontownship.ca/ -> https://www.melancthontownship.ca/ -> http://melancthontownship.ca/ -> http://www.melancthontownship.ca/ -> https://melancthontownship.ca/mc-events/friday-office-closure-8/ -> https://melancthontownship.ca/council/ -> https://melancthontownship.ca/council/council-meetings/ -> https://melancthontownship.ca/council/council-agendas-minutes/ -> https://us02web.zoom.us/rec/share/WHYWrqOYnInHbi6Je50QeLBjhu81fJ481hzlHTpmUUTlKFVh-XvTG_xlF3VzUm7J._14Lu1DtH1-SODsH?startTi,,9,yes,https://www.youtube.com/zoommeetings
us:place:3979268,Valley View village,Ohio,valleyview.net,https://valleyview.net/ -> https://www.valleyview.net/ -> http://valleyview.net/ -> http://www.valleyview.net/ -> https://valleyview.net/news_detail_T5_R43.php -> https://valleyview.net/news_detail_T5_R39.php -> https://valleyview.net/about_us/centennial/_small_town__video.php -> https://valleyview.net/government/agendas___minutes/index.php -> https://valleyview.net/government/agendas___minutes/about_us/centennial/_small_town__video.php -> https://valleyview.net/government/agendas___minutes/gove,,3,no,
ca:csd:3531016,St. Marys,Ontario,www.townofstmarys.com,https://townofstmarys.com/ -> http://townofstmarys.com/ -> http://www.townofstmarys.com/ -> https://events.townofstmarys.com/ -> https://www.townofstmarys.com/news/posts/town-of-st-marys-proclaims-september-25-as-st-marys-imagination-library-day/ -> https://www.townofstmarys.com/town-government/mayor-council/ -> http://www.townofstmarys.com/town-government/ -> https://www.townofstmarys.com/town-government/agendas-minutes/ -> https://www.townofstmarys.com/town-government/mayor-council/agendas-min,,15,no,
ca:csd:2488055,Amos,Quebec,amos.quebec,https://amos.quebec/ -> https://www.amos.quebec/ -> http://amos.quebec/ -> http://www.amos.quebec/ -> https://amos.quebec/loisirs-et-culture/vie-sportive-voie-active-et-espaces-verts/location-de-plateau-sportif#demande-de-location-de-patinoire -> https://amos.quebec/storage/app/media/loisirs-et-culture/vie-sportive-voie-active-et-espaces-verts/complexe-sportif-desjardins-et-horaire-des-patinoires/tarifs-location.pdf -> https://amos.quebec/storage/app/media/loisirs-et-culture/vie-sportive-voie-ac,,13,yes,https://www.youtube.com/channel/UCSQzoCsc9ljBW85ZDe1vWyw
us:county:21051,Clay County,Kentucky,claycoclerkky.gov,https://claycoclerkky.gov/ -> https://www.claycoclerkky.gov/ -> http://claycoclerkky.gov/ -> http://www.claycoclerkky.gov/ -> https://claycoclerkky.gov/?page_id=257,,10,no,
us:cousub:4400378440,West Warwick,Rhode Island,www.westwarwickri.gov,https://westwarwickri.gov/ -> https://www.westwarwickri.gov/ -> http://westwarwickri.gov/ -> http://www.westwarwickri.gov/ -> https://westwarwickri.gov/index.asp?SEC=13E63753-3951-4076-B8AF-3FA54A2BE93C -> https://www.westwarwickri.org/index.asp?SEC=74566CD9-6406-41CD-8790-24546E530129&Type=B_BASIC -> https://clerkshq.com/westwarwick-ri -> https://westwarwickri.gov/index.asp?SEC=4A7E14F2-E056-411A-B0BB-249A65D1169A&Type=B_BASIC -> https://westwarwickri.gov/minutes -> https://westwarwickri.gov/bo,,48,yes,https://www.youtube.com/channel/UCbL7bcRdbnnTMDm2sqFM_dw?view_as=subscriber
us:place:4082500,Yale city,Oklahoma,yaleok.org,https://yaleok.org/ -> http://yaleok.org/ -> http://www.yaleok.org/ -> https://docs.yaleok.org/ -> https://www.yaleok.org/page/city-hall -> https://www.yaleok.org/forms/sign-of-for-city-of-yale-alerts -> https://www.yaleok.org/documents/city-hall/city-code/723282 -> https://www.yaleok.org/documents/city-hall/24034238 -> https://www.yaleok.org/events,,9,yes,https://www.youtube.com/@CityofYale
us:cousub:3609918663,Covert town,New York,townofcovertny.gov,https://townofcovertny.gov/ -> https://www.townofcovertny.gov/ -> http://townofcovertny.gov/ -> http://www.townofcovertny.gov/ -> https://townofcovertny.gov/board.html -> https://townofcovertny.gov/files/real-property/2026 Final Assessment Roll Filing Notice.docx -> https://townofcovertny.gov/clerk.html -> https://townofcovertny.gov/notice-dog-enumeration.html -> https://townofcovertny.gov/index.html -> https://townofcovertny.gov/justice.html -> https://townofcovertny.gov/highway.html -> https:/,,3,yes,https://youtu.be/2sngC2H0wOY
ca:csd:2418050,Montmagny,Quebec,www.ville.montmagny.qc.ca,https://ville.montmagny.qc.ca/ -> http://ville.montmagny.qc.ca/ -> http://www.ville.montmagny.qc.ca/ -> https://www.ville.montmagny.qc.ca/fr/loisirs-et-culture/loisirs/location-d-espace-et-d-infrastructure/espace-citoyen-centre-communautaire/ -> https://www.ville.montmagny.qc.ca/fr/loisirs-et-culture/loisirs/location-d-espace-et-d-infrastructure/espace-citoyen-centre-communautaire/site-exterieur/ -> https://www.ville.montmagny.qc.ca/fr/loisirs-et-culture/loisirs/location-d-espace-et-d-infrastruc,,7,no,
us:place:3400700,Allendale borough,New Jersey,allendalenj.gov,https://allendalenj.gov/ -> http://allendalenj.gov/ -> http://www.allendalenj.gov/ -> https://events.allendalenj.gov/ -> https://www.allendalenj.gov/news/announcements/ -> https://www.allendalenj.gov/news/posts/sunshine-notice-mayor-and-council-meeting-september-24-2026-at-700-pm/ -> https://www.allendalenj.gov/news/public-meeting-notices/ -> https://www.allendalenj.gov/your-government/agendas-and-minutes/ -> https://www.allendalenj.gov/your-government/mayor-and-council/ -> https://www.allendale,,364,yes,https://www.youtube.com/channel/UC2VzDPNPMBuvHA99oZBs_AA/featured
us:place:0860160,Platteville town,Colorado,plattevillegov.org,https://plattevillegov.org/ -> https://www.plattevillegov.org/ -> http://plattevillegov.org/ -> http://www.plattevillegov.org/ -> https://platteville.colorado.gov/news-article/platteville-housing-needs-assessment -> https://platteville.colorado.gov/news-article/fall-clean-up-days -> https://platteville.colorado.gov/news-article/2026-harvest-daze-parade-winners -> https://platteville.colorado.gov/agendas-and-minutes -> https://platteville.colorado.gov/mayor-and-board-of-trustees -> https://platte,,2,no,
ca:csd:2431040,Irlande,Quebec,www.mundirlande.qc.ca,https://mundirlande.qc.ca/ -> http://mundirlande.qc.ca/ -> http://www.mundirlande.qc.ca/ -> https://www.mundirlande.qc.ca/pages/location-de-salles -> https://www.mundirlande.qc.ca/pages/site-patrimonial-holy-trinity -> https://www.mundirlande.qc.ca//pages/location-de-salles,,3,no,
us:place:3704640,Belhaven town,North Carolina,belhavennc.us,https://belhavennc.us/ -> https://www.belhavennc.us/ -> http://belhavennc.us/ -> http://www.belhavennc.us/ -> https://www.geekbuying.com/category/Wearable-Devices-1549?pmrm=search-suggest -> https://www.geekbuying.com/item/LEOBOG-Hi65-Tri-Mode-Wireless-Mechanical-Keyboard-531179.html -> https://www.geekbuying.com/customer-reviews/LEOBOG-Hi65-Tri-Mode-Wireless-Mechanical-Keyboard-531179.html -> https://www.geekbuying.com/item/Magicycle-CT-1-Torque-Sensor-Electric-Bike-Off-white-528347.html -> htt,,38,no,
us:place:4505365,Belton city,South Carolina,cityofbeltonsc.com,https://cityofbeltonsc.com/ -> https://www.cityofbeltonsc.com/ -> http://cityofbeltonsc.com/ -> http://www.cityofbeltonsc.com/ -> https://cityofbeltonsc.com/government/mayor___city_council.php -> https://cityofbeltonsc.com/government/council_meetings.php -> https://cityofbeltonsc.com/Document Center/Resources/Application for Special Event Permit.pdf -> https://cityofbeltonsc.com/government/index.php -> https://cityofbeltonsc.com/government/government/mayor___city_council.php -> https://cityofbel,,4,no,
us:place:1839438,Kennard town,Indiana,kennardin.com,https://kennardin.com/ -> https://www.kennardin.com/ -> http://kennardin.com/ -> http://www.kennardin.com/ -> https://kennardin.gov/training/vfddefender/index.html -> https://kennardin.gov/index.html -> https://kennardin.gov/ada.html -> https://kennardin.gov/bids-info.html -> https://kennardin.gov/title-vi.html -> https://kennardin.gov/fire-department.html,,5,yes,https://www.youtube.com/@Town_of_Kennard_Indiana
ca:csd:2456083,Saint-Jean-sur-Richelieu,Quebec,www.sjsr.ca,https://sjsr.ca/ -> https://www.sjsr.ca/ -> http://sjsr.ca/ -> http://www.sjsr.ca/ -> https://sjsr.ca/medias-sociaux/ -> http://sjsr.ca/medias-sociaux/#netiquette,,31,yes,https://www.youtube.com/user/VilleStJeanRichelieu
us:place:3713000,Cleveland town,North Carolina,townofclevelandnc.gov,https://townofclevelandnc.gov/ -> https://www.townofclevelandnc.gov/ -> http://townofclevelandnc.gov/ -> http://www.townofclevelandnc.gov/ -> https://townofclevelandnc.gov/government/board-of-commissioners/ -> https://townofclevelandnc.gov/government/planning-board/ -> https://townofclevelandnc.gov/government/board-of-adjustments/ -> https://townofclevelandnc.gov/government/agendas-minutes/ -> https://townofclevelandnc.gov/wp-content/uploads/2026/07/BoardAgenda-June30-2026.pdf -> https://townofc,,70,yes,https://www.youtube.com/channel/UCRo5rMVsKOy6sc5uj_OuKZA
ca:csd:6105001,Fort Smith,Northwest Territories,fortsmith.ca,https://fortsmith.ca/ -> http://fortsmith.ca/ -> http://www.fortsmith.ca/ -> https://www.fortsmith.ca/municipal/governance/council-meetings -> https://www.fortsmith.ca/i-want/appear-council -> https://www.fortsmith.ca/index-pages/news/temporary-payment-service-disruption -> https://www.fortsmith.ca/municipal/governance/advisory-boards -> https://www.fortsmith.ca/media/1578 -> https://www.fortsmith.ca/media-centre -> https://www.fortsmith.ca/calendar -> https://www.fortsmith.ca/municipal/governan,,15,yes,https://www.youtube.com/@TownofFortSmith
us:place:1753871,Northlake city,Illinois,northlakecity.com,https://northlakecity.com/ -> https://www.northlakecity.com/ -> http://northlakecity.com/ -> http://www.northlakecity.com/ -> https://northlakecity.com/about-us/news/drive-sober-or-get-pulled-over -> https://northlakecity.com/about-us/news/concert-park-wednesday-august-20-2025-700pm -> https://northlakecity.com/about-us/news/community-days-june-27-28-and-29-2025 -> https://northlakecity.com/about-us/video -> https://northlakecity.com/about-us/news/early-voting-underway-april-1-2025-election -> h,,21,no,
ca:csd:4713074,Unity,Saskatchewan,townofunity.com,https://townofunity.com/ -> https://www.townofunity.com/ -> http://townofunity.com/ -> http://www.townofunity.com/ -> https://townofunity.com/our_town/council_administration.html -> https://townofunity.com/recreation_lifestyle/meeting_halls.html -> https://townofunity.com/news.html?PHID=2 -> https://townofunity.com/advantage/location.html -> https://townofunity.com/our_town.html -> https://townofunity.com/our_town/finance_utilities.html -> https://townofunity.com/our_town/bylaws_policies.html ->,,25,yes,http://www.youtube.com/user/unitysask1
us:place:3126350,Laurel city,Nebraska,laurelne.com,https://laurelne.com/ -> https://www.laurelne.com/ -> http://laurelne.com/ -> http://www.laurelne.com/ -> https://laurelne.com/annual-occupation-tax-report-active-memberships/boards-committees/ -> https://laurelne.com/advisory-board/ -> https://laurelne.com/contact-us-government/ -> https://laurelne.com/laurel-community-center/ -> https://laurelne.com/fitness-center/ -> https://laurelne.com/providence-medical-center/ -> https://laurelne.com/senior-citizen-center/ -> https://laurelne.com/cedar-co,,18,no,
ca:csd:3523001,Puslinch,Ontario,puslinch.ca,https://puslinch.ca/ -> https://www.puslinch.ca/ -> http://puslinch.ca/ -> http://www.puslinch.ca/ -> https://puslinch.ca/calendar/2026-10-13-committee-of-adjustment-and-planning-and-development-advisory-committee-meeting/ -> https://puslinch.ca/calendar/2026-10-07-public-information-meeting/ -> https://puslinch.ca/calendar/2026-10-07-council-meeting-adoption-of-user-fees-and-charges/ -> https://puslinch.ca/government/committees-boards/ -> https://puslinch.ca/government/council/ -> https://pusli,,2,yes,https://www.youtube.com/@townshipofpuslinch
us:place:4722720,East Ridge city,Tennessee,eastridgetn.gov,https://eastridgetn.gov/ -> http://eastridgetn.gov/ -> http://www.eastridgetn.gov/ -> https://www.eastridgetn.gov/boards.html -> https://www.eastridgetn.gov/agendas_minutes_video.html -> https://www.youtube.com/channel/UCz4e0SjOFqB2iJjiPgMyl_Q -> https://www.eastridgetn.gov/city_council.html -> https://www.eastridgetn.gov/city_clerk.html -> https://www.eastridgetn.gov/city_directory.html -> https://www.eastridgetn.gov/calendar.html -> https://www.eastridgetn.gov/uploads/agendas_minutes_video_311,https://www.youtube.com/channel/UCz4e0SjOFqB2iJjiPgMyl_Q,27,yes,https://www.youtube.com/watch?v=VP4jurXvgCE;https://www.youtube.com/channel/UCz4e0SjOFqB2iJjiPgMyl_Q
us:county:27125,Red Lake County,Minnesota,redlakecounty.gov,https://redlakecounty.gov/ -> https://www.redlakecounty.gov/ -> http://redlakecounty.gov/ -> http://www.redlakecounty.gov/ -> https://redlakecounty.gov/news_detail_T2_R8.php -> https://redlakecounty.gov/government/board_of_commissioners/index.php -> https://redlakecounty.gov/government/board_of_commissioners/agendas_minutes.php -> https://redlakecounty.gov/government/board_of_commissioners/government/board_of_commissioners/index.php -> https://redlakecounty.gov/government/board_of_commissioners/,,25,no,
us:place:1357260,Oakwood city,Georgia,cityofoakwood.net,https://cityofoakwood.net/ -> https://www.cityofoakwood.net/ -> http://cityofoakwood.net/ -> http://www.cityofoakwood.net/ -> https://cityofoakwood.net/about_oakwood/city_council.php -> https://cityofoakwood.net/community_development/planning_commission/index.php -> https://cityofoakwood.net/about_oakwood/council_agendas___minutes.php -> https://cityofoakwood.net/about_oakwood/about_oakwood/city_council.php -> https://cityofoakwood.net/about_oakwood/community_development/planning_commission/inde,,4,no,
us:cousub:2612569580,Rose Township,Michigan,www.rosetownship.com,https://rosetownship.com/ -> https://www.rosetownship.com/ -> http://rosetownship.com/ -> http://www.rosetownship.com/ -> https://rosetownship.com/index.php/component/content/article/page-4?catid=2&Itemid=2101 -> https://rosetownship.com/index.php/meetings -> https://rosetownship.com/index.php/component/content/article/page-20?catid=2&Itemid=2170 -> https://rosetownship.com/index.php/component/content/article/page-4?catid=2&Itemid=250 -> https://rosetownship.com/images/2026-4.09 -> https://roset,,4,no,
ca:csd:2495050,Colombier,Quebec,www.colombierhcn.com,https://colombierhcn.com/ -> http://colombierhcn.com/ -> http://www.colombierhcn.com/ -> https://www.colombierhcn.com/go-document.php?s=avis_public&u=L2RhdGEvcGRmL2F2aXMtcHVibGljcy8yMDI2L0F2aXMgZGUgcHJvbXVsZ2F0aW9uIC0gMjAyNi0wMy5wZGY -> https://www.colombierhcn.com/go-document.php?s=reglements&u=L2RhdGEvcGRmL3JlZ2xlbWVudHMvY2F0MDIvMjAyNi0wMyAtIFJlbGF0aWYgw6AgbCdvY2N1cGF0aW9uIGV0IGzDoCBsJ2VudHJldGllbiBkZXMgYsOidGltZW50cy5wZGY -> https://www.colombierhcn.com/go-document.php?s=proces_verbaux&u=L2Rh,,3,yes,https://www.youtube.com/embed/8lgQy3sQC38
us:county:19123,Mahaska County,Iowa,mahaskacountyia.gov,https://mahaskacountyia.gov/ -> https://www.mahaskacountyia.gov/ -> http://mahaskacountyia.gov/ -> http://www.mahaskacountyia.gov/ -> https://mahaskacountyia.gov/news/youtube_video_regarding_senior_property_tax/ -> https://mahaskacountyia.gov/news/where_do_your_property_tax_dollars_go_video/ -> https://mahaskacountyia.gov/911_communications/board/ -> https://mahaskacountyia.gov/board_of_supervisors/meetings/ -> https://mahaskacountyia.gov/board_of_supervisors/ -> https://mahaskacountyia.gov/cons,,2,no,
us:county:38087,Slope County,North Dakota,slopecountynd.gov,https://slopecountynd.gov/ -> https://www.slopecountynd.gov/ -> http://slopecountynd.gov/ -> http://www.slopecountynd.gov/ -> https://slopecountynd.gov/government/county_commission/index.php -> https://slopecountynd.gov/government/county_commission/meeting_minutes.php -> https://slopecountynd.gov/government/county_commission/government/county_commission/index.php -> https://slopecountynd.gov/government/county_commission/government/county_commission/meeting_minutes.php -> https://slopecountynd.go,,8,no,
ca:csd:4813030,Whitecourt,Alberta,whitecourt.ca,https://whitecourt.ca/ -> http://whitecourt.ca/ -> http://www.whitecourt.ca/ -> https://www.whitecourt.ca/your-town/news-events/news/post/changes-to-recycling-collection-are-coming-to-whitecourt-next-month -> https://www.whitecourt.ca/your-town/mayor-council -> https://www.whitecourt.ca/your-town/mayor-council/council-profiles -> https://www.whitecourt.ca/your-town/mayor-council/council-agenda-minutes -> https://pub-whitecourt.escribemeetings.com/?fillWidth=1 -> https://www.whitecourt.ca/public/,,35,yes,https://www.youtube.com/@WhitecourtTown
ca:csd:2444010,East Hereford,Quebec,www.easthereford.ca,https://easthereford.ca/ -> https://www.easthereford.ca/ -> http://easthereford.ca/ -> http://www.easthereford.ca/ -> https://easthereford.ca/index.php -> https://easthereford.ca/fr/environnement/index.php -> https://www.easthereford.ca/index.php -> https://www.easthereford.ca/fr/environnement/index.php -> http://easthereford.ca/index.php -> http://easthereford.ca/fr/environnement/index.php -> http://www.easthereford.ca/index.php -> http://www.easthereford.ca/fr/environnement/index.php,,21,yes,http://www.youtube.com/watch?v=n4_X71ud8u4?autoplay=1&rel=0&showinfo=0
us:place:2902044,Arrow Rock town,Missouri,arrowrock.org,https://arrowrock.org/ -> https://www.arrowrock.org/ -> http://arrowrock.org/ -> http://www.arrowrock.org/ -> https://arrowrock.org/events/58th-annual-heritage-festival/ -> https://arrowrock.org/upcoming-events/ -> https://arrowrock.org/events/agatha-christie-and-then-there-were-none/ -> https://arrowrock.org/events/ghost-tours-3/ -> https://arrowrock.org/events/first-saturdays-lecture-17/ -> https://arrowrock.org/events/spooktacular-4/ -> https://arrowrock.org/?method=ical&id=2035 -> https://ar,,6,yes,https://www.youtube.com/channel/UCWuUbmrULKBXrqTjP7Ed_Ag
us:place:2771950,Wykoff city,Minnesota,cityofwykoff.gov,https://cityofwykoff.gov/ -> https://www.cityofwykoff.gov/ -> http://cityofwykoff.gov/ -> http://www.cityofwykoff.gov/ -> https://cityofwykoff.gov/august-newsletter/ -> https://cityofwykoff.gov/events/city-council-meeting/ -> https://cityofwykoff.gov/wp-content/uploads/2025/01/Council-Report-City-Of-Wykoff-January-2025.pdf -> https://cityofwykoff.gov/city-government/ -> https://cityofwykoff.gov/wp-content/uploads/2026/08/2026.04.29-Public-Hearing-Nash-Variance.pdf -> https://cityofwykoff.gov/wp-,,6,yes,https://www.youtube.com/embed/fuVlB-hPus8?feature=oembed
us:place:1866834,St. Joe town,Indiana,stjoeindiana.org,https://stjoeindiana.org/ -> http://stjoeindiana.org/ -> http://www.stjoeindiana.org/ -> https://www.stjoeindiana.org/town-hall -> https://www.stjoeindiana.org/events,,2,yes,https://www.youtube.com/@stjoein1475
ca:csd:3549019,Armour,Ontario,www.armourtownship.ca,https://armourtownship.ca/ -> http://armourtownship.ca/ -> http://www.armourtownship.ca/ -> https://agenda.armourtownship.ca/ -> https://www.armourtownship.ca/road-closure-notice-october-7-2026 -> https://www.armourtownship.ca/council -> https://www.armourtownship.ca/notice-of-public-meeting-minor-variance-486-skyline-drive -> https://www.armourtownship.ca/agenda-and-minutes -> https://www.youtube.com/channel/UCBKy8AnttBbD2tCncv1G0Iw -> https://www.armourtownship.ca/2025-agenda-and-minutes -> ht,https://www.youtube.com/channel/UCBKy8AnttBbD2tCncv1G0Iw,15,yes,https://youtube.com/channel/UCBKy8AnttBbD2tCncv1G0Iw
us:cousub:5002760850,Royalton town,Vermont,royaltonvt.gov,https://royaltonvt.gov/ -> https://www.royaltonvt.gov/ -> http://royaltonvt.gov/ -> http://www.royaltonvt.gov/ -> https://royaltonvt.gov/town_clerks_office/board_of_abatement.php -> https://royaltonvt.gov/town_clerks_office/board_of_civil_authority.php -> https://royaltonvt.gov/government/select_board.php -> https://royaltonvt.gov/committees/cemetery_commission.php -> https://royaltonvt.gov/committees/town_clerks_office/board_of_abatement.php -> https://royaltonvt.gov/committees/town_clerks_offi,,19,yes,https://www.youtube.com/channel/UCaZM8SFNZnGad7exhN-CDag
us:place:0666140,San Fernando city,California,sanfernando.gov,https://sanfernando.gov/ -> https://www.sanfernando.gov/ -> http://sanfernando.gov/ -> http://www.sanfernando.gov/ -> https://www.sanfernando.gov/City-Calendar/Construction-Notice-Alley-in-San-Fernando-Mall-Closed-925-to-102 -> https://www.sanfernando.gov/City-Calendar/Impact-Initiative-Tennis-Classes -> https://www.sanfernando.gov/City-Calendar/3-Wins-Fitness -> https://www.sanfernando.gov/Your-Government/City-Council/Agendas-Minutes-and-Recordings -> https://www.sanfernando.gov/Your-Government,https://www.youtube.com/watch?v=KrSR324WuCs&t=5s;https://www.youtube.com/watch?v=h1ldM9-P_3c;https://www.youtube.com/watch?v=mdTPOo0KPr0&t=1s,180,no,
us:place:3125160,Kenesaw village,Nebraska,kenesaw.org,https://kenesaw.org/ -> https://www.kenesaw.org/ -> http://kenesaw.org/ -> http://www.kenesaw.org/ -> https://kenesaw.org/village-board/ -> https://kenesaw.org/wp-content/uploads/Open-Meetings-Act.pdf -> https://kenesaw.org/senior-center/ -> https://kenesaw.org/wp-content/uploads/SENIOR-CENTER-RENTAL-GUIDELINES.pdf -> https://kenesaw.org/wp-content/uploads/KENESAW-NEBRASKA-SENIOR-CENTER-VENUE-RENTAL-AGREEMENT.pdf -> https://kenesaw.org/calendar/ -> https://kenesaw.org/village-of-kenesaw-housing-,,11,no,
us:place:3839580,Hurdsfield city,North Dakota,hurdsfieldnd.com,https://hurdsfieldnd.com/ -> http://hurdsfieldnd.com/ -> https://www.hurdsfieldnd.com/veterans-video.html -> https://www.hurdsfieldnd.com/community-center.html -> https://www.hurdsfieldnd.com/businesses.html -> https://www.hurdsfieldnd.com/celebrations-of-life.html -> https://www.hurdsfieldnd.com/all-school-reunion.html -> https://www.hurdsfieldnd.com/missing-alumni-addresses.html -> https://www.hurdsfieldnd.com/round-house.html -> https://www.hurdsfieldnd.com/hurdsfield-cemetery.html -> https:/,,40,yes,https://www.youtube.com/embed/YqKr-cCbXf0?wmode=opaque;https://www.youtube.com/channel/UCtZ_4qbYcb-CT3AMdn38KhA
us:place:4861340,Redwater city,Texas,redwatertexas.com,https://redwatertexas.com/ -> https://www.redwatertexas.com/ -> http://redwatertexas.com/ -> http://www.redwatertexas.com/ -> https://redwatertexas.com/city-council/ -> https://redwatertexas.com/agenda-minutes/ -> https://redwatertexas.com/wp-content/uploads/2026/09/MINUTES-12-10-2024-PH.pdf -> https://redwatertexas.com/wp-content/uploads/2026/09/MINUTES-09-15-2025-PH.pdf -> https://redwatertexas.com/wp-content/uploads/2026/09/Minutes-10-27-25-PZ-PH2.pdf -> https://redwatertexas.com/payment-port,,3,no,
us:place:0239960,Kivalina city,Alaska,kivalinacity.com,https://kivalinacity.com/ -> https://www.kivalinacity.com/ -> http://kivalinacity.com/ -> http://www.kivalinacity.com/ -> https://kivalinacity.com/fall-jokes-classroom-humor.html -> https://kivalinacity.com/halloween-bookmarks-print.html -> https://kivalinacity.com/fall-poems-students.html -> https://kivalinacity.com/category/connectivity-watch -> https://kivalinacity.com/high-school-essay-topics.html -> https://kivalinacity.com/fairfax-county-extends-school-year-180-class-days.html -> https://k,,25,no,
us:place:1948945,Manning city,Iowa,manningia.com,https://manningia.com/ -> http://manningia.com/ -> http://www.manningia.com/ -> https://www.manningia.com/pview.aspx?id=445&catid=25 -> https://www.manningia.com/pview.aspx?id=21028&catid=25 -> https://www.manningia.com/pview.aspx?id=21029&catid=25 -> https://www.manningia.com/sitemap.aspx -> https://www.manningia.com/agenda.aspx?categoryid=10351 -> https://www.manningia.com/agenda.aspx -> https://www.manningia.com/docview.aspx?doctype=minuteDoc&docid=11904 -> https://www.manningia.com/docview.a,,1,no,
us:cousub:2615754240,Millington Township,Michigan,www.millingtontownship.com,https://millingtontownship.com/ -> https://www.millingtontownship.com/ -> http://millingtontownship.com/ -> http://www.millingtontownship.com/ -> https://millingtontownship.com/notices/notice-planning-commission-july-13-2026-meeting-is-canceled/ -> https://millingtontownship.com/notices/notice-of-special-meeting-millington-township-board-tuesday-august-25th-2026-6pm-at-the-millington-township-hall/ -> https://millingtontownship.com/notices/board-of-review-meeting/,,8,yes,https://youtube.com/@millingtontownship?si=FlR3Rw5PddNzzIPN
us:place:3663957,Round Lake village,New York,roundlakevillage.org,https://roundlakevillage.org/ -> https://www.roundlakevillage.org/ -> http://roundlakevillage.org/ -> http://www.roundlakevillage.org/ -> https://roundlakevillage.org/government/board-of-trustees.html -> https://roundlakevillage.org/government/planning-board.html -> https://roundlakevillage.org/government/zoning-board-of-appeals.html -> https://roundlakevillage.org/documents/meetings.html -> https://roundlakevillage.org/documents/meetings/village-board-agendas.html -> https://roundlakevillage.or,,18,yes,https://www.youtube.com/watch?v=p3VnfHt5yK0&feature=youtu.be&ab_channel=GaryPutman
us:cousub:2605587040,Whitewater township,Michigan,whitewatertownshipmi.gov,https://whitewatertownshipmi.gov/ -> http://whitewatertownshipmi.gov/ -> https://www.whitewatertownshipmi.gov/township-board.html -> https://www.whitewatertownshipmi.gov/township-board--subcommittee-agendaspackets.html -> https://www.whitewatertownshipmi.gov/planning-commission.html -> https://www.whitewatertownshipmi.gov/township-board--subcommittee-meeting-minutes.html -> https://www.whitewatertownshipmi.gov/uploads/2/1/9/6/21966412/marisubcomm_081822_approved.pdf -> https://www.whitewatertown,,12,yes,https://www.youtube.com/@whitewatertownship/live
us:place:4236888,Indian Lake borough,Pennsylvania,indianlakepa.gov,https://indianlakepa.gov/ -> https://www.indianlakepa.gov/ -> http://indianlakepa.gov/ -> http://www.indianlakepa.gov/ -> https://indianlakepa.gov/Borough/INFO/Curative-Amendment-Hearing -> https://indianlakepa.gov/Borough/Agenda -> https://indianlakepa.gov/Planning/Agenda -> https://indianlakepa.gov/Borough/Minutes -> https://indianlakepa.gov/Portals/15/2026-02-11%20Council%20Minutes%20COMPLETE.pdf -> https://indianlakepa.gov/Portals/15/2026-04-08%20Council%20Minutes%20COMPLETE.pdf -> https://i,,2,yes,https://www.youtube.com/watch?v=tykf2pWjOxI
us:place:2706076,Bird Island city,Minnesota,birdislandmn.gov,https://birdislandmn.gov/ -> https://www.birdislandmn.gov/ -> http://birdislandmn.gov/ -> http://www.birdislandmn.gov/ -> https://birdislandmn.gov/council -> https://birdislandmn.gov/index.asp?SEC=60D9BD8D-4DCE-4ABC-B5D9-EB66878003A0 -> https://birdislandmn.gov/sitemap -> https://birdislandmn.gov/index.asp?SEC=3A17EB14-62E8-40E8-AB3B-3CBA7F4212BD -> https://birdislandmn.gov/index.asp?SEC=3A17EB14-62E8-40E8-AB3B-3CBA7F4212BD&DE=1C915B69-AB22-48A2-B1E2-5B11F8D640D8 -> https://birdislandmn.gov/inde,,160,yes,https://youtu.be/PS2f0b_cHkM
us:sd:2314775,Regional School Unit 16,Maine,rsu16.org,"https://rsu16.org/ -> https://www.rsu16.org/ -> http://rsu16.org/ -> http://www.rsu16.org/ -> https://www.rsu16.org/boe/index -> https://www.rsu16.org/boe -> https://www.rsu16.org/boe/school-board-goals -> https://www.rsu16.org/boe/school-board-meeting-times-and-minutes -> https://www.rsu16.org/boe/archived-minutes-agendas -> https://www.rsu16.org/boe/files/Archived%20Board%20Minutes%20&%20Agendas/2025-2026/Minutes__%20December%208,%202025%20RSU%2016%20Agenda.pdf -> https://www.rsu16.org/boe/fil",,32,no,
us:place:3746060,Navassa town,North Carolina,townofnavassa.org,https://townofnavassa.org/ -> https://www.townofnavassa.org/ -> http://townofnavassa.org/ -> http://www.townofnavassa.org/ -> https://townofnavassa.org/government/boards_committees/advisory_board/index.php -> https://townofnavassa.org/government/minutes.php -> https://townofnavassa.org/government/government/boards_committees/advisory_board/index.php -> https://townofnavassa.org/government/government/new_page.php -> https://townofnavassa.org/government/Documents/Government/Agendas And Minutes/202,,4,no,
ca:csd:2499040,Nemaska,Quebec,www.nemaska.com,https://nemaska.com/ -> https://www.nemaska.com/ -> http://nemaska.com/ -> http://www.nemaska.com/ -> https://nemaska.com/chief-and-council/ -> https://nemaska.com/photos-and-videos/ -> https://nemaska.com/calendar-of-activities/ -> https://nemaska.com/calendar-of-activities/every-child-matters-day/ -> https://nemaska.com/calendar-of-activities/nemaska-anniversary-celebrations/ -> https://nemaska.com/calendar-of-activities/local-aga-2025/ -> https://nemaska.com/sports-center/ -> https://nemaska.,,3,yes,https://www.youtube.com/watch?v=GvNoTZOXzQ4
us:place:5548750,Maple Bluff village,Wisconsin,villageofmaplebluff.com,https://villageofmaplebluff.com/ -> https://www.villageofmaplebluff.com/ -> http://villageofmaplebluff.com/ -> http://www.villageofmaplebluff.com/ -> https://villageofmaplebluff.com/boards-committees/village-board/ -> https://villageofmaplebluff.com/boards-committees/building-board/ -> https://villageofmaplebluff.com/plan-commission/ -> https://villageofmaplebluff.com/police/vacation-watch/ -> https://villageofmaplebluff.com/boards-committees/ -> https://ecode360.com/MA2098/documents/Agendas/ ->,,2,yes,https://www.youtube.com/@Village.of.MapleBluff
us:place:3402440,Avon-by-the-Sea borough,New Jersey,avonbytheseanj.com,https://avonbytheseanj.com/ -> http://avonbytheseanj.com/ -> http://www.avonbytheseanj.com/ -> https://www.avonbytheseanj.com/government/board_of_commissioners.php -> https://www.avonbytheseanj.com/government/environmental_commission.php -> https://www.avonbytheseanj.com/government/planning_board/index.php -> https://www.avonbytheseanj.com/government/planning_board/planning_board_meeting_minutes.php -> https://www.avonbytheseanj.com/government/planning_board/government/board_of_commissioners.php,,12,no,
us:place:3122640,Holdrege city,Nebraska,cityofholdrege.org,https://cityofholdrege.org/ -> https://www.cityofholdrege.org/ -> http://cityofholdrege.org/ -> http://www.cityofholdrege.org/ -> https://cityofholdrege.org/news/notice-of-holdrege-airport-authority-budget-hearing -> https://cityofholdrege.org/news/notice-of-city-council-budget-hearings -> https://cityofholdrege.org/news/weed-and-liter-notice -> https://towncloud.io/go/holdrege-ne/agendas/1083 -> https://towncloud.io/go/holdrege-ne/agendas/1083/PDF/get_agenda_document_link -> https://towncloud.i,,8,no,
us:county:26113,Missaukee County,Michigan,missaukee.org,https://missaukee.org/ -> https://www.missaukee.org/ -> http://missaukee.org/ -> http://www.missaukee.org/ -> https://missaukee.org/departments/county_commission/index.php -> https://missaukee.org/how_do_i/read_view/meetings___agendas.php -> https://missaukee.org/how_do_i/read_view/departments/county_commission/index.php -> https://missaukee.org/how_do_i/read_view/how_do_i/read_view/meetings___agendas.php -> https://missaukee.org/how_do_i/read_view/how_do_i/read_view/departments/county_commissio,,4,no,
us:cousub:0915036000,Hampton,Connecticut,www.hamptonct.org,https://hamptonct.org/ -> http://hamptonct.org/ -> http://www.hamptonct.org/ -> https://www.hamptonct.org/mc-events/rd11-newsletter-special-meeting-09-30-26/ -> https://www.hamptonct.org/mc-events/board-of-selectmen-regular-meetings-131/ -> https://www.hamptonct.org/mc-events/inland-wetlands-watercourses-commission-meetings-hearings-160/ -> https://www.hamptonct.org/boards/ -> https://www.hamptonct.org/group/board-of-assessment-appeals/ -> https://www.hamptonct.org/group/board-of-finance/ -> htt,,5,yes,https://www.youtube.com/watch?v=TC-f-z4Si5A&t=449s
us:cousub:2611300520,Aetna Township,Michigan,www.missaukee.org,https://missaukee.org/ -> https://www.missaukee.org/ -> http://missaukee.org/ -> http://www.missaukee.org/ -> https://missaukee.org/departments/county_commission/index.php -> https://missaukee.org/how_do_i/read_view/meetings___agendas.php -> https://missaukee.org/how_do_i/read_view/departments/county_commission/index.php -> https://missaukee.org/how_do_i/read_view/how_do_i/read_view/meetings___agendas.php -> https://missaukee.org/how_do_i/read_view/how_do_i/read_view/departments/county_commissio,,4,no,
us:sd:3617160,Levittown Union Free School District,New York,levittownschools.com,https://levittownschools.com/ -> https://www.levittownschools.com/ -> http://levittownschools.com/ -> http://www.levittownschools.com/ -> https://go.boarddocs.com/ny/levittown/Board.nsf/Public -> https://levittownschools.com/news/story.asp?xml=2026-09-28_dot_day_celebrates_students_creativity_at_gardiners_avenue_elementary_school.xml -> https://levittownschools.com/news/story.asp?xml=2026-09-28_summit_lane_school_cuts_the_ribbon_on_book_vending_machine.xml -> https://levittownschools.com/news/st,,8,yes,https://www.youtube.com/c/LevittownPublicSchools
us:place:5437636,Hinton city,West Virginia,hintonwva.com,https://hintonwva.com/ -> https://www.hintonwva.com/ -> http://hintonwva.com/ -> http://www.hintonwva.com/ -> https://hintonwva.com/government/index.php -> https://hintonwva.com/government/city_council.php -> https://hintonwva.com/government/jim_leslie.php -> https://hintonwva.com/residents/minutes.php -> https://hintonwva.com/residents/government/index.php -> https://hintonwva.com/residents/government/city_council.php -> https://hintonwva.com/residents/government/jim_leslie.php -> https://hinto,,22,yes,https://www.youtube.com/watch?v=BJLxddLO98A
us:place:3740660,Maiden town,North Carolina,maidennc.gov,https://maidennc.com/ -> https://www.maidennc.com/ -> http://maidennc.com/ -> http://www.maidennc.com/ -> https://maidennc.com/news_detail_T5_R45.php -> https://maidennc.com/news_detail_T5_R44.php -> https://maidennc.com/news_detail_T5_R42.php -> https://maidennc.com/government/agenda_and_minutes.php -> https://maidennc.com/government/government/town_council.php -> https://maidennc.com/government/boards_and_commissions.php -> https://maidennc.com/government/government/agenda_and_minutes.php -> h,,155,no,
us:cousub:2600701760,Alpena Township,Michigan,www.alpenatownship.com,https://alpenatownship.com/ -> http://alpenatownship.com/ -> http://www.alpenatownship.com/ -> https://www.alpenatownship.com/township-boards -> https://www.alpenatownship.com/board-of-review -> https://www.alpenatownship.com/board-of-trustees -> https://www.alpenatownship.com/planning-commission -> https://www.alpenatownship.com/calendar -> https://www.alpenatownship.com/zoning-board-of-appeals -> https://www.alpenatownship.com,,26,yes,https://youtu.be/XgE9yQIQ670
us:place:4880560,Yoakum city,Texas,yoakumtx.gov,https://yoakumtx.gov/ -> https://www.yoakumtx.gov/ -> http://yoakumtx.gov/ -> http://www.yoakumtx.gov/ -> https://yoakumtx.gov/departments/inspection_and_permits/index.php -> https://yoakumtx.gov/news_detail_T5_R17.php -> https://yoakumtx.gov/news_detail_T5_R5.php -> https://yoakumtx.gov/government/city_council.php -> https://yoakumtx.gov/government/government/city_council.php -> https://yoakumtx.gov/government/government/minutes_notices.php -> https://yoakumtx.gov/government/government/governme,,5,no,
us:place:1330732,Forsyth city,Georgia,cityofforsyth.com,https://cityofforsyth.com/ -> https://www.cityofforsyth.com/ -> http://cityofforsyth.com/ -> http://www.cityofforsyth.com/ -> https://www.cityofforsyth.net/news/3-credit-card-fee-effective-october-1-2026 -> https://www.cityofforsyth.net/news/planning-zoning-meeting-summary-august-24-2026 -> https://www.cityofforsyth.net/news/planning-zoning-meeting-summary-september-28-2026 -> https://www.cityofforsyth.net/node/66 -> https://www.youtube.com/channel/UCWh7k_ou3-442K6fWCOM7Dg -> https://www.cityoff,https://www.youtube.com/channel/UCWh7k_ou3-442K6fWCOM7Dg,1,yes,https://www.youtube.com/channel/UCWh7k_ou3-442K6fWCOM7Dg
us:place:3057175,Philipsburg town,Montana,philipsburgmt.com,https://philipsburgmt.com/ -> https://www.philipsburgmt.com/ -> http://philipsburgmt.com/ -> http://www.philipsburgmt.com/ -> https://philipsburgmt.com/meetings -> https://philipsburgmt.com/valley-days-car-show -> https://philipsburgmt.com/our-town,,9,yes,https://youtube.com/embed/PR2XisvdC7s?rel=0&showinfo=0&autoplay=0&loop=0&muted=0&controls=1
us:place:4803372,Anson city,Texas,anson-tx.us,https://anson-tx.us/ -> https://www.anson-tx.us/ -> http://anson-tx.us/ -> http://www.anson-tx.us/ -> https://anson-tx.us/city-council-agenda-minutes-and-resolutions/ -> https://anson-tx.us/wp-content/uploads/2023/04/20230405014338.pdf -> https://anson-tx.us/archive-agendas-minutes-and-resolutions/ -> https://anson-tx.us/wp-content/uploads/2018/04/2016-city-council-minutes.pdf -> https://anson-tx.us/wp-content/uploads/2018/04/2017-city-council-minutes.pdf -> https://anson-tx.us/city-charter-ordi,,9,no,
,Délı̨nę,Northwest Territories,www.lakelandridges.ca,https://lakelandridges.ca/ -> http://lakelandridges.ca/ -> http://www.lakelandridges.ca/ -> https://www.lakelandridges.ca/2024/07/18/public-meeting-regarding-quarry/ -> https://www.lakelandridges.ca/council/minutes/ -> https://www.lakelandridges.ca/wp-content/uploads/2026/09/August-24-2026-COW-meeting-minutes.pdf -> https://www.lakelandridges.ca/wp-content/uploads/2026/09/August-17-special-meeting-minutes.pdf -> https://www.lakelandridges.ca/wp-content/uploads/2026/08/August-10-2026-zoom-meeting,,3,yes,https://youtu.be/1y3vBsV9oEk?Mode2=Video
us:sd:3818600,Twin Buttes Public School District 37,North Dakota,twinbuttes.k12.nd.us,https://www.twinbuttes.k12.nd.us/ -> http://www.twinbuttes.k12.nd.us/ -> https://www.twinbuttes.k12.nd.us/page/school-board -> https://www.twinbuttes.k12.nd.us/page/school-board-members -> https://www.twinbuttes.k12.nd.us/browse/344398 -> https://www.twinbuttes.k12.nd.us/browse/344395 -> https://www.twinbuttes.k12.nd.us/browse/344397 -> https://www.twinbuttes.k12.nd.us/documents/district-37--school-board/21208933 -> https://www.twinbuttes.k12.nd.us/documents/district-37--school-board/school-boar,,10,yes,https://www.youtube.com/@Twin-ButtesDaySchoolK-8
us:sd:5601090,Big Horn County School District 4,Wyoming,bgh4.org,https://bgh4.org/ -> http://bgh4.org/ -> http://www.bgh4.org/ -> https://www.bgh4.org/page/school-board -> https://www.bgh4.org/page/about-board-of-trustees -> https://www.bgh4.org/page/school-board-members -> https://www.bgh4.org/page/agenda-and-minutes-20252026 -> https://www.bgh4.org/page/media-center,,14,yes,https://www.youtube.com/watch?v=-SsE1nzHr5Y
us:cousub:2608181140,Tyrone Township,Michigan,www.tyronetownship.org,https://tyronetownship.org/ -> https://www.tyronetownship.org/ -> http://tyronetownship.org/ -> http://www.tyronetownship.org/ -> https://tyronetownship.org/meetings/agendas.php -> https://tyronetownship.org/township_departments/township_board.php -> https://tyronetownship.org/meetings/minutes.php -> https://tyronetownship.org/meetings/meetings/agendas.php -> https://tyronetownship.org/meetings/township_departments/township_board.php -> https://tyronetownship.org/meetings/Document Center/Agenda ,,4,no,
us:place:1755470,Okawville village,Illinois,okawville.gov,https://okawville.gov/ -> https://www.okawville.gov/ -> http://okawville.gov/ -> http://www.okawville.gov/ -> https://hostek.com/hosting/windows/vps/windows-vps-hosting.html -> https://hostek.com/load-balancing-prepare-for-large-number-of-visitors -> https://hostek.com/hosting/windows/vps/windows-vps-hosting.html?type=reseller -> https://hostek.com/hosting/windows/vps/windows-vps-hosting.html?type=shared -> https://hostek.com/hosting/cpanel/vps/cpanel-vps-hosting.html -> https://hostek.com/hosti,,12,no,
us:place:5163288,Pocahontas town,Virginia,pocahontasva.org,https://pocahontasva.org/ -> https://www.pocahontasva.org/ -> http://pocahontasva.org/ -> http://www.pocahontasva.org/ -> https://pocahontasva.org/videos/ -> https://pocahontasva.org/message-from-the-mayor/ -> https://pocahontasva.org/government/ -> https://pocahontasva.org/photos-video-pocahontas-va/ -> https://pocahontasva.org/town-administration-pocahontas-va/ -> https://pocahontasva.org/town-hall/ -> https://pocahontasva.org/town-code-town-zoning/ -> http://pocahontasva.org/wp-content/upload,,5,no,
ca:csd:4806001,Foothills County,Alberta,mdfoothills.com,https://mdfoothills.com/ -> https://www.mdfoothills.com/ -> http://mdfoothills.com/ -> http://www.mdfoothills.com/ -> https://www.foothillscountyab.ca/news/proposed-land-use-bylaw-amendments-public-hearing-october-7-2026-130-pm -> https://www.foothillscountyab.ca/news -> https://www.foothillscountyab.ca/news/water-main-shutdown-notice-cayley-october-1-2026 -> https://www.foothillscountyab.ca/government/council-committees/meetings-hearings -> https://www.foothillscountyab.ca/community/recreation-,,3,no,
us:place:1880018,Wanatah town,Indiana,wanatah-in.gov,https://wanatah-in.gov/ -> https://www.wanatah-in.gov/ -> http://wanatah-in.gov/ -> http://www.wanatah-in.gov/ -> https://wanatah-in.gov/office/ -> https://wanatah-in.gov/governance/ -> http://wanatah-in.gov/office/ -> http://wanatah-in.gov/governance/,,11,yes,https://www.youtube.com/embed/6IzLXJQje8A?feature=oembed&autoplay=1&mute=1&playlist=6IzLXJQje8A&loop=1&enablejsapi=1;https://www.youtube.com/@WanatahTownCouncilMeeting
us:place:3974958,Strasburg village,Ohio,villageofstrasburg.com,https://villageofstrasburg.org/ -> https://www.villageofstrasburg.org/ -> http://villageofstrasburg.org/ -> http://www.villageofstrasburg.org/ -> https://villageofstrasburg.org/village_council_/index.php -> https://villageofstrasburg.org/village_council_/village_council_and_staff.php -> https://villageofstrasburg.org/village_council/index.php,,4,no,
us:county:38029,Emmons County,North Dakota,emmonsnd.gov,https://emmonsnd.com/ -> https://www.emmonsnd.com/ -> http://emmonsnd.com/ -> http://www.emmonsnd.com/ -> https://emmonsnd.com/water-resource-board/ -> https://emmonsnd.com/weed-board/ -> https://emmonsnd.com/departments/notice-board/ -> https://emmonsnd.com/county-commission/ -> https://emmonsnd.com/wp-content/uploads/2026/09/2026-Commission-Meeting-Minutes.pdf -> https://emmonsnd.com/wp-content/uploads/2024/12/2023-Approved-Meeting-Minutes.pdf -> https://emmonsnd.com/wp-content/uploads/2024/12,,2,no,
us:place:4252488,Myerstown borough,Pennsylvania,myerstownpa.org,https://myerstownpa.org/ -> https://www.myerstownpa.org/ -> http://myerstownpa.org/ -> http://www.myerstownpa.org/ -> https://www.myerstownpa.org/news_detail_T6_R239.php -> https://www.myerstownpa.org/news_detail_T6_R230.php -> https://www.myerstownpa.org/news_detail_T6_R231.php,,3,no,
us:place:3854620,Mott city,North Dakota,discovermott.com,https://discovermott.com/ -> http://discovermott.com/ -> http://www.discovermott.com/ -> https://www.discovermott.com/city-hall -> https://urldefense.proofpoint.com/v2/url?u=https-3A__attorneygeneral.nd.gov_wp-2Dcontent_uploads_2025_08_Application-2Dfor-2Da-2DLocal-2DPermit-2Dor-2DRestricted-2DEvent-2DPermit-2DSFN-2D9338.pdf&d=DwMFAg&c=euGZstcaTDllvimEN8b7jXrwqOf-v5A_CdpgnVfiiMM&r=OR0IcHtmfb7Cfo0D0_aoY3fUdBuxuPgAEZOPLdJ3Ftg&m=tX1XfzcsVA5BqcjfAK7WURQwGU2yVkFUtI9j4qhM9yU1dGXxYTc3YtPajlZgRgUa&s=4ux,,7,yes,https://www.youtube.com/embed/rsr5cOAIuGA?rel=0&controls=1&autoplay=0&mute=0&start=0
ca:csd:2415065,Baie-Sainte-Catherine,Quebec,www.baiestecatherine.com,https://baiestecatherine.com/ -> http://baiestecatherine.com/ -> http://www.baiestecatherine.com/ -> https://www.baiestecatherine.com/location-de-salles-municipales,,5,yes,https://www.youtube.com/channel/UCc067QUaeB361m2lC-Z0F_w
us:place:1955695,Nevada city,Iowa,cityofnevadaiowa.org,https://cityofnevadaiowa.org/ -> https://www.cityofnevadaiowa.org/ -> http://cityofnevadaiowa.org/ -> http://www.cityofnevadaiowa.org/ -> https://cityofnevadaiowa.org/news/autumn-open-burn-season-begins-oct-1/ -> https://cityofnevadaiowa.org/news/septembers-regular-meeting-of-the-parks-rec-board-cancelled/ -> https://cityofnevadaiowa.org/news/criminals-impersonating-city-and-county-officials-in-phishing-emails-for-planning-and-zoning-permits/ -> https://cityofnevadaiowa.org/how-do-i/see-recently,,20,no,
us:place:3602286,Antwerp village,New York,villageofantwerp.net,https://villageofantwerp.net/ -> https://www.villageofantwerp.net/ -> http://villageofantwerp.net/ -> http://www.villageofantwerp.net/ -> https://villageofantwerp.net/meetings.html -> https://villageofantwerp.net/agenda-minutes.html -> https://villageofantwerp.net/index.html -> https://villageofantwerp.net/local-officials.html -> https://villageofantwerp.net/community.html -> https://villageofantwerp.net/contact-us.html -> https://www.villageofantwerp.net/meetings.html -> https://www.villageofan,,12,no,
us:place:3950918,Minster village,Ohio,minsteroh.com,https://minsteroh.com/ -> http://minsteroh.com/ -> http://www.minsteroh.com/ -> https://agenda.minsteroh.com/ -> https://www.minsteroh.com/council-members -> https://www.minsteroh.com/zoning-board-of-appeals -> https://www.minsteroh.com/planning-commission -> https://www.minsteroh.com/income-tax-appeals-board -> https://www.minsteroh.com/2026-public-notices---meeting-minutes -> https://www.minsteroh.com/2025-public-notices---meeting-minutes -> https://www.minsteroh.com/2024-Public-Notices-Meetin,,7,no,
us:county:31003,Antelope County,Nebraska,co.antelope.ne.us,https://co.antelope.ne.us/ -> https://www.co.antelope.ne.us/ -> http://co.antelope.ne.us/ -> http://www.co.antelope.ne.us/ -> https://antelopecounty.nebraska.gov/thanksgiving-closed-0 -> https://antelopecounty.nebraska.gov/veterans-day-closed-0 -> https://antelopecounty.nebraska.gov/2026-Primary-Election-Results -> https://antelopecounty.nebraska.gov/commissioners -> https://antelopecounty.nebraska.gov/county-board-agenda -> https://antelopecounty.nebraska.gov/board-minutes -> https://antelopeco,,2,no,
us:place:3675506,Trumansburg village,New York,trumansburg-ny.gov,https://trumansburg-ny.gov/ -> https://www.trumansburg-ny.gov/ -> http://trumansburg-ny.gov/ -> http://www.trumansburg-ny.gov/ -> https://trumansburg-ny.gov/news/canceled-second-monthly-meeting-of-trustees-09282026 -> https://trumansburg-ny.gov/news/canceled-regular-monthly-meeting-of-the-planning-board-09242026 -> https://trumansburg-ny.gov/news/regular-monthly-meeting-of-trustees-public-hearing-09142026 -> https://trumansburg-ny.gov/news/village-front-offices-limited-public-access-0914-18 -> h,,4,yes,https://www.youtube.com/channel/UCpoU6jqTOqHo_bKkPg-vcTA
,Délı̨nę,Northwest Territories,www.strait-shores.ca,https://strait-shores.ca/ -> http://strait-shores.ca/ -> http://www.strait-shores.ca/ -> https://www.strait-shores.ca/resources-2/,,1,yes,https://youtu.be/1y3vBsV9oEk?Mode2=Video
us:cousub:3400566810,Shamong Township,New Jersey,www.shamong.net,https://shamong.net/ -> https://www.shamong.net/ -> http://shamong.net/ -> http://www.shamong.net/ -> https://shamong.net/department_contacts__hours/meetingsagendasminutes/joint_land_use_board_jlub.php -> https://shamong.net/department_contacts__hours/meetingsagendasminutes/rent_control_board_rcb.php -> https://shamong.net/department_contacts__hours/index.php -> https://shamong.net/department_contacts__hours/department_contacts__hours/meetingsagendasminutes/joint_land_use_board_jlub.php -> https,,8,no,
us:cousub:4400766200,Smithfield,Rhode Island,www.smithfieldri.gov,https://smithfieldri.gov/ -> http://smithfieldri.gov/ -> http://www.smithfieldri.gov/ -> https://www.smithfieldri.gov/our-town/video-tour -> https://www.smithfieldri.gov/government/2025-meeting-agendas -> https://www.smithfieldri.gov/government/2026-meeting-agendas -> https://www.smithfieldri.gov/government/school-meetings-videos-live-stream -> https://www.smithfieldri.gov/our-town/meeting-minutes-agendas-clerkbase -> https://clerkshq.com/Smithfield-ri?sec=intro -> https://www.smithfieldri.gov/g,,49,yes,https://www.youtube.com/@townofsmithfieldri/streams
ca:csd:2427043,Saint-Joseph-de-Beauce,Quebec,www.vsjb.ca,https://vsjb.ca/ -> https://www.vsjb.ca/ -> http://vsjb.ca/ -> http://www.vsjb.ca/ -> https://vsjb.ca/?method=ical&id=14646 -> https://vsjb.ca/?method=ical&id=12328 -> https://vsjb.ca/?method=ical&id=9763 -> https://vsjb.ca/visiteurs/site-patrimonial/,,15,yes,https://www.youtube.com/channel/UCXmhiGB33e50sC6bPnUq4CQ
us:place:4664860,Tyndall city,South Dakota,tyndallsd.com,https://tyndallsd.com/ -> https://www.tyndallsd.com/ -> http://tyndallsd.com/ -> http://www.tyndallsd.com/,,5,no,
ca:csd:4718049,Denare Beach,Saskatchewan,denarebeach.net,https://denarebeach.net/ -> https://www.denarebeach.net/ -> http://denarebeach.net/ -> http://www.denarebeach.net/ -> https://denarebeach.net/council -> https://denarebeach.net/past-minutes,,7,yes,https://www.youtube.com/channel/UCK-NHY3k9p74Wj0KOCjIodQ
us:place:3133320,Murdock village,Nebraska,murdocknebraska.com,https://murdocknebraska.com/ -> https://www.murdocknebraska.com/ -> http://murdocknebraska.com/ -> http://www.murdocknebraska.com/ -> https://murdocknebraska.com/index.php/village/meeting-minutes -> https://murdocknebraska.com/images/PDF/2026/2026_Sept_8_Board_Mtg_Minutes.pdf -> https://murdocknebraska.com/images/PDF/Special_Meeting_Minutes_051425.pdf -> https://murdocknebraska.com/images/PDF/February_2024_special_meeting_minutes.pdf -> https://murdocknebraska.com/index.php -> https://murdockneb,,2,no,
us:cousub:2501179110,Whately,Massachusetts,www.whately.org,https://whately.org/ -> https://www.whately.org/ -> http://whately.org/ -> http://www.whately.org/ -> https://whately.org/boards_committees/agriculture_commission/index.php -> https://whately.org/boards_committees/board_of_assessors/index.php -> https://whately.org/departments/foothills_health_district_board_of_health/index.php -> https://whately.org/minutes___agendas/index.php -> https://whately.org/minutes___agendas/boards_committees/agriculture_commission/index.php -> https://whately.org/minu,,17,yes,https://www.youtube.com/@fcatgovernment
ca:csd:2492022,Dolbeau-Mistassini,Quebec,www.ville.dolbeau-mistassini.qc.ca,https://ville.dolbeau-mistassini.qc.ca/ -> http://ville.dolbeau-mistassini.qc.ca/ -> http://www.ville.dolbeau-mistassini.qc.ca/ -> https://www.ville.dolbeau-mistassini.qc.ca/ma-ville/medias-et-communications/ -> https://www.ville.dolbeau-mistassini.qc.ca/ma-ville/medias-et-communications/actualites/ -> https://www.ville.dolbeau-mistassini.qc.ca/ma-ville/medias-et-communications/communiques-de-presse/ -> https://www.ville.dolbeau-mistassini.qc.ca/ma-ville/vie-democratique/comites-et-commissions/ ,,9,no,
us:place:5564750,Pound village,Wisconsin,townofpoundwi.gov,https://townofpoundwi.gov/ -> https://www.townofpoundwi.gov/ -> http://townofpoundwi.gov/ -> http://www.townofpoundwi.gov/ -> https://www.youtube.com/channel/UCeU-_6YHGQFcVSHLbEXLNlA/playlists,https://www.youtube.com/channel/UCeU-_6YHGQFcVSHLbEXLNlA/playlists,2,no,
us:sd:0805730,Moffat County School District RE-1,Colorado,moffatsd.org,https://moffatsd.org/ -> http://moffatsd.org/ -> http://www.moffatsd.org/ -> https://agenda.moffatsd.org/ -> https://www.moffatsd.org/calendar/9180424/volleyball-vs-aspen -> https://www.moffatsd.org/calendar/9387913/mchs-state-golf-championship-alamosa-co-away -> https://www.moffatsd.org/calendar/9180126/cms-xc-delta -> https://www.moffatsd.org/board-of-education/index -> https://www.moffatsd.org/board-of-education -> https://www.moffatsd.org/board-of-education/news -> https://www.moffatsd.org/b,,11,no,
us:place:0443990,Mammoth town,Arizona,mammothaz.gov,https://mammothaz.gov/ -> https://www.mammothaz.gov/ -> http://mammothaz.gov/ -> http://www.mammothaz.gov/ -> https://mammothaz.gov/town-news -> https://mammothaz.gov/police-employment -> https://mammothaz.gov/careers -> https://mammothaz.gov/town-council -> https://mammothaz.gov/council-agendas -> https://mammothaz.gov/council-minutes -> https://mammothaz.gov/documents/council-minutes/Minutes-Town-Council-Meeting-07-23-2026.pdf -> https://mammothaz.gov/documents/council-minutes/Minutes-Special-,,2,no,
us:place:0121136,Dora city,Alabama,cityofdora.com,https://cityofdora.com/ -> https://www.cityofdora.com/ -> http://cityofdora.com/ -> http://www.cityofdora.com/ -> https://cityofdora.com/city-government/city-council/ -> https://cityofdora.com/council-workshop-minutes-7-7-26/?utm_source=rss&utm_medium=rss&utm_campaign=council-workshop-minutes-7-7-26 -> https://cityofdora.com/council-workshop-minutes-7-7-26/ -> https://cityofdora.com/category/council-business/ -> https://cityofdora.com/category/news/ -> https://cityofdora.com/city-government/emer,,20,yes,https://www.youtube.com/channel/UCrAA6dWlP2TLDwWLDBDnXEg
us:place:1382132,West Point city,Georgia,cityofwestpointga.com,https://cityofwestpointga.com/ -> https://www.cityofwestpointga.com/ -> http://cityofwestpointga.com/ -> http://www.cityofwestpointga.com/ -> https://cityofwestpointga.com/government/city-council/ -> https://cityofwestpointga.com/government/city-council-meetings/ -> https://cityofwestpointga.com/boards-authorities-and-commissions/ -> https://cityofwestpointga.com/government/hours-location/ -> https://cityofwestpointga.com/city-administration/ -> https://cityofwestpointga.com/city-administration/,,6,yes,https://www.youtube.com/@cityofwestpointga9344
ca:csd:4802008,Raymond,Alberta,raymond.ca,https://raymond.ca/ -> https://www.raymond.ca/ -> http://raymond.ca/ -> http://www.raymond.ca/ -> https://raymond.ca/index.asp?SEC=69A1492A-1D10-4093-9B8F-D239AC2D3D2F -> https://raymond.ca/index.asp?SEC=69A1492A-1D10-4093-9B8F-D239AC2D3D2F&DE=D79FAACA-7B5D-4603-A9E6-9B582C157F43 -> https://raymond.ca/index.asp?SEC=69A1492A-1D10-4093-9B8F-D239AC2D3D2F&DE=CB310562-CFF8-4629-9B3F-57B7E3F94270 -> https://raymond.web.catalisgov.ca/agendas-minutes -> https://raymond.ca/council -> https://raymond.ca/c,,25,yes,https://youtube.com/townofraymondvideos
us:county:51111,Lunenburg County,Virginia,lunenburgva.gov,https://lunenburgva.gov/ -> https://www.lunenburgva.gov/ -> http://lunenburgva.gov/ -> http://www.lunenburgva.gov/ -> https://lunenburgva.gov/news_detail_T4_R139.php -> https://lunenburgva.gov/news_detail_T4_R121.php -> https://lunenburgva.gov/news_detail_T4_R112.php -> https://lunenburgva.gov/government/board_of_supervisors/agendas___minutes.php -> https://lunenburgva.gov/government/board_of_supervisors/government/board_of_supervisors/index.php -> https://lunenburgva.gov/government/board_of_sup,,4,no,
us:place:4844308,Lowry Crossing city,Texas,lowrycrossingtexas.org,https://lowrycrossingtexas.org/ -> https://www.lowrycrossingtexas.org/ -> http://lowrycrossingtexas.org/ -> http://www.lowrycrossingtexas.org/ -> https://lowrycrossingtexas.org/operations/city_council.php -> https://lowrycrossingtexas.org/operations/meetings_and_agendas/index.php -> https://lowrycrossingtexas.org/operations/meetings_and_agendas/operations/city_council.php -> https://lowrycrossingtexas.org/operations/meetings_and_agendas/operations/meetings_and_agendas/index.php -> https://lowryc,,21,yes,https://www.youtube.com/channel/UCkCSmmtBqLKr769AMG1sxvg
us:sd:3614400,Highland Central School District,New York,highland-k12.org,https://highland-k12.org/ -> http://highland-k12.org/ -> http://www.highland-k12.org/ -> https://www.highland-k12.org/our-district/board-of-education/meet-the-board -> https://www.youtube.com/channel/UChe2DEqgiODVOUq-8EMt_pw -> https://simbli.eboardsolutions.com/Policy/PolicyListing.aspx?S=170011 -> https://www.highland-k12.org/resources/calendar -> https://www.highland-k12.org/site-map -> https://www.highland-k12.org/resources/news-and-announcements/news-details/~board/highland-high-school-news,https://www.youtube.com/channel/UChe2DEqgiODVOUq-8EMt_pw,13,yes,https://www.youtube.com/channel/UChe2DEqgiODVOUq-8EMt_pw
us:place:3133425,Murray village,Nebraska,murraynebraska.com,https://murraynebraska.com/ -> https://www.murraynebraska.com/ -> http://murraynebraska.com/ -> http://www.murraynebraska.com/ -> https://murraynebraska.com/nl/casscountysheriffne.org/employment -> http://www.MurrayNebraska.com -> https://www.murraynebraska.com/index.php -> https://murraynebraska.com/nl/index.php/town-history -> https://murraynebraska.com/nl/index.php/whats-new/events -> https://murraynebraska.com/nl/index.php -> https://murraynebraska.com/nl/index.php/whats-new -> https://murra,,2,no,
us:sd:3011100,Florence-Carlton K-12 Schools,Montana,florencecarlton.org,https://florencecarlton.org/ -> http://florencecarlton.org/ -> http://www.florencecarlton.org/ -> https://www.florencecarlton.org/page/board-of-trustees -> https://www.florencecarlton.org/page/fcsd-board-policy -> https://www.florencecarlton.org/page/fchs-student-council -> https://www.florencecarlton.org/page/board-meeting-agendas -> https://www.florencecarlton.org/page/transcript-requests,,7,yes,https://youtu.be/GRolqkKMnso
us:county:31039,Cuming County,Nebraska,cumingcountyne.gov,https://cumingcountyne.gov/ -> https://www.cumingcountyne.gov/ -> http://cumingcountyne.gov/ -> http://www.cumingcountyne.gov/ -> https://cumingcountyne.gov/2026-general-election-filings/ -> https://cumingcountyne.gov/primary-election-2026-unofficial-results/ -> https://cumingcountyne.gov/property-fraud-alert-cuming-county/ -> https://cumingcountyne.gov/board-of-supervisors/ -> https://cumingco-my.sharepoint.com/:f:/g/personal/lhunke_cumingcounty_ne_gov/ElWZTuQd4mdAqVCV7HUZQ0IBj0W96xW3J4zAPplS-w,,16,no,
us:place:2703106,Babbitt city,Minnesota,babbittmn.gov,https://babbittmn.gov/ -> http://babbittmn.gov/ -> http://www.babbittmn.gov/ -> https://www.babbittmn.gov/city-government/city-council -> https://www.babbittmn.gov/council-minutes -> https://www.babbittmn.gov/component/edocman/city-council-minutes-agendas/2026-council-minutes-agendas -> https://www.babbittmn.gov/component/edocman/council-agenda-09-01-2026/download?Itemid= -> https://www.babbittmn.gov/component/edocman/campground-committee-minutes-08-31-2026/download?Itemid= -> https://www.babbit,,1,yes,https://www.youtube.com/@babbittmn
us:place:4260712,Pitcairn borough,Pennsylvania,pitcairnborough.us,https://pitcairnborough.us/ -> https://www.pitcairnborough.us/ -> http://pitcairnborough.us/ -> http://www.pitcairnborough.us/ -> https://pitcairnborough.us/index.php/about-us/pitcairn-park-recreation-board -> https://pitcairnborough.us/index.php/government/meeting-minutes -> https://pitcairnborough.us/images/pdf/2022/meetings/Council_Regular_Business_Meeting_Minutes_August_8_2022.pdf -> https://pitcairnborough.us/images/pdf/2023/meetings/Council_Regular_Business_Meeting_Minutes_August_14_2023.p,,16,yes,https://www.youtube.com/channel/UCqEM-T2tRTWIes4tfgwfOwQ
ca:csd:2427050,Saint-Joseph-des-Érables,Quebec,www.stjosephdeserables.com,https://stjosephdeserables.com/ -> https://www.stjosephdeserables.com/ -> http://stjosephdeserables.com/ -> http://www.stjosephdeserables.com/ -> https://stjosephdeserables.com/index.php/features-4/politique-medias-sociaux -> https://stjosephdeserables.com/index.php/features-4/politique-medias-sociaux?download=788:politique-des-medias-sociaux-et-netiquette -> https://stjosephdeserables.com/index.php/features-3/politique-medias-sociaux2 -> https://stjosephdeserables.com/index.php -> https://stjos,,77,yes,https://youtu.be/YypNjJkB4k4;https://www.youtube.com/@municipalitesaint-joseph-d5364
us:place:5502550,Arena village,Wisconsin,villageofarenawi.gov,https://villageofarenawi.gov/ -> http://villageofarenawi.gov/ -> http://www.villageofarenawi.gov/ -> https://www.villageofarenawi.gov/your_government/village_president___trustees/village_board_of_trustees.php -> https://www.villageofarenawi.gov/your_government/boards___commissions/plan_commission.php -> https://www.villageofarenawi.gov/your_government/boards___commissions/board_of_review.php -> https://www.villageofarenawi.gov/how_do_i__(faq)/agendas___minutes.php -> https://www.villageofarenawi,,3,no,
us:state:34,State of New Jersey,New Jersey,nj.gov,https://nj.gov/ -> https://www.nj.gov/ -> http://nj.gov/ -> http://www.nj.gov/ -> https://www.nj.gov/mvc/ -> https://www.njleg.state.nj.us/ -> https://www.njleg.state.nj.us/public-hearings -> https://www.njleg.state.nj.us/our-legislature -> https://www.njleg.state.nj.us/legislative-commissions -> https://www.njleg.state.nj.us/legislative-calendar -> https://www.njleg.state.nj.us/committees/senate-committees -> https://www.njleg.state.nj.us/committees/assembly-committees -> https://www.njleg.stat,,43,no,
us:place:3973684,South Russell village,Ohio,southrussell.com,https://southrussell.com/ -> https://www.southrussell.com/ -> http://southrussell.com/ -> http://www.southrussell.com/ -> https://southrussell.com/government/council-minutes/ -> https://southrussell.com/government/boards-committees/ -> https://southrussell.com/government/boards-committees/_wp_link_placeholder -> https://southrussell.com/events-calendar/ -> https://southrussell.com/government/ -> https://southrussell.com/council-packets/ -> https://southrussell.com/government/history/ -> https://,,5,yes,https://www.youtube.com/@southrussellvillage5854/streams
us:place:4210768,California borough,Pennsylvania,californiapa.gov,https://californiapa.gov/ -> https://www.californiapa.gov/ -> http://californiapa.gov/ -> http://www.californiapa.gov/ -> https://californiapa.gov/government/borough_council.php -> https://californiapa.gov/government/agendas___minutes.php -> https://californiapa.gov/government/government/borough_council.php -> https://californiapa.gov/government/government/agendas___minutes.php -> https://californiapa.gov/government/government/government/borough_council.php -> https://californiapa.gov/government,,4,no,
ca:csd:2466097,Pointe-Claire,Quebec,www.pointe-claire.ca,https://pointe-claire.ca/ -> http://pointe-claire.ca/ -> http://www.pointe-claire.ca/ -> https://video.pointe-claire.ca/ -> https://www.pointe-claire.ca/vie-communautaire/location-de-salles-et-de-chalets -> https://www.pointe-claire.ca/organisation-municipale/nouvelles-et-medias -> https://www.pointe-claire.ca/en/municipal-organization/news-and-media -> https://www.pointe-claire.ca/en/democracy-and-civic-engagement/municipal-council -> https://www.pointe-claire.ca/en/democracy-and-civic-engageme,,14,yes,https://www.youtube.com/channel/UCkvGMOKLdauGq-wkE9exvfA
us:place:1944265,Lehigh city,Iowa,cityoflehigh.com,https://cityoflehigh.com/ -> https://www.cityoflehigh.com/ -> http://cityoflehigh.com/ -> http://www.cityoflehigh.com/ -> https://www.legis.iowa.gov/ -> https://www.legis.iowa.gov/resources/videoTutorials -> https://www.legis.iowa.gov/publications/audioVideo -> https://www.legis.iowa.gov/portal/subscriptions -> https://www.legis.iowa.gov/sitemap#home -> https://www.legis.iowa.gov/chambers/video -> https://www.legis.iowa.gov/dashboard?view=videoLive&chamber=H -> https://www.legis.iowa.gov/dashboa,,27,no,
us:sd:3623520,Port Jervis City School District,New York,pjschools.org,https://www.pjschools.org/ -> http://www.pjschools.org/ -> https://www.pjschools.org/about/calendar/9179703/senior-info-financial-aid-night -> https://www.pjschools.org/about/calendar/9209968/pjms-outdoor-movie-night -> https://www.pjschools.org/communications-social-media/port-connects/september-28-2026-gary-lopriore-class-of-1968 -> https://www.pjschools.org/boe/ -> https://www.pjschools.org/athletics/gallery/1619394/world-series-pool -> https://www.pjschools.org/about/calendar -> https://www.,,266,no,
ca:csd:2454100,Saint-Hugues,Quebec,www.saint-hugues.com,https://saint-hugues.com/ -> https://www.saint-hugues.com/ -> http://saint-hugues.com/ -> http://www.saint-hugues.com/ -> https://saint-hugues.com/index.html -> https://saint-hugues.com/organismes-entreprises.html -> https://saint-hugues.com/200e.html -> https://saint-hugues.com/portrait.html -> https://saint-hugues.com/parc-ramezay.html -> https://saint-hugues.com/conseil-municipal.html -> https://saint-hugues.com/calendrier-seances.html -> https://saint-hugues.com/proces-verbaux.html -> https:,,4,no,
us:place:4839916,Krugerville city,Texas,krugerville.org,https://krugerville.org/ -> https://www.krugerville.org/ -> http://krugerville.org/ -> http://www.krugerville.org/ -> https://krugerville.org/nav/city_council.php -> https://krugerville.org/nav/meetings_minutes_budgets/council_agendas/index.php -> https://krugerville.org/nav/meetings_minutes_budgets/council_minutes/index.php -> https://krugerville.org/nav/meetings_minutes_budgets/council_minutes/nav/city_council.php -> https://krugerville.org/nav/meetings_minutes_budgets/council_minutes/nav/meet,,8,no,
us:place:2703970,Battle Lake city,Minnesota,battlelakemn.org,https://battlelakemn.org/ -> https://www.battlelakemn.org/ -> http://battlelakemn.org/ -> http://www.battlelakemn.org/ -> https://battlelakemn.org/index.asp?SEC=060C26D0-649D-4B55-B81E-A03E7089CE95 -> https://battlelakemn.org/agenda-packets -> https://battlelakemn.org/minutes -> https://battlelakemn.org/index.asp?SEC=021B8D1B-91B7-4090-9A07-4CA22E5AE37D -> https://battlelakemn.org/uploads/dm/5763/2025_09_September_4th_EDA_Agenda_and_Materials -> https://battlelakemn.org/meeting-calendar -> https,,26,yes,https://www.youtube.com/@CityofBattleLake
us:place:4781560,Woodbury town,Tennessee,villageofwoodbury.gov,https://villageofwoodbury.gov/ -> http://villageofwoodbury.gov/ -> https://villageofwoodbury.gov/departments/village-board.html -> https://villageofwoodbury.gov/departments/planning-board.html -> https://villageofwoodbury.gov/departments/zoning-board.html -> https://villageofwoodbury.gov/documents-notices/document-center/agendas-minutes-meeting-documents/village-board-minutes.html -> https://villageofwoodbury.gov/documents-notices/document-center/agendas-minutes-meeting-documents.html -> https:/,,3,yes,https://www.youtube.com/channel/UCzEHBmTUs3Dr6DAIFNADCeA
us:place:3671894,Suffern village,New York,suffernny.gov,https://suffernny.gov/ -> https://www.suffernny.gov/ -> http://suffernny.gov/ -> http://www.suffernny.gov/ -> https://suffernny.gov/2026/02/02/submit-your-code-enforcement-complaints/ -> https://suffernny.gov/author/star5ign/ -> https://suffernny.gov/2025/02/12/military-tribute-banners/ -> https://suffernny.gov/2021/12/04/village-board-meetings/ -> https://suffernny.gov/government/planning-board/ -> https://us02web.zoom.us/rec/share/Akj-mouj5sAcQ0Kn2M9RhpDbYpRxrH8QX8kkSBlsj3vUWjq4SSyAQhJ1vNL825v,,85,no,
us:county:31001,Adams County,Nebraska,adamscountyne.gov,https://adamscountyne.gov/ -> http://adamscountyne.gov/ -> https://adamscountyne.gov/board-of-commissioners -> https://adamscountyne.gov/board-of-commissioners/67-agenda-for-meeting -> https://adamscountyne.gov/county-court/18-court-agenda -> https://adamscountyne.gov/board-of-commissioners/66-minutes -> https://imaging.adamscounty.org/Minutes/Browse.aspx?id=1638483&dbid=3&repo=Adams-County -> https://imaging.adamscounty.org/Minutes/DocView.aspx?id=1644080&dbid=3&repo=Adams-County -> https://ima,,3,yes,https://www.youtube.com/channel/UCGQDA6LHb-8QF560_oo95Iw
us:cousub:2616377360,Sumpter Township,Michigan,www.sumptertwp.com,https://sumptertwp.com/ -> https://www.sumptertwp.com/ -> http://sumptertwp.com/ -> http://www.sumptertwp.com/ -> https://www.sumptertwp.org/government/committees/board_of_trustees.php -> https://www.sumptertwp.org/government/committees/planning_commission.php -> https://www.sumptertwp.org/government/committees/zoning_board_of_appeals.php,,4,no,
us:cousub:2502141515,Millis,Massachusetts,www.millisma.gov,https://millisma.gov/ -> http://millisma.gov/ -> http://www.millisma.gov/ -> https://www.millisma.gov/o/tom/page/permit-applications -> https://www.millisma.gov/o/tom/page/public-works-highway-department -> https://www.millisma.gov/o/tom/page/zoning-board-of-appeals -> https://www.millisma.gov/o/tom/page/select-board -> https://aptg.co/7-lp3M -> https://aptg.co/fCCPlP -> https://www.millisma.gov/page/select-board -> https://aptg.co/sncJff -> https://www.millisma.gov/page/select-board-issued-perm,,51,yes,https://www.youtube.com/watch?v=HvSY1NHMdkI;https://www.youtube.com/@MillisTownGovernmentMeetings
us:county:28143,Tunica County,Mississippi,tunicacountyms.com,https://tunicacountyms.com/ -> https://www.tunicacountyms.com/ -> http://tunicacountyms.com/ -> http://www.tunicacountyms.com/ -> https://www.tunicacountymississippi.com/board-of-supervisors -> https://www.tunicacountymississippi.com/county-admin -> https://www.tunicacountymississippi.com/copy-of-2025-board-agenda,,5,no,
us:cousub:4204372200,SOUTH HANOVER TWP,Pennsylvania,southhanover.org,https://southhanover.org/ -> https://www.southhanover.org/ -> http://southhanover.org/ -> http://www.southhanover.org/ -> https://southhanover.org/government/boards_and_commissions/index.php -> https://southhanover.org/government/boards_and_commissions/board_of_auditors/index.php -> https://southhanover.org/government/boards_and_commissions/board_of_supervisors/index.php,,4,no,
us:place:2940826,Lathrop city,Missouri,cityoflathropmo.org,https://cityoflathropmo.org/ -> http://cityoflathropmo.org/ -> http://www.cityoflathropmo.org/ -> https://www.cityoflathropmo.org/agendas.html -> https://www.cityoflathropmo.org/uploads/2/2/4/1/22415086/9_8_26_agenda_board_meeting.pdf -> https://www.cityoflathropmo.org/minutes.html -> https://www.cityoflathropmo.org/historical-minutes.html -> https://www.cityoflathropmo.org/uploads/2/2/4/1/22415086/special_august2014_minutes.pdf -> https://www.cityoflathropmo.org/uploads/2/2/4/1/22415086/septemb,,6,yes,https://www.youtube.com/embed/4BtieN_XQoE?wmode=opaque
ca:csd:2434105,Sainte-Christine-d'Auvergne,Quebec,sca.quebec,https://sca.quebec/ -> https://www.sca.quebec/ -> http://sca.quebec/ -> http://www.sca.quebec/ -> https://sca.quebec/location-de-la-salle,,6,yes,https://www.youtube.com/channel/UCn8-PbqLN70tNwH9zN3dwpg
us:place:4839292,Kingsbury city,Texas,kingsburytexas.org,https://kingsburytexas.org/ -> http://kingsburytexas.org/ -> http://www.kingsburytexas.org/ -> https://www.kingsburytexas.org/single-post/2015/11/24/kingsbury-texas-inaugural-city-commission-meeting -> https://www.kingsburytexas.org/2026-schedule-and-agendas -> https://www.kingsburytexas.org/mayor-and-commission -> https://www.kingsburytexas.org/kingsbury-city-limits -> https://www.kingsburytexas.org/elections-and-city-structure -> https://www.kingsburytexas.org/calendar -> https://www.kingsbury,,1,yes,https://www.youtube.com/@CityofKingsburyTexas
us:place:1703610,Bannockburn village,Illinois,bannockburn.org,https://bannockburn.org/ -> https://www.bannockburn.org/ -> http://bannockburn.org/ -> http://www.bannockburn.org/ -> https://bannockburn.org/village-board/ -> https://bannockburn.org/commissions-board/ -> https://bannockburn.org/architectural-review-building-zoning-and-community-development/ -> https://www.frontlinepss.com/bannockburnpd -> https://bannockburn.org/government/transparency-portal/#1586985727015-051c55e4-0a12 -> https://www.ecode360.com/documents/pub/BA3216/Agendas/?subCategory=Vil,,19,yes,https://youtu.be/4jIdYfXT41s
us:place:4236816,Indiana borough,Pennsylvania,indianaboro.com,https://indianaboro.com/ -> http://indianaboro.com/ -> http://www.indianaboro.com/ -> https://www.indianaboro.com/post/2019/10/10/rescheduled-meetings-october-2019 -> https://www.indianaboro.com/cog -> https://www.indianaboro.com/agencies-boards-commissions -> https://www.indianaboro.com/calendar -> https://ecode360.com/IN2678/document/753001113.pdf -> https://ecode360.com/IN2678/documents/Agendas -> https://www.indianaboro.com/news/categories/public-meetings -> https://www.indianaboro.com/post/,,19,no,
us:place:5553250,Minong village,Wisconsin,villageofminongwi.gov,https://villageofminongwi.gov/ -> https://www.villageofminongwi.gov/ -> http://villageofminongwi.gov/ -> http://www.villageofminongwi.gov/ -> https://www.youtube.com/channel/UCeU-_6YHGQFcVSHLbEXLNlA/playlists?utm_campaign=plesk_server_default_page_js,https://www.youtube.com/channel/UCeU-_6YHGQFcVSHLbEXLNlA/playlists?utm_campaign=plesk_server_default_page_js,2,no,
us:place:0154432,New Site town,Alabama,townofnewsite.com,https://townofnewsite.com/ -> https://www.townofnewsite.com/ -> http://townofnewsite.com/ -> http://www.townofnewsite.com/ -> https://townofnewsite.com/video-library/ -> https://townofnewsite.com/town-council-meeting-announcements/ -> https://townofnewsite.com/government/ -> https://townofnewsite.com/wp-content/uploads/2026/09/Agenda-9-21-26.docx -> https://townofnewsite.com/wp-content/uploads/2025/09/live-locally-alabama-mayoral-release.pdf -> https://townofnewsite.com/mayor/ -> https://townofn,,11,yes,https://www.youtube.com/embed/Ea-ddR3tyaI?feature=oembed
us:county:20083,Hodgeman County,Kansas,hodgemancountyks.com,https://hodgemancountyks.com/ -> https://www.hodgemancountyks.com/ -> http://hodgemancountyks.com/ -> http://www.hodgemancountyks.com/ -> https://hodgemancountyks.com/text-my-gov -> https://hodgemancountyks.com/community-calendar -> https://www.hodgemancountyks.com/hanston-utilities-faq.html -> https://hodgemancountyks.com/hg-county-landfill,,15,yes,https://www.youtube.com/watch?v=cBVfi7iD5kY
ca:csd:3547030,Madawaska Valley,Ontario,www.madawaskavalley.ca,https://madawaskavalley.ca/ -> http://madawaskavalley.ca/ -> http://www.madawaskavalley.ca/ -> https://events.madawaskavalley.ca/ -> https://www.madawaskavalley.ca/news/council-matters/ -> https://www.madawaskavalley.ca/news/general-news/ -> https://www.madawaskavalley.ca/news/posts/notice-of-application-closure-and-sale-of-road-allowance-hutcheon/ -> https://www.madawaskavalley.ca/your-local-government/your-council/ -> https://www.madawaskavalley.ca/your-local-government/your-council/speak-to-c,,23,yes,https://www.youtube.com/@madawaskavalley8332/streams
us:county:17131,Mercer County,Illinois,mercercountyil.org,https://mercercountyil.org/ -> http://mercercountyil.org/ -> http://www.mercercountyil.org/ -> https://www.mercercountyil.org/county_board/index.php -> https://www.mercercountyil.org/deparments/board_of_review.php -> https://www.mercercountyil.org/deparments/veterans_assistance_commission.php -> https://www.mercercountyil.org/documents/agendas___minutes.php -> https://www.mercercountyil.org/documents/county_board/index.php -> https://www.mercercountyil.org/documents/deparments/board_of_review.ph,,6,no,
ca:csd:2492045,Saint-Thomas-Didyme,Quebec,www.stthomasdidyme.qc.ca,https://stthomasdidyme.qc.ca/ -> https://www.stthomasdidyme.qc.ca/ -> http://stthomasdidyme.qc.ca/ -> http://www.stthomasdidyme.qc.ca/,,5,yes,https://www.youtube.com/@municipalitedesaint-thomas3980
ca:csd:2459015,Saint-Amable,Quebec,www.st-amable.qc.ca,https://st-amable.qc.ca/ -> https://www.st-amable.qc.ca/ -> http://st-amable.qc.ca/ -> http://www.st-amable.qc.ca/ -> https://st-amable.qc.ca/services/aux-citoyens/location-des-salles-et-plateaux-sportifs/ -> https://st-amable.qc.ca/ville/gouvernance/comites-et-commissions/ -> https://www.st-amable.qc.ca/wp-content/uploads/2024/06/saint-amable-plan-salle-location-equipements.pdf -> https://www.st-amable.qc.ca/services/aux-citoyens/location-des-salles-et-plateaux-sportifs/ -> https://www.st-amabl,,5,yes,https://www.youtube.com/channel/UCkLvZ0IIfSQWn7tbxgzAQCw
us:place:1961590,Parkersburg city,Iowa,parkersburgia.com,https://parkersburgia.com/ -> http://parkersburgia.com/ -> http://www.parkersburgia.com/ -> https://www.parkersburgia.com/news/housing-assessment-to-help-parkersburg-identify-current-needs-future-opportunities/ -> https://www.parkersburgia.com/news/kolder-pumpkins-continue-decades-long-tradition-of-providing-pumpkins-to-parkersburg/ -> https://www.parkersburgia.com/news/wolf-mansion-fundraiser-leads-ap-students-to-national-deca-competition/ -> https://www.parkersburgia.com/leadership/city-counci,,7,no,
us:county:42023,Cameron County,Pennsylvania,cameroncountypa.com,https://cameroncountypa.com/ -> http://cameroncountypa.com/ -> http://www.cameroncountypa.com/ -> https://www.cameroncountypa.com/resident/planning_commission.php -> https://www.cameroncountypa.com/government/commissioners/index.php -> https://www.cameroncountypa.com/government/commissioners/resident/planning_commission.php -> https://www.cameroncountypa.com/government/commissioners/government/commissioners/meeting_schedule.php -> https://www.cameroncountypa.com/government/commissioners/governme,,6,no,
us:place:1680470,Tetonia city,Idaho,tetoniaidaho.org,https://tetoniaidaho.org/ -> http://tetoniaidaho.org/ -> http://www.tetoniaidaho.org/ -> https://www.tetoniaidaho.org/copyright-basics-musicians-should-always-keep-in-mind/ -> https://www.tetoniaidaho.org/understanding-arizonas-lemon-law-essential-information-for-car-buyers/ -> https://www.tetoniaidaho.org/category/law/ -> https://www.tetoniaidaho.org/common-scams-to-watch-out-for-when-working-with-an-injury-lawyer/,,12,yes,https://www.youtube.com/embed/fCLqDMdsEJk
us:place:4953560,Naples city,Utah,naplescityut.gov,https://naplescityut.gov/ -> https://www.naplescityut.gov/ -> http://naplescityut.gov/ -> http://www.naplescityut.gov/ -> https://naplescityut.gov/departments/city-council -> https://naplescityut.gov/departments/plan-commission -> https://naplescityut.gov/news-and-notices/public-hearing-notice-11 -> https://naplescityut.gov/agendas-minutes -> https://files.heygov.com/naplescityut.gov/meetings/me_01m3mk48ej7epfqfnghfbh1e3k/2026-09-24-city-council-agenda.pdf -> https://files.heygov.com/naplescityu,,7,no,
us:county:21015,Boone County,Kentucky,boonecountyky.org,https://boonecountyky.org/ -> https://www.boonecountyky.org/ -> http://boonecountyky.org/ -> http://www.boonecountyky.org/ -> https://boonecountyky.org/news_detail_T16_R103.php -> https://boonecountyky.org/news_detail_T16_R102.php -> https://boonecountyky.org/news_detail_T16_R101.php -> https://boonecountyky.org/government/boone_county_fiscal_court/fiscal_court_meeting_minutes.php -> https://boonecountyky.org/government/boone_county_fiscal_court/government/boone_county_fiscal_court/fiscal_court_,,21,yes,https://www.youtube.com/channel/UCGdwl0vUHBOGsjnYeFM0Vfg
us:cousub:3300962660,Plymouth town,New Hampshire,plymouthnh.gov,https://plymouthnh.gov/ -> http://plymouthnh.gov/ -> http://www.plymouthnh.gov/ -> https://www.plymouthnh.gov/government/planning_board/index.php -> https://www.plymouthnh.gov/government/zoning_board_of_adjustment.php -> https://www.plymouthnh.gov/government/energy_commission.php -> https://www.plymouthnh.gov/archived_town_meetings/index.php -> https://www.plymouthnh.gov/archived_town_meetings/government/planning_board/index.php -> https://www.plymouthnh.gov/archived_town_meetings/government/zon,,6,yes,https://www.youtube.com/@PemiBakerTV
ca:csd:3549056,South River,Ontario,www.southriverontario.com,https://southriverontario.com/ -> https://www.southriverontario.com/ -> http://southriverontario.com/ -> http://www.southriverontario.com/ -> https://southriver.ca/en/community-services/almaguin-highlands-opp-detachment-board -> https://southriver.ca/en/municipal-information/council-minutes-agendas -> https://southriver.ca/uploads/Apr-11-2023.pdf -> https://southriver.ca/uploads/May-24-2022.pdf -> https://southriver.ca/en/news-events/event-calendar -> https://southriver.ca/en/news-events/emergen,,5,yes,https://www.youtube.com/@village_of_southriver
ca:csd:2449100,Saint-Edmond-de-Grantham,Quebec,www.st-edmond-de-grantham.qc.ca,https://st-edmond-de-grantham.qc.ca/ -> https://www.st-edmond-de-grantham.qc.ca/ -> http://st-edmond-de-grantham.qc.ca/ -> http://www.st-edmond-de-grantham.qc.ca/ -> https://www.st-edmond-de-grantham.qc.ca/fr/loisirs-culture-et-vie-communautaire/location-de-salle -> https://www.st-edmond-de-grantham.qc.ca/fr/ma-municipalite/galerie-videos -> https://www.st-edmond-de-grantham.qc.ca/fr/ma-municipalite/galerie-videos/kermesse/page-1 -> https://www.st-edmond-de-grantham.qc.ca/fr/ma-municipalite/gale,,8,yes,https://www.youtube.com/watch?v=o2bE7I1XOvU
us:place:3560870,Questa village,New Mexico,questa-nm.com,https://questa-nm.com/ -> https://www.questa-nm.com/ -> http://questa-nm.com/ -> http://www.questa-nm.com/ -> https://questa-nm.com/government/administration/mayor_and_village_council.php -> https://questa-nm.com/government/index.php -> https://questa-nm.com/government/government/administration/mayor_and_village_council.php,,8,no,
us:place:2463825,Preston town,Maryland,prestonmaryland.us,https://prestonmaryland.us/ -> https://www.prestonmaryland.us/ -> http://prestonmaryland.us/ -> http://www.prestonmaryland.us/ -> https://prestonmaryland.us/government/meeting_minutes.php -> https://prestonmaryland.us/government/government/commissioners/index.php -> https://prestonmaryland.us/government/government/commissioners/government/meeting_minutes.php -> https://prestonmaryland.us/government/government/commissioners/government/commissioners/index.php -> https://prestonmaryland.us/governme,,4,no,
us:cousub:3603551407,Northampton town,New York,townofnorthamptonny.gov,https://townofnorthamptonny.gov/ -> https://www.townofnorthamptonny.gov/ -> http://townofnorthamptonny.gov/ -> http://www.townofnorthamptonny.gov/,,4,no,
us:place:4746240,Martin city,Tennessee,cityofmartin.net,https://cityofmartin.net/ -> http://cityofmartin.net/ -> http://www.cityofmartin.net/ -> https://www.cityofmartin.net/event/2024-martin-luther-king-jr-celebration-and-breakfast/ -> https://www.cityofmartin.net/government/mayor-city-council/ -> https://www.cityofmartin.net/historic-zoning-commission/ -> https://www.cityofmartin.net/government/agendas-minutes/ -> https://www.cityofmartin.net/mayor-city-council -> https://www.cityofmartin.net/government/boards-and-committees/ -> https://www.cityofm,,20,no,
ca:csd:6205017,Rankin Inlet,Nunavut,rankininlet.ca,https://rankininlet.ca/ -> https://www.rankininlet.ca/ -> http://rankininlet.ca/ -> http://www.rankininlet.ca/ -> https://rankininlet.ca/council-and-committees/ -> https://rankininlet.ca/getting-out-of-town/,,7,no,
us:cousub:4208961728,Pocono township,Pennsylvania,poconopa.gov,https://poconopa.gov/ -> http://poconopa.gov/ -> http://www.poconopa.gov/ -> https://www.poconopa.gov/board-of-commissioners -> https://www.poconopa.gov/civil-service-commission -> https://www.poconopa.gov/planning-commission -> https://www.poconopa.gov/environmental-advisory-council -> https://www.poconopa.gov/zoning-hearing-board -> https://www.poconopa.gov/park-board -> https://www.poconopa.gov/vacancy-board -> https://www.poconopa.gov/news/calendar -> https://www.poconopa.gov/events -> https,,14,yes,https://www.youtube.com/@PoconoTownship
us:sd:4100990,Adel School District 21,Oregon,lakeesd.k12.or.us,https://lakeesd.k12.or.us/ -> https://www.lakeesd.k12.or.us/ -> http://lakeesd.k12.or.us/ -> http://www.lakeesd.k12.or.us/ -> https://www.lakeesd.k12.or.us/BoardInformation -> https://www.lakeesd.k12.or.us/Board of Directors -> https://www.lakeesd.k12.or.us/BoardPolicies -> https://www.lakeesd.k12.or.us/MeetingInformation -> https://us02web.zoom.us/rec/share/PYB1ckXdj9twp31P1f4dR6tCY7dSzz-jribRBAcIBRt8qT4gz4zN90Mt2_4X-sv7.D6XhCO3zZm0_PcO8?startTime=1782932695000 Passcode: %&g8ZXv8 -> https://us0,,8,no,
us:place:3969834,Salem city,Ohio,cityofsalemohio.org,https://cityofsalemohio.org/ -> https://www.cityofsalemohio.org/ -> http://cityofsalemohio.org/ -> http://www.cityofsalemohio.org/ -> https://cityofsalemohio.org/tax-receipt-report-08-31-2026/ -> https://cityofsalemohio.org/tax-receipt-report-07-31-2026/ -> https://cityofsalemohio.org/2026-summer-street-paving-program/ -> https://cityofsalemohio.org/legislative/ -> https://cityofsalemohio.org/cdn-cgi/l/email-protection#5f3a313a28323e311f3c362b2630392c3e333a323037363071302d38 -> https://cityofsal,,21,yes,https://youtube.com/@salem-ohio
us:sd:1802940,East Gibson School Corporation,Indiana,egsc.k12.in.us,https://egsc.k12.in.us/ -> https://www.egsc.k12.in.us/ -> http://egsc.k12.in.us/ -> http://www.egsc.k12.in.us/ -> https://www.egsc.k12.in.us/school_board -> https://www.egsc.k12.in.us/school_board/video -> http://www.egsc.k12.in.us/school_board -> https://www.egsc.k12.in.us/school_board/board_minutes -> https://www.egsc.k12.in.us/Notice -> https://www.egsc.k12.in.us/schools/oakland_city_elementary/o_c_e_calendar -> https://www.egsc.k12.in.us/guidance/college_dual_credit_transcript_requests -> ht,,25,no,
us:cousub:5000759275,Richmond town,Vermont,richmondvt.gov,https://richmondvt.gov/ -> http://richmondvt.gov/ -> http://www.richmondvt.gov/ -> https://www.richmondvt.gov/news/post/planned-water-outage-and-boil-water-notice-beginning-on-wednesday-september-30-2026 -> https://www.richmondvt.gov/boards-meetings/all-committee-board-members -> https://www.richmondvt.gov/boards-meetings/board-of-civil-authority/justices-of-the-peace -> https://www.richmondvt.gov/boards-meetings/development-review-board -> https://www.richmondvt.gov/boards-meetings/other-commit,,1,yes,https://youtu.be/kKKQeUiAFLs
us:state:48,State of Texas,Texas,texas.gov,https://texas.gov/ -> http://texas.gov/ -> http://www.texas.gov/ -> https://www.youtube.com/playlist?list=PLQxgYir_bwEcaSAxctoYWI__tS1tMbuBf -> https://www.texas.gov/sitemap/ -> https://www.texas.gov/es/sitemap -> https://www.tsl.texas.gov/trail/index.html -> https://www.texas.gov/es/portal-de-datos-publicos-de-texas/ -> https://www.texas.gov/about/site-policies/#privacy-policy -> https://www.texas.gov/texas-open-data-portal/,https://www.youtube.com/playlist?list=PLQxgYir_bwEcaSAxctoYWI__tS1tMbuBf,4,no,
us:place:3973670,South Point village,Ohio,villageofsouthpoint.gov,https://villageofsouthpoint.com/ -> https://www.villageofsouthpoint.com/ -> http://villageofsouthpoint.com/ -> http://www.villageofsouthpoint.com/ -> https://villageofsouthpoint.com/city-council-meeting-minutes-archive/ -> https://villageofsouthpoint.com/wp-content/uploads/2026/07/June-2-2026.pdf -> https://villageofsouthpoint.com/wp-content/uploads/2026/09/July-20-Special-Meeting-Minutes.pdf -> https://villageofsouthpoint.com/wp-content/uploads/2025/12/01-07-25-Organizational-Meeting-Minutes.pd,,2,no,
us:place:3724720,Franklinton town,North Carolina,franklintonnc.gov,https://franklintonnc.gov/ -> http://franklintonnc.gov/ -> http://www.franklintonnc.gov/ -> https://www.franklintonnc.gov/mayor-board-of-commissioners -> https://www.franklintonnc.gov/planning-board -> https://www.franklintonnc.gov/town-projects,,7,yes,https://www.youtube.com/@townoffranklintonnc/featured
us:place:3903464,Avon Lake city,Ohio,www.avonlake.org,https://avonlake.org/ -> https://www.avonlake.org/ -> http://avonlake.org/ -> http://www.avonlake.org/ -> https://www.avonlake.org/communications-technology/videos?action=show&video=MzI0OA== -> https://www.avonlake.org/communications-technology/videos?action=show&video=MzI0MQ== -> https://www.avonlake.org/communications-technology/videos?action=show&video=MzIzNw== -> https://www.avonlake.org/communications-technology/alc-tv/cable-problems -> https://www.avonlake.org/city-council -> https://www.a,,5,yes,https://www.youtube.com/channel/UCBMp1LRSRshu6RV0XrWB4pQ
us:place:1803718,Battle Ground town,Indiana,battleground.in.gov,https://battleground.in.gov/ -> https://www.battleground.in.gov/ -> http://battleground.in.gov/ -> http://www.battleground.in.gov/ -> https://www.in.gov/towns/battle-ground/government/town-council -> https://www.in.gov/towns/battle-ground/departments/conservancy-district-board -> https://www.in.gov/towns/battle-ground/government/agendas-and-minutes -> https://www.in.gov/towns/battle-ground/files/2019-Town-12-9.pdf -> https://www.in.gov/towns/battle-ground/files/2019-Town-11-12.pdf -> https://www,,49,yes,https://www.youtube.com/watch?v=VbD2MPJS3Qw
us:place:1978060,Tiffin city,Iowa,tiffin-iowa.org,https://tiffin-iowa.org/ -> https://www.tiffin-iowa.org/ -> http://tiffin-iowa.org/ -> http://www.tiffin-iowa.org/ -> https://tiffin-iowa.org/city_government/city_council.php -> https://tiffin-iowa.org/city_government/board_of_adjustment.php -> https://tiffin-iowa.org/city_government/city_budget.php -> https://tiffin-iowa.org/city_government/city_government/city_council.php -> https://tiffin-iowa.org/city_government/city_government/board_of_adjustment.php -> https://tiffin-iowa.org/city_governme,,22,yes,https://www.youtube.com/@CityofTiffinIowa
us:sd:1731380,Peru Elementary School District 124,Illinois,perued.net,https://www.perued.net/ -> http://www.perued.net/ -> https://www.perued.net/vnews/display.v/SEC/District%7CBoard%20Of%20Education -> https://www.perued.net/vnews/display.v/SEC/District%7CBoard%20Of%20Education%3E%3EBoard%20and%20District%20Policies -> https://www.perued.net/vnews/display.v/SEC/District%7CBoard%20Of%20Education%3E%3EMembers%2C%20Duties%20and%20Training%20Compliance -> https://www.perued.net/vnews/display.v/SEC/District%7CBoard%20Of%20Education%3E%3EAgendas%20and%20Minutes -> http,,10,no,
ca:csd:3501030,North Dundas,Ontario,www.northdundas.com,https://northdundas.com/ -> http://northdundas.com/ -> http://www.northdundas.com/ -> https://www.northdundas.com/local-government-bylaws/council -> https://www.northdundas.com/local-government-bylaws/council/2026-council-meeting-dates -> https://www.northdundas.com/local-government-bylaws/council/council-members-2022-2026 -> https://www.northdundas.com/eScribe -> https://pub-northdundas.escribemeetings.com/?FillWidth=1 -> https://www.northdundas.com/local-government-bylaws/council/council-repor,,25,yes,https://www.youtube.com/channel/UCEHN4uflBAU-2WZCe2LcyOQ
us:place:5024400,Essex Junction city,Vermont,essexjunction.gov,https://essexjunction.gov/ -> http://essexjunction.gov/ -> http://www.essexjunction.gov/ -> https://www.essexjunction.gov/meeting/city-council-10-14-2026 -> https://www.essexjunction.gov/meeting/planning-commission-10-14-2026 -> https://www.essexjunction.gov/meeting/bike-walk-advisory-committee-10-08-2026 -> https://www.essexjunction.gov/fileadmin/files/City_Council/Meetings/2026-08-26_City_Council_Minutes_-_FINAL.pdf?4ba0607732ec5fe7d43608327d1a539e5a080c22 -> https://www.essexjunction.gov/file,,4,no,
us:place:1816084,Crothersville town,Indiana,crothersville.net,https://crothersville.net/ -> https://www.crothersville.net/ -> http://crothersville.net/ -> http://www.crothersville.net/ -> https://www.in.gov/towns/crothersville/meeting-agendas-and-minutes -> https://www.in.gov/towns/crothersville/meeting-agendas-and-minutes/June-22-Special-Meeting.pdf -> https://www.in.gov/towns/crothersville/meeting-agendas-and-minutes/October-Agenda.pdf -> https://www.in.gov/towns/crothersville/meeting-agendas-and-minutes/11-Park-Agenda.pdf -> https://www.in.gov/gov -> ht,,8,no,
ca:csd:4810026,Minburn County No. 27,Alberta,minburncounty.ab.ca,https://minburncounty.ab.ca/ -> https://www.minburncounty.ab.ca/ -> http://minburncounty.ab.ca/ -> http://www.minburncounty.ab.ca/ -> https://minburncounty.ab.ca/index.asp?SEC=EA7681DF-A714-47F6-ADD9-A427B9D9E75B&DE=57A9E81A-4B2F-4FFF-ACFA-4394C632E37A -> https://minburncounty.ab.ca/index.asp?SEC=EA7681DF-A714-47F6-ADD9-A427B9D9E75B&DE=0EF3A933-867A-4FDE-9F94-B2C246AB7235 -> https://minburncounty.ab.ca/index.asp?SEC=3A99DDAC-2919-4175-A85B-F0DE44E793AE&DE=F62C1730-9CC0-4F69-8656-01A2556B876A -> ,,17,yes,https://www.youtube.com/@countyofminburn5215
us:place:0601514,Amador City city,California,amador-city.com,https://amador-city.com/ -> https://www.amador-city.com/ -> http://amador-city.com/ -> http://www.amador-city.com/ -> https://library.municode.com/ca/amador_city/munidocs/munidocs?nodeId=minutes -> https://amador-city.com/government-agendas-minutes/ -> https://amador-city.com/government-agendas-minutes-2020-2/ -> https://amador-city.com/government-agendas-minutes-2021/ -> https://amador-city.com/government-agendas-minutes-2022/ -> https://amador-city.com/government-agendas-minutes-2023/ -> https,,2,yes,https://www.youtube.com/@amadorcitycouncil
us:place:2956756,Peculiar city,Missouri,cityofpeculiar.com,https://cityofpeculiar.com/ -> http://cityofpeculiar.com/ -> http://www.cityofpeculiar.com/ -> https://www.cityofpeculiar.com/6723/board-of-aldermen-and-mayor -> https://www.cityofpeculiar.com/6733/Board-of-Adjustment -> https://www.cityofpeculiar.com/6736/park-board -> https://www.cityofpeculiar.com/6725/Agendas-and-Minutes -> https://www.cityofpeculiar.com/6726/boards-and-commissions -> https://www.cityofpeculiar.com/9217/House-Watch-Request -> https://www.cityofpeculiar.com/18654/police-advis,,2,no,
us:place:0821265,Dove Creek town,Colorado,townofdovecreek.colorado.gov,https://townofdovecreek.colorado.gov/ -> http://townofdovecreek.colorado.gov/ -> https://townofdovecreek.colorado.gov/news-article/proposed-2027-sewer-rate-ordinance-available-for-public-review -> https://townofdovecreek.colorado.gov/news-article/commericial-entities-water-system-transition-notice -> https://townofdovecreek.colorado.gov/news-article/water-system-transition-notice -> https://townofdovecreek.colorado.gov/meeting-agendas -> https://townofdovecreek.colorado.gov/town-board-of-trustee,,11,yes,https://www.youtube.com/@TownofDoveCreek
us:place:2831420,Heidelberg town,Mississippi,townofheidelberg.com,https://townofheidelberg.com/ -> https://www.townofheidelberg.com/ -> http://townofheidelberg.com/ -> http://www.townofheidelberg.com/,,3,yes,https://www.youtube.com/@datascripmall
us:place:1840698,Ladoga town,Indiana,townofladoga.org,https://townofladoga.org/ -> http://townofladoga.org/ -> http://www.townofladoga.org/,,4,yes,https://www.youtube.com/@TownofLadoga
us:cousub:2300333980,Houlton town,Maine,houlton-maine.com,https://houlton-maine.com/ -> http://houlton-maine.com/ -> http://www.houlton-maine.com/ -> https://www.houlton-maine.com/news/2016/12/01/town-commitee-meetings-schedule/ -> https://www.houlton-maine.com/news/2026/09/25/september-28-2026-regular-council-meeting/ -> https://www.houlton-maine.com/news/2026/09/15/boards-committees/ -> https://www.houlton-maine.com/news/2026/09/03/gentle-memorial-building-request-for-proposals/ -> https://www.houlton-maine.com/about-houlton/boards/ -> https://www.ho,,5,yes,https://www.youtube.com/watch?v=RfxccvelOSI
us:place:4282344,Wesleyville borough,Pennsylvania,wesleyville.gov,https://wesleyville.gov/ -> https://www.wesleyville.gov/ -> http://wesleyville.gov/ -> http://www.wesleyville.gov/ -> https://wesleyville.gov/council/ -> https://wesleyville.gov/mayor/ -> https://wesleyville.gov/calendar/ -> https://wesleyville.gov/government/ -> https://wesleyville.gov/author/gregeriemultimedia-com/ -> https://wesleyville.gov/wp-content/uploads/2024/12/2025-Calendar.pdf,,10,no,
us:place:2949070,Mokane city,Missouri,mokanemo.gov,https://mokanemo.gov/ -> https://www.mokanemo.gov/ -> http://mokanemo.gov/ -> http://www.mokanemo.gov/ -> https://mokanemo.gov/electedofficials -> https://mokanemo.gov/livestream -> https://mokanemo.gov/agendasandminutes -> https://mokanemo.gov/index -> https://mokanemo.gov/events -> https://www.mokanemo.gov/electedofficials -> https://www.mokanemo.gov/livestream -> https://www.mokanemo.gov/agendasandminutes -> https://www.mokanemo.gov/index -> https://www.mokanemo.gov/events,,2,no,
us:place:3712580,Chocowinity town,North Carolina,chocowinitync.gov,https://chocowinitync.gov/ -> http://chocowinitync.gov/ -> http://www.chocowinitync.gov/ -> https://www.chocowinitync.gov/news_detail_T28_R40.php -> https://www.chocowinitync.gov/board_meetings/index.php -> https://www.chocowinitync.gov/board_meetings/board_meetings/index.php#main -> https://www.chocowinitync.gov/board_meetings/board_meetings/board_meetings/index.php -> https://www.chocowinitync.gov/board_meetings/board_meetings/not_found/index.php#main -> https://www.chocowinitync.gov/board_mee,,8,no,
us:sd:3416980,Warren Township School District,New Jersey,warrentboe.org,https://warrentboe.org/ -> https://www.warrentboe.org/ -> http://warrentboe.org/ -> http://www.warrentboe.org/ -> https://www.warrentboe.org/news/record_destruction -> https://www.warrentboe.org/board/ -> https://www.warrentboe.org/board/agenda/ -> https://www.warrentboe.org/specialservices/https://www.nj.gov/education/specialed/parents/ParentalRightsinSpecialEducation2023.pdf/ -> https://www.warrentboe.org/board/videos/ -> https://www.warrentboe.org/board/minutes/ -> https://www.warrentboe.org/,,21,yes,https://www.youtube.com/channel/UCQZ1MKxJ_Qzw0zBkKIHI10A;https://www.youtube.com/embed/-VatZH4iz7A?rel=0&ecver=1
us:place:4714000,Chattanooga city,Tennessee,chattanooga.gov,https://chattanooga.gov/ -> https://www.chattanooga.gov/ -> http://chattanooga.gov/ -> http://www.chattanooga.gov/ -> https://chattanooga.gov/business/industrial-development-board -> https://chattanooga.gov/business/health-educational-and-housing-facility-board -> https://chattanooga.gov/stay-informed/council-agendas-minutes -> https://chattanooga.gov/zoning-minutes-agendas-presentations -> https://chattanooga.gov/government/city-council/committees -> https://chattanooga.gov/government/city-coun,,20,yes,https://www.youtube.com/watch?v=oXrWvY0cXGI;https://www.youtube.com/@CityofChattanooga
us:cousub:2600581580,Valley township,Michigan,valleytownshipmi.gov,https://valleytownshipmi.gov/ -> https://www.valleytownshipmi.gov/ -> http://valleytownshipmi.gov/ -> http://www.valleytownshipmi.gov/ -> https://valleytownshipmi.gov/brandeeinfo.htm#voting -> https://valleytownshipmi.gov/minutes.htm#meetings -> https://valleytownshipmi.gov/reviewboard.htm -> http://valleytwp.org/minutes.htm -> https://valleytwp.org/zba.htm -> http://valleytwp.org/boards.htm -> https://valleytwp.org/plancommission.htm -> https://valleytwp.org/reviewboard.htm -> https://valleytwp,,11,yes,https://www.youtube.com/watch?v=KRr1DOaydew&list=PLQaAATB4i2CrOBSh9xLsgJHrNYoeLEamR
us:place:4144300,Lyons city,Oregon,lyonsor.gov,https://lyonsor.gov/ -> https://www.lyonsor.gov/ -> http://lyonsor.gov/ -> http://www.lyonsor.gov/ -> https://www.cityoflyons.org/officials-staff/city-council/ -> https://www.cityoflyons.org/officials-staff/planning-commission/ -> https://www.cityoflyons.org/officials-staff/library-board/ -> https://www.cityoflyons.org/agendas-minutes/city-council/ -> https://www.cityoflyons.org/wp-content/uploads/2014/04/2010-February-City-Council-and-Planning-Commission-Meeting-Minutes.pdf -> https://www.cityo,,3,yes,https://www.youtube.com/watch?v=TzM7Ou6FNN0
us:place:3983972,Weston village,Ohio,westonohio.org,https://westonohio.org/ -> http://westonohio.org/ -> http://www.westonohio.org/ -> http://www.youtube.com/@VillageofWestonOH -> https://www.westonohio.org/council-committees -> https://www.westonohio.org/minutes-agendas -> https://www.westonohio.org/_files/ugd/dd6d46_0ac07bd9a6da413eb88b05f4d538a8d9.pdf -> https://www.westonohio.org/_files/ugd/dd6d46_1f13f637e1c34bca8c7e8946d51df7d7.pdf -> https://www.westonohio.org/_files/ugd/dd6d46_efb8fefa16ba444fa686719ec18af7f4.pdf,http://www.youtube.com/@VillageofWestonOH,5,yes,http://www.youtube.com/@VillageofWestonOH
us:place:0178204,Valley city,Alabama,cityofvalley.com,https://cityofvalley.com/ -> https://www.cityofvalley.com/ -> http://cityofvalley.com/ -> http://www.cityofvalley.com/ -> https://cityofvalley.com/government/mayor-city-council/ -> https://cityofvalley.com/government/city-hall-calendar/ -> https://cityofvalley.com/government/city-ordinances/ -> https://cityofvalley.com/government/ -> https://cityofvalley.com/government/administration/ -> https://cityofvalley.com/government/faq/ -> https://cityofvalley.com/government/finances/ -> https://cityofva,,13,yes,https://www.youtube.com/user/valleyrec130
us:place:4864004,Sabinal city,Texas,cityofsabinal.org,https://cityofsabinal.org/ -> https://www.cityofsabinal.org/ -> http://cityofsabinal.org/ -> http://www.cityofsabinal.org/ -> https://cityofsabinal.org/mayorandcouncil.html -> https://cityofsabinal.org/index.html -> https://cityofsabinal.org/employment.html -> https://cityofsabinal.org/secretary.html -> https://cityofsabinal.org/publicworks.html -> https://cityofsabinal.org/utilities.html -> https://cityofsabinal.org/municipalcourt.html -> https://cityofsabinal.org/police.html -> https://cityofs,,2,no,
us:place:4607300,Bristol city,South Dakota,bristolsd.com,https://bristolsd.com/ -> http://bristolsd.com/ -> http://www.bristolsd.com/ -> https://www.bristolsd.com/index.asp?SEC=236C5F8A-D7A1-4242-AA80-CBEAFA233CBE -> https://www.bristolsd.com/index.asp?SEC=98BCE051-6F2F-4600-8F22-0A6B8740CBAF -> https://www.bristolsd.com/index.asp?SEC=7C6F9B60-A5FF-437E-95EA-17A18309E4B7 -> https://www.bristolsd.com/index.asp?SEC=6BC8D970-1634-49DC-8152-3F8CF062CD9E -> https://www.bristolsd.com/index.asp?SEC=89B55C9A-ABDB-47DF-9110-1CD01E96E849 -> https://www.bristols,,5,yes,https://www.youtube.com/watch?v=eQGKL6vekg4
ca:csd:2467045,Mercier,Quebec,www.ville.mercier.qc.ca,https://ville.mercier.qc.ca/ -> http://ville.mercier.qc.ca/ -> http://www.ville.mercier.qc.ca/ -> https://www.ville.mercier.qc.ca/loisirs-culture-vie-communautaire/location-de-salle-et-reservation-de-plateaux/ -> https://www.ville.mercier.qc.ca/wp-content/uploads/P2024-LOI-01-Politique-de-location-des-locaux.pdf,,5,no,
us:place:3660422,Quogue village,New York,quoguefiredeptny.gov,https://quoguefiredeptny.gov/ -> http://quoguefiredeptny.gov/ -> http://www.quoguefiredeptny.gov/ -> https://www.quoguefiredeptny.gov/fd-events.html -> https://www.quoguefiredeptny.gov/officers.html -> https://www.quoguefiredeptny.gov/community.html -> https://www.quoguefiredeptny.gov/recent-calls.html -> https://www.quoguefiredeptny.gov/history.html -> https://www.quoguefiredeptny.gov/fire-safety-ed.html -> https://www.quoguefiredeptny.gov/explorers.html -> https://www.quoguefiredeptny.gov/cont,,15,no,
us:place:3734320,Jamesville town,North Carolina,townofjamesvillenc.com,https://townofjamesvillenc.com/ -> https://www.townofjamesvillenc.com/ -> http://townofjamesvillenc.com/ -> http://www.townofjamesvillenc.com/ -> https://townofjamesvillenc.com/index.php/about/videos -> https://townofjamesvillenc.com/index.php -> https://townofjamesvillenc.com/images/Documents/Zoom_Meeting_Notice_041321.pdf -> https://townofjamesvillenc.com/images/Documents/Notice_of_Zoom_Meeting_091420.pdf -> https://townofjamesvillenc.com/index.php/about -> https://townofjamesvillenc.com/index,,6,yes,https://www.youtube.com/watch?v=4M87_xgu9sc;https://www.youtube.com/watch?v=CZlxeIO1EjY
ca:csd:2434128,Saint-Raymond,Quebec,www.villesaintraymond.com,https://villesaintraymond.com/ -> https://www.villesaintraymond.com/ -> http://villesaintraymond.com/ -> http://www.villesaintraymond.com/ -> https://villesaintraymond.com/a-propos-de-la-ville/communications/medias-sociaux,,6,yes,https://www.youtube.com/channel/UCNetySaX2ErkTr6ESqXFjFg
us:cousub:3602359773,Preble town,New York,preble-ny.gov,https://preble-ny.gov/ -> https://www.preble-ny.gov/ -> http://preble-ny.gov/ -> http://www.preble-ny.gov/ -> https://preble-ny.gov/index.php/government/preble-town-board -> https://preble-ny.gov/index.php/government/preble-town-board/planning-board -> https://preble-ny.gov/index.php/government/preble-planning-board -> https://www.preble-ny.org/index.php/government/all-town-documents/town-board-documents/tb-meeting-agenda -> https://www.preble-ny.org/index.php/government/preble-town-board -> htt,,4,yes,https://www.youtube.com/channel/UCAS-sZYwZiwuyBGKLXmGUIA
us:place:0133856,Headland city,Alabama,headlandalabama.org,https://headlandalabama.org/ -> http://headlandalabama.org/ -> http://www.headlandalabama.org/ -> https://www.headlandalabama.org/post/planning-commission-meeting-cancelled -> https://www.headlandalabama.org/mayor -> https://www.headlandalabama.org/agenda-minutes -> https://www.headlandalabama.org/city-development -> https://www.headlandalabama.org/job-board,,9,no,
us:place:0842330,Lake City town,Colorado,townoflakecityco.gov,https://townoflakecityco.gov/ -> http://townoflakecityco.gov/ -> http://www.townoflakecityco.gov/ -> https://www.townoflakecityco.gov/board-of-trustees -> https://www.townoflakecityco.gov/board-of-trustees-meetings -> https://www.townoflakecityco.gov/ski-hill-hours-location -> https://www.townoflakecityco.gov/town-of-lake-city-transparency -> https://www.townoflakecityco.gov/2025-2035-town-of-lake-city-capital-improvements-plan-and-asset-inventory -> https://www.townoflakecityco.gov/planning-zon,,3,yes,https://youtu.be/anI3mr_4l-U;https://youtu.be/Suj53_UmE3A
us:place:4283584,Westmont borough,Pennsylvania,westmontborough.com,"https://westmontborough.com/ -> https://www.westmontborough.com/ -> http://westmontborough.com/ -> http://www.westmontborough.com/ -> https://westmontborough.com/administration/council.php -> https://westmontborough.com/administration/planning_commission.php -> https://westmontborough.com/administration/zoning_hearing_board.php -> https://westmontborough.com/administration/meetings,_agendas,_and_minutes.php -> https://westmontborough.com/administration/administration/council.php -> https://westm",,4,no,
us:sd:3805460,Dunseith Public School District 1,North Dakota,dunseith.k12.nd.us,https://www.dunseith.k12.nd.us/ -> http://www.dunseith.k12.nd.us/,,3,no,
ca:csd:2479022,Saint-Aimé-du-Lac-des-Îles,Quebec,www.saldi.ca,https://saldi.ca/ -> https://www.saldi.ca/ -> http://saldi.ca/ -> http://www.saldi.ca/,,9,yes,https://www.youtube.com/watch?v=PbFvKf8wV8o
us:sd:3609660,East Hampton Union Free School District,New York,ehufsd.org,https://ehufsd.org/ -> https://www.ehufsd.org/ -> http://ehufsd.org/ -> http://www.ehufsd.org/ -> https://www.easthamptonschools.org/boe,,4,no,
us:place:2726000,Grey Eagle city,Minnesota,greyeagletownship.gov,https://greyeagletownship.gov/ -> https://www.greyeagletownship.gov/ -> http://greyeagletownship.gov/ -> http://www.greyeagletownship.gov/ -> https://hometownnews.biz/grey-eagle-township-april-6-2026/ -> https://hometownnews.biz/author/hometown-news/ -> https://hometownnews.biz/ -> https://hometownnews.biz/category/local_minutes/ -> https://hometownnews.biz/upsala-city-september-8-2026/ -> https://hometownnews.biz/grey-eagle-city-august-12-2026/ -> https://hometownnews.biz/burtrum-city-august-4-,,13,yes,http://www.youtube.com/hometownnewsmn
us:cousub:3916582306,Wayne township,Ohio,waynetownship.us,https://waynetownship.us/ -> https://www.waynetownship.us/ -> http://waynetownship.us/ -> http://www.waynetownship.us/ -> https://waynetwpwarrencooh.gov/board-of-trustees/ -> https://waynetwpwarrencooh.gov/board-of-zoning-appeals/ -> https://waynetwpwarrencooh.gov/zoning-commission/ -> https://waynetwpwarrencooh.gov/mc-events/board-of-trustees-meeting/?mc_id=92 -> https://waynetwpwarrencooh.gov/mc-events/board-of-trustees-meeting/?mc_id=92&vcal=92 -> https://waynetwpwarrencooh.gov/mc-events/boar,,13,yes,https://www.youtube.com/channel/UClGRzh3h0ZINOUEdwRbcP3A
ca:csd:1315028,Caraquet,New Brunswick,www.caraquet.ca,https://caraquet.ca/ -> https://www.caraquet.ca/ -> http://caraquet.ca/ -> http://www.caraquet.ca/,,5,yes,https://www.youtube.com/channel/UCrfpqYriOEb0nXR2whOKKlg
us:place:2151978,Middletown city,Kentucky,middletownky.gov,https://middletownky.gov/ -> https://www.middletownky.gov/ -> http://middletownky.gov/ -> http://www.middletownky.gov/ -> https://www.middletownky.gov/Blog/51/middletown-family-fun-festival-september-11th-and-12th -> https://www.middletownky.gov/Blog/50/middletown-family-fun-fest---september-11th-and-12th -> https://www.middletownky.gov/LatestNews -> https://www.middletownky.gov/agendaminutes -> https://www.middletownky.gov/Blog/20/middletown-historic-preservation-commission -> https://www.middl,,17,no,
,Délı̨nę,Northwest Territories,mairie-beausoleil.ca,https://mairie-beausoleil.ca/ -> https://www.mairie-beausoleil.ca/ -> http://mairie-beausoleil.ca/ -> http://www.mairie-beausoleil.ca/ -> https://mairie-beausoleil.ca/index.php?Itemid=153&lang=fr -> https://mairie-beausoleil.ca/en/town-hall/about-beausoleil -> https://mairie-beausoleil.ca/en/town-hall/municipal-council -> https://mairie-beausoleil.ca/en/town-hall/council-meetings-and-minutes -> https://mairie-beausoleil.ca/en/our-community/calendar-of-events -> https://mairie-beausoleil.ca/en/to,,25,yes,https://youtu.be/1y3vBsV9oEk?Mode2=Video
us:cousub:3600161181,Rensselaerville town,New York,rensselaerville.gov,https://rensselaerville.gov/ -> https://www.rensselaerville.gov/ -> http://rensselaerville.gov/ -> http://www.rensselaerville.gov/ -> https://rensselaerville.gov/TownBoard.php -> https://rensselaerville.gov/planningboard.php -> https://rensselaerville.gov/zoningboard.php -> https://rensselaerville.gov/newsminutes.php -> https://rensselaerville.gov/calendar.php -> https://rensselaerville.gov/index.php -> https://rensselaerville.gov/Calendar%20Notification%20Instructions.htm -> https://www.renssel,,11,yes,https://www.youtube.com/@TownofRensselaervilleNewYork/streams
us:cousub:2501313485,Chester,Massachusetts,townofchester.net,https://townofchester.net/ -> https://www.townofchester.net/ -> http://townofchester.net/ -> http://www.townofchester.net/ -> https://townofchester.net/2026/09/sinister-saw-haunted-halloween-trail/ -> https://townofchester.net/author/webmaster/ -> https://townofchester.net/2026/03/special-town-meeting-march-16-2026-2/ -> https://townofchester.net/2026-documents/ -> https://townofchester.net/board-of-selectmen/ -> https://townofchester.net/board-of-health/ -> https://townofchester.net/conservatio,,7,no,
us:place:4774860,Townsend city,Tennessee,cityoftownsend.com,https://cityoftownsend.com/ -> http://cityoftownsend.com/ -> http://www.cityoftownsend.com/ -> https://www.cityoftownsend.com/beerBoard -> https://www.cityoftownsend.com/boardOfCommissioners -> https://www.cityoftownsend.com/boardOfZoningAppeals -> https://www.cityoftownsend.com/calendar,,8,yes,https://www.youtube.com/channel/UC_Hu8-Uba327awhRmTjUImw?view_as=subscriber
us:county:18115,Ohio County,Indiana,ohiocountyin.gov,https://ohiocountyin.gov/ -> https://www.ohiocountyin.gov/ -> http://ohiocountyin.gov/ -> http://www.ohiocountyin.gov/ -> http://ohiocountyin.gov/county-council/ -> https://ohiocountyin.gov/commissioners/ -> http://ohiocountyin.gov/commissioners/ -> http://ohiocountyin.gov/education-center/ -> http://ohiocountyin.gov/ohio-county-highway-dept/ -> http://ohiocountyin.gov/rising-sun-ohio-county-schools/,,7,yes,https://www.youtube.com/@OhioCountyCourthouse
ca:csd:1201001,Barrington,Nova Scotia,barringtonmunicipality.com,https://barringtonmunicipality.com/ -> https://www.barringtonmunicipality.com/ -> http://barringtonmunicipality.com/ -> http://www.barringtonmunicipality.com/ -> https://barringtonmunicipality.com/Council/council-members -> https://barringtonmunicipality.com/council/council-members/council-cao-expenses -> https://barringtonmunicipality.com/Council/how-can-council-help -> https://barringtonmunicipality.community-ca.highbond.com/Portal/ -> https://barringtonmunicipality.community-ca.highbond.com/p,,22,yes,https://www.youtube.com/channel/UC9thViLy95xKdkg5wv1zwrA/videos/
ca:csd:3541055,South Bruce Peninsula,Ontario,www.southbrucepeninsula.com,https://southbrucepeninsula.com/ -> https://www.southbrucepeninsula.com/ -> http://southbrucepeninsula.com/ -> http://www.southbrucepeninsula.com/ -> https://southbrucepeninsula.com/event/forever-fit-sauble-beach/2026-10-01/ -> https://southbrucepeninsula.com/series/forever-fit-sauble-beach/ -> https://southbrucepeninsula.com/event/gentle-yoga-2/2026-09-30/ -> https://southbrucepeninsula.com/events/category/council/ -> https://southbrucepeninsula.com/event/regular-meeting-of-council/2026-09-01/ ,,22,yes,https://www.youtube.com/channel/UCNLd6hR8QHq8F0E92sHGOTg
us:sd:3904833,Lowellville Local School District,Ohio,lowellville.k12.oh.us,https://lowellville.k12.oh.us/ -> http://lowellville.k12.oh.us/ -> http://www.lowellville.k12.oh.us/ -> https://www.lowellville.k12.oh.us/board-of-education -> https://www.lowellville.k12.oh.us/board-of-education/board-of-education-home-page -> https://simbli.eboardsolutions.com/Policy/PolicyListing.aspx?S=36032178 -> https://www.lowellville.k12.oh.us/fs/resource-manager/view/b12347cc-03c6-4ac6-8eaa-0f7276b968b2 -> https://www.lowellville.k12.oh.us/athletics -> https://www.nfhsnetwork.com/school,,11,no,
us:place:4145700,Manzanita city,Oregon,ci.manzanita.or.us,https://ci.manzanita.or.us/ -> https://www.ci.manzanita.or.us/ -> http://ci.manzanita.or.us/ -> http://www.ci.manzanita.or.us/ -> https://ci.manzanita.or.us/manzanita-city-council/ -> https://ci.manzanita.or.us/planning-commission/ -> https://ci.manzanita.or.us/council-commission-committee-directory/ -> https://ci.manzanita.or.us/broadcast -> https://ci.manzanita.or.us/city-hall/ -> https://ci.manzanita.or.us/calendar/ -> https://ci.manzanita.or.us/visitor-center/ -> https://ci.manzanita.or.us/s,,14,yes,https://www.youtube.com/channel/UCqOUJoCppNX-QMMEftJDvIA
us:place:4775000,Trenton city,Tennessee,trentontn.net,https://trentontn.net/ -> https://www.trentontn.net/ -> http://trentontn.net/ -> http://www.trentontn.net/ -> https://www.trentontn.net/industrial-board/ -> https://www.trentontn.net/old-minutes/ -> https://www.trentontn.net/wp-content/uploads/2026/09/Meeting-Minutes-for-August-25-2026.pdf -> https://www.trentontn.net/wp-content/uploads/2026/09/Meeting-Minutes-for-August-11-2026.pdf -> https://www.trentontn.net/wp-content/uploads/2025/08/Meeting-Minutes-for-August-12-2025.pdf -> https://www.tren,,7,yes,https://www.youtube.com/embed/RhWAHaKYWmA?feature=oembed
us:place:1355860,Norman Park city,Georgia,normanparkga.gov,https://normanparkga.gov/ -> https://www.normanparkga.gov/ -> http://normanparkga.gov/ -> http://www.normanparkga.gov/ -> https://normanparkga.gov/norman-park-city-clerk-hope-amador-earns-certified-municipal-clerk-designation/ -> https://normanparkga.gov/building-up-norman-park/ -> https://normanparkga.gov/norman-park-police-department-receives-grant-from-the-governors-office-of-highway-safety/ -> https://normanparkga.gov/norman-park-georgia-city-officials/ -> https://normanparkga.gov/wp-content,,1,no,
us:place:4811116,Buffalo city,Texas,buffalotex.com,https://buffalotex.com/ -> https://www.buffalotex.com/ -> http://buffalotex.com/ -> http://www.buffalotex.com/ -> https://buffalotex.com/alert_detail_T27_R1.php -> https://buffalotex.com/nav/new_page/buffalo_city_council/index.php -> https://buffalotex.com/nav/new_page/buffalo_city_council/planning_commission_for_planning_and_zoning.php,,8,no,
us:county:54005,Boone County,West Virginia,boonecountywv.org,https://boonecountywv.org/ -> https://www.boonecountywv.org/ -> http://boonecountywv.org/ -> http://www.boonecountywv.org/ -> https://boonecountywv.org/county-commission.php -> https://boonecountywv.org/calendar.php -> https://boonecountywv.org/about-boone-county.php -> https://boonecountywv.org/index.php -> https://boonecountywv.org/index_251_2577273548.pdf -> https://www.boonecountywv.org/county-commission.php -> https://www.boonecountywv.org/calendar.php -> https://www.boonecountywv.org/about,,15,yes,http://www.youtube.com/watch?v=jT0OKYIFdDA
us:county:17153,Pulaski County,Illinois,pulaskicountyil.net,https://pulaskicountyil.net/ -> https://www.pulaskicountyil.net/ -> http://pulaskicountyil.net/ -> http://www.pulaskicountyil.net/ -> https://pulaskicountyil.net/pulaski-county-board.html -> https://pulaskicountyil.net/pulaski-county-detention-center.html -> https://pulaskicountyil.net/uploads/3/4/5/7/34577077/covid_19_notice.pdf -> https://pulaskicountyil.net/uploads/3/4/5/7/34577077/covid_19_notice_spanish.pdf -> https://pulaskicountyil.net/county-clerk.html -> https://pulaskicountyil.net/coun,,4,no,
us:county:06115,Yuba County,California,yuba.gov,https://yuba.gov/ -> https://www.yuba.gov/ -> http://yuba.gov/ -> http://www.yuba.gov/ -> https://yuba.gov/departments/clerk_of_the_board_of_supervisors/index.php -> https://yuba.gov/departments/board_of_supervisors/index.php -> https://agendasuite.org/iip/yuba -> https://yuba.gov/departments/board_of_supervisors/district_1.php -> https://yuba.gov/departments/board_of_supervisors/departments/clerk_of_the_board_of_supervisors/index.php -> https://yuba.gov/departments/board_of_supervisors/departme,,25,yes,https://www.youtube.com/user/CountyofYuba/
us:place:2606980,Bellaire village,Michigan,bellairemichigan.com,https://bellairemichigan.com/ -> https://www.bellairemichigan.com/ -> http://bellairemichigan.com/ -> http://www.bellairemichigan.com/ -> https://bellairemichigan.com/planningmin/ -> https://bellairemichigan.com/coumin/ -> https://bellairemichigan.com/agmin/,,5,yes,http://youtube.com/channel/UCqmjQG_rqa7ZcEU2q1t3GDg/live
ca:csd:3556106,Moosonee,Ontario,www.moosonee.ca,https://moosonee.ca/ -> http://moosonee.ca/ -> https://www.cgis.com/publicmaps/?c=Moosonee&m=default -> https://www.moosonee.ca/council/ -> https://www.moosonee.ca/town-hall/ -> https://www.moosonee.ca/wp-content/uploads/2025/01/Moosonee-AMP-Final-July.pdf -> http://www.moosonee.ca/council/ -> http://www.moosonee.ca/town-hall/ -> http://www.moosonee.ca/wp-content/uploads/2025/01/Moosonee-AMP-Final-July.pdf,,2,yes,https://www.youtube.com/channel/UCyxAk8Exl9c15zlVvJNdghg
us:place:4009100,Broken Bow city,Oklahoma,brokenbowok.gov,https://brokenbowok.gov/ -> http://brokenbowok.gov/ -> http://www.brokenbowok.gov/ -> https://www.brokenbowok.gov/agenda-request-form -> https://www.youtube.com/@CityofBrokenBow -> https://www.brokenbowok.gov/agendas -> https://www.brokenbowok.gov/city-of-broken-bow-at-a-glance -> https://www.brokenbowok.gov/city-news -> https://www.brokenbowok.gov/city-zoning-ward -> https://www.brokenbowok.gov/about-city-of-broken-bow -> https://www.brokenbowok.gov/s/CCM-081826-Agenda.pdf -> https://www.broken,https://www.youtube.com/@CityofBrokenBow,3,yes,https://www.youtube.com/@CityofBrokenBow
ca:csd:2430110,Stratford,Quebec,www.stratford.quebec,https://stratford.quebec/ -> https://www.stratford.quebec/ -> http://stratford.quebec/ -> http://www.stratford.quebec/ -> https://stratford.quebec/citoyens/location-de-salle/ -> https://stratford.quebec/wp-content/uploads/2025/11/Contrat-location-centre-communautaire.pdf,,6,yes,https://www.youtube.com/channel/UCSVpYSY1aPw8-hbCAQHu3kA/featured
ca:csd:2458037,Saint-Bruno-de-Montarville,Quebec,www.stbruno.ca,https://stbruno.ca/ -> https://www.stbruno.ca/ -> http://stbruno.ca/ -> http://www.stbruno.ca/ -> https://stbruno.ca/loisirs-et-culture/location-de-salles-et-installations/ -> https://stbruno.ca/loisirs-et-culture/agenda-estival/ -> https://stbruno.ca/loisirs-et-culture/centre-marcel-dulude/location-de-salles/ -> https://stbruno.ca/loisirs-et-culture/agenda-estival/cine-parc/ -> https://stbruno.ca/loisirs-et-culture/agenda-estival/concours-jeunes-talents-en-lumiere/ -> https://stbruno.ca/loisirs,,12,yes,https://www.youtube.com/user/stbrunodemontarville
us:place:0161008,Pleasant Grove city,Alabama,cityofpg.com,https://cityofpg.com/ -> http://cityofpg.com/ -> http://www.cityofpg.com/ -> https://www.cityofpg.com/meet-your-leaders -> https://www.cityofpg.com/contact-10 -> https://www.cityofpg.com/about-8 -> https://www.cityofpg.com/general-5 -> https://www.cityofpg.com/mayor -> https://www.cityofpg.com/city-events -> https://www.cityofpg.com/copy-of-2025-meeting-minutes -> https://www.cityofpg.com/2025-meeting-minutes,,12,yes,https://www.youtube.com/@cityofpleasantgrove
us:sd:0806420,Sangre de Cristo School District RE-22J,Colorado,sangreschools.org,https://sangreschools.org/ -> https://www.sangreschools.org/ -> http://sangreschools.org/ -> http://www.sangreschools.org/ -> https://www.sangreschools.org/_theme/files/Board%20Minutes%20and%20Agendas/Minutes/Middle%20School%20Science%20Supply%20List.pdf -> https://www.sangreschools.org/_theme/files/Home/Announcements/Lead-Drinking-Water-Testing-Results-Notice-for-Sangre_de_Cristo_Elementary.pdf -> https://www.sangreschools.org/login.aspx -> https://www.sangreschools.org/_theme/files/26-27%20rev,,5,no,
us:place:1856286,Oldenburg town,Indiana,oldenburgindiana.org,https://oldenburgindiana.org/ -> http://oldenburgindiana.org/ -> http://www.oldenburgindiana.org/ -> https://www.youtube.com/@OldenburgIndiana -> https://www.oldenburgindiana.org/orec -> https://www.oldenburgindiana.org/services-6 -> https://www.oldenburgindiana.org/government -> https://www.oldenburgindiana.org/events,https://www.youtube.com/@OldenburgIndiana,4,yes,https://www.youtube.com/@OldenburgIndiana
us:county:18101,Martin County,Indiana,www.loogootee.com/government/martincountygovernment.html,https://loogootee.com/ -> https://www.loogootee.com/ -> http://loogootee.com/ -> http://www.loogootee.com/ -> http://www.loogootee.com/sitemap.html -> https://www.loogootee.com/government/loogooteebuildingcommission.html -> http://www.loogootee.com/government/loogooteegovernment.html -> http://www.loogootee.com/government/loogooteebuildingcommission.html -> http://www.loogootee.com/government/loogooteecitycouncil.html -> http://www.loogootee.com/government/loogooteezoning.html -> https://www.loo,,11,no,
us:sd:1713590,Egyptian Community Unit School District 5,Illinois,egyptianschool.com,https://egyptianschool.com/ -> https://www.egyptianschool.com/ -> http://egyptianschool.com/ -> http://www.egyptianschool.com/ -> https://www.egyptianschool.com/apps/pages/index.jsp?uREC_ID=329814&type=d&pREC_ID=737424 -> https://www.egyptianschool.com/apps/pages/index.jsp?uREC_ID=329814&type=d&pREC_ID=737425 -> https://www.egyptianschool.com/apps/pages/index.jsp?uREC_ID=329814&type=d&pREC_ID=737427 -> https://www.isbe.net/ -> https://www.isbe.net/Pages/Board-Information.aspx -> https://www.isbe,,6,no,
us:place:3928476,Franklin city,Ohio,franklinohio.org,https://franklinohio.org/ -> https://www.franklinohio.org/ -> http://franklinohio.org/ -> http://www.franklinohio.org/ -> https://franklinohio.org/news_detail_T11_R478.php -> https://franklinohio.org/news_detail_T11_R480.php -> https://franklinohio.org/news_detail_T11_R476.php -> https://franklinohio.org/government/agendas___minutes.php -> https://franklinohio.org/government/government/city_council_/index.php -> https://franklinohio.org/government/government/city_council_/clerk_of_council/index.,,4,no,
us:place:1818190,Dillsboro town,Indiana,townofdillsboro.com,https://townofdillsboro.com/ -> https://www.townofdillsboro.com/ -> http://townofdillsboro.com/ -> http://www.townofdillsboro.com/ -> https://dillsboro.in/town-hall/town-council -> https://dillsboro.in/town-hall/town-council/council-minutes -> https://dillsboro.in/town-hall/boards-and-commissions/gis -> https://dillsboro.in/town-hall/boards-and-commissions -> https://dillsboro.in/town-hall/boards-and-commissions/116-zoning-appeals-board -> https://dillsboro.in/town-hall -> https://dillsboro.in/t,,27,yes,https://www.youtube.com/embed/gOrfg6zUNHU?feature=oembed
us:place:2015325,Conway Springs city,Kansas,conwayspringsks.com,https://conwayspringsks.com/ -> https://www.conwayspringsks.com/ -> http://conwayspringsks.com/ -> http://www.conwayspringsks.com/ -> https://conwayspringsks.com/nav/new_page/planning___zoning_commission.php -> https://conwayspringsks.com/_city_government/city_council_members.php -> https://conwayspringsks.com/_city_government/view_city_council_minutes.php -> https://conwayspringsks.com/_city_government/nav/new_page/planning___zoning_commission.php -> https://conwayspringsks.com/_city_government,,8,no,
us:cousub:2612353160,Merrill Township,Michigan,www.merrilltownship.com,https://merrilltownship.com/ -> https://www.merrilltownship.com/ -> http://merrilltownship.com/ -> http://www.merrilltownship.com/ -> https://merrilltownship.com/Minutes/minutes.htm -> https://merrilltownship.com/Minutes/BoardMinutes.htm -> https://merrilltownship.com/Minutes/minutes/30March2026_MerrillTwp-SpecialBrdMtgMinutes.pdf -> https://merrilltownship.com/Minutes/minutes/18August2026_Board-Mtg-Minutes.pdf -> https://merrilltownship.com/Minutes/minutes/21July2025_Board-Mtg-Minutes.pdf -> ht,,9,yes,https://youtu.be/9FCqhYFW6o0?si=nCyq1fm0SLoBbH6e
us:cousub:2602184520,Watervliet Township,Michigan,www.watervliettownship.org,https://watervliettownship.org/ -> https://www.watervliettownship.org/ -> http://watervliettownship.org/ -> http://www.watervliettownship.org/ -> https://watervliettownship.org/news_detail_T28_R35.php -> https://watervliettownship.org/news_detail_T28_R25.php -> https://watervliettownship.org/document_center/index.php,,8,no,
us:cousub:2608134020,Grand Rapids charter Township,Michigan,www.grandrapidstwp.org,https://grandrapidstwp.org/ -> https://www.grandrapidstwp.org/ -> http://grandrapidstwp.org/ -> http://www.grandrapidstwp.org/ -> https://grandrapidstwp.org/news_detail_T26_R154.php -> https://grandrapidstwp.org/government/agendas_and_minutes/township_board.php#revize_document_center_rz565  -> https://grandrapidstwp.org/government/agendas_and_minutes/government/agendas_and_minutes/township_board.php#revize_document_center_rz565 -> https://grandrapidstwp.org/government/agendas_and_minutes/plannin,,4,no,
us:place:4054000,Oilton city,Oklahoma,cityofoilton.com,https://cityofoilton.com/ -> http://cityofoilton.com/ -> http://www.cityofoilton.com/ -> https://www.cityofoilton.com/city-council -> https://nam11.safelinks.protection.outlook.com/?url=https%3A%2F%2Fwww.youtube.com%2F%40CityofOilton&data=05%7C02%7Cclaire.riggs%40highfivemedia.com%7Cdaa37006e44d479687b308dec659fc89%7C3717f6ec900c44cc9475dadcaebb00b6%7C0%7C0%7C639166286947470070%7CUnknown%7CTWFpbGZsb3d8eyJFbXB0eU1hcGkiOnRydWUsIlYiOiIwLjAuMDAwMCIsIlAiOiJXaW4zMiIsIkFOIjoiTWFpbCIsIldUIjoyfQ%3D%3D%7C,,9,yes,https://www.youtube.com/channel/UCkJPqj70Kx_sGH6jTpvq-yA
us:place:3952906,Mount Orab village,Ohio,mtoraboh.us,https://mtoraboh.us/ -> https://www.mtoraboh.us/ -> http://mtoraboh.us/ -> http://www.mtoraboh.us/ -> https://mtoraboh.us/index.php/departments/board-of-public-affairs -> https://mtoraboh.us/index.php/departments/council -> https://mtoraboh.us/index.php/contact/board-of-public-affairs-personnel -> https://mtoraboh.us/index.php/calendar -> https://mtoraboh.us/index.php/calendar/monthcalendar/2026/8/- -> https://mtoraboh.us/index.php/calendar/monthcalendar/2026/10/- -> https://mtoraboh.us/index.ph,,6,yes,https://www.youtube.com/@VillageofMtOrab/streams
us:place:2977992,Waynesville city,Missouri,waynesvillemo.org,https://waynesvillemo.org/ -> http://waynesvillemo.org/ -> http://www.waynesvillemo.org/ -> https://www.waynesvillemo.org/documents/board-and-commission-meeting-minutes/board-of-adjustments/2025/meeting-minutes/864518 -> https://www.waynesvillemo.org/page/city-council -> https://www.waynesvillemo.org/page/park-board -> https://www.waynesvillemo.org/page/waynesvillesaint-robert-joint-airport-board -> https://www.waynesvillemo.org/page/council-meeting-minutes -> https://www.waynesvillemo.org/page/,,13,no,
ca:csd:2466107,Beaconsfield,Quebec,www.beaconsfield.ca,https://beaconsfield.ca/ -> https://www.beaconsfield.ca/ -> http://beaconsfield.ca/ -> http://www.beaconsfield.ca/ -> https://www.beaconsfield.ca/en/events/children-activities/baby-rhyme-time-2026-09-30 -> https://www.beaconsfield.ca/en/events/children-activities/storytime-in-motion-2026-09-30 -> https://www.beaconsfield.ca/en/news/environment/free-compost-3 -> https://www.beaconsfield.ca/en/culture-and-leisure/facilities-and-parks/access-to-water-lakeshore-access-program -> https://www.beaconsf,,26,no,
us:place:4831820,Hale Center city,Texas,cityofhalecenter.com,https://cityofhalecenter.com/ -> https://www.cityofhalecenter.com/ -> http://cityofhalecenter.com/ -> http://www.cityofhalecenter.com/ -> https://cityofhalecenter.com/city_information_center/index.php -> https://cityofhalecenter.com/city_information_center/city_information_center/index.php#main -> https://cityofhalecenter.com/city_information_center/city_information_center/not_found/index.php#main -> https://cityofhalecenter.com/city_information_center/city_information_center/about_us/index.php ,,4,no,
ca:csd:2491042,Saint-Félicien,Quebec,www.ville.stfelicien.qc.ca,https://ville.stfelicien.qc.ca/ -> https://www.ville.stfelicien.qc.ca/ -> http://ville.stfelicien.qc.ca/ -> http://www.ville.stfelicien.qc.ca/ -> https://ville.stfelicien.qc.ca/actualites/jean-philippe-boutin-a-la-presidence-de-la-commission-des-jeunes-elues-et-elus-de-lumq-une-fierte-pour-saint-felicien-et-la-region/ -> https://ville.stfelicien.qc.ca/location-salles-et-plateaux/,,16,yes,https://www.youtube.com/@villedesaint-felicien9157
us:cousub:2609112720,Cambridge township,Michigan,cambridgetownshipmi.gov,"https://cambridgetownshipmi.gov/ -> http://cambridgetownshipmi.gov/ -> http://www.cambridgetownshipmi.gov/ -> https://www.cambridgetownshipmi.gov/minutes/board.php -> https://www.cambridgetownshipmi.gov/minutes/zoning_board_of_approval.php -> https://www.cambridgetownshipmi.gov/minutes/planning_commission.php -> https://www.cambridgetownshipmi.gov/minutes/township_boards,_commissions,_and_committees.php -> https://www.cambridgetownshipmi.gov/minutes/minutes/board.php -> https://www.cambridgetown",,6,no,
us:place:1380508,Warner Robins city,Georgia,wrga.gov,https://wrga.gov/ -> http://wrga.gov/ -> http://www.wrga.gov/ -> https://laserfiche.wrga.gov/ -> https://www.wrga.gov/documents/agenda-center/city-council-agendas-%26-minutes/547449 -> https://www.wrga.gov/documents/agenda-center/board-of-zoning-appeals/547385 -> https://www.wrga.gov/documents/agenda-center/convention-and-visitors-bureau-board/547422 -> https://www.wrga.gov/page/city-council -> https://www.wrga.gov/page/boards-commissions -> https://www.wrga.gov/documents/agenda-center/keep-warn,,21,yes,https://www.youtube.com/@CityofWarnerRobins
ca:csd:2439010,Ham-Nord,Quebec,www.ham-nord.ca,https://ham-nord.ca/ -> http://ham-nord.ca/ -> http://www.ham-nord.ca/ -> https://www.ham-nord.ca/medias/doc/articles/Budget%20%202026%20-%20Adopt%C3%A9%20le%2015-12-2025_0.pdf -> https://www.ham-nord.ca/medias/doc/articles/Bilan%20annuel%20qualit%C3%A9%20eau%20potable%202025.pdf -> https://www.ham-nord.ca/medias/doc/articles/R%C3%A8glement%20560%20pour%20taxation%202026%20-%20Adopt%C3%A9%2015-12-2025.pdf -> https://www.ham-nord.ca/medias/doc/articles/R%C3%A9sultats%20%C3%A9lections%202025.pdf -,,4,yes,https://www.youtube.com/@MunHam-Nord
us:county:46123,Tripp County,South Dakota,trippcounty.us,https://trippcounty.us/ -> https://www.trippcounty.us/ -> http://trippcounty.us/ -> http://www.trippcounty.us/ -> https://trippcounty.us/tripp-county-fair-board.html -> https://trippcounty.us/agenda.html -> https://trippcounty.us/commisioners.html -> https://trippcounty.us/trippcountyminutes.html -> https://trippcounty.us/uploads/8/5/5/7/85578996/tripp_county_minute_9-23-2024_special_meeting.pdf -> https://trippcounty.us/uploads/8/5/5/7/85578996/tripp_county_minute_special_meeting_1-10-2024.pdf ,,3,no,
us:place:0682744,Villa Park city,California,villapark.org,https://villapark.org/ -> https://www.villapark.org/ -> http://villapark.org/ -> http://www.villapark.org/ -> https://villapark.org/Home/ctl/Details/Mid/537/ItemID/11410?ContainerSrc=[G]Containers/Porto/Title_h3_Border_Bottom_Secondary&SkinSrc=[G]Skins/Porto/VillaParkHome -> https://villapark.org/Home/ctl/Details/Mid/537/ItemID/11385?ContainerSrc=[G]Containers/Porto/Title_h3_Border_Bottom_Secondary&SkinSrc=[G]Skins/Porto/VillaParkHome -> https://villapark.org/Home/ctl/Details/Mid/537/ItemID/1137,,6,yes,https://www.youtube.com/user/CityOfVillaPark
us:place:3075025,Troy city,Montana,cityoftroymontana.com,https://cityoftroymontana.com/ -> https://www.cityoftroymontana.com/ -> http://cityoftroymontana.com/ -> http://www.cityoftroymontana.com/ -> https://cityoftroymontana.com/troy-city-council/ -> https://cityoftroymontana.com/troy-city-council/city-council-minutes/ -> https://cityoftroymontana.com/wp-content/uploads/2023/09/MN01092023-Wrk.pdf -> https://cityoftroymontana.com/wp-content/uploads/2023/09/MN01122023Spc1.pdf -> https://cityoftroymontana.com/wp-content/uploads/2023/09/MN01122023Spc2.pdf,,5,yes,https://www.youtube.com/@CityofTroyMontana
us:place:4170700,Sublimity city,Oregon,sublimityoregon.gov,https://sublimityoregon.gov/ -> https://www.sublimityoregon.gov/ -> http://sublimityoregon.gov/ -> http://www.sublimityoregon.gov/,,4,no,
us:sd:0802400,Bayfield School District 10 JT-R,Colorado,bayfield.k12.co.us,https://bayfield.k12.co.us/ -> https://www.bayfield.k12.co.us/ -> http://bayfield.k12.co.us/ -> http://www.bayfield.k12.co.us/ -> https://www.bayfield.k12.co.us/apps/pages/index.jsp?uREC_ID=348651&type=d&pREC_ID=814680 -> https://www.bayfield.k12.co.us/apps/events/2023/1/?id=0 -> https://www.bayfield.k12.co.us/apps/news/article/2233769?categoryId=3524 -> https://bayfieldsd10jtrco.tylerportico.com/tesp/employee-selfservice/ -> https://www.bayfield.k12.co.us/apps/pages/notice-non-discrimination ->,,1,yes,https://www.youtube.com/channel/UCIMnpNyKl0C9gZ6K-XIVovg
us:county:17065,Hamilton County,Illinois,hamiltoncountyillinois.com,https://hamiltoncountyillinois.com/ -> https://www.hamiltoncountyillinois.com/ -> http://hamiltoncountyillinois.com/ -> http://www.hamiltoncountyillinois.com/ -> https://www.hamiltoncountyil.gov/departments/treasurer -> https://www.hamiltoncountyil.gov/news/2026-general-election-early-voting-schedule -> https://www.hamiltoncountyil.gov/news/closed-for-labor-day-monday-september-7-2026 -> https://www.hamiltoncountyil.gov/departments/county-board -> https://www.hamiltoncountyil.gov/departments/eme,,1,no,
ca:csd:2468045,Saint-Édouard,Quebec,www.saintedouard.ca,https://saintedouard.ca/ -> http://saintedouard.ca/ -> http://www.saintedouard.ca/ -> https://www.saintedouard.ca/evenements -> https://www.saintedouard.ca/services/aux-citoyens/location-de-salle -> https://www.saintedouard.ca/storage/app/media/services/location_salle/Politique%20interne%20et%20contrat%20de%20location%20de%20salle%20-%20VF_2026-01-01.pdf,,6,yes,https://www.youtube.com/@MunicipalitedeSaint-Edouard
ca:csd:2482015,Val-des-Monts,Quebec,www.val-des-monts.net,https://val-des-monts.net/ -> http://val-des-monts.net/ -> http://www.val-des-monts.net/ -> https://www.val-des-monts.net/municipalite-val-des-monts/urbanisme/commission-de-protection-du-territoire-agricole-du-quebec-et-zonage-agricole/ -> https://www.val-des-monts.net/loisirs/location-de-salle-val-des-monts/ -> https://www.val-des-monts.net/medias-et-publications/ -> https://www.val-des-monts.net/plan-du-site/,,8,yes,https://www.youtube.com/channel/UC70YFzYs9cMPHqIF08fj7cQ
us:place:1304896,Bainbridge city,Georgia,bainbridgecity.com,https://bainbridgecity.com/ -> http://bainbridgecity.com/ -> http://www.bainbridgecity.com/ -> https://www.bainbridgecity.com/documents/your-government/agendas-&-minutes/2024/04/18/2024-downtown-development-authority-meeting/608623 -> https://www.bainbridgecity.com/page/city-council -> https://www.bainbridgecity.com/documents/your-government/agendas-%26-minutes/543943 -> https://www.bainbridgecity.com/page/boards-commissions -> https://www.bainbridgecity.com/documents/your-government/forms-%26-a,,12,yes,https://www.youtube.com/channel/UCxGiUEkIS1ZVtBOIryohx2g
us:place:0130496,Good Hope city,Alabama,goodhopeal.com,https://goodhopeal.com/ -> https://www.goodhopeal.com/ -> http://goodhopeal.com/ -> http://www.goodhopeal.com/ -> https://goodhopeal.com/government/minutes.php -> https://goodhopeal.com/government/2026 GH-Calendar.pdf -> https://goodhopeal.com/government/government/minutes.php#main -> https://goodhopeal.com/government/government/government/minutes.php -> https://goodhopeal.com/government/government/2026 GH-Calendar.pdf -> https://goodhopeal.com/government/government/Documents/Building Info/Resid,,8,no,
us:sd:4809030,Avalon Independent School District,Texas,avalonisd.net,https://avalonisd.net/ -> https://www.avalonisd.net/ -> http://avalonisd.net/ -> http://www.avalonisd.net/ -> https://www.avalonisd.net/apps/pages/index.jsp?uREC_ID=113157&type=d&pREC_ID=222069 -> https://www.avalonisd.net/apps/events/2026/10/9/47220475/?REC_ID=47220475&id=0 -> https://www.avalonisd.net/apps/events/2026/10/9/47220476/?REC_ID=47220476&id=0 -> https://www.avalonisd.net/apps/departments/index.jsp?show=CLU -> https://www.avalonisd.net/apps/pages/index.jsp?uREC_ID=115830&type=d -> ht,,17,yes,https://www.youtube.com/embed/11LBuc9h970?si=GvLtLFCcm63wlBCj
us:county:31013,Box Butte County,Nebraska,boxbuttecountyne.gov,https://boxbuttecountyne.gov/ -> https://www.boxbuttecountyne.gov/ -> http://boxbuttecountyne.gov/ -> http://www.boxbuttecountyne.gov/ -> https://boxbuttecountyne.gov/county-board/ -> https://boxbuttecountyne.gov/county-board/board-meetings/ -> https://boxbuttecountyne.gov/2026/09/09/notice-of-joint-public-hearing-on-proposed-property-tax-increases-2/ -> https://boxbuttecountyne.gov/all-meetings-archive/ -> https://boxbuttecountyne.gov/wp-content/uploads/sites/36/2025/09/7.16.25.pdf -> https://b,,3,no,
us:sd:2400450,Kent County Public Schools,Maryland,kent.k12.md.us,https://kent.k12.md.us/ -> https://www.kent.k12.md.us/ -> http://kent.k12.md.us/ -> http://www.kent.k12.md.us/ -> https://www.kent.k12.md.us/SchoolBoard.aspx -> https://www.kent.k12.md.us/protected/EventView.aspx?id=8UYBIYI02 -> https://www.kent.k12.md.us/protected/EventView.aspx?id=8UYBIYI3B -> https://www.kent.k12.md.us/AboutUs.aspx -> https://www.kent.k12.md.us/CitizenAdvisoryCommittee.aspx -> https://www.kent.k12.md.us/Directory.aspx -> https://www.kent.k12.md.us/SuperintendentsPage.aspx -> ,,20,no,
us:cousub:2300129255,Greene town,Maine,townofgreene.net,https://townofgreene.net/ -> https://www.townofgreene.net/ -> http://townofgreene.net/ -> http://www.townofgreene.net/ -> https://greenemetv7.vod.castus.tv/vod/ -> https://townofgreene.net/departments/planning_board/index.php -> https://townofgreene.net/departments/select_board/index.php -> https://townofgreene.net/departments/select_board/previous_members_of_the_select_board.php -> https://townofgreene.net/departments/select_board/departments/planning_board/index.php -> https://townofgreene.net,,17,yes,https://www.youtube.com/@WGLT-Greene
us:place:2066650,South Haven city,Kansas,cityofsouthhaven.com,https://cityofsouthhaven.com/ -> http://cityofsouthhaven.com/ -> http://www.cityofsouthhaven.com/ -> https://www.cityofsouthhaven.com/products-services -> https://www.cityofsouthhaven.com/file-share -> https://www.cityofsouthhaven.com/city-codes,,7,yes,https://www.youtube.com/watch?v=PqFHrae92OM
us:cousub:2601787380,Williams charter township,Michigan,williamstwpmi.gov,https://williamstwpmi.gov/ -> http://williamstwpmi.gov/ -> http://www.williamstwpmi.gov/ -> https://www.williamstwpmi.gov/boards_commissions/board_of_trustees.php -> https://www.williamstwpmi.gov/boards_commissions/planning_commission.php -> https://www.williamstwpmi.gov/boards_commissions/zoning_board_of_appeals.php -> https://www.williamstwpmi.gov/boards_commissions/agendas_minutes/index.php -> https://www.williamstwpmi.gov/boards_commissions/agendas_minutes/boards_commissions/board_of_trustee,,3,no,
us:place:4124550,Falls City city,Oregon,fallscityoregon.gov,https://fallscityoregon.gov/ -> http://fallscityoregon.gov/ -> http://www.fallscityoregon.gov/ -> https://www.fallscityoregon.gov/city-council -> https://www.fallscityoregon.gov/_files/ugd/e20ccb_1d9f33e99b874a7394e7abcb363d3284.pdf -> https://www.fallscityoregon.gov/_files/ugd/e20ccb_cbdb63614001482bb625ba5556649fdb.pdf -> https://www.fallscityoregon.gov/_files/ugd/e20ccb_4bf5e670c5954ecd9a4abad0818c0bac.pdf -> https://www.fallscityoregon.gov/mayor -> https://www.fallscityoregon.gov/new-to-fall,,4,yes,https://www.youtube.com/@VoicesofFallsCity/videos
us:place:3975140,Stryker village,Ohio,villageofstryker.com,https://villageofstryker.com/ -> http://villageofstryker.com/ -> http://www.villageofstryker.com/ -> https://www.villageofstryker.com/council/,,2,yes,http://www.youtube.com/channel/UCAeti2B2tukuK_SUW9MpLvA
us:place:4750220,Morrison town,Tennessee,morrisoncity.org,https://morrisoncity.org/ -> https://www.morrisoncity.org/ -> http://morrisoncity.org/ -> http://www.morrisoncity.org/ -> https://morrisoncity.org/government/board_of_mayor_and_aldermen_agendas___minutes.php -> https://morrisoncity.org/government/government/planning_commission_agendas___minutes.php -> https://morrisoncity.org/government/government/government/board_of_mayor_and_aldermen_agendas___minutes.php -> https://morrisoncity.org/government/government/government/planning_commission_agendas_,,4,no,
us:place:1962355,Perry city,Iowa,perryia.org,https://perryia.org/ -> http://perryia.org/ -> http://www.perryia.org/ -> https://www.perryia.org/mayor--council.html -> https://www.perryia.org/airport-commission.html -> https://www.perryia.org/library-board.html -> https://www.perryia.org/agendas--minutes.html -> https://www.dropbox.com/scl/fo/fe3pq9sgrrfmoazxj9b69/h?rlkey=aucat1koa300s2q2vpiqqb1g8&dl=0 -> https://www.dropbox.com/scl/fo/xncn28autrdsvrrsifip8/h?rlkey=1315nsm03wfic1maxqox9wb7y&dl=0 -> https://www.perryia.org/boards--commissions,,21,no,
us:place:4150250,Mount Vernon city,Oregon,cityofmtvernonor.com,https://cityofmtvernonor.com/ -> http://cityofmtvernonor.com/ -> http://www.cityofmtvernonor.com/ -> https://www.cityofmtvernonor.com/residents/city_council.php -> https://www.cityofmtvernonor.com/departments/city_council.php -> https://www.cityofmtvernonor.com/contact_us/city_hall.php -> https://www.cityofmtvernonor.com/contact_us/residents/city_council.php,,3,no,
us:place:2929206,Greenfield city,Missouri,greenfieldmo.org,https://greenfieldmo.org/ -> https://www.greenfieldmo.org/ -> http://greenfieldmo.org/ -> http://www.greenfieldmo.org/ -> https://greenfieldmo.org/city-council.php?The-Page-1 -> https://greenfieldmo.org/city-council.php?City-Council-1 -> https://greenfieldmo.org/agendas-minutes.php?news_category=47 -> https://greenfieldmo.org/videos.php -> https://greenfieldmo.org/agendas-minutes.php?news_category=46 -> https://greenfieldmo.org/agendas-minutes.php -> https://greenfieldmo.org/copyright-notice.php,,45,yes,https://www.youtube.com/embed/uHCSICTXMRw?rel=0; &showinfo=0;https://www.youtube.com/embed/cERpR87NXho?rel=0; &showinfo=0;https://www.youtube.com/embed/WZcqLCr-4c4?rel=0; &showinfo=0
us:place:2770798,Windom city,Minnesota,windommn.com,https://windom-mn.com/ -> https://www.windom-mn.com/ -> http://windom-mn.com/ -> http://www.windom-mn.com/ -> https://www.windommn.gov/government/mayor_council_council/index.php -> https://www.windommn.gov/government/boards_and_commissions/airport_commission.php -> https://www.windommn.gov/government/boards_and_commissions/charter_commission.php -> https://www.windommn.gov/government/mayor_council_council/agendas_minutes.php -> https://www.windommn.gov/government/mayor_council_council/government,,2,no,
ca:csd:2452050,La Visitation-de-l'Île-Dupas,Quebec,www.ile-dupas.ca,https://ile-dupas.ca/ -> https://www.ile-dupas.ca/ -> http://ile-dupas.ca/ -> http://www.ile-dupas.ca/,,9,yes,https://www.youtube.com/watch?v=OcHifgHX3Qc
us:cousub:2500925625,Georgetown,Massachusetts,www.georgetownma.gov,https://georgetownma.gov/ -> https://www.georgetownma.gov/ -> http://georgetownma.gov/ -> http://www.georgetownma.gov/ -> https://georgetownma.gov/government/boards___commissions/board_of_health.php -> https://georgetownma.gov/government/boards___commissions/board_of_selectmen/index.php -> https://georgetownma.gov/government/boards___commissions/conservation_commission/index.php -> https://georgetownma.gov/government/agendas___minutes.php -> https://georgetownma.gov/government/government/boards_,,16,no,
us:place:1781087,Wheeling village,Illinois,wheelingil.gov,https://wheelingil.gov/ -> https://www.wheelingil.gov/ -> http://wheelingil.gov/ -> http://www.wheelingil.gov/ -> https://cdn-residentagent.civicplus.com/loader.js -> https://wheelingil.gov/670/Live-Video-Webcasting,,4,yes,https://www.youtube.com/user/wheelingiltv/videos
ca:csd:2482025,Chelsea,Quebec,www.chelsea.ca,https://chelsea.ca/ -> https://www.chelsea.ca/ -> http://chelsea.ca/ -> http://www.chelsea.ca/ -> https://www.chelsea.ca/fr/medias -> https://www.chelsea.ca/download_file/view/970/198 -> https://www.chelsea.ca/fr/medias/switch_language/198/186/2888 -> https://www.chelsea.ca/download_file/view/954/3000 -> https://www.chelsea.ca/en/your-municipality/council-and-committees -> https://www.chelsea.ca/en/your-municipality/council-meetings -> https://www.chelsea.ca/en/residents/access-river -> https://,,46,no,
us:place:5188000,Wytheville town,Virginia,wytheville.org,https://wytheville.org/ -> https://www.wytheville.org/ -> http://wytheville.org/ -> http://www.wytheville.org/ -> https://wytheville.org/planning-commission -> https://wytheville.org/town-council -> https://wmc.wytheville.org -> http://www.wythevillemeetingcenter.com -> https://www.lazada.co.id/beli-tv-audio-video-permainan-dan-gadget/ -> https://www.lazada.co.id/en/careers/job-search/?category=&location=IDN -> https://my.lazada.co.id/customer/order/index/ -> https://my.lazada.co.id/wishlist/ind,,16,yes,https://www.youtube.com/channel/UCThO3i_T-j4oXIgp8183xyQ
us:place:3843580,Kulm city,North Dakota,kulmnd.com,https://kulmnd.com/ -> http://kulmnd.com/ -> http://www.kulmnd.com/ -> https://www.kulmnd.com/city-of-kulm-park-board.html -> https://www.kulmnd.com/city-government.html -> https://www.kulmnd.com/about-kulm.html -> https://www.kulmnd.com/kulm-gallery.html -> https://www.kulmnd.com/local-businesses.html -> https://www.kulmnd.com/local-resources.html -> https://www.kulmnd.com/housingrentals.html -> https://www.kulmnd.com/kulm-campgrounds.html -> https://www.kulmnd.com/area-churches.html -> https:/,,2,yes,https://youtu.be/Ze5nSG-wVg0
us:sd:0805880,Norwood School District R-2J,Colorado,norwoodk12.org,https://norwoodk12.org/ -> https://www.norwoodk12.org/ -> http://norwoodk12.org/ -> http://www.norwoodk12.org/ -> https://www.norwoodk12.org/our-district/district-information/school-board -> https://www.norwoodk12.org/our-district/district-information/school-board-documents -> https://www.norwoodk12.org/for-staff/training-videos -> https://auth-us-east1.finalsite.com/password/forgot?tenantId=27694e15-e5b3-3738-8758-5ee408032ff2&client_id=c523bad2-6d8d-3a6f-b50b-3a9c4704e712&nonce=c139e15640ac5d7,,5,no,
us:county:01133,Winston County,Alabama,winstonal.gov,https://winstonal.gov/ -> https://www.winstonal.gov/ -> http://winstonal.gov/ -> http://www.winstonal.gov/ -> https://winstonal.gov/new_page1/commission_office/index.php -> https://winstonal.gov/new_page3/board_of_registrars.php -> https://winstonal.gov/new_page3/county_commission_office.php -> https://www.countyoffice.org/al-winston-county-town-city-halls/ -> https://winstonal.gov/index.php -> https://winstonal.gov/enotify/index.php -> https://winstonal.gov/enotify/new_page1/commission_office/i,,23,no,
us:place:1855134,North Webster town,Indiana,northwebster.com,https://northwebster.com/ -> http://northwebster.com/ -> http://www.northwebster.com/ -> https://www.northwebster.com/events,,3,no,
us:place:2681540,Utica city,Michigan,cityofutica.org,"https://cityofutica.org/ -> https://www.cityofutica.org/ -> http://cityofutica.org/ -> http://www.cityofutica.org/ -> https://cityofutica.org/government/city_council/index.php -> https://cityofutica.org/departments/historic_district_commission.php -> https://cityofutica.org/departments/library_board.php -> https://cityofutica.org/government/city_council/agendas,_minutes,_and_videosx/agendas,_minutes,_and_videos.php -> https://cityofutica.org/government/city_council/agendas,_minutes,_and_videosx/",,25,yes,https://www.youtube.com/channel/UCrls-5g0sMiIl6a-_8Auygw
us:place:2670680,St. Clair city,Michigan,cityofstclairmi.gov,https://cityofstclairmi.gov/ -> https://www.cityofstclairmi.gov/ -> http://cityofstclairmi.gov/ -> http://www.cityofstclairmi.gov/ -> https://cityofstclairmi.gov/city-offices-closed-monday-september-7-2026/ -> https://cityofstclairmi.gov/city-council/ -> https://cityofstclairmi.gov/election-commission/ -> https://cityofstclairmi.gov/mc-events/city-council-meeting-55/ -> https://cityofstclairmi.gov/golf-commission/ -> https://cityofstclairmi.gov/mc-events/city-council-meeting-55/?vcal=412 -> http,,3,no,
ca:csd:2427028,Beauceville,Quebec,www.ville.beauceville.qc.ca,https://ville.beauceville.qc.ca/ -> https://www.ville.beauceville.qc.ca/ -> http://ville.beauceville.qc.ca/ -> http://www.ville.beauceville.qc.ca/,,10,yes,https://www.youtube.com/channel/UCnwgD0osQ21NMBWXXgSIa5w
us:place:1379444,Vienna city,Georgia,cityofvienna.org,https://cityofvienna.org/ -> http://cityofvienna.org/ -> http://www.cityofvienna.org/ -> https://www.cityofvienna.org/city-government/news/miss-emily-woodward-georgia-woman-achievement -> https://www.cityofvienna.org/city-government/news/can-you-recognize-and-react-natural-gas-leak -> https://www.cityofvienna.org/city-government/news/notice-property-tax-increese -> https://www.cityofvienna.org/city-government/events/city-council-meeting -> https://www.cityofvienna.org/community-development/histo,,1,yes,https://www.youtube.com/embed/2q5OyxacXNM?autoplay=0&start=0&rel=0&mute=0
us:place:1642400,Kamiah city,Idaho,kamiahchamber.com,https://kamiahchamber.com/ -> http://kamiahchamber.com/ -> http://www.kamiahchamber.com/ -> https://www.kamiahchamber.com/chamber/staff-directors/ -> https://www.kamiahchamber.com/things-to-do/event-calendar/ -> https://www.kamiahchamber.com/wp-sitemap.xml -> https://www.kamiahchamber.com/wp-sitemap-posts-business-1.xml -> https://www.kamiahchamber.com/business/trenary-funeral-home/ -> https://www.kamiahchamber.com/business/clearwater-economic-development-association/ -> https://www.kamiahchambe,,7,yes,https://www.youtube.com/embed/x5Uyzg5DKIQ
us:place:1883276,Westport town,Indiana,townofwestportin.gov,https://townofwestportin.gov/ -> https://www.townofwestportin.gov/ -> http://townofwestportin.gov/ -> http://www.townofwestportin.gov/ -> https://www.in.gov/towns/westport/about/town-council -> https://www.in.gov/towns/westport/westport-park-board -> https://www.in.gov/towns/westport/about/meeting-minutes -> https://www.in.gov/towns/westport/files/meeting-minutes/Town-Council-Minutes-01-9-2023.pdf -> https://www.in.gov/towns/westport/files/meeting-minutes/Town-Council-Minutes-02-13-2023.pdf -> h,,15,yes,https://www.youtube.com/@townofwestportindiana
us:place:4713080,Charlotte town,Tennessee,cityofcharlottetn.gov,https://cityofcharlottetn.gov/ -> http://cityofcharlottetn.gov/ -> http://www.cityofcharlottetn.gov/ -> https://www.cityofcharlottetn.gov/metting-notes---agendas -> https://www.cityofcharlottetn.gov/events,,10,no,
us:county:38041,Hettinger County,North Dakota,hettingercountynd.com,https://hettingercountynd.com/ -> https://www.hettingercountynd.com/ -> http://hettingercountynd.com/ -> http://www.hettingercountynd.com/ -> https://hettingercountynd.com/news_detail_T28_R50.php -> https://ndnewengland.com/ -> https://ndnewengland.com/city-meetings/ -> https://ndnewengland.com/wp-content/uploads/2025/01/January-2025-Minut.docx -> https://ndnewengland.com/city-meetings/2019minutes/ -> https://ndnewengland.com/city-meetings/2024-city-meetings/ -> https://ndnewengland.com/wp-login,,8,no,
ca:csd:3534010,Malahide,Ontario,www.malahide.ca,https://malahide.ca/ -> http://malahide.ca/ -> http://www.malahide.ca/ -> https://laserfiche.malahide.ca/ -> https://www.malahide.ca/modules/news/post/ontario-one-call-is-launching-a-new-name-ontario-dig-authority -> https://www.malahide.ca/modules/news/post/notice-of-public-meeting-minor-variance-d13-mv03-26 -> https://www.malahide.ca/modules/news/post/notice-of-public-meeting-d13-mv04-26 -> https://www.malahide.ca/government/boards-committees -> https://www.malahide.ca/government/council/speak,,23,no,
us:sd:1716260,Gardner-South Wilmington Township High School District,Illinois,gswhs73.org,https://www.gswhs73.org/ -> http://www.gswhs73.org/ -> https://docs.gswhs73.org/ -> https://www.gswhs73.org/vcalendar/?Ctype=weekly&D=1790485200 -> https://www.gswhs73.org/vcalendar/?Ctype=weekly&D=1790571600 -> https://www.gswhs73.org/vcalendar/?Ctype=weekly&D=1790658000 -> https://www.gswhs73.org/vnews/display.v/SEC/District%20Information%7CBoard%20of%20Education -> https://www.gswhs73.org/vnews/display.v/SEC/District%20Information%7CBoard%20of%20Education%3E%3EBoard%20Meeting%20Dates -> https,,10,yes,https://www.youtube.com/channel/UC4hu8ohafnRBBYOtOJe-ssQ
us:place:5377630,Westport city,Washington,westportwa.gov,https://westportwa.gov/ -> https://www.westportwa.gov/ -> http://westportwa.gov/ -> http://www.westportwa.gov/ -> https://www.ci.westport.wa.us/government/city_council/index.php -> https://www.ci.westport.wa.us/government/council_position_1.php -> https://www.ci.westport.wa.us/government/council_position_2.php -> https://www.ci.westport.wa.us/government/boards___commissions/index.php -> https://www.ci.westport.wa.us/government/boards___commissions/government/city_council/index.php -> https://www,,4,no,
ca:csd:2476020,Lachute,Quebec,www.lachute.ca,https://lachute.ca/ -> https://www.lachute.ca/ -> http://lachute.ca/ -> http://www.lachute.ca/ -> https://lachute.ca/medias-sociaux/ -> https://lachute.ca/relations-avec-les-medias/ -> https://lachute.ca/important-notice/ -> https://lachute.ca/cont/uploads/2021/03/Politique-editoriale-medias-sociaux-2024.pdf,,10,yes,https://www.youtube.com/channel/UCtDqsDwR9gSxjSJ6ojOaPjw
us:county:20159,Rice County,Kansas,ricecounty.us,https://ricecounty.us/ -> https://www.ricecounty.us/ -> http://ricecounty.us/ -> http://www.ricecounty.us/ -> https://ricecounty.us/news_detail_T40_R200.php -> https://ricecounty.us/news_detail_T40_R198.php -> https://ricecounty.us/news_detail_T40_R197.php -> https://ricecounty.us/departments/commission/2026_agendas___minutes.php -> https://ricecounty.us/departments/commission/departments/commission/index.php -> https://ricecounty.us/departments/commission/departments/commission/2019_agendas___m,,4,no,
us:place:0820770,Dolores town,Colorado,townofdolores.colorado.gov,https://townofdolores.colorado.gov/ -> http://townofdolores.colorado.gov/ -> https://townofdolores.colorado.gov/press-release/notice-of-trustee-vacancy -> https://townofdolores.colorado.gov/press-release/notice-of-possible-quorum -> https://townofdolores.colorado.gov/press-release/1st-annual-stone-soup-jubilee-competition -> https://townofdolores.colorado.gov/government/town-board-meetings -> https://townofdolores.colorado.gov/government/planning-and-zoning-commission -> https://townofdolores.co,,3,yes,https://www.youtube.com/channel/UCGnr9i55jZT42IDWb3XWITw
us:county:17167,Sangamon County,Illinois,sangamonil.gov,https://sangamonil.gov/ -> https://www.sangamonil.gov/ -> http://sangamonil.gov/ -> http://www.sangamonil.gov/ -> https://sangamonil.gov/eventslist/county-board-meeting?ArtMID=8841&ArticleID=934&evr=2 -> https://sangamonil.gov/eventslist/county-board-meeting?ArtMID=8841&ArticleID=934&evr=1 -> https://sangamonil.gov/eventslist/county-board-meeting?ArtMID=8841&ArticleID=805&evr=12 -> https://sangamonil.gov/property-info/document-recording -> https://sangamonil.gov/departments/a-c/county-board -> h,,196,yes,https://www.youtube.com/watch?v=W9Qk3cSLVH4
ca:csd:2472010,Deux-Montagnes,Quebec,www.ville.deux-montagnes.qc.ca,https://ville.deux-montagnes.qc.ca/ -> http://ville.deux-montagnes.qc.ca/ -> http://www.ville.deux-montagnes.qc.ca/ -> https://www.ville.deux-montagnes.qc.ca/loisirs-et-activites/sports-et-loisirs/location-de-salles -> https://www.ville.deux-montagnes.qc.ca/loisirs-et-activites/installations-sportives-et-recreatives/centre-de-location-dembarcations-non-motorisees -> https://www.ville.deux-montagnes.qc.ca/services-aux-citoyens/services-en-ligne/location-salles -> https://www.ville.deux-montagnes.,,9,yes,https://www.youtube.com/@villededeux-montagnes7316
us:place:4565095,Seneca city,South Carolina,seneca.sc.us,https://seneca.sc.us/ -> https://www.seneca.sc.us/ -> http://seneca.sc.us/ -> http://www.seneca.sc.us/ -> https://seneca.sc.us/government/departments/events-and-happenings/annual-events/race-for-the-green-march-13-2027 -> https://seneca.sc.us/government/departments/events-and-happenings/annual-events/stay-informed-about-upcoming-events-via-text-2025 -> https://seneca.sc.us/government/departments/events-and-happenings/annual-events/city-of-seneca-halloween-on-the-green-october-31-2026 -> https://,,20,yes,https://www.youtube.com/@CityofSeneca
us:cousub:3611371641,Stony Creek town,New York,stonycreekny.gov,https://stonycreekny.gov/ -> https://www.stonycreekny.gov/ -> http://stonycreekny.gov/ -> http://www.stonycreekny.gov/ -> https://stonycreekny.gov/events -> https://stonycreekny.gov/town-committees -> https://www.youtube.com/@TownofStonyCreek -> https://stonycreekny.gov/minutes-agendas -> https://stonycreekny.gov/calendar -> https://stonycreekny.gov/town-offices -> https://stonycreekny.gov/events?category=Summer%20Concert%20Series -> https://stonycreekny.gov/town-park -> https://www.stonycreekny,https://www.youtube.com/@TownofStonyCreek,5,yes,https://www.youtube.com/@TownofStonyCreek
us:place:4247424,Marietta borough,Pennsylvania,boroughofmarietta.com,https://boroughofmarietta.com/ -> https://www.boroughofmarietta.com/ -> http://boroughofmarietta.com/ -> http://www.boroughofmarietta.com/ -> https://boroughofmarietta.com/documents/index.php#outer-6  -> https://boroughofmarietta.com/documents/documents/index.php#outer-6  -> https://boroughofmarietta.com/documents/documents/documents/index.php#outer-6  -> https://boroughofmarietta.com/documents/documents/committees/index.php -> https://boroughofmarietta.com/documents/documents/not_found/index.ph,,8,no,
us:place:0145472,McIntosh town,Alabama,mcintoshalabama.com,https://mcintoshalabama.com/ -> https://www.mcintoshalabama.com/ -> http://mcintoshalabama.com/ -> http://www.mcintoshalabama.com/,,9,no,
us:cousub:5510975950,T Springfield,Wisconsin,townofspringfield.com,https://townofspringfield.com/ -> https://www.townofspringfield.com/ -> http://townofspringfield.com/ -> http://www.townofspringfield.com/ -> https://townofspringfield.com/2026/2026-09-13-monthly-meeting-agenda/ -> https://townofspringfield.com/2026/2026-09-12-special-meeting/ -> https://townofspringfield.com/2026/2026-08-16-special-meeting/ -> https://townofspringfield.com/category/meeting-agendas/ -> https://townofspringfield.com/category/meeting-minutes/ -> https://townofspringfield.com/meeti,,3,no,
us:place:5301290,Algona city,Washington,algonawa.gov,https://algonawa.gov/ -> https://www.algonawa.gov/ -> http://algonawa.gov/ -> http://www.algonawa.gov/ -> https://algonawa.gov/community/advisory_boards_and_commissions/civil_service_commission/index.php -> https://algonawa.gov/community/advisory_boards_and_commissions/community_center_advisory_board/index.php -> https://algonawa.gov/community/advisory_boards_and_commissions/planning_commission/index.php -> https://vimeo.com/cityofalgona -> https://algonawa.gov/government/city_council/index.php ,,22,yes,https://www.youtube.com/@CityofAlgonaWa
us:place:1832512,Haubstadt town,Indiana,haubstadt.net,https://haubstadt.net/ -> http://haubstadt.net/ -> http://www.haubstadt.net/ -> https://www.haubstadt.net/town-council-meetings.html -> https://www.haubstadt.net/historical-monthly-meeting-minutes.html -> https://www.haubstadt.net/uploads/1/2/7/0/127015135/minutes_june_6_2022__public_hearing___reg.meeting_1.docx -> https://www.haubstadt.net/town-hallutilities.html -> https://www.haubstadt.net/town-ordinances.html -> https://www.haubstadt.net/precinct-map.html -> https://www.haubstadt.net/local-c,,10,yes,https://www.youtube.com/watch?v=VJWU6VXNIqk
us:county:47165,Sumner County,Tennessee,sumnercountytn.gov,https://sumnercountytn.gov/ -> https://www.sumnercountytn.gov/ -> http://sumnercountytn.gov/ -> http://www.sumnercountytn.gov/ -> https://sumnercountytn.gov/government/county-commission/ -> https://sumnercountytn.gov/government/boards-and-committees/ -> https://sumnercountytn.gov/government/2026-committee-meetings/ -> https://sumnercountytn.gov/departments/county-mayor/ -> https://www.sumnercountytn.gov/government -> https://sumnercountytn.gov/government/elected-officials/ -> https://sumnercount,,4,yes,https://www.youtube.com/@sumnercountymeetings4023/videos
us:place:0165472,Rockford town,Alabama,rockfordalabama.net,https://rockfordalabama.net/ -> http://rockfordalabama.net/ -> http://www.rockfordalabama.net/ -> https://www.rockfordalabama.net/council-meetings-agenda-and-minutes.html -> https://www.rockfordalabama.net/town-leaders--employees.html -> https://www.rockfordalabama.net/events.html -> https://www.rockfordalabama.net/about.html -> https://www.rockfordalabama.net/business.html -> https://www.rockfordalabama.net/sponsors.html -> https://www.rockfordalabama.net/contact.html -> https://www.rockfordala,,7,yes,https://www.youtube.com/embed/70-l9DNjCPc?wmode=opaque
us:place:1853874,New Whiteland town,Indiana,newwhiteland.in.gov,https://newwhiteland.in.gov/ -> https://www.newwhiteland.in.gov/ -> http://newwhiteland.in.gov/ -> http://www.newwhiteland.in.gov/ -> https://www.in.gov/towns/new-whiteland/town-council -> https://www.in.gov/towns/new-whiteland/town-council/town-council-information -> https://www.in.gov/towns/new-whiteland/town-council/town-council-agenda -> https://www.in.gov/towns/new-whiteland/town-council/ordinance-and-meeting-minutes -> https://events.in.gov/calendar/upcoming?event_types%5B%5D=3474910110080,,18,no,
ca:csd:4603067,Morris,Manitoba,www.townofmorris.ca,https://townofmorris.ca/ -> http://townofmorris.ca/ -> http://www.townofmorris.ca/ -> https://events.townofmorris.ca/ -> https://www.townofmorris.ca/news/news/ -> https://www.townofmorris.ca/news/posts/not-on-the-voters-list-you-can-still-vote/ -> https://www.townofmorris.ca/news/posts/candidates-forum-date/ -> http://centralmbtourism.ca/gallery?town-of-morris -> https://www.townofmorris.ca/administration-council/ -> https://www.townofmorris.ca/administration-council/council/ -> https://events.t,,2,yes,https://www.youtube.com/c/CentralMBTourism
us:place:2722472,Frazee city,Minnesota,frazeecity.com,https://frazeecity.com/ -> https://www.frazeecity.com/ -> http://frazeecity.com/ -> http://www.frazeecity.com/ -> https://frazeecity.com/process.php?option=com_content&id=3 -> https://frazeecity.com/process.php?option=com_content&id=4 -> https://frazeecity.com/process.php?option=com_content&id=5 -> https://frazeecity.com/process.php?option=com_members -> https://frazeecity.com/process.php?option=com_agendaminutes -> https://frazeecity.com/images/agendamintues/minute_202.pdf -> https://frazeecity,,14,no,
us:cousub:2602987700,Wilson Township,Michigan,www.wilsontownship.org,https://wilsontownship.org/ -> https://www.wilsontownship.org/ -> http://wilsontownship.org/ -> http://www.wilsontownship.org/ -> https://wilsontownship.org/government/township_officials/board_of_trustees.php -> https://wilsontownship.org/government/township_officials/planning_commission.php -> https://wilsontownship.org/government/township_officials/board_of_review.php -> https://wilsontownship.org/government/meeting_schedules_and_minutes/index.php -> https://wilsontownship.org/government/meeti,,4,no,
us:place:2706778,Bluffton city,Minnesota,ottertailcounty.gov,https://ottertailcounty.gov/ -> https://www.ottertailcounty.gov/ -> http://ottertailcounty.gov/ -> http://www.ottertailcounty.gov/ -> https://ottertailcounty.gov/board-documents-search/ -> https://ottertailcounty.gov/event/prairie-lakes-chb-joint-powers-meeting-2026-10-01/ -> https://ottertailcounty.gov/event/pr-ems-ssd-2026-10-05/ -> https://ottertailcounty.gov/ais-public-access/ -> https://ottertailcounty.gov/boards-commissions/board-of-commissioners/ -> https://ottertailcounty.gov/boards-and-,,26,yes,https://www.youtube.com/OtterTailCountyMN
ca:csd:2478102,Mont-Tremblant,Quebec,www.villedemont-tremblant.qc.ca,https://villedemont-tremblant.qc.ca/ -> https://www.villedemont-tremblant.qc.ca/ -> http://villedemont-tremblant.qc.ca/ -> http://www.villedemont-tremblant.qc.ca/ -> https://vdmt.ca/organismes-et-vie-communautaire/location-de-salles -> https://vdmt.ca/informations-municipales/democratie-et-participation-citoyenne/comites-et-commissions -> https://vdmt.ca/storage/app/media/informations-municipales/administration-et-finances/reglements-municipaux/reglement-2023-210-patrimoine.pdf -> https://vdmt.c,,8,yes,https://www.youtube.com/channel/UCB0vvlCWlgAKr5f_3TM9zCA
us:place:3425350,Frenchtown borough,New Jersey,frenchtownboro.gov,https://frenchtownboro.gov/ -> https://www.frenchtownboro.gov/ -> http://frenchtownboro.gov/ -> http://www.frenchtownboro.gov/ -> https://frenchtownboro.com/frenchtown-mayors-town-hall-promoting-an-age-friendly-frenchtown/ -> https://frenchtownboro.com/planning-board-meeting-agenda-9-23-2026/ -> https://frenchtownboro.com/council-special-meeting-agenda-9-22-2026/ -> https://frenchtownboro.com/local-government/boards-commissions-committees/planning-board/agendas/ -> https://frenchtownboro.com/loc,,28,yes,https://youtu.be/R_vejxy-suU
ca:csd:1313027,Edmundston,New Brunswick,edmundston.ca,https://edmundston.ca/ -> https://www.edmundston.ca/ -> http://edmundston.ca/ -> http://www.edmundston.ca/ -> https://edmundston.ca/en/city-hall/city-council -> https://edmundston.ca/en/city-hall/city-council-public-notices -> https://edmundston.ca/en/city-hall/council-meetings -> https://edmundston.ca/en/our-city/municipal-facilities/sport-facilities -> https://edmundston.ca/en/contact/city-hall -> https://edmundston.ca/en/city-hall/chief-administrator -> https://edmundston.ca/en/city-hall/mayo,,40,yes,http://www.youtube.com/user/VilleEdmundston/feed
us:place:3642741,Little Falls city,New York,cityoflittlefallsny.com,https://cityoflittlefalls.net/ -> https://www.cityoflittlefalls.net/ -> http://cityoflittlefalls.net/ -> http://www.cityoflittlefalls.net/ -> https://cityoflittlefalls.net/index.cfm?section=boards&page=board-of-health -> https://cityoflittlefalls.net/index.cfm?section=boards&page=board-of-public-works -> https://cityoflittlefalls.net/index.cfm?section=boards&page=police-and-fire-board,,3,no,
us:sd:3618080,Madison Central School District,New York,madisoncentralny.org,https://madisoncentralny.org/ -> http://madisoncentralny.org/ -> http://www.madisoncentralny.org/ -> https://www.madisoncentralny.org/board-of-education/index -> https://www.madisoncentralny.org/clubs/student-council/index -> https://www.madisoncentralny.org/calendar/9335586/ffa-meeting -> https://www.madisoncentralny.org/calendar -> https://www.madisoncentralny.org/calendar/monthly/2026/index -> https://www.madisoncentralny.org/parents/files/documents/Parent%20Portal%20Request%20Form.pdf -> htt,,20,no,
us:cousub:2607714720,Charleston Township,Michigan,www.charlestontownship.org,https://charlestontownship.org/ -> http://charlestontownship.org/ -> http://www.charlestontownship.org/ -> https://www.charlestontownship.org/boards___commissions/planning_commission/index.php -> https://www.charlestontownship.org/boards___commissions/township_board/index.php -> https://www.charlestontownship.org/boards___commissions/zoning_board_of_appeals/index.php -> https://www.charlestontownship.org/boards___commissions/minutes___agendas.php -> https://www.charlestontownship.org/boards___co,,6,no,
us:place:1339076,Hiram city,Georgia,hiram-ga.gov,https://cityofhiramga.gov/ -> https://www.cityofhiramga.gov/ -> http://cityofhiramga.gov/ -> http://www.cityofhiramga.gov/ -> https://cityofhiramga.gov/news_detail_T9_R172.php -> https://cityofhiramga.gov/news_detail_T9_R171.php -> https://cityofhiramga.gov/news_detail_T9_R169.php -> https://cityofhiramga.gov/government/city_council.php -> https://cityofhiramga.gov/government/government/city_council.php -> https://cityofhiramga.gov/government/Document Center/City Council/2025/2026 City of Hiram ,,2,no,
us:place:1876184,Topeka town,Indiana,topeka-in.gov,https://topeka-in.gov/ -> https://www.topeka-in.gov/ -> http://topeka-in.gov/ -> http://www.topeka-in.gov/ -> https://topeka-in.gov/town-council/ -> https://topeka-in.gov/redevelopment-commission/ -> https://topeka-in.gov/minutes/ -> https://topeka-in.gov/wp-content/uploads/2026/03/Town-Council-Minutes-01.12.2026.pdf -> https://topeka-in.gov/wp-content/uploads/2026/03/Town-Council-Minutes-01.26.2026.pdf -> https://topeka-in.gov/wp-content/uploads/2026/03/Town-Council-Minutes-02.09.2026.pdf -> ht,,13,yes,https://www.youtube.com/@townoftopekain
us:county:48161,Freestone County,Texas,co.freestone.tx.us,https://co.freestone.tx.us/ -> https://www.co.freestone.tx.us/ -> http://co.freestone.tx.us/ -> http://www.co.freestone.tx.us/ -> https://www.co.freestone.tx.us/page/freestone.AllCommCourtVideos -> https://www.co.freestone.tx.us/page/freestone.CommissionersCourtInformation -> https://www.co.freestone.tx.us/page/freestone.CC.Dates -> https://www.co.freestone.tx.us/page/freestone.PublicNotices -> https://www.co.freestone.tx.us/upload/page/12668/Commisioner Court Public Speaking Form.pdf -> https:/,,2,yes,https://www.youtube.com/@freestonecounty2319
us:cousub:3916914240,Chippewa,Ohio,chippewatwp.com,https://chippewatwp.com/ -> https://www.chippewatwp.com/ -> http://chippewatwp.com/ -> http://www.chippewatwp.com/ -> https://www.chippewatwp.com/about_us/board_of_zoning_appeals.php -> https://www.chippewatwp.com/about_us/zoning_commission.php -> https://www.chippewatwp.com/public_notices/board_of_zoning_appeals.php,,6,no,
us:place:1302564,Arabi town,Georgia,cityofarabi.com,https://cityofarabi.com/ -> https://www.cityofarabi.com/ -> http://cityofarabi.com/ -> http://www.cityofarabi.com/ -> https://cityofarabi.com/council_meeting/index.php -> https://cityofarabi.com/index.php -> https://cityofarabi.com/arabi_harvest_jubilee/index.php,,5,no,
us:cousub:2501135180,Leverett,Massachusetts,www.leverett.ma.us,https://leverett.ma.us/ -> https://www.leverett.ma.us/ -> http://leverett.ma.us/ -> http://www.leverett.ma.us/ -> https://leverett.ma.us/n/13248/Free-Digital-Technology-Opportunities -> https://leverett.ma.us/d/0/?thisMonth=8&thisYear=2026&cid=44 -> https://leverett.ma.us/d/0/?thisMonth=7&thisYear=2026&cid=56 -> https://leverett.ma.us/d/0/?cid=56 -> https://leverett.ma.us/g/71/Board-of-Assessors -> https://leverett.ma.us/g/72/Board-of-Health -> https://leverett.ma.us/g/40/Conservation-Commission,,35,no,
us:place:0829735,Georgetown town,Colorado,townofgeorgetown.us,https://townofgeorgetown.us/ -> https://www.townofgeorgetown.us/ -> http://townofgeorgetown.us/ -> https://townofgeorgetown.ompnetwork.org/embed/full -> http://www.townofgeorgetown.us/news_detail_T6_R285.php -> http://www.townofgeorgetown.us/news_detail_T6_R284.php -> http://www.townofgeorgetown.us/town_government/commissions/board_of_adjustment.php -> http://www.townofgeorgetown.us/government/boards_and_commissions/board_of_selectmen/index.php -> http://www.townofgeorgetown.us/government/boards,,4,no,
us:place:2727530,Hastings city,Minnesota,hastingsmn.gov,https://hastingsmn.gov/ -> http://hastingsmn.gov/ -> http://www.hastingsmn.gov/ -> https://granicus.hastingsmn.gov/ -> https://www.hastingsmn.gov/news/highway-61/ -> https://www.hastingsmn.gov/news/utilities-sewer-water/ -> https://www.hastingsmn.gov/news/pfas/ -> https://events.hastingsmn.gov/ -> https://www.hastingsmn.gov/government-transparency/city-council-and-mayor/ -> https://events.hastingsmn.gov/default/Detail/2026-09-03-1730-Pleasant-Valley-Farms-Neighborhood-Public-Meeting -> https://e,,6,no,
us:cousub:0913061800,Portland,Connecticut,www.portlandct.org,https://portlandct.org/ -> http://portlandct.org/ -> http://www.portlandct.org/ -> https://www.portlandct.org/agendas-minutes -> https://www.portlandct.org/board-of-assessment-appeals -> https://www.portlandct.org/board-of-selectman -> https://www.portlandct.org/citation-hearing-officer -> https://www.portlandctschools.org/board-of-education -> https://www.youtube.com/channel/UCPX7sE2iF-l2B-6tc6PGj4Q/live -> https://www.portlandctschools.org/site_map -> https://www.portlandctschools.org/index.ph,https://www.youtube.com/channel/UCPX7sE2iF-l2B-6tc6PGj4Q/live,37,yes,https://www.youtube.com/c/TownofPortland/featured
us:place:2709226,Caledonia city,Minnesota,caledoniamn.gov,https://caledoniamn.gov/ -> http://caledoniamn.gov/ -> http://www.caledoniamn.gov/ -> https://www.caledoniamn.gov/city-council/ -> https://www.caledoniamn.gov/city-government/city-council/city-council-members/ -> https://www.caledoniamn.gov/economic-development/eda-board-of-commissioners/ -> https://www.caledoniamn.gov/city-government/city-council/agendas-and-minutes/ -> https://www.caledoniamn.gov/agendas-minutes-archive-2/ -> https://www.caledoniamn.gov/city-government/city-council/city-code/ ,,7,yes,https://www.youtube.com/@cityofcaledonia5306/streams
us:place:4868720,Somerville city,Texas,somervilletx.gov,https://somervilletx.gov/ -> https://www.somervilletx.gov/ -> http://somervilletx.gov/ -> http://www.somervilletx.gov/ -> https://somervilletx.gov/nav/mayor_and_city_council.php -> https://somervilletx.gov/nav/agendas___minutes.php -> https://somervilletx.gov/nav/nav/mayor_and_city_council.php -> https://somervilletx.gov/nav/4-14-26.pdf?t=202604081242500 -> https://somervilletx.gov/nav/07-17-25 Called Mtg..pdf?t=202507140945070 -> https://somervilletx.gov/nav/Document Center/Agendas And Minutes/,,8,no,
us:cousub:3602701693,Amenia town,New York,ameniany.gov,https://ameniany.gov/ -> https://www.ameniany.gov/ -> http://ameniany.gov/ -> http://www.ameniany.gov/ -> https://ameniany.gov/news-and-notices/affordability-fair-9172026-5pm-7pm -> https://ameniany.gov/news-and-notices/legal-notice-material-and-equipment-bids-9172026-9162027 -> https://ameniany.gov/departments/town-board -> https://ameniany.gov/meetings -> https://ameniany.gov/departments/advisory-board-volunteering -> https://ameniany.gov/departments/board-of-assessment-review -> https://ameni,,19,yes,https://www.youtube.com/@AmeniaTV
ca:csd:2417055,Saint-Aubert,Quebec,saint-aubert.net,https://saint-aubert.net/ -> https://www.saint-aubert.net/ -> http://saint-aubert.net/ -> http://www.saint-aubert.net/ -> https://saint-aubert.net/fr/galerie-videos -> https://saint-aubert.net/fr/galerie-videos/lac-trois-saumons/page-1 -> https://saint-aubert.net/fr/galerie-videos/lac-trois-saumons,,5,no,
us:place:3630675,Greenwich village,New York,townofgreenwichny.gov,https://townofgreenwichny.gov/ -> https://www.townofgreenwichny.gov/ -> http://townofgreenwichny.gov/ -> http://www.townofgreenwichny.gov/ -> https://washingtoncountyny-onlineforms.app.transform.civicplus.com/forms/34937 -> https://www.townofgreenwichny.gov/home/public-hearing/,,4,yes,https://www.youtube.com/@TownofGreenwichNY
us:place:0837270,Holyoke city,Colorado,cityofholyoke-co.gov,https://cityofholyoke-co.gov/ -> https://www.cityofholyoke-co.gov/ -> http://cityofholyoke-co.gov/ -> http://www.cityofholyoke-co.gov/ -> https://cityofholyoke-co.gov/government/city_council.php -> https://cityofholyoke-co.gov/government/city_clerk.php -> https://cityofholyoke-co.gov/government/government/city_council.php -> https://cityofholyoke-co.gov/government/government/city_clerk.php -> https://cityofholyoke-co.gov/government/government/government/city_council.php -> https://cityofholyoke-,,23,no,
us:place:2950672,Mount Vernon city,Missouri,mtvernon-cityhall.org,https://mtvernon-cityhall.org/ -> https://www.mtvernon-cityhall.org/ -> http://mtvernon-cityhall.org/ -> http://www.mtvernon-cityhall.org/ -> https://mtvernon-cityhall.org/government/board_of_alderman.php -> https://mtvernon-cityhall.org/government/board_of_alderman_meeting_minutes/board_of_aldermen_meetings.php -> https://mtvernon-cityhall.org/government/board_of_alderman_meeting_minutes/index.php -> https://mtvernon-cityhall.org/government/board_of_alderman_meeting_minutes/government/board_of_,,8,no,
us:place:1317328,Cochran city,Georgia,cityofcochran.com,https://cityofcochran.com/ -> https://www.cityofcochran.com/ -> http://cityofcochran.com/ -> http://www.cityofcochran.com/ -> https://cityofcochran.com/citycouncil.aspx -> https://cityofcochran.com/CityNews.aspx?CNID=96608 -> https://cityofcochran.com/CityNews.aspx?CNID=96607 -> https://cityofcochran.com/Boards.aspx -> https://cityofcochran.com/History.aspx -> https://cityofcochran.com/Commprofile.aspx -> https://cityofcochran.com/education.aspx -> https://cityofcochran.com/points.aspx -> https:,,38,yes,https://www.youtube.com/watch?v=GpuTaxTLExU&feature=youtu.be
us:place:1717289,Creal Springs city,Illinois,crealsprings.net,https://crealsprings.net/ -> https://www.crealsprings.net/ -> http://crealsprings.net/ -> http://www.crealsprings.net/ -> https://crealsprings.net/Staples_coupons.html -> https://crealsprings.net/Kohls_coupons.html -> https://crealsprings.net/OfficeDepot_coupons.html -> https://crealsprings.net/site_disclaimer.html -> https://crealsprings.net/coupons-by-store.html -> https://crealsprings.net/dELiAs_cOm_coupons.html -> https://crealsprings.net/Circuit_City_coupons.html -> https://crealsprings.net,,12,yes,https://www.youtube.com/embed/V0ge-zUjdxk
us:place:4939590,Junction town,Utah,en.wikipedia.org,https://en.wikipedia.org/ -> http://en.wikipedia.org/ -> https://en.wikipedia.org/w/index.php?title=Special:CiteThisPage&page=Main_Page&id=1358980925&wpFormIdentifier=titleform -> https://en.wikipedia.org/wiki/Portal:Current_events -> https://en.wikipedia.org/w/index.php?title=Portal:Current_events/2026_September_30&action=edit&editintro=Portal:Current_events/Edit_instructions -> https://en.wikipedia.org/w/index.php?title=Portal:Current_events/2026_September_30&action=history -> https://en.wikip,,1,no,
ca:csd:2407047,Amqui,Quebec,www.amqui.ca,https://amqui.ca/ -> https://www.amqui.ca/ -> http://amqui.ca/ -> http://www.amqui.ca/,,5,yes,https://www.youtube.com/@Ville_Amqui
us:place:4272616,Southwest Greensburg borough,Pennsylvania,swgreensburg.org,https://swgreensburg.org/ -> https://www.swgreensburg.org/ -> http://swgreensburg.org/ -> http://www.swgreensburg.org/ -> https://support.hostgator.com/articles/video-tutorial-system -> http://www.hostgator.com/tutorials -> https://www.hostgator.com/categories/hosting-guide/lets-get-started/video-tutorials/ -> https://www.swgreensburg.org/home/council-meetings -> https://www.swgreensburg.org/home/council-meetings/2026-council-minutes -> https://www.swgreensburg.org/home/council-meetings/2025-cou,,195,yes,http://www.youtube.com/user/hostgator
ca:csd:5949005,Kitimat,British Columbia,kitimat.ca,https://kitimat.ca/ -> https://www.kitimat.ca/ -> http://kitimat.ca/ -> http://www.kitimat.ca/ -> https://kitimat.ca/municipal-office/council-meetings/regular-meeting-of-council-october-5-2026 -> https://kitimat.ca/municipal-office/annual-business-walk-supports-local-business-success -> https://kitimat.ca/municipal-office/tonight-is-last-call-to-register-for-local-procurement-forum -> https://kitimat.ca/municipal-office/access-to-information -> https://kitimat.ca/municipal-office/mayor-and-counc,,11,no,
,Délı̨nę,Northwest Territories,www.fundyalbert.ca,https://fundyalbert.ca/ -> https://www.fundyalbert.ca/ -> http://fundyalbert.ca/ -> http://www.fundyalbert.ca/ -> https://fundyalbert.ca/governance/council-members/ -> https://fundyalbert.ca/governance/council-meetings/ -> https://fundyalbert.ca/committees-of-council/ -> https://fundyalbert.ca/eco360-collection-calendar/ -> http://fundyalbert.ca/connecting-albert-county/,,10,yes,https://youtu.be/1y3vBsV9oEk?Mode2=Video
ca:csd:4704026,Eastend,Saskatchewan,townofeastend.com,https://townofeastend.com/ -> https://www.townofeastend.com/ -> http://townofeastend.com/ -> http://www.townofeastend.com/ -> https://townofeastend.com/index.asp?SEC=BD925E36-AF30-44D0-BD9C-A42A03810E0C&DE=C872D141-AA9A-4225-ADE4-0E91B9C89D85 -> https://townofeastend.com/index.asp?SEC=BD925E36-AF30-44D0-BD9C-A42A03810E0C&DE=84E21845-FF28-4820-891B-A2EC0D3D4824 -> https://townofeastend.com/town-council -> https://townofeastend.com/meeting-minutes -> https://townofeastend.com/committees-of-council,,2,yes,https://youtu.be/4a1FpRv7uns
us:place:2760250,Silver Bay city,Minnesota,silverbaymn.gov,https://silverbaymn.gov/ -> http://silverbaymn.gov/ -> http://www.silverbaymn.gov/ -> https://invoicecloud.wistia.com/medias/dn6rnkdg78 -> https://www.silverbaymn.gov/city_departments/library/library_staff_and_board.php -> https://www.silverbaymn.gov/city_government/mayor_council/index.php -> https://www.silverbaymn.gov/city_government/city_council_meetings.php -> https://www.silverbaymn.gov/city_government/boards_commissions/index.php -> https://www.silverbaymn.gov/city_government/boards_commis,,11,no,
us:place:4243128,Liberty borough,Pennsylvania,libertytwpadamspa.gov,https://libertytwpadamspa.gov/ -> https://www.libertytwpadamspa.gov/ -> http://libertytwpadamspa.gov/ -> http://www.libertytwpadamspa.gov/ -> https://libertytwpadamspa.gov/home/calendar/2026-meetings/board-of-supervisors-meeting/12-02-2026-12-02-2026-board-of-supervisors-meeting -> https://libertytwpadamspa.gov/home/calendar/2026-meetings/planning-commission-meeting/11-17-2026-11-17-2026-planning-commission-meeting -> https://libertytwpadamspa.gov/home/calendar/2026-meetings/board-of-supervisors,,6,yes,https://www.youtube.com/@libertytownshipadamscounty3593/streams
us:place:1976260,Sumner city,Iowa,mysumneriowa.com,"https://mysumneriowa.com/ -> https://www.mysumneriowa.com/ -> http://mysumneriowa.com/ -> http://www.mysumneriowa.com/ -> https://www.mysumneriowa.com/council-agenda.html -> https://www.mysumneriowa.com/council-minutes.html -> https://www.mysumneriowa.com/f/September_8,_2026_Regular_Session_.pdf -> https://www.mysumneriowa.com/city-info2.html -> https://www.mysumneriowa.com/businesses.html -> https://www.mysumneriowa.com/banking.html -> https://www.mysumneriowa.com/construction.html -> https://w",,3,no,
us:place:2661020,Orchard Lake Village city,Michigan,cityoforchardlake.com,https://cityoforchardlake.com/ -> https://www.cityoforchardlake.com/ -> http://cityoforchardlake.com/ -> http://www.cityoforchardlake.com/ -> https://cityoforchardlake.com/nav/city_council/index.php -> https://cityoforchardlake.com/nav/planning_commission/index.php -> https://cityoforchardlake.com/nav/video_of_city_landmark.php -> https://cityoforchardlake.com/Documents/Government/City Charter/City Charter - Large Format Print.pdf -> https://cityoforchardlake.com/nav/city_financials/index.php ->,,11,no,
us:place:2051825,Oakley city,Kansas,cityofoakleyks.gov,https://cityofoakleyks.gov/ -> https://www.cityofoakleyks.gov/ -> http://cityofoakleyks.gov/ -> http://www.cityofoakleyks.gov/ -> https://cityofoakleyks.gov/news-and-notices/landfill-closed-12 -> https://cityofoakleyks.gov/news-and-notices/water-warning-9-3-2026 -> https://cityofoakleyks.gov/news-and-notices/notice-of-hearing-to-exceed-rnr-and-budget-hearing -> https://cityofoakleyks.gov/meetings -> https://cityofoakleyks.gov/mayor-city-council -> https://cityofoakleyks.gov/board-of-county-commi,,21,yes,https://www.youtube.com/@officialcityofoakleyks6073/about
us:place:1258675,Port St. Joe city,Florida,www.cityofportstjoe.com,https://cityofportstjoe.com/ -> https://www.cityofportstjoe.com/ -> http://cityofportstjoe.com/ -> http://www.cityofportstjoe.com/ -> https://cityofportstjoe.com/city-commission-meetings.cfm -> https://cityofportstjoe.com/PDRB-meetings.cfm -> https://cityofportstjoe.com/city-commissioners.cfm -> https://cityofportstjoe.com/agendas.cfm -> https://cityofportstjoe.com/pdf/pbagenda/202605057598.pdf -> https://cityofportstjoe.com/pdf/agenda/202609011979.pdf -> https://cityofportstjoe.com/pdf/agenda/2,,3,yes,https://www.youtube.com/embed/videoseries?list=PLqgCFXxg5bgGu0trQAxBCH0DlgpHe31UV
ca:csd:4809015,Rocky Mountain House,Alberta,rockymtnhouse.com,https://rockymtnhouse.com/ -> https://www.rockymtnhouse.com/ -> http://rockymtnhouse.com/ -> http://www.rockymtnhouse.com/ -> https://rockymtnhouse.com/p/council -> https://rockymtnhouse.com/p/mpc -> https://rockymtnhouse.com/p/current-council -> https://rockymtnhouse.com/p/access-to-information -> https://rockymtnhouse.com/p/council-meetings -> https://rockymtnhouse.com/p/boards-committees -> https://rockymtnhouse.com/p/rural-renewal-stream -> https://rockymtnhouse.com/p/connect-with-council ->,,24,yes,https://www.youtube.com/channel/UCxcAnnxrpfUhfGJttykjoDA?view_as=subscriber
us:cousub:0915059980,Plainfield,Connecticut,www.plainfieldct.org,https://plainfieldct.org/ -> https://www.plainfieldct.org/ -> http://plainfieldct.org/ -> http://www.plainfieldct.org/ -> https://plainfieldct.org/news_detail_T2_R223.php -> https://plainfieldct.org/newslist.php -> https://plainfieldct.org/departments/police/_commission.php -> https://eltownhall.com/community/community-access-tv/ -> https://eltownhall.com/government/boards-commissions/board-of-selectmen/ -> https://eltownhall.com/government/boards-commissions/board-of-assessment-appeals/ -> http,,1,no,
us:place:1714468,Cissna Park village,Illinois,cissnapark.com,https://cissnapark.com/ -> http://cissnapark.com/ -> http://www.cissnapark.com/ -> https://agenda.cissnapark.com/ -> https://www.cissnapark.com/events,,7,yes,https://www.youtube.com/watch?v=mTBnJeyIGWU
us:cousub:3603173891,Ticonderoga town,New York,townofticonderoga.gov,https://townofticonderoga.gov/ -> https://www.townofticonderoga.gov/ -> http://townofticonderoga.gov/ -> http://www.townofticonderoga.gov/ -> https://townofticonderoga.gov/town-board/ -> https://townofticonderoga.gov/youth-activities/ -> https://townofticonderoga.gov/zoning-and-planning-board/ -> https://townofticonderoga.gov/video-gallery/ -> https://townofticonderoga.gov/town-meeting-minutes/ -> https://townofticonderoga.gov/wp-content/uploads/Town-Board-Meeting-Agenda-Format-08.pdf -> https:/,,2,yes,https://www.youtube.com/channel/UCGUqt7j9MmMatsrX2yPV-Ag
us:place:0148808,Millport town,Alabama,townofmillportal.com,"https://townofmillportal.com/ -> https://www.townofmillportal.com/ -> http://townofmillportal.com/ -> http://www.townofmillportal.com/ -> https://townofmillportal.com/document_center/index.php -> https://townofmillportal.com/document_center/Documents/Council Minutes 2024/May 20, 2024 - Special Called Meeting - Police Car.pdf?t=202406131108570 -> https://townofmillportal.com/document_center/Documents/Council Minutes 2024/June 17, 2024 - Special Called Meeting.pdf?t=202410161227430 -> https://town",,5,no,
us:cousub:4212369992,SHEFFIELD TWP,Pennsylvania,sheffieldtownship.org,https://sheffieldtownship.org/ -> https://www.sheffieldtownship.org/ -> http://sheffieldtownship.org/ -> http://www.sheffieldtownship.org/ -> https://sheffieldtownship.org/agendas/index.php -> https://sheffieldtownship.org/sheffield_township_minutes/index.php -> https://sheffieldtownship.org/sheffield_township_minutes/agendas/index.php -> https://sheffieldtownship.org/sheffield_township_minutes/agendas/agendas/index.php -> https://sheffieldtownship.org/sheffield_township_minutes/agendas/sheffiel,,8,no,
us:place:1755210,Odin village,Illinois,odinishome.com,https://odinishome.com/ -> https://www.odinishome.com/ -> http://odinishome.com/ -> http://www.odinishome.com/ -> https://odinishome.com/history.html -> https://odinishome.com/history/committees.htm -> https://odinishome.com/comm.html -> https://odinishome.com/rec.html -> https://odinishome.com/dept.html -> https://odinishome.com/funfacts.html -> https://odinishome.com/pastevents.html -> https://odinishome.com/currentevents.html -> https://odinishome.com/ordc.html -> https://odinishome.com/garde,,6,no,
us:place:2600700,Akron village,Michigan,akronvillage.org,https://akronvillage.org/ -> https://www.akronvillage.org/ -> http://akronvillage.org/ -> http://www.akronvillage.org/ -> https://akronvillage.org/news-detail?item_id=34714 -> https://akronvillage.org/news-detail?item_id=18376 -> https://akronvillage.org/water-project-video-1 -> https://akronvillage.org/meeting-agendas-and-minutes -> https://akronvillage.org/village-council-president -> https://akronvillage.org/council-president-and-council -> https://akronvillage.org/agendas -> https://akronvil,,2,no,
us:place:4858808,Port Aransas city,Texas,cityofportaransas.org,https://cityofportaransas.org/ -> https://www.cityofportaransas.org/ -> http://cityofportaransas.org/ -> http://www.cityofportaransas.org/ -> https://cityofportaransas.org/2026/08/31/parks-recreation-fall-2026-program-guuide/ -> https://cityofportaransas.org/2026/05/05/parks-recreation-summer-2026-program-guide/ -> https://cityofportaransas.org/2026/02/25/parks-recreation-summer-2025-program-guide/ -> https://cityofportaransas.org/topics/ -> https://cityofportaransas.org/government/city-mayor-co,,1,no,
us:place:4977890,Uintah town,Utah,uintahcity.gov,https://uintahcity.gov/ -> http://uintahcity.gov/ -> http://www.uintahcity.gov/ -> https://uintahut.civicpluswebopen.com/city-recorder -> https://www.uintahcity.gov/city-council -> https://www.uintahcity.gov/city-council-disclosures -> https://www.uintahcity.gov/planning-commission -> https://www.uintahcity.gov/meetings -> https://www.uintahcity.gov/city-council/meeting/city-council-meeting-178 -> https://www.uintahcity.gov/city-council/meeting/city-council-meeting-177 -> https://www.uintahcity.,,43,yes,https://www.youtube.com/watch?v=GICWb7EbaII
us:place:2617100,Coleman city,Michigan,cityofcoleman.org,https://cityofcoleman.org/ -> http://cityofcoleman.org/ -> http://www.cityofcoleman.org/ -> https://www.cityofcoleman.org/city-council -> https://www.cityofcoleman.org/planning-commission -> https://www.cityofcoleman.org/newpage2 -> https://www.cityofcoleman.org/city-information -> https://www.cityofcoleman.org/city-finances -> https://www.cityofcoleman.org/city-assessor -> https://www.cityofcoleman.org/community-events,,11,no,
us:place:2010375,Caney city,Kansas,caney.com,https://caney.com/ -> http://caney.com/ -> http://www.caney.com/ -> https://www.caney.com/events,,5,yes,https://www.youtube.com/channel/UCn20LNddZRb-5b3pdg82RLA
ca:csd:2475040,Prévost,Quebec,www.ville.prevost.qc.ca,https://ville.prevost.qc.ca/ -> https://www.ville.prevost.qc.ca/ -> http://ville.prevost.qc.ca/ -> http://www.ville.prevost.qc.ca/ -> https://www.ville.prevost.qc.ca/storage/app/media/Guichet%20citoyen/Informations/Publications/Vivez%20prevost/2026/CAHIER_VIVEZ_PREVOST_SEPTEMBRE_2026_FINAL_WEB.pdf,,5,yes,https://www.youtube.com/@villedeprevostqc
us:cousub:4202922056,EAST WHITELAND TWP,Pennsylvania,eastwhiteland.org,https://eastwhiteland.org/ -> https://www.eastwhiteland.org/ -> http://eastwhiteland.org/ -> http://www.eastwhiteland.org/ -> https://eastwhiteland.org/news_detail_T2_R311.php -> https://eastwhiteland.org/news_detail_T2_R309.php -> https://eastwhiteland.org/news_detail_T2_R298.php -> https://eastwhiteland.org/news_detail_T2_R250.php -> https://eastwhiteland.org/newslist.php?pageid=main -> https://eastwhiteland.org/government/board_commissions/index.php -> https://us02web.zoom.us/meetings/8861773,,1,no,
us:sd:0631620,Princeton Joint Unified School District,California,pjusd.org,https://pjusd.org/ -> http://pjusd.org/ -> http://www.pjusd.org/ -> https://simbli.eboardsolutions.com/index.aspx?S=36030357,,4,yes,https://www.youtube.com/@pjusdsocialmedia4478
us:sd:4223790,Troy Area School District,Pennsylvania,troyareasd.org,https://troyareasd.org/ -> https://www.troyareasd.org/ -> http://troyareasd.org/ -> http://www.troyareasd.org/,,3,no,
us:place:4816240,Commerce city,Texas,commercetx.org,https://commercetx.org/ -> http://commercetx.org/ -> http://www.commercetx.org/ -> https://commercetx.civicweb.net/ -> https://www.commercetx.org/city-council -> https://www.commercetx.org/finance/page/notice-meeting-vote-tax-rate -> https://www.commercetx.org/meetings -> https://www.commercetx.org/meetings/recent -> https://www.commercetx.org/media/7486 -> https://www.commercetx.org/community-development/meeting/building-standards-commission-september-2026 -> https://www.commercetx.org/media/74,,53,yes,https://www.youtube.com/channel/UCVyhrmN14RrOuFUPnHiN-PA
us:place:2724992,Grand Marais city,Minnesota,ci.grand-marais.mn.us,https://ci.grand-marais.mn.us/ -> http://ci.grand-marais.mn.us/ -> http://www.ci.grand-marais.mn.us/ -> https://www.ci.grand-marais.mn.us/site-map -> https://www.ci.grand-marais.mn.us/council -> https://www.ci.grand-marais.mn.us/puc-meetings -> https://www.ci.grand-marais.mn.us/index.asp?SEC=DB2EF033-18CC-4AA7-8FB3-14494757C32F&DE=0F1CAA02-CAF6-4254-803E-130AAA8A3029 -> https://www.ci.grand-marais.mn.us/index.asp?SEC=DB2EF033-18CC-4AA7-8FB3-14494757C32F&DE=DFEA8AFF-B0F0-4DAF-8BE3-66070B5C13A1 ->,,31,yes,https://www.youtube.com/channel/UC8OF_XBXW9WJuCZEIzxSlIQ
ca:csd:4717052,Meadow Lake,Saskatchewan,meadowlake.ca,https://meadowlake.ca/ -> https://www.meadowlake.ca/ -> http://meadowlake.ca/ -> http://www.meadowlake.ca/ -> https://meadowlake.ca/index.asp?SEC=09AA0B48-2B6B-44D4-91F8-6932AE75155E&DE=ACC2DB83-74DF-420C-8282-A681B8FA47E8 -> https://meadowlake.ca/index.asp?SEC=09AA0B48-2B6B-44D4-91F8-6932AE75155E&DE=62D8BE08-90E2-4592-B673-462C90C07DB3 -> https://meadowlake.ca/index.asp?SEC=09AA0B48-2B6B-44D4-91F8-6932AE75155E&DE=CB4B79F4-4537-4EBA-BA82-971ADCF4EBC9 -> https://meadowlake.ca/meetings -> https://,,18,yes,https://www.youtube.com/@cityofmeadowlake5084
us:place:2880760,Winona city,Mississippi,winonams.us,https://winonams.us/ -> https://www.winonams.us/ -> http://winonams.us/ -> http://www.winonams.us/ -> https://www.winonams.city/board-minutes/ -> https://www.winonams.city/officials/Board-of-Aldermen -> https://www.winonams.city/officials/Mayor-of-Winona -> https://winonams.city/department/City-Hall/2 -> https://www.winonams.city/calendar/ -> https://www.winonams.city/department/City-Hall/2 -> https://www.winonams.city/board-minutes/2 -> https://www.winonams.city/board-minutes/1 -> https://www.w,,12,no,
us:cousub:2604927780,Fenton charter Township,Michigan,www.fentontownship.org,https://fentontownship.org/ -> https://www.fentontownship.org/ -> http://fentontownship.org/ -> http://www.fentontownship.org/ -> https://www.fentontownship.org/node/2303 -> https://www.fentontownship.org/node/125 -> https://www.fentontownship.org/node/2307 -> https://www.fentontownship.org/meetings -> https://www.fentontownship.org/clerk/page/board-meetings-public-television -> https://www.fentontownship.org/bc/page/public-notice-regularly-scheduled-meetings-2026 -> https://www.fentontownship.o,,2,no,
us:cousub:4211764624,Richmond township,Pennsylvania,richmondtwp.com,https://richmondtwp.com/ -> https://www.richmondtwp.com/ -> http://richmondtwp.com/ -> http://www.richmondtwp.com/ -> https://richmondtwp.com/richtownship@yahoo.com -> https://www.richmondtwp.com/richtownship@yahoo.com,,4,no,
ca:csd:2407070,Saint-Tharcisius,Quebec,saint-tharcisius.ca,https://saint-tharcisius.ca/ -> https://www.saint-tharcisius.ca/ -> http://saint-tharcisius.ca/ -> http://www.saint-tharcisius.ca/ -> https://saint-tharcisius.ca/accueil.html -> https://saint-tharcisius.ca/conseil-municipal.html -> https://saint-tharcisius.ca/histoire.html -> https://saint-tharcisius.ca/developpement.html -> https://saint-tharcisius.ca/contact.html -> https://saint-tharcisius.ca/activites.html -> https://www.saint-tharcisius.ca/accueil.html -> https://www.saint-tharcisius.ca/con,,15,yes,https://www.youtube.com/channel/UCr4WZ4MP4wWge5sOWE1bDmw
us:place:4268312,Schuylkill Haven borough,Pennsylvania,schuylkillhaven.org,https://schuylkillhaven.org/ -> https://www.schuylkillhaven.org/ -> http://schuylkillhaven.org/ -> http://www.schuylkillhaven.org/ -> https://schuylkillhaven.org/nav/borough_council/index.php -> https://schuylkillhaven.org/community/schuylkill_haven_island_park_commission.php -> https://schuylkillhaven.org/nav/borough_council/agendas___minutes.php -> https://schuylkillhaven.org/nav/borough_council/nav/borough_council/index.php -> https://schuylkillhaven.org/nav/borough_council/community/schuylki,,8,no,
us:place:2729618,Holland city,Minnesota,pipestone-county.com,https://pipestone-county.com/ -> https://www.pipestone-county.com/ -> http://pipestone-county.com/ -> http://www.pipestone-county.com/ -> https://pipestone-county.com/news_detail_T5_R18.php -> https://pipestone-county.com/news_detail_T5_R17.php -> https://pipestone-county.com/news_detail_T5_R15.php -> https://pipestone-county.com/government/agendas___minutes/index.php -> https://pipestone-county.com/government/agendas___minutes/government/board_of_commissioners/index.php -> https://pipestone-cou,,412,yes,https://youtu.be/4PVh4RKV7II
us:place:0176680,Trafford town,Alabama,traffordal.gov,https://traffordal.gov/ -> http://traffordal.gov/ -> http://www.traffordal.gov/ -> https://www.traffordal.gov/government/mayor-council -> https://www.traffordal.gov/government/council-meetings -> https://www.traffordal.gov/government/agendas-minutes -> https://www.traffordal.gov/government -> https://www.traffordal.gov/government/ordinances,,2,no,
us:county:08111,San Juan County,Colorado,sanjuancountycolorado.us,https://sanjuancountycolorado.us/ -> https://www.sanjuancountycolorado.us/ -> http://sanjuancountycolorado.us/ -> http://www.sanjuancountycolorado.us/ -> https://sanjuancounty.colorado.gov/meetings -> https://sanjuancounty.colorado.gov/planning-commission -> https://sanjuancounty.colorado.gov/county-government -> https://sanjuancounty.colorado.gov/agendas -> https://sanjuancounty.colorado.gov/planning-commission-13 -> https://sanjuancounty.colorado.gov/minutes -> https://sanjuancounty.colorado.g,,21,yes,https://www.youtube.com/@sanjuancountycolorado/;https://www.youtube.com/@COJudicialCommsOffice
us:cousub:2606511640,Bunker Hill Township,Michigan,www.bunkerhilltownship.org,https://bunkerhilltownship.org/ -> https://www.bunkerhilltownship.org/ -> http://bunkerhilltownship.org/ -> http://www.bunkerhilltownship.org/ -> https://bunkerhilltownship.org/assessor_board_of_review/index.php -> https://bunkerhilltownship.org/monthly_meeting_minutes/index.php -> https://bunkerhilltownship.org/monthly_meeting_minutes/2024 minutes_0001.pdf -> https://bunkerhilltownship.org/monthly_meeting_minutes/2023 minutes.pdf -> https://bunkerhilltownship.org/monthly_meeting_minutes/2022 mi,,5,no,
us:cousub:4205167640,SALTLICK TWP,Pennsylvania,saltlicktownship.net,https://saltlicktownship.net/ -> https://www.saltlicktownship.net/ -> http://saltlicktownship.net/ -> http://www.saltlicktownship.net/ -> http://saltlicktownship.net/saltlick-township-municipality.html -> http://www.saltlicktownship.net/saltlick-township-municipality.html,,2,no,
us:place:4667700,Volga city,South Dakota,volgacity.com,https://volgacity.com/ -> https://www.volgacity.com/ -> http://volgacity.com/ -> http://www.volgacity.com/ -> https://volgacity.com/news_detail_T15_R31.php -> https://volgacity.com/news_detail_T15_R39.php -> https://volgacity.com/news_detail_T15_R38.php -> https://volgacity.com/government/city_council.php -> https://volgacity.com/government/government/city_council.php -> https://volgacity.com/government/Documents/Government/City Council/Council committee descriptions.pdf?t=202312280949350 -> htt,,22,yes,https://www.youtube.com/@cityofvolga
ca:csd:2462047,Chertsey,Quebec,www.chertsey.ca,https://chertsey.ca/ -> https://www.chertsey.ca/ -> http://chertsey.ca/ -> http://www.chertsey.ca/ -> https://chertsey.ca/loisirs-sports-et-culture/vie-communautaire/pret-et-location-de-salles -> https://chertsey.ca/storage/app/media/loisirs_sports_et_culture/vie_communautaire/pret_et_location_de_salles/Contrat_Location-salle_Dynamique.pdf,,15,yes,https://www.youtube.com/watch?v=https://youtu.be/R09Bs71B_-g;https://www.youtube.com/channel/UCAZK5xeDFkSNHoXyLt2-jSQ
us:place:4543495,McBee town,South Carolina,townofmcbeesc.com,https://townofmcbeesc.com/ -> http://townofmcbeesc.com/ -> http://www.townofmcbeesc.com/ -> https://www.townofmcbeesc.com/government/elected_officials/town_council.php -> https://www.townofmcbeesc.com/government/public_meeting___minutes/minutes/index.php -> https://www.townofmcbeesc.com/government/public_meeting___minutes/minutes/government/elected_officials/town_council.php -> https://www.townofmcbeesc.com/government/public_meeting___minutes/minutes/government/public_meeting___minutes/minutes/m,,6,no,
us:cousub:2612373120,Sheridan charter Township,Michigan,www.sheridanchartertownship.com,https://sheridanchartertownship.com/ -> https://www.sheridanchartertownship.com/ -> http://sheridanchartertownship.com/ -> http://www.sheridanchartertownship.com/ -> https://sheridanchartertownship.com/nav/township_board.php -> https://sheridanchartertownship.com/nav/fremont_community_joint_planning_commission.php -> https://sheridanchartertownship.com/nav/fremont_community_joint_zoning_board_of_appeals.php,,8,no,
us:place:2513205,Chelsea city,Massachusetts,chelseama.gov,https://chelseama.gov/ -> https://www.chelseama.gov/ -> http://chelseama.gov/ -> http://www.chelseama.gov/ -> http://www.chelseama.gov/civic-leadership -> https://www.chelseama.gov/news_detail_T2_R968.php -> https://www.chelseama.gov/government/city_manager/fiscal_year_2027_budget.php -> https://chelseama.gov/government/city_council/agendas___minutes.php -> https://chelseama.gov/government/city_council/government/city_council/agendas___minutes.php#outer-3500sub-3895 -> https://chelseama.gov/gove,,79,yes,https://www.youtube.com/@cityofchelseama6435
us:sd:1721680,La Moille Community Unit School District 303,Illinois,home.lamoilleschools.org,https://home.lamoilleschools.org/ -> http://home.lamoilleschools.org/ -> https://drive.google.com/file/d/1uPF867YYSf6cAoC-guXYupN7BdYh6oXJ/view?usp=sharing -> http://home.lamoilleschools.org/district-business/board-of-ed-info,,9,no,
ca:csd:2414055,Saint-Denis-De La Bouteillerie,Quebec,www.munstdenis.com,https://munstdenis.com/ -> https://www.munstdenis.com/ -> http://munstdenis.com/ -> http://www.munstdenis.com/ -> https://munstdenis.com/cout-de-location-de-salle-complexe-municipal-de-st-denis/,,18,yes,https://www.youtube.com/embed/K3uQudmYBNQ;https://www.youtube.com/embed/Qmtf-bfthAY?rel=0&controls=0&showinfo=0
us:sd:3402130,Bradley Beach Borough School District,New Jersey,bbesnj.org,https://bbesnj.org/ -> https://www.bbesnj.org/ -> http://bbesnj.org/ -> http://www.bbesnj.org/ -> https://www.bbesnj.org/bbes/District/Board%20of%20Education/ -> https://www.bbesnj.org/bbes/Families/Genesis%20Parent%20Portal/ -> http://bbesnj.org/bbes/Announcements/Digital%20Backpack.html/_top,,8,no,
us:place:1300996,Alamo town,Georgia,cityofalamo.us,https://cityofalamo.us/ -> https://www.cityofalamo.us/ -> http://cityofalamo.us/ -> http://www.cityofalamo.us/ -> https://cityofalamo.us/CityNews.aspx?CNID=4047 -> https://cityofalamo.us/CityCalendar.aspx?CNID=4086 -> https://cityofalamo.us/AgendasAndMinutes.aspx -> https://cityofalamo.us/Committees.aspx -> https://cityofalamo.us/default.aspx -> https://cityofalamo.us/AboutAlamo.aspx -> https://cityofalamo.us/MayorandCouncil.aspx -> https://cityofalamo.us/Mission.aspx -> https://cityofalamo.us/L,,8,yes,https://www.youtube.com/embed/OX9OP4uaDDo?showinfo=0
us:place:3620951,Dryden village,New York,townofdrydenny.gov,https://townofdrydenny.gov/ -> https://www.townofdrydenny.gov/ -> http://townofdrydenny.gov/ -> http://www.townofdrydenny.gov/ -> https://www.townofdrydenny.gov/town-court/page/town-court-closed-september-28-2026-september-30-2026 -> https://www.townofdrydenny.gov/town-board/page/notice-public-hearing-establishing-joint-fire-district-10126-630pm -> https://www.townofdrydenny.gov/home-page/page/town-justice-vacancy-2026-08-31 -> https://www.townofdrydenny.gov/meetings -> https://www.townofdrydenn,,114,yes,https://youtu.be/eG0G5wkgMJI
us:place:2928090,Grain Valley city,Missouri,grainvalleymo.gov,https://grainvalleymo.gov/ -> https://www.grainvalleymo.gov/ -> http://grainvalleymo.gov/ -> http://www.grainvalleymo.gov/ -> https://www.cityofgrainvalley.org/news/downtown_spooktacular_october_30_2026/ -> https://www.cityofgrainvalley.org/news/2026_road_improvement_program/ -> https://www.cityofgrainvalley.org/officials/commissions/ -> https://www.cityofgrainvalley.org/officials/meetings/ -> https://www.youtube.com/channel/UCqqlF1tjZotFENNmUSmoZ1g -> https://www.cityofgrainvalley.org/officials,https://www.youtube.com/channel/UCqqlF1tjZotFENNmUSmoZ1g,436,yes,https://www.youtube.com/watch?v=iBAszGOdP8I
us:place:2634160,Grandville city,Michigan,cityofgrandville.com,https://cityofgrandville.com/ -> http://cityofgrandville.com/ -> http://www.cityofgrandville.com/ -> https://www.cityofgrandville.com/news_detail_T13_R143.php -> https://www.cityofgrandville.com/news_detail_T13_R144.php -> https://www.cityofgrandville.com/news_detail_T13_R12.php -> https://www.cityofgrandville.com/government/city_council/agendas___minutes.php -> https://www.cityofgrandville.com/government/city_council/government/city_council/index.php -> https://www.cityofgrandville.com/governme,,31,yes,https://www.youtube.com/channel/UC1vt0wXSM5Mzyfp6CaNzUXw
us:place:0144608,Loxley city,Alabama,townofloxley.org,https://townofloxley.org/ -> https://www.townofloxley.org/ -> http://townofloxley.org/ -> http://www.townofloxley.org/ -> https://cityofloxley.com/2026/08/18/press-release-corn-branch-tributary-restoration-project/ -> https://cityofloxley.com/2026/05/26/recycling-services/ -> https://cityofloxley.com/city-council/ -> https://www.bcbe.org/ -> https://www.bcbe.org/board-of-education/bcbe-board-members -> https://www.bcbe.org/board-of-education -> https://www.bcbe.org/board-of-education/ethics-poli,,14,no,
us:place:1719616,De Soto village,Illinois,villageofdesoto.com,https://villageofdesoto.com/ -> https://www.villageofdesoto.com/ -> http://villageofdesoto.com/ -> http://www.villageofdesoto.com/ -> https://villageofdesoto.com/board-members--village-minutes--forms.html -> https://villageofdesoto.com/monthly-news-and-events.html -> https://villageofdesoto.com/local-business--organizations.html -> https://villageofdesoto.com/churches--schools.html -> https://villageofdesoto.com/city-services.html -> https://villageofdesoto.com/uploads/1/2/5/0/125085618/minutes_,,9,yes,https://www.youtube.com/embed/WW59FiGI-Xg?wmode=opaque
ca:csd:3548001,South Algonquin,Ontario,www.southalgonquin.ca,https://southalgonquin.ca/ -> http://southalgonquin.ca/ -> http://www.southalgonquin.ca/ -> https://www.southalgonquin.ca/article/delegations/ -> https://www.southalgonquin.ca/council/ -> https://www.southalgonquin.ca/meeting/regular-council-2026-10-07/ -> https://www.southalgonquin.ca/committee-meetings-agendas-and-minutes/ -> https://www.southalgonquin.ca/meeting/human-resources-administration-public-relations-2023-03-15/ -> https://www.southalgonquin.ca/wp-content/uploads/2023/09/August-15-20,,14,yes,https://www.youtube.com/channel/UCLux-48paCHRh_m8yEA8_GQ;https://www.youtube.com/embed/f43rZEoN0s8?enablejsapi=1&autoplay=0&cc_load_policy=0&cc_lang_pref=&iv_load_policy=1&loop=0&rel=0&fs=1&playsinline=0&autohide=2&theme=dark&color=red&controls=1&disablekb=0&
ca:csd:2419005,Saint-Philémon,Quebec,www.saintphilemon.com,https://saintphilemon.com/ -> http://saintphilemon.com/ -> http://www.saintphilemon.com/ -> https://www.saintphilemon.com/pages/location-de-salles -> https://www.saintphilemon.com/pages/https-wwwfacebookcom-municipalitesaintphil- -> https://www.saintphilemon.com/pages/albums-photos-et-videos -> https://www.saintphilemon.com/pages/version-aidio-video-des-seances,,35,yes,https://youtu.be/9_cUHnTrDqI
us:sd:4809870,Ben Bolt-Palito Blanco Independent School District,Texas,bbpbschools.net,https://bbpbschools.net/ -> https://www.bbpbschools.net/ -> http://bbpbschools.net/ -> http://www.bbpbschools.net/ -> https://www.bbpbschools.net/apps/pages/index.jsp?uREC_ID=345912&type=d&pREC_ID=754248 -> https://www.bbpbschools.net/apps/pages/index.jsp?uREC_ID=345912&type=d&pREC_ID=811600 -> https://www.bbpbschools.net/apps/events/2026/10/1/55996511/?REC_ID=55996511&id=0 -> https://meetings.boardbook.org/Public/Organization/2197 -> https://meetings.boardbook.org/Public/Agenda/2197?meeting=766,,4,no,
us:place:4775320,Tullahoma city,Tennessee,tullahomatn.gov,https://tullahomatn.gov/ -> https://www.tullahomatn.gov/ -> http://tullahomatn.gov/ -> http://www.tullahomatn.gov/ -> https://tullahomatn.gov/news_detail_T4_R91.php -> https://tullahomatn.gov/news_detail_T4_R88.php -> https://tullahomatn.gov/news_detail_T4_R87.php -> https://tullahomatn.gov/government/agendas_minutes/index.php -> https://tullahomatn.gov/government/agendas_minutes/government/agendas_minutes/board_of_mayor_aldermen.php -> https://tullahomatn.gov/government/agendas_minutes/governme,,6,yes,https://www.youtube.com/c/CityofTullahoma/videos
us:cousub:2301717740,Dixfield town,Maine,dixfield.org,https://dixfield.org/ -> http://dixfield.org/ -> http://www.dixfield.org/ -> https://www.dixfield.org/boards/planning_board.php -> https://www.dixfield.org/boards/select_board.php -> https://www.dixfield.org/boards/appeals_board.php -> https://www.dixfield.org/boards/index.php -> https://www.dixfield.org/boards/boards/planning_board.php -> https://www.dixfield.org/boards/boards/select_board.php -> https://www.dixfield.org/boards/boards/appeals_board.php -> https://www.dixfield.org/boards/boards/,,3,no,
us:place:5569725,Rothschild village,Wisconsin,rothschildwi.com,https://rothschildwi.com/ -> https://www.rothschildwi.com/ -> http://rothschildwi.com/ -> http://www.rothschildwi.com/ -> https://rothschildwi.com/news_detail_T30_R495.php -> https://rothschildwi.com/news_detail_T30_R496.php -> https://rothschildwi.com/government/village_board.php -> https://rothschildwi.com/government/village_agendas_recordings___minute_meetings/index.php -> https://rothschildwi.com/government/village_agendas_recordings___minute_meetings/government/village_board.php -> https://,,23,yes,https://www.youtube.com/@VillageofRothschild-cn8yq
us:place:5048850,Newport city,Vermont,newportvermont.org,https://newportvermont.org/ -> http://newportvermont.org/ -> http://www.newportvermont.org/ -> https://www.newportvermont.org/2024-newport-city-annual-report/ -> https://www.newportvermont.org/2024-final-audit-report/ -> https://www.newportvermont.org/newport-city-master-plan-update-12-16-24-final/ -> https://legislature.vermont.gov/statutes/fullchapter/24APPENDIX/007 -> https://legislature.vermont.gov/committee/meetings/2026 -> https://legislature.vermont.gov/committee/detail/2026/8 -> https://,,20,yes,https://www.youtube.com/watch?v=hw-fjNK-rf4
us:place:4284552,White Haven borough,Pennsylvania,whitehavenborough.org,https://whitehavenborough.org/ -> http://whitehavenborough.org/ -> http://www.whitehavenborough.org/ -> https://www.whitehavenborough.org/council-administration-2/ -> https://www.whitehavenborough.org/council-administration-2/right-to-know-requests/ -> https://www.whitehavenborough.org/white-haven-honors-home-town-heros/ -> https://www.whitehavenborough.org/white-haven-honors-home-town-heros/white-haven-area-military-honor-roll/,,58,yes,https://youtu.be/3S0v_Gx6tBs?si=im3FQodXJrsBdHYo
us:cousub:2614568340,Richland Township,Michigan,www.richlandtownship.com,https://richlandtownship.com/ -> https://www.richlandtownship.com/ -> http://richlandtownship.com/ -> http://www.richlandtownship.com/ -> https://richlandtownship.com/government/new_page/index.php -> https://richlandtownship.com/government/board_of_trustees/index.php -> https://richlandtownship.com/government/commissions_and_committees.php -> https://richlandtownship.com/board_minutes/index.php -> https://richlandtownship.com/board_minutes/government/new_page/index.php -> https://richlandtownshi,,4,no,
us:place:4829876,Glen Rose city,Texas,glenrosetexas.org,https://glenrosetexas.org/ -> https://www.glenrosetexas.org/ -> http://glenrosetexas.org/ -> http://www.glenrosetexas.org/ -> https://portal.civicplus.com/TX-GlenRose/notifications?tab=notifications -> https://www.glenrosetexas.org/finance/page/public-hearing-regarding-proposed-budget,,1,yes,https://www.youtube.com/@cityofglenrosetexas127
us:place:2546225,North Adams city,Massachusetts,northadams-ma.gov,https://northadams-ma.gov/ -> http://northadams-ma.gov/ -> http://www.northadams-ma.gov/ -> https://www.northadams-ma.gov/news_detail_T6_R166.php -> https://www.northadams-ma.gov/news_detail_T6_R165.php -> https://www.northadams-ma.gov/news_detail_T6_R164.php -> https://www.northadams-ma.gov/government/city_council/index.php -> https://www.northadams-ma.gov/government/city_council/government/city_council/index.php -> https://www.northadams-ma.gov/government/city_council/government/boards_and_com,,2,yes,https://www.youtube.com/@NorthAdams
us:cousub:1709741599,Lake Villa,Illinois,lakevillatownship.org,https://lakevillatownship.org/ -> https://www.lakevillatownship.org/ -> http://lakevillatownship.org/ -> http://www.lakevillatownship.org/ -> https://lakevillatownship.org/township-government/ -> https://lakevillatownship.org/lake-villa-township-board/ -> https://lakevillatownship.org/annual-township-meeting/ -> https://lakevillatownship.org/meeting-agendas/ -> https://lakevillatownship.org/fire-district-board-meetings/ -> https://lakevillatownship.org/meeting-minutes/ -> https://lakevillatownsh,,2,yes,https://www.youtube.com/embed/0_1kUINurr4
us:place:3672521,Sylvan Beach village,New York,villageofsylvanbeachny.gov,https://villageofsylvanbeachny.gov/ -> http://villageofsylvanbeachny.gov/ -> http://www.villageofsylvanbeachny.gov/ -> https://www.villageofsylvanbeachny.gov/zoning-board -> https://www.villageofsylvanbeachny.gov/village-planning-board -> https://www.villageofsylvanbeachny.gov/agendas -> https://www.villageofsylvanbeachny.gov/village-minutes -> https://www.villageofsylvanbeachny.gov/text-my-gov -> https://www.villageofsylvanbeachny.gov/copy-of-text-my-gov-1 -> https://www.villageofsylvanbeachny.,,8,yes,https://www.youtube.com/@SylvanBeachSun/live
us:place:1257550,Plant City city,Florida,plantcitygov.com,https://plantcitygov.com/ -> https://www.plantcitygov.com/ -> http://plantcitygov.com/ -> http://www.plantcitygov.com/ -> https://plantcitygov.com/news_detail_T16_R300.php -> https://plantcitygov.com/news_detail_T16_R299.php -> https://plantcitygov.com/news_detail_T16_R296.php -> https://plantcitygov.com/government/meetings_boards_committees/index.php -> https://plantcitygov.com/government/meetings_boards_committees/departments/chartered_officials/city_commission/index.php -> https://plantcitygo,,25,yes,https://www.youtube.com/@cityofplantcitygovernment8169
us:place:1360340,Perry city,Georgia,perry-ga.gov,https://perry-ga.gov/ -> https://www.perry-ga.gov/ -> http://perry-ga.gov/ -> http://www.perry-ga.gov/ -> https://www.youtube.com/channel/UC6PKRZOSsI7ZzJKQQkRLVeg -> https://vimeo.com/perryga -> https://perry-ga.gov/government/city-council -> https://perry-ga.gov/police-department/neighborhood-watch -> http://www.hcbe.net/ -> https://www.hcbe.net/boe -> https://www.hcbe.net/addressingtheboard -> https://www.hcbe.net/boardmeetingvideo -> https://www.hcbe.net/calendar -> https://perry-ga.gov/escri,https://www.youtube.com/channel/UC6PKRZOSsI7ZzJKQQkRLVeg,97,yes,https://www.youtube.com/channel/UC6PKRZOSsI7ZzJKQQkRLVeg;https://www.youtube.com/live/QAc6n74toYo;https://www.youtube.com/live/jaUhtOD4vyU;https://www.youtube.com/live/nk2fsksS-Ec
us:county:38067,Pembina County,North Dakota,pembinacountynd.gov,https://pembinacountynd.gov/ -> https://www.pembinacountynd.gov/ -> http://pembinacountynd.gov/ -> http://www.pembinacountynd.gov/ -> https://pembinacountynd.gov/?id=48&form_data_id=569 -> https://pembinacountynd.gov/county/farmers-meeting-room/ -> https://pembinacountynd.gov/county/eoc-meeting-room/ -> https://pembinacountynd.gov/county/boards/ -> https://pembinacountynd.gov/recreation/community-events/add-community-event/ -> https://pembinacountynd.gov/recreation/city-parks/ -> https://pembina,,2,no,
us:place:2760844,Sleepy Eye city,Minnesota,sleepyeyemn.gov,https://sleepyeyemn.gov/ -> http://sleepyeyemn.gov/ -> https://www.sleepyeyemn.gov/city-council.html -> https://www.sleepyeyemn.gov/library-board.html -> https://www.sleepyeyemn.gov/park-board.html -> https://www.sleepyeyemn.gov/utilities--services.html/#PhoneInternetCable -> https://www.sleepyeyemn.gov/agendas-and-minutes.html -> https://www.sleepyeyemn.gov/city-boards-and-commissions.html -> https://www.sleepyeyemn.gov/https://www.sleepyeyemn.gov/government.html -> https://www.sleepyeyemn.gov/,,28,yes,https://www.youtube.com/embed/RgVGkgnBxuM?wmode=opaque
us:county:21231,Wayne County,Kentucky,waynecounty.ky.gov,https://waynecounty.ky.gov/ -> https://www.waynecounty.ky.gov/ -> http://waynecounty.ky.gov/ -> http://www.waynecounty.ky.gov/ -> https://waynecounty.ky.gov/bnc/Pages/911board.aspx -> https://waynecounty.ky.gov/bnc/Pages/parkboard.aspx -> https://waynecounty.ky.gov/bnc/Pages/airboard.aspx -> https://waynecounty.ky.gov/Pages/sitemap.aspx -> https://waynecounty.ky.gov/bnc/Pages/default.aspx -> https://waynecounty.ky.gov/Pages/contact.aspx -> https://waynecounty.ky.gov/bnc/Pages/cemboard.aspx -> ht,,4,yes,http://www.youtube.com/watch?v=xMzepKDbphg
us:cousub:2612334380,Grant Township,Michigan,www.granttownship.org,https://granttownship.org/ -> https://www.granttownship.org/ -> http://granttownship.org/ -> http://www.granttownship.org/ -> https://granttownship.org/boards/meetings.php -> https://granttownship.org/news_detail_T28_R4.php -> https://granttownship.org/boards/minutes.php -> https://granttownship.org/boards/Township special Meeting Minutes -6-18-2026.docx--.pdf?t=202609171520450 -> https://granttownship.org/boards/Township Meeting Minutes -6-1-2026.docx--.pdf?t=202609171516340 -> https://granttow,,4,no,
us:place:1777148,Valier village,Illinois,villageofvalier.org,https://villageofvalier.org/ -> https://www.villageofvalier.org/ -> http://villageofvalier.org/ -> http://www.villageofvalier.org/ -> https://villageofvalier.org/calendar,,9,yes,https://youtu.be/6SLIWsPTaUQ
ca:csd:4819006,Grande Prairie County No. 1,Alberta,countygp.ab.ca,https://countygp.ab.ca/ -> http://countygp.ab.ca/ -> http://www.countygp.ab.ca/ -> https://countygp.civicweb.net/ -> https://www.countygp.ab.ca/news/news-and-notices/ -> https://www.countygp.ab.ca/news/latest-news/ -> https://www.countygp.ab.ca/news/council-highlights/ -> https://www.countygp.ab.ca/council-administration/boards-and-committees/ -> https://www.countygp.ab.ca/agriculture-livestock/agricultural-services-board/ -> https://www.countygp.ab.ca/council-administration/ -> https://www.coun,,27,yes,https://www.youtube.com/watch?v=KZ1CDM06rEY;https://www.youtube.com/user/CountyofGP
us:place:3478530,West Cape May borough,New Jersey,westcapemay.us,https://westcapemay.us/ -> https://www.westcapemay.us/ -> http://westcapemay.us/ -> http://www.westcapemay.us/ -> https://westcapemay.us/departments/commission.html -> https://westcapemay.us/government/agendas-minutes/environmental-commission-minutes.html -> https://westcapemay.us/government/agendas-minutes/history-preservation-commission-minutes.html -> https://westcapemay.us/government/agendas-minutes/board-of-commissioners-minutes.html -> https://westcapemay.us/government/agendas-minutes/boar,,5,yes,https://www.youtube.com/@westcapemay
us:county:37091,Hertford County,North Carolina,hertfordcountync.gov,https://hertfordcountync.gov/ -> http://hertfordcountync.gov/ -> http://www.hertfordcountync.gov/ -> https://www.hertfordcountync.gov/government/county_commissioners/meeting_information.php -> https://www.hertfordcountync.gov/government/county_commissioners/board_packets.php -> https://www.hertfordcountync.gov/government/county_commissioners/post_meeting_briefs.php -> https://www.hertfordcountync.gov/news_detail_T10_R321.php -> https://www.hertfordcountync.gov/government/county_commissioners/min,,10,yes,https://www.youtube.com/channel/UCwKBgzBDzzJpVYMhif0BlkA
us:place:3764160,Spring Hope town,North Carolina,springhope.net,https://springhope.net/ -> http://springhope.net/ -> http://www.springhope.net/ -> https://www.springhope.net/board-minutes -> https://www.springhope.net/town-ordinances,,4,yes,https://www.youtube.com/@townofspringhopenc
us:place:2062175,St. Francis city,Kansas,stfranciskansas.com,https://stfranciskansas.com/ -> https://www.stfranciskansas.com/ -> http://stfranciskansas.com/ -> http://www.stfranciskansas.com/ -> https://stfranciskansas.com/events/ -> https://stfranciskansas.com/category/government/ -> https://stfranciskansas.com/2026/06/2025-water-quality-report/ -> https://stfranciskansas.com/city-council-minutes/ -> https://stfranciskansas.com/documents/special-meeting-9-1-2026/ -> https://stfranciskansas.com/documents/notice-of-special-meeting/ -> https://stfranciskans,,3,yes,https://www.youtube.com/channel/UC8iN0-T0IpT4FVokMvPLqIQ
us:county:12013,Calhoun County,Florida,calhouncountyfl.gov,https://calhouncountyfl.gov/ -> http://calhouncountyfl.gov/ -> http://www.calhouncountyfl.gov/ -> https://www.calhouncountyfl.gov/home/calhoun-county-current-solicitations/ -> https://www.calhouncountyfl.gov/uploads/2026/09/notice-to-receive.pdf -> https://www.calhouncountyfl.gov/sitemap_index.xml -> https://www.calhouncountyfl.gov/page-sitemap.xml -> https://www.calhouncountyfl.gov/departments/spay-neuter-voucher-program/ -> https://www.calhouncountyfl.gov/building-department/ -> https://www.ca,,10,no,
us:place:4066350,Seminole city,Oklahoma,seminolecityok.gov,https://seminolecityok.gov/ -> https://www.seminolecityok.gov/ -> http://seminolecityok.gov/ -> http://www.seminolecityok.gov/ -> https://www.seminole-oklahoma.net/city-council -> https://www.seminole-oklahoma.net/youth-council -> https://www.seminole-oklahoma.net/public-meetings -> https://www.seminole-oklahoma.net/city-leadership -> https://www.seminole-oklahoma.net/social-media-policy,,10,no,
us:place:4735160,Hohenwald city,Tennessee,hohenwald.com,https://hohenwald.com/ -> http://hohenwald.com/ -> http://www.hohenwald.com/ -> https://www.hohenwald.com/bza.html -> https://www.hohenwald.com/city_council.html -> https://www.hohenwald.com/planning_commission.html -> https://www.hohenwald.com/agendas_minutes.html -> https://www.hohenwald.com/pdfs/agendas_minutes/agendas/city_council/2026/03032026.pdf -> https://www.hohenwald.com/pdfs/agendas_minutes/agendas/city_council/2025/04012025.pdf -> https://www.hohenwald.com/pdfs/agendas_minutes/agenda,,5,no,
us:county:29165,Platte County,Missouri,www.co.platte.mo.us,https://co.platte.mo.us/ -> http://co.platte.mo.us/ -> http://www.co.platte.mo.us/ -> https://docs.co.platte.mo.us/ -> https://www.co.platte.mo.us/september-2026-sales-tax-report-1 -> https://www.co.platte.mo.us/food-drive-0 -> https://www.co.platte.mo.us/december-2025-sales-tax-report -> https://www.co.platte.mo.us/agendas -> https://www.co.platte.mo.us/commissioners -> https://www.co.platte.mo.us/board-appointments -> https://www.co.platte.mo.us/media/Department%20Documents/Parks%20and%20Rec/F,,18,yes,https://www.youtube.com/channel/UCy7bdFmn7YzY8GwUXv3ONzg
us:place:3903758,Baltimore village,Ohio,baltimoreohio.org,https://baltimoreohio.org/ -> http://baltimoreohio.org/ -> http://www.baltimoreohio.org/ -> https://www.baltimoreohio.org/village-council-members -> https://www.baltimoreohio.org/board-meetings -> https://www.baltimoreohio.org/event/planning-and-zoning-meeting -> https://www.baltimoreohio.org/event/village-council-meeting-0 -> https://www.baltimoreohio.org/boards-and-commissions -> https://www.baltimoreohio.org/town-hall-and-opera-house -> https://www.baltimoreohio.org/sitemap -> https://www.bal,,19,yes,https://www.youtube.com/channel/UCsKUv3GgnaRXXWkTJB06vJg
us:place:2900244,Adrian city,Missouri,adrianmo.com,https://adrianmo.com/ -> https://www.adrianmo.com/ -> http://adrianmo.com/ -> http://www.adrianmo.com/ -> https://en.wikipedia.org/wiki/ISBN_(identifier) -> https://en.wikipedia.org/wiki/Special:BookSources/0-89933-224-2 -> https://en.wikipedia.org/w/index.php?title=Special:CiteThisPage&page=Adrian%2C_Missouri&id=1373983368&wpFormIdentifier=titleform -> https://en.wikipedia.org/wiki/Portal:Current_events -> https://en.wikipedia.org/w/index.php?title=Portal:Current_events/2026_September_30&action,,11,no,
us:place:3969708,St. Paris village,Ohio,stparisohio.org,https://stparisohio.org/ -> http://stparisohio.org/ -> http://www.stparisohio.org/ -> https://www.stparisohio.org/special-event-application -> https://www.stparisohio.org/village-calendar -> https://www.stparisohio.org/village-government -> https://www.stparisohio.org/our-town---st-paris,,1,yes,https://youtube.com/@user-tg5nj7uh3c?si=0LQ0fctwViwf3-eU
us:place:4060500,Prague city,Oklahoma,cityofpragueok.org,https://cityofpragueok.org/ -> https://www.cityofpragueok.org/ -> http://cityofpragueok.org/ -> http://www.cityofpragueok.org/ -> https://cityofpragueok.org/council-agenda-9-14-2026/ -> https://cityofpragueok.org/hca-agenda-9-14-2026/ -> https://cityofpragueok.org/ppwa-agenda-9-14-2026/ -> https://cityofpragueok.org/council-agenda-8-10-26/ -> https://cityofpragueok.org/welcome-to-the-city-of-prague-oklahoma/ -> https://cityofpragueok.org/author/city-of-prague/ -> https://cityofpragueok.org/hca-a,,3,no,
us:place:2769106,Wells city,Minnesota,cityofwellsmn.gov,https://cityofwellsmn.gov/ -> https://www.cityofwellsmn.gov/ -> http://cityofwellsmn.gov/ -> http://www.cityofwellsmn.gov/ -> https://cityofwellsmn.gov/index.php/departments/community-development/planning-zoning-commission -> https://cityofwellsmn.gov/index.php/city-of-wells-government/city-officials -> https://cityofwellsmn.gov/index.php/city-of-wells-government/wells-city-council-minutes -> https://cityofwellsmn.gov/index.php/component/edocman/08-24-26-city-council-meeting-agenda?Itemid=0 -> h,,6,yes,https://www.youtube.com/embed/mwcOi94BgKA?si=f96Ww5RfwpDanZIo
us:place:2936314,Jameson town,Missouri,jamesonmo.org,https://jamesonmo.org/ -> https://www.jamesonmo.org/ -> http://jamesonmo.org/ -> http://www.jamesonmo.org/ -> https://www.jamesonmo.org/contact-us/ -> https://www.jamesonmo.org/legal-notice/,,6,no,
us:place:2645540,L'Anse village,Michigan,villageoflanse.org,https://villageoflanse.org/ -> https://www.villageoflanse.org/ -> http://villageoflanse.org/ -> http://www.villageoflanse.org/ -> https://villageoflanse.org/government/village_council.php -> https://villageoflanse.org/government/index.php -> https://villageoflanse.org/government/government/village_council.php,,4,no,
us:place:1309068,Bogart town,Georgia,cityofbogart.com,https://cityofbogart.com/ -> https://www.cityofbogart.com/ -> http://cityofbogart.com/ -> http://www.cityofbogart.com/ -> https://cityofbogart.com/events/2026/10/city-council-meeting-101226 -> https://cityofbogart.com/events/2026/10/dumpster-days-2026-10 -> https://cityofbogart.com/events/2026/10/trunk-or-treat-2026 -> https://cityofbogart.com/events/recurring/city-council-meetings -> https://cityofbogart.com/events/2021/03/city-council-meeting-march-2021 -> https://cityofbogart.com/events/2021/,,1,yes,https://www.youtube-nocookie.com/embed/D96sXASws6s
ca:csd:2467030,Sainte-Catherine,Quebec,www.ville.sainte-catherine.qc.ca,https://ville.sainte-catherine.qc.ca/ -> http://ville.sainte-catherine.qc.ca/ -> http://www.ville.sainte-catherine.qc.ca/ -> https://www.ville.sainte-catherine.qc.ca/citoyens/informations-pratiques/location-salles-terrains/ -> https://www.ville.sainte-catherine.qc.ca/medias/documents/content/REGL-816x17-LocationSalles-CODAM-vp20250306.pdf,,5,no,
us:sd:5103600,Southampton County Public Schools,Virginia,southampton.k12.va.us,https://southampton.k12.va.us/ -> https://www.southampton.k12.va.us/ -> http://southampton.k12.va.us/ -> http://www.southampton.k12.va.us/ -> https://www.southampton.k12.va.us/about-us/school-board -> https://www.southampton.k12.va.us/about-us/board-meeting-agendas/school-board-agendas -> https://www.southampton.k12.va.us/for-students-and-families/scps-live-testing-calendar -> https://www.southampton.k12.va.us/for-students-and-families/powerschool-parent-portal -> https://www.southampton.k12.va.,,1,no,
us:cousub:2608751420,Marathon Township,Michigan,www.marathontwp.com,https://marathontwp.com/ -> https://www.marathontwp.com/ -> http://marathontwp.com/ -> http://www.marathontwp.com/ -> https://www.marathontownship.com/home?blog_id=51 -> https://www.marathontownship.com/home?blog_id=49 -> https://www.marathontownship.com/home?blog_id=47 -> https://www.marathontownship.com/community-info/neighborhood-watch -> https://www.marathontownship.com/board-meeting-work-sessions/board-meetings -> https://www.marathontownship.com/board-meeting/board-members -> https://www.m,https://www.youtube.com/@countyoflapeermichigan8302/streams;https://www.youtube.com/channel/UCrQ6gCbfPGmXU1jmP2RiDSA,298,no,
ca:csd:2439062,Victoriaville,Quebec,www.victoriaville.ca,https://victoriaville.ca/ -> https://www.victoriaville.ca/ -> http://victoriaville.ca/ -> http://www.victoriaville.ca/ -> https://victoriaville.ca/communications-et-emplois/relations-avec-les-medias,,6,yes,https://www.youtube.com/@VilledeVictoriaville
us:place:3736220,Kure Beach town,North Carolina,townofkurebeach.org,https://townofkurebeach.org/ -> http://townofkurebeach.org/ -> http://www.townofkurebeach.org/ -> https://townofkurebeach.civicweb.net/ -> https://www.townofkurebeach.org/news/coffee-mayor-oliver-10 -> https://www.townofkurebeach.org/news/actions-town-council-meeting-monday-september-21-2026 -> https://www.townofkurebeach.org/news/request-qualifications-no-2026-01 -> https://www.townofkurebeach.org/agendas-minutes -> https://www.townofkurebeach.org/kure-beach-council -> https://www.townofkurebea,,13,no,
us:county:08109,Saguache County,Colorado,saguachecounty-co.gov,https://saguachecounty-co.gov/ -> https://www.saguachecounty-co.gov/ -> http://saguachecounty-co.gov/ -> http://www.saguachecounty-co.gov/ -> https://saguachecounty.colorado.gov/node/11581 -> https://saguachecounty.colorado.gov/board-of-county-commissioners-agendas -> https://saguachecounty.colorado.gov/events/saguache-county-board-of-county-commissioners-meeting-0 -> https://saguachecounty.colorado.gov/events/saguache-county-board-of-commissioners-attending-the-san-luis-valley-board-of-commissi,,2,yes,https://www.youtube.com/embed/edBSRBqtFIY?si=8mTHDqC0xaKkV4HE&start=3
us:cousub:3600959509,Portville town,New York,portville-ny.com,https://portville-ny.com/ -> https://www.portville-ny.com/ -> http://portville-ny.com/ -> http://www.portville-ny.com/ -> https://portville-ny.com/math7.html -> https://portville-ny.com/math8.html -> https://www.portville-ny.com/math7.html -> https://www.portville-ny.com/math8.html,,570,no,
us:place:1730991,Grant Park village,Illinois,grantpark-il.org,https://grantpark-il.org/ -> http://grantpark-il.org/ -> http://www.grantpark-il.org/ -> https://www.grantpark-il.org/announcements/2025/7/8/watch-our-village-board-meeting-from-7725-on-youtube -> https://www.grantpark-il.org/village-board -> https://www.grantpark-il.org/announcements?author=5418fff1e4b0447f4111d305,,3,no,
ca:csd:2449085,Sainte-Brigitte-des-Saults,Quebec,www.saintebrigittedessaults.ca,https://saintebrigittedessaults.ca/ -> http://saintebrigittedessaults.ca/ -> http://www.saintebrigittedessaults.ca/ -> https://www.saintebrigittedessaults.ca/medias/doc/art/rallye_pedestre_2026.pdf -> https://www.saintebrigittedessaults.ca/a-propos-du-site -> https://www.saintebrigittedessaults.ca/description-du-logo -> https://www.saintebrigittedessaults.ca/medias/doc/demande_dacces_a_linformation_0.pdf -> https://www.saintebrigittedessaults.ca/medias/doc/odj/4_odj.pdf -> https://www.saintebrig,,7,yes,https://www.youtube.com/embed/vupNme9FcTI?width%3D100%25%26amp%3Bheight%3D100%25%26amp%3Btheme%3Ddark%26amp%3Bautoplay%3D0%26amp%3Bvq%3Dlarge%26amp%3Brel%3D0%26amp%3Bshowinfo%3D1%26amp%3Bmodestbranding%3D0%26amp%3Biv_load_policy%3D1%26amp%3Bcontrols%3D1%26amp%3Bautohide%3D2%26amp%3Bwmode%3Dopaque;ht
us:place:1866150,Rossville town,Indiana,rossville.net,https://rossville.net/ -> https://www.rossville.net/ -> http://rossville.net/ -> http://www.rossville.net/ -> https://rossville.net/vendors-wanted/ -> https://rossville.net/welcome-to-rossville-indiana/ -> https://rossville.net/town/rossville-town-council/ -> https://rossville.net/calendar/event-submission/ -> https://rossville.net/calendar/cat_ids~115/ -> https://rossville.net/calendar/ -> https://rossville.net/town/ -> https://rossville.net/town/municipal-utility-billing/ -> https://rossville.,,1,yes,https://www.youtube.com/@TownofRossville
us:county:56013,Fremont County,Wyoming,fremontcountywy.gov,https://fremontcountywy.gov/ -> https://www.fremontcountywy.gov/ -> http://fremontcountywy.gov/ -> http://www.fremontcountywy.gov/ -> https://fremontcountywy.gov/how_do_i/other_information.php -> https://fremontcountywy.gov/government/elected_officials/commissioners/index.php -> https://fremontcountywy.gov/government/other_commissions/historic_preservation_commission.php -> https://fremontcountywy.gov/government/elected_officials/commissioners/meeting.php -> https://fremontcountywy.gov/governmen,,122,yes,https://www.youtube.com/@fremontcountywygovernment9135/featured
ca:csd:1213001,St. Mary's,Nova Scotia,saint-marys.ca,https://saint-marys.ca/ -> https://www.saint-marys.ca/ -> http://saint-marys.ca/ -> http://www.saint-marys.ca/ -> https://saint-marys.ca/index.php?option=com_osmap&view=html&id=1&Itemid=3034&lang=en -> https://saint-marys.ca/council.html -> https://saint-marys.ca/government/council/council-and-cao-expenses.html -> https://saint-marys.ca/council-agendas-and-minutes.html -> https://saint-marys.ca/fileman.html?container=fileman-attachments&name=2026-07-06%20Package%20COTW.pdf&routed=1&view=file -> ,,24,yes,https://www.youtube.com/channel/UCZ8enClmyaHWPATQTxROh9Q;https://www.youtube.com/channel/UCStFmQKkcpFXCRBhWiZ-AOA?&ab_channel=MunicipalityoftheDistrictofSt.Mary%27s
us:cousub:2602951620,Marion Township,Michigan,www.mariontwpcvxmi.gov,https://mariontwpcvxmi.gov/ -> https://www.mariontwpcvxmi.gov/ -> http://mariontwpcvxmi.gov/ -> http://www.mariontwpcvxmi.gov/ -> https://mariontwpcvxmi.gov/government/planning_commission/index.php -> https://mariontwpcvxmi.gov/government/township_officials/agendas___minutes.php -> https://mariontwpcvxmi.gov/government/township_officials/government/planning_commission/index.php -> https://mariontwpcvxmi.gov/government/township_officials/government/planning_commission/agenda___minutes.php -> http,,4,no,
ca:csd:2422035,Stoneham-et-Tewkesbury,Quebec,www.villestoneham.com,https://villestoneham.com/ -> http://villestoneham.com/ -> http://www.villestoneham.com/ -> https://www.villestoneham.com/loisirs-et-culture/activites-et-vie-communautaire/reservation-et-location-de-salles -> https://www.villestoneham.com/plan-du-site,,6,yes,https://www.youtube.com/channel/UCINeoh4MvH6xPHpJsBPqMWw
ca:csd:2478032,Sainte-Agathe-des-Monts,Quebec,www.ville.sainte-agathe-des-monts.qc.ca,https://ville.sainte-agathe-des-monts.qc.ca/ -> https://www.ville.sainte-agathe-des-monts.qc.ca/ -> http://ville.sainte-agathe-des-monts.qc.ca/ -> http://www.ville.sainte-agathe-des-monts.qc.ca/,,3,yes,https://www.youtube.com/@ville_sadm
us:place:1884014,Whitestown town,Indiana,whitestown.in.gov,https://whitestown.in.gov/ -> https://www.whitestown.in.gov/ -> http://whitestown.in.gov/ -> http://www.whitestown.in.gov/ -> https://whitestown.in.gov/event/police-commission-meeting-10-2-2-2/2026-10-06/ -> https://whitestown.in.gov/event/redevelopment-commission-meeting-19-2/2026-10-05/ -> https://whitestown.in.gov/event/battle-of-the-badges-5k-4/ -> https://whitestown.in.gov/government/boards-commissions-committees/ -> https://whitestown.in.gov/government/boards-commissions-committees/board-o,,22,no,
us:place:4241680,Latrobe borough,Pennsylvania,cityoflatrobe.com,https://cityoflatrobe.com/ -> https://www.cityoflatrobe.com/ -> http://cityoflatrobe.com/ -> http://www.cityoflatrobe.com/ -> https://cityoflatrobe.com/governments/city_council.php -> https://cityoflatrobe.com/governments/agendas___minutes_.php -> https://cityoflatrobe.com/governments/governments/city_council.php -> https://cityoflatrobe.com/governments/Government/Agendas and Minutes/2023/Agendas/City-Council-Agenda-Meeting-Sept-25.pdf?t=202310101037210 -> https://cityoflatrobe.com/governments/g,,4,no,
us:cousub:3301380020,Webster town,New Hampshire,webster-nh.gov,https://webster-nh.gov/ -> https://www.webster-nh.gov/ -> http://webster-nh.gov/ -> http://www.webster-nh.gov/ -> https://webster-nh.gov/departments/assessing/assessment_data_property_maps.php -> https://webster-nh.gov/departments/assessing/tax_rate_and_equalization.php -> https://webster-nh.gov/boards/select_board/index.php -> https://webster-nh.gov/boards/conservation_commission/warner_river_local_advisory_committee_meeting_minutes.php -> https://webster-nh.gov/boards/conservation_commission/d,,8,no,
us:place:2270595,Simpson village,Louisiana,villageofsimpson.com,https://villageofsimpson.com/ -> https://www.villageofsimpson.com/ -> http://villageofsimpson.com/ -> http://www.villageofsimpson.com/ -> https://villageofsimpson.com/mayor-and-council.html -> https://villageofsimpson.com/index.html -> https://villageofsimpson.com/utility-department.html -> https://villageofsimpson.com/police-department.html -> https://villageofsimpson.com/other-info.html -> https://www.villageofsimpson.com/mayor-and-council.html -> https://www.villageofsimpson.com/index.html ->,,15,no,
us:place:1244000,Melbourne Beach town,Florida,melbournebeachfl.org,https://melbournebeachfl.org/ -> https://www.melbournebeachfl.org/ -> http://melbournebeachfl.org/ -> http://www.melbournebeachfl.org/ -> https://www.melbournebeachfl.org/Events-directory/My-Musical-Tree-1st-Thursday -> https://www.melbournebeachfl.org/Events-directory/Parks-Board -> https://www.melbournebeachfl.org/Events-directory/Flow-Be-Strong-Exercise-Class -> https://www.melbournebeachfl.org/Town-Boards/Agendas-and-Minutes -> https://www.melbournebeachfl.org/Town-Boards/Board-of-Adjustment,,8,yes,https://www.youtube.com/@TownofMelbourneBeach/streams
us:place:4748660,Milan city,Tennessee,cityofmilantn.com,https://cityofmilantn.com/ -> https://www.cityofmilantn.com/ -> http://cityofmilantn.com/ -> http://www.cityofmilantn.com/ -> https://cityofmilantn.com/city-hall/ -> https://cityofmilantn.com/city-hall/board-of-aldermen/ -> https://cityofmilantn.com/city-hall/board-agendas/ -> https://cityofmilantn.com/city-hall/board-minutes/ -> https://cityofmilantn.com/images/uploads/content-files/city_board_minutes/2015_-_2016_Board_Minutes.pdf -> https://cityofmilantn.com/city-hall/mayor-city-hall-staff/ ->,,6,yes,https://www.youtube.com/embed/Bk84ZZcGZ6s?si=Sp8CxxvQKsFwvtHj
us:place:1228000,Gulf Breeze city,Florida,cityofgulfbreeze.com,https://cityofgulfbreeze.com/ -> https://www.cityofgulfbreeze.com/ -> http://cityofgulfbreeze.com/ -> http://www.cityofgulfbreeze.com/ -> https://cityofgulfbreeze.us/2025-2030-strategic-plan/ -> https://cityofgulfbreeze.us/mayor-city-council/ -> https://www.youtube.com/channel/UClVbiWBsRCtmNpu4Iao81sw?view_as=subscriber -> https://cityofgulfbreeze.us/water-access/ -> https://cityofgulfbreeze.us/municipal-youth-council/ -> https://cityofgulfbreeze.us/hold-a-special-event/ -> https://cityofgulfbre,https://www.youtube.com/channel/UClVbiWBsRCtmNpu4Iao81sw?view_as=subscriber,25,no,
ca:csd:5909027,Harrison Hot Springs,British Columbia,harrisonhotsprings.ca,https://harrisonhotsprings.ca/ -> http://harrisonhotsprings.ca/ -> http://www.harrisonhotsprings.ca/ -> https://harrisonhotsprings.civicweb.net/ -> https://www.harrisonhotsprings.ca/village-office/agendas-minutes-videos/regular-council-meeting-october-19-2026 -> https://www.harrisonhotsprings.ca/village-office/agendas-minutes-videos/regular-council-meeting-october-5-2026 -> https://www.harrisonhotsprings.ca/village-office/agendas-minutes-videos/environmental-advisory-committee-meeting-september-,,18,yes,https://www.youtube.com/@villageofharrisonhotspring5519
us:place:1827324,Georgetown town,Indiana,georgetown.in.gov,https://georgetown.in.gov/ -> https://www.georgetown.in.gov/ -> http://georgetown.in.gov/ -> http://www.georgetown.in.gov/ -> https://www.in.gov/towns/georgetown/resources/meeting-minutes -> https://www.in.gov/towns/georgetown/files/minutes/2024-AUGUST-1-TOWN-COUNCIL-BUDGET-WORKSHOP-MEETING-MINUTES-SIGNED.pdf -> https://www.in.gov/towns/georgetown/files/minutes/August-16-2024-REGULAR-TOWN-COUNCIL-MEETING-MINUTES.pdf -> https://www.in.gov/towns/georgetown/files/minutes/2025-JANUARY-22-TOWN-COUNCI,,6,no,
us:cousub:2614106400,Bearinger Township,Michigan,www.bearingertownship.org,https://bearingertownship.org/ -> https://www.bearingertownship.org/ -> http://bearingertownship.org/ -> http://www.bearingertownship.org/ -> https://bearingertownship.org/services/ -> https://bearingertownship.org/minutes-of-the-board/,,7,no,
us:cousub:2300378570,Van Buren town,Maine,vanburenmaine.com,https://vanburenmaine.com/ -> https://www.vanburenmaine.com/ -> http://vanburenmaine.com/ -> http://www.vanburenmaine.com/ -> https://vanburenmaine.com/government/town_council/index.php -> https://vanburenmaine.com/government/planning_board.php -> https://vanburenmaine.com/government/library_-_board_of_trustees.php,,4,no,
us:place:3725380,Gamewell town,North Carolina,main.nc.us,https://main.nc.us/ -> https://www.main.nc.us/ -> http://main.nc.us/ -> http://www.main.nc.us/ -> https://main.nc.us/redirect/cal/http://main.nc.us/calendar/events/1472536777.shtml -> https://main.nc.us/redirect/http://www.blueridgenow.com/article/20160825/news/160829916 -> https://main.nc.us/redirect/cnn/https://www.wcnc.com/article/news/local/former-charlotte-city-council-member-tiawana-brown-asks-judge-for-probation-in-covid-relief-fraud-case/275-76d3eccd-a495-4842-86b1-281c7265f5af -> https:,,13,no,
us:place:3902330,Arcanum village,Ohio,villageofarcanum.com,https://villageofarcanum.com/ -> https://www.villageofarcanum.com/ -> http://villageofarcanum.com/ -> http://www.villageofarcanum.com/ -> https://villageofarcanum.com/notices/2025-drinking-water-consumer-confidence-report/ -> https://villageofarcanum.com/village-information/meeting-minutes/ -> https://villageofarcanum.com/village-information/meeting-minutes/2026-council-meeting-minutes/ -> https://villageofarcanum.com/wp-content/uploads/2026/01/1-6-2026-Signed-Organizational-Council-Meeting-Minu,,6,yes,https://youtu.be/2EhRfxLR5bU
us:place:4251176,Morton borough,Pennsylvania,mortonpa.org,https://mortonpa.org/ -> https://www.mortonpa.org/ -> http://mortonpa.org/ -> http://www.mortonpa.org/ -> https://www.lazada.co.id/beli-tv-audio-video-permainan-dan-gadget/ -> https://www.lazada.co.id/en/careers/job-search/?category=&location=IDN -> https://my.lazada.co.id/customer/order/index/ -> https://my.lazada.co.id/wishlist/index,,8,yes,https://www.youtube.com/@LazadaIndonesia
ca:csd:4602032,De Salaberry,Manitoba,www.rmdesalaberry.mb.ca,https://rmdesalaberry.mb.ca/ -> https://www.rmdesalaberry.mb.ca/ -> http://rmdesalaberry.mb.ca/ -> http://www.rmdesalaberry.mb.ca/ -> https://rmdesalaberry.mb.ca/p/council-staff -> https://rmdesalaberry.mb.ca/p/photo-video-consent-and-general-release-form- -> https://rmdesalaberry.mb.ca/p/cdem -> https://rmdesalaberry.mb.ca/p/council-minutes-agendas -> https://rmdesalaberry.mb.ca/Home/DownloadDocument?docId=5e060cdc-d1df-4abd-a95c-6e18f0f05053 -> https://rmdesalaberry.mb.ca/Home/DownloadDocument,,77,yes,https://www.youtube.com/watch?v=e9Vvq0xB2jU;https://youtu.be/ekE8pcyBoX4
us:place:1827000,Gary city,Indiana,gary.gov,https://gary.gov/ -> http://gary.gov/ -> http://www.gary.gov/ -> https://www.gary.gov/news-updates/mayor-melton-signs-data-center-moratorium-amid-rapid-ai-advancement-concerns -> https://www.gary.gov/news-updates/garys-emergency-financial-assistance-program-update -> https://www.gary.gov/news-updates/gary-outage-on-september-3-2026 -> https://www.gary.gov/office-of-the-mayor -> https://www.gary.gov/mayoral-meeting-event-request -> https://www.gary.gov/events -> https://www.gary.gov/homepage-feau,,22,yes,https://www.youtube.com/@CityofGary_IN
us:county:18177,Wayne County,Indiana,co.wayne.in.us,https://co.wayne.in.us/ -> https://www.co.wayne.in.us/ -> http://co.wayne.in.us/ -> http://www.co.wayne.in.us/ -> https://co.wayne.in.us/treasurer/index.php -> https://co.wayne.in.us/ric/index.php -> https://waynecounty.in.gov/minutes/index.php -> https://wgtv.viebit.com/?folder=ALL -> https://wctv.info/schedule-of-shows-11/ -> https://wgtv.viebit.com/ -> https://wctv.info/board-of-directors/ -> https://wctv.info/community-bulletin-board/ -> https://wctv.info/about_wctv_richmond/ -> https://wctv,,18,yes,https://www.youtube.com/user/WCTV112021
ca:csd:2457040,Beloeil,Quebec,beloeil.ca,https://beloeil.ca/ -> https://www.beloeil.ca/ -> http://beloeil.ca/ -> http://www.beloeil.ca/,,5,yes,https://www.youtube.com/channel/UC1mNFgi25Di1oS7Ew9P_fXg?view_as=subscriber
ca:csd:2492030,Albanel,Quebec,www.albanel.ca,https://albanel.ca/ -> https://www.albanel.ca/ -> http://albanel.ca/ -> http://www.albanel.ca/,,9,yes,https://www.youtube.com/watch?v=Rbe1-mL5bcU
ca:csd:4810002,Bashaw,Alberta,townofbashaw.com,https://townofbashaw.com/ -> http://townofbashaw.com/ -> http://www.townofbashaw.com/ -> https://www.townofbashaw.com/municipal/council -> https://www.townofbashaw.com/news-updates/events-calendar -> https://www.townofbashaw.com/town/history -> https://www.townofbashaw.com/town/demographics -> https://www.townofbashaw.com/community/organizations-committees -> https://www.townofbashaw.com/community/organizations-committees/bashaw-area-recreation-board -> https://www.townofbashaw.com/community/org,,7,yes,https://www.youtube.com/embed/TaS8mFK0W78?color=red&controls=1&h1=en&iv_load_policy=1&modestbranding=1&rel=0
us:cousub:2602563440,Pennfield charter township,Michigan,pennfieldmi.gov,https://pennfieldmi.gov/ -> https://www.pennfieldmi.gov/ -> http://pennfieldmi.gov/ -> http://www.pennfieldmi.gov/ -> https://pennfieldmi.gov/government/boards___commissions/board_of_trustees/index.php -> https://pennfieldmi.gov/government/boards___commissions/board_of_review.php -> https://pennfieldmi.gov/government/meetings/current_meeting_information.php -> https://pennfieldmi.gov/departments/inspections___permits/access_lanes.php -> https://pennfieldmi.gov/departments/inspections___permits/g,,20,no,
us:state:24,State of Maryland,Maryland,maryland.gov,https://maryland.gov/ -> http://maryland.gov/ -> http://www.maryland.gov/ -> https://elections.maryland.gov/voter_registration/index.html -> https://elections.maryland.gov/index.html -> https://elections.maryland.gov/about/board.html -> https://elections.maryland.gov/about/county_boards.html -> https://elections.maryland.gov/campaign_finance/summary_guide.html -> https://elections.maryland.gov/voting/index.html -> https://elections.maryland.gov/voting_system/index.html -> https://elections.maryl,,84,no,
ca:csd:2421045,Boischatel,Quebec,www.boischatel.ca,https://boischatel.ca/ -> http://boischatel.ca/ -> http://www.boischatel.ca/ -> https://www.boischatel.ca/agenda -> https://www.boischatel.ca/citoyens/mon-milieu-de-vie/location-de-salle -> https://boischatel.ca/storage/app/media/ma-ville/administration/reglements-et-politiques/reglement-2017-1035-tarification-version-administrative.pdf -> https://www.boischatel.ca/actualites/administration/un-nouveau-site-internet-ameliore-pour-boischatel -> https://www.boischatel.ca/agenda/evenement-engage/zer,,13,yes,https://www.youtube.com/channel/UCYUj09eUqykLhTd9E84OJGQ
ca:csd:1008029,Crow Head,Newfoundland and Labrador,crowhead-nl.com,https://crowhead-nl.com/ -> https://www.crowhead-nl.com/ -> http://crowhead-nl.com/ -> http://www.crowhead-nl.com/ -> https://www.youtube.com/channel/UCeU-_6YHGQFcVSHLbEXLNlA/playlists?utm_campaign=plesk_server_default_page_js,https://www.youtube.com/channel/UCeU-_6YHGQFcVSHLbEXLNlA/playlists?utm_campaign=plesk_server_default_page_js,2,no,
us:place:1764616,Robbins village,Illinois,robbins-il.com,https://robbins-il.com/ -> https://www.robbins-il.com/ -> http://robbins-il.com/ -> http://www.robbins-il.com/ -> https://robbins-il.com/government/board_of_trustees.php -> https://www.facebook.com/VillageOfRobbins/videos/814973480788880/?ref=embed_video&t=1 -> https://www.facebook.com/watch/ -> https://www.facebook.com/watch/live/?ref=watch -> https://www.facebook.com/MLBBEsportsOfficial/videos/-live-day-2-mlbb-map-check-en-watch-party/1654581979343992/?__cft__[0]=AZhbrrQD4Ks7tpnnkUxaN-TRKiqvK9,,6,yes,https://www.youtube.com/channel/UCoh_kg0CiJJ6Yvpj04rLN2Q
us:place:1764486,Riverton village,Illinois,illinois.gov,https://illinois.gov/ -> http://illinois.gov/ -> http://www.illinois.gov/ -> https://www.illinois.gov/about/live-video.html -> https://www.illinois.gov/government.html -> https://www.illinois.gov/services/service.professional-license-look-up.html -> https://cms.illinois.gov/agency/media/relations/mediacontacts.html -> https://cms.illinois.gov/benefits/mybenefits-enrollment-video.html -> https://cms.illinois.gov/agency/sgsab.html -> https://cms.illinois.gov/agency/media/video.html -> https://www.,,29,yes,https://www.youtube.com/user/PresLincolnMuseum
us:place:5409796,Bramwell town,West Virginia,bramwellwv.com,https://bramwellwv.com/ -> https://www.bramwellwv.com/ -> http://bramwellwv.com/ -> http://www.bramwellwv.com/ -> http://www.bramwellwv.com/masterindex.html -> http://www.bramwellwv.com/garywvindex.html -> http://www.bramwellwv.com/garyno5index.html -> http://www.bramwellwv.com/garyno5mining.html -> http://www.bramwellwv.com/garyno5a.html -> http://www.bramwellwv.com/localnew.html -> http://www.bramwellwv.com/melvingoinsmemoriam.html -> http://www.bramwellwv.com/millionaireweekend1.html -> http:,,13,yes,https://www.youtube.com/watch?v=9B_bC_9Q4Vc;https://www.youtube.com/watch?v=zpEPoweulvQ
us:county:31135,Perkins County,Nebraska,co.perkins.ne.us,https://co.perkins.ne.us/ -> https://www.co.perkins.ne.us/ -> http://co.perkins.ne.us/ -> http://www.co.perkins.ne.us/ -> https://perkinscounty.ne.gov/county-board/ -> https://perkinscounty.ne.gov/county-board/board-meetings/ -> https://perkinscounty.ne.gov/2026/09/05/notice-of-perkins-county-budget-hearing/ -> https://perkinscounty.ne.gov/all-meetings-archive/ -> https://perkinscounty.ne.gov/boc-meeting/september-21-2026 -> https://perkinscounty.ne.gov/boc-meeting/september-8-2026 -> https://pe,,5,yes,https://www.youtube.com/embed/nnqjMBz99uU?feature=oembed
us:place:4835984,Industry city,Texas,industry-tx.com,https://industry-tx.com/ -> https://www.industry-tx.com/ -> http://industry-tx.com/ -> http://www.industry-tx.com/,,9,no,
us:place:2639800,Hudsonville city,Michigan,hudsonville.org,https://hudsonville.org/ -> https://www.hudsonville.org/ -> http://hudsonville.org/ -> http://www.hudsonville.org/ -> https://hudsonville.org/news_detail_T21_R39.php -> https://hudsonville.org/news_detail_T21_R38.php -> https://hudsonville.org/directory/boards_commissions.php -> https://hudsonville.org/directory/agendas_minutes/index.php -> https://hudsonville.org/directory/agendas_minutes/directory/boards_commissions.php -> https://hudsonville.org/directory/agendas_minutes/directory/agendas_min,,25,yes,https://www.youtube.com/@CityofHudsonville
ca:csd:2466117,Sainte-Anne-de-Bellevue,Quebec,www.sadb.qc.ca,https://sadb.qc.ca/ -> https://www.sadb.qc.ca/ -> http://sadb.qc.ca/ -> http://www.sadb.qc.ca/ -> https://ville.sainte-anne-de-bellevue.qc.ca/citoyens/loisirs-et-culture/service-des-loisirs/location-de-salles -> https://ville.sainte-anne-de-bellevue.qc.ca/client_file/upload/Loisirs/2025/Location%20de%20salles/Politique_de_location_de_salle_-_2025.pdf -> https://ville.sainte-anne-de-bellevue.qc.ca/client_file/upload/Loisirs/2026/Location%20de%20salle/Tarifs_-_Location_de_salle.pdf -> https://vill,,6,no,
us:county:02060,Bristol Bay Borough,Alaska,bristolbayboroughak.us,https://bristolbayboroughak.us/ -> https://www.bristolbayboroughak.us/ -> http://bristolbayboroughak.us/ -> http://www.bristolbayboroughak.us/ -> https://bristolbayboroughak.us/government/board_of_ethics.php -> https://bristolbayboroughak.us/government/meeting_recordings.php -> https://bristolbayboroughak.us/bbbak.us -> https://bristolbayboroughak.us/government/agendas___minutes.php -> https://bristolbayboroughak.us/government/government/board_of_ethics.php -> https://bristolbayboroughak.us/gove,,4,no,
us:place:1874006,Sullivan city,Indiana,cityofsullivan.org,https://cityofsullivan.org/ -> http://cityofsullivan.org/ -> http://www.cityofsullivan.org/ -> https://www.cityofsullivan.org/copy-of-city-council -> https://www.cityofsullivan.org/city-government-meetings -> https://www.cityofsullivan.org/office-of-the-mayor -> https://www.cityofsullivan.org/city-clerk-treasurer -> https://www.cityofsullivan.org/city-utility-sewer-maintenance -> https://www.cityofsullivan.org/copy-of-sullivan-county-courthouse -> https://www.cityofsullivan.org/copy-of-city-park,,12,yes,https://www.youtube.com/@cityofsullivan
ca:csd:4608042,Victoria,Manitoba,www.rmofvictoria.com,https://rmofvictoria.com/ -> https://www.rmofvictoria.com/ -> http://rmofvictoria.com/ -> http://www.rmofvictoria.com/ -> https://rmofvictoria.com/index.asp?SEC=4623A00F-2F63-4CAB-B966-51A27A09AFE9 -> https://rmofvictoria.com/index.asp?SEC=4623A00F-2F63-4CAB-B966-51A27A09AFE9&DE=D5ED282E-30F5-45B8-ACF4-0E9868D56D1A -> https://rmofvictoria.com/index.asp?SEC=4623A00F-2F63-4CAB-B966-51A27A09AFE9&DE=370E060D-35A6-423A-956A-B221353CB192 -> https://rmofvictoria.com/council-meetings -> https://rmofvict,,1,yes,https://www.youtube.com/embed/w3JblA8QObg?si=nrim4KFszVYrNd3_
us:place:2874840,Tupelo city,Mississippi,tupeloms.gov,https://tupeloms.gov/ -> http://tupeloms.gov/ -> http://www.tupeloms.gov/ -> https://www.tupeloms.gov/my-government/city-council -> https://www.tupeloms.gov/my-government/city-council/agendas-minutes -> https://www.tupeloms.gov/my-government/mayor -> https://www.tupeloms.gov/my-government -> https://tupeloms.gov/my-government/city-council -> https://www.tupeloms.gov/departments/development-services/gis-maps-location-information -> https://tupeloms.gov/my-government -> https://tupeloms.gov/my-gov,,4,yes,https://www.youtube.com/channel/UCVNU1gIf7DcyaxVJD8QLSuw
us:place:2747914,Oak Park Heights city,Minnesota,cityofoakparkheights.com,https://cityofoakparkheights.com/ -> http://cityofoakparkheights.com/ -> http://www.cityofoakparkheights.com/ -> https://www.cityofoakparkheights.com/index.asp?SEC=45988DE3-E57E-421C-9369-73A9A8AFF5DE -> https://www.cityofoakparkheights.com/index.asp?SEC=D4A40B01-1198-4FB8-A6E9-3F611AE2D4FF -> https://www.cityofoakparkheights.com/index.asp?SEC=59F56119-1CE9-4236-A588-84D05D0A4B85 -> https://www.cityofoakparkheights.com/index.asp?SEC=08F38BDD-9920-4F46-A72A-8AC0876DA31E -> https://www.cityofoakpa,,6,yes,https://www.youtube.com/channel/UCr_EGnr_a8Tge7V7dKFHKtw
us:sd:0609780,Corning Union Elementary School District,California,corningelementary.org,https://corningelementary.org/ -> https://www.corningelementary.org/ -> http://corningelementary.org/ -> http://www.corningelementary.org/ -> https://www.corningelementary.org/Board/index.html -> https://www.corningelementary.org/Board/Role-of-the-Board/index.html -> https://www.corningelementary.org/Board/Role-of-the-Board/Board-Governance-Handbook/index.html -> https://simbli.eboardsolutions.com/SB_Meetings/SB_MeetingListing.aspx?S=36030739 -> https://simbli.eboardsolutions.com/Index.aspx?S=36,,13,no,
us:place:2204020,Baldwin town,Louisiana,townofbaldwin.org,https://townofbaldwin.org/ -> https://www.townofbaldwin.org/ -> http://townofbaldwin.org/ -> http://www.townofbaldwin.org/ -> https://townofbaldwin.org/government_directory/board_of_alderman.php -> https://townofbaldwin.org/mayor_s_announcements/index.php -> https://townofbaldwin.org/mayor_s_announcements/government_directory/board_of_alderman.php -> https://townofbaldwin.org/mayor_s_announcements/government_directory/index.php -> https://townofbaldwin.org/mayor_s_announcements/mayor_s_announcem,,8,no,
us:place:5561925,Pepin village,Wisconsin,pepinwisconsin.com,https://pepinwisconsin.com/ -> https://www.pepinwisconsin.com/ -> http://pepinwisconsin.com/ -> http://www.pepinwisconsin.com/ -> https://www.visitpepin.com/submit-an-event/ -> https://www.visitpepin.com/pepin-area-events/,,5,no,
us:place:5553325,Mishicot village,Wisconsin,mishicot.org,https://mishicot.org/ -> http://mishicot.org/ -> http://www.mishicot.org/ -> https://www.mishicot.org/can-small-town-living-really-make-you-happier/ -> https://www.mishicot.org/category/blog/ -> https://www.mishicot.org/exploring-the-usa-a-journey-of-discovery-adventure-and-unexpected-romance/ -> https://www.mishicot.org/best-small-towns-to-live-in-california/ -> https://www.mishicot.org/this-laid-back-mountain-town-is-the-zen-reset-you-need/ -> https://www.mishicot.org/this-small-town-in-idaho-,,3,yes,https://www.youtube.com/embed/bNdCf9Hwh3g?si=d04hgEqevpyGuKgu
ca:csd:3558019,Conmee,Ontario,www.conmee.com,https://conmee.com/ -> https://www.conmee.com/ -> http://conmee.com/ -> http://www.conmee.com/ -> https://conmee.com/p/council -> https://conmee.com/p/members-of-council -> https://conmee.com/p/meetings -> https://conmee.com/p/boards-committees -> http://conmee.com/Home/DownloadDocument?docId=7f46b585-6289-46b2-b557-6036020a3469 -> https://lakeheadca.com/watershed/source-water-protec/meeting-schedules-agendas-minutes -> https://lrpb.ca/meetings/minutes/ -> https://lrpb.ca/planning-board/ -> http,,4,yes,https://www.youtube.com/watch?v=E4USz-6HYzk
ca:csd:2466087,Dorval,Quebec,www.ville.dorval.qc.ca,https://ville.dorval.qc.ca/ -> https://www.ville.dorval.qc.ca/ -> http://ville.dorval.qc.ca/ -> http://www.ville.dorval.qc.ca/ -> https://www.ville.dorval.qc.ca/fr/loisirs-et-culture/activites-de-sports-et-de-loisirs/location-et-reservation-de-salles-installations-et-terrains-sportifs -> https://www.ville.dorval.qc.ca/storage/app/media/loisirs-et-culture/activites-de-sports-et-de-loisirs/location-et-reservation-de-salles-installations-et-terrains-sportifs/reservation_piscine.pdf -> https://www.v,,6,no,
us:place:4562620,St. Matthews town,South Carolina,stmatthews.sc.gov,https://stmatthews.sc.gov/ -> https://www.stmatthews.sc.gov/ -> http://stmatthews.sc.gov/ -> http://www.stmatthews.sc.gov/ -> https://stmatthews.sc.gov/council-agendas-and-minutes -> https://stmatthews.sc.gov/agendas-minutes -> https://stmatthews.sc.gov/sites/townofstmatthews/files/Documents/Agenda/town-council-meeting_2023-04-04_214540.pdf -> https://stmatthews.sc.gov/sites/townofstmatthews/files/Documents/Agenda/town-council-meeting_2023-05-02_225358.pdf -> https://stmatthews.sc.gov/sites/town,,1,no,
us:place:4850580,Nederland city,Texas,ci.nederland.tx.us,https://ci.nederland.tx.us/ -> https://www.ci.nederland.tx.us/ -> http://ci.nederland.tx.us/ -> http://www.ci.nederland.tx.us/ -> https://ci.nederland.tx.us/city_government/city_council/index.php -> https://ci.nederland.tx.us/city_government/city_council/mayor_council_members.php -> https://us02web.zoom.us/j/85163039000 -> https://us02web.zoom.us/start/webmeeting -> https://us02web.zoom.us/start/videomeeting -> https://developers.zoom.us/docs/meeting-sdk/ -> https://www.zoom.com/en/video-sdk/ ->,,23,no,
us:place:1937920,Huxley city,Iowa,huxleyiowa.org,https://huxleyiowa.org/ -> https://www.huxleyiowa.org/ -> http://huxleyiowa.org/ -> http://www.huxleyiowa.org/ -> https://huxleyiowa.org/news_detail_T2_R75.php -> https://huxleyiowa.org/news_detail_T2_R61.php -> https://huxleyiowa.org/news_detail_T2_R143.php -> https://huxleyiowa.org/government/city_council/agendas___minutes.php -> https://huxleyiowa.org/government/city_council/government/city_council/index.php -> https://huxleyiowa.org/government/city_council/government/boards_and_commissions/l,,4,no,
us:place:2762446,Staples city,Minnesota,staples.govoffice.com,https://staples.govoffice.com/ -> https://www.staples.govoffice.com/ -> http://staples.govoffice.com/ -> http://www.staples.govoffice.com/ -> https://staples.govoffice.com/staples_city_council -> https://staples.govoffice.com/mayor_council_members -> https://staples.govoffice.com/council_committees_boards -> https://staples.govoffice.com/seda_agendas_minutes -> https://staples.govoffice.com/council_mtg_minutes -> https://staples.govoffice.com/seda_board_commissioners -> https://staples.govoffice,,15,yes,https://www.youtube.com/embed/IxFNzm_2GYc?rel=0
us:county:08053,Hinsdale County,Colorado,hinsdalecountycolorado.us,https://hinsdalecountycolorado.us/ -> https://www.hinsdalecountycolorado.us/ -> http://hinsdalecountycolorado.us/ -> http://www.hinsdalecountycolorado.us/ -> https://hinsdalecounty.colorado.gov/departments/human-resources -> https://secure.colorado.gov/payment/hindsale -> https://hinsdalecounty.colorado.gov/lodging-tax-board -> https://hinsdalecounty.colorado.gov/board-of-county-commissioners-meeting-agendas-recordings -> https://hinsdalecounty.colorado.gov/planning-commission-4 -> https://us02w,,9,no,
ca:csd:3547090,Laurentian Hills,Ontario,www.laurentianhills.ca,https://laurentianhills.ca/ -> https://www.laurentianhills.ca/ -> http://laurentianhills.ca/ -> http://www.laurentianhills.ca/ -> https://www.laurentianhills.ca/council/ -> https://www.laurentianhills.ca/town-services/mayor-council/ -> https://www.laurentianhills.ca/council/mayor-council/ -> https://www.laurentianhills.ca/council/minutes-agendas/ -> https://www.laurentianhills.ca/council/minutes-agendas/council-agendas/2025-council-agendas-3308.html -> https://www.laurentianhills.ca/council/minu,,6,yes,https://youtube.com/live/bcG-yvEhEww?feature=share;https://youtube.com/live/vsmJW-8D2oc?feature=share;https://youtube.com/live/_lEy2cl1WoE?feature=share
us:place:2042650,Longton city,Kansas,cityoflongton.com,https://cityoflongton.com/ -> https://www.cityoflongton.com/ -> http://cityoflongton.com/ -> http://www.cityoflongton.com/ -> https://cityoflongton.com/City-Organizations -> https://cityoflongton.com/City-Departments -> https://dww.kdhe.ks.gov/DWW/DWW_login.jsp,,9,yes,https://www.youtube.com/embed/_B0CLIqpS3k?si=Qf2GOi8wx1m96GhO
ca:csd:2466102,Kirkland,Quebec,www.ville.kirkland.qc.ca,https://ville.kirkland.qc.ca/ -> http://ville.kirkland.qc.ca/ -> http://www.ville.kirkland.qc.ca/ -> https://www.ville.kirkland.qc.ca/culture-et-loisirs/location-et-reservations/salles-et-chalets-de-parcs -> https://www.ville.kirkland.qc.ca/culture-et-loisirs/location-et-reservations/terrains-de-sports- -> https://www.ville.kirkland.qc.ca/culture-et-loisirs/location-et-reservations/terrains-de-sports-?action=change_langue&langue=EN -> https://biblioweb.ville.kirkland.qc.ca/iguana/www.main.cls?su,,33,no,
us:place:4251144,Morrisville borough,Pennsylvania,morrisvilleboro.org,https://morrisvilleboro.org/ -> https://www.morrisvilleboro.org/ -> http://morrisvilleboro.org/ -> http://www.morrisvilleboro.org/ -> https://morrisvilleboro.org/civilservice -> https://morrisvilleboro.org/eac -> https://morrisvilleboro.org/jsbbc -> https://morrisvilleboro.org/council -> https://morrisvilleboro.org/mayor -> https://morrisvilleboro.org/docs/budgets/2026-FINAL-BUDGET-WITH-SUMMARY-SHEET.pdf -> https://morrisvilleboro.org/calendar -> https://morrisvilleboro.org/sitemap -> https://mo,,2,no,
ca:csd:2419030,Saint-Damien-de-Buckland,Quebec,www.saint-damien.com,https://saint-damien.com/ -> https://www.saint-damien.com/ -> http://saint-damien.com/ -> http://www.saint-damien.com/ -> https://saint-damien.com/changement-de-signalisation-sur-la-rue-de-leglise/ -> https://saint-damien.com/inscription-au-systeme-dalerte-durgence/ -> https://saint-damien.com/avis-resultats-delections-sebastien-bourget-reelu/ -> https://saint-damien.com/location-de-salles/ -> https://saint-damien.com/location-de-salles/info@lehavredulacvert.com,,11,yes,https://www.youtube.com/embed/UGggXwWW9QE?si=cq0tIq3eWhFSk21h?iv_load_policy=3&enablejsapi=0&wmode=opaque&feature=player_embedded&autoplay=0&loop=0&controls=1&modestbranding=1&autohide=1&showinfo=0&rel=1
us:place:4757040,Parrottsville town,Tennessee,parrottsvilletn.org,https://parrottsvilletn.org/ -> https://www.parrottsvilletn.org/ -> http://parrottsvilletn.org/ -> http://www.parrottsvilletn.org/ -> https://www.twitch.tv/f168hicom/about,,6,yes,https://www.youtube.com/@f168hicom
us:place:1779150,Waterloo city,Illinois,waterloo.il.us,https://waterloo.il.us/ -> http://waterloo.il.us/ -> http://www.waterloo.il.us/ -> https://www.waterloo.il.us/pumpkinfest-2026/ -> https://www.waterloo.il.us/everbridge-transition/ -> https://www.waterloo.il.us/crossing-guard-coverage/ -> https://www.waterloo.il.us/our-community/video-tour-of-waterloo/ -> https://www.waterloo.il.us/city-government/meetings/city-council/ -> https://www.waterloo.il.us/our-community/sister-cities/sister-cities-board-meetings/ -> https://www.waterloo.il.us/city-gove,,278,no,
us:county:48327,Menard County,Texas,co.menard.tx.us,https://co.menard.tx.us/ -> https://www.co.menard.tx.us/ -> http://co.menard.tx.us/ -> http://www.co.menard.tx.us/ -> https://www.co.menard.tx.us/page/menard.Historical.Commission -> https://www.co.menard.tx.us/page/menard.Commissioners.Court -> https://www.co.menard.tx.us/page/menard.Public.Notices,,4,yes,https://www.youtube.com/channel/UC2iGSk5VJdggfHigGyTR9ew
ca:csd:1103025,Summerside,Prince Edward Island,www.summerside.ca,https://summerside.ca/ -> http://summerside.ca/ -> http://www.summerside.ca/ -> https://www.summerside.ca/cms/one.aspx?portalId=19514956&pageId=19514972&objectId.778605=21151620&contextId.778605=19774392&parentId.778605=19774393&localStartDate=2026-11-17T17:30&localEndDate=2026-11-17T20:30&ref=mesTP9fg96fVsgzpWYeogII8Y4CLIU%2f0B0G%2fLirhVxM%3d -> https://www.summerside.ca/cms/one.aspx?portalId=19514956&pageId=19514972&objectId.778605=21151618&contextId.778605=19774392&parentId.778605=19774393&lo,,2,yes,https://www.youtube.com/@thecityofsummerside
ca:csd:4810051,Myrnam,Alberta,myrnam.ca,https://myrnam.ca/ -> http://myrnam.ca/ -> http://www.myrnam.ca/ -> https://www.myrnam.ca/?page_id=12 -> https://www.myrnam.ca/?page_id=1495 -> https://www.myrnam.ca/wp-content/uploads/2025-04-30-Special-Council-Meeting-Minutes.pdf -> https://www.myrnam.ca/wp-content/uploads/2026-01-20-Regular-Council-Meeting-Minutes.pdf -> https://www.myrnam.ca/wp-content/uploads/2026-02-24-Regular-Council-Meeting-Minutes.pdf,,14,yes,https://www.youtube.com/watch?v=FSJr2N7mZf4;https://youtu.be/L1IptK6Mg-E?si=EAi3VqXAz9pptTe0;https://www.youtube.com/c/HistoricaCanada
us:place:3631830,Hammond village,New York,townofhammondny.gov,https://townofhammondny.gov/ -> https://www.townofhammondny.gov/ -> http://townofhammondny.gov/ -> http://www.townofhammondny.gov/ -> https://townofhammondny.gov/news-and-notices/monthly-board-meetings -> https://townofhammondny.gov/appeals-board -> https://townofhammondny.gov/board-of-review -> https://townofhammondny.gov/meetings -> https://townofhammondny.gov/planning-board -> https://townofhammondny.gov/town-board -> https://townofhammondny.gov/contact-us/ -> https://townofhammondny.gov/town,,7,no,
ca:csd:4701024,Estevan,Saskatchewan,estevan.ca,https://estevan.ca/ -> https://www.estevan.ca/ -> http://estevan.ca/ -> http://www.estevan.ca/ -> http://estevan.ca/events/country-music-star-terri-clark-coming-to-affinity-place/ -> http://estevan.ca/events/estevan-peer-support/ -> http://estevan.ca/events/virtual-reality-mining-tour-grand-opening/ -> http://estevan.ca/council-meetings-and-agendas-2-2/ -> http://estevan.ca/city-council/ -> http://estevan.ca/affinity-place-location-contact-info/ -> http://estevan.ca/police-board/ -> https://este,,24,no,
us:cousub:0916054030,North Canaan,Connecticut,www.northcanaan.org,https://northcanaan.org/ -> http://northcanaan.org/ -> http://www.northcanaan.org/ -> https://www.northcanaan.org/events/2026-2027-region-1-board-of-education-budget-referendum -> https://www.northcanaan.org/articles/student-scholarship-opportunity---locoolgov-2026 -> https://www.northcanaan.org/articles/north-canaan-transfer-station-bulky-waste-fees-2026-2027 -> https://www.northcanaan.org/entities/board-of-assessment-appeals -> https://www.northcanaan.org/minutes-agendas -> https://www.northca,,6,no,
ca:csd:2450072,Nicolet,Quebec,www.nicolet.ca,https://nicolet.ca/ -> https://www.nicolet.ca/ -> http://nicolet.ca/ -> http://www.nicolet.ca/ -> https://nicolet.ca/fr/services-aux-citoyens/cour-municipale/https-nicoletcafrservices-aux-citoyenscour-municipalesignification-par-avis-public -> https://nicolet.ca/fr/albums-videos/videos-promotionnelles/page-1 -> https://nicolet.ca/fr/albums-videos/videos-promotionnelles,,15,no,
us:place:3445510,Merchantville borough,New Jersey,merchantvillenj.gov,https://merchantvillenj.gov/ -> https://www.merchantvillenj.gov/ -> http://merchantvillenj.gov/ -> http://www.merchantvillenj.gov/ -> https://merchantvillenj.gov/government/mayor_council.php -> https://merchantvillenj.gov/government/boards_committees_commissions/diversity_committee_shade_tree_commission.php -> https://merchantvillenj.gov/government/boards_committees_commissions/historic_preservation_commission.php -> https://merchantvillenj.gov/department/municipal_clerk/agendas_minutes_resoluti,,4,no,
ca:csd:2445100,Saint-Étienne-de-Bolton,Quebec,www.sedb.qc.ca,https://sedb.qc.ca/ -> https://www.sedb.qc.ca/ -> http://sedb.qc.ca/ -> http://www.sedb.qc.ca/ -> https://sedb.qc.ca/demandes-de-location-de-salle/ -> https://sedb.qc.ca/wp-content/uploads/2026/08/Politique-de-location-infrastructures-municipaux.pdf,,6,yes,https://www.youtube.com/channel/UCqv6Rhe-lg1brq6SuEGq7EA
us:place:1918435,Danville city,Iowa,danvilleiowa.com,https://danvilleiowa.com/ -> https://www.danvilleiowa.com/ -> http://danvilleiowa.com/ -> http://www.danvilleiowa.com/ -> https://edutec2025.org/pages/view-all-watch -> https://istudio.sellto.carousell.sg/trade-in-or-sell/smartwatch/all -> https://istudio.sellto.carousell.sg/apple-watch/trade-in-or-sell-apple-watch-se-2022-gps -> https://istudio.sellto.carousell.sg/apple-watch/trade-in-or-sell-apple-watch-series-ultra -> https://istudio.sellto.carousell.sg/apple-watch/trade-in-or-sell-apple-watc,,7,yes,https://www.youtube.com/channel/UCIkbIFG01maO7Rs_yW9XkKA/
us:cousub:2300379865,Wallagrass town,Maine,maineanencyclopedia.com,https://maineanencyclopedia.com/ -> http://maineanencyclopedia.com/ -> http://www.maineanencyclopedia.com/,,4,no,
ca:csd:6205014,Coral Harbour,Nunavut,coralharbour.ca,https://coralharbour.ca/ -> https://www.coralharbour.ca/ -> http://coralharbour.ca/ -> http://www.coralharbour.ca/ -> https://coralharbour.ca/history-and-the-people/the-government/ -> https://coralharbour.ca/town-and-information/map/ -> https://coralharbour.ca/town-and-information/town/ -> https://coralharbour.ca/town-and-information/general-information/,,9,yes,https://www.youtube.com/results?search_query=coral+harbour
us:place:0483930,Winslow city,Arizona,winslowaz.gov,https://winslowaz.gov/ -> https://www.winslowaz.gov/ -> http://winslowaz.gov/ -> http://www.winslowaz.gov/ -> https://www.winslowaz.gov/page/airport-commission -> https://www.winslowaz.gov/page/arts-council -> https://www.winslowaz.gov/page/board-of-adjustment -> https://winslow.seamlessdocs.com/f/gipguhwzlklm -> https://www.winslowaz.gov/page/boards-agendas-minutes -> https://www.winslowaz.gov/o/winslowcity/page/boards-agendas-minutes -> https://www.winslowaz.gov/page/city-council -> https://ww,,28,no,
us:place:4667020,Viborg city,South Dakota,viborgsd.org,https://viborgsd.org/ -> http://viborgsd.org/ -> http://www.viborgsd.org/ -> https://www.viborgsd.org/event-spaces--city-parks.html -> https://www.viborgsd.org/government.html -> https://www.viborgsd.org/uploads/1/3/8/5/138537911/1-15-26_vdc_regular_meeting_minutes.docx -> https://www.viborgsd.org/uploads/1/3/8/5/138537911/2-19-26_vdc_regular_meeting_minutes.docx -> https://www.viborgsd.org/uploads/1/3/8/5/138537911/3-26-26_vdc_regular_meeting_minutes.docx -> https://www.viborgsd.org/attractions,https://www.youtube.com/@ViborgFirstBaptistChurch;https://www.youtube.com/@viborglutheran6090,4,yes,https://www.youtube.com/channel/UCVc3920dOz8VU0qfX0IH_Dw/live
us:place:0852550,Mountain Village town,Colorado,townofmountainvillage.com,https://townofmountainvillage.com/ -> https://www.townofmountainvillage.com/ -> http://townofmountainvillage.com/ -> http://www.townofmountainvillage.com/ -> https://townofmountainvillage.com/business/building/building-board-of-appeals/ -> https://townofmountainvillage.com/business/planning/design-review-board/ -> https://townofmountainvillage.com/government/policy-bylaws/ethics-commission/ -> https://media.avcaptureall.cloud/?customerGuid=f6f590a7-5acc-4d32-9928-ad9ae0d02e06&target=foo&view=thu,,24,yes,https://www.youtube.com/@townofmountainvillage
ca:csd:5915055,West Vancouver,British Columbia,westvancouver.ca,https://westvancouver.ca/ -> https://www.westvancouver.ca/ -> http://westvancouver.ca/ -> http://www.westvancouver.ca/ -> https://www.westvancouver.ca/mayor-council -> https://www.westvancouver.ca/mayor-council/council-highlights -> https://www.westvancouver.ca/mayor-council/attending-council-meeting-public-hearing -> https://www.westvancouver.ca/mayor-council/council-agendas-minutes -> https://www.westvancouver.ca/mayor-council/council-agendas-minutes?calendar_timestamp=1785567600&previous=1785,,45,yes,https://www.youtube.com/user/WestVanDistrict/feed
us:place:0606560,Biggs city,California,biggs-ca.gov,https://biggs-ca.gov/ -> http://biggs-ca.gov/ -> http://www.biggs-ca.gov/ -> https://www.biggs-ca.gov/Government/City-Council/index.html -> https://www.biggs-ca.gov/__catapult_pages/00f201d6-ae47-42bd-a9d5-780eb7b949c2/City-Council.html -> https://www.biggs-ca.gov/Government/Agendas--Minutes/index.html -> https://www.biggs-ca.gov/Government/Agendas--Minutes/Government/City-Council/index.html -> https://www.biggs-ca.gov/Government/Agendas--Minutes/Government/Agendas--Minutes/index.html -> https:/,,7,no,
us:place:2734658,Lakeland Shores city,Minnesota,lakelandshores.govoffice.com,https://lakelandshores.govoffice.com/ -> https://www.lakelandshores.govoffice.com/ -> http://lakelandshores.govoffice.com/ -> http://www.lakelandshores.govoffice.com/ -> https://lakelandshores.govoffice.com/index.asp?SEC=FC4468C9-063C-4FD7-B146-DC9D9F65B109&Type=B_LIST -> https://lakelandshores.govoffice.com/index.asp?SEC=63A31BC2-9E74-4758-A25E-9B34766E84B5&Type=B_BASIC -> https://lakelandshores.govoffice.com/Affidavit of Candidacy with a $2.00 filing fee: https:/www.sos.mn.gov/media/13tfz2xq/a,,6,yes,https://youtu.be/8qKYjVNUm3M
us:county:26141,Presque Isle County,Michigan,presqueislecounty.org,https://presqueislecounty.org/ -> https://www.presqueislecounty.org/ -> http://presqueislecounty.org/ -> http://www.presqueislecounty.org/ -> https://presqueislecounty.org/board-of-commissioners/ -> https://www.surveymonkey.com/r/PIRecycle -> https://www.surveymonkey.com/templates/general-event-feedback-survey-template/ -> https://www.surveymonkey.com/templates/event-registration-form-template/ -> https://www.surveymonkey.com/use-cases/event-feedback/ -> https://www.surveymonkey.com/resources/pr,,21,yes,https://www.youtube.com/channel/UCcea2-S3X5gbDe1HA9nz0JA
us:place:2705698,Bigfork city,Minnesota,cityofbigfork.com,https://cityofbigfork.com/ -> http://cityofbigfork.com/ -> https://www.cityofbigfork.com/council-minutes.html -> https://www.cityofbigfork.com/uploads/8/6/2/0/86205214/minutes_august_12_2025_council_city_of_bigfork.pdf -> https://www.cityofbigfork.com/uploads/8/6/2/0/86205214/minutes_july_8_2025_council_city_of_bigfork.pdf -> https://www.cityofbigfork.com/uploads/8/6/2/0/86205214/minutes_march_11_2025_council_city_of_bigfork.pdf -> https://www.cityofbigfork.com/city-information1.html -> https://,,5,yes,https://www.youtube.com/embed/d7BNJa4EOdM
us:cousub:2502333220,Kingston,Massachusetts,kingstonma.gov,https://kingstonma.gov/ -> https://www.kingstonma.gov/ -> http://kingstonma.gov/ -> http://www.kingstonma.gov/ -> https://cdn-residentagent.civicplus.com/loader.js -> https://kingstonma.gov/Calendar.aspx?EID=7160,,5,yes,https://www.youtube.com/embed/H0ygU0Wh-mY?si=xoONSyyQTC26LKyN
ca:csd:3515030,Havelock-Belmont-Methuen,Ontario,www.hbmtwp.ca,https://hbmtwp.ca/ -> http://hbmtwp.ca/ -> http://www.hbmtwp.ca/ -> https://events.hbmtwp.ca/ -> https://www.hbmtwp.ca/news/posts/splash-pad-closing-for-the-season-friday-september-18-2026/ -> https://www.hbmtwp.ca/news/posts/hbm-firefighters-big-winners-at-the-warkworth-fire-fighter-challenge/ -> http://www.hbmtwp.ca/township-services/mayor-and-council/ -> http://www.hbmtwp.ca/doing-business/public-information-meetings/ -> https://forms.hbmtwp.ca/Council-Delegation -> https://events.hbmtwp.ca/c,,24,yes,https://www.youtube.com/@hbmtwp
ca:csd:2450035,Saint-Célestin,Quebec,www.saint-celestin.net,https://saint-celestin.net/ -> https://www.saint-celestin.net/ -> http://saint-celestin.net/ -> http://www.saint-celestin.net/ -> https://municipalites-du-quebec.com/st-celestin/description.php -> https://municipalites-du-quebec.com/st-celestin/index.php -> https://municipalites-du-quebec.com/st-celestin/video.php -> https://municipalites-du-quebec.com/st-celestin/video/index.php -> https://municipalites-du-quebec.com/st-celestin/video/index.php?page=details&id=0 -> https://municipalites-du-queb,,9,yes,https://www.youtube.com/watch?v=HCZYNOPKkPY
us:place:2118352,Crescent Springs city,Kentucky,crescentsprings.ky.us,https://crescent-springs.ky.us/ -> https://www.crescent-springs.ky.us/ -> http://crescent-springs.ky.us/ -> http://www.crescent-springs.ky.us/ -> https://crescent-springs.ky.us/news_detail_T5_R136.php -> https://crescent-springs.ky.us/news_detail_T5_R134.php -> https://crescent-springs.ky.us/news_detail_T5_R132.php -> https://crescent-springs.ky.us/government/city_council/agendas___minutes.php -> https://crescent-springs.ky.us/government/city_council/government/city_council/index.php -> https://,https://www.youtube.com/@crescentspringscitycouncil3211,9,no,
us:place:3901784,Amesville village,Ohio,amesvilleohio.org,https://amesvilleohio.org/ -> http://amesvilleohio.org/ -> http://www.amesvilleohio.org/ -> https://www.amesvilleohio.org/calendar.html -> https://www.amesvilleohio.org/government.html -> https://www.amesvilleohio.org/history.html -> https://www.amesvilleohio.org/organizations.html -> https://www.amesvilleohio.org/business.html -> https://www.amesvilleohio.org/amesville-summer-nights.html -> https://www.amesvilleohio.org/tourism.html -> https://www.amesvilleohio.org/resources.html -> https://www,,7,yes,https://youtu.be/dQ5CDCxWAZs
us:place:5353720,Pateros city,Washington,pateros.com,https://pateros.com/ -> https://www.pateros.com/ -> http://pateros.com/ -> http://www.pateros.com/ -> https://pateros.com/new_detail_T8_R182.php -> https://pateros.com/new_detail_T8_R184.php -> https://pateros.com/new_detail_T8_R183.php -> https://pateros.com/government/mayor_council/agendas_minutes.php -> https://pateros.com/government/mayor_council/government/mayor_council/index.php -> https://pateros.com/government/mayor_council/government/mayor_council/city_council_meetings.php -> https://pa,,6,no,
us:place:3973040,South Amherst village,Ohio,villageofsouthamherst.com,https://villageofsouthamherst.com/ -> https://www.villageofsouthamherst.com/ -> http://villageofsouthamherst.com/ -> http://www.villageofsouthamherst.com/ -> https://villageofsouthamherst.com/meeting-schedule -> https://villageofsouthamherst.com/meetings -> https://villageofsouthamherst.com/calendar -> https://www.villageofsouthamherst.com/meeting-schedule -> https://www.villageofsouthamherst.com/meetings -> https://www.villageofsouthamherst.com/calendar,,9,yes,https://www.youtube.com/live/ktArYkReuz8?feature=share
us:place:3465130,Rumson borough,New Jersey,rumsonnj.gov,https://rumsonnj.gov/ -> http://rumsonnj.gov/ -> http://www.rumsonnj.gov/ -> https://www.rumsonnj.gov/prefix/oceanic-bridge-pic-september-29-2026 -> https://www.rumsonnj.gov/council -> https://www.rumsonnj.gov/rumson-planning-board -> https://ecode360.com/RU4115/ -> https://ecode360.com/35602619#35602619 -> https://ecode360.com/35778805#35778805 -> https://ecode360.com/35778802#35778802 -> https://ecode360.com/docs/TOS.html -> https://www.rumsonnj.gov/news -> https://www.rumsonnj.gov/agendas -> ,,14,no,
us:cousub:0919004720,Bethel,Connecticut,www.bethel-ct.gov,https://bethel-ct.gov/ -> https://www.bethel-ct.gov/ -> http://bethel-ct.gov/ -> http://www.bethel-ct.gov/ -> https://bethel-ct.gov/ed-commission -> https://bethel-ct.gov/meeting-information -> https://bethelct.govoffice.com/index.asp?SEC=E9DF08EB-2D78-42F1-9119-46A5DB396408 -> https://bethel-ct.gov/index.asp?SEC=E9DF08EB-2D78-42F1-9119-46A5DB396408&DE=CE230CC7-17BF-401A-B37D-56207C35EBB9 -> https://bethel-ct.gov/index.asp?SEC=E9DF08EB-2D78-42F1-9119-46A5DB396408&DE=2309F369-67CC-42B4-99AC-545C5,,50,yes,https://www.youtube.com/@Bethel-ctGov;https://www.youtube.com/channel/UCnm2GREVYVezvuoayA-gtZQ
us:place:3941454,Lakemore village,Ohio,lakemoreohio.org,https://lakemoreohio.org/ -> https://www.lakemoreohio.org/ -> http://lakemoreohio.org/ -> http://www.lakemoreohio.org/ -> https://lakemoreohio.org/village-council.html -> http://springfieldlakemorechannel1023.blogspot.com -> https://springfieldlakemorechannel1023.blogspot.com/2025/02/mr-and-mrs-santa-light-up-lakefront-in.html -> https://springfieldlakemorechannel1023.blogspot.com/search?updated-max=2024-09-13T12:54:00-07:00&max-results=7 -> https://springfieldlakemorechannel1023.blogspot.com/20,,6,yes,https://www.youtube.com/watch?v=s9svHSOKhNM
us:cousub:2501135285,Leyden,Massachusetts,www.townofleyden.com,https://townofleyden.com/ -> https://www.townofleyden.com/ -> http://townofleyden.com/ -> http://www.townofleyden.com/ -> https://townofleyden.com/d/0/?thisMonth=10&thisYear=2026&cid=1 -> https://townofleyden.com/d/0/?thisMonth=9&thisYear=2026&cid=14 -> https://townofleyden.com/f/0/18/Assessors-Forms -> http://gctv.org -> https://gctv.org/p/16/Watching-GCTV -> https://gctv.org/p/21/Watch-Live -> https://gctv.org/board -> https://gctv.org/staff -> https://cablecast.gctv.org/CablecastPublicSite/sc,,68,yes,https://youtube.com/@greenfieldctv
us:cousub:2605341080,Ironwood charter Township,Michigan,www.ironwoodtownship.com,https://ironwoodtownship.com/ -> http://ironwoodtownship.com/ -> http://www.ironwoodtownship.com/ -> https://www.ironwoodtownship.com/government/meeting_schedules.php -> https://www.ironwoodtownship.com/government/planning_commission.php -> https://www.ironwoodtownship.com/government/zoning_board_of_appeals.php -> https://www.ironwoodtownship.com/government/all_agendas___minutes.php -> https://www.ironwoodtownship.com/government/government/meeting_schedules.php -> https://www.ironwoodtownship.co,,17,no,
us:cousub:3400180330,Weymouth,New Jersey,www.weymouthnj.org,https://weymouthnj.org/ -> https://www.weymouthnj.org/ -> http://weymouthnj.org/ -> http://www.weymouthnj.org/ -> https://weymouthnj.org/government/township_committee/agendas_1.php -> https://weymouthnj.org/government/environmental_commission/index.php -> https://weymouthnj.org/government/land_use_board/index.php -> https://weymouthnj.org/government/rent_control_board/index.php -> https://weymouthnj.org/government/rent_control_board/ -> https://weymouthnj.org/government/rent_control_board/govern,,14,no,
us:place:4227232,Frackville borough,Pennsylvania,frackvillepa.org,https://frackvillepa.org/ -> https://www.frackvillepa.org/ -> http://frackvillepa.org/ -> http://www.frackvillepa.org/ -> https://frackvillepa.org/government/open_government/minutes.php -> https://frackvillepa.org/government/open_government/government/open_government/minutes.php -> https://frackvillepa.org/government/open_government/government/open_government/government/open_government/minutes.php -> https://frackvillepa.org/government/open_government/government/open_government/Documents/Resourc,,4,no,
us:place:3073825,Thompson Falls city,Montana,cityofthompsonfalls.com,https://cityofthompsonfalls.com/ -> https://www.cityofthompsonfalls.com/ -> http://cityofthompsonfalls.com/ -> http://www.cityofthompsonfalls.com/ -> https://cityofthompsonfalls.com/city-council-meeting-info -> https://cityofthompsonfalls.com/council-meetings-audio -> https://cityofthompsonfalls.com/city-court-payments -> https://cityofthompsonfalls.com/city-ordinances -> https://cityofthompsonfalls.com/community-center -> https://cityofthompsonfalls.com/county-housing-assessment -> https://city,,9,no,
us:cousub:2602135860,Hagar Township,Michigan,www.hagartownship.gov,https://hagartownship.gov/ -> https://www.hagartownship.gov/ -> http://hagartownship.gov/ -> http://www.hagartownship.gov/news_detail_T12_R197.php -> http://www.hagartownship.gov/news_detail_T12_R195.php -> http://www.hagartownship.gov/news_detail_T12_R194.php -> https://hagartwpmi.documents-on-demand.com/ -> https://hagartwpmi.documents-on-demand.com/Calendar -> https://www.hagartownship.org/how_do_i/read_view/index.php -> http://www.hagartownship.gov/how_do_i/read_view/meetings/planning_commis,,3,no,
us:sd:4221150,Yough School District,Pennsylvania,youghsd.net,https://youghsd.net/ -> https://www.youghsd.net/ -> http://youghsd.net/ -> http://www.youghsd.net/ -> https://www.youghsd.net/kindergarten_registration -> https://www.youghsd.net/profile_of_board_members -> https://www.youghsd.net/meeting_schedule -> https://www.youghsd.net/meeting_minutes -> https://www.youghsd.net/board_meeting_video_archive -> https://www.youghsd.net/teacher_powerschool_portal -> https://www.youghsd.net/employee_portal -> https://www.youghsd.net/district_calendar -> https://w,,86,no,
us:place:4271248,Smethport borough,Pennsylvania,smethportpa.org,https://smethportpa.org/ -> https://www.smethportpa.org/ -> http://smethportpa.org/ -> http://www.smethportpa.org/ -> https://smethportpa.org/boro/borough-council-members/ -> https://smethportpa.org/boro/shade-tree-commission/ -> https://smethportpa.org/local-calendar/ -> https://smethportpa.org/visitors/our-town-smethport/ -> https://smethportpa.org/activities/senior-center/ -> https://smethportpa.org//visitors/our-town-smethport/,,4,yes,https://www.youtube.com/user/BoroughSmethport;https://www.youtube.com/embed/jvs9RQIMSPc;https://www.youtube.com/embed/u9fZDslFW3c?rel=0;https://www.youtube.com/embed/Ohw_TjME0qM?rel=0
ca:csd:2470005,Saint-Urbain-Premier,Quebec,www.saint-urbain-premier.com,https://saint-urbain-premier.com/ -> http://saint-urbain-premier.com/ -> http://www.saint-urbain-premier.com/ -> https://www.saint-urbain-premier.com/fr/agenda/ -> https://www.saint-urbain-premier.com/fr/vie-citoyenne/installations-et-equipements/location-de-velos-electriques/ -> https://www.saint-urbain-premier.com/fr/agenda/agenda-activites/grands-evenements/,,7,yes,https://www.youtube.com/channel/UCHcup-Le9PsvD5V0VqMfBzw
us:place:2426200,Emmitsburg town,Maryland,emmitsburgmd.gov,https://emmitsburgmd.gov/ -> https://www.emmitsburgmd.gov/ -> http://emmitsburgmd.gov/ -> http://www.emmitsburgmd.gov/ -> https://emmitsburgmd.gov/meetingagenda/index.php -> https://emmitsburgmd.gov/town_meeting_broadcasts/index.php -> https://emmitsburgmd.gov/null/board_of_commissioners.php -> https://emmitsburgmd.gov/agendas_and_minutes.php -> https://emmitsburgmd.gov/town_board_meeting_agendas.php -> https://emmitsburgmd.gov/2022-0711-TMAgenda Packet.pdf?t=202207070949510 -> https://emmitsbur,,11,yes,https://www.youtube.com/channel/UC17xHnkC_VLkirblkEBdIDQ
us:place:4864172,St. Hedwig town,Texas,sainthedwigcity.gov,https://sainthedwigcity.gov/ -> https://www.sainthedwigcity.gov/ -> http://sainthedwigcity.gov/ -> http://www.sainthedwigcity.gov/ -> https://sainthedwigcity.com/leadership/city_council.php -> https://sainthedwigcity.com/leadership/planning_and_zoning_commission.php -> https://sainthedwigcity.com/leadership/board_of_adjustments.php -> https://sainthedwigcity.com/more/city_park.php -> https://sainthedwigcity.com/more/leadership/city_council.php -> https://sainthedwigcity.com/more/leadership/plann,,4,no,
us:place:2745772,New Munich city,Minnesota,cityofnewmunich.org,https://cityofnewmunich.org/ -> https://www.cityofnewmunich.org/ -> http://cityofnewmunich.org/ -> http://www.cityofnewmunich.org/ -> https://karmabathco.com/play/casino/live-lobby/947?src=home_casino -> https://karmabathco.com/slot/provider/live_22 -> https://karmabathco.com/casino/provider/mg_live_grand -> https://karmabathco.com/play/casino/idn-live-new-lobby/14252?src=home_casino -> https://karmabathco.com/play/casino/live-mania-lobby/14772?src=home_casino -> https://karmabathco.com/play/cas,,11,yes,https://www.youtube.com/c/NIBUNG88OFFICIAL/
us:cousub:2604955980,Mount Morris Township,Michigan,www.mtmorristwp.org,https://mtmorristwp.org/ -> https://www.mtmorristwp.org/ -> http://mtmorristwp.org/ -> http://www.mtmorristwp.org/ -> https://mtmorristwp.org/news_detail_T3_R80.php -> https://mtmorristwp.org/news_detail_T3_R74.php -> https://mtmorristwp.org/government/agendas___minutes/planning_commission.php,,1,no,
us:place:3985512,Willoughby Hills city,Ohio,willoughbyhills-oh.gov,https://willoughbyhills-oh.gov/ -> https://www.willoughbyhills-oh.gov/ -> http://willoughbyhills-oh.gov/ -> http://www.willoughbyhills-oh.gov/ -> https://willoughbyhills-oh.gov/government/city_council/index.php -> https://willoughbyhills-oh.gov/government/city_council/records/2025_-_ordinances_and_resolutions.php -> https://willoughbyhills-oh.gov/community/whtv___website.php -> https://willoughbyhills-oh.gov/community/government/city_council/index.php -> https://willoughbyhills-oh.gov/community/,,2,no,
us:place:3556180,Peralta town,New Mexico,townofperalta.org,https://townofperalta.org/ -> https://www.townofperalta.org/ -> http://townofperalta.org/ -> http://www.townofperalta.org/ -> https://townofperalta.org/departments/utilities_board.php -> https://townofperalta.org/news_detail_T28_R13.php -> https://townofperalta.org/resources/agendas_minutes.php -> https://townofperalta.org/resources/departments/utilities_board.php -> https://townofperalta.org/resources/Document Center/Resources/Agendas and Minutes/2021/Council Meeting/Agenda/Cannabis_Workshop_Au,,8,no,
us:cousub:2502707525,Boylston,Massachusetts,www.boylston-ma.gov,https://boylston-ma.gov/ -> https://www.boylston-ma.gov/ -> http://boylston-ma.gov/ -> http://www.boylston-ma.gov/ -> https://boylston-ma.gov/news_detail_T8_R91.php -> https://boylston-ma.gov/news_detail_T8_R115.php -> https://boylston-ma.gov/newslist.php -> https://boylston-ma.gov/Documents/Community/Government/Board of Selectman/Agendas Minutes/2026/Agenda/09.28.2026 Agenda.pdf?t=202609231326310 -> https://boylston-ma.gov/government/cultural_council/index.php -> https://boylston-ma.gov/governm,,3,no,
ca:csd:4614042,Teulon,Manitoba,www.teulon.ca,https://teulon.ca/ -> https://www.teulon.ca/ -> http://teulon.ca/ -> http://www.teulon.ca/ -> https://teulon.ca/p/council -> https://teulon.ca/p/teulon-district-senior-resource-council -> https://teulon.ca/p/meeting-minutes -> https://us06web.zoom.us/rec/share/jIuYpt7CdHClceyycho3Vo8UIZ8g8lQc_zuell3LSEHBgYhNkg2MKKc4-hj9zYcS.wy-HSMeDhBBieTnJ -> https://us06web.zoom.us/start/webmeeting -> https://us06web.zoom.us/start/videomeeting -> https://developers.zoom.us/docs/meeting-sdk/ -> https://www.zoom,,7,yes,https://www.youtube.com/watch?v=vIaeqh00Nb8
ca:csd:2433095,Saint-Antoine-de-Tilly,Quebec,www.saintantoinedetilly.com,https://saintantoinedetilly.com/ -> https://www.saintantoinedetilly.com/ -> http://saintantoinedetilly.com/ -> http://www.saintantoinedetilly.com/,,9,yes,https://www.youtube.com/watch?v=U8Q99gI5YXs
us:place:2946172,Marionville city,Missouri,marionvillemo.gov,"https://marionvillemo.gov/ -> http://marionvillemo.gov/ -> http://www.marionvillemo.gov/ -> https://www.marionvillemo.gov/nav/agendas_minutes.php -> https://www.marionvillemo.gov/nav/Documents/Governments/Agendas And Minutes/2024/Minute/NOVEMBER 14, 2024 MINUTES.docx?t=202502130732070 -> https://www.marionvillemo.gov/nav/Documents/Governments/Agendas And Minutes/2024/Minute/December 12, 2024 Minutes.docx?t=202502130730440 -> https://www.marionvillemo.gov/nav/Documents/Governments/Agendas And Min",,6,no,
ca:csd:4618056,West Interlake,Manitoba,www.rmofwestinterlake.com,https://rmofwestinterlake.com/ -> https://www.rmofwestinterlake.com/ -> http://rmofwestinterlake.com/ -> http://www.rmofwestinterlake.com/ -> https://rmofwestinterlake.com/council -> https://rmofwestinterlake.com/meeting-dates -> https://rmofwestinterlake.com/council-agendas -> https://rmofwestinterlake.com/meetings -> https://rmofwestinterlake.com/council-minutes -> https://rmofwestinterlake.com/index.asp?SEC=0C100175-9D0A-4A38-8247-F3C95DE2D6A2 -> https://rmofwestinterlake.com/add-notice -> ht,,44,yes,https://www.youtube.com/watch?v=60XTWdWHC4o
us:cousub:2500356795,Richmond,Massachusetts,www.richmondma.org,https://richmondma.org/ -> http://richmondma.org/ -> http://www.richmondma.org/ -> https://www.richmondma.org/government/town_clerk/government_town_clerk_index.php -> https://www.richmondma.org/government/boards_and_commissions/agricultural_commission.php -> https://www.richmondma.org/government/boards_and_commissions/board_of_appeals.php -> https://www.richmondma.org/agendas_and_minutes/2026.php -> https://www.richmondma.org/agendas_and_minutes/government/town_clerk/government_town_clerk_index.,,9,yes,https://www.youtube.com/embed/l_SJY7fAKZk?wmode=transparent
us:place:1931710,Gowrie city,Iowa,gowrie.org,https://gowrie.org/ -> http://gowrie.org/ -> http://www.gowrie.org/ -> https://www.gowrie.org/about-gdc -> https://www.gowrie.org/city-of-gowrie -> https://www.gowrie.org/full-calendar -> https://www.gowrie.org/events-independence-day,,8,yes,https://www.youtube.com/channel/UCVIFtNhLXDqQGi6FsEvvXSQ/featured
us:cousub:3606332490,Hartland town,New York,townofhartlandny.gov,https://townofhartlandny.gov/ -> https://www.townofhartlandny.gov/ -> http://townofhartlandny.gov/ -> http://www.townofhartlandny.gov/ -> https://townofhartlandny.gov/Departments/meetings -> https://us02web.zoom.us/j/89644262115?pwd=T7cbPNW5COqyaiCcvRoqgUuScLA6nu.1#success -> https://townofhartlandny.gov/live -> https://townofhartlandny.gov/live/index.html#header02-3 -> https://townofhartlandny.gov/Departments/boards -> https://townofhartlandny.gov/calendar -> https://townofhartlandny.gov/index.,,14,yes,https://www.youtube.com/channel/UCIh_MvxL8NVEHrtTfrVRunw
ca:csd:2453050,Saint-Joseph-de-Sorel,Quebec,www.vsjs.ca,https://vsjs.ca/ -> https://www.vsjs.ca/ -> http://vsjs.ca/ -> http://www.vsjs.ca/ -> https://www.vsjs.ca/fr/avis-public/8027/avis-de-motion-et-presentation-du-projet-de-reglement-pr2026-08-3 -> https://www.vsjs.ca/fr/loisirs-culture-et-vie-communautaire/vie-communautaire/location-de-salles -> https://www.vsjs.ca/fr/services-aux-citoyens/centre-documentaire/c4754/politique-de-location-de-salles-municipales,,2,yes,https://www.youtube.com/channel/UCT3nHrLPg69BhnNem13CCBg/featured
us:cousub:3607304572,Barre town,New York,townofbarreny.gov,https://townofbarreny.gov/ -> https://www.townofbarreny.gov/ -> http://townofbarreny.gov/ -> http://www.townofbarreny.gov/ -> https://www.youtube.com/channel/UCbgirGbVMdi84L43K2rHybQ/live -> https://townofbarreny.gov/barre-fire-district-proposed-2027-budget-public-hearing/ -> https://townofbarreny.gov/meeting-minutes/ -> https://townofbarreny.gov/accessibility/ -> https://townofbarreny.b-cdn.net/wp-content/uploads/2023/04/Zoning-Hearing-Town-Board.pdf -> https://townofbarreny.b-cdn.net/wp-conten,https://www.youtube.com/channel/UCbgirGbVMdi84L43K2rHybQ/live,14,yes,https://www.youtube.com/channel/UCbgirGbVMdi84L43K2rHybQ/live
ca:csd:1102040,Miltonvale Park,Prince Edward Island,www.miltonvalepark.com,https://miltonvalepark.com/ -> https://www.miltonvalepark.com/ -> http://miltonvalepark.com/ -> http://www.miltonvalepark.com/ -> https://miltonvalepark.com/miltonvale-park-and-milton-community-hall-september-24-2026/ -> https://miltonvalepark.com/events-miltonvale-park-and-milton-community-hall-september-9-2026/ -> https://miltonvalepark.com/news-events/3rd-annual-fathers-of-confederation-car-show/ -> https://miltonvalepark.com/municipal-information/council-committees/ -> https://miltonvalepark,,4,no,
us:sd:3631920,Yonkers City School District,New York,yonkerspublicschools.org,https://yonkerspublicschools.org/ -> http://yonkerspublicschools.org/ -> http://www.yonkerspublicschools.org/ -> https://video.yonkerspublicschools.org/ -> https://play.champds.com/yonkersschoolsny/live/5 -> https://www.yonkerspublicschools.org/events,,5,yes,https://www.youtube.com/@yonkerspublicschools/shorts
us:sd:3904839,Western Reserve Local School District,Ohio,westernreserve.k12.oh.us,https://www.westernreserve.k12.oh.us/ -> http://www.westernreserve.k12.oh.us/ -> https://www.westernreserve.k12.oh.us/index.htm -> https://www.westernreserve.k12.oh.us/calendar.htm,,8,no,
us:county:47097,Lauderdale County,Tennessee,lauderdalecountytn.org,https://lauderdalecountytn.org/ -> https://www.lauderdalecountytn.org/ -> http://lauderdalecountytn.org/ -> http://www.lauderdalecountytn.org/ -> https://lauderdalecountytn.org/chamber/board-of-directors/ -> https://lauderdalecountytn.org/our-county/calendar-of-events -> https://lauderdalecountytn.org/our-county/videos/ -> https://lauderdalecountytn.org/our-county/business-directory -> https://lauderdalecountytn.org/our-county/government/ -> https://lauderdalecountytn.org/chamber/committees/ -> ,,14,no,
us:place:1816300,Culver town,Indiana,townofculver.org,https://townofculver.org/ -> https://www.townofculver.org/ -> http://townofculver.org/ -> http://www.townofculver.org/ -> https://www.in.gov/towns/culver/town-hall/town-council -> https://www.in.gov/towns/culver/boards/redevelopment-commission -> https://www.in.gov/towns/culver/boards/plan-commission -> https://www.in.gov/towns/culver/boards -> https://www.in.gov/towns/culver/boards/culver-tree-commission -> https://www.in.gov/gov -> https://www.in.gov/gov/governors-office/commissions/bail-and-r,,29,yes,https://www.youtube.com/@townofculver6770;https://www.youtube.com/channel/UCKmpubKrOuyHohJlEEt8YXQ
us:cousub:3404177300,Washington township,New Jersey,washington-twp-warren.org,https://washington-twp-warren.org/ -> https://www.washington-twp-warren.org/ -> http://washington-twp-warren.org/ -> http://www.washington-twp-warren.org/ -> https://washington-twp-warren.org/government/commissions___boards/environmental_commission.php -> https://washington-twp-warren.org/government/commissions___boards/historic_preservation_commission.php -> https://washington-twp-warren.org/government/commissions___boards/land_use_board.php,,4,no,
us:county:29133,Mississippi County,Missouri,misscomo.net,https://misscomo.net/ -> https://www.misscomo.net/ -> http://misscomo.net/ -> http://www.misscomo.net/ -> https://misscomo.net/government/county_commission.php -> https://misscomo.net/government/index.php -> https://misscomo.net/government/government/county_commission.php -> https://misscomo.net/government/calendar.php -> https://misscomo.net/government/government/index.php -> https://misscomo.net/government/government/government/county_commission.php -> https://misscomo.net/government/community,,4,no,
us:cousub:2602161180,Oronoko charter Township,Michigan,www.oronokotownship.org,https://oronokotownship.org/ -> http://oronokotownship.org/ -> http://www.oronokotownship.org/ -> https://www.oronokotownship.org/police/park___cemetery/assessor/board_of_review/board_of_review.php -> https://www.oronokotownship.org/police/township_info/meetings.php -> https://www.oronokotownship.org/police/township_info/police/park___cemetery/assessor/board_of_review/board_of_review.php -> https://www.oronokotownship.org/police/township_info/police/township_info/minutes/index.php -> https://www,,6,no,
us:place:1842678,Leesburg town,Indiana,leesburgindiana.com,https://leesburgindiana.com/ -> http://leesburgindiana.com/ -> http://www.leesburgindiana.com/,,4,yes,https://www.youtube.com/@LeesburgIndiana46538
ca:csd:3507004,Edwardsburgh/Cardinal,Ontario,www.edwardsburghcardinal.ca,https://edwardsburghcardinal.ca/ -> https://www.edwardsburghcardinal.ca/ -> http://edwardsburghcardinal.ca/ -> http://www.edwardsburghcardinal.ca/ -> https://www.twpec.ca/news/general-news/ -> https://www.twpec.ca/news/public-meetings/ -> https://www.twpec.ca/news/posts/new-stop-sign-installed-on-meadowland-drive/ -> https://calendar.twpec.ca/meetings -> https://www.twpec.ca/news/posts/public-meetings-and-open-houses/ -> https://www.twpec.ca/township-hall/committees-and-boards/committee-of-adjus,,14,no,
us:place:3643874,Lynbrook village,New York,lynbrookvillage.gov,https://lynbrookvillage.gov/ -> https://www.lynbrookvillage.gov/ -> http://lynbrookvillage.gov/ -> http://www.lynbrookvillage.gov/ -> https://lynbrookvillage.gov/a-review-board/ -> https://lynbrookvillage.gov/zoning-appeals/ -> https://lynbrookvillage.gov/mayor-board/ -> https://lynbrookvillage.gov/lynbrooktv/ -> https://lynbrookvillage.gov/board-meeting-minutes/ -> https://lynbrookvillage.gov/board-meeting/ -> https://lynbrookvillage.gov/previous-board-meeting-minutes-transcripts/ -> https://ly,,8,no,
us:place:1803142,Bainbridge town,Indiana,townofbainbridge.com,https://townofbainbridge.com/ -> https://www.townofbainbridge.com/ -> http://townofbainbridge.com/ -> http://www.townofbainbridge.com/ -> https://townofbainbridge.com/notices/ -> https://townofbainbridge.com/march-utility-board-town-council-meetings/ -> https://townofbainbridge.com/boards-commissions/ -> https://townofbainbridge.com/town-history-2/ -> https://townofbainbridge.com/town-contacts/ -> https://townofbainbridge.com/wellhead-plan.html -> https://townofbainbridge.com/gallery-format/#com,,36,yes,https://www.youtube.com/embed/ha7mtG-4wcs?feature=oembed
us:place:1766027,Round Lake village,Illinois,roundlakeil.gov,https://roundlakeil.gov/ -> http://roundlakeil.gov/ -> http://www.roundlakeil.gov/ -> https://www.roundlakeil.gov/pview.aspx?id=20630&catid=556 -> https://www.roundlakeil.gov/pview.aspx?id=20876&catid=556 -> https://www.roundlakeil.gov/pview.aspx?id=20905&catid=556 -> https://www.roundlakeil.gov/pview.aspx?id=20684&catid=558 -> https://www.roundlakeil.gov/pview.aspx?id=20691&catid=560 -> https://www.roundlakeil.gov/pview.aspx?id=20691&catid=0 -> https://www.roundlakeil.gov/sitemap.aspx -> https:,,2,no,
us:cousub:2609168580,Riga Township,Michigan,www.rigatownship.com,https://rigatownship.com/ -> https://www.rigatownship.com/ -> http://rigatownship.com/ -> http://www.rigatownship.com/ -> https://rigatownship.com/pb/wp_d5c5d01d/wp_d5c5d01d.html -> https://mcusercontent.com/6bd0975b16a7e7a508afa9b4b/files/2e08cd7a-ccbd-ee8d-51b5-8f8a456f7d50/26.06.08_Minutes.pdf -> https://mcusercontent.com/6bd0975b16a7e7a508afa9b4b/files/88637606-3da6-a7a0-3d9b-b74cbbfda259/26.05.11_Minutes.docx -> https://mcusercontent.com/6bd0975b16a7e7a508afa9b4b/files/e1b53d83-24b0-4d91-f5,,6,yes,http://www.youtube.com/embed/W3PKrj3SvA0
us:cousub:0918033900,Griswold,Connecticut,www.griswold-ct.org,https://griswold-ct.org/ -> http://griswold-ct.org/ -> http://www.griswold-ct.org/ -> https://www.griswold-ct.org/government/board_of_selectmen/index.php -> https://www.griswold-ct.org/departments/planning___community_development/index.php#LandUseCommission -> https://www.griswold-ct.org/www.youtube.com -> https://www.griswold-ct.org/government/boards___commissions/agendas___minutes/index.php -> https://www.griswold-ct.org/government/boards___commissions/agendas___minutes/government/board_of_sel,,22,yes,https://www.youtube.com/@griswoldpublicschools5958
us:place:4247248,Mapleton borough,Pennsylvania,mapleton-pa.com,https://mapleton-pa.com/ -> https://www.mapleton-pa.com/ -> http://mapleton-pa.com/ -> http://www.mapleton-pa.com/ -> https://mapleton-pa.com/info/calendar.html -> https://mapleton-pa.com/gallery/index.html -> https://mapleton-pa.com/gallery/vistas/thepeak/index.html -> https://mapleton-pa.com/gallery/vistas/thepeak/view1.html -> https://mapleton-pa.com/gallery/vistas/thepeak/view2.html -> https://mapleton-pa.com/gallery/vistas/thepeak/view3.html -> https://mapleton-pa.com/gallery/2016/picnic/in,,16,yes,https://www.youtube.com/watch?v=Y7aPFSCSyOo;https://youtu.be/2Q5MoK1uaBI
us:cousub:4209144976,Lower Merion township,Pennsylvania,lowermerion.org,https://lowermerion.org/ -> https://www.lowermerion.org/ -> http://lowermerion.org/ -> http://www.lowermerion.org/ -> https://www.lowermerion.org/Home/Components/News/News/5681/50 -> https://www.lowermerion.org/Home/Components/News/News/5677/50 -> https://www.lowermerion.org/departments/building-and-planning-department/planning-division/new-zoning-code-adopted-02-26-2020 -> https://www.lowermerion.org/government/board-of-commissioners/commissions-and-boards-meetings -> https://lowermerion.granic,,12,yes,https://www.youtube.com/channel/UCJxAEgXHvCMEPxOu1qrYEXw
us:cousub:2607782840,Wakeshma Township,Michigan,www.wakeshmatownship.com,https://wakeshmatownship.com/ -> https://www.wakeshmatownship.com/ -> http://wakeshmatownship.com/ -> http://www.wakeshmatownship.com/ -> https://wakeshmatownship.com/government/township_board.php -> https://wakeshmatownship.com/government/planning_commission.php -> https://wakeshmatownship.com/government/zoning_board_of_appeals.php,,8,no,
us:place:3437110,Kinnelon borough,New Jersey,kinnelonboro.org,https://kinnelonboro.org/ -> http://kinnelonboro.org/ -> http://www.kinnelonboro.org/ -> https://www.kinnelonboro.org/cn/publicnotices/index.cfm?NID=644&jump2=0 -> https://www.kinnelonboro.org/cn/publicnotices/index.cfm?NID=608&jump2=0 -> https://www.kinnelonboro.org/cn/news/index.cfm?NID=58813&jump2=0 -> https://www.kinnelonboro.org/cn/Meetings/?tpid=8667 -> https://www.kinnelonboro.org/cn/webpage.cfm?tpid=8876 -> https://www.kinnelonboro.org/cn/meetings/?did=1526 -> https://www.kinnelonboro.or,,19,no,
us:place:5518875,Darlington city,Wisconsin,darlingtonwi.org,https://darlingtonwi.org/ -> https://www.darlingtonwi.org/ -> http://darlingtonwi.org/ -> http://www.darlingtonwi.org/ -> https://darlingtonwi.org/city-council -> https://darlingtonwi.org/board-of-review -> https://darlingtonwi.org/agendas-minutes -> https://darlingtonwi.org/mayor -> https://darlingtonwi.org/city-hall -> https://darlingtonwi.org/bird-city-information -> https://darlingtonwi.org/calendar -> https://darlingtonwi.org/wellness-center -> https://darlingtonwi.org/dance-calendar/ -> ht,,7,yes,https://www.youtube.com/embed/WSYtzuEf8MU?si=PNZJq6e1DVN2T3O_
ca:csd:3548022,Calvin,Ontario,www.calvintownship.ca,https://calvintownship.ca/ -> https://www.calvintownship.ca/ -> http://calvintownship.ca/ -> http://www.calvintownship.ca/ -> https://calvintownship.ca/en/our-community/news-alerts/show/calvin-connects-family-fun -> https://calvintownship.ca/en/our-community/news-alerts/show/are-you-on-the-voters-list -> https://calvintownship.ca/en/council-and-council-business/council -> https://calvintownship.ca/en/general-information/youtube-channel -> https://calvintownship.ca/en/municipal-services/opp-detac,,24,yes,https://www.youtube.com/@calvin_township/featured
us:place:2842440,Lucedale city,Mississippi,cityoflucedale.com,https://cityoflucedale.com/ -> https://www.cityoflucedale.com/ -> http://cityoflucedale.com/ -> http://www.cityoflucedale.com/ -> https://cityoflucedale.com/2026/05/14/pilgrimage-and-family-fun-day-in-the-park-rescheduled-to-saturday-june-13-2026/ -> https://cityoflucedale.com/2026/05/14/950/ -> https://cityoflucedale.com/2026/05/14/2025-annual-drinking-water-quality-report/ -> https://cityoflucedale.com/government/board-meeting-minutes/ -> https://cityoflucedale.com/about-lucedale/calendar-of-e,,9,yes,https://www.youtube.com/embed/g9S9yhBTR08?feature=oembed
ca:csd:3547002,Arnprior,Ontario,www.arnprior.ca,https://arnprior.ca/ -> http://arnprior.ca/ -> http://www.arnprior.ca/ -> https://www.arnprior.ca/recreation-and-culture/events/arnprior-market/ -> https://calendar.arnprior.ca/default/Detail/2026-10-17-1000-Fire-Station-Open-House -> https://www.arnprior.ca/news/posts/news-post-no-banner/ -> https://calendar.arnprior.ca/meetings -> https://calendar.arnprior.ca/meetings/Detail/2026-12-14-1830-Regular-Meeting-of-Council -> https://calendar.arnprior.ca/meetings/Detail/2026-12-09-1830-Special-Meeti,,30,no,
us:cousub:2611768120,Reynolds Township,Michigan,www.reynoldstwp.com,https://reynoldstwp.com/ -> https://www.reynoldstwp.com/ -> http://reynoldstwp.com/ -> http://www.reynoldstwp.com/ -> https://www.reynoldstwp.org/blank-1,,6,no,
us:place:1871972,Spencer town,Indiana,spencer.in.gov,https://spencer.in.gov/ -> https://www.spencer.in.gov/ -> http://spencer.in.gov/ -> http://www.spencer.in.gov/ -> https://spencer.in.gov/town_government/town_council/index.php -> https://spencer.in.gov/town_government/index.php -> https://spencer.in.gov/town_government/town_government/town_council/index.php -> https://spencer.in.gov/town_government/town_government/spencer_redevelopment_commission.php -> https://spencer.in.gov/town_government/town_government/town_council/town_council_minutes.php ,,10,no,
us:county:31181,Webster County,Nebraska,co.webster.ne.us,https://co.webster.ne.us/ -> https://www.co.webster.ne.us/ -> http://co.webster.ne.us/ -> http://www.co.webster.ne.us/ -> https://webstercounty.ne.gov/webpages/board/board_members.html -> https://webstercounty.ne.gov/board_meetings/agenda.aspx -> https://webstercounty.ne.gov/board_meetings/minutes.aspx -> https://webstercounty.ne.gov/board_meetings/history.aspx -> https://webstercounty.ne.gov/webpages/calendar/calendar.html -> https://webstercounty.ne.gov/webpages/county_court/county_court.html ,,7,no,
us:county:36075,Oswego County,New York,oswegocounty.com,https://oswegocounty.com/ -> https://www.oswegocounty.com/ -> http://oswegocounty.com/ -> http://www.oswegocounty.com/ -> https://www.oswegocountyny.gov/government/board_of_elections/index.php -> https://www.oswegocountyny.gov/government/county_legislature/meeting_agendas.php -> https://www.oswegocountyny.gov/news_detail_T17_R4589.php -> https://www.oswegocountyny.gov/government/board_of_elections/general_information.php -> https://www.oswegocountyny.gov/government/board_of_elections/government/,,40,yes,https://www.youtube.com/watch?v=Zkzj5_p2V_8;https://www.youtube.com/user/OswegoCountyTourism/videos?view_as=subscriber;https://youtu.be/ucSLyOQaf98
us:place:1374964,Swainsboro city,Georgia,cityofswainsboro.org,https://cityofswainsboro.org/ -> https://www.cityofswainsboro.org/ -> http://cityofswainsboro.org/ -> http://www.cityofswainsboro.org/ -> https://cityofswainsboro.org/news/swainsboro-fall-festival/ -> https://cityofswainsboro.org/citycouncil/ -> https://www.emanuel.k12.ga.us/ -> https://www.emanuel.k12.ga.us/departments/curriculum/ctae/edge-college-career-academy/about-us -> https://www.emanuel.k12.ga.us/quicklinks/student-advisory-council -> https://www.emanuel.k12.ga.us/schoolboard -> http://c,,9,no,
us:cousub:5500755375,Namakagon town,Wisconsin,townofnamakagon.gov,https://townofnamakagon.gov/ -> https://www.townofnamakagon.gov/ -> http://townofnamakagon.gov/ -> http://www.townofnamakagon.gov/ -> https://www.youtube.com/channel/UCeU-_6YHGQFcVSHLbEXLNlA/playlists?utm_campaign=plesk_server_default_page_js,https://www.youtube.com/channel/UCeU-_6YHGQFcVSHLbEXLNlA/playlists?utm_campaign=plesk_server_default_page_js,2,no,
us:place:3562060,Raton city,New Mexico,ratonnm.gov,https://ratonnm.gov/ -> https://www.ratonnm.gov/ -> http://ratonnm.gov/ -> http://www.ratonnm.gov/ -> https://ratonnm.gov/news_detail_T10_R23.php -> https://ratonnm.gov/news_detail_T10_R16.php -> https://ratonnm.gov/news_detail_T10_R9.php -> https://ratonnm.gov/government/agendas_minutes.php -> https://ratonnm.gov/government/government/agendas_minutes.php -> https://ratonnm.gov/government/government/city_commission/index.php -> https://ratonnm.gov/government/community/youth_activities/raton_recr,,21,yes,https://www.youtube.com/@elratonmediaworks
us:place:1620350,Dalton Gardens city,Idaho,daltongardens.com,https://daltongardens.com/ -> https://www.daltongardens.com/ -> http://daltongardens.com/ -> http://www.daltongardens.com/ -> https://daltongardens.com/index.asp?SEC=AC5941C2-9903-404E-8FF3-B027D3CC1EB6&DE=5BA96A3B-20EB-476E-82A2-3C2FEDD69B84 -> https://daltongardens.com/citycouncil -> https://daltongardens.com/index.asp?SEC=AC5941C2-9903-404E-8FF3-B027D3CC1EB6&DE=8617EF92-FE60-4B66-8104-EBA2EF315952 -> https://daltongardensrebuild2025.govoffice.com/meetings -> http://daltongardensrebuild2025.go,,6,no,
us:place:3620390,DeRuyter village,New York,deruyter.gov,https://deruyter.gov/ -> https://www.deruyter.gov/ -> http://deruyter.gov/ -> http://www.deruyter.gov/ -> https://deruyter.gov/boards-committees/ -> https://deruyter.gov/board_application/ -> https://deruyter.gov/village-government/ -> https://deruyter.gov/town-supervisor/ -> https://deruyter.gov/town-clerk-collector/ -> https://deruyter.gov/town-court/ -> https://deruyter.gov/wp-content/uploads/2024/06/Zoning-Board-of-Appeals-Application-DeRuyter-NY.pdf -> https://deruyter.gov/around-town/,,2,yes,https://www.youtube.com/embed/50CNI9BOzn0?feature=oembed
us:cousub:3601126231,Fleming town,New York,flemingny.gov,https://flemingny.gov/ -> https://www.flemingny.gov/ -> http://flemingny.gov/ -> http://www.flemingny.gov/ -> https://flemingny.gov/government/town_board/index.php -> https://flemingny.gov/departments/zoning_board_of_appeals.php -> https://flemingny.gov/departments/planning_board/index.php -> https://flemingny.gov/departments/minutes.php -> https://flemingny.gov/departments/government/town_board/index.php -> https://flemingny.gov/departments/departments/zoning_board_of_appeals.php -> https://fle,,4,no,
us:place:4503205,Atlantic Beach town,South Carolina,townofatlanticbeachsc.com,https://townofatlanticbeachsc.com/ -> https://www.townofatlanticbeachsc.com/ -> http://townofatlanticbeachsc.com/ -> http://www.townofatlanticbeachsc.com/ -> https://boxcast.tv/channel/dtoujlfjxuu2lde6bvp8?_gl=1*1bawupl*_gcl_au*MjAyMzQ1NDMzNy4xNzM1Mzk2Nzkw*_ga*MTE0OTU2OTMxMi4xNzM1Mzk2Nzkw*_ga_PXBBF7HVWQ*MTc0MDcwMDYwNC43Mi4xLjE3NDA3MDE3MDUuMC4wLjA. -> https://www.townofatlanticbeachsc.com/page/council.officials-and-staff -> https://www.townofatlanticbeachsc.com/page/zoning_board -> https://www.to,,18,no,
us:cousub:2302786760,Winterport town,Maine,winterportmaine.gov,https://winterportmaine.gov/ -> https://www.winterportmaine.gov/ -> http://winterportmaine.gov/ -> http://www.winterportmaine.gov/ -> https://winterportmaine.gov/government/town_council/index.php -> https://winterportmaine.gov/government/boards___committees/board_of_assessors.php -> https://winterportmaine.gov/government/boards___committees/planning_board/index.php,,3,no,
us:place:3904752,Beaverdam village,Ohio,beaverdamoh.com,https://beaverdamoh.com/ -> https://www.beaverdamoh.com/ -> http://beaverdamoh.com/ -> http://www.beaverdamoh.com/ -> https://beaverdamoh.com/government/contact_us/mayor_council.php -> https://beaverdamoh.com/government/minutes.php -> https://beaverdamoh.com/government/government/contact_us/mayor_council.php -> https://beaverdamoh.com/government/government/minutes.php -> https://beaverdamoh.com/government/government/government/contact_us/mayor_council.php -> https://beaverdamoh.com/government/go,,4,no,
us:place:4060350,Poteau city,Oklahoma,poteau-ok.com,https://poteau-ok.com/ -> http://poteau-ok.com/ -> http://www.poteau-ok.com/ -> https://www.poteau-ok.com/departments/councils___commissions/agendas___minutes.php -> https://www.poteau-ok.com/government/councils___commissions/index.php -> https://www.poteau-ok.com/council handbook 7 2020.pdf -> https://www.poteau-ok.com/government/index.php -> https://www.poteau-ok.com/government/departments/councils___commissions/agendas___minutes.php -> https://www.poteau-ok.com/government/government/councils_,,6,no,
us:county:28067,Jones County,Mississippi,jonescounty.com,https://jonescounty.com/ -> https://www.jonescounty.com/ -> http://jonescounty.com/ -> http://www.jonescounty.com/ -> https://jonescounty.com/development-authority/board/ -> https://jonescounty.com/chamber/chamber-board/ -> https://jonescounty.com/foundation/cdf-board-of-directors/ -> https://jonescounty.com/about/jones-county-chamber-of-commerce/ -> https://jonescounty.com/chamber-board/ -> https://jonescounty.com/2024/09/11/kick-off-your-career-presented-by-jones-county-career-coaches/ -> http,,15,yes,https://www.youtube.com/channel/UCWIkpd9p-VHpogebB8vd5aQ
us:cousub:3301574340,Stratham town,New Hampshire,strathamnh.gov,https://strathamnh.gov/ -> http://strathamnh.gov/ -> http://www.strathamnh.gov/ -> https://www.strathamnh.gov/boards/select_board/index.php -> https://www.strathamnh.gov/boards/select_board/public_hearing_notices.php -> https://www.strathamnh.gov/boards/select_board/town_meeting.php -> https://www.strathamnh.gov/blog_section_T13_R2.php -> https://www.strathamnh.gov/blog_T12_R84.php -> https://www.strathamnh.gov/blog_T12_R27.php -> https://www.strathamnh.gov/blog_T12_R28.php -> https://www.strath,,12,yes,https://www.youtube.com/@BlueHawkMediaTV/streams
ca:csd:2419025,Saint-Malachie,Quebec,www.st-malachie.qc.ca,https://st-malachie.qc.ca/ -> http://st-malachie.qc.ca/ -> http://www.st-malachie.qc.ca/ -> https://www.st-malachie.qc.ca/pages/videos-promotionnelles,,9,yes,https://www.youtube.com/embed/GvWUefFJP34?si=5HkkyZO2_DHOzGyw;https://www.youtube.com/embed/ruQ3YmSqixU?si=ucixVtMn8XKD3yFc
us:county:19163,Scott County,Iowa,www.scottcountyiowa.gov,https://scottcountyiowa.gov/ -> http://scottcountyiowa.gov/ -> http://www.scottcountyiowa.gov/ -> https://www.scottcountyiowa.gov/board -> https://www.scottcountyiowa.gov/planning/post/2026/10/02/board-adjustment-deadline -> https://www.scottcountyiowa.gov/board/post/2026/10/06/board-supervisors-committee-whole -> https://www.scottcountyiowa.gov/services/boards-commissions -> https://www.scottcountyiowa.gov/conservation/post/2026/10/03/clay-workshop -> https://www.scottcountyiowa.gov/calendar ->,,25,yes,https://www.youtube.com/channel/UCoeVy7TakVnWaFWgRAgs7CA
us:place:3811860,Cando city,North Dakota,candond.com,https://candond.com/ -> https://www.candond.com/ -> http://candond.com/ -> http://www.candond.com/ -> https://www.cityofcando.com/city-council -> https://www.cityofcando.com/park-board -> https://www.cityofcando.com/_files/ugd/efb9f3_59aa243b66af4a0991b8580394c134d1.docx?dn=Council%20Appointments%202030.docx -> https://www.cityofcando.com/tv-listings -> https://www.directv.com/guide -> https://www.directv.com/guide/?redirectToOv=true -> https://www.directv.com/guide/home/?redirectToOv=true -> ht,,10,no,
us:place:1732668,Hanna City village,Illinois,hannacityil.com,https://hannacityil.com/ -> http://hannacityil.com/ -> http://www.hannacityil.com/ -> https://www.hannacityil.com/staff -> https://www.hannacityil.com/page/planning-commission -> https://www.hannacityil.com/page/community-and-economic-development-council-cedc -> https://www.hannacityil.com/page/meeting-schedule -> https://www.hannacityil.com/page/cedc-meeting-agendas-and-minutes -> https://www.hannacityil.com/page/board-meeting-agendasminutes -> https://www.hannacityil.com/page/board-meeting-vid,,12,yes,https://www.youtube.com/channel/UCO-2cC6tOi7EJSlTLDXoAkg/featured
us:place:0233800,Houston city,Alaska,houston-ak.gov,https://houston-ak.gov/ -> https://www.houston-ak.gov/ -> http://houston-ak.gov/ -> http://www.houston-ak.gov/ -> https://houstonak.us/alert_detail.php -> https://houstonak.us/government/parks___recreation_commission.php -> https://houstonak.us/government/planning___zoning_commission.php -> https://houstonak.us/government/city_council/agendas___minutes.php -> https://houstonak.us/government/city_council/government/parks___recreation_commission.php -> https://houstonak.us/government/city_council/,,1,yes,https://www.youtube.com/@CityofHoustonAlaska/live
ca:csd:1005012,Pasadena,Newfoundland and Labrador,pasadena.ca,https://pasadena.ca/ -> https://www.pasadena.ca/ -> http://pasadena.ca/ -> http://www.pasadena.ca/ -> https://pasadena.ca/2026/09/29/pasadena-hazards-emergency-preparedness-survey/ -> https://pasadena.ca/2026/09/16/public-notice-bear-activity/ -> https://pasadena.ca/2026/09/16/organicwastefacilityreopened/ -> https://pasadena.ca/council-minutes/ -> https://pasadena.ca/?mdocs-file=54962 -> https://pasadena.ca/mdocs-posts/09-september-21-2026-regular-council-agenda/ -> https://pasadena.ca/?mdocs-f,,16,yes,https://www.youtube.com/channel/UC3n-C11hkEjsEtzEWvc6pRQ;https://www.youtube.com/@PasadenaNL
us:place:2756428,Russell city,Minnesota,russellmn.gov,https://russellmn.gov/ -> https://www.russellmn.gov/ -> http://russellmn.gov/ -> http://www.russellmn.gov/ -> https://russellmn.gov/news-detail?item_id=28621 -> https://russellmn.gov/news-detail?item_id=26492 -> https://russellmn.gov/news-detail?item_id=26493 -> https://russellmn.gov/meeting-agendas-and-minutes -> https://russellmn.gov/mayor-and-council -> https://russellmn.gov/council -> https://russellmn.gov/agendas -> https://russellmn.gov/minutes -> https://russellmn.gov/mayor,,1,yes,https://www.youtube-nocookie.com/embed/TwmOHQwuihw?si=hnsplwH8JaoIrgL0
us:place:3105630,Blue Springs city,Nebraska,bluespringsne.com,https://bluespringsne.com/ -> https://www.bluespringsne.com/ -> http://bluespringsne.com/ -> http://www.bluespringsne.com/ -> https://bluespringsne.com/show.html -> https://bluespringsne.com/index.html -> http://www.bluespringsne.com/cabin/index.html -> https://bluespringsne.com/cabin/1955.html -> https://bluespringsne.com/cabin/tay1.html -> https://bluespringsne.com/cabin/park.html -> https://bluespringsne.com/ordinance.html -> https://bluespringsne.com/business.html -> https://bluespringsne.co,,2,yes,https://www.youtube.com/watch?v=yZg-OO6i5ag
us:place:3425200,Freehold borough,New Jersey,freeholdboroughnj.gov,https://freeholdboroughnj.gov/ -> https://www.freeholdboroughnj.gov/ -> http://freeholdboroughnj.gov/ -> http://www.freeholdboroughnj.gov/ -> https://freeholdboroughnj.gov/government/news/491-fall-brush-pick-up-schedules -> https://freeholdboroughnj.gov/government/news/490-upcoming-spooktacular-events -> https://freeholdboroughnj.gov/government/news/489-participatory-budgeting-town-hall-meeting-wednesday-september-16 -> https://www.freeholdboro.k12.nj.us/board-of-education -> https://www.freehol,,37,yes,https://www.youtube.com/@FreeholdBorough
us:cousub:3605564144,Rush town,New York,townofrushny.gov,"https://townofrushny.gov/ -> https://www.townofrushny.gov/ -> http://townofrushny.gov/ -> http://www.townofrushny.gov/ -> https://townofrushny.gov/community/meetings-calendar/eventdetail/5478/58,59,60,61,93,94,99,100/fire-commissioner-s-mtg-and-public-hearing-on-budget.html -> https://townofrushny.gov/community/meetings-calendar/eventdetail/6823/58,59,60,61,93,94,99,100/zoning-board-of-appeals-meeting.html -> https://townofrushny.gov/community/meetings-calendar/eventdetail/25469/58,59,60,61,93,9",,5,yes,https://www.youtube.com/channel/UCgzemm9WkmhOOrNun9p3ffA
us:place:1817074,Decatur city,Indiana,decaturin.org,https://decaturin.org/ -> https://www.decaturin.org/ -> http://decaturin.org/ -> http://www.decaturin.org/ -> https://www.cityofdecatur.in.gov/city-boards/board-public-works-safety/6 -> https://www.cityofdecatur.in.gov/boards-committees -> https://www.cityofdecatur.in.gov/services/board-committee-meetings/44 -> https://www.elocallink.tv/m/v/Redesign4/?pid=N5Bw9zN92&fp=indecat25_wel_iwd -> https://www.cityofdecatur.in.gov/officials/city-council/13 -> https://www.cityofdecatur.in.gov/Documents/09-,,19,no,
us:cousub:4200385184,WILKINS TWP,Pennsylvania,wilkinstownship.com,https://wilkinstownship.com/ -> https://www.wilkinstownship.com/ -> http://wilkinstownship.com/ -> http://www.wilkinstownship.com/ -> https://wilkinstownship.com/government/board_of_commissioners/index.php -> https://wilkinstownship.com/government/planning_commission/index.php -> https://wilkinstownship.com/government/board_of_commissioners/agendas___minutes.php -> https://wilkinstownship.com/government/board_of_commissioners/government/board_of_commissioners/index.php -> https://wilkinstownship,,4,no,
us:place:3140710,Ravenna city,Nebraska,myravenna.com,https://myravenna.com/ -> http://myravenna.com/ -> http://www.myravenna.com/ -> https://www.myravenna.com/visitors/event.php -> https://www.myravenna.com/visitors/visitors/event.php#main -> https://www.myravenna.com/visitors/visitors/visitors/event.php -> https://www.myravenna.com/visitors/visitors/government/index.php -> https://www.myravenna.com/visitors/visitors/community/city_auditorium.php -> https://www.myravenna.com/visitors/government/index.php,,6,no,
us:place:4825392,Falls City city,Texas,thefallscityconnect.com,https://thefallscityconnect.com/ -> https://www.thefallscityconnect.com/ -> http://thefallscityconnect.com/ -> http://www.thefallscityconnect.com/ -> https://thefallscityconnect.com/government/index.php -> https://thefallscityconnect.com/government/government/council_.php -> https://thefallscityconnect.com/government/government/index.php#main -> https://thefallscityconnect.com/government/government/not_found/index.php#main,,8,no,
us:sd:0642540,Williams Unified School District,California,williamsusd.net,https://williamsusd.net/ -> https://www.williamsusd.net/ -> http://williamsusd.net/ -> http://www.williamsusd.net/ -> https://www.williamsusd.net/Board/index.html -> https://www.williamsusd.net/Board/General-Information/Board-Meeting-Calendars/index.html -> https://simbli.eboardsolutions.com/Index.aspx?S=36030294 -> https://www.williamsusd.net/Board/Agendas-and-Minutes/index.html -> https://www.williamsusd.net/Board/Agendas-and-Minutes/Board/index.html -> https://www.williamsusd.net/Board/Agenda,,3,no,
ca:csd:3549032,Parry Sound,Ontario,www.townofparrysound.com,https://townofparrysound.com/ -> https://www.townofparrysound.com/ -> http://townofparrysound.com/ -> http://www.townofparrysound.com/ -> https://www.parrysound.ca/news/posts/notice-of-adoption/ -> https://www.parrysound.ca/news/posts/2026-municipal-election-upcoming-all-candidate-events/ -> https://www.parrysound.ca/news/posts/parry-sound-road-construction-update-september-2026/ -> https://events.parrysound.ca/Council/ -> https://events.parrysound.ca/Council/Detail/2026-12-15-1900-Regular-Counc,https://www.youtube.com/channel/UC4QrR6HjwibWOJRbLwnjcFQ/live,26,yes,https://www.youtube.com/@townofparrysound/streams
us:place:2759314,Shafer city,Minnesota,cityofshafer.gov,https://cityofshafer.gov/ -> https://www.cityofshafer.gov/ -> http://cityofshafer.gov/ -> http://www.cityofshafer.gov/ -> https://cityofshafer.gov/calendar.php -> https://cityofshafer.gov/government/council/index.php -> https://cityofshafer.gov/government/planning_commission/index.php -> https://cityofshafer.gov/government/council/council_agendas___minutes/index.php -> https://cityofshafer.gov/government/council/council_agendas___minutes/calendar.php -> https://cityofshafer.gov/government/counci,,8,no,
us:county:38001,Adams County,North Dakota,adamscountynd.com,https://adamscountynd.com/ -> https://www.adamscountynd.com/ -> http://adamscountynd.com/ -> http://www.adamscountynd.com/ -> https://adamscountynd.com/government/county_commissioners/meeting_agenda.php -> https://adamscountynd.com/government/county_commissioners/meeting_minutes.php -> https://adamscountynd.com/government/county_commissioners/government/county_commissioners/meeting_agenda.php,,4,no,
us:county:19035,Cherokee County,Iowa,cherokeecountyiowa.com,https://cherokeecountyiowa.com/ -> https://www.cherokeecountyiowa.com/ -> http://cherokeecountyiowa.com/ -> http://www.cherokeecountyiowa.com/ -> https://www.cherokeecounty.iowa.gov/departments/offices_a_-_e/board_of_supervisors/index.php -> https://www.cherokeecounty.iowa.gov/departments/offices_a_-_e/board_of_supervisors/minutes.php -> https://www.cherokeecounty.iowa.gov/departments/offices_a_-_e/board_of_supervisors/departments/offices_a_-_e/board_of_supervisors/minutes.php -> https://www.che,,6,no,
us:place:2271225,Sorrento town,Louisiana,sorrentola.gov,https://sorrentola.gov/ -> https://www.sorrentola.gov/ -> http://sorrentola.gov/ -> http://www.sorrentola.gov/ -> http://sorrentola.gov/town-council.html -> http://sorrentola.gov/meeting-minutes.html -> http://sorrentola.gov/agendas-1.html -> http://sorrentola.gov/mayor.html -> http://sorrentola.gov/town-government.html -> http://sorrentola.gov/about-us.html -> http://sorrentola.gov/business.html -> http://sorrentola.gov/planning---zoning.html -> http://sorrentola.gov/subdivision-regulations-ord,,3,yes,https://www.youtube.com/channel/UCpUGCev7UaUVj7_fe2rNs2A/
us:cousub:3612105936,Bennington town,New York,benningtonny.com,https://benningtonny.com/ -> https://www.benningtonny.com/ -> http://benningtonny.com/ -> http://www.benningtonny.com/ -> https://www.benningtonny.gov/forms -> https://www.benningtonny.gov/_files/ugd/4e3f3f_54b335329e4047b9bc2eb9b4689e24fe.pdf -> https://www.benningtonny.gov/_files/ugd/4e3f3f_b6c50c54746644f5a16a0c0d61e694c9.pdf -> https://www.benningtonny.gov/_files/ugd/4e3f3f_f6222c8945c149caa2678303a91ea9e9.pdf -> https://www.benningtonny.gov/town-court -> https://www.benningtonny.gov/town-of,,5,yes,https://www.youtube.com/@TownofBenningtonNY
ca:csd:2450085,La Visitation-de-Yamaska,Quebec,www.lavisitationdeyamaska.net,https://lavisitationdeyamaska.net/ -> https://www.lavisitationdeyamaska.net/ -> http://lavisitationdeyamaska.net/ -> http://www.lavisitationdeyamaska.net/ -> https://www.lavisitationdeyamaska.net/fr/albums-videos -> https://www.lavisitationdeyamaska.net/fr/albums-videos/centre-recreatif/page-1 -> https://www.lavisitationdeyamaska.net/fr/albums-videos/centre-recreatif -> https://www.lavisitationdeyamaska.net/fr/albums-videos/visi-gym/page-1 -> https://www.lavisitationdeyamaska.net/fr/albums-video,,15,yes,https://www.youtube.com/watch?v=Mkp8PkG0ppI&list=UUYq6YCa4kqK6H8tlBXpjyCA&index=2&feature=plcp
us:place:1730926,Granite City city,Illinois,www.granitecity.illinois.gov,https://www.granitecity.illinois.gov/ -> http://www.granitecity.illinois.gov/ -> https://www.granitecity.illinois.gov/news_detail_T6_R29.php -> https://www.granitecity.illinois.gov/news_detail_T6_R28.php -> https://www.granitecity.illinois.gov/news_detail_T6_R27.php -> https://www.granitecity.illinois.gov/government/agendas_minutes.php -> https://www.granitecity.illinois.gov/government/departments/building_and_zoning/board_of_appeals.php -> https://www.granitecity.illinois.gov/government/governm,,21,yes,https://www.youtube.com/@GraniteCityIllinois
us:cousub:2615561960,Owosso charter Township,Michigan,www.owossochartertownship.org,https://owossochartertownship.org/ -> https://www.owossochartertownship.org/ -> http://owossochartertownship.org/ -> http://www.owossochartertownship.org/ -> https://owossochartertownship.org/document_center/meetings___minutes/index.php -> https://owossochartertownship.org/document_center/meetings___minutes/document_center/meetings___minutes/index.php -> https://owossochartertownship.org/document_center/meetings___minutes/document_center/meetings___minutes/document_center/meetings___minutes/inde,,8,no,
us:state:38,State of North Dakota,North Dakota,nd.gov,https://nd.gov/ -> http://nd.gov/ -> http://www.nd.gov/ -> https://www.nd.gov/events/2026-womens-business-conference -> https://apps.nd.gov/sos/ndpmn/mainmenu.htm -> https://www.nd.gov/news-events/one-stop-shop-state-media -> https://www.arts.nd.gov/get-involved/sign-ndcas-newsletter -> https://psc.nd.gov/public/newsroom/ -> https://www.nd.gov/social-media -> http://www.youtube.com/user/NDCouncilonArts -> https://www.nd.gov/government -> https://www.nd.gov/government/welcome-governor-armstrong -,http://www.youtube.com/user/NDCouncilonArts,51,no,
us:place:3475620,Ventnor City city,New Jersey,ventnorcity.org,https://ventnorcity.org/ -> http://ventnorcity.org/ -> http://www.ventnorcity.org/ -> https://www.elocallink.tv/m/v/player.php?pid=w7a1B4z9y81&fp=njven18_wel_rev4_iwd -> https://www.ventnorcity.org/calendar -> https://www.ventnorcity.org/calendar/550/ -> https://www.ventnorcity.org/calendar/724/ -> https://www.ventnorcity.org/calendar/545/ -> https://www.ventnorcity.org/calendar/517/ -> https://www.ventnorcity.org/calendar/552/ -> https://www.ventnorcity.org/calendar/554/ -> https://www.ventnorc,,12,yes,https://www.youtube.com/channel/UCRgaXDhkx-y17O6pg2B42-w
us:sd:4808230,Anderson-Shiro Consolidated Independent School District,Texas,ascisd.net,https://ascisd.net/ -> https://www.ascisd.net/ -> http://ascisd.net/ -> http://www.ascisd.net/ -> https://www.ascisd.net/apps/events/?id=0 -> https://www.ascisd.net/apps/pages/index.jsp?uREC_ID=344587&type=d&pREC_ID=751900 -> https://www.ascisd.net/apps/pages/index.jsp?uREC_ID=344587&type=d&pREC_ID=889397 -> https://meetings.boardbook.org/Public/Organization/633 -> https://meetings.boardbook.org/Public/Agenda/633?meeting=767121 -> https://meetings.boardbook.org/Public/Projector/633?meeting=76712,,11,no,
us:place:3930198,Girard city,Ohio,cityofgirardoh.gov,https://cityofgirardoh.gov/ -> https://www.cityofgirardoh.gov/ -> http://cityofgirardoh.gov/ -> http://www.cityofgirardoh.gov/ -> https://cityofgirardoh.gov/blog/ova_doc/girard-city-council-tentative-agenda-monday-september-28-2026/ -> https://cityofgirardoh.gov/blog/ova_doc/girard-city-council-tentative-agenda-monday-september-14-2026/ -> https://cityofgirardoh.gov/blog/2026/05/01/girard-podcast-s2-e3/ -> https://cityofgirardoh.gov/cat_doc/council-meeting-minutes/ -> https://cityofgirardoh.gov/,,1,no,
ca:csd:4615020,Neepawa,Manitoba,www.neepawa.ca,https://neepawa.ca/ -> http://neepawa.ca/ -> http://www.neepawa.ca/ -> https://www.neepawa.ca/town-council/ -> https://www.neepawa.ca/meeting-minutes/ -> https://www.neepawa.ca/wp-content/uploads/2026/03/11-November-4-2025-Annual-Organizational-Meeting-Minutes.pdf -> https://www.neepawa.ca/main-notice/ -> https://www.neepawa.ca/parks-use-guidelines-june-22-2020/ -> https://www.neepawa.ca/recyclepedia-a-new-recycling-tool/ -> https://www.neepawa.ca/notice-water-tower-cleaning/ -> https://www.neep,,15,yes,https://www.youtube.com/channel/UC93ODVpBYeYlFhX4FboTjFA
us:place:4239256,Kenhorst borough,Pennsylvania,co.berks.pa.us,https://co.berks.pa.us/ -> https://www.co.berks.pa.us/ -> http://co.berks.pa.us/ -> http://www.co.berks.pa.us/ -> https://www.berkspa.gov/departments/planning-commission -> https://www.berkspa.gov/departments/cjab -> https://www.berkspa.gov/departments/workforce-development-board -> https://propertyrecords.berkspa.gov/forms/htmlframe.aspx?mode=content/home.htm -> http://www.tylertech.com -> https://propertyrecords.berkspa.gov/search/commonsearch.aspx?mode=realprop -> https://propertyrecords.berk,,2,no,
us:sd:3013590,Havre High School District,Montana,blueponyk12.com,https://blueponyk12.com/ -> http://blueponyk12.com/ -> http://www.blueponyk12.com/ -> https://www.blueponyk12.com/our-district/board-of-trustees-district-policies -> https://www.blueponyk12.com/our-district/board-of-trustees-district-policies/board-agendas-and-minutes -> https://www.blueponyk12.com/calendar211 -> https://www.blueponyk12.com/site-map -> https://www.blueponyk12.com/calendar1,,9,no,
ca:csd:3502010,Champlain,Ontario,www.champlain.ca,https://champlain.ca/ -> http://champlain.ca/ -> http://www.champlain.ca/ -> https://www.champlain.ca/government-council/municipal-council/council-meetings/regular-council-meeting-24-sep-2026 -> https://www.champlain.ca/government-council/municipal-council/council-meetings/public-meeting-zoning-24-sep-2026 -> https://www.champlain.ca/government-council/municipal-council/council-meetings/regular-council-meeting-20-aug-2026 -> https://www.champlain.ca/government-council/municipal-council/council-m,,19,yes,https://www.youtube.com/channel/UC6Xram_3gD39_SG-gI8nB_g
ca:csd:2407095,Saint-Moïse,Quebec,www.st-moise.com,https://st-moise.com/ -> https://www.st-moise.com/ -> http://st-moise.com/ -> http://www.st-moise.com/ -> https://st-moise.com/services/taxes/echeance-et-mode-de-paiement.html -> https://st-moise.com/accueil.html -> https://st-moise.com/mairie/conseil-municipal.html -> https://st-moise.com/mairie/election.html -> https://st-moise.com/mairie/proces-verbaux.html -> https://st-moise.com/mairie/reglements.html -> https://st-moise.com/vivre-ici.html -> https://st-moise.com/vivre-ici/benevoles.html ->,,22,yes,https://youtu.be/NnW50xn-8us
us:place:0530460,Harrison city,Arkansas,harrisonar.gov,https://harrisonar.gov/ -> http://harrisonar.gov/ -> http://www.harrisonar.gov/ -> https://www.harrisonar.gov/page/city-council -> https://www.harrisonar.gov/page/meet-your-city-council -> https://www.harrisonar.gov/documents/harrison-city-council-proceedings-and-archives/738367 -> https://www.harrisonar.gov/page/council-members-standing-committees,,12,yes,https://youtu.be/R03tcbTtqww?si=cAc7VmKqGO7ESrlg
us:county:18181,White County,Indiana,whitecountyindiana.us,https://whitecountyindiana.us/ -> https://www.whitecountyindiana.us/ -> http://whitecountyindiana.us/ -> http://www.whitecountyindiana.us/ -> https://www.in.gov/counties/white/departments/county-council -> https://portal.sbsportals.com/modules/document-center.php?guid=175598202 -> https://www.in.gov/counties/white/departments/upcoming-meetings -> https://www.in.gov/counties/white/departments/county-commissioners -> https://www.in.gov/counties/white/files/Policies-and-Procedures-to-Protect-Decoru,,7,no,
us:place:2720978,Fertile city,Minnesota,fertilemn.gov,https://fertilemn.gov/ -> https://www.fertilemn.gov/ -> http://fertilemn.gov/ -> http://www.fertilemn.gov/ -> https://fertilemn.gov/news_detail_T5_R77.php -> https://fertilemn.gov/news_detail_T5_R76.php -> https://fertilemn.gov/about_us/city_hall/meeting_minutes.php,,4,no,
us:place:0518850,Diamond City city,Arkansas,diamondcityar.gov,https://www.diamondcityar.gov/ -> http://www.diamondcityar.gov/ -> https://diamondcityar.gov/city-of-diamond-city-about/city-council/ -> https://diamondcityar.gov/city-of-diamond-city-about/planning-and-zoning-commission/ -> https://diamondcityar.gov/city-of-diamond-city-about/ -> https://diamondcityar.gov/city-of-diamond-city-about/city-officials/ -> https://diamondcityar.gov/city-of-diamond-city-about/maps/city-subdivision-information/ -> https://diamondcityar.gov/wp-content/uploads/2024/01/Di,,1,no,
us:place:2958394,Pleasant Hill city,Missouri,pleasanthill.com,https://pleasanthill.com/ -> http://pleasanthill.com/ -> http://www.pleasanthill.com/ -> https://www.pleasanthill.com/pview.aspx?id=20409&catid=524 -> https://www.pleasanthill.com/pview.aspx?id=20481&catid=524 -> https://www.pleasanthill.com/pview.aspx?id=20516&catid=524 -> https://www.pleasanthill.com/pview.aspx?id=20727&catid=525 -> https://www.pleasanthill.com/pview.aspx?id=20727&catid=0 -> https://www.pleasanthill.com/agenda.aspx?categoryid=0 -> https://www.pleasanthill.com/pview.aspx?id=205,,3,yes,https://youtube.com/@cityofpleasanthillmo?feature=shared
us:county:29115,Linn County,Missouri,linncomo.com,https://linncomo.com/ -> https://www.linncomo.com/ -> http://linncomo.com/ -> http://www.linncomo.com/ -> https://linncomo.com/calendar-of-events/ -> https://linncomo.com/county-maps/ -> https://linncomo.com/calendar-of-event,,9,yes,https://www.youtube.com/watch?v=jPMNM12xjNM
us:place:1345460,Lavonia city,Georgia,lavoniaga.gov,https://lavoniaga.gov/ -> http://lavoniaga.gov/ -> http://www.lavoniaga.gov/ -> https://www.lavoniaga.gov/page/2024-agenda-minutes -> https://www.lavoniaga.gov/page/appointed-committees-boards-and-commissions -> https://www.lavoniaga.gov/page/agenda-minutes -> https://www.lavoniaga.gov/page/agenda-minutes-2025 -> https://www.lavoniaga.gov/o/levoniacity/page/agenda-minutes,,9,yes,https://www.youtube.com/@CityofLavonia
ca:csd:2460028,L'Assomption,Quebec,www.ville.lassomption.qc.ca,https://ville.lassomption.qc.ca/ -> https://www.ville.lassomption.qc.ca/ -> http://ville.lassomption.qc.ca/ -> http://www.ville.lassomption.qc.ca/,,5,yes,https://www.youtube.com/channel/UCTq9pUFk55QBC-NPdnpPdxQ
us:place:4817768,Crosbyton city,Texas,cityofcrosbyton.org,https://cityofcrosbyton.org/ -> https://www.cityofcrosbyton.org/ -> http://cityofcrosbyton.org/ -> http://www.cityofcrosbyton.org/ -> https://cityofcrosbyton.org/city_government/mayor_and_city_council.php -> https://cityofcrosbyton.org/city_government/agendas_and_minutes.php -> https://cityofcrosbyton.org/city_government/city_government/mayor_and_city_council.php -> https://cityofcrosbyton.org/city_government/city_government/hotel_occupancy_tax_board_(hot_board).php -> https://cityofcrosbyton.or,,4,no,
ca:csd:2417020,Saint-Marcel,Quebec,www.saintmarcel.qc.ca,https://saintmarcel.qc.ca/ -> http://saintmarcel.qc.ca/ -> http://www.saintmarcel.qc.ca/ -> https://www.saintmarcel.qc.ca/pages/location-des-salles -> https://www.saintmarcel.qc.ca/pages/video-promotionnel,,10,yes,https://www.youtube.com/embed/bqcC8GnOjdM
us:county:26019,Benzie County,Michigan,benzieco.gov,https://benzieco.gov/ -> https://www.benzieco.gov/ -> http://benzieco.gov/ -> http://www.benzieco.gov/ -> https://benzieco.gov/news_detail_T6_R40.php -> https://benzieco.gov/news_detail_T6_R39.php -> https://benzieco.gov/news_detail_T6_R9.php -> https://benzieco.gov/government/board_of_commissioners/agendas___minutes.php -> https://benzieco.gov/government/board_of_commissioners/government/board_of_commissioners/index.php -> https://benzieco.gov/government/board_of_commissioners/government/board_,,17,yes,https://www.Youtube.com/@BenzieCounty
us:place:2903592,Battlefield city,Missouri,battlefieldmo.gov,https://battlefieldmo.gov/ -> http://battlefieldmo.gov/ -> http://www.battlefieldmo.gov/ -> https://www.battlefieldmo.gov/page/board-of-alderman -> https://www.battlefieldmo.gov/page/advisory-park-board -> https://www.battlefieldmo.gov/page/board-of-adjustments -> https://www.battlefieldmo.gov/page/board-of-alderman-minutes-and-agendas -> https://www.battlefieldmo.gov/documents/community/city-newsletters/527992,,9,no,
ca:csd:2492010,Péribonka,Quebec,www.peribonka.ca,https://peribonka.ca/ -> https://www.peribonka.ca/ -> http://peribonka.ca/ -> http://www.peribonka.ca/ -> https://peribonka.ca/location-de-salles/,,6,yes,https://www.youtube.com/@villeperibonka8027
us:county:26011,Arenac County,Michigan,arenaccountymi.gov,https://arenaccountymi.gov/ -> https://www.arenaccountymi.gov/ -> http://arenaccountymi.gov/ -> http://www.arenaccountymi.gov/ -> https://arenaccountymi.gov/BOC/ -> https://arenaccountymi.gov/Drain/ -> https://arenaccountymi.gov/Departments/Road-Commission/ -> https://arenaccountymi.gov/BOC/Meeting-Dates-of-the-Commissioners/ -> https://arenaccountymi.gov/Clerk/Minutes-of-Arenac-County-Commissioners/ -> https://arenaccountymi.gov/docs/Commissioners-meeting-minutes/2026/2026-01-Meeting-Minutes.pd,,5,yes,https://www.youtube.com/watch?v=zjEL_xDwtbY
us:place:4647180,Onida city,South Dakota,onidasd.org,https://onidasd.org/ -> https://www.onidasd.org/ -> http://onidasd.org/ -> http://www.onidasd.org/ -> https://onidasd.org/agenda/ -> https://onidasd.org/city-council/ -> https://www.youtube.com/channel/UC8SXEeQ7xQF1PmK2hZv1lPg,https://www.youtube.com/channel/UC8SXEeQ7xQF1PmK2hZv1lPg,6,yes,https://www.youtube.com/channel/UC8SXEeQ7xQF1PmK2hZv1lPg
us:place:2183406,Williamstown city,Kentucky,wtownky.org,https://wtownky.org/ -> https://www.wtownky.org/ -> http://wtownky.org/ -> http://www.wtownky.org/ -> https://wtownky.org/news_detail_T2_R277.php -> https://wtownky.org/news_detail_T2_R224.php -> https://wtownky.org/city_council2/index.php -> https://wtownky.org/business/forms___permits.php -> https://wtownky.org/business/city_council2/index.php -> https://wtownky.org/business/Document_Center/Departments/Cable-Internet/Cable Channel lineup - alphabetical - 2023.pdf?t=202305101155380 -> https://w,,11,no,
us:place:5321030,Electric City city,Washington,electriccity.us,https://electriccity.us/ -> https://www.electriccity.us/ -> http://electriccity.us/ -> http://www.electriccity.us/ -> https://electriccity.us/news_detail_T18_R137.php -> https://electriccity.us/government/boards___commissions/planning_commission.php -> https://electriccity.us/government/boards___commissions/regional_board_of_mayors.php,,4,no,
us:place:3912112,Carey village,Ohio,careyohio.gov,https://careyohio.gov/ -> http://careyohio.gov/ -> http://www.careyohio.gov/ -> https://www.careyohio.gov/board-meetings -> https://www.careyohio.gov/board-zoning-appeals -> https://www.careyohio.gov/park-recreation-board -> https://www.careyohio.gov/council-members -> https://www.careyohio.gov/board-nuisance-abatement-0 -> https://www.careyohio.gov/treasury-investment-board -> https://www.careyohio.gov/mayor -> https://www.careyohio.gov/sites/default/files/docs_forms_media/village_of_carey_zoni,,2,yes,https://www.youtube.com/embed/eBFFNumHltM
us:cousub:0917004580,Bethany,Connecticut,bethany-ct.com,https://bethany-ct.com/ -> https://www.bethany-ct.com/ -> http://bethany-ct.com/ -> http://www.bethany-ct.com/ -> https://bethanyct.gov/virtual-bulletin-board/event?listing=ShortEvents|10/7/2026|647|1 -> https://bethanyct.gov/virtual-bulletin-board/event?listing=ShortEvents|10/7/2026|7014|3915 -> https://bethanyct.gov/virtual-bulletin-board/event?listing=ShortEvents|10/5/2026|5872|2683 -> https://bethanyct.gov/agendas-minutes -> https://bethanyct.gov/virtual-bulletin-board/event?listing=ShortEve,,37,yes,https://www.youtube.com/@bethanytownclerk
us:place:1610810,Buhl city,Idaho,cityofbuhl.us,https://cityofbuhl.us/ -> http://cityofbuhl.us/ -> http://www.cityofbuhl.us/ -> https://www.cityofbuhl.us/city-council.html -> https://www.cityofbuhl.us/council.html -> https://www.cityofbuhl.us/council-meeting-documents.html -> https://www.cityofbuhl.us/planning--zoning-commission-meetings.html -> https://www.cityofbuhl.us/joint-meeting.html -> https://www.cityofbuhl.us/uploads/4/7/1/1/47114749/compiled_minutes.pdf -> https://www.cityofbuhl.us/media-coverage.html -> https://www.cityofbuhl.us/ma,,1,yes,http://www.youtube.com/@CityofBuhl
us:place:2660840,Onsted village,Michigan,villageofonsted.org,https://villageofonsted.org/ -> https://www.villageofonsted.org/ -> http://villageofonsted.org/ -> http://www.villageofonsted.org/ -> https://villageofonsted.org/government/council___contacts.php -> https://villageofonsted.org/government/planning_commission.php -> https://villageofonsted.org/departments_information/documents_forms/minutes.php,,4,no,
us:place:3476730,Wanaque borough,New Jersey,wanaquenj.gov,https://wanaqueborough.com/ -> http://wanaqueborough.com/ -> http://www.wanaqueborough.com/ -> https://www.wanaqueborough.com/index.asp?SEC=DA734000-07B8-4E99-A8E4-88FF66539DDE&DE=8B7827BE-32C5-46F6-8B39-22A15A5CA2A7&Type=B_EV -> https://www.wanaqueborough.com/index.asp?SEC=DA734000-07B8-4E99-A8E4-88FF66539DDE&DE=F64034F9-5A81-441B-B7F8-C3D4EFE06417&Type=B_EV -> https://www.wanaqueborough.com/index.asp?SEC=DA734000-07B8-4E99-A8E4-88FF66539DDE&DE=A7249FF9-BFE9-4E6B-8CEB-F8EBAA6A1843&Type=B_EV -> ,,1,no,
us:place:3945542,Lynchburg village,Ohio,lynchburgohio.org,https://lynchburgohio.org/ -> http://lynchburgohio.org/ -> http://www.lynchburgohio.org/ -> https://www.lynchburgohio.org/event/630-council-meeting/ -> https://www.lynchburgohio.org/photo-gallery/ -> https://www.lynchburgohio.org/minutes/ -> https://www.lynchburgohio.org/wp-content/uploads/2025/07/June-12-2025-Council-Meeting-Minutes.pdf -> https://www.lynchburgohio.org/wp-content/uploads/2025/06/May-8-2025-Council-Meeting-Minutes.pdf -> https://www.lynchburgohio.org/wp-content/uploads/2025/05/A,,7,no,
us:place:4863782,Runaway Bay city,Texas,runawaybaytexas.com,https://runawaybaytexas.com/ -> https://www.runawaybaytexas.com/ -> http://runawaybaytexas.com/ -> http://www.runawaybaytexas.com/ -> https://runawaybaytexas.com/live/government/city_council/index.php -> https://runawaybaytexas.com/live/government/boards_and_commissions/economic_development_corporation/index.php -> https://runawaybaytexas.com/live/government/agendas_and_minutes/index.php -> https://runawaybaytexas.com/live/government/boards_and_commissions/index.php -> https://runawaybaytexas.co,,18,no,
us:place:3741620,Mars Hill town,North Carolina,townofmarshill.org,https://townofmarshill.org/ -> https://www.townofmarshill.org/ -> http://townofmarshill.org/ -> http://www.townofmarshill.org/ -> https://townofmarshill.org/government/board_of_aldermen/index.php -> https://townofmarshill.org/government/planning_and_zoning_board.php -> https://townofmarshill.org/government/board_of_adjustment.php -> https://townofmarshill.org/government/board_of_aldermen/minutes.php -> https://townofmarshill.org/government/board_of_aldermen/government/board_of_aldermen/index.php,,17,yes,https://www.youtube.com/@MarsHill_NC
us:cousub:2301146405,Monmouth town,Maine,monmouthmaine.gov,https://monmouthmaine.gov/ -> https://www.monmouthmaine.gov/ -> http://monmouthmaine.gov/ -> http://www.monmouthmaine.gov/ -> https://monmouthmaine.gov/index.asp?SEC=21862F83-B917-48E2-B2AA-B2632C920CDC&DE=54F8C822-A114-40C5-ABC6-E36937D6AC21 -> https://monmouthmaine.gov/index.asp?SEC=48E0832F-9A14-4E16-BE28-412BB563EBDF -> https://monmouthmaine.gov/select-board -> https://monmouthmaine.gov/boards -> https://monmouthmaine.gov/planning-board -> https://monmouthmaine.gov/board-appeals -> https://m,,27,yes,https://www.youtube.com/channel/UCl4ZdiAWIl-ner3EGligIjQ
us:cousub:2601919180,Crystal Lake Township,Michigan,www.crystallaketwp.org,https://crystallaketwp.org/ -> http://crystallaketwp.org/ -> http://www.crystallaketwp.org/ -> https://www.crystallaketwp.org/upcoming-meeting-info.html -> https://www.crystallaketwp.org/board-of-review.html -> https://www.crystallaketwp.org/zoning-board-of-appeals.html -> https://www.crystallaketwp.org/videos-of-meetings.html -> https://www.crystallaketwp.org/open-meetings.html -> https://www.crystallaketwp.org/minutes.html -> https://www.crystallaketwp.org/archived-minutes.html -> https://www.,,19,yes,https://www.youtube.com/@CrystalLakeTownship-BenzieCoun;https://www.youtube.com/channel/UCvn9gc0AxM5ogoNaof7EPyw
us:place:2639540,Howell city,Michigan,cityofhowell.gov,https://cityofhowell.org/ -> https://www.cityofhowell.org/ -> http://cityofhowell.org/ -> http://www.cityofhowell.org/ -> https://cityofhowell.org/news_detail_T3_R694.php -> https://cityofhowell.org/news_detail_T3_R692.php -> https://cityofhowell.org/news_detail_T3_R691.php -> https://cityofhowell.org/how_do_i/council_agendas_and_packets.php -> https://cityofhowell.org/how_do_i/contact_us/mayor/index.php -> https://cityofhowell.org/how_do_i/contact_us/mayor/city_council/index.php -> https://city,,4,no,
us:cousub:3606908378,Bristol town,New York,townofbristolny.gov,https://townofbristolny.gov/ -> https://www.townofbristolny.gov/ -> http://townofbristolny.gov/ -> http://www.townofbristolny.gov/ -> https://townofbristolny.gov/town_board/index.php -> https://townofbristolny.gov/government/bristol_boards/meeting_rules.php -> https://townofbristolny.gov/government/bristol_boards/town_board_meetings_and_agendas.php -> https://townofbristolny.gov/government/bristol_boards/planning_board_minutes_and_agendas.php -> https://townofbristolny.gov/government/bristol_boa,,4,no,
us:state:16,State of Idaho,Idaho,idaho.gov,https://idaho.gov/ -> https://www.idaho.gov/ -> http://idaho.gov/ -> http://www.idaho.gov/ -> https://icbvi.idaho.gov/ -> https://aging.idaho.gov/ -> https://idaho.gov/government/ -> https://idaho.gov/government/organization-structure/ -> https://legislature.idaho.gov/legcouncil/ -> https://arts.idaho.gov/ -> https://boardofed.idaho.gov/ -> https://boardofed.idaho.gov/board-of-education/,,23,no,
us:place:5177520,Tangier town,Virginia,tangierisland-va.com,https://tangierisland-va.com/ -> https://www.tangierisland-va.com/ -> http://tangierisland-va.com/ -> http://www.tangierisland-va.com/ -> http://www.youtube.com/results?search_query=tangier+island+espn3&aq=f -> http://www.tangierisland-va.com/chesapeakebreeze/ -> http://www.tangierisland-va.com/steventhomas/,http://www.youtube.com/results?search_query=tangier+island+espn3&aq=f,31,yes,http://www.youtube.com/watch?v=joHvkykWcH4
us:cousub:2501701605,Arlington,Massachusetts,www.arlingtonma.gov,https://arlingtonma.gov/ -> http://arlingtonma.gov/ -> http://www.arlingtonma.gov/ -> https://arlingtonma.primegov.com/ -> https://www.arlingtonma.gov/Home/Components/News/News/16289/16 -> https://www.arlingtonma.gov/town-governance/town-meeting -> https://www.arlingtonma.gov/town-governance/boards-and-committees/select-board -> https://www.arlingtonma.gov/town-governance/boards-and-committees/agendas-and-minutes -> https://arlingtonma.primegov.com/public/portal -> https://www.arlingtonma.gov/to,,7,yes,https://www.youtube.com/c/AcmiTv
us:place:4008300,Bradley town,Oklahoma,www.bradley-ok.us,https://bradley-ok.us/ -> https://www.bradley-ok.us/ -> http://bradley-ok.us/ -> http://www.bradley-ok.us/ -> http://www.bradley-ok.us/council.html -> http://www.bradley-ok.us/water.html -> https://www.youtube.com/channel/UCsn-kCX_MN6aUMbb6NALzEA -> http://bradley-ok.us/Council/BradleyStreetMap.pdf -> http://www.bradley-ok.us/index.html -> http://www.bradley-ok.us/fire.html -> http://bradley-ok.us/Fire/CountyFireBoardMeetingSchedule2026.pdf -> http://www.bradley-ok.us/cemetery.html -> http://www,https://www.youtube.com/channel/UCsn-kCX_MN6aUMbb6NALzEA,12,yes,https://www.youtube.com/channel/UCsn-kCX_MN6aUMbb6NALzEA
us:place:1843434,Liberty town,Indiana,libertyin.gov,https://libertyin.gov/ -> https://www.libertyin.gov/ -> http://libertyin.gov/ -> http://www.libertyin.gov/ -> https://libertyin.gov/community/council-meetings/ -> https://libertyin.gov/wp-content/uploads/2024/09/September-3-2024.pdf,,90,yes,https://www.youtube.com/@LibertyIndiana
ca:csd:4811048,Stony Plain,Alberta,stonyplain.com,https://stonyplain.com/ -> http://stonyplain.com/ -> http://www.stonyplain.com/ -> https://www.stonyplain.com/news/posts/regular-council-meeting-highlights-for-september-28-2026/ -> https://www.stonyplain.com/news/posts/stony-plain-cadets-honoured-with-freedom-of-the-town/ -> https://www.stonyplain.com/news/posts/nominations-open-to-celebrate-the-youth-shaping-stony-plain/ -> https://www.stonyplain.com/town-hall/boards-and-committees/ -> https://www.stonyplain.com/town-hall/council/ -> https://w,https://www.youtube.com/@TownofStonyPlain/streams,29,yes,https://www.youtube.com/user/TownofStonyPlain
us:place:1373256,Statesboro city,Georgia,statesboroga.gov,https://statesboroga.gov/ -> https://www.statesboroga.gov/ -> http://statesboroga.gov/ -> http://www.statesboroga.gov/ -> https://statesboroga.gov/government/city_council/index.php -> https://statesboroga.gov/boards_committees_commissions/greener_boro_commission.php -> https://statesboroga.gov/boards_committees_commissions/one_boro_commission.php -> https://statesboroga.gov/city_council/agendas_minutes.php -> https://statesboroga.gov/city_council/government/city_council/index.php -> https://stat,,30,yes,https://www.youtube.com/channel/UCgsfGE-0538d_OMrsIh-YYw;https://www.youtube.com/live/FaI1koTCuTw?si=T7eRSLGqkyecXjhJ;https://youtu.be/FY9TTzWOT-M
ca:csd:6205023,Baker Lake,Nunavut,bakerlake.ca,https://bakerlake.ca/ -> http://bakerlake.ca/ -> http://www.bakerlake.ca/ -> https://www.bakerlake.ca/municipal-council -> https://www.bakerlake.ca/fileshare -> https://www.bakerlake.ca/events,,7,yes,https://www.youtube.com/results?search_query=baker+lake+nunavut
us:place:1850652,Montezuma town,Indiana,montezuma.in.gov,https://montezuma.in.gov/ -> https://www.montezuma.in.gov/ -> http://montezuma.in.gov/ -> http://www.montezuma.in.gov/ -> https://www.in.gov/towns/montezuma/town-council-meeting-minutes -> https://www.in.gov/gov -> https://www.in.gov/gov/governors-office/commissions/bail-and-release-review-commission -> https://www.in.gov/gov/governors-residence/support -> https://www.in.gov/gov/governors-office/commissions/indiana-ireland-trade-commission -> https://www.in.gov/gov/newsroom/2026-bill-watch -> ht,,12,yes,https://www.youtube.com/@Seed
us:cousub:5500169275,Rome town,Wisconsin,romewi.gov,https://romewi.gov/ -> https://www.romewi.gov/ -> http://romewi.gov/ -> http://www.romewi.gov/ -> https://romewi.gov/news-and-notices/road-maintenance-notice -> https://romewi.gov/news-and-notices/october-meeting-notice -> https://romewi.gov/news-and-notices/brush-pick-up-reminder -> https://romewi.gov/agendas-minutes -> https://romewi.gov/town-board -> https://romewi.gov/police-fire-commission -> https://romewi.gov/lester-public-library -> https://romewi.gov/board-of-appeals -> https://romewi.g,,24,yes,https://www.youtube.com/@TownofRomewisconsin
us:place:3946312,Madeira city,Ohio,madeiracity.com,https://madeiracity.com/ -> https://www.madeiracity.com/ -> http://madeiracity.com/ -> https://agenda.madeiracity.com/ -> http://www.madeiracity.com/news_detail_T37_R98.php -> http://www.madeiracity.com/news_detail_T37_R97.php -> http://www.madeiracity.com/news_detail_T37_R96.php,,3,no,
ca:csd:2471070,Pincourt,Quebec,www.villepincourt.qc.ca,https://villepincourt.qc.ca/ -> https://www.villepincourt.qc.ca/ -> http://villepincourt.qc.ca/ -> http://www.villepincourt.qc.ca/ -> https://villepincourt.qc.ca/fr/loisirs-et-culture/activites-et-evenements/location-de-salles -> https://villepincourt.qc.ca/uploads/Formulaires/Formulaire-demande-location-WEB_dynamique.pdf -> https://villepincourt.qc.ca/en/recreation-and-culture/activities-and-events/en/recreation-and-culture/activities-and-programs/room-rental -> https://villepincourt.qc.ca/en/r,,1,no,
us:place:2973420,Tipton city,Missouri,tiptonmo.us,https://tiptonmo.us/ -> https://www.tiptonmo.us/ -> http://tiptonmo.us/ -> http://www.tiptonmo.us/ -> https://tiptonmo.us/document_center/index.php -> https://tiptonmo.us/document_center/view_utility_account___pay/index.php -> https://tiptonmo.us/document_center/view_utility_account___pay/view_utility_account___pay/index.php -> https://tiptonmo.us/document_center/view_utility_account___pay/announcements/index.php -> https://tiptonmo.us/document_center/view_utility_account___pay/document_center/i,,10,no,
us:sd:1732550,Prairie Hill Community Consolidated School District 133,Illinois,prairiehill.org,https://prairiehill.org/ -> https://www.prairiehill.org/ -> http://prairiehill.org/ -> http://www.prairiehill.org/ -> https://www.prairiehill.org/district-information/school-board -> https://www.prairiehill.org/for-parents/calendar,,18,no,
us:place:4226560,Forest City borough,Pennsylvania,susqco.com,https://susqco.com/ -> https://www.susqco.com/ -> http://susqco.com/ -> http://www.susqco.com/ -> https://susqco.com/home/meeting-schedules -> https://susqco.com/departments/county-commissioners -> https://susqco.com/departments/county-commissioners/commissioner-meetings -> https://www.youtube.com/playlist?list=PLW-8zvkjyW_OPYHjCBBzc0tFEP7HMj1gg -> https://susqco.com/getmedia/c8183b7c-e706-430f-96aa-a8cb3f9abd7e/2017-Salary-Board-Meeting-Minutes.pdf -> https://susqco.com/getmedia/a82aa2eb-eb74-4,https://www.youtube.com/playlist?list=PLW-8zvkjyW_OPYHjCBBzc0tFEP7HMj1gg,8,yes,https://www.youtube.com/channel/UC5J5xYJr_F_R_Mp74L2yuQg
ca:csd:2477043,Saint-Sauveur,Quebec,vss.ca,https://vss.ca/ -> http://vss.ca/ -> http://www.vss.ca/ -> https://www.vss.ca/services-aux-citoyens/services/location-de-salles -> https://www.vss.ca/ville/vie-democratique/comites-et-commissions -> https://www.vss.ca/storage/app/media/Urbanisme/2026/Calendrier%20D%C3%A9molition%202026_externe.pdf -> https://www.vss.ca/storage/app/media/Urbanisme/2026/Calendrier%20CCU%202026_Web.pdf -> https://www.vss.ca/storage/app/media/services-aux-citoyens/informations/reglements-municipaux/urbanisme/419-201,,8,no,
us:place:1632500,Grace city,Idaho,cityofgraceid.com,https://cityofgraceid.com/ -> http://cityofgraceid.com/ -> http://www.cityofgraceid.com/ -> https://www.cityofgraceid.com/copy-of-chamber-of-commerce-1 -> http://cityofgraceid.com/cma/Meeting%20Agenda.pdf,,28,yes,https://www.youtube.com/watch?v=eEgpWZ0lKE4
us:county:48127,Dimmit County,Texas,dimmitcounty.org,"https://dimmitcounty.org/ -> https://www.dimmitcounty.org/ -> http://dimmitcounty.org/ -> http://www.dimmitcounty.org/ -> https://dimmitcounty.org/government/commissioners/agendas___minutes.php -> https://dimmitcounty.org/government/commissioners/MAY 20, 2024- REGULAR SESSION.tif?t=202406170941090 -> https://dimmitcounty.org/government/commissioners/MAY 20, 2024- PUBLIC FACILITIES.tif?t=202406170941480 -> https://dimmitcounty.org/government/commissioners/MAY 6, 2024- PUBLIC FACILITES.tif?t=20240",,6,yes,https://m.youtube.com/watch?v=RKnw_ibS7tM
us:place:2680700,Troy city,Michigan,troymi.gov,https://troymi.gov/ -> https://www.troymi.gov/ -> http://troymi.gov/ -> http://www.troymi.gov/ -> https://troymi.gov/community/government/citycouncil/index.php -> https://troymi.gov/news_detail_T19_R132.php -> https://troymi.gov/news_detail_T19_R131.php -> https://troymi.gov/departments/city_clerk/boards_and_committees/index.php -> https://troymi.gov/departments/city_clerk/boards_and_committees/community/government/citycouncil/index.php -> https://apps.troymi.gov/boardsandcommittees/Animal%20Con,,16,yes,https://www.youtube.com/user/TroyMichiganGov
us:sd:0623700,Manzanita Elementary School District,California,manzanitaelementaryschool.com,https://manzanitaelementaryschool.com/ -> http://manzanitaelementaryschool.com/ -> http://www.manzanitaelementaryschool.com/ -> https://www.manzanitaelementaryschool.com/School-Board/index.html -> https://www.manzanitaelementaryschool.com/School-Board/Board-Members/index.html -> https://simbli.eboardsolutions.com/Index.aspx?S=36031397 -> https://www.manzanitaelementaryschool.com/School-Board/Board-Agendas--Minutes/index.html -> https://www.manzanitaelementaryschool.com/School-Board/Board-Agendas,,2,no,
ca:csd:3547075,Laurentian Valley,Ontario,www.laurentianvalleytwsp.on.ca,https://laurentianvalleytwsp.on.ca/ -> https://www.laurentianvalleytwsp.on.ca/ -> http://laurentianvalleytwsp.on.ca/ -> http://www.laurentianvalleytwsp.on.ca/ -> https://www.lvtownship.ca/news/posts/the-lv-community-grant-intake-two-opens-september-1st/ -> https://www.lvtownship.ca/lv-government-services/council/ -> https://calendar.lvtownship.ca/default/detail/2026-10-06-1730-Council-in-Committee-Meeting -> https://www.lvtownship.ca/sitemap/ -> https://www.lvtownship.ca/lv-government-services/c,,2,no,
ca:csd:2450090,Saint-Zéphirin-de-Courval,Quebec,www.saint-zephirin.ca,https://saint-zephirin.ca/ -> https://www.saint-zephirin.ca/ -> http://saint-zephirin.ca/ -> http://www.saint-zephirin.ca/ -> https://www.saint-zephirin.ca/fr/loisirs-culture-et-vie-communautaire/location-de-salles -> https://www.saint-zephirin.ca/fr/galerie-videos -> https://www.saint-zephirin.ca/fr/galerie-videos/video-promotionnelle-de-la-municipalite/page-1 -> https://www.saint-zephirin.ca/fr/galerie-videos/video-promotionnelle-de-la-municipalite,,4,no,
us:place:1980985,Villisca city,Iowa,villisca.com,https://villisca.com/ -> https://www.villisca.com/ -> http://villisca.com/ -> http://www.villisca.com/ -> https://vimeo.com/fourthwallfilms/vod_pages -> https://vimeo.com/ondemand/villisca -> https://www.fourthwallfilms.com/stream-buy -> https://www.fourthwallfilms.com/news-events,,10,yes,https://www.youtube.com/channel/UCatbb7X8J0TG3OiIY20hpyA
us:place:3437770,Lakehurst borough,New Jersey,lakehurst-nj.gov,https://lakehurst-nj.gov/ -> https://www.lakehurst-nj.gov/ -> http://lakehurst-nj.gov/ -> http://www.lakehurst-nj.gov/ -> https://lakehurst-nj.gov/government/board_committees/index.php -> https://lakehurst-nj.gov/government/board_committees/land_use_board/index.php -> https://lakehurst-nj.gov/government/council.php -> https://lakehurst-nj.gov/government/council_meetings.php -> https://lakehurst-nj.gov/government/government/board_committees/index.php -> https://lakehurst-nj.gov/government/governm,,4,no,
us:place:4218088,Dalton borough,Pennsylvania,daltonboroughpa.gov,https://daltonboroughpa.gov/ -> http://daltonboroughpa.gov/ -> http://www.daltonboroughpa.gov/ -> https://www.daltonboroughpa.gov/departments/meeting_minutes_and_agenda.php -> https://www.daltonboroughpa.gov/departments/August 2023 Council Minutes.pdf?t=202504062110560 -> https://www.daltonboroughpa.gov/departments/August 2022 Council Minutes.pdf?t=202503230026100 -> https://www.daltonboroughpa.gov/departments/July 2023 Council Minutes.pdf?t=202503222320110 -> https://www.daltonboroughpa.gov/gov,,3,no,
us:place:5300905,Airway Heights city,Washington,cawh.org,https://cawh.org/ -> https://www.cawh.org/ -> http://cawh.org/ -> http://www.cawh.org/ -> https://cawh.org/city-council-members/ -> https://cawh.org/council-meeting-stream/ -> https://cawh.org/council-committees/ -> https://cawh.org/city-council-minutes-2/ -> https://cawh.org/video-court/ -> https://cawh.org/state-legislative-agendas/ -> https://cawh.org/boards-and-commissions/ -> https://cawh.org/planning-commission/ -> https://cawh.org/civil-service-commission/ -> https://cawh.org/youth-adviso,,106,no,
us:place:4965880,Salina city,Utah,salinacity.org,https://salinacity.org/ -> https://www.salinacity.org/ -> http://salinacity.org/ -> http://www.salinacity.org/ -> https://www.salina.utah.gov/news_detail_T2_R73.php -> https://www.salina.utah.gov/news_detail_T2_R68.php -> https://www.salina.utah.gov/news_detail_T2_R70.php -> https://www.salina.utah.gov/government/index.php -> https://www.salina.utah.gov/government/how_do_i/apply/salina_city_forms.php -> https://www.salina.utah.gov/government/how_do_i/apply/how_do_i/apply/salina_city_forms.php ->,,4,no,
us:place:1814986,Converse town,Indiana,townofconverse.com,https://townofconverse.com/ -> https://www.townofconverse.com/ -> http://townofconverse.com/ -> http://www.townofconverse.com/ -> https://www.in.gov/towns/converse/town-council -> https://www.in.gov/towns/converse/town-council/town-council-meeting-minutes-and-agendas -> https://www.in.gov/towns/converse/live/communications-and-media -> https://www.in.gov/gov -> https://www.in.gov/gov/governors-office/commissions/bail-and-release-review-commission -> https://www.in.gov/gov/governors-residence/sup,,6,no,
us:sd:4225680,West Mifflin Area School District,Pennsylvania,wmasd.org,https://wmasd.org/ -> https://www.wmasd.org/ -> http://wmasd.org/ -> http://www.wmasd.org/ -> https://www.wmasd.org/schoolboard.aspx -> https://www.wmasd.org/protected/EventView.aspx?id=82U30BBPB -> https://www.wmasd.org/protected/EventView.aspx?id=82U30BBPY -> https://www.wmasd.org/Downloads/Parent%20Portal%20attendance%20instructions%20edited%20version.pdf -> https://www.wmasd.org/Default.aspx -> https://www.wmasd.org/staffdirectory.aspx -> https://www.wmasd.org/administration.aspx -> https://,,18,yes,https://www.youtube.com/channel/UCzIuQCaf8CeGow-TZ_4VQPA
us:place:1716691,Country Club Hills city,Illinois,countryclubhills.org,https://countryclubhills.org/ -> https://www.countryclubhills.org/ -> http://countryclubhills.org/ -> http://www.countryclubhills.org/ -> https://countryclubhills.org/summer-kickoff-community-car-show/ -> https://countryclubhills.org/2026-branch-pickup/ -> https://countryclubhills.org/in-focus-newsletter-january-march-2026/ -> https://countryclubhills.org/?page_id=729 -> https://countryclubhills.org/your-government/boards-commissions/ -> https://countryclubhills.org/your-government/boards-commis,,2,yes,https://www.youtube.com/channel/UCZZBgkdUTjeWJLkCJGe8QTQ
us:sd:3904768,East Holmes Local School District,Ohio,eastholmes.k12.oh.us,https://www.eastholmes.k12.oh.us/ -> http://www.eastholmes.k12.oh.us/ -> https://www.eastholmes.k12.oh.us/page/board-members -> https://www.eastholmes.k12.oh.us/page/board-duties-meetings,,5,no,
us:place:2154642,Murray city,Kentucky,murrayky.gov,https://murrayky.gov/ -> http://murrayky.gov/ -> http://www.murrayky.gov/ -> https://www.murrayky.gov/EventPage/1374/senior-citizens-board -> https://www.murrayky.gov/EventPage/357/recycling-route-b-south -> https://www.murrayky.gov/EventPage/225/recycling-route-a-north -> https://documents.murrayky.gov/ -> https://www.murrayky.gov/Blog/30/city-council -> https://www.murrayky.gov/documentmanagement -> https://www.murrayky.gov/Blog/27/boards-commissions -> https://www.murrayky.gov/Blog/53/airport,,1,no,
us:place:3711640,Chadbourn town,North Carolina,townofchadbourn.com,https://townofchadbourn.com/ -> https://www.townofchadbourn.com/ -> http://townofchadbourn.com/ -> http://www.townofchadbourn.com/ -> https://townofchadbourn.com/government -> https://townofchadbourn.com/council -> https://townofchadbourn.com/agendas-minutes -> https://townofchadbourn.com/list-council-meeting-minutes-and-agenda-list-page -> https://townofchadbourn.com/town-manager -> https://www.townofchadbourn.com/government -> https://www.townofchadbourn.com/council -> https://www.townofchadbo,,64,yes,https://www.youtube.com/@TownofChadbourn
us:place:3938220,Jackson Center village,Ohio,jacksoncenter.com,https://jacksoncenter.com/ -> http://jacksoncenter.com/ -> http://www.jacksoncenter.com/ -> https://www.jacksoncenter.com/government -> https://www.jacksoncenter.com/village-council -> https://www.jacksoncenter.com/council-agendas -> https://www.jacksoncenter.com/council-minutes -> https://www.jacksoncenter.com/upcoming-events -> https://www.jacksoncenter.com/welcome-to-jackson-center -> https://www.jacksoncenter.com/northern-shelby-county-joint-ambulance-district -> https://www.jacksoncenter.co,,7,yes,https://youtu.be/U_iGfd27Vng
ca:csd:2477050,Morin-Heights,Quebec,www.morinheights.com,https://morinheights.com/ -> http://morinheights.com/ -> http://www.morinheights.com/ -> https://www.morinheights.com/Location-de-salles -> https://www.morinheights.com?lang=fr -> https://www.morinheights.com?lang=en -> https://www.morinheights.com/Neighbourhood-Watch -> https://www.morinheights.com/Municipal-Council -> https://www.morinheights.com/Council-members -> https://www.morinheights.com/spip.php?page=agenda_activites_fr&lang=fr -> https://www.morinheights.com/IMG/pdf/politique_-_service,,13,yes,https://www.youtube.com/@MunicipalitedeMorinHeights
ca:csd:3539047,Adelaide-Metcalfe,Ontario,adelaidemetcalfe.on.ca,https://adelaidemetcalfe.on.ca/ -> http://adelaidemetcalfe.on.ca/ -> http://www.adelaidemetcalfe.on.ca/ -> https://adelaidemetcalfe.civicweb.net/ -> https://www.adelaidemetcalfe.on.ca/council/mayor-and-council -> https://www.adelaidemetcalfe.on.ca/elections -> https://www.adelaidemetcalfe.on.ca/council/council-meetings -> https://www.adelaidemetcalfe.on.ca/services/virtual-council-meeting-participation -> https://www.adelaidemetcalfe.on.ca/alerts/service-disruption-notice-september-29th-2026-103,,3,yes,https://www.youtube.com/channel/UCuBJ-_Hd5ZeC485odW1j3BQ
us:place:2207100,Berwick town,Louisiana,berwickla.gov,https://berwickla.gov/ -> https://www.berwickla.gov/ -> http://berwickla.gov/ -> http://www.berwickla.gov/elected_officials/town_council.php -> http://www.berwickla.gov/links/agenda___minutes/index.php#  -> http://www.berwickla.gov/links/agenda___minutes/elected_officials/town_council.php -> http://www.berwickla.gov/links/agenda___minutes/links/agenda___minutes/index.php#  -> http://www.berwickla.gov/links/agenda___minutes/elected_officials/office_of_the_mayor.php -> http://www.berwickla.gov/lin,,8,no,
us:cousub:5512516750,Conover town,Wisconsin,townofconoverwi.gov,https://townofconoverwi.gov/ -> https://www.townofconoverwi.gov/ -> http://townofconoverwi.gov/ -> http://www.townofconoverwi.gov/ -> https://www.townofconover.com/government/board_of_review_s_open_book.php -> https://www.townofconover.com/departments/town_board.php -> https://www.townofconover.com/departments/town_committees/plan_commission.php -> https://www.townofconover.com/government/agendas___minutes/index.php -> https://www.townofconover.com/government/agendas___minutes/government/board_o,,8,no,
us:place:1224825,Freeport city,Florida,freeportflorida.gov,https://freeportflorida.gov/ -> https://www.freeportflorida.gov/ -> http://freeportflorida.gov/ -> http://www.freeportflorida.gov/ -> https://freeportflorida.gov/news_detail_T22_R80.php -> https://freeportflorida.gov/government/mayor___city_council/index.php -> https://freeportflorida.gov/government/boards___committees/planning_board.php -> https://freeportflorida.gov/government/city_council_agendas_and_minutes.php -> https://freeportflorida.gov/government/government/city_council_agendas_and_min,,110,yes,https://www.youtube.com/@CityofFreeport-32439/streams
us:place:4858568,Point Comfort city,Texas,cityofpointcomfort.org,https://cityofpointcomfort.org/ -> https://www.cityofpointcomfort.org/ -> http://cityofpointcomfort.org/ -> http://www.cityofpointcomfort.org/ -> https://cityofpointcomfort.org/get_in_touch/index.php -> https://cityofpointcomfort.org/nav/index.php -> https://cityofpointcomfort.org/nav/nav/index.php#main,,8,no,
us:county:48455,Trinity County,Texas,co.trinity.tx.us,https://co.trinity.tx.us/ -> https://www.co.trinity.tx.us/ -> http://co.trinity.tx.us/ -> http://www.co.trinity.tx.us/ -> https://www.co.trinity.tx.us/page/trinity.Sheriff.board -> https://www.co.trinity.tx.us/page/trinity.Historical -> https://www.co.trinity.tx.us/page/trinity.Agendas2022 -> https://newtools.cira.state.tx.us/upload/page/10760/2022/3.8.22_addendum.pdf -> https://www.co.trinity.tx.us/upload/page/9642/2021/5.25.21%20Agenda.pdf -> https://www.co.trinity.tx.us/upload/page/9642/2021/,,4,no,
us:place:5164880,Pulaski town,Virginia,pulaskitown.org,https://pulaskitown.org/ -> https://www.pulaskitown.org/ -> http://pulaskitown.org/ -> http://www.pulaskitown.org/ -> https://laserfiche.pulaskitown.org/WebLink -> https://pulaskitown.org/departments/planning_zoning/architectural_review_board.php -> https://pulaskitown.org/departments/planning_zoning/board_of_zoning_appeals.php -> https://pulaskitown.org/departments/planning_zoning/boards_commissions_and_committees.php -> https://pulaskitown.org/departments/planning_zoning/departments/planning_z,,20,no,
us:cousub:3403300880,Alloway Township,New Jersey,allowaytownship.com,https://allowaytownship.com/ -> https://www.allowaytownship.com/ -> http://allowaytownship.com/ -> http://www.allowaytownship.com/ -> https://allowaytownship.com/environmental-commission -> https://allowaytownship.com/planning-board -> https://allowaytownship.com/meeting-minutes -> http://allowaytownship.com/?page_id=302 -> https://allowaytownship.com/boards -> http://allowaytownship.com/?page_id=125 -> https://allowaytownship.com/agricultural-advisory-board -> https://allowaytownship.com/conven,,4,no,
us:place:4843120,Liverpool city,Texas,liverpooltx.gov,https://liverpooltx.gov/ -> http://liverpooltx.gov/ -> http://www.liverpooltx.gov/ -> https://www.liverpooltx.gov/pdf/agendas/2023/12-special-meeting.pdf -> https://www.liverpooltx.gov/city-council -> https://www.liverpooltx.gov/event-calendar -> https://www.liverpooltx.gov/county-resources -> https://www.liverpooltx.gov/departments/city-secretary -> https://www.liverpooltx.gov/pdf/small-taxing-unit-notice.pdf -> https://www.liverpooltx.gov/pdf/town-hall-meeting.pdf,,8,no,
us:place:5109016,Boydton town,Virginia,boydton.org,https://boydton.org/ -> http://boydton.org/ -> http://www.boydton.org/ -> https://www.boydton.org/monthly-minutes -> https://www.boydton.org/s/24-02-13-COUNCIL-MEETING-MINUTES.pdf -> https://www.boydton.org/s/24-03-12-COUNCIL-MEETING-MINUTES.pdf -> https://www.boydton.org/s/24-04-09-COUNCIL-MEETING-MINUTES.pdf -> https://www.boydton.org/your-government -> https://www.boydton.org/events-1 -> https://www.boydton.org/s/boydton-public-notice.pdf,,7,yes,https://www.youtube.com/embed/LxUFl5tSad4?si=ouq-yc_Ro8mdPNnj
ca:csd:2457020,Saint-Basile-le-Grand,Quebec,www.villesblg.ca,https://villesblg.ca/ -> http://villesblg.ca/ -> http://www.villesblg.ca/ -> https://www.villesblg.ca/loisirs-et-culture/art-et-culture/u-art-milieu-de-culture/formulaire-saint-basile-le-grand-a-du-talent-soumission-video/,,5,yes,https://www.youtube.com/@villesblg/
ca:csd:2477012,Sainte-Marguerite-du-Lac-Masson,Quebec,www.lacmasson.com,https://lacmasson.com/ -> https://www.lacmasson.com/ -> http://lacmasson.com/ -> http://www.lacmasson.com/,,9,yes,https://www.youtube.com/watch?v=dXA9RwiSdoI
ca:csd:3556014,Black River-Matheson,Ontario,www.twpbrm.ca,https://twpbrm.ca/ -> http://twpbrm.ca/ -> http://www.twpbrm.ca/ -> https://events.twpbrm.ca/ -> https://www.twpbrm.ca/news/general/ -> https://www.twpbrm.ca/news/public-notices/ -> http://www.twpbrm.ca/available-services/cochrane-district-services-board-cdsb/ -> http://www.twpbrm.ca/your-township-government/agendas-minutes-and-recordings/ -> http://www.twpbrm.ca/your-township-government/council/ -> https://www.twpbrm.ca/your-township-government/committees-of-council/ -> https://www.twpbrm.ca/yo,,25,yes,https://www.youtube.com/@twpbrm
ca:csd:2460013,Repentigny,Quebec,repentigny.ca,https://repentigny.ca/ -> https://www.repentigny.ca/ -> http://repentigny.ca/ -> http://www.repentigny.ca/ -> https://repentigny.ca/la-ville/a-propos/nous-joindre/medias-partenaires -> https://repentigny.ca/la-ville/vie-democratique/comites-commissions,,11,yes,https://www.youtube.com/user/VilleDeRepentigny
us:cousub:2603343480,Kinross charter township,Michigan,kinrosstownship-mi.gov,https://kinrosstownship-mi.gov/ -> http://kinrosstownship-mi.gov/ -> http://www.kinrosstownship-mi.gov/ -> https://www.kinrosstownship-mi.gov/government/township_board/index.php -> https://www.kinrosstownship-mi.gov/government/planning_commission/index.php -> https://www.kinrosstownship-mi.gov/government/planning_commission/agendas_minutes.php -> https://www.kinrosstownship-mi.gov/government/planning_commission/government/township_board/index.php -> https://www.kinrosstownship-mi.gov/government/,,25,yes,https://www.youtube.com/@kinrosschartertownship/streams
us:cousub:3401375815,Verona,New Jersey,veronanj.gov,https://veronanj.gov/ -> https://www.veronanj.gov/ -> http://veronanj.gov/ -> http://www.veronanj.gov/ -> https://www.veronanj.org/meetingdashboard -> https://www.veronanj.org/meetings -> https://www.veronanj.org/meetings/814/ -> https://www.veronanj.org/meetings/820/ -> https://www.veronanj.org/meetings/822/ -> https://www.veronanj.org/meetings/158/ -> https://www.veronanj.org/meetings/157/ -> https://www.veronanj.org/meetings/824/ -> https://www.veronanj.org/meetings/823/ -> https://www.verona,,29,yes,https://www.youtube.com/@Township-Of-Verona;https://www.youtube.com/user/veronatownship
us:place:3773300,White Lake town,North Carolina,whitelakenc.org,https://whitelakenc.org/ -> http://whitelakenc.org/ -> http://www.whitelakenc.org/ -> https://www.whitelakenc.org/government -> https://www.whitelakenc.org/town-documents -> https://www.whitelakenc.org/bladen-county-shelters,,12,yes,https://youtu.be/JvZ2J50gtTQ
us:place:3579840,Truth or Consequences city,New Mexico,torcnm.gov,https://torcnm.gov/ -> http://torcnm.gov/ -> http://www.torcnm.gov/ -> https://events.torcnm.gov/ -> https://www.torcnm.gov/living-in-our-community/water-watch/ -> https://www.torcnm.gov/your-government/commission/ -> https://events.torcnm.gov/default/detail/2026-10-13-1600-Planning-amp-Zoning-Commission-Meeting -> https://www.torcnm.gov/your-government/agendas-packets-minutes/ -> https://www.youtube.com/@CityofTorC/streams -> https://www.torcnm.gov/Documents/Government/City Boards/City Commissi,https://www.youtube.com/@CityofTorC/streams,54,no,
us:place:2012825,Cherokee city,Kansas,cityofcherokeeks.com,https://cityofcherokeeks.com/ -> https://www.cityofcherokeeks.com/ -> http://cityofcherokeeks.com/ -> http://www.cityofcherokeeks.com/,,14,yes,https://www.youtube.com/watch?v=zfrq1Qasr6A
us:sd:0611700,Dunsmuir Joint Union High School District,California,dunsmuirhigh.k12.ca.us,https://dunsmuirhigh.k12.ca.us/ -> https://www.dunsmuirhigh.k12.ca.us/ -> http://dunsmuirhigh.k12.ca.us/ -> http://www.dunsmuirhigh.k12.ca.us/ -> https://dunsmuirhigh.k12.ca.us/__catapult_pages/780fac4d-01db-4446-89ff-a8510e57dcd4/Current-Board-Agenda-and-Past-Agendas--Minutes.html -> https://dunsmuirhigh.k12.ca.us/District/Board-of-Trustees/index.html -> https://dunsmuirhigh.k12.ca.us/About-DHS/Site-Council/index.html -> https://dunsmuirhigh.k12.ca.us/District/Board-of-Trustees/Current-Board-Ag,,4,no,
us:cousub:2604109980,Brampton Township,Michigan,deltacountymi.gov,https://deltacountymi.gov/ -> https://www.deltacountymi.gov/ -> http://deltacountymi.gov/ -> http://www.deltacountymi.gov/ -> https://www.youtube.com/@deltacountymi/streams -> https://deltacountymi.gov/board-of-commissioners/ -> https://deltacountymi.gov/planning-commission/ -> https://deltacountymi.gov/board-agendas/ -> https://deltacountymi.gov/parks-recreation-commission-agendas-minutes/ -> https://deltacountymi.gov/planning-commission/planning-commission-agendas-minutes/ -> https://deltacoun,https://www.youtube.com/@deltacountymi/streams,22,no,
us:place:3103600,Bee village,Nebraska,villageofbee.com,https://villageofbee.com/ -> http://villageofbee.com/ -> http://www.villageofbee.com/ -> https://www.villageofbee.com/village-board-of-trustees.html -> https://www.villageofbee.com/events.html -> https://www.villageofbee.com/history.html -> https://www.villageofbee.com/forms.html -> https://www.villageofbee.com/village-ordinances.html -> https://www.villageofbee.com/community.html -> https://www.villageofbee.com/milo-navratil-field.html -> https://www.villageofbee.com/nearby.html -> https://www.,,2,no,
us:place:1844442,Lizton town,Indiana,townoflizton.com,https://townoflizton.com/ -> https://www.townoflizton.com/ -> http://townoflizton.com/ -> http://www.townoflizton.com/ -> https://lizton.in.gov/government/boards-commissions-councils/board-of-zoning-appeals/ -> https://lizton.in.gov/government/boards-commissions-councils/planning-commission/ -> https://lizton.in.gov/government/boards-commissions-councils/town-council/ -> https://lizton.in.gov/government/boards-commissions-councils/ -> https://lizton.in.gov/government/ -> https://lizton.in.gov/go,,12,yes,https://www.youtube.com/@TownofLizton
us:place:1840842,La Fontaine town,Indiana,townoflafontaine.com,https://townoflafontaine.com/ -> https://www.townoflafontaine.com/ -> http://townoflafontaine.com/ -> http://www.townoflafontaine.com/ -> https://www.in.gov/towns/lafontaine/town-government/town-council -> https://www.in.gov/gov -> https://www.in.gov/gov/governors-office/commissions/bail-and-release-review-commission -> https://www.in.gov/gov/governors-residence/support -> https://www.in.gov/gov/governors-office/commissions/indiana-ireland-trade-commission -> https://www.in.gov/gov/newsroom/2026,,8,yes,https://www.youtube.com/@TownofLaFontaineIndiana
us:place:4540480,Latta town,South Carolina,townoflatta.sc.gov,https://townoflatta.sc.gov/ -> https://www.townoflatta.sc.gov/ -> http://townoflatta.sc.gov/ -> http://www.townoflatta.sc.gov/ -> https://townoflatta.sc.gov/mayor-council -> https://townoflatta.sc.gov/government -> https://sc.gov/help-center -> https://sc.gov/residents/protecting-your-safety/incarcerated-citizens-and-family-resources -> https://www.dppps.sc.gov/Parole-Pardon-Hearings -> https://sc.gov/government -> https://sc.gov/government/engaging-government-services/voting-and-elections -> ht,,1,no,
us:place:2225335,Fenton village,Louisiana,villageoffenton.com,https://villageoffenton.com/ -> http://villageoffenton.com/ -> http://www.villageoffenton.com/ -> https://www.villageoffenton.com/pages/view-all-watch -> https://istudio.sellto.carousell.sg/trade-in-or-sell/smartwatch/all -> https://istudio.sellto.carousell.sg/apple-watch/trade-in-or-sell-apple-watch-se-2022-gps -> https://istudio.sellto.carousell.sg/apple-watch/trade-in-or-sell-apple-watch-series-ultra -> https://istudio.sellto.carousell.sg/apple-watch/trade-in-or-sell-apple-watch-series-9-gps ,,4,no,
us:county:45009,Bamberg County,South Carolina,bambergcountysc.gov,https://bambergcountysc.gov/ -> https://www.bambergcountysc.gov/ -> http://bambergcountysc.gov/ -> http://www.bambergcountysc.gov/ -> https://www.bambergcounty.sc.gov/news/sheriffs-office-news-release-september-24-2024 -> https://www.bambergcounty.sc.gov/news/bamberg-county-celebrates-presidents-circle-and-individual-leadership-awards-south-carolina -> https://www.bambergcounty.sc.gov/county-council-and-staff-directory -> https://www.bambergcounty.sc.gov/county-council/agendas-and-minutes -> htt,,1,no,
us:place:1721683,East Dubuque city,Illinois,cityofeastdubuque.com,https://cityofeastdubuque.com/ -> http://cityofeastdubuque.com/ -> http://www.cityofeastdubuque.com/ -> https://www.cityofeastdubuque.com/hopepage/council-meeting-september-21-2026-ph/ -> https://www.cityofeastdubuque.com/hopepage/council-meeting-september-21-2026/ -> https://www.cityofeastdubuque.com/hopepage/3rd-st-channel/ -> https://www.cityofeastdubuque.com/hopepage/council-meeting-august-17-2026/ -> https://www.cityofeastdubuque.com/hopepage/ -> https://www.cityofeastdubuque.com/our-commun,,24,yes,https://youtube.com/live/9JSStwsO1NA?feature=share
us:place:0525030,Franklin town,Arkansas,franklinar.gov,https://franklinar.gov/ -> http://franklinar.gov/ -> http://www.franklinar.gov/ -> https://www.franklinar.gov/town-history,,5,no,
us:place:0563710,Sheridan city,Arkansas,sheridanarpd.gov,https://sheridanark.com/ -> https://www.sheridanark.com/ -> http://sheridanark.com/ -> http://www.sheridanark.com/,,3,no,
us:place:4863020,Roma city,Texas,cityofroma.net,https://cityofroma.net/ -> http://cityofroma.net/ -> http://www.cityofroma.net/ -> http://www.cityofroma.net/important-announcements/roma-sets-new-property-tax-rate-for-2024-2025 -> http://www.cityofroma.net/important-announcements/get-romas-new-emergency-alert-system-here -> http://www.cityofroma.net/important-announcements/city-of-roma-adopts-new-property-tax-rate-for-2024-2025-fiscal-year -> https://www.cityofroma.net/government/city-council -> https://www.cityofroma.net/government/agendas-3 ,,1,yes,https://www.youtube-nocookie.com/embed/i_sU4XcEvyw?rel=0&controls=1&autoplay=0&mute=0&start=0
us:cousub:0911078250,Vernon,Connecticut,www.vernon-ct.gov,https://vernon-ct.gov/ -> http://vernon-ct.gov/ -> http://www.vernon-ct.gov/ -> https://www.vernon-ct.gov/o/tov/page/boards-commissions,,5,yes,https://www.youtube.com/@townofvernonconnecticut
us:sd:3628710,Tioga Central School District,New York,tiogacentral.org,https://tiogacentral.org/ -> https://www.tiogacentral.org/ -> http://tiogacentral.org/ -> http://www.tiogacentral.org/ -> https://www.tiogacentral.org/BoardofEducation.aspx -> https://www.tiogacentral.org/MenuItem/NEW%20PARENT%20PORTAL%20tutorial.pdf -> https://www.tiogacentral.org/default.aspx -> https://www.tiogacentral.org/EducationalPhilosophy.aspx -> https://www.tiogacentral.org/EmploymentOpportunities.aspx -> https://www.tiogacentral.org/SchoolTaxPayment.aspx -> https://www.tiogacentral.or,,23,no,
us:cousub:3604534055,Henderson town,New York,townofhendersonny.org,https://townofhendersonny.org/ -> http://townofhendersonny.org/ -> http://www.townofhendersonny.org/ -> https://www.townofhendersonny.org/community-development-commission.html -> https://www.townofhendersonny.org/business--community-council.html -> https://www.townofhendersonny.org/town-board-agendas.html -> https://www.townofhendersonny.org/town-board-minutes.html -> https://www.townofhendersonny.org/town-board-minutes1.html -> https://www.townofhendersonny.org/planning-board-minutes.html -> ht,,2,yes,https://www.youtube.com/channel/UCcvT6Ft5iOfvkAnEB9L61gA
us:cousub:2608732960,Goodland Township,Michigan,www.goodlandtownship.org,https://goodlandtownship.org/ -> https://www.goodlandtownship.org/ -> http://goodlandtownship.org/ -> http://www.goodlandtownship.org/ -> https://goodlandtownship.org/township-board-minutes.html -> https://goodlandtownship.org/township-officials.html -> https://goodlandtownship.org/notices.html -> https://goodlandtownship.org/ordinances.html -> https://goodlandtownship.org/township-forms.html -> https://goodlandtownship.org/cemetery.html -> https://goodlandtownship.org/fire-department.html -> ht,,13,no,
us:place:2907660,Bowling Green city,Missouri,bowlinggreen-mo.gov,https://bowlinggreen-mo.gov/ -> https://www.bowlinggreen-mo.gov/ -> http://bowlinggreen-mo.gov/ -> http://www.bowlinggreen-mo.gov/ -> https://bowlinggreen-mo.gov/news-and-notices/water-bills-mailed-11 -> https://bowlinggreen-mo.gov/news-and-notices/boil-advisory -> https://bowlinggreen-mo.gov/news-and-notices/cotton-fitzsimmons-statue-donations -> https://bowlinggreen-mo.gov/agendas-minutes -> https://bowlinggreen-mo.gov/board-of-aldermen-2 -> https://bowlinggreen-mo.gov/city-budget -> https://b,,7,no,
us:place:1324488,Dudley city,Georgia,cityofdudley.com,https://cityofdudley.com/ -> http://cityofdudley.com/ -> http://www.cityofdudley.com/,,9,no,
us:place:0919480,Derby city,Connecticut,derbyct.gov,https://derbyct.gov/ -> http://derbyct.gov/ -> http://www.derbyct.gov/ -> https://www.derbyct.gov/our-city -> https://www.derbyct.gov/city-hall -> https://www.derbyct.gov/government -> https://www.derbyct.gov/city-town-clerk -> https://www.derbyct.gov/sitemap/ -> https://www.derbyct.gov/board-of-aldermen-alderwoman -> https://www.derbyct.gov/board-of-taxation -> https://www.derbyct.gov/ethics-board -> https://www.directvdeals.com/contact-us/ -> https://www.derbyct.gov/media/City%20Hall/Adopt-a-S,,12,yes,https://www.youtube.com/user/irishderby
ca:csd:2453072,Yamaska,Quebec,www.yamaska.ca,https://yamaska.ca/ -> https://www.yamaska.ca/ -> http://yamaska.ca/ -> http://www.yamaska.ca/ -> https://www.yamaska.ca/fr/loisirs-culture-et-vie-communautaire/location-de-salles -> https://www.yamaska.ca/fr/albums-videos -> https://www.yamaska.ca/fr/albums-videos/video-soulignant-le-20e-anniversaire-de-l-eboulis/page-1 -> https://www.yamaska.ca/fr/albums-videos/video-soulignant-le-20e-anniversaire-de-l-eboulis -> https://www.yamaska.ca/fr/albums-videos/entre-champs-et-riviere/page-1 -> https:/,,8,yes,https://www.youtube.com/watch?v=2nu2Tgn2P_c
us:place:3449680,National Park borough,New Jersey,www.nationalparknj.com,https://nationalparknj.com/ -> https://www.nationalparknj.com/ -> http://nationalparknj.com/ -> http://www.nationalparknj.com/ -> https://www.nationalparknj.com/government/index.php#Mayor -> https://www.nationalparknj.com/how_do_i/learn_about/town_watch.php -> https://www.nationalparknj.com/government/meeting_minutes/index.php -> https://www.nationalparknj.com/government/meeting_minutes/government/index.php#Mayor -> https://www.nationalparknj.com/government/meeting_minutes/how_do_i/learn_about/t,,2,no,
us:county:50013,Grand Isle County,Vermont,grandislevt.org,https://grandislevt.org/ -> https://www.grandislevt.org/ -> http://grandislevt.org/ -> http://www.grandislevt.org/ -> https://grandislevt.org/notice-of-1st-public-hearing-on-proposed-town-charter-2/ -> https://grandislevt.org/category/gisb/ -> https://grandislevt.org/category/town/ -> https://grandislevt.org/boards-minutes-agendas/ -> https://grandislevt.org/boards-minutes-agendas/school-board/ -> https://grandislevt.org/boards-minutes-agendas/development-review-board/ -> https://grandislevt.org,,1,no,
ca:csd:3541015,Huron-Kinloss,Ontario,www.huronkinloss.com,https://huronkinloss.com/ -> http://huronkinloss.com/ -> http://www.huronkinloss.com/ -> https://events.huronkinloss.com/ -> https://www.huronkinloss.com/town-hall/election/ -> https://www.huronkinloss.com/news/township-news/ -> https://www.huronkinloss.com/news/general/ -> https://www.huronkinloss.com/news/posts/25-year-anniversary-of-amalgamation-time-capsule-video/ -> https://www.huronkinloss.com/town-hall/mayor-and-council/ -> https://www.huronkinloss.com/town-hall/south-bruce-opp-detachment,,27,yes,https://www.youtube.com/channel/UCeMUGrc4oUxdQ5vC_WzhEag
ca:csd:2427065,Saint-Frédéric,Quebec,www.saint-frederic.com,https://saint-frederic.com/ -> https://www.saint-frederic.com/ -> http://saint-frederic.com/ -> http://www.saint-frederic.com/ -> https://www.st-frederic.com/location-de-salle -> https://www.st-frederic.com/proces-verbaux-videos,,162,yes,https://www.youtube.com/embed/LYqdR5k4B14?feature=oembed;https://www.youtube.com/embed/em932qgjLI8?feature=oembed;https://www.youtube.com/embed/HA4ap5tHXXs?feature=oembed;https://www.youtube.com/embed/2cr7epsFOEU?feature=oembed
us:place:4980860,Wales town,Utah,walesutah.gov,https://walesutah.gov/ -> https://www.walesutah.gov/ -> http://walesutah.gov/ -> http://www.walesutah.gov/ -> https://walesutah.gov/town-council-meetings/ -> https://walesutah.gov/planning-zoning/ -> https://walesutah.gov/city-government/ -> https://walesutah.gov/calendar/ -> https://walesutah.gov/government/ -> https://walesutah.gov/wp-content/uploads/2026/02/2025-Wales-Town-General-Plan-Final.pdf,,9,yes,https://www.youtube.com/embed/hRii3goTlXw
us:place:3957582,Oak Harbor village,Ohio,oakharbor.oh.us,https://oakharbor.oh.us/ -> https://www.oakharbor.oh.us/ -> http://oakharbor.oh.us/ -> http://www.oakharbor.oh.us/ -> https://oakharbor.oh.us/government/council_members.php -> https://oakharbor.oh.us/government/council_minutes/council_minutes.php -> https://oakharbor.oh.us/government/council_minutes/government/council_members.php -> https://oakharbor.oh.us/government/council_minutes/government/council_minutes/index.php -> https://oakharbor.oh.us/government/council_minutes/government/council_minu,,4,no,
ca:csd:2471133,Rigaud,Quebec,www.ville.rigaud.qc.ca,https://ville.rigaud.qc.ca/ -> http://ville.rigaud.qc.ca/ -> http://www.ville.rigaud.qc.ca/,,4,no,
ca:csd:4711054,Manitou Beach,Saskatchewan,manitoubeach.ca,https://manitoubeach.ca/ -> https://www.manitoubeach.ca/ -> http://manitoubeach.ca/ -> http://www.manitoubeach.ca/ -> https://manitoubeach.ca/Council.php -> https://manitoubeach.ca/CouncilMinutes.php -> https://manitoubeach.ca/Council/2017/Minutes 10-26-2017-Emergency Meeting.pdf -> https://manitoubeach.ca/Council/2026/Minutes 01-20-26.pdf -> https://manitoubeach.ca/Council/2026/Minutes 02-24-26.pdf -> https://manitoubeach.ca/October 16_Notice of Special Meeting.pdf -> https://manitoubeach.ca/Lo,,11,yes,https://www.youtube.com/channel/UCAaL90CfF013tNm6AbqisfA 
us:place:1648880,McCammon city,Idaho,mccammoncity.com,https://mccammoncity.com/ -> https://www.mccammoncity.com/ -> http://mccammoncity.com/ -> http://www.mccammoncity.com/ -> https://www.mccammoncity.com/MAC -> https://www.mccammoncity.com/forms -> https://irp.cdn-website.com/53fdcc5e/files/uploaded/RES+2026-14+Council+Meeting+Schedule+-+Dec+Update.pdf -> https://mccammon.municipalcodeonline.com/book?type=agendas -> https://www.civicplus.help/codification/docs/submit-product-feedback -> https://mccammon.municipalcodeonline.com/book?type=minutes#na,,6,no,
ca:csd:5903045,Castlegar,British Columbia,castlegar.ca,https://castlegar.ca/ -> https://www.castlegar.ca/ -> http://castlegar.ca/ -> http://www.castlegar.ca/ -> https://castlegar.ca/government/city-council/ -> https://castlegar.ca/government/city-council/city-council-committees/ -> https://castlegar.ca/government/city-council/appear-before-city-council/ -> https://castlegar.ca/government/city-council/city-council-meetings-minutes-videos/ -> https://castlegar.ca/events/council-meeting-july-15-2024/ -> https://us02web.zoom.us/rec/share/9lYne4m7mIdvl7R,,18,yes,https://www.youtube.com/channel/UCfsQHOn_3cusmrgVsqGUKDQ
us:place:3613068,Cayuga village,New York,villagecayugany.gov,https://villagecayugany.gov/ -> https://www.villagecayugany.gov/ -> http://villagecayugany.gov/ -> http://www.villagecayugany.gov/,,3,no,
us:place:4282160,Wellsboro borough,Pennsylvania,wellsboroborough.com,https://wellsboroborough.com/ -> http://wellsboroborough.com/ -> http://www.wellsboroborough.com/ -> https://www.wellsboroborough.com/blank-1 -> https://www.wellsboroborough.com/blank -> https://www.wellsboroborough.com/_files/ugd/fa3e68_7edf324634e745baa34592c40c5b3d55.pdf -> https://www.wellsboroborough.com/_files/ugd/fa3e68_4e3de862de444bfc88e7cdcc71cd9dd5.doc?dn=September%2014th%202026%20Council%20Agenda.doc -> https://www.wellsboroborough.com/meeting-minutes-archive,,7,no,
ca:csd:2470012,Sainte-Martine,Quebec,www.sainte-martine.ca,https://sainte-martine.ca/ -> https://www.sainte-martine.ca/ -> http://sainte-martine.ca/ -> http://www.sainte-martine.ca/ -> https://sainte-martine.ca/citoyens/en-ligne/location-de-salle/,,6,yes,https://www.youtube.com/channel/UCB2HVG5tlkLEV2zik-5M2dg
us:place:2039550,Leoti city,Kansas,leotikansas.org,"https://leotikansas.org/ -> https://www.leotikansas.org/ -> http://leotikansas.org/ -> http://www.leotikansas.org/ -> https://leotikansas.org/minutes.html -> https://leotikansas.org/minutes/17. August 3, 2026 Signed Meeting Minutes.pdf -> https://leotikansas.org/minutes/15. August 4, 2025 Signed Meeting Minutes.pdf -> https://leotikansas.org/minutes/17. August 19, 2024 Signed Meeting Minutes.pdf -> https://leotikansas.org/calendar.html -> https://leotikansas.org/contact.html -> https://leotikans",,8,yes,https://www.youtube.com/embed/PcO5FCE9Vfw?si=1-UzYSqgDkMu8Gqp
us:place:3730660,Henderson city,North Carolina,ci.henderson.nc.us,https://henderson.nc.gov/ -> https://www.henderson.nc.gov/ -> http://henderson.nc.gov/ -> http://www.henderson.nc.gov/ -> https://henderson.nc.gov/government/city_council.php -> https://henderson.nc.gov/government/boards_commissions/911_emergency_services_advisory_board.php -> https://henderson.nc.gov/government/boards_commissions/airport_commission.php -> https://henderson.nc.gov/government/agendas_minutes.php -> https://henderson.nc.gov/government/government/city_council.php -> https://henders,,2,no,
us:place:5526850,Fountain City city,Wisconsin,fountaincitywi.gov,https://fountaincitywi.gov/ -> https://www.fountaincitywi.gov/ -> http://fountaincitywi.gov/ -> http://www.fountaincitywi.gov/ -> https://fountaincitywi.gov/news-and-notices/main-street-dance-august-15-2026 -> https://fountaincitywi.gov/news-and-notices/park-rec-tourism-city-properties-committee-meeting-august-27-2020 -> https://fountaincitywi.gov/news-and-notices/welcome-to-our-new-municipal-website -> https://fountaincitywi.gov/agendas-minutes -> https://fountaincitywi.gov/common-council -> ht,,7,yes,https://www.youtube.com/channel/UCrYe4M516VGChMUebZDyZKw
us:cousub:2607577200,Summit Township,Michigan,www.summittwp.com,https://summittwp.com/ -> http://summittwp.com/ -> http://www.summittwp.com/ -> https://www.summittwp.com/government/board_of_trustees/index.php -> https://www.summittwp.com/government/boards_commissions/planning_commission.php -> https://www.summittwp.com/government/boards_commissions/zoning_board_of_appeals.php -> https://www.summittwp.com/government/board_of_trustees/agendas_minutes.php -> https://www.summittwp.com/government/board_of_trustees/government/board_of_trustees/index.php -> https:/,,3,no,
us:place:0132080,Grove Hill town,Alabama,grovehillal.com,https://grovehillal.com/ -> https://www.grovehillal.com/ -> http://grovehillal.com/ -> http://www.grovehillal.com/ -> https://nhacaiuytinnhatvn.site/sitemap_index.xml -> https://nhacaiuytinnhatvn.site/blocks-sitemap.xml -> https://nhacaiuytinnhatvn.site/category-sitemap.xml -> https://nhacaiuytinnhatvn.site/page-sitemap.xml -> https://nhacaiuytinnhatvn.site/post-sitemap.xml -> https://nhacaiuytinnhatvn.site/link-vao-fun88/ -> https://nhacaiuytinnhatvn.site/danh-gia-jbo/ -> https://nhacaiuytinnha,,8,no,
us:cousub:2614513540,Carrollton Township,Michigan,www.carrolltontwp.com,"https://carrolltontwp.com/ -> https://www.carrolltontwp.com/ -> http://carrolltontwp.com/ -> http://www.carrolltontwp.com/ -> https://carrolltontwp.com/nav/meeting_minutes/index.php -> https://carrolltontwp.com/nav/meeting_minutes/nav/boards,_committees___commissions/index.php -> https://carrolltontwp.com/nav/meeting_minutes/nav/boards,_committees___commissions/nav/public_notices___agendas/index.php -> https://carrolltontwp.com/nav/meeting_minutes/nav/boards,_committees___commissions/nav/meeting",,8,no,
us:place:3108535,Central City city,Nebraska,cc-ne.com,https://cc-ne.com/ -> http://cc-ne.com/ -> http://www.cc-ne.com/ -> https://www.cc-ne.com/city_government/city_council.php -> https://www.cc-ne.com/city_government/meet_the_council/index.php -> https://www.cc-ne.com/city_government/city_documents/index.php -> https://www.cc-ne.com/city_government/city_documents/city_government/city_council.php -> https://www.cc-ne.com/city_government/city_documents/city_government/meet_the_council/index.php -> https://www.cc-ne.com/city_government/city_documents,,15,no,
us:place:4851588,Nixon city,Texas,nixon.texas.gov,https://nixon.texas.gov/ -> https://www.nixon.texas.gov/ -> http://nixon.texas.gov/ -> http://www.nixon.texas.gov/ -> https://nixon.texas.gov/agenda-%26-minutes -> https://www.twc.texas.gov/programs/civil-rights -> https://nixon.texas.gov/public-information#09b3880f-4a76-452e-8f04-f4186a0b09e3 -> https://nixon.texas.gov/city-office -> https://nixon.texas.gov/events -> https://nixon.texas.gov/city-contact-information,,1,yes,https://www.youtube.com/user/TexasWorkforceComm
us:place:4747020,Medon city,Tennessee,thecityofmedon.homestead.com,https://thecityofmedon.homestead.com/ -> https://www.thecityofmedon.homestead.com/ -> http://thecityofmedon.homestead.com/ -> http://www.thecityofmedon.homestead.com/ -> https://www.homestead.com/legal/legal_useragreement.html -> https://www.homestead.com/videotutorials.html -> https://www.homestead.com/index.html -> https://www.homestead.com/about-us.html -> https://www.homestead.com/~site/Scripts_Help/Help.dll?CMD=CMDAskEmailForm -> https://www.homestead.com/~site/Scripts_Help/Help.dll?CMD=CMD,,4,no,
us:place:2021650,Eskridge city,Kansas,eskridgeks.org,https://eskridgeks.org/ -> https://www.eskridgeks.org/ -> http://eskridgeks.org/ -> http://www.eskridgeks.org/ -> https://eskridgeks.org/home/city-code/ -> https://eskridgeks.org/home/city-code/forms/ -> https://eskridgeks.org/home/government/ -> https://eskridgeks.org/home/around-town/ -> https://eskridgeks.org/home/around-town/business-directory/ -> https://eskridgeks.org/home/around-town/churches/ -> https://eskridgeks.org/home/around-town/dining/ -> https://eskridgeks.org/home/around-town/ed,,5,yes,https://www.youtube.com/channel/UCPKrG4PyeK9MXxo7ePS1yLQ
us:place:1322304,Demorest city,Georgia,cityofdemorest.org,https://cityofdemorest.org/ -> http://cityofdemorest.org/ -> http://www.cityofdemorest.org/ -> https://www.cityofdemorest.org/news_detail_T6_R95.php -> https://www.cityofdemorest.org/city_hall/council.php -> https://www.cityofdemorest.org/city_council_recordings/index.php -> https://www.cityofdemorest.org/attractions/city_council_agendas_and_minutes.php -> https://www.cityofdemorest.org/attractions/city_hall/council.php -> https://www.cityofdemorest.org/attractions/city_council_recordings/index.,,2,yes,https://www.youtube.com/embed/live_stream?channel=UCIsPJbtUuz8HBinyMelICcQ
us:cousub:2609335060,Green Oak Township,Michigan,www.greenoaktwp.com,https://greenoaktwp.com/ -> http://greenoaktwp.com/ -> http://www.greenoaktwp.com/ -> https://agendas.greenoaktwp.com/ -> https://www.greenoaktwp.com/newslist.php -> https://www.greenoaktwp.com/government/township_board/index.php -> https://www.greenoaktwp.com/government/minutes_and_meetings/index.php -> https://www.greenoaktwp.com/government/minutes_and_meetings/government/township_board/index.php -> https://www.greenoaktwp.com/government/minutes_and_meetings/government/minutes_and_meetings/pla,,12,yes,https://www.youtube.com/@GreenOakCharterTownship/streams
us:place:3760180,Sedalia town,North Carolina,sedalianc.org,https://sedalianc.org/ -> https://www.sedalianc.org/ -> http://sedalianc.org/ -> http://www.sedalianc.org/ -> http://sedalianc.org/council-clerk.html -> http://sedalianc.org/planning-board.html -> http://sedalianc.org/agendas-minutes.html -> http://sedalianc.org/home.html -> http://sedalianc.org/about-us.html -> http://sedalianc.org/general-information.html -> http://sedalianc.org/contact-us.html -> http://sedalianc.org/---------------------------c.e.r.t.--------------.html -> http://sedalianc.o,,9,no,
us:cousub:2612549820,Lyon charter Township,Michigan,www.lyontwp.org,https://lyontwp.org/ -> http://lyontwp.org/ -> http://www.lyontwp.org/ -> https://www.lyontwp.org/news_detail_T9_R708.php -> https://lyontownshipmi.documents-on-demand.com/ -> https://www.lyontwp.org/government/township_boards_and_commissions/index.php -> https://www.lyontwp.org/government/township_boards_and_commissions/government/township_boards_and_commissions/board_of_trustees.php -> https://www.lyontwp.org/government/township_boards_and_commissions/government/township_boards_and_commissions,,19,yes,https://www.youtube.com/channel/UC5JDLDMzIKAwR2YfY42miFw
us:place:4724320,Erin city,Tennessee,erintn.org,https://erintn.org/ -> https://www.erintn.org/ -> http://erintn.org/ -> http://www.erintn.org/ -> https://www.cityoferintn.gov/mayor_aldermen.html -> https://www.cityoferintn.gov/agendas_minutes.html -> https://www.cityoferintn.gov/pdfs/agendas_minutes/agendas/2026/01062026.pdf -> https://www.cityoferintn.gov/pdfs/agendas_minutes/agendas/2026/02032026.pdf -> https://www.cityoferintn.gov/pdfs/agendas_minutes/agendas/2026/03032026.pdf -> https://www.cityoferintn.gov/mtgs_public_notices.html -> htt,,2,yes,https://www.youtube.com/channel/UCgc7k2alWItzs2MkuSDtG7w
us:place:2167494,Russell Springs city,Kentucky,russellsprings.net,https://russellsprings.net/ -> https://www.russellsprings.net/ -> http://russellsprings.net/ -> http://www.russellsprings.net/ -> https://russellsprings.net/russell-springs-city-council/ -> https://russellsprings.net/8378-2/ -> https://russellsprings.net/7944-2/ -> https://russellsprings.net/2024-city-council-minutes/ -> https://russellsprings.net/wp-content/uploads/2024/02/Russell-Springs-City-Council-Meeting-Minutes-01.11.24-Signed.pdf -> https://russellsprings.net/wp-content/uploads/2024/06/R,,5,yes,https://www.youtube.com/channel/UC8FtwcqExx47XqZpsp-W47w
ca:csd:4703071,Gravelbourg,Saskatchewan,www.gravelbourg.ca,https://gravelbourg.ca/ -> https://www.gravelbourg.ca/ -> http://gravelbourg.ca/ -> http://www.gravelbourg.ca/ -> https://gravelbourg.ca/town_office/council_meetings.html -> https://gravelbourg.ca/town_office/municipal_election/council_resources.html -> https://gravelbourg.ca/community_calendar.html?EventID=7976 -> https://gravelbourg.ca/town_office/local_government.html -> https://gravelbourg.ca/community_calendar.html -> https://gravelbourg.ca/visitors/national_historic_site.html -> https://gr,,21,yes,https://www.youtube.com/embed/4rcwrNj1vDo?si=fbX4Qn8uBc__8qP0
us:cousub:2612938300,Hill Township,Michigan,www.hilltownshiphall.com,https://hilltownshiphall.com/ -> http://hilltownshiphall.com/ -> http://www.hilltownshiphall.com/ -> https://www.hilltownshiphall.com/meeting-minutes -> https://www.hilltownshiphall.com/rose-city-area-community-center,,7,yes,https://youtu.be/6R38HsXhLjM?si=mtIEFDYEPzuEnD5A
ca:csd:4803026,Nanton,Alberta,nanton.ca,https://nanton.ca/ -> http://nanton.ca/ -> http://www.nanton.ca/ -> https://www.nanton.ca/government/council-and-committees -> https://www.nanton.ca/government/council-and-committees/town-council -> https://www.nanton.ca/government/council-and-committees/connect-council -> https://www.nanton.ca/government/legislative-services/agendas-and-minutes -> https://www.nanton.ca/community/calendars/calendar-council-meetings -> https://www.nanton.ca/government/council-and-committees/municipal-newsletter -,,37,yes,https://www.youtube.com/@townofnanton5280/streams;https://www.youtube.com/embed/-rEttOau6YA?si=AskVEM3CdsoGwxRJ
ca:csd:2417010,Saint-Pamphile,Quebec,www.saintpamphile.ca,https://saintpamphile.ca/ -> https://www.saintpamphile.ca/ -> http://saintpamphile.ca/ -> http://www.saintpamphile.ca/,,6,yes,https://www.youtube.com/channel/UC80it17qfcUrTuCpDEiE7Hg
us:place:2738708,Lynd city,Minnesota,lyndcity.gov,https://lyndcity.gov/ -> https://www.lyndcity.gov/ -> http://lyndcity.gov/ -> http://www.lyndcity.gov/ -> https://lyndcity.gov/news-detail?item_id=35147 -> https://lyndcity.gov/news-detail?item_id=32866 -> https://lyndcity.gov/news-detail?item_id=29295 -> https://lyndcity.gov/meeting-agendas-and-minutes -> https://lyndcity.gov/mayor-and-council -> https://lyndcity.gov/council -> https://lyndcity.gov/agendas -> https://lyndcity.gov/boards-and-commissions -> https://lyndcity.gov/minutes,,1,yes,https://www.youtube-nocookie.com/embed/4E3BJWcP5pM?si=VO7BPSUZxq-49it0
us:cousub:3910332676,Guilford,Ohio,guilfordtownship.us,https://guilfordtownship.us/ -> http://guilfordtownship.us/ -> http://www.guilfordtownship.us/ -> https://www.guilfordtownship.us/public-notice.html -> https://www.guilfordtownship.us/government.html -> https://www.guilfordtownship.us/town-hall-rentals.html -> https://www.guilfordtownship.us/upcoming-events.html -> https://www.guilfordtownship.us/fire.html -> https://www.guilfordtownship.us/firehouse-news.html -> https://www.guilfordtownship.us/part-time-application.html -> https://www.guilfordt,,2,yes,https://www.youtube.com/embed/C9KSFRq4rXA?wmode=opaque
ca:csd:2436033,Shawinigan,Quebec,www.shawinigan.ca,https://shawinigan.ca/ -> http://shawinigan.ca/ -> http://www.shawinigan.ca/ -> https://www.shawinigan.ca/activites-et-evenements/2022/12/16/devoilement-dune-video-visant-a-promouvoir-la-fierte-de-travailler-pour-les-citoyens/ -> https://www.shawinigan.ca/ville/commission-et-comites/ -> https://cartes.shawinigan.ca/portal/apps/experiencebuilder/experience/?id=a06bcb25a6d845ecbf999b1946e62e1f -> https://www.shawinigan.ca/plan-du-site -> https://www.shawinigan.ca/services-aux-citoyens/vie-communau,,8,yes,https://www.youtube.com/channel/UCCLX8fMJOxWo9WmWPr-ws-w
us:county:19181,Warren County,Iowa,warrencountyia.gov,https://warrencountyia.gov/ -> http://warrencountyia.gov/ -> http://www.warrencountyia.gov/ -> https://www.warrencountyia.gov/government/county-government/board-of-supervisors/ -> https://www.warrencountyia.gov/government/about-the-county/board-commissions/ -> https://www.warrencountyia.gov/government/county-government/meetings-agendas-minutes/ -> https://www.warrencountyia.gov/government/county-administration/county-budget/ -> https://www.warrencountyia.gov/government/county-administration/gene,,9,yes,https://www.youtube.com/playlist?list=PL0wekmYzETMdNIqP_h5XFplmgZl65iqtw
us:cousub:2610563600,Pere Marquette charter Township,Michigan,www.pmtwp.org,https://pmtwp.org/ -> https://www.pmtwp.org/ -> http://pmtwp.org/ -> http://www.pmtwp.org/ -> https://pmtwp.org/government/boards___commissions/board_of_review/index.php -> https://pmtwp.org/government/boards___commissions/construction_maintenance_board_of_appeals.php -> https://pmtwp.org/government/boards___commissions/election_commission.php -> https://pmtwp.org/how_do_i/find/meeting_agendas___minutes.php -> https://pmtwp.org/how_do_i/find/government/boards___commissions/board_of_review/index.,,8,no,
us:county:17155,Putnam County,Illinois,putnamil.gov,https://putnamil.gov/ -> https://www.putnamil.gov/ -> http://putnamil.gov/ -> http://www.putnamil.gov/ -> https://putnamil.gov/government/county_board/index.php -> https://putnamil.gov/government/county_board/meeting_agendas.php -> https://putnamil.gov/government/supervisor_of_assessments/board_of_review.php -> https://putnamil.gov/government/county_clerk___recorder_office/recording_fees.php -> https://putnamil.gov/government/county_clerk___recorder_office/government/county_board/index.php -> ht,,33,no,
us:place:2026500,Glen Elder city,Kansas,glenelder.com,https://glenelder.com/ -> http://glenelder.com/ -> http://www.glenelder.com/ -> https://www.glenelder.com/council-agenda.html -> https://www.glenelder.com/city-budget-hearing.html -> https://www.glenelder.com/city-hall.html -> https://www.glenelder.com/video---capitol-improvement-meeting.html -> https://www.glenelder.com/uploads/4/7/4/6/47461615/2025_glen_elder_ks_city_council_minutes_archive.pdf -> https://www.glenelder.com/uploads/4/7/4/6/47461615/2024_glen_elder_ks_city_council_minutes_archiv,,1,yes,https://www.youtube.com/embed/VAL6UUDISKY
us:cousub:2602926580,Evangeline Township,Michigan,www.evangelinetwp.org,https://evangelinetwp.org/ -> https://www.evangelinetwp.org/ -> http://evangelinetwp.org/ -> http://www.evangelinetwp.org/ -> https://evangelinetwp.org/nav/officials___boards/township_board_meeting_minutes.php -> https://evangelinetwp.org/nav/officials___boards/nav/planning___zoning/planning_commission_meeting_minutes.php -> https://evangelinetwp.org/nav/officials___boards/nav/planning___zoning/nav/officials___boards/township_board_meeting_minutes.php -> https://evangelinetwp.org/nav/officials__,,8,no,
ca:csd:3547096,Deep River,Ontario,www.deepriver.ca,https://deepriver.ca/ -> https://www.deepriver.ca/ -> http://deepriver.ca/ -> http://www.deepriver.ca/ -> https://www.deepriver.ca/council/ -> https://www.deepriver.ca/council/council-meeting-videos/ -> https://www.deepriver.ca/council/council-members/ -> https://www.deepriver.ca/council/agendas-and-minutes/ -> https://www.deepriver.ca/events/deep-river-police-service-board-meeting-8999.html -> https://www.deepriver.ca/council/strong-mayor-powers/ -> https://www.deepriver.ca/council/frequently-v,,1,yes,https://www.youtube.com/@corporationofthetownofdeep3408/streams
us:place:3640761,Lake Placid village,New York,villageoflakeplacid.ny.gov,https://villageoflakeplacid.ny.gov/ -> https://www.villageoflakeplacid.ny.gov/ -> http://villageoflakeplacid.ny.gov/ -> http://www.villageoflakeplacid.ny.gov/ -> https://northelba.villageoflakeplacid.ny.gov/news_detail_T36_R166.php -> https://northelba.villageoflakeplacid.ny.gov/news_detail_T36_R165.php -> https://northelba.villageoflakeplacid.ny.gov/news_detail_T36_R164.php,,4,no,
us:place:4016400,Colony town,Oklahoma,colonyok.com,https://colonyok.com/ -> https://www.colonyok.com/ -> http://colonyok.com/ -> http://www.colonyok.com/ -> https://colonyok.com/events -> https://colonyok.com/events/2019/10/29/1gdjnfdhskdmkvxq56ffu5zeoi82h8?format=ical -> https://colonyok.com/events/2021/11/14/columbian-memorial-presbyterian-church -> https://colonyok.com/events/2021/11/14/columbian-memorial-presbyterian-church?format=ical -> https://colonyok.com/events/2021/9/4/ribbon-cutting-colony-museum?format=ical -> https://colonyok.com/ev,,12,no,
ca:csd:1315011,Bathurst,New Brunswick,bathurst.ca,https://bathurst.ca/ -> http://bathurst.ca/ -> http://www.bathurst.ca/ -> https://www.bathurst.ca/en/city-news/721/bridge-street-bridge-closure-extended-through-october-2 -> https://www.bathurst.ca/en/city-news/720/bathurst-sports-hall-of-fame-announces-2026-inductees -> https://www.bathurst.ca/en/city-news/719/we-re-hiring-part-time-receptionist-at-the-bathurst-aquatic-centre -> https://www.bathurst.ca/en/council-meetings -> https://www.bathurst.ca/en/council-meetings/2025 -> https://www.bathur,,175,yes,https://www.youtube.com/@cityofvilledebathurst1506
ca:csd:4817062,Clear Hills,Alberta,clearhillscounty.ab.ca,https://clearhillscounty.ab.ca/ -> http://clearhillscounty.ab.ca/ -> http://www.clearhillscounty.ab.ca/ -> https://www.clearhillscounty.ab.ca/government -> https://www.clearhillscounty.ab.ca/government/council/council-external-boards-committees -> https://www.clearhillscounty.ab.ca/government/bylaws-and-policies/policies -> https://www.clearhillscounty.ab.ca/government/council-agendas/2025-council-meeting-agendas-minutes -> https://www.clearhillscounty.ab.ca/public/download/files/324418 -> https,,12,yes,https://www.youtube.com/@ClearHillsCounty
ca:csd:2441027,La Patrie,Quebec,www.lapatrie.ca,https://lapatrie.ca/ -> http://lapatrie.ca/ -> http://www.lapatrie.ca/ -> https://www.lapatrie.ca/fr/recuperation/collecte-2026-03-04,,5,yes,https://www.youtube.com/@conseilmunicipaldelapatrie1193/featured
ca:csd:3543021,Essa,Ontario,www.essatownship.on.ca,https://essatownship.on.ca/ -> https://www.essatownship.on.ca/ -> http://essatownship.on.ca/ -> http://www.essatownship.on.ca/ -> https://essatownship.on.ca/council-administration/elections/ -> https://essatownship.on.ca/council-administration/ -> https://essatownship.on.ca/council-administration/council/ -> https://essatownship.on.ca/council-administration/agendas-and-minutes/ -> https://calendar.essatownship.on.ca/ -> https://www.essatownship.on.ca/council-administration/elections/ -> https://,,25,yes,https://youtube.com/channel/UCo3bRGSnRyy8MPbrZvRDe8w
us:county:35023,Hidalgo County,New Mexico,hidalgocounty.org,https://hidalgocounty.org/ -> https://www.hidalgocounty.org/ -> http://hidalgocounty.org/ -> http://www.hidalgocounty.org/ -> https://hidalgocounty.org/documents/legal-notice-for-data-center-ordinance-2026-08-18/ -> https://hidalgocounty.org/documents/dwi-meeting-agenda-6-10-2026/ -> https://hidalgocounty.org/documents/rfb-hidalgo-fire-addition-2026/ -> https://hidalgocounty.org/document-category/minutes/ -> https://hidalgocounty.org/documents/regular-meeting-agenda-of-the-board-of-county-commis,,1,yes,https://www.youtube.com/embed/jqRdl2P2CjE?feature=oembed
us:cousub:2608916400,Cleveland Township,Michigan,www.leelanau.gov,https://leelanau.gov/ -> https://www.leelanau.gov/ -> http://leelanau.gov/ -> http://www.leelanau.gov/ -> https://leelanau.gov/news_detail_T5_R184.php -> https://leelanau.gov/news_detail_T5_R181.php -> https://leelanau.gov/news_detail_T5_R177.php -> https://leelanau.gov/leelanau_county/board_of_commissioners/agendas_and_minutes_2025.php -> https://leelanau.gov/leelanau_county/board_of_commissioners/leelanau_county/board_of_commissioners/index.php -> https://leelanau.gov/leelanau_county/board_of_,,207,yes,https://www.youtube.com/live/XFMMN0kY_yo?si=Ne93rONHiEB0rkll
us:place:2663260,Peck village,Michigan,villageofpeck.com,https://villageofpeck.com/ -> https://www.villageofpeck.com/ -> http://villageofpeck.com/ -> http://www.villageofpeck.com/ -> https://villageofpeck.com/government/index.php -> https://villageofpeck.com/index.php -> https://villageofpeck.com/links/index.php,,10,no,
us:place:4962030,Price city,Utah,priceutah.gov,https://priceutah.gov/ -> http://priceutah.gov/ -> http://www.priceutah.gov/ -> https://youtube.com/@koal-castlecountryfocus-wg2dc?si=QP_hVq9tdHSKna2q -> https://www.priceutah.gov/city-government.html -> https://www.priceutah.gov/city-council-agenda.html -> https://www.priceutah.gov/library-board.html -> https://www.priceutah.gov/uploads/1/1/9/7/119716550/07-09-2026_cc_workshop_amended_time.pdf -> https://calendar.google.com/calendar/embed?src=priceutah.net_2d37313437363738353134%40resource.cale,https://youtube.com/@koal-castlecountryfocus-wg2dc?si=QP_hVq9tdHSKna2q,8,no,
us:place:3612254,Canisteo village,New York,villageofcanisteo.gov,https://villageofcanisteo.gov/ -> https://www.villageofcanisteo.gov/ -> http://villageofcanisteo.gov/ -> http://www.villageofcanisteo.gov/ -> https://villageofcanisteo.gov/boards_committees/village_officials/village_officials.php -> https://villageofcanisteo.gov/boards_committees/zoning___planning_board/index.php -> https://villageofcanisteo.gov/boards_committees/village_officials/index.php#outer-15 -> https://villageofcanisteo.gov/boards_committees/village_officials/boards_committees/village_of,,4,no,
us:place:2672960,Shepherd village,Michigan,villageofshepherd.org,https://villageofshepherd.org/ -> https://www.villageofshepherd.org/ -> http://villageofshepherd.org/ -> http://www.villageofshepherd.org/ -> https://villageofshepherd.org/government/village_council.php -> https://villageofshepherd.org/government/minutes.php -> https://villageofshepherd.org/government/government/village_council.php -> https://villageofshepherd.org/government/government/minutes.php#main -> https://villageofshepherd.org/government/government/government/village_council.php -> https,,4,no,
us:county:42113,Sullivan County,Pennsylvania,sullivancountypa.gov,https://sullivancountypa.gov/ -> http://sullivancountypa.gov/ -> http://www.sullivancountypa.gov/ -> https://www.sullivancountypa.gov/public-notices/2026/2/26/notice-march-commissioners-meeting-change -> https://www.sullivancountypa.gov/holiday-and-meeting-schedule -> https://www.sullivancountypa.gov/commissioners -> https://www.sullivancountypa.gov/s/9-22-2026-Commissioners-Agenda.pdf -> https://www.sullivancountypa.gov/s/1-5-2026-Commissioners-Minutes.pdf -> https://www.sullivancountypa.gov/s/,,11,yes,https://www.youtube.com/channel/UCihrcWoszzGtPIbXXnq2xlg
us:cousub:2301584140,Westport Island town,Maine,westportisland.gov,https://westportisland.gov/ -> http://westportisland.gov/ -> http://www.westportisland.gov/ -> https://www.westportisland.gov/town-government/select-board -> https://www.westportisland.gov/town-records/meeting-minutes/board-of-appeals -> https://www.westportisland.gov/town-records/meeting-minutes/conservation-commission -> https://www.westportisland.gov/town-records/meeting-minutes/select-board-meeting-minutes -> https://www.westportisland.gov/town-records/meeting-minutes/planning-board-meeting-,,1,yes,https://www.youtube.com/@WestportIslandMeetings
us:place:0103004,Atmore city,Alabama,welcometoatmore.com,https://welcometoatmore.com/ -> https://www.welcometoatmore.com/ -> http://welcometoatmore.com/ -> http://www.welcometoatmore.com/ -> https://welcometoatmore.com/AgendaCenter -> https://welcometoatmore.com/162/Boards-Commissions -> https://welcometoatmore.com/27/Government -> https://welcometoatmore.com/calendar_CID-23 -> https://www.welcometoatmore.com/AgendaCenter -> https://www.welcometoatmore.com/162/Boards-Commissions,,7,no,
us:place:2744476,Mound city,Minnesota,moundmn.gov,https://moundmn.gov/ -> https://www.moundmn.gov/ -> http://moundmn.gov/ -> http://www.moundmn.gov/ -> https://moundmn.gov/government/mayor_council/index.php -> https://moundmn.gov/government/mayor_council/city_council_contact.php -> https://moundmn.gov/government/mayor_council/council_meetings_agendas_and_minutes.php -> https://moundmn.gov/government/advisory_commissions/index.php -> https://moundmn.gov/government/advisory_commissions/government/mayor_council/index.php -> https://moundmn.gov/gov,,59,yes,https://www.youtube.com/@CityofMoundMinnesota
ca:csd:2434025,Donnacona,Quebec,www.villededonnacona.com,https://villededonnacona.com/ -> https://www.villededonnacona.com/ -> http://villededonnacona.com/ -> http://www.villededonnacona.com/ -> https://villededonnacona.com/fr/loisirs-culture-vie-communautaire/location-de-salles -> https://villededonnacona.com/upload/location_centre_alliance_donnallie.pdf -> https://villededonnacona.com/upload/location_-_gymnase_complexe.pdf -> https://villededonnacona.com/upload/location_centre_aquatique_grand_bassin.pdf,,15,yes,https://www.youtube.com/channel/UCxnaSzTmH6HWPe40MLsFqnQ;https://youtu.be/OeNoiZCrSx0
us:place:1882052,Waynetown town,Indiana,waynetown.net,https://waynetown.net/ -> https://www.waynetown.net/ -> http://waynetown.net/ -> http://www.waynetown.net/ -> https://waynetown.net/town-council/ -> https://waynetown.net/town-council-meeting-minutes/ -> https://waynetown.net/welcome-to-waynetown/town-council-meeting-minutes-1-15-2025/ -> https://waynetown.net/waynetown-minutes-february-12-2025/ -> https://waynetown.net/wp-content/uploads/2025/08/Minutes-08-07-2025-Special-Town-Council-Meeting.pdf -> https://waynetown.net/wp-content/uploads/2026,,5,yes,https://www.youtube.com/@waynetownindiana
us:place:2456375,North Brentwood town,Maryland,northbrentwood.com,https://northbrentwood.com/ -> http://northbrentwood.com/ -> http://www.northbrentwood.com/ -> https://www.northbrentwood.com/meeting-agendas -> https://www.northbrentwood.com/event-details/town-meeting-mon-oct-5 -> https://www.northbrentwood.com/mayor-town-officials -> https://www.northbrentwood.com/media-coverage -> https://www.wusa9.com/article/news/politics/march-on-washington/city-councilman-hopes-to-inspire-daughter-with-march-to-washington/65-a06ec7c6-6a0e-4c68-96ac-21550617fe54?fbclid=Iw,,29,yes,https://www.youtube.com/@TownofNorthBrentwood
us:place:2612260,Byron village,Michigan,byrontwpmi.gov,https://byrontwpmi.gov/ -> https://www.byrontwpmi.gov/ -> http://byrontwpmi.gov/ -> http://www.byrontwpmi.gov/ -> https://byrontwpmi.gov/news_detail_T29_R70.php -> https://byrontwpmi.gov/news_detail_T29_R67.php -> https://byrontwpmi.gov/news_detail_T29_R64.php -> https://byrontwpmi.gov/Supervisor/Application for Boards and Commissions.pdf -> https://byrontwpmi.gov/2026 Board and Commissions for Packet.xlsx -> https://byrontwpmi.gov/government/township_board/index.php -> https://byrontwpmi.gov/go,,13,no,
us:county:53035,Kitsap County,Washington,kitsap.gov,https://kitsap.gov/ -> https://www.kitsap.gov/ -> http://kitsap.gov/ -> http://www.kitsap.gov/ -> https://kitsap.gov/pages/CountyNews.aspx?FilterField1=ID&FilterValue1=716 -> https://agendasuite.org/iip/kitsap -> https://kitsap.gov/dcd/Pages/HearingExaminer.aspx -> https://vimeo.com/kitsap -> https://kitsap.gov/BOC_p/Pages/default.aspx -> https://bremerton.vod.castus.tv/vod/?nav=programs%2FKitsap%20County%20Commissioners -> https://kitsap.gov/BOC_p/Pages/About-the-Board.aspx -> https://kitsap.go,,12,yes,https://www.youtube.com/channel/UC7IKp5zgIQQDMKimlhlR_TA
us:place:1857114,Osceola town,Indiana,lmichiana.com,https://osceola.in.gov/ -> http://osceola.in.gov/ -> http://www.osceola.in.gov/ -> https://www.osceola.in.gov/council -> https://www.osceola.in.gov/recording -> https://www.osceola.in.gov/s/Aug-min-signed.pdf -> https://www.osceola.in.gov/s/BRN94DDF828913A_006360.pdf -> https://www.osceola.in.gov/s/BRN94DDF828913A_006632.pdf,,2,no,
us:place:1741742,Lake Zurich village,Illinois,volz.org,https://lakezurich.org/ -> https://www.lakezurich.org/ -> http://lakezurich.org/ -> http://www.lakezurich.org/ -> https://lakezurich.org/101/Agendas-Minutes -> https://il-lakezurich2.civicplus.com/Archive.aspx?AMID=41 -> https://lakezurich.org/260,,7,no,
us:place:2726576,Hallock city,Minnesota,hallockmn.org,https://hallockmn.org/ -> https://www.hallockmn.org/ -> http://hallockmn.org/ -> http://www.hallockmn.org/ -> https://hallockmn.org/city-council-2/ -> https://hallockmn.org/city-council/ -> https://hallockmn.org/city-council-agenda-minutes/ -> https://hallockmn.org/wp-content/uploads/2025/12/2025.10.06-Agena.pdf -> https://hallockmn.org/wp-content/uploads/2026/01/2025.12.01-Minuted.pdf -> https://acrobat.adobe.com/id/urn:aaid:sc:VA6C2:9d622d40-d64d-4080-a0e7-9cce2dfa0ddc -> https://hallockmn.org,,6,yes,https://www.youtube.com/embed/xgfytJNcHN4?feature=oembed&autoplay=0&loop=0&rel=0&controls=1&showinfo=1&mute=0&wmode=opaque&enablejsapi=1
us:sd:3020850,Plains K-12 Schools,Montana,plainsschools.net,https://plainsschools.net/ -> https://www.plainsschools.net/ -> http://plainsschools.net/ -> http://www.plainsschools.net/ -> https://plainsschools.com/agendas/ -> https://plainsschools.com/current-members/ -> https://plainsschools.com/board-meeting-recordings/ -> https://plainsschools.com/board-minutes/ -> https://plainsschools.com/committee-meetings/ -> https://plainsschools.com/calendar/ -> https://plainsschools.com/wp-content/plugins/pdf-viewer-for-elementor/assets/pdfjs/web/viewer.html?file,,1,no,
us:place:5555550,Nashotah village,Wisconsin,nashotah-wi.gov,https://nashotah-wi.gov/ -> http://nashotah-wi.gov/ -> http://www.nashotah-wi.gov/ -> https://www.nashotah-wi.gov/index.asp?Type=B_EV&SEC={1925350A-5E32-4C57-B486-2D735F50DC99}&DE={C951D499-0B5F-4743-A1AE-0B42469D815F} -> https://www.nashotah-wi.gov/index.asp?Design=PrintView -> https://www.nashotah-wi.gov/index.asp?Type=B_BASIC&SEC={D8A6C695-BA35-44F5-91D7-601A276BC4AD} -> https://www.nashotah-wi.gov/index.asp?Type=B_BASIC&SEC={9FD29645-66EB-42AF-89C2-850E1A8A19BD} -> https://www.nashotah-wi.go,,2,yes,https://www.youtube.com/watch?v=cy8eWW7ji5U
us:place:3434890,Jamesburg borough,New Jersey,jamesburgborough.org,https://jamesburgborough.org/ -> https://www.jamesburgborough.org/ -> http://jamesburgborough.org/ -> http://www.jamesburgborough.org/ -> https://jamesburgborough.org/government/borough_council/index.php -> https://jamesburgborough.org/government/borough_council/meeting_dates.php -> https://jamesburgborough.org/government/land_use_board/index.php -> https://jamesburgborough.org/government/borough_council/agendas_&_minutes.php -> https://jamesburgborough.org/government/borough_council/government/,,16,no,
us:place:1985260,Whittemore city,Iowa,whittemoreiowa.com,https://whittemoreiowa.com/ -> https://www.whittemoreiowa.com/ -> http://whittemoreiowa.com/ -> http://www.whittemoreiowa.com/ -> https://whittemoreiowa.com/citycouncil.php -> https://whittemoreiowa.com/newsarticle.php?id=17 -> https://whittemoreiowa.com/newsarticle.php?id=16 -> https://whittemoreiowa.com/viewcalendarevent.php?event=917 -> https://whittemoreiowa.com/viewcalendarevent.php?event=918 -> https://whittemoreiowa.com/viewcalendarevent.php?event=919 -> https://www.whittemoreiowa.com/cit,,8,no,
us:place:1868220,Schererville town,Indiana,schererville.org,https://schererville.org/ -> http://schererville.org/ -> http://www.schererville.org/ -> https://www.schererville.org/egov/apps/document/center.egov?view=item&id=1426 -> https://www.schererville.org/egov/apps/document/center.egov?view=item&id=1314 -> https://www.schererville.org/egov/apps/document/center.egov?view=item&id=1321 -> https://www.schererville.org/egov/apps/events/calendar.egov?view=detail;id=1394 -> https://www.schererville.org/egov/apps/events/calendar.egov?view=detail&id=1394 -> ht,,12,yes,https://www.youtube.com/channel/UCoxz09t76g7chCR_LUudh2g
,Délı̨nę,Northwest Territories,dwgpa.gov,https://dwgpa.gov/ -> https://www.dwgpa.gov/ -> http://dwgpa.gov/ -> http://www.dwgpa.gov/ -> https://dwgpa.gov/agendas-minutes -> https://dwgpa.gov/boards -> https://dwgpa.gov/committees -> https://dwgpa.gov/events -> https://dwgpa.gov/news-and-notices/july-25-waste-authority-household-hazardous-waste-collection-event -> https://dwgpa.gov/news-and-notices/dwg-borough-council-work-session-is-canceled-monday-july-20-2026 -> https://www.dwgpa.gov/agendas-minutes -> https://www.dwgpa.gov/boards -> ,,9,yes,https://youtu.be/1y3vBsV9oEk?Mode2=Video
us:cousub:3401519180,East Greenwich Township,New Jersey,www.eastgreenwichnj.com,https://eastgreenwichnj.com/ -> https://www.eastgreenwichnj.com/ -> http://eastgreenwichnj.com/ -> http://www.eastgreenwichnj.com/ -> https://www.eastgreenwichnj.com/government/meet-our-township-committee/board-of-health -> https://www.eastgreenwichnj.com/government/meet-our-township-committee/environmental-commission -> https://www.eastgreenwichnj.com/government/township-meetings -> https://www.eastgreenwichnj.com/government/meet-our-township-committee/boards-commissions -> https://www.eastgree,,4,yes,https://www.youtube.com/watch?v=To_oOyvCIoc
us:place:3413810,Closter borough,New Jersey,closterboro.com,"https://closterboro.com/ -> http://closterboro.com/ -> http://www.closterboro.com/ -> https://www.closterboro.com/documents/agendas-&-minutes/meeting-agendas/mayor-and-council-meeting-agendas/2024/mayor-and-council-meeting-documents---december-23,-2024-special/736453 -> https://www.closterboro.com/page/mayor-council -> https://www.closterboro.com/page/board-of-health-vital-statistics -> https://www.closterboro.com/page/board-of-ethics -> https://www.closterboro.com/documents/agendas-%26-minutes/",,17,no,
us:place:1817002,Dayton town,Indiana,dayton.in.gov,https://dayton.in.gov/ -> https://www.dayton.in.gov/ -> http://dayton.in.gov/ -> http://www.dayton.in.gov/ -> https://dayton.in.gov/news-detail?item_id=19829 -> https://dayton.in.gov/town-council -> https://dayton.in.gov/council-and-utility-board-agendas -> https://dayton.in.gov/meeting-agendas-and-minutes -> https://dayton.in.gov/redevelopment-commission-agendas -> https://dayton.in.gov/council-and-utility-board-minutes -> https://dayton.in.gov/documents/586/7-21-2026_Town_Council_Meeting_Minut,,16,yes,https://www.youtube.com/@DaytonIndiana
us:place:5509925,Brodhead city,Wisconsin,cityofbrodheadwi.gov,https://cityofbrodheadwi.gov/ -> https://www.cityofbrodheadwi.gov/ -> http://cityofbrodheadwi.gov/ -> http://www.cityofbrodheadwi.gov/agendas_minutes/city_council.php -> http://www.cityofbrodheadwi.gov/government/departments/elected_officials.php -> http://www.cityofbrodheadwi.gov/agendas_minutes/bid_(business_improvement_district)_board.php -> http://www.cityofbrodheadwi.gov/agendas_minutes/index.php -> http://www.cityofbrodheadwi.gov/agendas_minutes/agendas_minutes/city_council.php -> http://w,,3,no,
us:place:2744422,Motley city,Minnesota,cityofmotley.com,https://cityofmotley.com/ -> https://www.cityofmotley.com/ -> http://cityofmotley.com/ -> http://www.cityofmotley.com/ -> https://cityofmotley.com/news-and-notices/commercial-facade-improvement-grants -> https://cityofmotley.com/mayor-city-council -> https://cityofmotley.com/meetings -> https://cityofmotley.com/events -> https://cityofmotley.com/city-directory -> https://www.cityofmotley.com/news-and-notices/commercial-facade-improvement-grants -> https://www.cityofmotley.com/mayor-city-council ,,15,yes,https://www.youtube.com/@cityofmotley
us:place:3575640,Sunland Park city,New Mexico,sunlandpark-nm.gov,https://sunlandpark-nm.gov/ -> http://sunlandpark-nm.gov/ -> http://www.sunlandpark-nm.gov/ -> https://events.sunlandpark-nm.gov/ -> https://events.sunlandpark-nm.gov/publicmeetings -> https://events.sunlandpark-nm.gov/publicmeetings/Detail/2026-10-28-1730-Planning-and-Zoning-Meeting -> https://events.sunlandpark-nm.gov/publicmeetings/Detail/2026-10-20-1730-City-Council-Meeting -> https://events.sunlandpark-nm.gov/publicmeetings/Detail/2026-10-14-1730-Planning-and-Zoning-Meeting -> https://www.s,,23,no,
us:sd:0636800,Sierra Sands Unified School District,California,ssusd.org,https://ssusd.org/ -> http://ssusd.org/ -> http://www.ssusd.org/ -> https://www.ssusd.org/o/ssusd/page/2025-2026-board-packets-and-information -> https://www.ssusd.org/o/ssusd/page/board -> https://www.ssusd.org/page/board -> https://www.ssusd.org/o/ssusd/page/2026-2027-board-packets-and-information -> https://simbli.eboardsolutions.com/SB_Meetings/ViewMeeting.aspx?S=36030200&MID=87320 -> https://simbli.eboardsolutions.com/SB_Meetings/ViewMeeting.aspx?S=36030200&MID=59774 -> https://simbli.eboar,,46,yes,https://www.youtube.com/channel/UCJSl8r7VImsDGyrUso0pgxA/live;https://www.youtube.com/c/sierrasandsunifiedschooldistrict
us:place:3149635,Union village,Nebraska,unionnebraska.com,https://unionnebraska.com/ -> https://www.unionnebraska.com/ -> http://unionnebraska.com/ -> http://www.unionnebraska.com/ -> https://unionnebraska.com/index.php/village-office/minutes -> https://unionnebraska.com/index.php/village-office/minutes/832-village-of-union-meeting-minutes-august-12-2026 -> https://unionnebraska.com/index.php -> https://unionnebraska.com/index.php/newsletter -> https://unionnebraska.com/index.php/newsletter/835-union-community-newsletter-september-30-2026 -> https://un,,2,yes,https://www.youtube.com/embed/GJS3PuS_qHM?si=k0rHW0BRRuBnvz6a;https://www.youtube.com/embed/dJAnzXX04Fs?si=8GoSjGsx6u_4n06E
us:place:3713980,Columbus town,North Carolina,columbusnc.com,https://columbusnc.com/ -> https://www.columbusnc.com/ -> http://columbusnc.com/ -> http://www.columbusnc.com/ -> https://columbusnc.com/town_government/mayor___council.php -> https://columbusnc.com/town_government/agendas___minutes.php -> https://columbusnc.com/town_government/town_government/mayor___council.php -> https://columbusnc.com/town_government/Documents/Town Government/Agendas & Minutes/2022/Agendas/Agenda_Town_Council_Meeting_8.18.22.pdf?t=202309050542000 -> https://columbusnc.com/to,,4,no,
us:place:4838800,Kempner city,Texas,kempnertx.gov,https://kempnertx.gov/ -> https://www.kempnertx.gov/ -> http://kempnertx.gov/ -> http://www.kempnertx.gov/ -> https://kempnertx.gov/council-%26-staff -> https://kempnertx.gov/notice-of-possible-quorum -> https://kempnertx.gov/employment-with-the-city -> https://kempnertx.gov/kempner-city-park -> https://kempnertx.gov/city-hall-construction -> https://kempnertx.gov/city-policies,,2,no,
us:place:4829408,Gholson city,Texas,cityofgholson.gov,https://cityofgholson.gov/ -> https://www.cityofgholson.gov/ -> http://cityofgholson.gov/ -> http://www.cityofgholson.gov/ -> https://cityofgholson.gov/news-and-notices/fall-clean-up-coming-in-october -> https://cityofgholson.gov/news-and-notices/join-the-planning-zoning-commission -> https://cityofgholson.gov/city-council -> https://cityofgholson.gov/meetings -> https://cityofgholson.gov/live-stream -> https://cityofgholson.gov/events -> https://www.cityofgholson.gov/news-and-notices/fall-clean,,6,yes,https://www.youtube.com/channel/UCFPHdWwso6gQB3aYEqKnJRQ
ca:csd:4806029,Carstairs,Alberta,carstairs.ca,https://carstairs.ca/ -> https://www.carstairs.ca/ -> http://carstairs.ca/ -> http://www.carstairs.ca/ -> https://carstairs.ca/p/video-and-photo-gallery -> https://carstairs.ca/p/mayor-and-council -> https://carstairs.ca/p/municipal-planning-commission -> https://carstairs.ca/p/agendas-and-minutes -> https://carstairs.ca/p/add-notice -> https://carstairs.ca/p/add-event -> https://carstairs.ca/p/inside-town-hall- -> https://carstairs.ca/p/upcoming-events -> https://carstairs.ca/p/annual-events,,8,yes,http://youtu.be/YrkHukeFJac;http://youtu.be/rNSDE6kUMe8;http://youtu.be/MnCTtgfHzME
us:county:46125,Turner County,South Dakota,turner.sdcounties.org,https://turner.sdcounties.org/ -> http://turner.sdcounties.org/ -> https://turner.sdcounties.org/commission.html -> https://turner.sdcounties.org/auditor.html -> https://turner.sdcounties.org/uploads/1/4/4/2/144282440/commissioner_meeting_agenda_request.pdf -> https://turner.sdcounties.org/clerk-of-courts.html -> https://turner.sdcounties.org/equalization.html -> https://turner.sdcounties.org/emergency-mgmt.html -> https://turner.sdcounties.org/extension-office.html -> https://turner.sdcounties.,,2,yes,https://www.youtube.com/embed/w32RcCnDWfU?wmode=opaque
us:cousub:2302542660,Madison town,Maine,madisonmaine.com,https://madisonmaine.com/ -> https://www.madisonmaine.com/ -> http://madisonmaine.com/ -> http://www.madisonmaine.com/ -> https://madisonmaine.com/index.php/26-live/government/boards-committees/board-of-selectmen/37-madison-s-board-of-selectmen -> https://madisonmaine.com/index.php/government/boards-committees -> https://madisonmaine.com/index.php/government/boards-committees/2-uncategorised/237-madison-public-library-board-of-trustees -> https://madisonmaine.com/index.php/government/public-safe,,5,yes,http://www.youtube.com/watch?v=8QGzWEvWMBI
us:county:01075,Lamar County,Alabama,lamarcountyal.gov,https://lamarcountyal.gov/ -> https://www.lamarcountyal.gov/ -> http://lamarcountyal.gov/ -> http://www.lamarcountyal.gov/ -> https://lamarcountyal.gov/commission/ -> https://lamarcountyal.gov/community-events/ -> https://lamarcountyal.gov/fy-2025-2026-county-budgets/ -> https://lamarcountyal.gov/lamar-county-alabama-job-announcements/ -> https://www.lamarcountyal.gov/fy-2025-2026-county-budgets -> https://lamarcountyal.gov/fy-2026-county-transportation-plan/ -> https://lamarcountyal.gov/history,,4,yes,https://www.youtube.com/@LamarCommission
us:place:1859364,Petersburg city,Indiana,petersburg.in.gov,https://petersburg.in.gov/ -> http://petersburg.in.gov/ -> https://www.petersburg.in.gov/city-officials -> http://www.petersburg.in.gov/city-officials,,3,yes,https://www.youtube.com/@cityofpetersburg-townhall/streams
us:place:2736728,Lester Prairie city,Minnesota,lesterprairiemn.us,https://lesterprairiemn.us/ -> http://lesterprairiemn.us/ -> http://www.lesterprairiemn.us/ -> https://www.lesterprairiemn.us/page/2607 -> https://www.lesterprairiemn.us/page/2480 -> https://www.lesterprairiemn.us/page/2563 -> https://www.lesterprairiemn.us/page/2601 -> https://www.lesterprairiemn.us/page/2598 -> https://www.lesterprairiemn.us/page/2534 -> https://www.lesterprairiemn.us/page/2661 -> https://www.lesterprairiemn.us/page/2463,,12,no,
ca:csd:2404005,Sainte-Madeleine-de-la-Rivière-Madeleine,Quebec,www.stemadeleine.ca,https://stemadeleine.ca/ -> https://www.stemadeleine.ca/ -> http://stemadeleine.ca/ -> http://www.stemadeleine.ca/ -> https://stemadeleine.ca/location-de-salle/,,9,yes,https://www.youtube.com/embed/vQ0DzL2mGDE?pip=1&playsinline=1&start=38
us:place:1775549,Tiskilwa village,Illinois,tiskilwa.gov,https://tiskilwa.gov/ -> https://www.tiskilwa.gov/ -> http://tiskilwa.gov/ -> http://www.tiskilwa.gov/ -> https://tiskilwa.gov/agendas-minutes -> https://tiskilwa.gov/citizens-of-the-year -> https://tiskilwa.gov/events/ -> https://tiskilwa.gov/events -> https://www.tiskilwa.gov/agendas-minutes -> https://www.tiskilwa.gov/citizens-of-the-year -> https://www.tiskilwa.gov/events,,9,yes,https://www.youtube.com/embed/iPQOK14ViM8
ca:csd:3548069,Temagami,Ontario,www.temagami.ca,https://temagami.ca/ -> http://temagami.ca/ -> http://www.temagami.ca/ -> https://www.temagami.ca/experience/emergency-services -> https://www.temagami.ca/municipal-government/mayor-council -> https://www.temagami.ca/municipal-government/council-proceedings -> https://www.temagami.ca/municipal-government/council-proceedings/council-and-committee-meetings -> https://www.temagami.ca/municipal-government/committees-and-boards -> https://www.temagami.ca/municipal-government/committees-and-boards/cem,,2,yes,https://www.youtube.com/embed/flWQh2O_-Kc?si=OqBU1HwZtJsa18CZ
us:place:3959052,Ottoville village,Ohio,villageofottoville.org,https://villageofottoville.org/ -> http://villageofottoville.org/ -> http://www.villageofottoville.org/ -> https://www.villageofottoville.org/village-government/board-of-public-affairs -> https://www.villageofottoville.org/village-government/council -> https://www.villageofottoville.org/village-government/zoning-board -> https://www.villageofottoville.org/village-government/council-minutes -> https://www.villageofottoville.org/village-government/council-minutes?download=705:minutes-2004 -> https,,6,no,
us:place:3866020,Regent city,North Dakota,regentnorthdakota.com,https://hettingercountynd.com/ -> https://www.hettingercountynd.com/ -> http://hettingercountynd.com/ -> http://www.hettingercountynd.com/ -> https://hettingercountynd.com/news_detail_T28_R50.php -> https://ndnewengland.com/ -> https://ndnewengland.com/city-meetings/ -> https://ndnewengland.com/wp-content/uploads/2025/01/January-2025-Minut.docx -> https://ndnewengland.com/city-meetings/2019minutes/ -> https://ndnewengland.com/city-meetings/2024-city-meetings/ -> https://ndnewengland.com/wp-login,,8,no,
us:place:3620313,Depew village,New York,depewny.gov,https://depewny.gov/ -> http://depewny.gov/ -> http://www.depewny.gov/ -> https://www.depewny.gov/event/100032/october-8-2026-planning-board-meeting -> https://www.depewny.gov/calendar/list -> https://www.depewny.gov/village-board -> https://www.depewny.gov/file-library.php -> https://www.depewny.gov/departments/boards-commissions/planning-board -> https://www.depewny.gov/departments/boards-commissions/zoning-board -> https://www.depewny.gov/departments/boards-commissions -> https://www.depewny.,,14,yes,https://www.youtube.com/channel/UC49HKxiYTy39-THIQN7QldA
us:place:1714286,Christopher city,Illinois,cityofchristopher.org,https://cityofchristopher.org/ -> https://www.cityofchristopher.org/ -> http://cityofchristopher.org/ -> http://www.cityofchristopher.org/ -> https://cityofchristopher.org/city -> https://cityofchristopher.org/calendar -> https://cityofchristopher.org/events,,11,no,
ca:csd:2429112,Saint-Éphrem-de-Beauce,Quebec,www.saint-ephrem.com,https://saint-ephrem.com/ -> http://saint-ephrem.com/ -> http://www.saint-ephrem.com/ -> https://www.saint-ephrem.com/pages/version-video-des-seances,,3,yes,https://www.youtube.com/watch?v=SsbRKMtt1tE
us:sd:4635480,Huron School District 02-2,South Dakota,huron.k12.sd.us,https://huron.k12.sd.us/ -> http://huron.k12.sd.us/ -> http://www.huron.k12.sd.us/ -> https://www.huron.k12.sd.us/activities/student-council/ -> https://www.huron.k12.sd.us/district/board-education/ -> https://www.huron.k12.sd.us/district/board-policies/ -> https://www.huron.k12.sd.us/watch-school-board-meetings/ -> https://www.huron.k12.sd.us/watch-school-board-meetings/www.hsdfoundation.com -> https://www.huron.k12.sd.us/district/hsdfoundation/board-members/ -> https://www.huron.k12.sd.us/dist,,9,no,
us:place:3466240,Sea Bright borough,New Jersey,seabrightnj.org,https://seabrightnj.org/ -> https://www.seabrightnj.org/ -> http://seabrightnj.org/ -> http://www.seabrightnj.org/ -> https://www.seabrightnj.org/sbnj/Government/Borough%20Council/ -> https://www.seabrightnj.org/sbnj/Government/Meeting%20Recordings/ -> https://www.seabrightnj.org/sbnj/Government/Unified%20Planning%20Board/ -> https://www.seabrightnj.org/sbnj/Government/Unified%20Planning%20Board/Meeting%20Podcasts/ -> https://www.seabrightnj.org/sbnj/Government/Unified%20Planning%20Board/Meeting,,3,yes,https://www.youtube.com/c/Podbeancom
us:place:3914254,Chippewa Lake village,Ohio,chippewalake.net,https://chippewalake.net/ -> https://www.chippewalake.net/ -> http://chippewalake.net/ -> http://www.chippewalake.net/ -> https://chippewalake.net/minutes/ -> https://chippewalake.net/my-calendar/ -> https://chippewalake.net/mc-events/porch-rocker-boomer-330/ -> https://chippewalake.net/mc-events/free-community-meal/?mc_id=700 -> https://chippewalake.net/mc-events/fall-festival-2/ -> https://chippewalake.net/feed/my-calendar-ics/?dy=1&month=9&nmonth=10&nyr=2026&time=month&yr=2026 -> https://chip,,7,yes,https://www.youtube.com/channel/UCr0oq0o7G1_fDaYcJuc6q0A/featured
us:place:4002050,Anadarko city,Oklahoma,cityofanadarko.org,https://cityofanadarko.org/ -> https://www.cityofanadarko.org/ -> http://cityofanadarko.org/ -> http://www.cityofanadarko.org/ -> https://cityofanadarko.org/news_detail_T38_R86.php -> https://cityofanadarko.org/news_detail_T38_R79.php -> https://cityofanadarko.org/government/mayor_and_council/index.php,,4,no,
us:cousub:3606350232,Newfane town,New York,townofnewfaneny.gov,https://townofnewfaneny.gov/ -> https://www.townofnewfaneny.gov/ -> http://townofnewfaneny.gov/ -> http://www.townofnewfaneny.gov/ -> https://townofnewfaneny.gov/ToN/notices/index.html#features10-5g -> https://townofnewfaneny.gov/ToN/boarddocs -> https://townofnewfaneny.gov/TownMinutes/2025/Oct25/10-22-25 TOWN BOARD MEETING MINUTES.pdf -> https://townofnewfaneny.gov/TownMinutes/2025/Nov25/11-25-25 TOWN BOARD MEETING MINUTES.pdf -> https://townofnewfaneny.gov/ToN/boarddocs/2026/Apr26/4%2022%20202,,9,yes,https://www.youtube.com/channel/UCN3FplODPLUGtdcx-T3nniQ
us:place:1950700,Mechanicsville city,Iowa,cityofmechanicsville.net,https://cityofmechanicsville.net/ -> https://www.cityofmechanicsville.net/ -> http://cityofmechanicsville.net/ -> http://www.cityofmechanicsville.net/ -> https://cityofmechanicsville.net/Minutes.htm -> https://cityofmechanicsville.net/City%20Officials%20and%20Committees.htm -> https://cityofmechanicsville.net/index.html -> https://cityofmechanicsville.net/Agenda.htm -> https://cityofmechanicsville.net/pdfs/Program Committees 2018.pdf -> https://cityofmechanicsville.net/church1.html -> https://ci,,12,no,
ca:csd:2473030,Bois-des-Filion,Quebec,villebdf.ca,https://villebdf.ca/ -> https://www.villebdf.ca/ -> http://villebdf.ca/ -> http://www.villebdf.ca/ -> https://villebdf.ca/location-salles -> https://villebdf.ca/wp-content/uploads/2026/09/Conditions-et-reglements-location-de-salle-Ville-de-Bois-des-Filion.pdf -> https://villebdf.ca/location-salles-maintenant-disponible,,7,yes,https://www.youtube.com/channel/UCmJyXgEOZb3oOSggmrDym_w
ca:csd:1001557,Bay Bulls,Newfoundland and Labrador,townofbaybulls.com,https://townofbaybulls.com/ -> http://townofbaybulls.com/ -> http://www.townofbaybulls.com/ -> https://www.townofbaybulls.com/video-reel,,12,yes,https://www.youtube.com/results?search_query=bay+bulls+newfoundland;https://www.youtube.com/embed/iaeT4Jb_HK4?wmode=transparent&autoplay=0&mute=0&theme=dark&controls=1&autohide=0&loop=0&showinfo=1&rel=0&enablejsapi=0
us:cousub:2608175440,Sparta Township,Michigan,www.sparta-township.com,https://www.sparta-township.com/ -> http://www.sparta-township.com/ -> https://www.youtube.com/channel/UCu9bOagfR6m02k7rdmX3TLA -> https://spartatownship.org/boards-commissions.php -> https://spartatownship.org/documents/Special_Meeting_of_the_Sparta_Township_Board_Elevator_Grant_Approval_May_5th__2026____52n31.pdf -> https://spartatownship.org/documents/Meeting_of_Sparta_Township_Board_12_11_6KIMG.docx -> https://spartatownship.org/event-calendar.php -> https://spartatownship.org/index.php -> h,https://www.youtube.com/channel/UCu9bOagfR6m02k7rdmX3TLA,3,no,
us:place:3965032,Put-in-Bay village,Ohio,villageofpib.com,https://villageofpib.com/ -> http://villageofpib.com/ -> http://www.villageofpib.com/ -> https://www.villageofpib.com/planning-commission/ -> https://www.villageofpib.com/village-council/ -> https://www.villageofpib.com/notices -> https://www.villageofpib.com/council-minutes/ -> https://www.villageofpib.com/wp-content/uploads/2024/01/Special-Meeting-May-18th-2020-.pdf -> https://www.villageofpib.com/wp-content/uploads/2025/10/Special-Meeting-July-28th-2025-Minutes-1.pdf -> https://www.villageofp,,7,yes,https://www.youtube.com/watch?v=JBR80lzbBAg
us:county:21149,McLean County,Kentucky,mcleancounty.ky.gov,https://mcleancounty.ky.gov/ -> https://www.mcleancounty.ky.gov/ -> http://mcleancounty.ky.gov/ -> http://www.mcleancounty.ky.gov/ -> https://mcleancounty.ky.gov/planning-and-zoning-commission -> https://mcleancounty.ky.gov/myer-creek-park-board -> https://mcleancounty.ky.gov/battlefield-park-board -> https://mcleancounty.ky.gov/meetings -> https://mcleancounty.ky.gov/portal -> https://mcleancounty.ky.gov/calendar,,2,yes,https://m.youtube.com/channel/UCuL4WC88IyZTlZBPPmPKlqQ
us:place:1857726,Palmyra town,Indiana,townofpalmyra.com,https://townofpalmyra.com/ -> https://www.townofpalmyra.com/ -> http://townofpalmyra.com/ -> http://www.townofpalmyra.com/ -> http://townofpalmyra.com/town-council-meeting-recordings.html -> http://townofpalmyra.com/community-center-calendar.html -> http://townofpalmyra.com/calendar.html -> http://townofpalmyra.com/community-center.html -> http://townofpalmyra.com/home.html -> http://townofpalmyra.com/palmyra-water-works.html -> http://townofpalmyra.com/helpful-tips.html -> http://townofpalmyra.,,7,yes,https://www.youtube.com/@TownofPalmyraIndiana
ca:csd:2496025,Pointe-Lebel,Quebec,www.pointe-lebel.com,https://pointe-lebel.com/ -> https://www.pointe-lebel.com/ -> http://pointe-lebel.com/ -> http://www.pointe-lebel.com/ -> https://pointe-lebel.com/location-de-salles -> https://pointe-lebel.com/videos-des-seances-du-conseil,,3,yes,https://www.youtube.com/watch?v=x4c47VIDPk8
us:place:0843110,Lamar city,Colorado,ci.lamar.co.us,https://ci.lamar.co.us/ -> https://www.ci.lamar.co.us/ -> http://ci.lamar.co.us/ -> http://www.ci.lamar.co.us/ -> https://ci.lamar.co.us/engaging-with-city-council -> https://ci.lamar.co.us/mayor-council -> https://ci.lamar.co.us/city-council-meetings -> https://ci.lamar.co.us/boards-commissions -> https://ci.lamar.co.us/live-in-lamar -> https://ci.lamar.co.us/city-administrator -> https://ci.lamar.co.us/city-clerk -> https://ci.lamar.co.us/city-treasurer -> https://ci.lamar.co.us/2026-city-of-l,,20,yes,https://www.youtube.com/channel/UC49aZD_zLEwZgP9aZlJYICw
ca:csd:4713051,Macklin,Saskatchewan,macklin.ca,https://macklin.ca/ -> https://www.macklin.ca/ -> http://macklin.ca/ -> http://www.macklin.ca/ -> https://macklin.ca/government/mayor_council.html -> https://macklin.ca/living/parks_recreation/halls_meetings.html -> https://macklin.ca/sitemap.html -> https://macklin.ca/government.html -> https://macklin.ca/government/history.html -> https://macklin.ca/government/bylaws.html -> https://macklin.ca/mrws/uploaded_files/dir_0_12/Public%20Notice%20Bylaw.pdf -> https://macklin.ca/events.html -> https:/,,4,no,
us:cousub:3611522656,Easton town,New York,eastonny.gov,https://eastonny.gov/ -> http://eastonny.gov/ -> http://www.eastonny.gov/ -> https://www.eastonny.gov/meetings/index.php -> https://www.eastonny.gov/contact_information/index.php -> https://www.eastonny.gov/meetings/minutes.php -> https://www.eastonny.gov/meetings/meetings/index.php -> https://www.eastonny.gov/meetings/contact_information/index.php -> https://www.eastonny.gov/meetings/Documents Center/Town Board Minutes/2019/Draft-Easton-Town-Board-Meeting-Minutes-August-2019.pdf?t=2020012708493,,6,no,
us:place:3657177,Penn Yan village,New York,villageofpennyan.gov,https://villageofpennyan.gov/ -> http://villageofpennyan.gov/ -> https://www.villageofpennyan.gov/historic-preservation-commission.html -> https://www.villageofpennyan.gov/municipal-board.html -> https://www.villageofpennyan.gov/planning-board.html -> https://ecode360.com/PE0096/documents/Minutes -> https://ecode360.com/docs/TOS.html -> https://www.villageofpennyan.gov/meetings.html -> https://www.villageofpennyan.gov/uploads/1/2/3/8/123892065/meeting_schedule_of_boards___committees_2026-2027.pd,,6,no,
us:county:48477,Washington County,Texas,washingtoncountytx.gov,https://washingtoncountytx.gov/ -> https://www.washingtoncountytx.gov/ -> http://washingtoncountytx.gov/ -> http://www.washingtoncountytx.gov/ -> https://www.co.washington.tx.us/page/washington.BailBond -> https://www.co.washington.tx.us/page/washington.WCHC -> https://www.co.washington.tx.us/upload/common/2024/Events_that_require_a_permit_in_Washington_County.pdf -> https://www.co.washington.tx.us/page/washington.Commissioners.Court -> https://www.co.washington.tx.us/upload/page/0952/Notice of ,,8,yes,https://www.youtube.com/@washingtoncountytx
ca:csd:4703036,Assiniboia,Saskatchewan,assiniboia.net,https://assiniboia.net/ -> https://www.assiniboia.net/ -> http://assiniboia.net/ -> http://www.assiniboia.net/ -> https://assiniboia.net/visit_us/meeting_rooms.html -> https://assiniboia.net/recreation/arts_culture/assiniboia_district_arts_council.html -> https://assiniboia.net/town_office/council_governance/council_.html -> https://assiniboia.net/town_office/council_governance/council_meeting_agendas_minutes.html -> https://assiniboia.net/town_office/council_governance/bylaws.html -> https://as,,5,yes,https://www.youtube.com/embed/afRRyozTPjE?si=L3fPucFIX0vsQBYL
ca:csd:3530004,North Dumfries,Ontario,www.northdumfries.ca,https://northdumfries.ca/ -> http://northdumfries.ca/ -> http://www.northdumfries.ca/ -> https://www.northdumfries.ca/township-services/municipal-elections/ -> https://www.northdumfries.ca/news/posts/notice-elevator-at-township-office-106-earl-thompson-road/ -> https://www.northdumfries.ca/news/posts/cancelled-special-council-for-august-31-2026/ -> https://calendar.northdumfries.ca/council/Index -> https://calendar.northdumfries.ca/council/Detail/2026-12-14-1800-Combined-Council-Meeting-and-Publ,,62,yes,https://www.youtube.com/channel/UCx75jn_SCZLztI1nA6oIHYg;https://youtube.com/live/CEkHTRadWDo?feature=share
us:place:1712528,Chapin village,Illinois,villageofchapin.com,https://villageofchapin.com/ -> https://www.villageofchapin.com/ -> http://villageofchapin.com/ -> http://www.villageofchapin.com/ -> https://villageofchapin.com/village-council.html -> https://villageofchapin.com/agendas---meeting-minutes.html -> https://villageofchapin.com/home.html -> https://www.villageofchapin.com/agendas---meeting-minutes.html -> https://www.villageofchapin.com/practice-areas.html -> https://www.villageofchapin.com/attorneys.html -> https://villageofchapin.com/practice-are,,2,yes,https://www.youtube.com/channel/UC3RTRhV0l8ga1GA6-nb3rHg
us:county:08071,Las Animas County,Colorado,lasanimascounty.net,https://lasanimascounty.net/ -> https://www.lasanimascounty.net/ -> http://lasanimascounty.net/ -> http://www.lasanimascounty.net/ -> https://lasanimascounty.colorado.gov/news/recently-placed-asphalt-on-crs-130-s-and-319 -> https://lasanimascounty.colorado.gov/news/stage-ii-fire-restrictions -> https://lasanimascounty.colorado.gov/news/public-notice-solicitation-of-letters-of-interest-for-service-as-a-member-or-alternate-member -> https://lasanimascounty.colorado.gov/elected-officials/clerk-and-,,2,no,
us:place:3612111,Canajoharie village,New York,canjo.gov,"https://canjo.gov/ -> https://www.canjo.gov/ -> http://canjo.gov/ -> http://www.canjo.gov/ -> https://canjo.gov/news_detail_T28_R36.php -> https://canjo.gov/minutes_agendas.php -> https://canjo.gov/village_boards.php -> https://canjo.gov/board_of_ethics.php -> https://canjo.gov/zoning_board.php -> https://canjo.gov/index.php -> https://canjo.gov/July 7, 2026 Meeting Minutes.pdf?t=202607161048160 -> https://canjo.gov/June 30, 2026 Meeting Minutes.pdf?t=202608180814320 -> https://canjo.gov/calenda",,10,no,
us:sd:2715750,Jordan Public School District,Minnesota,jordan.k12.mn.us,https://www.jordan.k12.mn.us/ -> http://www.jordan.k12.mn.us/ -> https://www.isd717.org/about-us/school-board -> https://www.isd717.org/get-involved/aipac -> https://www.isd717.org/get-involved/special-education-advisory-council -> https://www.isd717.org/about-us/school-board/board-calendar -> https://www.isd717.org/about-us/school-board/elections-2026 -> https://www.isd717.org/site-map -> https://commed.isd717.org/community-center/jordan-pride-store -> https://commed.isd717.org/events/2026-stat,,40,no,
ca:csd:1001409,Bay Roberts,Newfoundland and Labrador,bayroberts.com,https://bayroberts.com/ -> https://www.bayroberts.com/ -> http://bayroberts.com/ -> http://www.bayroberts.com/ -> https://bayroberts.com/town-council-2/ -> https://bayroberts.com/visitors/location/ -> https://bayroberts.com/event-site-application-form/ -> https://bayroberts.com/town-hall/committees/ -> https://bayroberts.com/town-hall/employees/ -> https://bayroberts.com/town-hall/reportaproblem/ -> https://bayroberts.com/visitors/popular-events/ -> https://bayroberts.com/visitors/popular-events,,36,yes,https://www.youtube.com/user/BayRobertsTown
us:county:48077,Clay County,Texas,co.clay.tx.us,https://co.clay.tx.us/ -> https://www.co.clay.tx.us/ -> http://co.clay.tx.us/ -> http://www.co.clay.tx.us/ -> https://www.claycountytx.net/agenda -> https://www.claycountytx.net/about-5 -> https://www.claycountytx.net/commissioners-court -> https://www.claycountytx.net/legal-notice -> https://www.claycountytx.net/county-judge-2 -> https://www.claycountytx.net/_files/ugd/0fab6b_d4f2972fe87545129461addec06e9482.pdf -> https://texascountiesdeliver.org/county-officials/county-judge-and-county-commis,,25,no,
us:place:2719556,Erhard city,Minnesota,co.otter-tail.mn.us,https://co.otter-tail.mn.us/ -> https://www.co.otter-tail.mn.us/ -> http://co.otter-tail.mn.us/ -> http://www.co.otter-tail.mn.us/ -> https://ottertailcounty.gov/board-documents-search/ -> https://ottertailcounty.gov/event/prairie-lakes-chb-joint-powers-meeting-2026-10-01/ -> https://ottertailcounty.gov/event/pr-ems-ssd-2026-10-05/ -> https://ottertailcounty.gov/ais-public-access/ -> https://ottertailcounty.gov/boards-commissions/board-of-commissioners/ -> https://ottertailcounty.gov/boards-and-,,26,no,
us:place:2762500,Starbuck city,Minnesota,starbuckmn.gov,https://starbuckmn.gov/ -> https://www.starbuckmn.gov/ -> http://starbuckmn.gov/ -> http://www.starbuckmn.gov/ -> https://starbuckmn.gov/index.asp?SEC=9AF164A8-5888-4E17-A24D-522AF4DD5863&DE=E0446AB9-BF2F-4AEF-8FBA-E152C28AA5E6 -> https://starbuckmn.gov/index.asp?SEC=9AF164A8-5888-4E17-A24D-522AF4DD5863&DE=166AAE20-C22D-4A02-AB25-79FA0C95AB63 -> https://starbuckmn.gov/index.asp?SEC=9AF164A8-5888-4E17-A24D-522AF4DD5863&DE=6B285B07-078F-4E3B-BA1A-82C843378DBC -> https://starbuckmn.gov/2025-citycou,,4,yes,https://youtu.be/U7q7ZAHKV7Q?si=WjgOHd3LHAqlz34m
ca:csd:2432033,Princeville,Quebec,princeville.quebec,https://princeville.quebec/ -> https://www.princeville.quebec/ -> http://princeville.quebec/ -> http://www.princeville.quebec/,,5,yes,https://www.youtube.com/channel/UCYVRH-4cu3kMbWAymbTqNvQ;https://www.youtube.com/embed/eMyp9l3qqkQ
us:county:53019,Ferry County,Washington,ferry-county.com,https://ferry-county.com/ -> https://www.ferry-county.com/ -> http://ferry-county.com/ -> http://www.ferry-county.com/ -> https://ferry-county.com/government/board_of_commissioners/index.php -> https://ferry-county.com/government/board_of_commissioners/board_of_equalization.php -> https://ferry-county.com/government/board_of_commissioners/civil_service_commission.php -> https://ferry-county.com/departments/auditor/recording.php -> https://ferry-county.com/departments/auditor/government/board_of_,,16,yes,https://www.youtube.com/channel/UCUbtPKtzP_U0Jvqj9Nw4zRw/featured
us:place:1781802,Williamsfield village,Illinois,williamsfieldil.gov,https://williamsfieldil.gov/ -> https://www.williamsfieldil.gov/ -> http://williamsfieldil.gov/ -> http://www.williamsfieldil.gov/ -> https://williamsfieldil.gov/organizations/youth_council.php -> https://williamsfieldil.gov/about/meeting_minutes.php -> https://williamsfieldil.gov/about/organizations/youth_council.php -> https://williamsfieldil.gov/about/about/meeting_minutes.php -> https://williamsfieldil.gov/about/documents/Meeting Minutes/April 1 2024 Minutes.pdf?t=202603071224500 -> https://,,5,no,
us:place:1825306,Francisco town,Indiana,townoffrancisco.com,https://townoffrancisco.com/ -> https://www.townoffrancisco.com/ -> http://townoffrancisco.com/ -> http://www.townoffrancisco.com/ -> https://www.in.gov/gov -> https://www.in.gov/gov/governors-office/commissions/bail-and-release-review-commission -> https://www.in.gov/gov/governors-residence/support -> https://www.in.gov/gov/governors-office/commissions/indiana-ireland-trade-commission -> https://www.in.gov/gov/newsroom/2026-bill-watch -> https://iga.in.gov/legislative/2026/bills/house/1003/deta,,7,no,
us:place:3452950,Northfield city,New Jersey,cityofnorthfield.org,https://cityofnorthfield.org/ -> http://cityofnorthfield.org/ -> http://www.cityofnorthfield.org/ -> https://www.cityofnorthfield.org/government/council.asp -> https://www.cityofnorthfield.org/government/eco-dev-commission.asp -> https://www.cityofnorthfield.org/government/planning.asp -> https://www.cityofnorthfield.org/main/event.asp?eventid=2648 -> https://www.cityofnorthfield.org/government/committees.asp -> https://www.cityofnorthfield.org/government/council-agendas.asp -> https://www.cityo,,4,yes,https://www.youtube.com/channel/UCeXFs5o-zxg7VHb7RRUZqUA
us:place:0886750,Yuma city,Colorado,cityofyuma.colorado.gov,https://cityofyuma.colorado.gov/ -> http://cityofyuma.colorado.gov/ -> https://cityofyuma.colorado.gov/news-article/special-meeting-spetember-29-2026 -> https://cityofyuma.colorado.gov/news-article/student-leadership-yuma-session-september-23-2026 -> https://cityofyuma.colorado.gov/news-article/city-council-meeting-september-15-2026 -> https://cityofyuma.colorado.gov/committee-appointments -> https://cityofyuma.colorado.gov/city-council -> https://cityofyuma.colorado.gov/agenda-item-comment-form,,1,no,
us:place:1840860,Lagrange town,Indiana,lagrangein.org,https://lagrangein.org/ -> https://www.lagrangein.org/ -> http://lagrangein.org/ -> http://www.lagrangein.org/ -> https://www.in.gov/towns/lagrange/town-hall/town-council -> https://www.in.gov/towns/lagrange/residents/faqs#When_are_Town_Council_Meetings_held_ -> https://www.in.gov/towns/lagrange/meeting-agendas -> https://www.in.gov/towns/lagrange/town-hall/meeting-minutes -> https://www.in.gov/gov -> https://www.in.gov/gov/governors-office/commissions/bail-and-release-review-commission -> https,,18,yes,https://www.youtube.com/@TownofLaGrangeIndiana
us:place:2651660,Marion village,Michigan,mariontwpcvxmi.gov,https://mariontwpcvxmi.gov/ -> https://www.mariontwpcvxmi.gov/ -> http://mariontwpcvxmi.gov/ -> http://www.mariontwpcvxmi.gov/ -> https://www.mariontwpcvxmi.gov/government/planning_commission/index.php -> https://www.mariontwpcvxmi.gov/government/township_officials/agendas___minutes.php -> https://www.mariontwpcvxmi.gov/government/township_officials/government/planning_commission/index.php -> https://www.mariontwpcvxmi.gov/government/township_officials/government/planning_commission/agenda___min,,3,no,
us:cousub:3610543786,Lumberland town,New York,townoflumberland.gov,https://townoflumberland.gov/ -> https://www.townoflumberland.gov/ -> http://townoflumberland.gov/ -> http://www.townoflumberland.gov/ -> https://www.townoflumberland.gov/boards___committees/boards/town_board.php -> https://www.townoflumberland.gov/news___events/public_notices/upcoming_meeting_info.php -> https://www.townoflumberland.gov/boards___committees/index.php -> https://www.townoflumberland.gov/boards___committees/boards___committees/boards/town_board.php -> https://www.townoflumberland.,,34,yes,https://www.youtube.com/channel/UCFQjy7H-Il9BORkHJKL9vNA/
us:county:12043,Glades County,Florida,myglades.com,https://myglades.com/ -> https://www.myglades.com/ -> http://myglades.com/ -> http://www.myglades.com/ -> https://myglades.com/road_watch/index.php -> https://myglades.com/commissioners/agenda___minutes.php -> https://myglades.com/commissioners/commissioners/current_agenda.php -> https://myglades.com/commissioners/commissioners/current_tdc_agenda.php -> https://gladesclerk.com/bocc-meetings/ -> https://gladesclerk.com/clerk-services/clerk-to-board/ -> https://gladesclerk.com/clerk-services/value,,2,no,
us:cousub:2602970920,St. James Township,Michigan,www.stjamestwp.org,https://stjamestwp.org/ -> https://www.stjamestwp.org/ -> http://stjamestwp.org/ -> http://www.stjamestwp.org/ -> https://stjamestwp.org/news_detail_T1_R77.php -> https://stjamestwp.org/alert_detail_T0_R1.php -> https://stjamestwp.org/nav/board_of_trustees/index.php -> https://stjamestwp.org/planning_commission/agendas___minutes.php -> https://stjamestwp.org/planning_commission/alert_detail_T0_R1.php -> https://stjamestwp.org/planning_commission/nav/board_of_trustees/index.php -> https://stjames,,25,no,
us:place:1312232,Byromville town,Georgia,homestead.com,https://homestead.com/ -> https://www.homestead.com/ -> http://homestead.com/ -> http://www.homestead.com/ -> https://www.homestead.com/legal/legal_useragreement.html -> https://www.homestead.com/videotutorials.html -> https://www.homestead.com/index.html -> https://www.homestead.com/~site/Login/index.ffhtml -> https://www.homestead.com/create-a-website.html -> https://www.homestead.com/about-us.html -> https://www.homestead.com/~site/Scripts_Help/Help.dll?CMD=CMDAskEmailForm -> https://www.home,,4,no,
us:county:26053,Gogebic County,Michigan,gogebic.gov,https://gogebic.gov/ -> http://gogebic.gov/ -> http://www.gogebic.gov/ -> https://www.gogebic.gov/news_detail_T12_R147.php -> https://www.gogebic.gov/news_detail_T12_R146.php -> https://www.gogebic.gov/news_detail_T12_R145.php -> https://www.gogebiccountymi.gov/government/county_board/meeting_agendas.php,,7,no,
us:place:0178232,Valley Grande city,Alabama,cityofvalleygrande.com,https://cityofvalleygrande.com/ -> https://www.cityofvalleygrande.com/ -> http://cityofvalleygrande.com/ -> http://www.cityofvalleygrande.com/ -> https://cityofvalleygrande.com/resolution/ordinance-number-2026-217/ -> https://cityofvalleygrande.com/resolution/resolution-no-2026-216/ -> https://cityofvalleygrande.com/resolution/resolution-2026-215/ -> https://cityofvalleygrande.com/resources/ -> https://cityofvalleygrande.com/resources/minutes/ -> https://cityofvalleygrande.com/resources/minutes/,,9,yes,https://www.youtube.com/embed/wCPz4T9-Q7s?feature=oembed
us:cousub:5511343400,Lenroot town,Wisconsin,townoflenrootwi.gov,https://townoflenrootwi.gov/ -> https://www.townoflenrootwi.gov/ -> http://townoflenrootwi.gov/ -> http://www.townoflenrootwi.gov/ -> https://www.youtube.com/channel/UCeU-_6YHGQFcVSHLbEXLNlA/playlists?utm_campaign=plesk_server_default_page_js,https://www.youtube.com/channel/UCeU-_6YHGQFcVSHLbEXLNlA/playlists?utm_campaign=plesk_server_default_page_js,2,yes,https://www.youtube.com/channel/UCeU-_6YHGQFcVSHLbEXLNlA/playlists?utm_campaign=plesk_server_default_page_js
ca:csd:3528018,Haldimand County,Ontario,www.haldimandcounty.on.ca,https://www.haldimandcounty.on.ca/ -> http://www.haldimandcounty.on.ca/ -> https://www.haldimandcounty.ca/recreation-culture-community/halls-and-meeting-spaces/ -> https://www.haldimandcounty.ca/government-administration/council/ -> https://www.haldimandcounty.ca/government-administration/council/council-meetings/ -> https://www.haldimandcounty.ca/government-administration/boards-and-committees/ -> https://www.haldimandcounty.ca/government-administration/boards-and-committees/haldimand-museums-a,,18,yes,https://www.youtube.com/user/haldimandcounty
ca:csd:4607068,Carberry,Manitoba,www.townofcarberry.ca,https://townofcarberry.ca/ -> http://townofcarberry.ca/ -> http://www.townofcarberry.ca/ -> https://www.townofcarberry.ca/government/council -> https://www.townofcarberry.ca/services/carberry-plains-arts-council -> https://www.townofcarberry.ca/services/meeting-spaces -> https://www.townofcarberry.ca/government/council-minutes -> https://www.townofcarberry.ca/sites/18/files/2024-07/July%20Council%20Meeting%20Minutes.pdf -> https://www.townofcarberry.ca/government/joint-committee-minutes -> https,,33,yes,https://www.townofcarberry.ca/media/oembed?url=https%3A//youtu.be/fU0Ig60bTM0&max_width=0&max_height=0&hash=xrj9a-fulnsQc7odoVg_rvR1SPFw5bWrSLkdXz178uU
us:place:4534360,Holly Hill town,South Carolina,townofhollyhillsc.com,https://townofhollyhillsc.com/ -> https://www.townofhollyhillsc.com/ -> http://townofhollyhillsc.com/ -> http://www.townofhollyhillsc.com/,,4,no,
us:place:1916050,Coon Rapids city,Iowa,coonrapidsiowa.com,https://coonrapidsiowa.com/ -> http://coonrapidsiowa.com/ -> http://www.coonrapidsiowa.com/ -> https://www.coonrapidsiowa.com/pview.aspx?id=16063&catid=465 -> https://www.coonrapidsiowa.com/pview.aspx?id=35996&catid=465 -> https://www.coonrapidsiowa.com/pview.aspx?id=35815&catid=465 -> https://www.coonrapidsiowa.com/pview.aspx?id=35787&catid=463 -> https://www.coonrapidsiowa.com/docview.aspx?doctype=agendaDoc&docid=20208 -> https://www.coonrapidsiowa.com/agendaView.aspx?aid=20206&categoryid=8511,,1,yes,https://www.youtube.com/watch?v=BAWGjNAj_vA
us:place:4741980,Lexington city,Tennessee,lexingtontn.gov,https://lexingtontn.gov/ -> https://www.lexingtontn.gov/ -> http://lexingtontn.gov/ -> http://www.lexingtontn.gov/ -> https://lexingtontn.gov/mayor_council.html -> https://lexingtontn.gov/council_agendas.html -> https://lexingtontn.gov/city_recorder_finance.html -> https://lexingtontn.gov/index.html -> https://lexingtontn.gov/event_calendar.html -> https://lexingtontn.gov/job_opportunities.html -> https://lexingtontn.gov/animal_control.html -> https://lexingtontn.gov/fire.html -> https://lexingt,,2,no,
ca:csd:4812024,Vilna,Alberta,vilna.ca,https://vilna.ca/ -> http://vilna.ca/ -> http://www.vilna.ca/ -> https://www.vilna.ca/events?search_request=calendar_item&event_id=240613&year=2026&month=10&day=08 -> https://www.vilna.ca/blogs/news/post/october-1-2026-recycling-program-information -> https://www.vilna.ca/blogs/news/post/bonnie-lake-campground -> https://www.vilna.ca/government -> https://www.vilna.ca/government/documents -> https://www.vilna.ca/public/download/files/338568 -> https://www.vilna.ca/public/download/files/335834 ->,,1,no,
us:cousub:2710910180,Cascade township,Minnesota,cascadetownshipmn.gov,https://cascadetownshipmn.gov/ -> https://www.cascadetownshipmn.gov/ -> http://cascadetownshipmn.gov/ -> http://www.cascadetownshipmn.gov/ -> https://cascadetownshipmn.gov/news_detail_T20_R268.php -> https://cascadetownshipmn.gov/departments/town_board/index.php -> https://cascadetownshipmn.gov/departments/town_board/annual_meeting.php -> https://cascadetownshipmn.gov/residents/planning_commission/residents/minutes.php -> https://cascadetownshipmn.gov/residents/planning_commission/residents/depa,,16,yes,https://www.youtube.com/watch?v=hnXMaImmcKo
us:place:4226280,Fleetwood borough,Pennsylvania,fleetwoodboro.com,https://fleetwoodboro.com/ -> http://fleetwoodboro.com/ -> http://www.fleetwoodboro.com/ -> https://www.fleetwoodboro.com/officials-minutes/council-committees/ -> https://www.fleetwoodboro.com/officials-minutes/ -> https://www.fleetwoodboro.com/wp-content/uploads/2025-09-22-Workshop-Mtg_Rev1-002.pdf -> https://www.fleetwoodboro.com/wp-content/uploads/2026-01-05-Re-Org-Meeting-Minutes_Rev2_NoHighlights-002.pdf -> https://www.fleetwoodboro.com/wp-content/uploads/2026-07-06-Meeting-Minutes_Rev2.pdf,,28,yes,https://youtu.be/e0xOaqNDtFk;https://youtu.be/_vNNNXcGFRw;https://youtu.be/MPv_zHxyZVg
us:place:4671180,White Lake city,South Dakota,whitelakesd.com,https://whitelakesd.com/ -> https://www.whitelakesd.com/ -> http://whitelakesd.com/ -> http://www.whitelakesd.com/ -> https://whitelakesd.com/city-council-archives -> https://whitelakesd.com/city-government#1696cd8b-696f-452d-a9d6-651a2158ca65 -> https://whitelakesd.com/city-ordinances -> https://whitelakesd.com/county-and-state-govt,,9,no,
ca:csd:2430015,Val-Racine,Quebec,www.val-racine.com,https://val-racine.com/ -> http://val-racine.com/ -> http://www.val-racine.com/ -> https://www.val-racine.com/fr/tourisme-et-commerces/photos-et-videos/la-bande-a-frank-2023/ -> https://www.val-racine.com/fr/tourisme-et-commerces/photos-et-videos/videos/ -> https://www.val-racine.com/fr/tourisme-et-commerces/photos-et-videos/photos/ -> https://www.val-racine.com/fr/services/services-municipaux/location-de-salles/,,6,yes,https://www.youtube.com/embed/k9rFBleZiHg
us:cousub:1703153676,Northfield,Illinois,northfieldtownship.com,https://northfieldtownship.com/ -> https://www.northfieldtownship.com/ -> http://northfieldtownship.com/ -> http://www.northfieldtownship.com/ -> https://road.northfieldtownship.com/road-district.html -> https://northfieldtownship.com/township-government/ -> https://northfieldtownship.com/what-is-township-government/ -> https://northfieldtownship.com/wp-content/uploads/2026/01/2026-Regular-Meeting-and-Town-Meeting-Schedule.pdf,,2,yes,https://www.youtube.com/@northfieldtownshipil8672/featured
us:county:20185,Stafford County,Kansas,staffordcounty.org,https://staffordcounty.org/ -> http://staffordcounty.org/ -> http://www.staffordcounty.org/ -> https://www.staffordcounty.org/commissioners.html -> https://www.staffordcounty.org/county-annex.html -> https://www.staffordcounty.org/stafford-county-history--museum.html -> https://www.staffordcounty.org/stafford-county-golf-course.html -> https://www.staffordcounty.org/about-us.html -> https://www.staffordcounty.org/employment.html -> https://www.staffordcounty.org/appraiser.html -> https://www.sta,,10,no,
us:sd:4222800,Steelton-Highspire School District,Pennsylvania,shsd.k12.pa.us,https://shsd.k12.pa.us/ -> https://www.shsd.k12.pa.us/ -> http://shsd.k12.pa.us/ -> http://www.shsd.k12.pa.us/ -> https://go.boarddocs.com/pa/stlh/Board.nsf/Public -> https://www.shsd.k12.pa.us/programsservices/safety/wellness/board-policy-246-school-wellness -> https://www.shsd.k12.pa.us/board/school-board-members -> https://www.shsd.k12.pa.us/board/2026-meeting-dates -> https://www.shsd.k12.pa.us/board/board-minutes -> https://www.shsd.k12.pa.us/board/board-minutes/2014-2018-board-minutes -> h,,20,no,
us:sd:4833660,Olton Independent School District,Texas,oltonisd.net,https://oltonisd.net/ -> https://www.oltonisd.net/ -> http://oltonisd.net/ -> http://www.oltonisd.net/ -> https://www.oltonisd.net/vcalendar/?Ctype=weekly&D=1791262800 -> https://www.oltonisd.net/vcalendar/?FROMPAGE=View_Event&Event_ID=10944 -> https://www.oltonisd.net/vcalendar/?FROMPAGE=View_Event&Event_ID=10876 -> https://www.oltonisd.net/vnews/display.v/SEC/District%20Welcome%7CBoard%20of%20Trustees%27%20Page%3E%3EBoard%20Agenda/Minutes -> https://www.oltonisd.net/vnews/display.v/SEC/Distric,,15,no,
us:place:1902260,Anita city,Iowa,anitaiowa.com,https://anitaiowa.com/ -> http://anitaiowa.com/ -> http://www.anitaiowa.com/ -> https://www.anitaiowa.com/blank-3 -> https://www.anitaiowa.com/budget-reports/city-council-minutes-and-agenda -> https://www.anitaiowa.com/copy-4-of-budget-reports-1/utilities-board-agenda -> https://www.anitaiowa.com/copy-3-of-budget-reports-1/library-board-agenda -> https://www.anitaiowa.com/copy-of-city-codes -> https://www.anitaiowa.com/city -> https://www.anitaiowa.com/official-city-documents,,7,yes,https://www.youtube.com/watch?v=dl98BenGve4&t=2s
us:sd:4206360,Columbia Borough School District,Pennsylvania,columbiabsd.org,https://columbiabsd.org/ -> http://columbiabsd.org/ -> http://www.columbiabsd.org/ -> http://go.boarddocs.com/pa/colu/Board.nsf/goto?open&id=BRJN7Q5E6A3A -> https://www.columbiabsd.org/page/school-board -> https://www.columbiabsd.org/page/board-resolution-on-racism -> https://app.agendamanager.com/cbsd -> https://www.columbiabsd.org/o/cbsd/browse/50375 -> https://www.columbiabsd.org/documents/school-board/16385572 -> https://www.columbiabsd.org/o/cbsd/page/social-media -> https://www.columbiabsd,,12,yes,https://www.youtube.com/channel/UCLHiNIYJBmYzqkJoNx53AGw
us:cousub:2301546335,Monhegan plantation,Maine,monheganplantation.gov,https://monheganplantation.gov/ -> https://www.monheganplantation.gov/ -> http://monheganplantation.gov/ -> http://www.monheganplantation.gov/ -> https://monheganplantation.gov/agendas-minutes/ -> https://monheganplantation.gov/annual-town-report/ -> https://monheganplantation.gov/2026/08/august-18th-assessors-meeting/ -> https://monheganplantation.gov/author/townclerk/ -> https://monheganplantation.gov/2026/08/august-assessors-meeting-3/ -> https://monheganplantation.gov/2026/09/september-8th-a,,1,no,
us:place:1942465,Lake City city,Iowa,lakecityiowa.org,https://lakecityiowa.org/ -> https://www.lakecityiowa.org/ -> http://lakecityiowa.org/ -> http://www.lakecityiowa.org/ -> https://www.lakecityiowa.com/staff.php?id=1 -> https://www.lakecityiowa.com/business.php?id=4 -> https://www.lakecityiowa.com/business.php?id=2 -> https://www.lakecityiowa.com/agenda-minutes.php -> https://www.lakecityiowa.com/uploads/agenda/9-21-17 City Council Meeting.docx -> https://www.lakecityiowa.com/uploads/agenda/17-5-1 City Council Meeting.docx -> https://www.lakecit,,2,yes,https://www.youtube.com/embed/ovM0j5tKS4M
us:place:5085900,Woodstock village,Vermont,townofwoodstock.org,https://townofwoodstock.org/ -> http://townofwoodstock.org/ -> http://www.townofwoodstock.org/ -> https://www.townofwoodstock.org/news/post/video-from-092926-hearing-to-amend-the-village-zoning-regulations-of-the-woodstock-village-board-of-trustees -> https://www.townofwoodstock.org/boards-meetings/open-meeting-laws -> https://www.townofwoodstock.org/boards-meetings/open-board-seats -> https://www.townofwoodstock.org/boards-meetings/boards-commissions-monthly-meeting-schedule -> https://www.town,,25,yes,https://www.youtube.com/@TownOfWoodstockVT
us:place:3666949,Sherman village,New York,shermanny.gov,https://shermanny.gov/ -> http://shermanny.gov/ -> http://www.shermanny.gov/ -> https://www.shermanny.gov/village-planning-board -> https://www.shermanny.gov/_files/ugd/341c45_fb34d9f5d1424fa9aad9730c5538b28d.pdf -> https://www.shermanny.gov/town-board-minutes -> https://www.shermanny.gov/village-minutes -> https://www.shermanny.gov/calendar -> https://www.shermanny.gov/town-of-sherman -> https://www.shermanny.gov/town-officials -> https://www.shermanny.gov/town-code,,7,yes,https://youtu.be/W8SpP7W-9AQ?si=lbje_TyjjEyKT0IU
us:place:1331320,Franklin Springs city,Georgia,cityoffranklinsprings.com,https://cityoffranklinsprings.com/ -> https://www.cityoffranklinsprings.com/ -> http://cityoffranklinsprings.com/ -> http://www.cityoffranklinsprings.com/ -> https://cityoffranklinsprings.com/MayorandCityCouncil.aspx -> https://cityoffranklinsprings.com/CityCalendar.aspx?CNID=4188 -> https://cityoffranklinsprings.com/CityCalendar.aspx?CNID=4189 -> https://cityoffranklinsprings.com/CouncilMinutes.aspx -> https://cityoffranklinsprings.com/Assets/Files/Agendas/2025/January 18th 2024 Council Meeting,,2,yes,https://www.youtube.com/embed/fupqK7mdLVU
us:county:19115,Louisa County,Iowa,louisacountyia.gov,https://louisacountyia.gov/ -> https://www.louisacountyia.gov/ -> http://louisacountyia.gov/ -> http://www.louisacountyia.gov/ -> https://louisacountyia.gov/government/departments-a-f/louisa-county-board-of-supervisors/ -> https://louisacountyia.gov/how-do-i/find/supervisors-agenda-minutes/ -> https://louisacountyia.gov/wp-content/uploads/2021/11/October-19-2021.docx -> https://louisacountyia.gov/wp-content/uploads/2021/11/bd-mtg-101921.doc -> https://louisacountyia.gov/wp-content/uploads/2021/1,,7,yes,https://www.youtube.com/watch?v=-cYiBolo3q4
