tenant_host,match,gov_id,strength,source,evidence,gov_name,solid_pages,needs_plumbing
www.youtube.com,channel=@119thDistrictCourt-Concho,us:county:48095,fallback,archive_study_2026-09-14,"1 solidly-identified archive page(s), e.g. /m/concho-county-tx-2026-09-04-119th-district-court-concho-s-zoom-meeting; owner title ""119th District Court - Concho""",,1,True
www.youtube.com,channel=@1623Studios,us:county:25009,fallback,archive_study_2026-09-14,"1 solidly-identified archive page(s), e.g. /m/essex-county-ma-2024-01-15-essex-financial-committee-forum-january-11-2024; owner title ""1623 Studios""",,1,True
www.youtube.com,channel=@21HOMTV,us:cousub:2606553140,fallback,archive_study_2026-09-14,"1 solidly-identified archive page(s), e.g. /m/meridian-charter-township-mi-2026-09-01-haslett-road-diet-safety-improvement-pro; owner title ""HOMTV""",,1,True
www.youtube.com,channel=@3SMTV,us:place:0671806,fallback,archive_study_2026-09-14,"1 solidly-identified archive page(s), e.g. /m/sierra-madre-ca-2025-02-12-sierra-madre-city-council-february-11-2025-regular-me; owner title ""SMTV3""",,1,True
www.youtube.com,channel=@AccessBloomfieldCT,us:cousub:0911005910,fallback,archive_study_2026-09-14,"1 solidly-identified archive page(s), e.g. /m/bloomfield-ct-2026-09-10-library-building-committee-september-9-2026; owner title ""Town of Bloomfield, CT""",,1,True
www.youtube.com,channel=@AcushnetCable,us:cousub:2500500520,fallback,archive_study_2026-09-14,"1 solidly-identified archive page(s), e.g. /m/acushnet-ma-2025-11-08-acushnet-board-of-selectmen-nov-7-2025; owner title ""Acushnet Cable""",,1,True
www.youtube.com,channel=@AddisonTWP,us:cousub:1704300250,fallback,archive_study_2026-09-14,"1 solidly-identified archive page(s), e.g. /m/addison-township-il-2024-05-21-addison-newsmakers-mental-health-board-meet-greet; owner title ""Addison TWP""",,1,True
www.youtube.com,channel=@AlleganCounty,us:county:26005,fallback,archive_study_2026-09-14,"1 solidly-identified archive page(s), e.g. /m/allegan-county-mi-2026-09-03-board-meeting-2026-09-03; owner title ""Allegan County""",,1,True
www.youtube.com,channel=@AltonMocom,us:place:2900964,fallback,archive_study_2026-09-14,"1 solidly-identified archive page(s), e.g. /m/alton-mo-2026-04-03-thayer-town-hall-meeting-with-ballot-forum-and-meet-the-cand; owner title ""AltonMo.com""",,1,True
www.youtube.com,channel=@AlvinTexas,us:place:4802272,fallback,archive_study_2026-09-14,"1 solidly-identified archive page(s), e.g. /m/alvin-tx-2026-09-03-city-of-alvin-city-council-meeting-9-3-2026; owner title ""Alvin Texas""",,1,True
www.youtube.com,channel=@AndersonCountySCGov,us:county:45007,fallback,archive_study_2026-09-14,"1 solidly-identified archive page(s), e.g. /m/anderson-county-sc-2026-09-03-county-council-recognizes-south-carolina-guard; owner title ""Anderson County, S.C.""",,1,True
www.youtube.com,channel=@AngolaIN,us:place:1801666,fallback,archive_study_2026-09-14,"1 solidly-identified archive page(s), e.g. /m/angola-in-2025-07-08-2025-07-07-angola-common-council; owner title ""City of Angola, Indiana""",,1,True
www.youtube.com,channel=@AnnapolisRoyalNS,ca:csd:1205008,fallback,archive_study_2026-09-14,"1 solidly-identified archive page(s), e.g. /m/annapolis-royal-ns-2023-05-04-committee-of-the-whole-3may23; owner title ""Annapolis Royal""",,1,True
www.youtube.com,channel=@ArcadiaCAgov,us:place:0602462,fallback,archive_study_2026-09-14,"1 solidly-identified archive page(s), e.g. /m/city-of-arcadia-2026-09-09-city-council-special-meeting-9-1-2026; owner title ""City of Arcadia""",,1,True
www.youtube.com,channel=@ArmstrongNeighborhoodChannel,us:cousub:4203980000,fallback,archive_study_2026-09-14,"1 solidly-identified archive page(s), e.g. /m/vernon-township-pa-2019-09-06-vernon-township-supervisors-sept-5-2019; owner title ""Armstrong Neighborhood Channel""",,1,True
www.youtube.com,channel=@AshfordCT,us:cousub:0915001430,fallback,archive_study_2026-09-14,"1 solidly-identified archive page(s), e.g. /m/ashford-ct-2026-08-28-board-of-finance-august-27-2026; owner title ""Town of Ashford CT Official""",,1,True
www.youtube.com,channel=@Astontownship,us:cousub:4204503336,fallback,archive_study_2026-09-14,"1 solidly-identified archive page(s), e.g. /m/aston-township-pa-2026-08-12-aston-township-commissioners-meeting-august-2026; owner title ""Aston Township""",,1,True
www.youtube.com,channel=@AuburnTWP,us:cousub:3905502904,fallback,archive_study_2026-09-14,"1 solidly-identified archive page(s), e.g. /m/auburn-township-2026-09-08-september-8th-2026-auburn-township-board-of-trustees; owner title ""Auburn Township""",,1,True
www.youtube.com,channel=@AyerPublicAccessCorporation,us:cousub:2501703005,fallback,archive_study_2026-09-14,"1 solidly-identified archive page(s), e.g. /m/ayer-ma-2026-09-01-ayer-select-board-meeting-august-31-2026; owner title ""Ayer Public Access Corporation""",,1,True
www.youtube.com,channel=@BBITownshipBoard,us:cousub:2609709500,fallback,archive_study_2026-09-14,"1 solidly-identified archive page(s), e.g. /m/bois-blanc-township-mi-2026-08-28-26-august-2026-bbi-township-board-meeting; owner title ""BBITownshipBoard""",,1,True
www.youtube.com,channel=@BTCFiber,us:county:47153,fallback,archive_study_2026-09-14,"1 solidly-identified archive page(s), e.g. /m/sequatchie-county-tn-2026-09-09-ed-brown-jam-session-2024; owner title ""BTC Fiber""",,1,True
www.youtube.com,channel=@BXB-TV,us:cousub:2501707350,fallback,archive_study_2026-09-14,"1 solidly-identified archive page(s), e.g. /m/boxborough-ma-2026-09-09-conservation-commission-september-2-2026; owner title ""BXB-TV""",,1,True
www.youtube.com,channel=@BakerForward,us:place:2203985,fallback,archive_study_2026-09-14,"1 solidly-identified archive page(s), e.g. /m/baker-la-2026-06-17-brec-community-meeting-in-baker-planning-the-future-together; owner title ""Baker Forward""",,1,True
www.youtube.com,channel=@BaldwinCityKS,us:place:2003900,fallback,archive_study_2026-09-14,"1 solidly-identified archive page(s), e.g. /m/baldwin-city-ks-2026-09-01-city-council-meeting-9-1-2026; owner title ""Baldwin City, KS""",,1,True
www.youtube.com,channel=@BanksTownshipMIgov,us:cousub:2600905240,fallback,archive_study_2026-09-14,"1 solidly-identified archive page(s), e.g. /m/banks-township-mi-2026-09-08-planning-commission-regular-meeting-9-8-2026; owner title ""Banks Township, MI""",,1,True
www.youtube.com,channel=@BataviaOH,us:place:3904150,fallback,archive_study_2026-09-14,"1 solidly-identified archive page(s), e.g. /m/batavia-2026-08-10-batavia-village-council-meeting-8-10-26; owner title ""BataviaOH""",,1,True
www.youtube.com,channel=@BatesvilleIndianaLive,us:place:1803664,fallback,archive_study_2026-09-14,"1 solidly-identified archive page(s), e.g. /m/batesville-in-2026-03-10-03-09-2026-council-meeting; owner title ""Batesville Indiana Live""",,1,True
www.youtube.com,channel=@BavarianTown,us:place:5338845,fallback,archive_study_2026-09-14,"1 solidly-identified archive page(s), e.g. /m/city-of-leavenworth-2026-08-06-planning-commission-meeting-0-05-2026; owner title ""City of Leavenworth""",,1,True
www.youtube.com,channel=@BeaverheadCountyCommissioner,us:county:30001,fallback,archive_study_2026-09-14,"1 solidly-identified archive page(s), e.g. /m/beaverhead-county-mt-2026-07-20-boh-meeting-city-hall-04-17-2026; owner title ""Beaverhead County Commissioner""",,1,True
www.youtube.com,channel=@BedfordCharterTownship,us:cousub:2602506720,fallback,archive_study_2026-09-14,"1 solidly-identified archive page(s), e.g. /m/bedford-charter-township-mi-2026-08-25-2026-08-25-bedford-charter-township-speci; owner title ""Bedford Charter Township""",,1,True
www.youtube.com,channel=@BedfordTv,us:cousub:2501704615,fallback,archive_study_2026-09-14,"1 solidly-identified archive page(s), e.g. /m/bedford-ma-2026-02-24-planning-board-meeting-02-24-26; owner title ""Bedford TV, MA""",,1,True
www.youtube.com,channel=@BelchertownTV,us:cousub:2501504825,fallback,archive_study_2026-09-14,"1 solidly-identified archive page(s), e.g. /m/belchertown-ma-2025-01-10-belchertown-branding-committee-meeting-january-8-2025; owner title ""Belchertown Community Television""",,1,True
www.youtube.com,channel=@BellinghamTown,us:cousub:2502104930,fallback,archive_study_2026-09-14,"1 solidly-identified archive page(s), e.g. /m/bellingham-ma-2026-09-08-zoning-board-of-appeals-meeting-09-03-26; owner title ""Town of Bellingham, Massachusetts""",,1,True
www.youtube.com,channel=@BentonCountyIowa,us:county:19011,fallback,archive_study_2026-09-14,"1 solidly-identified archive page(s), e.g. /m/benton-county-ia-2024-06-05-06-04-24-board-of-supervisors-meeting; owner title ""Benton County Iowa""",,1,True
www.youtube.com,channel=@Berkshiretwp,us:cousub:3904105774,fallback,archive_study_2026-09-14,"1 solidly-identified archive page(s), e.g. /m/berkshire-township-2026-08-10-berkshire-township-trustee-meeting-8-10-26; owner title ""Berkshire Township""",,1,True
www.youtube.com,channel=@BethlehemTownship,us:cousub:3401905650,fallback,archive_study_2026-09-14,"1 solidly-identified archive page(s), e.g. /m/bethlehem-township-2026-08-25-planning-board-8-34-3036; owner title ""Bethlehem Township""",,1,True
www.youtube.com,channel=@BillingsCountyND,us:county:38007,fallback,archive_study_2026-09-14,"1 solidly-identified archive page(s), e.g. /m/billings-county-nd-2026-09-03-september-3-2026-billings-county-commission-meetin; owner title ""BillingsCountyND""",,1,True
www.youtube.com,channel=@BoroughOfIrwin,us:place:4237208,fallback,archive_study_2026-09-14,"1 solidly-identified archive page(s), e.g. /m/borough-of-irwin-ga-2026-09-09-9-9-2026-regular-agenda-session; owner title ""Borough Of Irwin""",,1,True
www.youtube.com,channel=@BoroughofBath,us:place:4204432,fallback,archive_study_2026-09-14,"1 solidly-identified archive page(s), e.g. /m/borough-of-bath-2026-09-04-august-24-2026-bbsa-meeting-audio-file; owner title ""Borough of Bath""",,1,True
www.youtube.com,channel=@BoroughofNorthvale,us:place:3453430,fallback,archive_study_2026-09-14,"1 solidly-identified archive page(s), e.g. /m/northvale-nj-2024-03-14-meeting-of-the-mayor-and-council-march-13-2024; owner title ""Borough of Northvale""",,1,True
www.youtube.com,channel=@BoroughofRE,us:place:3463360,fallback,archive_study_2026-09-14,"1 solidly-identified archive page(s), e.g. /m/river-edge-nj-2020-01-07-sine-die-meeting-1-6-2020; owner title ""Borough RE""",,1,True
www.youtube.com,channel=@BoyleCountyMedia,us:county:21021,fallback,archive_study_2026-09-14,"1 solidly-identified archive page(s), e.g. /m/boyle-county-ky-2026-09-08-boyle-county-fiscal-court-meeting-september-8-2026; owner title ""Boyle County Media""",,1,True
www.youtube.com,channel=@BrackenCountyFiscalCourt,us:county:21023,fallback,archive_study_2026-09-14,"1 solidly-identified archive page(s), e.g. /m/bracken-county-ky-fiscal-court-sk-2026-09-09-regular-fiscal-court-meeting-septem; owner title ""Bracken County, KY Fiscal Court""",,1,True
www.youtube.com,channel=@BrattleboroCommunityTV,us:cousub:5002548400,fallback,archive_study_2026-09-14,"1 solidly-identified archive page(s), e.g. /m/brattleboro-vt-2026-03-04-2026-newfane-town-meeting-3-3-26; owner title ""Brattleboro Community TV""",,1,True
www.youtube.com,channel=@BrewsterCountyTexas,us:county:48043,fallback,archive_study_2026-09-14,"1 solidly-identified archive page(s), e.g. /m/brewster-county-tx-2026-09-08-brewster-county-regular-commissioners-court-meetin; owner title ""Brewster County, Texas""",,1,True
www.youtube.com,channel=@BrigantineBeachbrigantine,us:place:3407810,fallback,archive_study_2026-09-14,"1 solidly-identified archive page(s), e.g. /m/brigantine-nj-2026-09-02-city-of-brigantine-s-personal-meeting-room; owner title ""Brigantine Beach""",,1,True
www.youtube.com,channel=@CCVBoardofManagersMeetings,us:place:2416787,fallback,archive_study_2026-09-14,"1 solidly-identified archive page(s), e.g. /m/chevy-chase-village-md-2026-08-12-board-of-managers-special-meeting-august-11-20; owner title ""Chevy Chase Village Board of Managers' Meetings""",,1,True
www.youtube.com,channel=@CITYOFPORTALLENCOUNCILMEETING,us:place:2261790,fallback,archive_study_2026-09-14,"1 solidly-identified archive page(s), e.g. /m/port-allen-la-2026-06-11-copy-of-06-10-26-council-meeting; owner title ""CITY OF PORT ALLEN COUNCIL MEETING""",,1,True
www.youtube.com,channel=@CMVNYTV,us:place:3649121,fallback,archive_study_2026-09-14,"1 solidly-identified archive page(s), e.g. /m/mount-vernon-ny-2026-08-28-real-estate-committee-meeting-august-28-2026; owner title ""CMVNY TV""",,1,True
www.youtube.com,channel=@COBMeetings,us:place:5305280,fallback,archive_study_2026-09-14,"2 solidly-identified archive page(s), e.g. /m/2026-06-04-planning-commission; owner title ""City of Bellingham Meetings""",,2,True
www.youtube.com,channel=@COCitrusHeights,us:place:0613588,fallback,archive_study_2026-09-14,"1 solidly-identified archive page(s), e.g. /m/citrus-heights-ca-2026-09-10-regular-city-council-meeting-september-9-2026; owner title ""COCitrusHeights""",,1,True
www.youtube.com,channel=@CalaisTownClerk,us:cousub:5002311350,fallback,archive_study_2026-09-14,"1 solidly-identified archive page(s), e.g. /m/calais-vt-2026-01-27-calais-board-of-abatement-meeting-1-26-26; owner title ""Calais Town Clerk""",,1,True
www.youtube.com,channel=@CambridgeCable12,us:place:5512225,fallback,archive_study_2026-09-14,"1 solidly-identified archive page(s), e.g. /m/cambridge-wi-2026-09-09-village-board-september-8-2026; owner title ""CambridgeCable12""",,1,True
www.youtube.com,channel=@CamdenCountyBOC,us:county:13039,fallback,archive_study_2026-09-14,"1 solidly-identified archive page(s), e.g. /m/camden-county-ga-2026-09-01-board-of-commissioners-regular-meeting-september-1-2; owner title ""Camden County Board of Commissioners""",,1,True
www.youtube.com,channel=@CardstonCounty,ca:csd:4803001,fallback,archive_study_2026-09-14,"1 solidly-identified archive page(s), e.g. /m/cardston-county-2026-06-24-june-22-2026-council-meeting-sd-480p; owner title ""Cardston County""",,1,True
www.youtube.com,channel=@CarrollVA,us:county:51035,fallback,archive_study_2026-09-14,"1 solidly-identified archive page(s), e.g. /m/carroll-county-va-2026-09-09-9-8-2026-carroll-county-board-of-supervisors-meetin; owner title ""Carroll County, Virginia""",,1,True
www.youtube.com,channel=@CatchMarkCommunity,us:place:2686780,fallback,archive_study_2026-09-14,"1 solidly-identified archive page(s), e.g. /m/whitehall-city-mi-2022-08-09-whitehall-city-council-meeting-and-work-session-aug; owner title ""CatchMark Community""",,1,True
www.youtube.com,channel=@CedarGroveNJUSA,us:cousub:3401311200,fallback,archive_study_2026-09-14,"1 solidly-identified archive page(s), e.g. /m/cedar-grove-township-nj-2026-08-17-8-17-26-council-meeting; owner title ""Cedar Grove NJ""",,1,True
www.youtube.com,channel=@CerroGordoCountyAuditor,us:county:19033,fallback,archive_study_2026-09-14,"1 solidly-identified archive page(s), e.g. /m/cerro-gordo-county-ia-2026-09-09-09-08-2026-regular-session-cerro-gordo-county-b; owner title ""Cerro Gordo County Auditor""",,1,True
www.youtube.com,channel=@CharterTownshipofMonitor,us:cousub:2601754980,fallback,archive_study_2026-09-14,"1 solidly-identified archive page(s), e.g. /m/monitor-charter-township-mi-2026-08-12-planning-commission-meeting-august-11-202; owner title ""Monitor Township""",,1,True
www.youtube.com,channel=@ChautauquaCounty,us:county:36013,fallback,archive_study_2026-09-14,"1 solidly-identified archive page(s), e.g. /m/chautauqua-county-ny-2026-08-18-public-facilities-committee-meeting-08-17-26; owner title ""Chautauqua County Government""",,1,True
www.youtube.com,channel=@ChelanCountyGov,us:county:53007,fallback,archive_study_2026-09-14,"1 solidly-identified archive page(s), e.g. /m/chelan-county-wa-2026-04-08-spring-community-meeting; owner title ""Chelan County""",,1,True
www.youtube.com,channel=@ChelmsfordtvOrg,us:cousub:2501713135,fallback,archive_study_2026-09-14,"1 solidly-identified archive page(s), e.g. /m/chelmsford-ma-2026-08-24-select-board-august-24-2026; owner title ""Chelmsford TV""",,1,True
www.youtube.com,channel=@ChinaTownshipMichigan,us:cousub:2614715540,fallback,archive_study_2026-09-14,"1 solidly-identified archive page(s), e.g. /m/china-township-mi-2026-01-21-january-20-2026-board-meeting; owner title ""China Township Michigan""",,1,True
www.youtube.com,channel=@CityDFSLiveStream,us:place:1216800,fallback,archive_study_2026-09-14,"1 solidly-identified archive page(s), e.g. /m/defuniak-springs-fl-2026-09-01-code-review-and-land-use-regular-meeting-9-1-26; owner title ""City DFS Live Stream""",,1,True
www.youtube.com,channel=@CityHallJohnstownPA,us:place:4238288,fallback,archive_study_2026-09-14,"1 solidly-identified archive page(s), e.g. /m/johnstown-pa-2023-10-19-johnstown-pa-council-meeting-10-11-23; owner title ""City of Johnstown PA""",,1,True
www.youtube.com,channel=@CityOfCordele-wl3fl,us:place:1319616,fallback,archive_study_2026-09-14,"1 solidly-identified archive page(s), e.g. /m/cordele-ga-2026-09-01-cordele-city-commission-meeting; owner title ""City Of Cordele""",,1,True
www.youtube.com,channel=@CityOfDadeville,us:place:0119336,fallback,archive_study_2026-09-14,"1 solidly-identified archive page(s), e.g. /m/dadeville-al-2026-07-30-council-session-7-28-2026; owner title ""City Of Dadeville""",,1,True
www.youtube.com,channel=@CityOfGatlinburg,us:place:4728800,fallback,archive_study_2026-09-14,"1 solidly-identified archive page(s), e.g. /m/gatlinburg-tn-2026-07-22-city-commission-7-21-26; owner title ""City of Gatlinburg""",,1,True
www.youtube.com,channel=@CityOfIsletonCA,us:place:0636882,fallback,archive_study_2026-09-14,"1 solidly-identified archive page(s), e.g. /m/isleton-ca-2025-12-10-part-ii-december-9-2025-after-closed-session; owner title ""Isleton""",,1,True
www.youtube.com,channel=@CityOfLyndhurstOhio,us:place:3945556,fallback,archive_study_2026-09-14,"1 solidly-identified archive page(s), e.g. /m/lyndhurst-oh-2022-03-29-city-council-meeting-03-21-2022; owner title ""City of Lyndhurst, Ohio""",,1,True
www.youtube.com,channel=@CityOfManchesterTennessee,us:place:4745500,fallback,archive_study_2026-09-14,"1 solidly-identified archive page(s), e.g. /m/manchester-tn-2026-06-05-conference-meeting-6-4-26; owner title ""City Of Manchester Tennessee""",,1,True
www.youtube.com,channel=@CityOfMarshallMO,us:place:2946316,fallback,archive_study_2026-09-14,"1 solidly-identified archive page(s), e.g. /m/city-of-marshall-2026-04-07-marshall-city-council-4-7-2026; owner title ""City of Marshall""",,1,True
www.youtube.com,channel=@CityOfSylvania,us:place:3976022,fallback,archive_study_2026-09-14,"1 solidly-identified archive page(s), e.g. /m/city-of-sylvania-2026-08-31-city-of-sylvania-planning-commission-meeting-wednesd; owner title ""City of Sylvania""",,1,True
www.youtube.com,channel=@CityOfWarrentonMO,us:place:2977128,fallback,archive_study_2026-09-14,"1 solidly-identified archive page(s), e.g. /m/warrenton-mo-2026-09-02-board-of-alderman-meeting-september-1-2026; owner title ""City of Warrenton Missouri""",,1,True
www.youtube.com,channel=@City_Of_Quinte_West,ca:csd:3512015,fallback,archive_study_2026-09-14,"1 solidly-identified archive page(s), e.g. /m/quinte-west-on-2026-07-09-city-of-quinte-west-committee-of-adjustment-meeting-ju; owner title ""City of Quinte West""",Quinte West,1,True
www.youtube.com,channel=@City_of_ClearLake_Iowa,us:place:1914025,fallback,archive_study_2026-09-14,"1 solidly-identified archive page(s), e.g. /m/clear-lake-ia-2026-09-08-city-council-meeting-september-8-2026; owner title ""CityofClearLake-Iowa""",,1,True
www.youtube.com,channel=@CityofAlcester,us:place:4600700,fallback,archive_study_2026-09-14,"1 solidly-identified archive page(s), e.g. /m/alcester-city-sd-2026-09-09-september-8th-2026-council-meeting; owner title ""City of Alcester""",,1,True
www.youtube.com,channel=@CityofAliceTX,us:place:4801852,fallback,archive_study_2026-09-14,"1 solidly-identified archive page(s), e.g. /m/alice-tx-2026-06-18-city-of-alice-city-council-meeting-june-16-2026-after-execut; owner title ""City of Alice, TX""",,1,True
www.youtube.com,channel=@CityofAthensAla,us:place:0102956,fallback,archive_study_2026-09-14,"1 solidly-identified archive page(s), e.g. /m/athens-al-2026-09-03-conversations-with-the-council-district-5; owner title ""CityofAthensAla""",,1,True
www.youtube.com,channel=@CityofAtkinsIA,us:place:1903475,fallback,archive_study_2026-09-14,"1 solidly-identified archive page(s), e.g. /m/atkins-ia-2026-09-08-city-of-atkins-city-council-meeting-09-08-2026; owner title ""The City of Atkins Iowa""",,1,True
www.youtube.com,channel=@CityofAuGres,us:place:2604120,fallback,archive_study_2026-09-14,"1 solidly-identified archive page(s), e.g. /m/au-gres-city-mi-2026-05-06-au-gres-michigan-city-council-meeting-may-5-2026; owner title ""City of Au Gres""",,1,True
www.youtube.com,channel=@CityofAugustaKS,us:place:2003300,fallback,archive_study_2026-09-14,"1 solidly-identified archive page(s), e.g. /m/augusta-2026-09-09-september-8-2026-city-council-meeting; owner title ""CityofAugustaKS""",,1,True
www.youtube.com,channel=@CityofAvalonCA,us:place:0603274,fallback,archive_study_2026-09-14,"1 solidly-identified archive page(s), e.g. /m/avalon-ca-2026-09-01-september-1-2026-city-council-meeting; owner title ""City of Avalon""",,1,True
www.youtube.com,channel=@CityofBalconesHeights,us:place:4805384,fallback,archive_study_2026-09-14,"1 solidly-identified archive page(s), e.g. /m/balcones-heights-tx-2026-07-22-board-of-adjustment-meeting-july-22-2026; owner title ""City of Balcones Heights""",,1,True
www.youtube.com,channel=@CityofBaldwinGA,us:place:1304980,fallback,archive_study_2026-09-14,"1 solidly-identified archive page(s), e.g. /m/baldwin-ga-2025-10-17-special-called-meeting-pm-october-16-2025; owner title ""City of Baldwin""",,1,True
www.youtube.com,channel=@CityofBangorMI,us:place:2605140,fallback,archive_study_2026-09-14,"1 solidly-identified archive page(s), e.g. /m/bangor-city-mi-2026-08-18-08-17-26-regular-city-council-meeting; owner title ""Official City of Bangor, MI""",,1,True
www.youtube.com,channel=@CityofBellevueID,us:place:1606220,fallback,archive_study_2026-09-14,"1 solidly-identified archive page(s), e.g. /m/bellevue-id-2026-09-04-city-of-bellevue-idaho-planning-zoning-commission-august; owner title ""City of Bellevue, Idaho""",,1,True
www.youtube.com,channel=@CityofBerkley,us:place:2607660,fallback,archive_study_2026-09-14,"1 solidly-identified archive page(s), e.g. /m/berkley-mi-2021-08-10-berkley-city-council-meeting-august-9-2021; owner title ""City of Berkley""",Berkley city,1,True
www.youtube.com,channel=@CityofBicknell,us:place:1805176,fallback,archive_study_2026-09-14,"1 solidly-identified archive page(s), e.g. /m/bicknell-in-2026-05-13-council-5-12-2026; owner title ""City of Bicknell""",,1,True
www.youtube.com,channel=@CityofBigBearLakeCA,us:place:0606434,fallback,archive_study_2026-09-14,"1 solidly-identified archive page(s), e.g. /m/big-bear-lake-ca-2026-07-17-fire-authority-meeting-07-14-2026; owner title ""City of Big Bear Lake, CA""",,1,True
www.youtube.com,channel=@CityofBigRapids,us:place:2608300,fallback,archive_study_2026-09-14,"1 solidly-identified archive page(s), e.g. /m/big-rapids-mi-2026-09-01-zoning-board-of-appeals-meeting-8-27-2026; owner title ""City of Big Rapids""",,1,True
www.youtube.com,channel=@CityofBiwabik,us:place:2706148,fallback,archive_study_2026-09-14,"1 solidly-identified archive page(s), e.g. /m/biwabik-city-mn-2025-04-16-biwabik-city-council-april-13th-2025; owner title ""City of Biwabik""",,1,True
www.youtube.com,channel=@CityofBloomfieldHillsMI,us:place:2609180,fallback,archive_study_2026-09-14,"1 solidly-identified archive page(s), e.g. /m/bloomfield-hills-mi-2026-08-12-bloomfield-hills-commission-meeting-on-august-11; owner title ""City of Bloomfield Hills""",,1,True
www.youtube.com,channel=@CityofButlerIN,us:place:1809532,fallback,archive_study_2026-09-14,"1 solidly-identified archive page(s), e.g. /m/butler-city-in-2026-06-01-city-of-butler-city-council-june-1st-2026; owner title ""City of Butler, IN""",,1,True
www.youtube.com,channel=@CityofCampbellsville,us:place:2112160,fallback,archive_study_2026-09-14,"1 solidly-identified archive page(s), e.g. /m/campbellsville-ky-2026-07-21-campbellsville-city-council-meeting-july-20-2026; owner title ""City of Campbellsville""",,1,True
www.youtube.com,channel=@CityofCaro,us:place:2613420,fallback,archive_study_2026-09-14,"1 solidly-identified archive page(s), e.g. /m/caro-mi-2026-04-21-regular-meeting-04-20-26; owner title ""City of Caro""",,1,True
www.youtube.com,channel=@CityofCentral,us:place:2213960,fallback,archive_study_2026-09-14,"1 solidly-identified archive page(s), e.g. /m/city-of-central-2024-09-25-9-24-24-council-meeting-part-3; owner title ""City of Central""",,1,True
www.youtube.com,channel=@CityofCentreville,us:place:0113672,fallback,archive_study_2026-09-14,"1 solidly-identified archive page(s), e.g. /m/city-of-centreville-2025-07-10-centreville-city-council-7-1-2025; owner title ""City of Centreville""",,1,True
www.youtube.com,channel=@CityofCherokeeVillage,us:place:0513450,fallback,archive_study_2026-09-14,"1 solidly-identified archive page(s), e.g. /m/cherokee-village-ar-2026-01-16-cherokee-village-city-council-meeting-january-15t; owner title ""City of Cherokee Village""",,1,True
www.youtube.com,channel=@CityofClayton,us:place:2914572,fallback,archive_study_2026-09-14,"1 solidly-identified archive page(s), e.g. /m/clayton-2026-09-09-09-08-2026-city-council-meeting; owner title ""CityofClayton""",,1,True
www.youtube.com,channel=@CityofCoquitlam,ca:csd:5915034,fallback,archive_study_2026-09-14,"1 solidly-identified archive page(s), e.g. /m/coquitlam-bc-2024-12-04-recording-of-virtual-information-session-december-3-2024; owner title ""CityofCoquitlam""",Coquitlam,1,True
www.youtube.com,channel=@CityofCordovaAlaska,us:place:0217410,fallback,archive_study_2026-09-14,"1 solidly-identified archive page(s), e.g. /m/cordova-ak-2026-05-21-may-20-2026-city-council-regular-meeting; owner title ""City of Cordova Alaska""",,1,True
www.youtube.com,channel=@CityofCrawford,us:place:3111195,fallback,archive_study_2026-09-14,"1 solidly-identified archive page(s), e.g. /m/city-of-crawford-2026-04-23-2026-0414-city-council-and-special-hearing-meeting; owner title ""City of Crawford""",,1,True
www.youtube.com,channel=@CityofCreedmoorNC,us:place:3715320,fallback,archive_study_2026-09-14,"1 solidly-identified archive page(s), e.g. /m/creedmoor-nc-2024-04-12-copy-of-city-of-creedmoor-nc-board-of-commissioners-regu; owner title ""CITY OF CREEDMOOR, NC""",,1,True
www.youtube.com,channel=@CityofDP,us:place:2918253,fallback,archive_study_2026-09-14,"1 solidly-identified archive page(s), e.g. /m/dardenne-prairie-mo-2026-09-10-september-9-2026-planning-zoning-meeting; owner title ""City of Dardenne Prairie""",,1,True
www.youtube.com,channel=@CityofDicksonTN,us:place:4720620,fallback,archive_study_2026-09-14,"1 solidly-identified archive page(s), e.g. /m/dickson-tn-2026-09-02-city-of-dickson-city-council-meeting; owner title ""City of Dickson, TN""",,1,True
www.youtube.com,channel=@CityofDublinGA,us:place:1324376,fallback,archive_study_2026-09-14,"1 solidly-identified archive page(s), e.g. /m/dublin-2026-09-05-city-council-meeting-9-3-26; owner title ""City of Dublin GA""",,1,True
www.youtube.com,channel=@CityofDuluthGAOfficial,us:place:1324600,fallback,archive_study_2026-09-14,"1 solidly-identified archive page(s), e.g. /m/duluth-ga-2025-06-18-conversations-with-council-bunten-rd-park-resurfacing-proje; owner title ""City of Duluth, GA""",,1,True
www.youtube.com,channel=@CityofElCampoTexas,us:place:4822864,fallback,archive_study_2026-09-14,"1 solidly-identified archive page(s), e.g. /m/el-campo-tx-2026-09-08-city-of-el-campo-city-council-special-called-meeting-sept; owner title ""City of El Campo, Texas""",,1,True
www.youtube.com,channel=@CityofEldridgeIowa,us:place:1924600,fallback,archive_study_2026-09-14,"1 solidly-identified archive page(s), e.g. /m/eldridge-ia-2026-09-10-2026-09-09-special-committee-of-the-whole; owner title ""City of Eldridge, Iowa""",,1,True
www.youtube.com,channel=@CityofEllsworthMaine,us:place:2323200,fallback,archive_study_2026-09-14,"1 solidly-identified archive page(s), e.g. /m/ellsworth-me-2026-08-24-finance-committee-meeting-august-24th-2026; owner title ""City of Ellsworth, Maine""",,1,True
www.youtube.com,channel=@CityofErie,us:place:4224000,fallback,archive_study_2026-09-14,"1 solidly-identified archive page(s), e.g. /m/erie-2026-09-03-city-council-meeting-september-2-2026; owner title ""CityofErie""",,1,True
www.youtube.com,channel=@CityofFairfaxIA,us:place:1926400,fallback,archive_study_2026-09-14,"1 solidly-identified archive page(s), e.g. /m/fairfax-ia-2026-07-29-city-of-fairfax-iowa-07-28-2026-city-council-meeting-speci; owner title ""City of Fairfax, Iowa""",,1,True
www.youtube.com,channel=@CityofFishers,us:place:1823278,fallback,archive_study_2026-09-14,"1 solidly-identified archive page(s), e.g. /m/fishers-in-2026-06-23-finance-committee-6-15-2026; owner title ""City of Fishers""",,1,True
www.youtube.com,channel=@CityofFranklinWIGov,us:place:5527300,fallback,archive_study_2026-09-14,"1 solidly-identified archive page(s), e.g. /m/franklin-2026-08-25-public-informational-hearing-for-wetland-disturbance-8-25-20; owner title ""City of Franklin WI""",,1,True
www.youtube.com,channel=@CityofGardenCityKansas,us:place:2025325,fallback,archive_study_2026-09-14,"1 solidly-identified archive page(s), e.g. /m/garden-city-city-ks-2026-06-16-june-16-2026-city-commission-meeting; owner title ""City of Garden City, Kansas""",,1,True
www.youtube.com,channel=@CityofGardenCityMO,us:place:2926434,fallback,archive_study_2026-09-14,"1 solidly-identified archive page(s), e.g. /m/city-of-garden-city-2026-09-02-september-1-2026-regular-meeting; owner title ""City of Garden City""",,1,True
www.youtube.com,channel=@CityofGardena,us:place:0628168,fallback,archive_study_2026-09-14,"1 solidly-identified archive page(s), e.g. /m/gardena-2025-08-26-planning-commission-meeting-august-19-2025; owner title ""CityofGardena""",,1,True
www.youtube.com,channel=@CityofGaribaldi,us:place:4128000,fallback,archive_study_2026-09-14,"1 solidly-identified archive page(s), e.g. /m/garibaldi-or-2026-08-18-city-of-garibaldi-council-meeting-august-17-2026; owner title ""City of Garibaldi""",,1,True
www.youtube.com,channel=@CityofGibraltar,us:place:2632020,fallback,archive_study_2026-09-14,"1 solidly-identified archive page(s), e.g. /m/gibraltar-mi-2026-09-09-special-planning-commission-meeting-9-8-2026; owner title ""City of Gibraltar""",,1,True
www.youtube.com,channel=@CityofGlendive,us:place:3031450,fallback,archive_study_2026-09-14,"1 solidly-identified archive page(s), e.g. /m/glendive-mt-2026-09-02-9-1-26-regular-council-meeting; owner title ""City of Glendive""",,1,True
www.youtube.com,channel=@CityofGoldendale,us:place:5327435,fallback,archive_study_2026-09-14,"1 solidly-identified archive page(s), e.g. /m/goldendale-wa-2026-09-09-09082026-council-meeting-video; owner title ""City of Goldendale""",,1,True
www.youtube.com,channel=@CityofGraniteFalls,us:place:2725280,fallback,archive_study_2026-09-14,"1 solidly-identified archive page(s), e.g. /m/city-of-granite-falls-2026-07-14-granite-falls-city-council-7-6-2026; owner title ""City of Granite Falls""",,1,True
www.youtube.com,channel=@CityofGreenIsle,us:place:2725658,fallback,archive_study_2026-09-14,"1 solidly-identified archive page(s), e.g. /m/green-isle-city-mn-2026-09-09-city-of-green-isle-city-council-meeting-09-08-2026; owner title ""City of Green Isle""",,1,True
www.youtube.com,channel=@CityofGreenfieldCA,us:place:0630994,fallback,archive_study_2026-09-14,"1 solidly-identified archive page(s), e.g. /m/greenfield-ca-2026-08-05-august-4-2026-planning-commission-meeting; owner title ""City Of Greenfield""",,1,True
www.youtube.com,channel=@CityofHardin,us:place:3034225,fallback,archive_study_2026-09-14,"1 solidly-identified archive page(s), e.g. /m/hardin-mt-2026-09-02-090126-public-hearing-final-budget-taxes-levies-and-council; owner title ""City of Hardin""",,1,True
www.youtube.com,channel=@CityofHighSprings,us:place:1230525,fallback,archive_study_2026-09-14,"1 solidly-identified archive page(s), e.g. /m/high-springs-fl-2025-08-18-city-manager-jeremy-marshall-invites-you-to-attend-an; owner title ""City of High Springs""",,1,True
www.youtube.com,channel=@CityofIndianolaIowa,us:place:1938280,fallback,archive_study_2026-09-14,"1 solidly-identified archive page(s), e.g. /m/city-of-indianola-ia-2026-07-06-city-council-july-6th-2026; owner title ""City of Indianola, Iowa""",,1,True
www.youtube.com,channel=@CityofIsleofPalmsLivestream,us:place:4536115,fallback,archive_study_2026-09-14,"1 solidly-identified archive page(s), e.g. /m/isle-of-palms-sc-2026-04-02-beach-renourishment-easement-information-session-apr; owner title ""City of Isle of Palms""",,1,True
www.youtube.com,channel=@CityofJosephine,us:place:4838068,fallback,archive_study_2026-09-14,"1 solidly-identified archive page(s), e.g. /m/josephine-tx-2026-09-08-planning-and-zoning-meeting-september-8-2026; owner title ""City of Josephine, TX""",,1,True
www.youtube.com,channel=@CityofKankakeeIllinois,us:place:1738934,fallback,archive_study_2026-09-14,"1 solidly-identified archive page(s), e.g. /m/kankakee-city-il-2026-04-14-city-of-kankakee-budget-committee-livestream; owner title ""City of Kankakee Illinois (City of Kankakee)""",Kankakee city,1,True
www.youtube.com,channel=@CityofKingmanKS,us:place:2036950,fallback,archive_study_2026-09-14,"1 solidly-identified archive page(s), e.g. /m/city-of-kingman-2026-04-13-4-9-2026-commission-meeting; owner title ""City of Kingman""",,1,True
www.youtube.com,channel=@CityofLakeStevens,us:place:5337900,fallback,archive_study_2026-09-14,"1 solidly-identified archive page(s), e.g. /m/lake-stevens-wa-2026-08-06-planning-commission-meeting-of-august-5-2025; owner title ""City of Lake Stevens""",,1,True
www.youtube.com,channel=@CityofLakewoodWA,us:place:5338038,fallback,archive_study_2026-09-14,"1 solidly-identified archive page(s), e.g. /m/city-of-lakewood-2026-08-13-8-13-26-necc-urban-forestry-task-force-meeting; owner title ""City of Lakewood""",,1,True
www.youtube.com,channel=@CityofLewistown,us:place:3043375,fallback,archive_study_2026-09-14,"1 solidly-identified archive page(s), e.g. /m/lewistown-mt-2026-09-04-special-meeting-of-the-lewistown-montana-city-commission; owner title ""City of Lewistown""",,1,True
www.youtube.com,channel=@CityofLosFresnosTX,us:place:4844116,fallback,archive_study_2026-09-14,"1 solidly-identified archive page(s), e.g. /m/los-fresnos-tx-2024-07-09-july-2024-cdc-meeting; owner title ""City of Los Fresnos""",,1,True
www.youtube.com,channel=@CityofLovesPark,us:place:1745031,fallback,archive_study_2026-09-14,"1 solidly-identified archive page(s), e.g. /m/loves-park-il-2024-09-24-loves-park-city-council-meeting-9-16-2024; owner title ""CityofLovesPark""",,1,True
www.youtube.com,channel=@CityofMarseillesIllinois,us:place:1747150,fallback,archive_study_2026-09-14,"1 solidly-identified archive page(s), e.g. /m/marseilles-il-2025-11-06-11-05-25-city-of-marseilles-public-hearing; owner title ""City of Marseilles Illinois""",,1,True
www.youtube.com,channel=@CityofMedicalLake,us:place:5344690,fallback,archive_study_2026-09-14,"1 solidly-identified archive page(s), e.g. /m/medical-lake-wa-2025-05-14-hearing-examiner-public-hearing-for-lu-2024-032; owner title ""City of Medical Lake""",,1,True
www.youtube.com,channel=@CityofMemphisTexas,us:place:4847616,fallback,archive_study_2026-09-14,"1 solidly-identified archive page(s), e.g. /m/city-of-memphis-2026-06-11-special-city-council-meeting-may-18-2026; owner title ""City of Memphis""",,1,True
www.youtube.com,channel=@CityofMenahga,us:place:2741660,fallback,archive_study_2026-09-14,"1 solidly-identified archive page(s), e.g. /m/menahga-mn-2025-03-06-06-march-2025-city-of-menahga-planning-and-zoning-commissi; owner title ""City of Menahga""",,1,True
www.youtube.com,channel=@CityofMolallaOregon1913,us:place:4149450,fallback,archive_study_2026-09-14,"1 solidly-identified archive page(s), e.g. /m/molalla-or-2025-06-06-molalla-planning-commission-meeting-for-june-4-2025; owner title ""City of Molalla | Oregon""",,1,True
www.youtube.com,channel=@CityofMonroe-CityCouncil,us:place:2251410,fallback,archive_study_2026-09-14,"1 solidly-identified archive page(s), e.g. /m/monroe-city-la-2026-09-10-city-council-meeting-september-8-2026; owner title ""City of Monroe - City Council""",,1,True
www.youtube.com,channel=@CityofMontpelier-sd6wd,us:place:1850796,fallback,archive_study_2026-09-14,"1 solidly-identified archive page(s), e.g. /m/montpelier-in-2025-10-13-city-of-montpelier-city-council-meeting-10-13-2025; owner title ""City of Montpelier, Indiana""",,1,True
www.youtube.com,channel=@CityofMountClemens,us:place:2655820,fallback,archive_study_2026-09-14,"1 solidly-identified archive page(s), e.g. /m/mount-clemens-mi-2026-09-09-mount-clemens-city-commission-work-session-9-8-26; owner title ""City of Mount Clemens""",,1,True
www.youtube.com,channel=@CityofNewEllenton29809,us:place:4549705,fallback,archive_study_2026-09-14,"1 solidly-identified archive page(s), e.g. /m/new-ellenton-sc-2026-08-14-city-council-meeting-7-20-26; owner title ""City of New Ellenton""",,1,True
www.youtube.com,channel=@CityofNewLondonWI,us:place:5556925,fallback,archive_study_2026-09-14,"1 solidly-identified archive page(s), e.g. /m/new-london-wi-2026-04-25-april-21-2026-common-council-meeting; owner title ""City of New London, WI""",,1,True
www.youtube.com,channel=@CityofNisswaMN,us:place:2746348,fallback,archive_study_2026-09-14,"1 solidly-identified archive page(s), e.g. /m/nisswa-mn-2025-11-05-november-4th-2025-planning-commission-board-of-adjustment; owner title ""City of Nisswa, MN""",,1,True
www.youtube.com,channel=@CityofNixa,us:place:2952616,fallback,archive_study_2026-09-14,"1 solidly-identified archive page(s), e.g. /m/nixa-mo-2026-07-15-city-council-7-14-2026; owner title ""CityofNixa""",,1,True
www.youtube.com,channel=@CityofOakCreek,us:place:5558800,fallback,archive_study_2026-09-14,"1 solidly-identified archive page(s), e.g. /m/oak-creek-wi-2026-09-02-common-council-september-1-2026; owner title ""City of Oak Creek""",,1,True
www.youtube.com,channel=@CityofOrangeCityIowa,us:place:1959475,fallback,archive_study_2026-09-14,"1 solidly-identified archive page(s), e.g. /m/orange-city-ia-2025-08-20-8-18-25-council-meeting; owner title ""City of Orange City Iowa""",,1,True
www.youtube.com,channel=@CityofParisKY,us:place:2159196,fallback,archive_study_2026-09-14,"1 solidly-identified archive page(s), e.g. /m/paris-ky-2026-08-25-city-commission-meeting; owner title ""City of Paris KY""",,1,True
www.youtube.com,channel=@CityofPhoenixOregon,us:place:4157500,fallback,archive_study_2026-09-14,"1 solidly-identified archive page(s), e.g. /m/phoenix-or-2026-09-09-09-08-26-city-council-meeting; owner title ""City of Phoenix, Oregon""",,1,True
www.youtube.com,channel=@CityofPiqua45356,us:place:3962848,fallback,archive_study_2026-09-14,"1 solidly-identified archive page(s), e.g. /m/piqua-oh-2024-12-30-commissioners-committee-on-the-fire-training-facility-decemb; owner title ""City of Piqua""",,1,True
www.youtube.com,channel=@CityofPleasantValleyMO,us:place:2958520,fallback,archive_study_2026-09-14,"1 solidly-identified archive page(s), e.g. /m/pleasant-valley-mo-2026-08-17-regular-board-meeting-17-aug-2026; owner title ""City of Pleasant Valley, MO""",,1,True
www.youtube.com,channel=@CityofPlymouth,us:place:1860822,fallback,archive_study_2026-09-14,"1 solidly-identified archive page(s), e.g. /m/city-of-plymouth-2025-09-23-2025-09-22-plymouth-board-of-public-works-and-safety; owner title ""City of Plymouth""",,1,True
www.youtube.com,channel=@CityofRichmondKY,us:place:2165226,fallback,archive_study_2026-09-14,"1 solidly-identified archive page(s), e.g. /m/richmond-ky-2025-01-29-city-commission-meeting-january-28-2025; owner title ""City of Richmond KY""",,1,True
www.youtube.com,channel=@CityofSaintPeterMinnesota,us:place:2758036,fallback,archive_study_2026-09-14,"1 solidly-identified archive page(s), e.g. /m/st-peter-mn-2026-08-25-august-24-2026-city-council-meeting; owner title ""City of Saint Peter, Minnesota""",,1,True
www.youtube.com,channel=@CityofSalinaKansas,us:place:2062700,fallback,archive_study_2026-09-14,"1 solidly-identified archive page(s), e.g. /m/city-of-salina-2026-08-20-arts-and-humanities-commission-august-19-2026; owner title ""City of Salina""",,1,True
www.youtube.com,channel=@CityofSanGabriel,us:place:0667042,fallback,archive_study_2026-09-14,"1 solidly-identified archive page(s), e.g. /m/san-gabriel-ca-2026-02-20-city-council-regular-meeting-february-17-2026-city-of; owner title ""City of San Gabriel""",,1,True
www.youtube.com,channel=@CityofSandCity-h5g,us:place:0665112,fallback,archive_study_2026-09-14,"1 solidly-identified archive page(s), e.g. /m/sand-city-ca-2026-09-02-city-council-meeting-september-1-2026; owner title ""City of Sand City""",,1,True
www.youtube.com,channel=@CityofSanduskyOH,us:place:3970380,fallback,archive_study_2026-09-14,"1 solidly-identified archive page(s), e.g. /m/city-of-sandusky-2026-07-02-housing-appeals-board-meeting-june-30-2026; owner title ""City of Sandusky""",,1,True
www.youtube.com,channel=@CityofShakopeeMN,us:place:2759350,fallback,archive_study_2026-09-14,"1 solidly-identified archive page(s), e.g. /m/shakopee-mn-2026-08-10-board-of-adjustment-and-appeals-planning-commission-augus; owner title ""City of Shakopee""",,1,True
www.youtube.com,channel=@CityofShawnee1,us:place:2064500,fallback,archive_study_2026-09-14,"1 solidly-identified archive page(s), e.g. /m/shawnee-city-ks-2026-08-25-shawnee-city-council-august-24-2026; owner title ""City of Shawnee, Kansas""",,1,True
www.youtube.com,channel=@CityofSheffieldAlabama,us:place:0169648,fallback,archive_study_2026-09-14,"1 solidly-identified archive page(s), e.g. /m/sheffield-al-2026-09-08-sheffield-city-council-september-8-2026; owner title ""City of Sheffield, Alabama""",,1,True
www.youtube.com,channel=@CityofShelton,us:place:5363735,fallback,archive_study_2026-09-14,"1 solidly-identified archive page(s), e.g. /m/shelton-wa-2026-09-10-city-council-special-meeting-september-8-2026; owner title ""CityofSheltonWA""",,1,True
www.youtube.com,channel=@CityofShreveportLa,us:place:2270000,fallback,archive_study_2026-09-14,"1 solidly-identified archive page(s), e.g. /m/shreveport-la-2026-08-14-clean-water-task-force-meeting; owner title ""City of Shreveport""",,1,True
www.youtube.com,channel=@CityofSouthgate,us:place:2674960,fallback,archive_study_2026-09-14,"1 solidly-identified archive page(s), e.g. /m/southgate-mi-2024-04-09-city-council-meeting-march-18th-2020-part-3; owner title ""City of Southgate - Michigan""",,1,True
www.youtube.com,channel=@CityofTexarkana,us:place:0568810,fallback,archive_study_2026-09-14,"1 solidly-identified archive page(s), e.g. /m/texarkana-ar-2025-12-10-planning-commission-meeting-12-9-25; owner title ""Texarkana City Hall""",,1,True
www.youtube.com,channel=@CityofTiftonGA,us:place:1376476,fallback,archive_study_2026-09-14,"1 solidly-identified archive page(s), e.g. /m/tifton-ga-2026-08-19-8-17-26-council-meeting-and-special-presentation; owner title ""City of Tifton, GA""",,1,True
www.youtube.com,channel=@CityofTrailLocalGovernment,ca:csd:5905014,fallback,archive_study_2026-09-14,"1 solidly-identified archive page(s), e.g. /m/trail-bc-2026-09-09-september-8-2026-regular-council-meeting; owner title ""City of Trail Local Government""",Trail,1,True
www.youtube.com,channel=@CityofViroqua,us:place:5582925,fallback,archive_study_2026-09-14,"1 solidly-identified archive page(s), e.g. /m/viroqua-city-wi-2026-08-27-common-council-meeting-8-25-2026; owner title ""City of Viroqua""",,1,True
www.youtube.com,channel=@CityofWestChicago,us:place:1780060,fallback,archive_study_2026-09-14,"1 solidly-identified archive page(s), e.g. /m/west-chicago-il-2026-08-28-august-26-2026-city-of-west-chicago-fy2027-community; owner title ""CityofWestChicago""",,1,True
www.youtube.com,channel=@CityofWilsonvilleOR,us:place:4182800,fallback,archive_study_2026-09-14,"1 solidly-identified archive page(s), e.g. /m/wilsonville-or-2026-06-11-planning-commission-meeting-june-10-2026; owner title ""City of Wilsonville, OR""",,1,True
www.youtube.com,channel=@CityofWoodway,us:place:4880224,fallback,archive_study_2026-09-14,"1 solidly-identified archive page(s), e.g. /m/city-of-woodway-2026-05-26-woodway-city-council-meeting-5-18-26-5-30pm; owner title ""City of Woodway""",,1,True
www.youtube.com,channel=@CityofWynne,us:place:0577090,fallback,archive_study_2026-09-14,"1 solidly-identified archive page(s), e.g. /m/wynne-ar-2026-09-09-city-of-wynne-september-2026-city-council-meeting; owner title ""City of Wynne""",,1,True
www.youtube.com,channel=@CityofYelmGovernment,us:place:5380220,fallback,archive_study_2026-09-14,"1 solidly-identified archive page(s), e.g. /m/yelm-wa-2026-08-19-planning-commission-meeting-8-18-26; owner title ""City of Yelm Government""",,1,True
www.youtube.com,channel=@CityofZionIllinois,us:place:1784220,fallback,archive_study_2026-09-14,"1 solidly-identified archive page(s), e.g. /m/zion-il-2026-01-22-city-of-zion-illinois-city-council-meeting-january-20-2026; owner title ""City of Zion, Illinois""",,1,True
www.youtube.com,channel=@ClackCoTV,us:county:41005,fallback,archive_study_2026-09-14,"1 solidly-identified archive page(s), e.g. /m/clackamas-county-or-2026-09-10-board-of-county-commissioners-meeting-september-1; owner title ""#ClackCo TV""",,1,True
www.youtube.com,channel=@ClearwaterCounty,ca:csd:4809002,fallback,archive_study_2026-09-14,"1 solidly-identified archive page(s), e.g. /m/clearwater-county-ab-2026-06-12-special-council-meeting-12-jun-2026; owner title ""Clearwater County""",Clearwater County,1,True
www.youtube.com,channel=@ClerkTreasurer,us:place:1883564,fallback,archive_study_2026-09-14,"1 solidly-identified archive page(s), e.g. /m/wheatland-in-2026-06-02-wheatland-indiana-town-board-meeting-june-1st-2026; owner title ""Town of Wheatland Clerk Treasurer""",,1,True
www.youtube.com,channel=@ClintonCommunityTV,us:cousub:2502714395,fallback,archive_study_2026-09-14,"1 solidly-identified archive page(s), e.g. /m/clinton-ma-2026-09-10-clinton-select-board-9-9-26; owner title ""Clinton Mass""",,1,True
www.youtube.com,channel=@ColeCountyMo,us:county:29051,fallback,archive_study_2026-09-14,"1 solidly-identified archive page(s), e.g. /m/cole-county-mo-2026-09-08-9-8-2026-cole-county-commission-meeting; owner title ""ColeCountyMo""",,1,True
www.youtube.com,channel=@ColumbianaOH,us:place:3917036,fallback,archive_study_2026-09-14,"1 solidly-identified archive page(s), e.g. /m/columbiana-oh-2026-09-03-city-council-meeting-september-1-2026; owner title ""City of Columbiana""",,1,True
www.youtube.com,channel=@ColumbusMIS,us:county:37047,fallback,archive_study_2026-09-14,"1 solidly-identified archive page(s), e.g. /m/columbus-county-nc-2026-08-17-meeting-08-17-2026-part-1; owner title ""Columbus County""",,1,True
www.youtube.com,channel=@ConshohockenBorough,us:place:4215848,fallback,archive_study_2026-09-14,"1 solidly-identified archive page(s), e.g. /m/conshohocken-pa-2026-08-07-borough-of-conshohocken-regular-meeting-august-5-2026; owner title ""Borough of Conshohocken""",,1,True
www.youtube.com,channel=@CoriHerndon,us:county:18171,fallback,archive_study_2026-09-14,"1 solidly-identified archive page(s), e.g. /m/warren-county-in-2026-09-08-september-08-2026-commissioner-meeting; owner title ""Cori Herndon""",,1,True
www.youtube.com,channel=@CountyofElkPA,us:county:42047,fallback,archive_study_2026-09-14,"1 solidly-identified archive page(s), e.g. /m/elk-county-pa-2026-09-04-special-salary-board-meeting-september-3-2026; owner title ""County of Elk PA""",,1,True
www.youtube.com,channel=@CountyofPike,us:county:17149,fallback,archive_study_2026-09-14,"1 solidly-identified archive page(s), e.g. /m/pike-county-il-2026-08-26-pike-county-il-august-24-2026-pike-county-board-regula; owner title ""County of Pike""",,1,True
www.youtube.com,channel=@CountyofVolusiagovt,us:county:12127,fallback,archive_study_2026-09-14,"1 solidly-identified archive page(s), e.g. /m/volusia-county-fl-2026-09-03-county-council-thursday-september-3-2026; owner title ""County of Volusia""",,1,True
www.youtube.com,channel=@CountyofnewellAbCa,ca:csd:4802031,fallback,archive_study_2026-09-14,"1 solidly-identified archive page(s), e.g. /m/county-of-newell-2025-06-02-2025-05-31-special-meeting-of-council-aema-request-f; owner title ""County of Newell""",,1,True
www.youtube.com,channel=@CrispCountyBOC,us:county:13081,fallback,archive_study_2026-09-14,"1 solidly-identified archive page(s), e.g. /m/crisp-county-ga-2026-04-15-crisp-county-board-of-commissioners-regular-meeting-o; owner title ""Crisp County BOC""",,1,True
www.youtube.com,channel=@CromwellTown,us:place:1815994,fallback,archive_study_2026-09-14,"1 solidly-identified archive page(s), e.g. /m/cromwell-2026-09-03-cromwell-park-board-meeting-september-3rd-2026; owner title ""Cromwell Town""",,1,True
www.youtube.com,channel=@CumberlandCountyPAPlanning,us:cousub:4204172384,fallback,archive_study_2026-09-14,"1 solidly-identified archive page(s), e.g. /m/south-newton-township-pa-2026-04-29-data-center-information-session; owner title ""Planning in Plain Sight""",,1,True
www.youtube.com,channel=@CynthiaHyde,us:cousub:3611373814,fallback,archive_study_2026-09-14,"1 solidly-identified archive page(s), e.g. /m/thurman-town-ny-2026-07-27-7-23-2026-thurman-special-meeting; owner title ""Cynthia Hyde""",,1,True
www.youtube.com,channel=@CypressCount,ca:csd:4801003,fallback,archive_study_2026-09-14,"1 solidly-identified archive page(s), e.g. /m/cypress-county-2025-02-05-cypress-county-council-meeting-recording-feb-4-2025; owner title ""Cypress County""",,1,True
www.youtube.com,channel=@DCATDanvers,us:cousub:2500916250,fallback,archive_study_2026-09-14,"1 solidly-identified archive page(s), e.g. /m/danvers-ma-2026-02-25-danvers-school-committee-meeting-2-25-26; owner title ""Danvers Community Access Television""",,1,True
www.youtube.com,channel=@DanielsCounty,us:county:30019,fallback,archive_study_2026-09-14,"1 solidly-identified archive page(s), e.g. /m/daniels-county-mt-2026-08-28-august-21-2026-special-meeting-budgets; owner title ""Daniels County""",,1,True
www.youtube.com,channel=@DareCounty,us:county:37055,fallback,archive_study_2026-09-14,"1 solidly-identified archive page(s), e.g. /m/dare-county-nc-2026-09-01-september-1-2026-dare-county-board-of-commissioners-me; owner title ""Dare County""",,1,True
www.youtube.com,channel=@DarienTVCT,us:cousub:0919018850,fallback,archive_study_2026-09-14,"1 solidly-identified archive page(s), e.g. /m/darien-ct-2026-09-09-sewer-commission-9-8-26; owner title ""DarienTV - On Demand & Live Stream""",,1,True
www.youtube.com,channel=@DaytonohioGovt,us:place:3921000,fallback,archive_study_2026-09-14,"1 solidly-identified archive page(s), e.g. /m/dayton-oh-2026-09-03-dayton-city-commission-meeting-9-2-26; owner title ""Dayton, Ohio - City Government""",,1,True
www.youtube.com,channel=@DearbornCountyGov-47025,us:county:18029,fallback,archive_study_2026-09-14,"1 solidly-identified archive page(s), e.g. /m/dearborn-county-in-2026-09-09-plan-commission-meeting-9-9-26; owner title ""Dearborn County IN Government""",Dearborn County,1,True
www.youtube.com,channel=@DearbornHeightsGov,us:place:2621020,fallback,archive_study_2026-09-14,"1 solidly-identified archive page(s), e.g. /m/dearborn-heights-mi-2026-09-09-9-3-2026-dearborn-heights-special-city-council-me; owner title ""Dearborn Heights Government (DHTV)""",,1,True
www.youtube.com,channel=@DelancoTownshipInformation,us:cousub:3400517080,fallback,archive_study_2026-09-14,"1 solidly-identified archive page(s), e.g. /m/delanco-township-nj-2026-08-31-delanco-township-special-committee-meeting-083120; owner title ""Delanco Township Information""",,1,True
www.youtube.com,channel=@DeltaTwp,us:cousub:2604521520,fallback,archive_study_2026-09-14,"1 solidly-identified archive page(s), e.g. /m/delta-charter-township-mi-2026-08-26-august-24-2026-delta-township-planning-comm; owner title ""Delta Township, Michigan""",,1,True
www.youtube.com,channel=@DickinsonCounty,us:county:20041,fallback,archive_study_2026-09-14,"1 solidly-identified archive page(s), e.g. /m/dickinson-county-ks-2024-08-15-commission-meeting-aug-15-2024; owner title ""Dickinson County, KS""",,1,True
www.youtube.com,channel=@DouglasCountyMN-CountyBoard,us:county:27041,fallback,archive_study_2026-09-14,"1 solidly-identified archive page(s), e.g. /m/douglas-county-mn-2026-08-07-8-4-26-regular-board-of-commissioners-meeting-part; owner title ""Douglas County, MN - Board of Commissioners""",,1,True
www.youtube.com,channel=@DoverNewYork,us:cousub:3602720819,fallback,archive_study_2026-09-14,"1 solidly-identified archive page(s), e.g. /m/dover-town-ny-2026-07-20-planning-board; owner title ""Town of Dover NY New York""",,1,True
www.youtube.com,channel=@DunnCountyNorthDakota,us:county:38025,fallback,archive_study_2026-09-14,"1 solidly-identified archive page(s), e.g. /m/dunn-county-2024-11-21-dunn-county-nd-commission-meeting-november-20-2024; owner title ""Dunn County ND""",,1,True
www.youtube.com,channel=@EBTV26,us:cousub:3402319000,fallback,archive_study_2026-09-14,"1 solidly-identified archive page(s), e.g. /m/east-brunswick-township-nj-2026-06-09-eb-township-council-meeting-june-8-2026; owner title ""EBTV""",,1,True
www.youtube.com,channel=@ELCAT01028,us:cousub:2501319645,fallback,archive_study_2026-09-14,"1 solidly-identified archive page(s), e.g. /m/east-longmeadow-ma-2026-06-24-town-council-6-23-26; owner title ""ELCAT01028""",,1,True
www.youtube.com,channel=@EastAmwellTownship,us:cousub:3401918820,fallback,archive_study_2026-09-14,"1 solidly-identified archive page(s), e.g. /m/east-amwell-township-nj-2026-08-17-joint-planning-zoning-board-meeting-august-17; owner title ""East Amwell Township""",,1,True
www.youtube.com,channel=@EastHantsNS,ca:csd:1208008,fallback,archive_study_2026-09-14,"1 solidly-identified archive page(s), e.g. /m/east-hants-ns-2026-07-29-regular-meeting-of-council-july-29-2026; owner title ""Municipality of East Hants""",,1,True
www.youtube.com,channel=@EastManchesterTownship,us:cousub:4213321464,fallback,archive_study_2026-09-14,"1 solidly-identified archive page(s), e.g. /m/east-manchester-township-pa-2026-09-08-september-8-2026-bos-reg-meeting; owner title ""East Manchester Township""",,1,True
www.youtube.com,channel=@EastMolineIL,us:place:1722073,fallback,archive_study_2026-09-14,"1 solidly-identified archive page(s), e.g. /m/east-moline-il-2024-05-03-downtown-east-moline-public-meeting-1-the-bend; owner title ""City of East Moline""",,1,True
www.youtube.com,channel=@EatonCounty1837-mi,us:county:26045,fallback,archive_study_2026-09-14,"2 solidly-identified archive page(s), e.g. /m/eaton-county-mi-2026-09-09-9-9-2026-public-works-human-services-committee; owner title ""Eaton County, MI""",,2,True
www.youtube.com,channel=@EauClaireCounty,us:county:55035,fallback,archive_study_2026-09-14,"1 solidly-identified archive page(s), e.g. /m/eau-claire-county-wi-2026-07-22-july-21-2026-eau-claire-county-board-of-supervis; owner title ""Eau Claire County WI""",Eau Claire County,1,True
www.youtube.com,channel=@ElginOregonCityHall,us:place:4122550,fallback,archive_study_2026-09-14,"1 solidly-identified archive page(s), e.g. /m/elgin-or-2026-09-01-9-31-2026-elgin-community-development-committee; owner title ""Elgin Oregon City Hall""",,1,True
www.youtube.com,channel=@EmmetCountyMI,us:county:26047,fallback,archive_study_2026-09-14,"1 solidly-identified archive page(s), e.g. /m/emmet-county-mi-2026-08-20-emmet-county-boc-regular-meeting-8-20-2026; owner title ""Emmet County""",,1,True
www.youtube.com,channel=@EnjoyLakeForest,us:place:1741105,fallback,archive_study_2026-09-14,"1 solidly-identified archive page(s), e.g. /m/lake-forest-il-2026-09-09-city-council-09-08-2026; owner title ""EnjoyLakeForest""",,1,True
www.youtube.com,channel=@FCATGovernment,us:cousub:2501116670,fallback,archive_study_2026-09-14,"1 solidly-identified archive page(s), e.g. /m/whately-ma-2026-09-10-deerfield-selectboard-september-9-2026; owner title ""FCAT Government""",,1,True
www.youtube.com,channel=@FCATMedia,us:cousub:2501115200,fallback,archive_study_2026-09-14,"1 solidly-identified archive page(s), e.g. /m/conway-ma-2025-12-09-conway-special-town-meeting-december-6-2025; owner title ""FCATMedia""",,1,True
www.youtube.com,channel=@FSSAIndianavideos,us:county:18147,fallback,archive_study_2026-09-14,"1 solidly-identified archive page(s), e.g. /m/spencer-county-in-2026-05-26-ddars-advisory-council-may-20-2026; owner title ""FSSA Indiana""",,1,True
www.youtube.com,channel=@FairbanksNorthStarBorough,us:county:02090,fallback,archive_study_2026-09-14,"1 solidly-identified archive page(s), e.g. /m/fairbanks-north-star-borough-ak-2025-04-09-joint-work-session-with-the-animal-co; owner title ""Fairbanks North Star Borough""",,1,True
www.youtube.com,channel=@FairfieldCoOhio,us:county:39045,fallback,archive_study_2026-09-14,"1 solidly-identified archive page(s), e.g. /m/fairfield-county-oh-2026-07-30-commissioner-davis-talks-strategic-plans-2025-202; owner title ""Fairfield County, Ohio""",,1,True
www.youtube.com,channel=@Fairmont_WV,us:place:5426452,fallback,archive_study_2026-09-14,"1 solidly-identified archive page(s), e.g. /m/fairmont-wv-2022-01-20-january-19th-2022-planning-commission-meeting-for-the-cit; owner title ""City of Fairmont, WV""",,1,True
www.youtube.com,channel=@FallsCityNE,us:place:3116655,fallback,archive_study_2026-09-14,"1 solidly-identified archive page(s), e.g. /m/falls-city-ne-2026-09-10-council-meeting-9-9-2026-falls-city-ne-city-council; owner title ""City of Falls City, NE""",,1,True
www.youtube.com,channel=@FarmingtonHillsMichigan,us:place:2627440,fallback,archive_study_2026-09-14,"1 solidly-identified archive page(s), e.g. /m/farmington-hills-mi-2026-09-08-5-qs-with-council-mayor-theresa-rich; owner title ""Farmington Hills, Michigan""",,1,True
www.youtube.com,channel=@FayetteCountyBOC,us:county:13113,fallback,archive_study_2026-09-14,"1 solidly-identified archive page(s), e.g. /m/fayette-county-ga-2026-02-25-feburary-24th-2026-regular-board-of-elections-meeti; owner title ""Fayette County BOC""",,1,True
www.youtube.com,channel=@FergusCountyMT,us:county:30027,fallback,archive_study_2026-09-14,"1 solidly-identified archive page(s), e.g. /m/fergus-county-mt-2026-07-24-commission-meeting-july-24-2026; owner title ""Fergus County MT""",,1,True
www.youtube.com,channel=@Fiscal-kh3gv,us:cousub:3904515686,fallback,archive_study_2026-09-14,"1 solidly-identified archive page(s), e.g. /m/clearcreek-township-oh-2026-08-24-august-24-2026-regular-meeting-clearcreek-town; owner title ""Fiscal""",,1,True
www.youtube.com,channel=@FlinFlon,ca:csd:4621064,fallback,archive_study_2026-09-14,"1 solidly-identified archive page(s), e.g. /m/flin-flon-part-mb-2026-09-03-regular-meeting-of-council-september-1st-2026; owner title ""City of Flin Flon""",,1,True
www.youtube.com,channel=@FortBranchIndiana,us:place:1824250,fallback,archive_study_2026-09-14,"1 solidly-identified archive page(s), e.g. /m/fort-branch-in-2025-04-23-fort-branch-town-council-4-23-25; owner title ""FortBranchIndiana""",,1,True
www.youtube.com,channel=@FranklinCountyGovernment,us:county:18047,fallback,archive_study_2026-09-14,"1 solidly-identified archive page(s), e.g. /m/franklin-county-in-2026-07-27-7-21-26-health-board-meeting; owner title ""Franklin County Government""",,1,True
www.youtube.com,channel=@FranklinCountyKS,us:county:20059,fallback,archive_study_2026-09-14,"2 solidly-identified archive page(s), e.g. /m/franklin-county-ks-2026-09-09-09-09-2026-franklin-county-board-of-county-commiss; owner title ""Franklin County, KS""",,2,True
www.youtube.com,channel=@FremontCountyCO,us:county:08043,fallback,archive_study_2026-09-14,"1 solidly-identified archive page(s), e.g. /m/fremont-county-co-2026-07-08-fremont-county-special-bocc-meeting-07-08-2026; owner title ""Fremont County, CO""",,1,True
www.youtube.com,channel=@GCGov,us:county:24023,fallback,archive_study_2026-09-14,"1 solidly-identified archive page(s), e.g. /m/garrett-county-md-2025-01-28-public-meeting-january-21-2024-board-of-commissione; owner title ""Garrett County Government""",,1,True
www.youtube.com,channel=@GCTVGuilford,us:cousub:0917034950,fallback,archive_study_2026-09-14,"1 solidly-identified archive page(s), e.g. /m/guilford-ct-2026-09-10-board-of-education-facility-assessment-meeting-9-9-26; owner title ""GCTVGuilford""",,1,True
www.youtube.com,channel=@GarnettKansas,us:place:2025925,fallback,archive_study_2026-09-14,"1 solidly-identified archive page(s), e.g. /m/garnett-ks-2020-12-09-garnett-kansas-city-commission-meeting-12-08-2020; owner title ""Garnett Kansas""",,1,True
www.youtube.com,channel=@GeorgetownME,us:cousub:2302327295,fallback,archive_study_2026-09-14,"1 solidly-identified archive page(s), e.g. /m/georgetown-me-2026-09-10-select-board-meeting-september-8-2026; owner title ""Town of Georgetown, ME""",,1,True
www.youtube.com,channel=@GerrishTownshipMI,us:cousub:2614331960,fallback,archive_study_2026-09-14,"1 solidly-identified archive page(s), e.g. /m/gerrish-township-mi-2026-09-09-gerrish-township-board-meeting-9-8-26; owner title ""Gerrish Township, MI""",,1,True
www.youtube.com,channel=@GoldRiver-BC,ca:csd:5924025,fallback,archive_study_2026-09-14,"1 solidly-identified archive page(s), e.g. /m/gold-river-bc-2026-09-09-village-of-gold-river-s-personal-meeting-room; owner title ""Gold River""",Gold River,1,True
www.youtube.com,channel=@GoshenArkansas,us:place:0527670,fallback,archive_study_2026-09-14,"1 solidly-identified archive page(s), e.g. /m/goshen-ar-2026-08-12-2026-city-of-goshen-arkansas-august-city-council-meeting; owner title ""City of Goshen, Arkansas""",,1,True
www.youtube.com,channel=@GrandForksCounty,us:county:38035,fallback,archive_study_2026-09-14,"1 solidly-identified archive page(s), e.g. /m/grand-forks-county-nd-2025-07-29-7-29-25-grand-forks-county-board-of-commissione; owner title ""Grand Forks County""",,1,True
www.youtube.com,channel=@GrantCountyOregon,us:county:41023,fallback,archive_study_2026-09-14,"1 solidly-identified archive page(s), e.g. /m/grant-county-or-2026-02-11-library-work-session-january-15-2026-at-9-00-28-am-0; owner title ""Grant County Oregon""",,1,True
www.youtube.com,channel=@GreaterAlbanyPublicSchools,us:place:4172600,fallback,archive_study_2026-09-14,"1 solidly-identified archive page(s), e.g. /m/tangent-or-2026-04-08-lrfac-meeting-april-7-2026; owner title ""Greater Albany Public Schools""",,1,True
www.youtube.com,channel=@GrovelandTV,us:cousub:2500927620,fallback,archive_study_2026-09-14,"1 solidly-identified archive page(s), e.g. /m/groveland-ma-2026-09-07-recreation-committee-9-3-2026; owner title ""GrovelandTV""",,1,True
www.youtube.com,channel=@GrovelandTwpVideos,us:cousub:2612535640,fallback,archive_study_2026-09-14,"1 solidly-identified archive page(s), e.g. /m/groveland-township-mi-2026-08-11-groveland-township-board-meeting-8-10-24; owner title ""Groveland Twp (GrovelandTwpVideos)""",,1,True
www.youtube.com,channel=@GtCountySC,us:county:45043,fallback,archive_study_2026-09-14,"1 solidly-identified archive page(s), e.g. /m/georgetown-county-sc-2024-07-15-georgetown-county-capital-projects-sales-tax-com; owner title ""Georgetown County (GtCountySC)""",,1,True
www.youtube.com,channel=@HHSFilmAndBroadcast,us:place:2128594,fallback,archive_study_2026-09-14,"1 solidly-identified archive page(s), e.g. /m/fort-thomas-ky-2020-01-08-fort-thomas-city-council-january-7th-2020; owner title ""FT Film and Broadcast""",,1,True
www.youtube.com,channel=@HampshireWV1754,us:county:54027,fallback,archive_study_2026-09-14,"1 solidly-identified archive page(s), e.g. /m/hampshire-county-wv-2026-09-08-hampshire-county-commission-livestream; owner title ""Hampshire County Commission""",,1,True
www.youtube.com,channel=@HanoverTwpNJ,us:cousub:3402729550,fallback,archive_study_2026-09-14,"1 solidly-identified archive page(s), e.g. /m/hanover-township-nj-2026-08-16-the-august-13-2026-township-of-hanover-nj-committ; owner title ""Township of Hanover, NJ""",,1,True
www.youtube.com,channel=@HarlemTownshipOH,us:cousub:3904133516,fallback,archive_study_2026-09-14,"1 solidly-identified archive page(s), e.g. /m/harlem-township-2026-09-10-9-9-2026-trustee-regular-meeting; owner title ""Harlem Township""",,1,True
www.youtube.com,channel=@HarrisburgNC,us:place:3729800,fallback,archive_study_2026-09-14,"1 solidly-identified archive page(s), e.g. /m/town-of-harrisburg-2025-04-17-harrisburg-board-of-adjustment-february-2024; owner title ""Town of Harrisburg""",,1,True
www.youtube.com,channel=@HarrisvilleCity1962,us:place:4933540,fallback,archive_study_2026-09-14,"1 solidly-identified archive page(s), e.g. /m/harrisville-2026-09-09-harrisville-city-council-meeting-september-8-2026; owner title ""Harrisville City""",,1,True
www.youtube.com,channel=@HarveyElwoodJr,us:county:45075,fallback,archive_study_2026-09-14,"1 solidly-identified archive page(s), e.g. /m/orangeburg-county-sc-2024-05-23-orangeburg-county-council-meeting-may-20-2024-or; owner title ""Harvey Elwood Jr""",,1,True
www.youtube.com,channel=@HaughtonLA,us:place:2233420,fallback,archive_study_2026-09-14,"1 solidly-identified archive page(s), e.g. /m/haughton-la-2025-10-15-september-14-2025-regular-council-meeting; owner title ""Town of Haughton""",,1,True
www.youtube.com,channel=@HaverfordTownship,us:cousub:4204533144,fallback,archive_study_2026-09-14,"1 solidly-identified archive page(s), e.g. /m/haverford-township-pa-2026-01-06-haverford-township-board-of-commissioners-reorg; owner title ""Haverford Township""",,1,True
www.youtube.com,channel=@HenryClayTownshipMunicipalNews,us:cousub:4205133896,fallback,archive_study_2026-09-14,"1 solidly-identified archive page(s), e.g. /m/henry-clay-township-pa-2026-09-05-hct-supervisors-meeting-8-3-2026; owner title ""Henry Clay Township Municipal News""",,1,True
www.youtube.com,channel=@HenryCountyMissouriCommission,us:county:29083,fallback,archive_study_2026-09-14,"1 solidly-identified archive page(s), e.g. /m/henry-county-mo-2026-01-16-commission-meeting-1-15-2025; owner title ""Henry County Missouri Commission""",,1,True
www.youtube.com,channel=@HermosaSouthDakota,us:place:4628300,fallback,archive_study_2026-09-14,"1 solidly-identified archive page(s), e.g. /m/hermosa-sd-2026-09-09-09-08-2026-bot-regular-meeting; owner title ""Hermosa South Dakota""",,1,True
www.youtube.com,channel=@HillCounty-m2t,us:county:30041,fallback,archive_study_2026-09-14,"1 solidly-identified archive page(s), e.g. /m/hill-county-mt-2026-09-04-commissioner-interview-with-clay-vincent-09-04-2026; owner title ""Hill County""",,1,True
www.youtube.com,channel=@HoldenvilleCityCouncilMeetings,us:place:4035400,fallback,archive_study_2026-09-14,"1 solidly-identified archive page(s), e.g. /m/holdenville-ok-2026-06-03-holdenville-city-council-meeting-06-02-2026-only-audio; owner title ""Holdenville City Council Meetings""",,1,True
www.youtube.com,channel=@HomerGlen,us:place:1735835,fallback,archive_study_2026-09-14,"1 solidly-identified archive page(s), e.g. /m/homer-glen-il-2026-09-10-homer-glen-board-meeting-2026-09-09; owner title ""Homer Glen""",,1,True
www.youtube.com,channel=@HoodCountyTX,us:county:48221,fallback,archive_study_2026-09-14,"1 solidly-identified archive page(s), e.g. /m/hood-county-tx-2026-03-10-commissioner-s-court-march-9-2026-special-called-meeti; owner title ""Hood County""",,1,True
www.youtube.com,channel=@HowellTownshipMichigan,us:cousub:2609339560,fallback,archive_study_2026-09-14,"1 solidly-identified archive page(s), e.g. /m/howell-township-mi-2026-03-04-11-20-2025-regular-township-board-meeting; owner title ""Howell Township: Michigan""",,1,True
www.youtube.com,channel=@HowellTownshipTV,us:cousub:3402533300,fallback,archive_study_2026-09-14,"1 solidly-identified archive page(s), e.g. /m/howell-township-nj-2026-09-08-howell-township-planning-board-meeting-9-3-2026; owner title ""Howell Township""",,1,True
www.youtube.com,channel=@ImlayCityMI,us:place:2640320,fallback,archive_study_2026-09-14,"1 solidly-identified archive page(s), e.g. /m/imlay-city-mi-2026-09-02-2026-09-01-city-commission; owner title ""Imlay City""",,1,True
www.youtube.com,channel=@IndianaProud,us:place:1810000,fallback,archive_study_2026-09-14,"1 solidly-identified archive page(s), e.g. /m/campbellsburg-in-2025-10-06-campbellsburg-town-hall-meeting-6-30-pm-6-october-20; owner title ""Rhonda Greene""",,1,True
www.youtube.com,channel=@IowaCountySupervisors,us:county:19095,fallback,archive_study_2026-09-14,"1 solidly-identified archive page(s), e.g. /m/iowa-county-iowa-supervisors-2026-09-04-regular-meeting-sept-4th; owner title ""Iowa County, Iowa,   Supervisors""",,1,True
www.youtube.com,channel=@JacksonCountyOregon,us:county:41029,fallback,archive_study_2026-09-14,"1 solidly-identified archive page(s), e.g. /m/jackson-county-or-2026-08-25-2026-27-budget-committee-hearings-department-presen; owner title ""JacksonCountyOregon""",Jackson County,1,True
www.youtube.com,channel=@JacksonCtyCommission,us:county:01071,fallback,archive_study_2026-09-14,"1 solidly-identified archive page(s), e.g. /m/jackson-county-al-2026-08-25-august-24-2026; owner title ""JacksonCtyCommission""",,1,True
www.youtube.com,channel=@JacksonEvents-jn9kb,us:county:47087,fallback,archive_study_2026-09-14,"1 solidly-identified archive page(s), e.g. /m/jackson-county-tn-2026-06-29-jackson-county-commissioner-s-meeting-06-29-2026; owner title ""Jackson Events""",,1,True
www.youtube.com,channel=@JeffersonCountyMontana,us:county:30043,fallback,archive_study_2026-09-14,"1 solidly-identified archive page(s), e.g. /m/jefferson-county-mt-2026-09-03-commission-fire-restrictions-2026-09-03; owner title ""Jefferson County Montana""",,1,True
www.youtube.com,channel=@JeffersonCountyWISCO,us:county:55055,fallback,archive_study_2026-09-14,"1 solidly-identified archive page(s), e.g. /m/jefferson-county-wi-2024-07-11-jefferson-county-board-meeting-june-11th-2024; owner title ""Jefferson County WI""",,1,True
www.youtube.com,channel=@JerseyCityTV,us:place:3436000,fallback,archive_study_2026-09-14,"1 solidly-identified archive page(s), e.g. /m/jersey-city-nj-2026-09-09-jersey-city-municipal-caucus-meeting-september-8-2026; owner title ""Jersey City TV""",,1,True
www.youtube.com,channel=@JocelynBuck-d5r,us:place:4911000,fallback,archive_study_2026-09-14,"1 solidly-identified archive page(s), e.g. /m/castle-valley-ut-2026-08-20-8-19-2026-town-council-meeting; owner title ""Town of Castle Valley""",,1,True
www.youtube.com,channel=@JosephineCountyOR,us:county:41033,fallback,archive_study_2026-09-14,"1 solidly-identified archive page(s), e.g. /m/josephine-county-or-2017-10-12-cannabis-advisory-panel-meeting-10-10-2017; owner title ""Josephine County""",,1,True
www.youtube.com,channel=@KGVAGov,us:county:51099,fallback,archive_study_2026-09-14,"1 solidly-identified archive page(s), e.g. /m/king-george-county-va-2026-09-03-king-george-wetlands-board-09-03-26; owner title ""King George County Government""",,1,True
www.youtube.com,channel=@KdaleNC,us:place:3736080,fallback,archive_study_2026-09-14,"1 solidly-identified archive page(s), e.g. /m/knightdale-nc-2025-06-21-knightdale-council-meeting-june-18-2025-edited; owner title ""Knightdale, NC""",,1,True
www.youtube.com,channel=@KirklinIndiana,us:place:1839942,fallback,archive_study_2026-09-14,"1 solidly-identified archive page(s), e.g. /m/kirklin-town-in-2026-08-07-kirklin-town-council-meeting-july-13-2026-final; owner title ""Kirklin Indiana""",,1,True
www.youtube.com,channel=@KnightTwpTrustee,us:cousub:1816340212,fallback,archive_study_2026-09-14,"1 solidly-identified archive page(s), e.g. /m/knight-township-in-2026-09-10-knight-board-meeting-public-hearing-of-proposed-20; owner title ""Knight Township Trustee Board Meetings""",,1,True
www.youtube.com,channel=@KnowColumbia,us:place:1715833,fallback,archive_study_2026-09-14,"1 solidly-identified archive page(s), e.g. /m/columbia-il-2025-10-16-2025-10-14-plan-commission; owner title ""KnowColumbia""",,1,True
www.youtube.com,channel=@KnoxCountyMaine,us:county:23013,fallback,archive_study_2026-09-14,"1 solidly-identified archive page(s), e.g. /m/knox-county-me-2026-03-17-march-17th-2026-regular-commission-meeting; owner title ""Knox County, Maine""",,1,True
www.youtube.com,channel=@LTCLowellMA,us:place:2537000,fallback,archive_study_2026-09-14,"1 solidly-identified archive page(s), e.g. /m/lowell-ma-2026-03-12-lowell-license-commission-march-12-2026; owner title ""LTCLowellMA""",,1,True
www.youtube.com,channel=@LafayetteOR,us:place:4140300,fallback,archive_study_2026-09-14,"1 solidly-identified archive page(s), e.g. /m/lafayette-or-2023-10-13-city-of-lafayette-s-city-council-meeting-for-october-202; owner title ""City of Lafayette, Oregon""",,1,True
www.youtube.com,channel=@LakeTownship-BenzieCountyMI,us:cousub:2601944240,fallback,archive_study_2026-09-14,"1 solidly-identified archive page(s), e.g. /m/lake-township-mi-2026-08-10-2026-08-06-board-meeting; owner title ""Lake Twp - Benzie County""",,1,True
www.youtube.com,channel=@LamontCounty,ca:csd:4810058,fallback,archive_study_2026-09-14,"1 solidly-identified archive page(s), e.g. /m/lamont-county-2025-12-10-lamont-county-agricultural-services-board-meeting-decem; owner title ""Lamont County""",,1,True
www.youtube.com,channel=@LanarkHighlands_Council,ca:csd:3509039,fallback,archive_study_2026-09-14,"1 solidly-identified archive page(s), e.g. /m/lanark-highlands-on-2025-12-17-public-information-meeting-10-december-2025; owner title ""Lanark Highlands""",Lanark Highlands,1,True
www.youtube.com,channel=@LangleyCity,ca:csd:5915002,fallback,archive_study_2026-09-14,"1 solidly-identified archive page(s), e.g. /m/langley-2025-11-04-november-3-2025-langley-city-regular-council-meeting; owner title ""LangleyCity""",,1,True
www.youtube.com,channel=@LeroyTownshipOhio,us:cousub:3908542812,fallback,archive_study_2026-09-14,"1 solidly-identified archive page(s), e.g. /m/leroy-township-oh-2026-09-10-trustees-meeting-9-08-2026; owner title ""Leroy Township, Ohio""",,1,True
www.youtube.com,channel=@LetchworthCommunityAccess,us:place:3657243,fallback,archive_study_2026-09-14,"1 solidly-identified archive page(s), e.g. /m/perry-village-ny-2023-12-15-village-of-perry-tree-board-what-is-a-tree-city; owner title ""Letchworth Community Access""",,1,True
www.youtube.com,channel=@LewisCountyNY,us:county:36049,fallback,archive_study_2026-09-14,"1 solidly-identified archive page(s), e.g. /m/lewis-county-ny-2026-06-30-june-2026-atv-round-table-meeting; owner title ""Lewis County""",,1,True
www.youtube.com,channel=@LewisCountyWa,us:county:53041,fallback,archive_study_2026-09-14,"1 solidly-identified archive page(s), e.g. /m/lewis-county-wa-2026-09-08-2026-09-08-bocc-business-meeting; owner title ""LewisCountyWa""",,1,True
www.youtube.com,channel=@LigonierCityMeetings,us:place:1843686,fallback,archive_study_2026-09-14,"1 solidly-identified archive page(s), e.g. /m/ligonier-in-2026-09-10-board-of-works-park-authority-meeting-09-09-2026; owner title ""Ligonier City Meetings & Videos""",,1,True
www.youtube.com,channel=@LimaTownship,us:cousub:2616147460,fallback,archive_study_2026-09-14,"1 solidly-identified archive page(s), e.g. /m/lima-township-mi-2026-04-29-planning-commission-meeting-april-27-2026-audio-only; owner title ""Lima Township, Michigan""",,1,True
www.youtube.com,channel=@LincolnCountyBOCMeetings,us:county:37109,fallback,archive_study_2026-09-14,"1 solidly-identified archive page(s), e.g. /m/lincoln-county-nc-2026-08-17-boc-meeting-august-17-2026; owner title ""Lincoln County BOC Meetings""",,1,True
www.youtube.com,channel=@LincolnCountyOKBOCC,us:county:40081,fallback,archive_study_2026-09-14,"1 solidly-identified archive page(s), e.g. /m/lincoln-county-ok-2026-09-09-lincoln-county-commissioners-meeting-september-8th; owner title ""Lincoln County Board of Commissioners - OK""",,1,True
www.youtube.com,channel=@LisbonLisbon-l9s,us:cousub:0918043230,fallback,archive_study_2026-09-14,"1 solidly-identified archive page(s), e.g. /m/lisbon-ct-2026-04-14-bof-4826-special-meeting; owner title ""Town of Lisbon CT""",,1,True
www.youtube.com,channel=@LitchfieldTV,us:cousub:3301142260,fallback,archive_study_2026-09-14,"1 solidly-identified archive page(s), e.g. /m/litchfield-nh-2024-04-04-conservation-commission-meeting-4-4-24; owner title ""LitchfieldTV""",,1,True
www.youtube.com,channel=@LivingstonParishPresidentsOfc,us:county:22063,fallback,archive_study_2026-09-14,"1 solidly-identified archive page(s), e.g. /m/livingston-parish-la-2024-08-31-the-duties-of-the-livingston-parish-president-an; owner title ""Livingston Parish President's Office""",,1,True
www.youtube.com,channel=@LocalTV3,us:place:1814932,fallback,archive_study_2026-09-14,"1 solidly-identified archive page(s), e.g. /m/connersville-city-in-2026-08-23-emergency-management-town-hall-meeting; owner title ""LocalTV3""",,1,True
www.youtube.com,channel=@LongBeachBroadcast1,us:place:2841680,fallback,archive_study_2026-09-14,"1 solidly-identified archive page(s), e.g. /m/long-beach-ms-2026-08-18-city-of-long-beach-board-of-aldermen-aug-18-2026; owner title ""LongBeachBroadcast1""",,1,True
www.youtube.com,channel=@LongBeachTownship,us:cousub:3402941250,fallback,archive_study_2026-09-14,"1 solidly-identified archive page(s), e.g. /m/long-beach-township-2023-02-17-long-beach-township-public-meeting-january-9-2023; owner title ""Long Beach Township""",,1,True
www.youtube.com,channel=@LoogooteeCity,us:place:1844910,fallback,archive_study_2026-09-14,"1 solidly-identified archive page(s), e.g. /m/loogootee-in-2026-08-03-7-13-2026-city-of-loogootee-board-of-works; owner title ""LoogooteeCity""",,1,True
www.youtube.com,channel=@LordstownVillage,us:place:3944912,fallback,archive_study_2026-09-14,"1 solidly-identified archive page(s), e.g. /m/lordstown-oh-2026-08-26-2026-bpa-regular-meeting-august-18; owner title ""Village of Lordstown""",,1,True
www.youtube.com,channel=@LoudonCityTV3,us:place:4743780,fallback,archive_study_2026-09-14,"1 solidly-identified archive page(s), e.g. /m/loudon-tn-2025-01-09-loudon-city-joint-meeting-6-10-2024; owner title ""Loudon City""",,1,True
www.youtube.com,channel=@LowerFrederickTownship,us:cousub:4209144912,fallback,archive_study_2026-09-14,"1 solidly-identified archive page(s), e.g. /m/lower-frederick-township-pa-2026-09-02-board-of-supervisors-september-1-2026-gen; owner title ""Lower Frederick Township""",,1,True
www.youtube.com,channel=@LowerSouth,us:cousub:4201745112,fallback,archive_study_2026-09-14,"1 solidly-identified archive page(s), e.g. /m/lower-southampton-township-pa-2026-08-13-august-12-2026-board-of-supervisors-mee; owner title ""Lower Southampton Township""",,1,True
www.youtube.com,channel=@LunenburgAccess,us:cousub:2502737420,fallback,archive_study_2026-09-14,"1 solidly-identified archive page(s), e.g. /m/lunenburg-ma-2026-09-11-trust-funds-commission-09-10-26; owner title ""LunenburgAccess""",,1,True
www.youtube.com,channel=@LycomingCountyGovernment,us:county:42081,fallback,archive_study_2026-09-14,"1 solidly-identified archive page(s), e.g. /m/lycoming-county-pa-2023-08-11-prison-board-meeting-8-11-2023; owner title ""Lycoming County Government""",,1,True
www.youtube.com,channel=@LymanTownHall,us:cousub:2303141750,fallback,archive_study_2026-09-14,"1 solidly-identified archive page(s), e.g. /m/lyman-me-2026-04-02-3-30-26-select-board-budget-committee-joint-meeting; owner title ""Lyman Town Hall""",,1,True
www.youtube.com,channel=@MAVERICKCOUNTY-j1o,us:county:48323,fallback,archive_study_2026-09-14,"1 solidly-identified archive page(s), e.g. /m/maverick-county-tx-2026-04-22-2-maverick-county-commissioners-court-april-20-202; owner title ""MAVERICK COUNTY""",,1,True
www.youtube.com,channel=@MD_Taber,ca:csd:4802021,fallback,archive_study_2026-09-14,"1 solidly-identified archive page(s), e.g. /m/taber-ab-2026-04-24-the-municipal-district-of-taber-2026-annual-general-meeting; owner title ""Municipal District of Taber""",,1,True
www.youtube.com,channel=@MadisonCountyOH,us:county:39097,fallback,archive_study_2026-09-14,"1 solidly-identified archive page(s), e.g. /m/madison-county-oh-2026-09-08-board-of-commissioners-meeting-9-8-2026-part-2; owner title ""Commissioners""",,1,True
www.youtube.com,channel=@ManhattanKansasUS,us:place:2044250,fallback,archive_study_2026-09-14,"1 solidly-identified archive page(s), e.g. /m/manhattan-city-ks-2026-08-18-08-18-26-city-commission-meeting; owner title ""City of Manhattan, Kansas""",,1,True
www.youtube.com,channel=@MapleCreekSASK,ca:csd:4704048,fallback,archive_study_2026-09-14,"1 solidly-identified archive page(s), e.g. /m/maple-creek-sk-2025-09-18-2025-2nd-meeting-of-council-january-22; owner title ""MapleCreekSASK""",,1,True
www.youtube.com,channel=@MaplewoodTownshipTV,us:cousub:3401343800,fallback,archive_study_2026-09-14,"1 solidly-identified archive page(s), e.g. /m/maplewood-township-nj-2026-08-11-parker-ave-bike-lanes-community-meeting-mar-3-2; owner title ""Maplewood Township, New Jersey""",,1,True
www.youtube.com,channel=@MariaDevereux-w6e,us:place:4935120,fallback,archive_study_2026-09-14,"1 solidly-identified archive page(s), e.g. /m/hideout-ut-2026-08-03-07-23-2026-town-council-special-meeting; owner title ""Maria Devereux""",,1,True
www.youtube.com,channel=@MarionCountyIowa,us:county:19125,fallback,archive_study_2026-09-14,"1 solidly-identified archive page(s), e.g. /m/marion-county-ia-2026-09-08-marion-county-iowa-9-8-2026-bos-regular-session; owner title ""Marion County Iowa""",,1,True
www.youtube.com,channel=@MarquetteCountyWIMedia,us:county:55077,fallback,archive_study_2026-09-14,"1 solidly-identified archive page(s), e.g. /m/marquette-county-2026-09-09-board-of-health-09-08-2026; owner title ""Marquette County WI""",,1,True
www.youtube.com,channel=@MarshallTownshipMichigan,us:cousub:2602551960,fallback,archive_study_2026-09-14,"1 solidly-identified archive page(s), e.g. /m/marshall-township-mi-2026-09-03-2026-09-01-marshall-township-planning-commission; owner title ""Marshall Township - Michigan""",,1,True
www.youtube.com,channel=@MarshallcountyiaGov,us:county:19127,fallback,archive_study_2026-09-14,"1 solidly-identified archive page(s), e.g. /m/marshall-county-ia-2024-09-11-board-of-supervisors-meeting-9-11-24-audio-only; owner title ""Marshall County Iowa""",,1,True
www.youtube.com,channel=@MayflowerArkansas,us:place:0544750,fallback,archive_study_2026-09-14,"1 solidly-identified archive page(s), e.g. /m/city-of-mayflower-ar-government-2026-02-20-january-27-2026-city-council-meeting; owner title ""City of Mayflower, AR Government""",,1,True
www.youtube.com,channel=@McCormickCountySC,us:county:45065,fallback,archive_study_2026-09-14,"1 solidly-identified archive page(s), e.g. /m/mccormick-county-sc-2025-07-30-mccormick-county-council-town-hall-meeting-7-29-2; owner title ""McCormickCountySC""",,1,True
www.youtube.com,channel=@MedfieldTV,us:cousub:2502139765,fallback,archive_study_2026-09-14,"1 solidly-identified archive page(s), e.g. /m/medfield-ma-2026-09-09-medfield-select-board-meeting-09-8-2026; owner title ""Medfield TV""",,1,True
www.youtube.com,channel=@MendonVideo,us:cousub:2502740255,fallback,archive_study_2026-09-14,"1 solidly-identified archive page(s), e.g. /m/mendon-ma-2025-07-21-2025-7-16-select-board; owner title ""Mendon Video""",,1,True
www.youtube.com,channel=@MercerCo,us:county:38057,fallback,archive_study_2026-09-14,"1 solidly-identified archive page(s), e.g. /m/mercer-county-nd-2026-09-09-mercer-county-commission-special-budget-meeting-09-0; owner title ""Mercer Co""",,1,True
www.youtube.com,channel=@MerriamOrgKansas,us:place:2046000,fallback,archive_study_2026-09-14,"1 solidly-identified archive page(s), e.g. /m/merriam-ks-2026-08-25-merriam-city-council-meeting-august-24-2026; owner title ""City of Merriam Kansas""",,1,True
www.youtube.com,channel=@MesabiCommunityTV,us:place:2702872,fallback,archive_study_2026-09-14,"1 solidly-identified archive page(s), e.g. /m/aurora-city-mn-2026-09-10-mountain-iron-city-council-september-8th-2026; owner title ""Mesabi Community TV""",,1,True
www.youtube.com,channel=@Metro17Valdosta,us:place:1378800,fallback,archive_study_2026-09-14,"1 solidly-identified archive page(s), e.g. /m/valdosta-ga-2026-08-21-regular-meeting-of-the-valdosta-city-council-5-30-pm-thur; owner title ""Metro 17 Valdosta""",,1,True
www.youtube.com,channel=@MiddlesexVA,us:county:51119,fallback,archive_study_2026-09-14,"1 solidly-identified archive page(s), e.g. /m/middlesex-county-va-2026-08-04-board-of-supervisors-august-4-2026-3-00-pm; owner title ""Middlesex County, Virginia""",,1,True
www.youtube.com,channel=@MiltonTownship,us:cousub:1704349451,fallback,archive_study_2026-09-14,"1 solidly-identified archive page(s), e.g. /m/milton-township-il-2026-05-18-board-room-c2-mdfp2-5-6-2026-7-06-17-pm; owner title ""Milton Township Illinois""",,1,True
www.youtube.com,channel=@MineralCountyCommission,us:county:54057,fallback,archive_study_2026-09-14,"1 solidly-identified archive page(s), e.g. /m/mineral-county-wv-2026-05-27-mineral-county-commission-special-meeting-wednesday; owner title ""Mineral County Commission""",,1,True
www.youtube.com,channel=@MinutemanMediaNetwork,us:cousub:2501715060,fallback,archive_study_2026-09-14,"1 solidly-identified archive page(s), e.g. /m/concord-ma-2026-09-09-concord-municipal-light-board-meeting-september-9-2026; owner title ""Minuteman Media Network""",,1,True
www.youtube.com,channel=@MitchellCo66,us:county:19131,fallback,archive_study_2026-09-14,"1 solidly-identified archive page(s), e.g. /m/mitchell-county-ia-2026-09-01-mitchell-county-board-of-supervisors-meeting-9-1-2; owner title ""Mitchell County IA""",,1,True
www.youtube.com,channel=@MnSenateMedia,us:county:27005,fallback,archive_study_2026-09-14,"1 solidly-identified archive page(s), e.g. /m/becker-county-mn-2024-03-07-committee-on-environment-climate-and-legacy-03-07-24; owner title ""Minnesota Senate Media Services""",,1,True
www.youtube.com,channel=@MonmouthCountyNJ,us:county:34025,fallback,archive_study_2026-09-14,"1 solidly-identified archive page(s), e.g. /m/monmouth-county-nj-2026-03-24-monmouth-in-focus-february-2026-edition-organizati; owner title ""Monmouth County Government""",,1,True
www.youtube.com,channel=@MononaCommunityMedia,us:place:5553675,fallback,archive_study_2026-09-14,"1 solidly-identified archive page(s), e.g. /m/monona-wi-2025-06-17-city-council-meeting-june-16-2025; owner title ""Monona Community Media""",,1,True
www.youtube.com,channel=@MonroeCountyMI,us:county:26115,fallback,archive_study_2026-09-14,"1 solidly-identified archive page(s), e.g. /m/monroe-county-mi-2026-02-17-board-of-commissioners-regular-meeting-2-17-2026; owner title ""Monroe County, MI""",,1,True
www.youtube.com,channel=@MonroevilleIndiana-f1p,us:place:1850562,fallback,archive_study_2026-09-14,"1 solidly-identified archive page(s), e.g. /m/monroeville-in-2026-09-03-allen-county-monroeville-town-board-september-2-2026; owner title ""Monroeville Indiana""",,1,True
www.youtube.com,channel=@MorrisTownshipNJOfficial,us:cousub:3402748090,fallback,archive_study_2026-09-14,"1 solidly-identified archive page(s), e.g. /m/morris-township-nj-2026-09-04-township-committee-special-meeting-august-27th-202; owner title ""Morris Township Videos""",,1,True
www.youtube.com,channel=@MountainsideTV,us:place:3448510,fallback,archive_study_2026-09-14,"1 solidly-identified archive page(s), e.g. /m/mountainside-nj-2026-08-21-meeting-mountainside-steve-matejek; owner title ""Mountainside Television""",,1,True
www.youtube.com,channel=@MtPleasantMI,us:place:2656020,fallback,archive_study_2026-09-14,"1 solidly-identified archive page(s), e.g. /m/mt-pleasant-2025-06-06-mt-pleasant-planning-commission-june-5th-2025; owner title ""MtPleasantMI""",,1,True
www.youtube.com,channel=@MunRussellTwp,ca:csd:3502048,fallback,archive_study_2026-09-14,"1 solidly-identified archive page(s), e.g. /m/russell-on-2026-09-01-regular-council-meeting-2026-08-31; owner title ""Municipalité de Russell Township""",Russell,1,True
www.youtube.com,channel=@MunicipalAffairs,ca:csd:4711014,fallback,archive_study_2026-09-14,"1 solidly-identified archive page(s), e.g. /m/davidson-sk-2024-06-13-consider-running-for-council-part-one; owner title ""SK Government Relations""",,1,True
www.youtube.com,channel=@MunicipalityOfYarmouth,ca:csd:1202004,fallback,archive_study_2026-09-14,"1 solidly-identified archive page(s), e.g. /m/yarmouth-ns-2026-07-03-2026-07-02-regular-council-meeting; owner title ""Municipality of the District of Yarmouth""",,1,True
www.youtube.com,channel=@MunicipalityofMiddlesexCentre,ca:csd:3539033,fallback,archive_study_2026-09-14,"1 solidly-identified archive page(s), e.g. /m/middlesex-centre-on-2026-04-30-joint-middlesex-county-candidate-information-sess; owner title ""Municipality of Middlesex Centre""",Middlesex Centre,1,True
www.youtube.com,channel=@MunicipalityofPortHope,ca:csd:3514020,fallback,archive_study_2026-09-14,"1 solidly-identified archive page(s), e.g. /m/port-hope-on-2026-09-02-2026-09-01-committee-of-the-whole-meeting; owner title ""Municipality of Port Hope""",Port Hope,1,True
www.youtube.com,channel=@NCCMC,us:cousub:3611950078,fallback,archive_study_2026-09-14,"1 solidly-identified archive page(s), e.g. /m/new-castle-town-ny-2020-01-29-town-of-new-castle-board-meeting-1-28-20; owner title ""NCCMC""",,1,True
www.youtube.com,channel=@NEWRICHLANDMN,us:place:2745862,fallback,archive_study_2026-09-14,"1 solidly-identified archive page(s), e.g. /m/new-richland-city-mn-2026-08-17-august-10th-regular-city-council-meeting; owner title ""City of New Richland""",,1,True
www.youtube.com,channel=@NYStateParks,us:cousub:3606912100,fallback,archive_study_2026-09-14,"1 solidly-identified archive page(s), e.g. /m/canadice-town-ny-2026-08-05-harriet-hollister-spencer-sra-public-information-mee; owner title ""NY State Parks""",,1,True
www.youtube.com,channel=@NarberthBoroughMeetings-pk2do,us:place:4252664,fallback,archive_study_2026-09-14,"1 solidly-identified archive page(s), e.g. /m/narberth-pa-2026-09-07-borough-council-workshop-meeting-september-3-2026; owner title ""Narberth Borough Meetings""",,1,True
www.youtube.com,channel=@NashCountyNC,us:county:37127,fallback,archive_study_2026-09-14,"1 solidly-identified archive page(s), e.g. /m/nash-county-nc-2026-08-05-8-3-26-commissioners-meeting; owner title ""Nash County, NC""",,1,True
www.youtube.com,channel=@NashobaRegionalSchoolCommittee,us:cousub:2502734165,fallback,archive_study_2026-09-14,"1 solidly-identified archive page(s), e.g. /m/lancaster-ma-2026-06-10-school-committee-june-10th-2026; owner title ""Nashoba Regional School Committee""",,1,True
www.youtube.com,channel=@NatchitochesParish,us:county:22069,fallback,archive_study_2026-09-14,"1 solidly-identified archive page(s), e.g. /m/natchitoches-parish-la-2025-12-09-natchitoches-parish-planning-commission-monday; owner title ""Natchitoches Parish""",,1,True
www.youtube.com,channel=@NaturallyBetterHere,us:county:27001,fallback,archive_study_2026-09-14,"1 solidly-identified archive page(s), e.g. /m/aitkin-county-mn-2026-09-08-aitkin-county-board-meeting-8-september-2026; owner title ""Aitkin County, Naturally Better""",,1,True
www.youtube.com,channel=@NeepawaTV,ca:csd:4615078,fallback,archive_study_2026-09-14,"1 solidly-identified archive page(s), e.g. /m/rosedale-mb-2026-04-09-rm-of-rosedale-council-meeting-march-2026; owner title ""NACTV""",,1,True
www.youtube.com,channel=@NephiCity,us:place:4954220,fallback,archive_study_2026-09-14,"1 solidly-identified archive page(s), e.g. /m/nephi-ut-2026-09-02-city-council-sept-1-2026; owner title ""Nephi City""",,1,True
www.youtube.com,channel=@NewCumberlandBorough,us:place:4253464,fallback,archive_study_2026-09-14,"1 solidly-identified archive page(s), e.g. /m/new-cumberland-pa-2026-01-07-council-re-org-meeting-video-01-05-2026; owner title ""New Cumberland Borough""",,1,True
www.youtube.com,channel=@NewTrierTwp,us:place:1782530,fallback,archive_study_2026-09-14,"1 solidly-identified archive page(s), e.g. /m/winnetka-il-2026-09-08-board-of-trustees; owner title ""NewTrierTwp""",Winnetka village,1,True
www.youtube.com,channel=@NewtonCountyGovernment,us:county:13217,fallback,archive_study_2026-09-14,"1 solidly-identified archive page(s), e.g. /m/newton-county-ga-2026-08-27-boc-regular-meeting-8-18-2026; owner title ""Newton County Government""",,1,True
www.youtube.com,channel=@NibleyCity3200,us:place:4954660,fallback,archive_study_2026-09-14,"1 solidly-identified archive page(s), e.g. /m/nibley-ut-2026-08-28-nibley-city-council-8-26-26; owner title ""Nibley City""",,1,True
www.youtube.com,channel=@NilesTownshipGovcom,us:cousub:1703153013,fallback,archive_study_2026-09-14,"1 solidly-identified archive page(s), e.g. /m/niles-township-il-2026-08-17-2026-08-10boardmeeting; owner title ""NilesTownshipGov.com""",,1,True
www.youtube.com,channel=@NoStaticRadio,us:place:3957750,fallback,archive_study_2026-09-14,"1 solidly-identified archive page(s), e.g. /m/oakwood-village-oh-2026-08-25-village-of-oakwood-meeting-8-25-2026; owner title ""NoStaticRadio""",,1,True
www.youtube.com,channel=@NorfolkCable,us:county:25021,fallback,archive_study_2026-09-14,"1 solidly-identified archive page(s), e.g. /m/norfolk-county-ma-2026-09-09-norfolk-planning-board-meeting-september-8-2026; owner title ""Norfolk Community Television (NCTV)""",Norfolk County,1,True
www.youtube.com,channel=@NorthLoganUT,us:place:4954990,fallback,archive_study_2026-09-14,"1 solidly-identified archive page(s), e.g. /m/north-logan-ut-2026-08-06-city-council-2026-08-05-public-hearing-regarding-prope; owner title ""North Logan, UT Public Meetings""",,1,True
www.youtube.com,channel=@NorthPerthOntario,ca:csd:3531040,fallback,archive_study_2026-09-14,"1 solidly-identified archive page(s), e.g. /m/north-perth-on-2025-12-16-north-perth-council-meeting-december-15th-2025; owner title ""North Perth""",North Perth,1,True
www.youtube.com,channel=@OfficialCityofSouthportNC,us:place:3763400,fallback,archive_study_2026-09-14,"1 solidly-identified archive page(s), e.g. /m/southport-nc-2026-06-11-board-of-aldermen-regular-meeting; owner title ""City of Southport NC""",,1,True
www.youtube.com,channel=@OfficialTownofLunenburg,ca:csd:1206006,fallback,archive_study_2026-09-14,"1 solidly-identified archive page(s), e.g. /m/lunenburg-ns-2026-09-09-september-8-2026-town-of-lunenburg-council-meeting; owner title ""Town of Lunenburg""",,1,True
www.youtube.com,channel=@OkanaganSimilkameen,ca:cd:5907,fallback,archive_study_2026-09-14,"1 solidly-identified archive page(s), e.g. /m/okanagan-similkameen-bc-2026-07-24-district-of-okanagan-falls-information-sessio; owner title ""Regional District Okanagan Similkameen (RDOS)""",,1,True
www.youtube.com,channel=@OrangeTwpNJ,us:cousub:3401313045,fallback,archive_study_2026-09-14,"1 solidly-identified archive page(s), e.g. /m/city-of-orange-township-nj-2026-06-16-june-16-2026-city-of-orange-township-counc; owner title ""Orange Tv""",,1,True
www.youtube.com,channel=@OwensvilleIndiana,us:place:1857528,fallback,archive_study_2026-09-14,"1 solidly-identified archive page(s), e.g. /m/owensville-in-2026-09-01-town-of-owensville-indiana-town-council-meeting-septemb; owner title ""Town Of Owensville, Indiana""",,1,True
www.youtube.com,channel=@OxfordIndiana,us:place:1857546,fallback,archive_study_2026-09-14,"1 solidly-identified archive page(s), e.g. /m/oxford-in-2026-09-08-town-of-oxford-indiana-town-hall-meeting-sep-8-2026-7-00-pm; owner title ""Town of Oxford, Indiana""",,1,True
www.youtube.com,channel=@PCBDD,us:county:39127,fallback,archive_study_2026-09-14,"1 solidly-identified archive page(s), e.g. /m/perry-county-oh-2024-11-20-pcbdd-board-members; owner title ""Perry County Board of Developmental Disabilities""",,1,True
www.youtube.com,channel=@PanamaCity11,us:place:1254700,fallback,archive_study_2026-09-14,"1 solidly-identified archive page(s), e.g. /m/panama-city-fl-2026-08-25-city-of-panama-city-commission-meeting-08252026; owner title ""City of Panama City""",,1,True
www.youtube.com,channel=@ParTroyHills,us:cousub:3402756460,fallback,archive_study_2026-09-14,"1 solidly-identified archive page(s), e.g. /m/parsippany-troy-hills-township-nj-2026-09-02-town-council-meeting-on-9-1-2026; owner title ""Township of Parsippany-Troy Hills""",,1,True
www.youtube.com,channel=@PemiBakerTV,us:cousub:3300902020,fallback,archive_study_2026-09-14,"1 solidly-identified archive page(s), e.g. /m/ashland-nh-2026-02-08-2026-ashland-deliberative-session-2-7-26; owner title ""Pemi Baker TV""",,1,True
www.youtube.com,channel=@PennsaukenTWP,us:cousub:3400757660,fallback,archive_study_2026-09-14,"1 solidly-identified archive page(s), e.g. /m/pennsauken-township-nj-2026-09-03-pennsauken-committee-meeting-september-3-2026; owner title ""Pennsauken Township""",,1,True
www.youtube.com,channel=@PenobscotCountyGovernment,us:county:23019,fallback,archive_study_2026-09-14,"1 solidly-identified archive page(s), e.g. /m/penobscot-county-me-2025-11-26-commissioners-meeting-of-november-26-2025; owner title ""Government of Penobscot County Maine""",,1,True
www.youtube.com,channel=@PeruIlUs61354,us:place:1759234,fallback,archive_study_2026-09-14,"1 solidly-identified archive page(s), e.g. /m/peru-city-il-2026-09-08-regular-meeting-9-8-26; owner title ""City of Peru, Illinois""",,1,True
www.youtube.com,channel=@PineIslandMN,us:place:2751136,fallback,archive_study_2026-09-14,"1 solidly-identified archive page(s), e.g. /m/pine-island-city-mn-2026-09-10-2026-2-17-pine-island-city-council; owner title ""City of Pine Island""",,1,True
www.youtube.com,channel=@PingreeGroveVillage,us:place:1759988,fallback,archive_study_2026-09-14,"1 solidly-identified archive page(s), e.g. /m/pingree-grove-il-2026-08-03-vbd-08-03-2026; owner title ""Pingree Grove""",,1,True
www.youtube.com,channel=@PittsfieldTwp,us:cousub:2616164560,fallback,archive_study_2026-09-14,"1 solidly-identified archive page(s), e.g. /m/pittsfield-charter-township-mi-2026-09-09-pittsfield-charter-township-board-of-t; owner title ""Pittsfield Charter Township""",,1,True
www.youtube.com,channel=@PleasantRidgeCity,us:place:2664900,fallback,archive_study_2026-09-14,"1 solidly-identified archive page(s), e.g. /m/pleasant-ridge-mi-2026-05-13-pleasant-ridge-city-commission-may-12-2026; owner title ""City of Pleasant Ridge""",,1,True
www.youtube.com,channel=@PleasantonKS-CouncilMeeting,us:place:2056450,fallback,archive_study_2026-09-14,"1 solidly-identified archive page(s), e.g. /m/pleasanton-ks-2026-09-08-pleasanton-city-rnr-budget-hearing-council-meeting; owner title ""City of Pleasanton, KS""",,1,True
www.youtube.com,channel=@PlymouthTownshipPA,us:cousub:4209161664,fallback,archive_study_2026-09-14,"1 solidly-identified archive page(s), e.g. /m/plymouth-township-pa-2026-01-07-plymouth-township-council-reorganization-meeting; owner title ""Plymouth Township, PA""",,1,True
www.youtube.com,channel=@PolkCoGov,us:county:27119,fallback,archive_study_2026-09-14,"1 solidly-identified archive page(s), e.g. /m/polk-county-mn-2026-06-23-6-23-26-polk-county-board-meeting; owner title ""Polk County Government""",,1,True
www.youtube.com,channel=@PonderaCounty,us:county:30073,fallback,archive_study_2026-09-14,"1 solidly-identified archive page(s), e.g. /m/pondera-county-mt-2026-09-02-september-2-commissioner-meeting; owner title ""Pondera County""",,1,True
www.youtube.com,channel=@PottawattamieCountyIA,us:county:19155,fallback,archive_study_2026-09-14,"1 solidly-identified archive page(s), e.g. /m/pottawattamie-county-ia-2026-09-09-board-of-supervisors-open-session-september-8; owner title ""Pottawattamie County, IA""",,1,True
www.youtube.com,channel=@PresidioCommissionersCourt,us:county:48377,fallback,archive_study_2026-09-14,"1 solidly-identified archive page(s), e.g. /m/presidio-county-tx-2026-01-16-01-14-26-commissioners-court-regular-meeting-2; owner title ""Presidio County Commissioners Court""",,1,True
www.youtube.com,channel=@RGCTV,us:place:4862168,fallback,archive_study_2026-09-14,"1 solidly-identified archive page(s), e.g. /m/rio-grande-city-tx-2026-08-20-rgc-special-commission-meeting-august-20-2026; owner title ""RGC TV""",,1,True
www.youtube.com,channel=@RMofSte.AnneMB,ca:csd:4602057,fallback,archive_study_2026-09-14,"1 solidly-identified archive page(s), e.g. /m/ste-anne-mb-2026-09-09-council-meeting-september-9-2026; owner title ""RM of Ste. Anne""",,1,True
www.youtube.com,channel=@RedRiverNewMexico,us:place:3562200,fallback,archive_study_2026-09-14,"1 solidly-identified archive page(s), e.g. /m/red-river-nm-2026-08-24-8-24-2026-town-council-meeting; owner title ""RedRiverNewMexico""",,1,True
www.youtube.com,channel=@ReneeDeibert,us:county:13291,fallback,archive_study_2026-09-14,"1 solidly-identified archive page(s), e.g. /m/union-county-ga-2026-09-04-august-20-2026-county-meeting; owner title ""Renee Deibert""",,1,True
www.youtube.com,channel=@RichmondCountyNS,ca:cd:1216,fallback,archive_study_2026-09-14,"1 solidly-identified archive page(s), e.g. /m/richmond-ns-2025-07-23-council-special-meeting-2025-07-22-richmond-county; owner title ""Municipality of the County of Richmond""",Richmond,1,True
www.youtube.com,channel=@RioBlancoCountyColorado,us:county:08103,fallback,archive_study_2026-09-14,"1 solidly-identified archive page(s), e.g. /m/rio-blanco-county-co-2025-09-11-september-10-rio-blanco-county-board-of-county-c; owner title ""Rio Blanco County, Colorado""",,1,True
www.youtube.com,channel=@RiponChannel,us:place:5568175,fallback,archive_study_2026-09-14,"1 solidly-identified archive page(s), e.g. /m/ripon-city-wi-2026-09-02-ripon-area-fire-district-board-meeting-9-01-26; owner title ""Ripon Channel""",,1,True
www.youtube.com,channel=@RockCountyMinnesota,us:county:27133,fallback,archive_study_2026-09-14,"1 solidly-identified archive page(s), e.g. /m/rock-county-mn-2026-08-18-rock-county-board-meeting-august-18-2026; owner title ""Rock County, Minnesota""",,1,True
www.youtube.com,channel=@RockCreekVillage,us:place:3967846,fallback,archive_study_2026-09-14,"1 solidly-identified archive page(s), e.g. /m/rock-creek-oh-2026-08-26-council-meeting-8-25-26; owner title ""Village of Rock Creek Ohio""",,1,True
www.youtube.com,channel=@RooseveltCountyPublicMeetings,us:county:30085,fallback,archive_study_2026-09-14,"1 solidly-identified archive page(s), e.g. /m/roosevelt-county-mt-2026-09-08-9-8-26-regular-public-meeting; owner title ""Roosevelt County Montana""",,1,True
www.youtube.com,channel=@RoseValleyBorough,us:place:4266192,fallback,archive_study_2026-09-14,"1 solidly-identified archive page(s), e.g. /m/rose-valley-pa-2025-02-13-rose-valley-borough-council-2-12-25; owner title ""Rose Valley Borough, PA""",,1,True
www.youtube.com,channel=@RothesayNB,ca:csd:1305045,fallback,archive_study_2026-09-14,"1 solidly-identified archive page(s), e.g. /m/rothesay-nb-2023-11-21-public-hearing-monday-november-20-630pm; owner title ""Rothesay NB""",,1,True
www.youtube.com,channel=@RoyCityCorporation,us:place:4965110,fallback,archive_study_2026-09-14,"1 solidly-identified archive page(s), e.g. /m/roy-2026-09-09-september-8-2026-roy-city-planning-commission-meeting; owner title ""Roy City""",,1,True
www.youtube.com,channel=@RussellCountyCommission,us:county:01113,fallback,archive_study_2026-09-14,"1 solidly-identified archive page(s), e.g. /m/russell-county-al-2026-04-28-commission-meeting-april-22-2026; owner title ""Russell County Commission AL""",,1,True
www.youtube.com,channel=@Sackets,us:place:3664408,fallback,archive_study_2026-09-14,"1 solidly-identified archive page(s), e.g. /m/sackets-harbor-ny-2026-09-10-2026-9-8-bot-meeting; owner title ""Village of Sackets Harbor""",,1,True
www.youtube.com,channel=@SaddleBrookTownship,us:cousub:3400365340,fallback,archive_study_2026-09-14,"1 solidly-identified archive page(s), e.g. /m/saddle-brook-township-nj-2026-08-25-saddle-brook-township-council-meeting-august; owner title ""Saddle Brook""",,1,True
www.youtube.com,channel=@SalemCountyGovernment,us:county:34033,fallback,archive_study_2026-09-14,"1 solidly-identified archive page(s), e.g. /m/salem-county-nj-2025-07-24-salem-county-open-public-meeting-07-23-2025; owner title ""Salem County Government""",,1,True
www.youtube.com,channel=@Sammamish,us:place:5361115,fallback,archive_study_2026-09-14,"1 solidly-identified archive page(s), e.g. /m/sammamish-wa-2026-09-10-september-9-2026-human-services-commission-meeting; owner title ""City of Sammamish""",,1,True
www.youtube.com,channel=@ScottTownshipPA,us:cousub:4203768392,fallback,archive_study_2026-09-14,"1 solidly-identified archive page(s), e.g. /m/scott-township-2026-09-10-scott-township-boc-workshop-meeting-september-8-2026; owner title ""Scott Township""",,1,True
www.youtube.com,channel=@SeaTvSouthampton,us:cousub:3610368473,fallback,archive_study_2026-09-14,"1 solidly-identified archive page(s), e.g. /m/southampton-village-ny-2026-09-10-southampton-town-board-9-8-26; owner title ""SeaTv Southampton""",,1,True
www.youtube.com,channel=@SelwynTownship,ca:csd:3515015,fallback,archive_study_2026-09-14,"1 solidly-identified archive page(s), e.g. /m/selwyn-on-2026-05-15-committee-of-adjustments-council-meeting-april-28th-2026; owner title ""SelwynTownship""",,1,True
www.youtube.com,channel=@SenecaCoComm,us:county:39147,fallback,archive_study_2026-09-14,"1 solidly-identified archive page(s), e.g. /m/seneca-county-oh-2026-09-08-board-session-9-8-2026; owner title ""Seneca County Commissioners""",,1,True
www.youtube.com,channel=@SevenValleysBorough,us:place:4269360,fallback,archive_study_2026-09-14,"1 solidly-identified archive page(s), e.g. /m/seven-valleys-pa-2026-05-03-04-06-26-seven-valleys-borough-council-meeting; owner title ""Seven Valleys Borough""",,1,True
www.youtube.com,channel=@SeymourCityHall-fb5le,us:place:1868832,fallback,archive_study_2026-09-14,"1 solidly-identified archive page(s), e.g. /m/seymour-in-2024-11-14-11-14-2024-board-of-works; owner title ""Seymour City Hall""",,1,True
www.youtube.com,channel=@ShelbyvilleGTV,us:place:4767760,fallback,archive_study_2026-09-14,"1 solidly-identified archive page(s), e.g. /m/shelbyville-tn-2026-08-28-shelbyville-municipal-airport-authority-regular-monthl; owner title ""Shelbyville Gov TV""",,1,True
www.youtube.com,channel=@ShenandoahCountyPublicSchools,us:county:51171,fallback,archive_study_2026-09-14,"1 solidly-identified archive page(s), e.g. /m/shenandoah-county-va-2023-04-06-shenandoah-county-bos-public-hearing-on-budget; owner title ""Shenandoah County Public Schools""",,1,True
www.youtube.com,channel=@ShieldsTownship,us:cousub:1709769485,fallback,archive_study_2026-09-14,"1 solidly-identified archive page(s), e.g. /m/shields-sk-2026-08-25-8-20-26-shieldstownship-regular-board-meeting; owner title ""Shields Township""",,1,True
www.youtube.com,channel=@ShreveVillageHall,us:place:3972396,fallback,archive_study_2026-09-14,"1 solidly-identified archive page(s), e.g. /m/shreve-oh-2025-05-21-village-of-shreve-council-meeting-2025-05-19-18-37-edt-reco; owner title ""Shreve Village Hall""",,1,True
www.youtube.com,channel=@ShrewsburyMedia,us:cousub:2502761800,fallback,archive_study_2026-09-14,"1 solidly-identified archive page(s), e.g. /m/shrewsbury-ma-2026-09-04-shrewsbury-planning-board-september-3-2026; owner title ""Shrewsbury Media Connection""",,1,True
www.youtube.com,channel=@SiouxLookoutON,ca:csd:3560034,fallback,archive_study_2026-09-14,"1 solidly-identified archive page(s), e.g. /m/sioux-lookout-on-2026-01-21-tuesday-january-20-2026-municipal-truth-and-reconcil; owner title ""Municipality of Sioux Lookout""",,1,True
www.youtube.com,channel=@SmeeLife,us:cousub:0916016050,fallback,archive_study_2026-09-14,"1 solidly-identified archive page(s), e.g. /m/colebrook-ct-2018-09-08-diy-cardboard-boat; owner title ""Smee Life""",,1,True
www.youtube.com,channel=@SouthburyIT,us:cousub:0914069640,fallback,archive_study_2026-09-14,"1 solidly-identified archive page(s), e.g. /m/southbury-ct-2026-08-18-energy-task-force-meeting-june-16-2026; owner title ""Southbury Town Hall""",,1,True
www.youtube.com,channel=@SouthgateTownship,ca:csd:3542005,fallback,archive_study_2026-09-14,"1 solidly-identified archive page(s), e.g. /m/southgate-on-2023-12-06-2023-12-06-council-meeting; owner title ""Township of Southgate""",Southgate,1,True
www.youtube.com,channel=@SpartaTwp,us:cousub:3403769690,fallback,archive_study_2026-09-14,"1 solidly-identified archive page(s), e.g. /m/sparta-township-nj-2026-09-01-zoning-board-special-meeting-tuesday-september-1-2; owner title ""SpartaTwp""",,1,True
www.youtube.com,channel=@StTammany,us:county:22103,fallback,archive_study_2026-09-14,"1 solidly-identified archive page(s), e.g. /m/mandeville-la-2026-09-09-st-tammany-parish-planning-meeting-september-9-2026; owner title ""STPGtv""",,1,True
www.youtube.com,channel=@Stegentv,us:place:2965034,fallback,archive_study_2026-09-14,"1 solidly-identified archive page(s), e.g. /m/st-mary-mo-2026-08-24-st-mary-mo-usa-board-of-aldermen-august-20-2026; owner title ""Stegentv""",,1,True
www.youtube.com,channel=@SteubenCountyGovernmentIndiana,us:county:18151,fallback,archive_study_2026-09-14,"1 solidly-identified archive page(s), e.g. /m/steuben-county-in-2026-09-08-steuben-county-government-9-8-26-council-budget-ses; owner title ""Steuben County Government Indiana""",,1,True
www.youtube.com,channel=@StoneMountainGov,us:place:1373816,fallback,archive_study_2026-09-14,"1 solidly-identified archive page(s), e.g. /m/stone-mountain-ga-2026-06-18-city-of-stone-mountain-mayor-council-work-session-m; owner title ""City of Stone Mountain""",,1,True
www.youtube.com,channel=@StoreyCountyClerk,us:county:32029,fallback,archive_study_2026-09-14,"1 solidly-identified archive page(s), e.g. /m/storey-county-nv-2026-09-01-2026-09-01-bocc-regular-meeting; owner title ""Storey County Clerk""",,1,True
www.youtube.com,channel=@Strafford_County_NH,us:county:33017,fallback,archive_study_2026-09-14,"1 solidly-identified archive page(s), e.g. /m/strafford-county-nh-2026-08-27-2026-08-27-strafford-county-commissioners-meeting; owner title ""Strafford County""",,1,True
www.youtube.com,channel=@SugarcreekTownship-GreeneCo,us:cousub:3905775201,fallback,archive_study_2026-09-14,"1 solidly-identified archive page(s), e.g. /m/sugarcreek-township-2026-08-18-08-17-26-trustee-meeting; owner title ""Sugarcreek Township""",,1,True
www.youtube.com,channel=@SummitvilleTownof,us:place:1874132,fallback,archive_study_2026-09-14,"1 solidly-identified archive page(s), e.g. /m/summitville-in-2026-07-14-town-council-july-8th-2026-meeting; owner title ""Summitville Town of""",,1,True
www.youtube.com,channel=@SupervisorLyonTownship,us:cousub:2614349840,fallback,archive_study_2026-09-14,"1 solidly-identified archive page(s), e.g. /m/lyon-township-mi-2026-08-20-august-19-2026-regular-meeting-recording; owner title ""Supervisor Lyon Township""",,1,True
www.youtube.com,channel=@SupervisorsWinneshiekCountyIA,us:county:19191,fallback,archive_study_2026-09-14,"1 solidly-identified archive page(s), e.g. /m/winneshiek-county-ia-2026-09-08-winneshiek-county-board-of-supervisors-meeting-2; owner title ""Supervisors Winneshiek County IA""",,1,True
www.youtube.com,channel=@SurryCountyVA,us:place:5176880,fallback,archive_study_2026-09-14,"1 solidly-identified archive page(s), e.g. /m/surry-va-2023-03-06-board-of-supervisors-meeting-march-2-2023-final; owner title ""Surry County Government""",,1,True
www.youtube.com,channel=@SwainCounty,us:county:37173,fallback,archive_study_2026-09-14,"1 solidly-identified archive page(s), e.g. /m/swain-county-nc-2020-03-27-swain-county-board-of-commissioners-special-session-m; owner title ""Swain County Government""",,1,True
www.youtube.com,channel=@SwisherCommunications,us:place:1976890,fallback,archive_study_2026-09-14,"1 solidly-identified archive page(s), e.g. /m/swisher-ia-2026-09-03-swisher-iowa-city-council-and-parks-and-rec-joint-meeting; owner title ""Swisher Communications""",,1,True
www.youtube.com,channel=@TOStrathmore,ca:csd:4805018,fallback,archive_study_2026-09-14,"1 solidly-identified archive page(s), e.g. /m/strathmore-ab-2024-07-05-council-in-chambers-getting-coffee-july-4-2024; owner title ""Strathmore Alberta""",Strathmore,1,True
www.youtube.com,channel=@TaneytownMD,us:place:2476725,fallback,archive_study_2026-09-14,"1 solidly-identified archive page(s), e.g. /m/taneytown-md-2026-09-09-mayor-city-council-workshop-public-hearing-for-september; owner title ""Taneytown MD""",,1,True
www.youtube.com,channel=@TewksburyTV,us:cousub:2501769415,fallback,archive_study_2026-09-14,"1 solidly-identified archive page(s), e.g. /m/tewksbury-ma-2026-09-03-conservation-commission-9-2-26; owner title ""TewksburyTV""",,1,True
www.youtube.com,channel=@TheBrocktonChannels,us:place:2509000,fallback,archive_study_2026-09-14,"1 solidly-identified archive page(s), e.g. /m/brockton-ma-2026-09-09-conservation-commission-meeting-09-02-26; owner title ""TheBrocktonChannels""",Brockton city,1,True
www.youtube.com,channel=@TheCityofBeaumont,us:place:0604758,fallback,archive_study_2026-09-14,"1 solidly-identified archive page(s), e.g. /m/beaumont-ca-2026-09-01-city-council-meeting-9-1-26-city-of-beaumont; owner title ""Beaumontgov""",,1,True
www.youtube.com,channel=@TheCityofOrillia,ca:csd:3543052,fallback,archive_study_2026-09-14,"1 solidly-identified archive page(s), e.g. /m/orillia-on-2026-08-05-sp-meeting-of-council-re-lakehead-university-expansion-and; owner title ""TheCityofOrillia""",Orillia,1,True
www.youtube.com,channel=@TheVillageOfCremona,ca:csd:4806031,fallback,archive_study_2026-09-14,"1 solidly-identified archive page(s), e.g. /m/cremona-ab-2026-05-20-may-19-2026-regular-council-meeting; owner title ""The Village Of Cremona""",,1,True
www.youtube.com,channel=@TheVillageofOakLawn,us:place:1754820,fallback,archive_study_2026-09-14,"1 solidly-identified archive page(s), e.g. /m/oak-lawn-il-2026-09-03-board-of-trustees-meeting-2026-14-august-25th-2026; owner title ""The Village of Oak Lawn""",,1,True
www.youtube.com,channel=@ThetfordTownshipVideo,us:cousub:2604979460,fallback,archive_study_2026-09-14,"1 solidly-identified archive page(s), e.g. /m/thetford-township-mi-2026-01-15-thetford-township-board-of-trustees-january-12-2; owner title ""Thetford Township Clerks Office""",,1,True
www.youtube.com,channel=@TinyTownshipLive,ca:csd:3543068,fallback,archive_study_2026-09-14,"1 solidly-identified archive page(s), e.g. /m/tiny-on-2022-03-18-statutory-public-open-house-for-new-zoning-by-law-session-two; owner title ""Township of Tiny""",Tiny,1,True
www.youtube.com,channel=@TippecanoeCountyGovernment,us:county:18157,fallback,archive_study_2026-09-14,"1 solidly-identified archive page(s), e.g. /m/tippecanoe-county-in-2025-10-01-tippecanoe-county-indiana-apc-exec-ordinance-com; owner title ""Tippecanoe County Government""",,1,True
www.youtube.com,channel=@ToFWCC,us:cousub:5502126725,fallback,archive_study_2026-09-14,"1 solidly-identified archive page(s), e.g. /m/fort-winnebago-town-wi-2026-09-07-september-town-meeting; owner title ""ToFW Video""",,1,True
www.youtube.com,channel=@TooleCounty,us:county:30101,fallback,archive_study_2026-09-14,"1 solidly-identified archive page(s), e.g. /m/toole-county-mt-2024-12-19-12-19-2024-commission-meeting; owner title ""Toole County""",,1,True
www.youtube.com,channel=@TownHillsdaleNewYork,us:cousub:3602134748,fallback,archive_study_2026-09-14,"1 solidly-identified archive page(s), e.g. /m/hillsdale-town-ny-2026-08-26-august-2026-town-of-hillsdale-town-board-meeting; owner title ""Town of  Hillsdale New York""",,1,True
www.youtube.com,channel=@TownLincolnME,us:cousub:2301939475,fallback,archive_study_2026-09-14,"1 solidly-identified archive page(s), e.g. /m/lincoln-2025-09-10-september-8-2025-town-council-meeting; owner title ""Town of Lincoln ME.""",,1,True
www.youtube.com,channel=@TownOfAlbany,us:place:1800802,fallback,archive_study_2026-09-14,"1 solidly-identified archive page(s), e.g. /m/town-of-albany-2026-08-24-08-24-26-council-meeting; owner title ""Town of Albany""",,1,True
www.youtube.com,channel=@TownOfAylmer,ca:csd:3534011,fallback,archive_study_2026-09-14,"1 solidly-identified archive page(s), e.g. /m/aylmer-on-2025-05-15-east-elgin-community-complex-board-meeting-may-14-2025; owner title ""Town of Aylmer Ontario""",Aylmer,1,True
www.youtube.com,channel=@TownOfBethelNC,us:place:3705460,fallback,archive_study_2026-09-14,"1 solidly-identified archive page(s), e.g. /m/bethel-nc-2026-09-01-town-of-bethel-september-1-2026-board-of-commissioners-meet; owner title ""Town of Bethel, NC""",,1,True
www.youtube.com,channel=@TownOfChrisney,us:place:1812574,fallback,archive_study_2026-09-14,"1 solidly-identified archive page(s), e.g. /m/chrisney-in-2026-08-17-town-of-chrisney-town-board-special-meeting-august-17-202; owner title ""Town Of Chrisney""",,1,True
www.youtube.com,channel=@TownOfHydeParkNY,us:cousub:3602737209,fallback,archive_study_2026-09-14,"1 solidly-identified archive page(s), e.g. /m/hyde-park-town-ny-2026-09-03-hyde-park-planning-board9-2-26; owner title ""Town of Hyde Park, NY""",,1,True
www.youtube.com,channel=@TownOfOldsAB,ca:csd:4806034,fallback,archive_study_2026-09-14,"1 solidly-identified archive page(s), e.g. /m/olds-ab-2025-06-10-regular-town-council-meeting-monday-june-9-2025-1-00pm; owner title ""Town of Olds""",Olds,1,True
www.youtube.com,channel=@TownOfOneonta,us:cousub:3607754892,fallback,archive_study_2026-09-14,"1 solidly-identified archive page(s), e.g. /m/oneonta-town-ny-2026-08-19-260812-oneonta-town-board-meeting; owner title ""Town of Oneonta, NY""",,1,True
www.youtube.com,channel=@TownOfOsgood,us:place:1857132,fallback,archive_study_2026-09-14,"1 solidly-identified archive page(s), e.g. /m/osgood-2026-08-18-town-of-osgood-council-meeting-8-18-26; owner title ""TownOfOsgood""",,1,True
www.youtube.com,channel=@TownOfPelham,ca:csd:3526028,fallback,archive_study_2026-09-14,"1 solidly-identified archive page(s), e.g. /m/pelham-on-2026-04-08-town-of-pelham-committee-of-adjustment-april-7-2026; owner title ""TownOf Pelham""",Pelham,1,True
www.youtube.com,channel=@TownOfPound,us:place:5164272,fallback,archive_study_2026-09-14,"1 solidly-identified archive page(s), e.g. /m/town-of-pound-2026-03-13-february-2026-council-meeting; owner title ""Town Of Pound""",,1,True
www.youtube.com,channel=@TownOfSabattusMaine,us:cousub:2300164570,fallback,archive_study_2026-09-14,"1 solidly-identified archive page(s), e.g. /m/sabattus-me-2026-09-08-selectboard-workshop; owner title ""Town Of SabattusMaine""",,1,True
www.youtube.com,channel=@TownOfSiltGovernment,us:place:0870195,fallback,archive_study_2026-09-14,"1 solidly-identified archive page(s), e.g. /m/town-of-silt-government-2026-08-25-silt-co-board-of-trustees-aug-24-2026; owner title ""Town of Silt, Government""",,1,True
www.youtube.com,channel=@TownOfTennyson,us:place:1875302,fallback,archive_study_2026-09-14,"1 solidly-identified archive page(s), e.g. /m/tennyson-in-2026-08-19-town-of-tennyson-council-meeting-august-19-2026-meeting; owner title ""Town Of Tennyson""",,1,True
www.youtube.com,channel=@TownOfWadesboro,us:place:3770380,fallback,archive_study_2026-09-14,"1 solidly-identified archive page(s), e.g. /m/wadesboro-nc-2025-02-06-feb-03-town-council-monthly-meeting-part-3; owner title ""Town Of Wadesboro""",,1,True
www.youtube.com,channel=@TownOfWoodstockVT,us:cousub:5002785975,fallback,archive_study_2026-09-14,"1 solidly-identified archive page(s), e.g. /m/town-of-woodstock-2026-09-01-09-01-26-selectboard; owner title ""Town of Woodstock""",,1,True
www.youtube.com,channel=@TownPiercetonIN,us:place:1859598,fallback,archive_study_2026-09-14,"1 solidly-identified archive page(s), e.g. /m/pierceton-in-2026-07-16-council-meeting-7-14-2026; owner title ""Town of Pierceton""",,1,True
www.youtube.com,channel=@TownofAbitaSprings,us:place:2200240,fallback,archive_study_2026-09-14,"1 solidly-identified archive page(s), e.g. /m/abita-springs-la-2022-11-17-northshore-democratic-women-s-society-monthly-meetin; owner title ""Abita Springs""",,1,True
www.youtube.com,channel=@TownofAmherstMA01002,us:place:2501370,fallback,archive_study_2026-09-14,"1 solidly-identified archive page(s), e.g. /m/town-of-amherst-ma-2026-09-04-board-of-license-commissioners-sep-3-2026; owner title ""Town of Amherst, MA""",,1,True
www.youtube.com,channel=@TownofArgos,us:place:1802044,fallback,archive_study_2026-09-14,"1 solidly-identified archive page(s), e.g. /m/argos-in-2026-09-09-argos-town-council-9-sept-2026; owner title ""Town of Argos""",,1,True
www.youtube.com,channel=@TownofAurora,ca:csd:3519046,fallback,archive_study_2026-09-14,"1 solidly-identified archive page(s), e.g. /m/town-of-aurora-2026-06-24-june-23-2026-council-meeting; owner title ""Town of Aurora""",Aurora,1,True
www.youtube.com,channel=@TownofBelmontMA,us:cousub:2501705070,fallback,archive_study_2026-09-14,"1 solidly-identified archive page(s), e.g. /m/belmont-ma-2026-09-09-gic-information-session-9-2-2026; owner title ""Town of Belmont, MA""",,1,True
www.youtube.com,channel=@TownofBillerica,us:cousub:2501705805,fallback,archive_study_2026-09-14,"1 solidly-identified archive page(s), e.g. /m/billerica-ma-2025-09-30-sb-town-manager-neg-subcommittee-09-19-2025; owner title ""Town of Billerica""",,1,True
www.youtube.com,channel=@TownofBrooklineVT,us:cousub:5002509475,fallback,archive_study_2026-09-14,"1 solidly-identified archive page(s), e.g. /m/brookline-vt-2026-08-20-special-public-meeting-town-of-brookline-building-use-wo; owner title ""Town of Brookline, Vermont""",,1,True
www.youtube.com,channel=@TownofBucksport,us:cousub:2300908815,fallback,archive_study_2026-09-14,"1 solidly-identified archive page(s), e.g. /m/bucksport-me-2026-09-10-town-council-09-10-26; owner title ""Town of Bucksport""",,1,True
www.youtube.com,channel=@TownofCambridgeCity,us:place:1809874,fallback,archive_study_2026-09-14,"1 solidly-identified archive page(s), e.g. /m/cambridge-city-in-2026-09-03-9-3-26-special-meeting-cambridge-city-town-council; owner title ""Town of Cambridge City""",,1,True
www.youtube.com,channel=@TownofCamdenMaine,us:cousub:2301309725,fallback,archive_study_2026-09-14,"1 solidly-identified archive page(s), e.g. /m/camden-me-2026-08-27-camden-select-board-08-25-26-zoom-recording; owner title ""Town of Camden Maine""",,1,True
www.youtube.com,channel=@TownofCastine,us:cousub:2300911265,fallback,archive_study_2026-09-14,"1 solidly-identified archive page(s), e.g. /m/castine-oh-2026-08-18-selectboard-mma-town-and-gown-081726; owner title ""Town of Castine""",,1,True
www.youtube.com,channel=@TownofChester-05143,us:cousub:5002713675,fallback,archive_study_2026-09-14,"1 solidly-identified archive page(s), e.g. /m/town-of-chester-2026-09-08-local-cannabis-control-commission-9-3-26; owner title ""Town of Chester""",,1,True
www.youtube.com,channel=@TownofCollbran,us:place:0815605,fallback,archive_study_2026-09-14,"1 solidly-identified archive page(s), e.g. /m/collbran-co-2025-09-04-bot-regular-meeting-09-03-2025; owner title ""Town of Collbran""",,1,True
www.youtube.com,channel=@TownofCorydon,us:place:1815256,fallback,archive_study_2026-09-14,"1 solidly-identified archive page(s), e.g. /m/corydon-in-2026-09-01-09-01-2026-town-council-meeting; owner title ""Town of Corydon""",,1,True
www.youtube.com,channel=@TownofCumberland,us:place:1816336,fallback,archive_study_2026-09-14,"1 solidly-identified archive page(s), e.g. /m/cumberland-in-2026-09-02-town-council; owner title ""Town of Cumberland""",,1,True
www.youtube.com,channel=@TownofDecaturTennessee,us:place:4719880,fallback,archive_study_2026-09-14,"1 solidly-identified archive page(s), e.g. /m/decatur-tn-2026-08-13-august-11-2026-board-of-aldermen-meeting; owner title ""Town of Decatur, Tennessee""",,1,True
www.youtube.com,channel=@TownofDeerpark,us:cousub:3607119961,fallback,archive_study_2026-09-14,"1 solidly-identified archive page(s), e.g. /m/deerpark-town-ny-2013-08-15-deerpark-town-board-meeting-aug-12-2013; owner title ""Town of Deerpark, Orange County, NY""",,1,True
www.youtube.com,channel=@TownofDidsburyAB,ca:csd:4806032,fallback,archive_study_2026-09-14,"1 solidly-identified archive page(s), e.g. /m/didsbury-ab-2025-12-16-december-15-2025-regular-council-meeting; owner title ""Town of Didsbury""",Didsbury,1,True
www.youtube.com,channel=@TownofDugger,us:place:1818892,fallback,archive_study_2026-09-14,"1 solidly-identified archive page(s), e.g. /m/dugger-in-2026-07-13-july-13-2023-regular-meeting; owner title ""Town of Dugger""",,1,True
www.youtube.com,channel=@TownofEastTroy,us:cousub:5512722125,fallback,archive_study_2026-09-14,"1 solidly-identified archive page(s), e.g. /m/east-troy-town-wi-2026-09-02-09-02-2026-planning-commission-meeting-live-stream; owner title ""Town of East Troy""",,1,True
www.youtube.com,channel=@TownofEaton,us:place:1820080,fallback,archive_study_2026-09-14,"1 solidly-identified archive page(s), e.g. /m/town-of-eaton-2026-09-08-9-8-26-regular-meeting; owner title ""Town of Eaton""",,1,True
www.youtube.com,channel=@TownofElgin,us:place:4523245,fallback,archive_study_2026-09-14,"1 solidly-identified archive page(s), e.g. /m/town-of-elgin-2025-10-24-zoning-board-of-appeals; owner title ""Town of Elgin""",,1,True
www.youtube.com,channel=@TownofElmore,us:cousub:5001523725,fallback,archive_study_2026-09-14,"1 solidly-identified archive page(s), e.g. /m/town-of-elmore-2026-08-13-8-12-2026-esb-meeting; owner title ""Town of Elmore""",,1,True
www.youtube.com,channel=@TownofFarmland,us:place:1822792,fallback,archive_study_2026-09-14,"1 solidly-identified archive page(s), e.g. /m/farmland-in-2026-07-07-july-7-2026-town-council-meeting; owner title ""Town of Farmland""",,1,True
www.youtube.com,channel=@TownofFowlerton,us:place:1825198,fallback,archive_study_2026-09-14,"1 solidly-identified archive page(s), e.g. /m/fowlerton-in-2026-01-13-2026-january-12-town-council-regular-meeting; owner title ""Town of Fowlerton""",,1,True
www.youtube.com,channel=@TownofFranklinFranklinCountyNY,us:cousub:3603327243,fallback,archive_study_2026-09-14,"1 solidly-identified archive page(s), e.g. /m/franklin-village-ny-2026-08-20-august-12-2026-regular-board-meeting; owner title ""Town of Franklin, Franklin County, NY""",,1,True
www.youtube.com,channel=@TownofGorhamNH_Official,us:cousub:3300730260,fallback,archive_study_2026-09-14,"1 solidly-identified archive page(s), e.g. /m/gorham-nh-2025-02-13-town-of-gorham-nh-2025-public-budget-hearing; owner title ""Town of Gorham, NH (Official)""",,1,True
www.youtube.com,channel=@TownofGuilfordVermont,us:cousub:5002530925,fallback,archive_study_2026-09-14,"2 solidly-identified archive page(s), e.g. /m/guilford-vt-2020-03-23-town-of-guilford-selectboard-meeting-03-23-2020; owner title ""Town of Guilford, Vermont""",,2,True
www.youtube.com,channel=@TownofHague,us:cousub:3611331335,fallback,archive_study_2026-09-14,"1 solidly-identified archive page(s), e.g. /m/hague-2026-09-08-town-board-meeting-sept-8-2026; owner title ""TownofHague""",,1,True
www.youtube.com,channel=@TownofHappyValleyGooseBay,ca:csd:1010025,fallback,archive_study_2026-09-14,"1 solidly-identified archive page(s), e.g. /m/happy-valley-goose-bay-nl-2026-09-08-committee-of-the-whole-meeting-town-of-happ; owner title ""Town of Happy Valley Goose Bay""",,1,True
www.youtube.com,channel=@TownofHorseheads,us:cousub:3601535705,fallback,archive_study_2026-09-14,"1 solidly-identified archive page(s), e.g. /m/horseheads-town-ny-2025-04-10-town-board-meeting-4-9-2025; owner title ""Town of Horseheads""",,1,True
www.youtube.com,channel=@TownofHumeNY,us:cousub:3600336112,fallback,archive_study_2026-09-14,"1 solidly-identified archive page(s), e.g. /m/hume-town-ny-2026-08-07-2026-08-05-town-board-meeting; owner title ""Town of Hume NY""",,1,True
www.youtube.com,channel=@TownofIthacaVideo,us:cousub:3610938088,fallback,archive_study_2026-09-14,"1 solidly-identified archive page(s), e.g. /m/ithaca-city-ny-2023-08-24-town-and-city-t-gen-meeting; owner title ""Town of Ithaca Public Meetings""",,1,True
www.youtube.com,channel=@TownofKindersley,ca:csd:4713008,fallback,archive_study_2026-09-14,"1 solidly-identified archive page(s), e.g. /m/kindersley-sk-2026-08-10-council-regular-public-meeting-10-aug-2026; owner title ""TownofKindersley""",Kindersley,1,True
www.youtube.com,channel=@TownofLaPointeWI,us:cousub:5500342562,fallback,archive_study_2026-09-14,"1 solidly-identified archive page(s), e.g. /m/la-pointe-town-wi-2025-07-08-7-2-25-town-plan-commission; owner title ""Town of La Pointe WI""",,1,True
www.youtube.com,channel=@TownofLockeport,ca:csd:1201009,fallback,archive_study_2026-09-14,"1 solidly-identified archive page(s), e.g. /m/lockeport-ns-2026-07-17-town-of-lockeport-regular-council-meeting-july-10-2026; owner title ""Town of Lockeport""",,1,True
www.youtube.com,channel=@TownofMahoneBayInc,ca:csd:1206008,fallback,archive_study_2026-09-14,"1 solidly-identified archive page(s), e.g. /m/mahone-bay-ns-2026-08-04-2026-07-30-public-hearing; owner title ""Town of Mahone Bay Inc. 1919""",,1,True
www.youtube.com,channel=@TownofMatthewsIndiana,us:place:1847592,fallback,archive_study_2026-09-14,"1 solidly-identified archive page(s), e.g. /m/matthews-in-2026-08-10-matthews-town-meeting-june-9th-2026; owner title ""Town of Matthews Indiana""",,1,True
www.youtube.com,channel=@TownofMillsboroMeetings,us:place:1047940,fallback,archive_study_2026-09-14,"1 solidly-identified archive page(s), e.g. /m/millsboro-de-2026-01-06-town-council-meeting-1-5-2026; owner title ""Town of Millsboro Meetings""",,1,True
www.youtube.com,channel=@TownofMilton12020,us:cousub:3609147537,fallback,archive_study_2026-09-14,"1 solidly-identified archive page(s), e.g. /m/town-of-milton-2026-06-26-2026-06-24-town-of-milton-town-board; owner title ""Town of Milton""",,1,True
www.youtube.com,channel=@TownofMorgantown,us:place:1851102,fallback,archive_study_2026-09-14,"1 solidly-identified archive page(s), e.g. /m/morgantown-in-2025-08-13-morgantown-council-meeting-08-11-2025-fixed-audio; owner title ""Town of Morgantown""",,1,True
www.youtube.com,channel=@TownofMountVernonMaine,us:cousub:2301147770,fallback,archive_study_2026-09-14,"1 solidly-identified archive page(s), e.g. /m/mount-vernon-me-2026-08-25-planning-board-meeting-8-18-26; owner title ""Town of Mount Vernon Maine""",,1,True
www.youtube.com,channel=@TownofNewfields,us:cousub:3301551380,fallback,archive_study_2026-09-14,"1 solidly-identified archive page(s), e.g. /m/newfields-nh-2026-08-19-newfields-conservation-commission-meeting-8-17-2026-audi; owner title ""Town of Newfields""",,1,True
www.youtube.com,channel=@TownofNorthHaven-c6k,us:cousub:2301351620,fallback,archive_study_2026-09-14,"1 solidly-identified archive page(s), e.g. /m/north-haven-ny-2026-09-08-select-board-meeting-9-2-2026; owner title ""Town of North Haven""",,1,True
www.youtube.com,channel=@TownofNucla,us:place:0854935,fallback,archive_study_2026-09-14,"1 solidly-identified archive page(s), e.g. /m/nucla-co-2026-09-10-nucla-s-regular-board-of-trustees-meeting; owner title ""Town of Nucla""",,1,True
www.youtube.com,channel=@TownofOrchardPark,us:cousub:3602955277,fallback,archive_study_2026-09-14,"1 solidly-identified archive page(s), e.g. /m/orchard-park-town-ny-2026-09-02-orchard-park-town-board-meeting-work-session-9-2; owner title ""Town of Orchard Park""",,1,True
www.youtube.com,channel=@TownofRanlo,us:place:3755260,fallback,archive_study_2026-09-14,"1 solidly-identified archive page(s), e.g. /m/ranlo-nc-2026-04-08-town-of-ranlo-board-budget-workshop-meeting-april-2026; owner title ""Town of Ranlo, North Carolina""",,1,True
www.youtube.com,channel=@TownofRemington,us:place:1863756,fallback,archive_study_2026-09-14,"1 solidly-identified archive page(s), e.g. /m/town-of-remington-2026-08-31-town-board-meeting; owner title ""Town of Remington""",,1,True
www.youtube.com,channel=@TownofReynolds,us:place:1863918,fallback,archive_study_2026-09-14,"1 solidly-identified archive page(s), e.g. /m/town-of-reynolds-2026-07-15-july-14-2026-town-council-meeting; owner title ""Town of Reynolds""",,1,True
www.youtube.com,channel=@TownofRussiaville,us:place:1866546,fallback,archive_study_2026-09-14,"1 solidly-identified archive page(s), e.g. /m/russiaville-in-2026-09-08-town-council-meeting-september-8-2026; owner title ""Town of Russiaville""",,1,True
www.youtube.com,channel=@TownofSpringLake,us:place:1872296,fallback,archive_study_2026-09-14,"1 solidly-identified archive page(s), e.g. /m/spring-lake-in-2026-08-24-august-17-2026-town-council-meeting-spring-lake-indian; owner title ""Town of Spring Lake Indiana""",,1,True
www.youtube.com,channel=@TownofStinesvilleIN,us:place:1873232,fallback,archive_study_2026-09-14,"1 solidly-identified archive page(s), e.g. /m/stinesville-in-2026-04-14-2026-april-town-board-meeting; owner title ""Town of Stinesville, IN""",,1,True
www.youtube.com,channel=@TownofSuttonCable,us:cousub:2502768610,fallback,archive_study_2026-09-14,"1 solidly-identified archive page(s), e.g. /m/sutton-ma-2026-08-19-cc-2026-08-19; owner title ""Town of Sutton Cable""",,1,True
www.youtube.com,channel=@TownofTaylorsville,us:place:3766960,fallback,archive_study_2026-09-14,"1 solidly-identified archive page(s), e.g. /m/town-of-taylorsville-2026-08-19-town-council-work-session-august-18th-2026; owner title ""Town of Taylorsville""",,1,True
www.youtube.com,channel=@TownofVeedersburg,us:place:1878740,fallback,archive_study_2026-09-14,"1 solidly-identified archive page(s), e.g. /m/veedersburg-in-2026-03-24-veedersburg-town-council-special-meeting-3-24-2026; owner title ""Town of Veedersburg""",,1,True
www.youtube.com,channel=@TownofVersailles,us:place:1878974,fallback,archive_study_2026-09-14,"1 solidly-identified archive page(s), e.g. /m/versailles-in-2026-05-20-2026-05-19-special-meeting; owner title ""Town of Versailles""",,1,True
www.youtube.com,channel=@TownofVictorNewYork,us:cousub:3606977387,fallback,archive_study_2026-09-14,"1 solidly-identified archive page(s), e.g. /m/victor-town-ny-2026-09-08-planning-board-meeting-9-08-2026; owner title ""Town of Victor, New York""",,1,True
www.youtube.com,channel=@TownofWaterfordCT-Stream,us:cousub:0918080280,fallback,archive_study_2026-09-14,"1 solidly-identified archive page(s), e.g. /m/waterford-ct-2026-08-31-rtm-special-meeting-2026-08-31; owner title ""Town of Waterford, CT""",,1,True
www.youtube.com,channel=@TownofWhiteBluff,us:place:4779980,fallback,archive_study_2026-09-14,"1 solidly-identified archive page(s), e.g. /m/white-bluff-tn-2025-05-08-town-council-work-session-may-2025; owner title ""Town of White Bluff""",,1,True
www.youtube.com,channel=@TownofWinfieldIN,us:place:1884878,fallback,archive_study_2026-09-14,"1 solidly-identified archive page(s), e.g. /m/winfield-2026-07-29-july-28-2026-stormwater-meeting-no-video-for-4-minutes; owner title ""Town of Winfield IN""",,1,True
www.youtube.com,channel=@TownofWolcottIN,us:place:1885058,fallback,archive_study_2026-09-14,"1 solidly-identified archive page(s), e.g. /m/wolcott-2026-08-20-council-meeting-august-18-2026; owner title ""Town of Wolcott IN""",,1,True
www.youtube.com,channel=@TownofWoodstock,ca:csd:1311006,fallback,archive_study_2026-09-14,"1 solidly-identified archive page(s), e.g. /m/town-of-woodstock-2023-01-20-regular-council-meeting-january-10th-2023; owner title ""Town of Woodstock""",,1,True
www.youtube.com,channel=@Townofsalemny,us:cousub:3611564782,fallback,archive_study_2026-09-14,"1 solidly-identified archive page(s), e.g. /m/salem-town-ny-2026-05-21-town-of-salem-new-york-special-meeting-may-20-2026; owner title ""Townofsalemny""",,1,True
www.youtube.com,channel=@Township-Of-Wainfleet,ca:csd:3526014,fallback,archive_study_2026-09-14,"1 solidly-identified archive page(s), e.g. /m/wainfleet-on-2024-07-08-joint-fire-services-review-committee-monday-july-08-2024; owner title ""Township of Wainfleet""",,1,True
www.youtube.com,channel=@TownshipOfLowerMacungie,us:cousub:4207744952,fallback,archive_study_2026-09-14,"1 solidly-identified archive page(s), e.g. /m/lower-macungie-township-pa-2026-09-09-september-9-2026-planning-commission-meeti; owner title ""Lower Macungie Township""",,1,True
www.youtube.com,channel=@TownshipofNorthHuron,ca:csd:3540055,fallback,archive_study_2026-09-14,"1 solidly-identified archive page(s), e.g. /m/north-huron-on-2025-02-19-regular-council-meeting-february-18-2025; owner title ""Township of North Huron""",North Huron,1,True
www.youtube.com,channel=@TownshipofPerry,ca:csd:3549014,fallback,archive_study_2026-09-14,"1 solidly-identified archive page(s), e.g. /m/perry-on-2026-09-03-twp-of-perry-council-meeting-01212026; owner title ""Township of Perry""",,1,True
www.youtube.com,channel=@TownshipofWellesley,ca:csd:3530027,fallback,archive_study_2026-09-14,"1 solidly-identified archive page(s), e.g. /m/wellesley-on-2026-04-15-april-14-2026-township-of-wellesley-council-meeting; owner title ""Township of Wellesley""",Wellesley,1,True
www.youtube.com,channel=@TrinidadTimesTV71,us:place:0878610,fallback,archive_study_2026-09-14,"1 solidly-identified archive page(s), e.g. /m/trinidad-co-2026-09-10-hpc-historic-preservation-commission-september-9-2026; owner title ""TrinidadTimesTV71""",,1,True
www.youtube.com,channel=@TuckertonBorough-1699,us:place:3474210,fallback,archive_study_2026-09-14,"1 solidly-identified archive page(s), e.g. /m/tuckerton-nj-2026-08-17-tuckerton-borough-august-17-2026-council-meeting; owner title ""Tuckerton Borough""",,1,True
www.youtube.com,channel=@Uncle_Ryno,us:county:30057,fallback,archive_study_2026-09-14,"1 solidly-identified archive page(s), e.g. /m/madison-county-mt-2026-09-03-09-02-2026-madison-county-part-one-zoning-hearing; owner title ""Ryan Wolter""",,1,True
www.youtube.com,channel=@VOFGOV,us:place:2630340,fallback,archive_study_2026-09-14,"1 solidly-identified archive page(s), e.g. /m/franklin-village-mi-2026-09-03-village-of-franklin-historic-district-commission; owner title ""Village of Franklin, Michigan""",,1,True
www.youtube.com,channel=@VanceCountyNC,us:county:37181,fallback,archive_study_2026-09-14,"1 solidly-identified archive page(s), e.g. /m/vance-county-nc-2026-09-08-vance-county-opioid-committee-meeting-9-8-26; owner title ""Vance County, North Carolina""",,1,True
www.youtube.com,channel=@VernonHills,us:place:1777694,fallback,archive_study_2026-09-14,"1 solidly-identified archive page(s), e.g. /m/vernon-hills-il-2019-04-04-village-board-meeting-4-3-19; owner title ""Vernon Hills""",,1,True
www.youtube.com,channel=@ViMachesneyPark,us:place:1745726,fallback,archive_study_2026-09-14,"1 solidly-identified archive page(s), e.g. /m/machesney-park-il-2021-10-18-september-27-2021-planning-zoning-commission-meetin; owner title ""Village of Machesney Park, Illinois""",,1,True
www.youtube.com,channel=@Village_of_West_Dundee,us:place:1780125,fallback,archive_study_2026-09-14,"1 solidly-identified archive page(s), e.g. /m/west-dundee-il-2026-08-18-regular-board-meeting-8-17-26; owner title ""Village of West Dundee""",,1,True
www.youtube.com,channel=@VillageofChatham,us:place:3614003,fallback,archive_study_2026-09-14,"1 solidly-identified archive page(s), e.g. /m/chatham-village-ny-2026-07-30-05-11-2026-board-of-trustees-meeting; owner title ""Village of Chatham, NY""",,1,True
www.youtube.com,channel=@VillageofChesaning,us:place:2615140,fallback,archive_study_2026-09-14,"1 solidly-identified archive page(s), e.g. /m/chesaning-village-mi-2026-08-14-08-04-2026-village-council-meeting; owner title ""Village Of Chesaning""",,1,True
www.youtube.com,channel=@VillageofEllenville,us:place:3623965,fallback,archive_study_2026-09-14,"1 solidly-identified archive page(s), e.g. /m/ellenville-ny-2026-01-09-village-board-meeting-12-8-2025; owner title ""Village of Ellenville""",,1,True
www.youtube.com,channel=@VillageofEmpress-CouncilMeetin,ca:csd:4804006,fallback,archive_study_2026-09-14,"1 solidly-identified archive page(s), e.g. /m/empress-ab-2026-06-18-municipal-planning-commission-2026-06-18; owner title ""Village of Empress - Council Meetings""",,1,True
www.youtube.com,channel=@VillageofFourSeasons,us:place:2976157,fallback,archive_study_2026-09-14,"1 solidly-identified archive page(s), e.g. /m/village-of-four-seasons-mo-2026-07-09-village-board-of-trustees-meeting-july-8-2; owner title ""Village of Four Seasons""",,1,True
www.youtube.com,channel=@VillageofFrankfortFCTVCh6,us:place:1727624,fallback,archive_study_2026-09-14,"1 solidly-identified archive page(s), e.g. /m/frankfort-village-il-2026-08-18-village-of-frankfort-8-17-26-board-meeting; owner title ""Village of Frankfort - FCTV Ch.6""",,1,True
www.youtube.com,channel=@VillageofJefferson,us:place:3938500,fallback,archive_study_2026-09-14,"1 solidly-identified archive page(s), e.g. /m/jefferson-village-oh-2026-09-09-recreation-committee-meeting; owner title ""Village of Jefferson""",,1,True
www.youtube.com,channel=@VillageofManhattan,us:place:1746357,fallback,archive_study_2026-09-14,"1 solidly-identified archive page(s), e.g. /m/manhattan-village-il-2026-09-02-vom-board-meeting-2026-09-01; owner title ""Village of Manhattan""",,1,True
www.youtube.com,channel=@VillageofNewLebanon,us:place:3954852,fallback,archive_study_2026-09-14,"1 solidly-identified archive page(s), e.g. /m/new-lebanon-oh-2026-03-18-new-lebanon-s-work-session-and-regular-council-meeting; owner title ""Village of New Lebanon""",,1,True
www.youtube.com,channel=@VillageofNyackAdmin,us:place:3654100,fallback,archive_study_2026-09-14,"1 solidly-identified archive page(s), e.g. /m/nyack-ny-2023-10-18-village-board-10-12-23; owner title ""Village of Nyack""",,1,True
www.youtube.com,channel=@VillageofSavoy,us:place:1767860,fallback,archive_study_2026-09-14,"1 solidly-identified archive page(s), e.g. /m/savoy-il-2026-03-05-board-of-trustees-study-session-03-04-2026; owner title ""Village of Savoy""",,1,True
www.youtube.com,channel=@VillageofSparta,us:place:2675420,fallback,archive_study_2026-09-14,"1 solidly-identified archive page(s), e.g. /m/village-of-sparta-2026-08-18-village-council-meeting-august-17-2026; owner title ""VillageofSparta""",,1,True
www.youtube.com,channel=@VillageofStandard,ca:csd:4805021,fallback,archive_study_2026-09-14,"1 solidly-identified archive page(s), e.g. /m/village-of-standard-2026-09-10-village-of-standard-regular-council-meeting-septe; owner title ""Village of Standard""",,1,True
www.youtube.com,channel=@VillageofStirling,ca:csd:4802009,fallback,archive_study_2026-09-14,"1 solidly-identified archive page(s), e.g. /m/stirling-ab-2026-03-25-march-18-2026-council-meeting; owner title ""Village of Stirling""",,1,True
www.youtube.com,channel=@VillageofSunriseBeachMissouri,us:place:2971728,fallback,archive_study_2026-09-14,"1 solidly-identified archive page(s), e.g. /m/sunrise-beach-mo-2026-09-09-sept-2026-board-of-trustees; owner title ""Village of Sunrise Beach Missouri""",,1,True
www.youtube.com,channel=@VillageofTannersville,us:place:3673143,fallback,archive_study_2026-09-14,"1 solidly-identified archive page(s), e.g. /m/tannersville-ny-2024-08-21-village-of-tannersville-dissolution-plan-public-meeti; owner title ""Village of Tannersville, NY""",,1,True
www.youtube.com,channel=@VillageofTheHills,us:place:4872578,fallback,archive_study_2026-09-14,"1 solidly-identified archive page(s), e.g. /m/the-hills-tx-2026-09-08-september-8-2026-regular-city-council-meeting; owner title ""Village of The Hills Administration""",,1,True
www.youtube.com,channel=@VillageofTuxedoPark,us:place:3675803,fallback,archive_study_2026-09-14,"1 solidly-identified archive page(s), e.g. /m/tuxedo-park-ny-2026-07-24-bza-july-1-2026-meeting; owner title ""Village of Tuxedo Park, NY""",,1,True
www.youtube.com,channel=@VilleWestmountCity,ca:csd:2466032,fallback,archive_study_2026-09-14,"1 solidly-identified archive page(s), e.g. /m/westmount-qc-2024-10-22-2024-10-21-s-ance-extraordinaire-du-conseil-special-coun; owner title ""Ville Westmount City""",,1,True
www.youtube.com,channel=@WBIACouncil,us:place:1983595,fallback,archive_study_2026-09-14,"1 solidly-identified archive page(s), e.g. /m/west-branch-ia-2026-08-24-august-17-2026-city-council-meeting; owner title ""Adam Kofoed""",,1,True
www.youtube.com,channel=@WHBG20,us:place:4232800,fallback,archive_study_2026-09-14,"1 solidly-identified archive page(s), e.g. /m/harrisburg-pa-2026-08-20-studio-sessions-on-channel-20-kiley-heltzel; owner title ""The City of Harrisburg - WHBG20""",,1,True
www.youtube.com,channel=@WLTSTV21,us:cousub:3402937380,fallback,archive_study_2026-09-14,"1 solidly-identified archive page(s), e.g. /m/lacey-township-nj-2026-08-17-town-meeting-8-13-26; owner title ""WLTSTV21""",,1,True
www.youtube.com,channel=@WRPSRockland,us:cousub:2502357775,fallback,archive_study_2026-09-14,"1 solidly-identified archive page(s), e.g. /m/rockland-ma-2026-09-09-rockland-school-committee-september-8-2026; owner title ""WRPS Rockland""",,1,True
www.youtube.com,channel=@WabashaMinnesota,us:place:2767378,fallback,archive_study_2026-09-14,"1 solidly-identified archive page(s), e.g. /m/wabasha-mn-2025-09-03-september-2-2025-wabasha-city-council-meeting; owner title ""WabashaMinnesota""",,1,True
www.youtube.com,channel=@WalpoleMediaTV,us:cousub:2502172495,fallback,archive_study_2026-09-14,"1 solidly-identified archive page(s), e.g. /m/walpole-ma-2026-07-16-planning-board-meeting-july-16-2026; owner title ""Walpole Media""",,1,True
www.youtube.com,channel=@WareCountyGAGov,us:county:13299,fallback,archive_study_2026-09-14,"1 solidly-identified archive page(s), e.g. /m/ware-county-ga-2026-08-11-2026-08-10-work-session-regular-meeting; owner title ""Ware County Government""",,1,True
www.youtube.com,channel=@WarminsterTownship,us:cousub:4201780952,fallback,archive_study_2026-09-14,"1 solidly-identified archive page(s), e.g. /m/warminster-township-pa-2026-09-04-09-03-26-board-of-supervisors-meeting; owner title ""WarminsterTownship""",,1,True
www.youtube.com,channel=@WashingtonCountyIndiana,us:county:18175,fallback,archive_study_2026-09-14,"1 solidly-identified archive page(s), e.g. /m/washington-county-in-2026-09-03-2026-09-03-ambulance-meeting; owner title ""Washington County Indiana""",,1,True
www.youtube.com,channel=@WaterboroMaine,us:cousub:2303180530,fallback,archive_study_2026-09-14,"1 solidly-identified archive page(s), e.g. /m/waterboro-me-2026-09-01-090126-council; owner title ""Town of Waterboro Maine""",,1,True
www.youtube.com,channel=@WestHanoverTwp,us:cousub:4204383128,fallback,archive_study_2026-09-14,"1 solidly-identified archive page(s), e.g. /m/west-hanover-township-pa-2026-08-20-2026-08-20-board-of-supervisors-meeting-part; owner title ""West Hanover Township""",,1,True
www.youtube.com,channel=@WestStockbridgeMeetingVideos,us:cousub:2500377990,fallback,archive_study_2026-09-14,"1 solidly-identified archive page(s), e.g. /m/west-stockbridge-ma-2026-07-21-sb-mtg-7-20-26; owner title ""West Stockbridge Meeting Videos""",,1,True
www.youtube.com,channel=@WestfordCAT,us:cousub:2501776135,fallback,archive_study_2026-09-14,"1 solidly-identified archive page(s), e.g. /m/westford-ma-2026-07-24-select-board-health-insurance-listening-session-july-23rd; owner title ""WestfordCAT""",,1,True
www.youtube.com,channel=@WestonVermont,us:cousub:5002782000,fallback,archive_study_2026-09-14,"1 solidly-identified archive page(s), e.g. /m/weston-vt-2026-09-10-september-8-2026-selectboard-meeting; owner title ""Weston VT Channel, for SB,  BOA & DRB meetings.""",,1,True
www.youtube.com,channel=@WhiteRoseCommunityTV,us:place:4287048,fallback,archive_study_2026-09-14,"1 solidly-identified archive page(s), e.g. /m/york-city-pa-2026-09-10-city-of-york-historical-architectural-review-board-harb; owner title ""White Rose Community TV""",,1,True
www.youtube.com,channel=@WilmotTownshipChannel,ca:csd:3530020,fallback,archive_study_2026-09-14,"1 solidly-identified archive page(s), e.g. /m/township-of-wilmot-2026-07-09-committee-of-adjustment-meeting-july-8-2026; owner title ""Township of Wilmot""",Wilmot,1,True
www.youtube.com,channel=@Winchester_CT,us:cousub:0916086440,fallback,archive_study_2026-09-14,"1 solidly-identified archive page(s), e.g. /m/winchester-ct-2026-05-13-board-of-education-regular-meeting-may-12-2026; owner title ""Town of Winchester, CT""",,1,True
www.youtube.com,channel=@WinnebagoCountyIL,us:county:17201,fallback,archive_study_2026-09-14,"1 solidly-identified archive page(s), e.g. /m/winnebago-county-2026-01-23-winnebago-county-il-board-01-22-2026; owner title ""Winnebago County IL""",,1,True
www.youtube.com,channel=@WisconsinRapidsCommunityMedia,us:place:5588200,fallback,archive_study_2026-09-14,"1 solidly-identified archive page(s), e.g. /m/wisconsin-rapids-wi-2026-09-04-human-resources-committee-sept-3rd-2026; owner title ""Wisconsin Rapids Community Media""",,1,True
www.youtube.com,channel=@Wolverinelake,us:place:2688260,fallback,archive_study_2026-09-14,"1 solidly-identified archive page(s), e.g. /m/wolverine-lake-mi-2025-02-18-february-5-2025-council-meeting; owner title ""Wolverine Lake""",,1,True
www.youtube.com,channel=@WoodVillageOR,us:place:4183950,fallback,archive_study_2026-09-14,"1 solidly-identified archive page(s), e.g. /m/wood-village-or-2026-06-10-city-council-ura-budget-hearing-fy26-27; owner title ""City of Wood Village""",,1,True
www.youtube.com,channel=@WoodburyCountyIowa,us:county:19193,fallback,archive_study_2026-09-14,"1 solidly-identified archive page(s), e.g. /m/woodbury-county-ia-2026-03-06-2026-03-05-special-anthon-townhall-meeting; owner title ""WoodburyCountyIowa""",Woodbury County,1,True
www.youtube.com,channel=@WoodhavenMiCityCouncil,us:place:2688380,fallback,archive_study_2026-09-14,"1 solidly-identified archive page(s), e.g. /m/woodhaven-mi-2026-09-01-woodhaven-city-council-meeting; owner title ""Woodhaven Mi City Council""",,1,True
www.youtube.com,channel=@WrenthamSelectBoardOffice,us:cousub:2502182315,fallback,archive_study_2026-09-14,"1 solidly-identified archive page(s), e.g. /m/wrentham-ma-2026-09-02-09-01-26-wrentham-select-board-meeting; owner title ""Wrentham Select Board Office""",,1,True
www.youtube.com,channel=@YorkTownship1850,us:cousub:1704383947,fallback,archive_study_2026-09-14,"1 solidly-identified archive page(s), e.g. /m/york-township-2026-03-17-york-township-bord-meeting-march-10-2026; owner title ""York Township""",,1,True
www.youtube.com,channel=@accgov,us:place:1303440,fallback,archive_study_2026-09-14,"1 solidly-identified archive page(s), e.g. /m/athens-clarke-county-ga-2025-11-05-11-04-2025-mayor-commission-meeting-upload; owner title ""Athens-Clarke County (accgov)""",Athens-Clarke County,1,True
www.youtube.com,channel=@act-mi,us:cousub:2616104180,fallback,archive_study_2026-09-14,"1 solidly-identified archive page(s), e.g. /m/augusta-charter-township-mi-2026-08-26-augusta-charter-township-bot-meeting-8-25; owner title ""ACT-MI""",,1,True
www.youtube.com,channel=@adamscountyindianagovernme4261,us:county:18001,fallback,archive_study_2026-09-14,"1 solidly-identified archive page(s), e.g. /m/adams-county-in-2026-04-28-copy-of-board-of-commissioners-meeting-4-28-2026; owner title ""Adams County, Indiana Government""",,1,True
www.youtube.com,channel=@adminassttownoflincoln,us:cousub:3300941860,fallback,archive_study_2026-09-14,"1 solidly-identified archive page(s), e.g. /m/lincoln-nh-2026-08-11-lincoln-nh-select-board-meeting-08-10-26; owner title ""Admin Asst Town of Lincoln""",,1,True
www.youtube.com,channel=@alburnettiowacitycouncilme2801,us:place:1901000,fallback,archive_study_2026-09-14,"1 solidly-identified archive page(s), e.g. /m/alburnett-ia-2026-08-25-alburnett-iowa-city-council-meeting-august-13-2026; owner title ""Alburnett Iowa City Council Meetings""",,1,True
www.youtube.com,channel=@alexandercountync,us:county:37003,fallback,archive_study_2026-09-14,"1 solidly-identified archive page(s), e.g. /m/alexander-county-nc-2026-08-04-alexander-county-board-of-commissioners-meeting-a; owner title ""Alexander County, NC""",,1,True
www.youtube.com,channel=@algomacommunityaccesstelev145,us:place:5501000,fallback,archive_study_2026-09-14,"1 solidly-identified archive page(s), e.g. /m/algoma-city-wi-2025-02-03-city-council-meeting-february-3-2025; owner title ""Algoma Community Access Television""",Algoma city,1,True
www.youtube.com,channel=@alleghanycountynorthcaroli7234,us:county:37005,fallback,archive_study_2026-09-14,"1 solidly-identified archive page(s), e.g. /m/alleghany-county-nc-2026-09-08-alleghany-county-commissioners-meeting-09-08-2026; owner title ""Alleghany County North Carolina""",,1,True
www.youtube.com,channel=@allendalecounty9464,us:county:45005,fallback,archive_study_2026-09-14,"1 solidly-identified archive page(s), e.g. /m/allendale-county-sc-2026-05-22-regular-council-meeting-5-21-2026; owner title ""Allendale County""",,1,True
www.youtube.com,channel=@amadorcitycouncil,us:county:06005,fallback,archive_study_2026-09-14,"1 solidly-identified archive page(s), e.g. /m/amador-county-ca-2026-07-24-amador-city-regular-city-council-meeting-6-09-2026; owner title ""amadorcitycouncil""",,1,True
www.youtube.com,channel=@amberleyvillage9345,us:place:3901672,fallback,archive_study_2026-09-14,"1 solidly-identified archive page(s), e.g. /m/amberley-oh-2025-08-06-amberley-village-health-wellness-series-session-4; owner title ""Amberley Village""",,1,True
www.youtube.com,channel=@ameliacountyvirginia5403,us:county:51007,fallback,archive_study_2026-09-14,"1 solidly-identified archive page(s), e.g. /m/amelia-county-va-2026-08-17-amelia-county-economic-development-authority-meeting; owner title ""Amelia County, Virginia""",,1,True
www.youtube.com,channel=@amhersttownship9157,us:cousub:3909301812,fallback,archive_study_2026-09-14,"1 solidly-identified archive page(s), e.g. /m/amherst-township-2026-09-10-9-08-2026-amherst-township-trustee-meeting; owner title ""Amherst Township""",,1,True
www.youtube.com,channel=@andersontownship2622,us:cousub:3906101980,fallback,archive_study_2026-09-14,"1 solidly-identified archive page(s), e.g. /m/anderson-township-2026-07-28-anderson-township-zoning-commission-july-27-2026; owner title ""Anderson Township""",,1,True
www.youtube.com,channel=@ansoniact,us:place:0901150,fallback,archive_study_2026-09-14,"1 solidly-identified archive page(s), e.g. /m/ansonia-ct-2026-08-06-president-of-the-ansonia-board-of-aldermen-frank-pergola; owner title ""City of Ansonia""",,1,True
www.youtube.com,channel=@armadatownship6848,us:cousub:2609903540,fallback,archive_study_2026-09-14,"1 solidly-identified archive page(s), e.g. /m/armada-township-mi-2025-04-22-armada-township-special-board-meeting-4-22-25; owner title ""Armada Township""",,1,True
www.youtube.com,channel=@arundelmaine1885,us:cousub:2303101605,fallback,archive_study_2026-09-14,"1 solidly-identified archive page(s), e.g. /m/arundel-me-2026-09-08-arundel-select-board-9-8-26; owner title ""Arundel Maine""",,1,True
www.youtube.com,channel=@ashbymastudio,us:cousub:2501701955,fallback,archive_study_2026-09-14,"1 solidly-identified archive page(s), e.g. /m/ashby-ma-2026-03-19-in-the-knowing-your-town-series-we-interviewed-dave-nadeau-o; owner title ""Ashby MA Studio""",,1,True
www.youtube.com,channel=@ashvilleohio,us:place:3902680,fallback,archive_study_2026-09-14,"1 solidly-identified archive page(s), e.g. /m/ashville-oh-2026-01-22-ashville-council-1-20-2025; owner title ""Village of Ashville""",,1,True
www.youtube.com,channel=@atchisoncountyks,us:county:20005,fallback,archive_study_2026-09-14,"1 solidly-identified archive page(s), e.g. /m/atchison-county-ks-2026-09-09-atchison-county-commission-video-2026-09-08; owner title ""atchisoncountyks""",,1,True
www.youtube.com,channel=@averycounty7011,us:county:37011,fallback,archive_study_2026-09-14,"1 solidly-identified archive page(s), e.g. /m/avery-county-nc-2020-06-23-joint-meeting-avery-county-commissioners-board-of-edu; owner title ""Avery County""",,1,True
www.youtube.com,channel=@avontownship7075,us:cousub:1709703220,fallback,archive_study_2026-09-14,"1 solidly-identified archive page(s), e.g. /m/avon-township-2024-11-05-avon-township-regular-board-meeting-may-2024; owner title ""Avon Township""",,1,True
www.youtube.com,channel=@bakercountyorgov,us:county:41001,fallback,archive_study_2026-09-14,"1 solidly-identified archive page(s), e.g. /m/baker-county-or-2025-07-13-commission-session-may-7-2025; owner title ""Baker County Oregon""",,1,True
www.youtube.com,channel=@barrycountymichigan3498,us:county:26015,fallback,archive_study_2026-09-14,"1 solidly-identified archive page(s), e.g. /m/barry-county-mi-2026-09-08-board-of-commissioners-09-08-2026; owner title ""Barry County Michigan""",,1,True
www.youtube.com,channel=@bedfordcountytngovernment,us:county:47003,fallback,archive_study_2026-09-14,"1 solidly-identified archive page(s), e.g. /m/bedford-county-tn-2026-08-19-courthouse-and-property-committee-8-18-26; owner title ""Bedford County TN Government""",,1,True
www.youtube.com,channel=@bentoncotennessee449,us:county:47005,fallback,archive_study_2026-09-14,"1 solidly-identified archive page(s), e.g. /m/benton-county-tn-2026-08-18-county-commission-meeting-8-17-26; owner title ""Benton Co Tennessee""",,1,True
www.youtube.com,channel=@bernardstownship7252,us:cousub:3403505560,fallback,archive_study_2026-09-14,"1 solidly-identified archive page(s), e.g. /m/bernards-township-nj-2026-09-09-bernards-township-zoning-board-of-adjustment-reg; owner title ""Bernards Township""",,1,True
www.youtube.com,channel=@biscayneparkfl,us:place:1206600,fallback,archive_study_2026-09-14,"1 solidly-identified archive page(s), e.g. /m/biscayne-park-fl-2026-09-08-village-clerk-s-personal-meeting-room; owner title ""Biscayne Park""",,1,True
www.youtube.com,channel=@blandford-blenheimtownship6149,ca:csd:3532045,fallback,archive_study_2026-09-14,"1 solidly-identified archive page(s), e.g. /m/blandford-blenheim-on-2026-09-09-township-of-blandford-blenheim-council-meeting; owner title ""Blandford-Blenheim Township""",Blandford-Blenheim,1,True
www.youtube.com,channel=@bloomfieldcitycouncil9707,us:place:1907030,fallback,archive_study_2026-09-14,"1 solidly-identified archive page(s), e.g. /m/bloomfield-ia-2026-09-04-bloomfield-council-meeting-2026-09-03; owner title ""Bloomfield City Council""",,1,True
www.youtube.com,channel=@bogotanewjersey,us:place:3406490,fallback,archive_study_2026-09-14,"1 solidly-identified archive page(s), e.g. /m/bogota-nj-2026-03-06-bogota-mayor-and-council-meeting-march-5-2026; owner title ""Borough of Bogota, New Jersey""",,1,True
www.youtube.com,channel=@bonaccordab,ca:csd:4811066,fallback,archive_study_2026-09-14,"1 solidly-identified archive page(s), e.g. /m/bon-accord-ab-2026-09-01-september-1-2026-regular-council-meeting; owner title ""Bon Accord Alberta""",,1,True
www.youtube.com,channel=@boonecountyillinoisgovernm5987,us:county:17007,fallback,archive_study_2026-09-14,"1 solidly-identified archive page(s), e.g. /m/boone-county-il-2026-08-20-boone-county-board-meeting-8-20-2026; owner title ""Boone County, Illinois Government""",,1,True
www.youtube.com,channel=@boroofportvuepa3060,us:place:4262320,fallback,archive_study_2026-09-14,"1 solidly-identified archive page(s), e.g. /m/port-vue-pa-2021-11-03-port-vue-borough-public-hearings-regular-meeting-nov-3-20; owner title ""Boro of Port Vue PA""",,1,True
www.youtube.com,channel=@boroughofclarkssummit99,us:place:4213880,fallback,archive_study_2026-09-14,"1 solidly-identified archive page(s), e.g. /m/clarks-summit-pa-2026-09-02-clarks-summit-s-personal-meeting-room; owner title ""Borough of Clarks Summit""",,1,True
www.youtube.com,channel=@boroughofemerson,us:place:3421450,fallback,archive_study_2026-09-14,"1 solidly-identified archive page(s), e.g. /m/emerson-nj-2026-05-20-mayor-and-council-meeting-may-19-2026-at-8-00-pm; owner title ""Borough of Emerson, NJ Mayor and Council Meetings""",,1,True
www.youtube.com,channel=@boroughofhaddonfield7313,us:place:3428770,fallback,archive_study_2026-09-14,"1 solidly-identified archive page(s), e.g. /m/haddonfield-nj-2026-08-18-board-of-commissioners-meeting-8-17-26; owner title ""Borough of Haddonfield""",,1,True
www.youtube.com,channel=@boroughofmaywood,us:place:3444880,fallback,archive_study_2026-09-14,"1 solidly-identified archive page(s), e.g. /m/maywood-nj-2026-07-08-june-23-2026-council-meeting; owner title ""Borough of Maywood""",,1,True
www.youtube.com,channel=@boroughofnewmilfordnjusa5938,us:place:3451660,fallback,archive_study_2026-09-14,"1 solidly-identified archive page(s), e.g. /m/new-milford-nj-2026-08-25-mayor-council-august-24-2026; owner title ""Borough of New Milford, NJ USA""",,1,True
www.youtube.com,channel=@boroughofsouderton7441,us:place:4271856,fallback,archive_study_2026-09-14,"1 solidly-identified archive page(s), e.g. /m/souderton-pa-2024-04-03-souderton-borough-council-meeting-april-1-2024; owner title ""Borough of Souderton""",,1,True
www.youtube.com,channel=@boroughoftopton,us:place:4277104,fallback,archive_study_2026-09-14,"1 solidly-identified archive page(s), e.g. /m/topton-pa-2026-09-09-council-meeting-september-8-2026; owner title ""Borough of Topton""",,1,True
www.youtube.com,channel=@boroughofwoodclifflakemeet92,us:place:3482300,fallback,archive_study_2026-09-14,"1 solidly-identified archive page(s), e.g. /m/woodcliff-lake-nj-2026-02-02-1-28-26-land-use-meeting; owner title ""Borough of Woodcliff Lake Meetings""",,1,True
www.youtube.com,channel=@bownh1727,us:cousub:3301306500,fallback,archive_study_2026-09-14,"1 solidly-identified archive page(s), e.g. /m/bow-nh-2026-08-28-board-of-selectmen-august-11-2026-meeting; owner title ""Town of Bow""",,1,True
www.youtube.com,channel=@bradfordcountyfloridabocc9431,us:county:12007,fallback,archive_study_2026-09-14,"1 solidly-identified archive page(s), e.g. /m/bradford-county-fl-2026-09-01-bradford-county-p-z-bocc-meetings-starting-at-9am; owner title ""Bradford County Florida BOCC""",,1,True
www.youtube.com,channel=@bradleybeachvideo5763,us:place:3406970,fallback,archive_study_2026-09-14,"1 solidly-identified archive page(s), e.g. /m/bradley-beach-nj-2022-03-29-march-24-2022-land-use-board-regular-meeting; owner title ""Bradley Beach Video""",,1,True
www.youtube.com,channel=@brazeaucounty5856,ca:csd:4811032,fallback,archive_study_2026-09-14,"1 solidly-identified archive page(s), e.g. /m/brazeau-county-2026-09-02-brazeau-county-council-meeting-september-1-2026; owner title ""Brazeau County""",,1,True
www.youtube.com,channel=@brightonontario5202,ca:csd:3514004,fallback,archive_study_2026-09-14,"1 solidly-identified archive page(s), e.g. /m/brighton-on-2026-07-29-special-council-meeting-29-jul-2026-land-banking-vision-p; owner title ""Brighton Ontario""",Brighton,1,True
www.youtube.com,channel=@brimfield-township,us:cousub:3913308840,fallback,archive_study_2026-09-14,"1 solidly-identified archive page(s), e.g. /m/brimfield-township-il-2026-09-08-brimfield-township-board-of-trustees-regular-me; owner title ""Brimfield Township""",,1,True
www.youtube.com,channel=@bristolnh,us:cousub:3300907700,fallback,archive_study_2026-09-14,"1 solidly-identified archive page(s), e.g. /m/bristol-nh-2026-09-03-bristol-select-board-meeting-9-3-2026; owner title ""Town of Bristol NH""",,1,True
www.youtube.com,channel=@bristolvt,us:cousub:5000109025,fallback,archive_study_2026-09-14,"1 solidly-identified archive page(s), e.g. /m/bristol-vt-2026-09-09-bristol-development-review-board-09-08-2026; owner title ""Town of Bristol, VT""",,1,True
www.youtube.com,channel=@bronxbp,us:county:36005,fallback,archive_study_2026-09-14,"1 solidly-identified archive page(s), e.g. /m/bronx-county-ny-2026-01-28-bronx-borough-service-cabinet-meeting-01-07-2026; owner title ""Office of The Bronx Borough President""",,1,True
www.youtube.com,channel=@brookfieldcommunityaccess,us:cousub:2502709105,fallback,archive_study_2026-09-14,"1 solidly-identified archive page(s), e.g. /m/brookfield-ma-2026-06-26-brookfield-health-board-2026-june-24; owner title ""Brookfield Community Access""",,1,True
www.youtube.com,channel=@brookfieldct06804,us:cousub:0919008980,fallback,archive_study_2026-09-14,"1 solidly-identified archive page(s), e.g. /m/brookfield-ct-2026-08-14-2026-08-12-board-of-finance; owner title ""BrookfieldCT""",,1,True
www.youtube.com,channel=@browncountytexas1478,us:county:48049,fallback,archive_study_2026-09-14,"1 solidly-identified archive page(s), e.g. /m/brown-county-tx-2026-09-08-commissioners-court-9-8-26; owner title ""Brown County, Texas""",,1,True
www.youtube.com,channel=@brucevideoproductions9325,us:county:28001,fallback,archive_study_2026-09-14,"1 solidly-identified archive page(s), e.g. /m/adams-county-ms-2026-08-23-08-17-26-regular-meeting-of-the-adams-county-ms-board; owner title ""Bruce Video Productions""",,1,True
www.youtube.com,channel=@btxntvonline,us:place:4805864,fallback,archive_study_2026-09-14,"1 solidly-identified archive page(s), e.g. /m/bastrop-tx-2026-07-16-bastrop-city-council-july-14-2026; owner title ""Bastrop TX Network""",,1,True
www.youtube.com,channel=@buenavistatownship7012,us:cousub:3400108710,fallback,archive_study_2026-09-14,"1 solidly-identified archive page(s), e.g. /m/buena-vista-township-2025-12-08-township-committee-april-28-2025; owner title ""Buena Vista Township""",,1,True
www.youtube.com,channel=@bullochcountyboardofcommis8310,us:county:13031,fallback,archive_study_2026-09-14,"1 solidly-identified archive page(s), e.g. /m/bulloch-county-ga-2026-02-05-hazard-mitigation-plan-work-session-pt-6; owner title ""Bulloch County Board of Commissioners""",,1,True
www.youtube.com,channel=@burkecounty2173,us:county:13033,fallback,archive_study_2026-09-14,"1 solidly-identified archive page(s), e.g. /m/burke-county-ga-2023-04-13-april-2023-board-of-commissioners-meeting; owner title ""Burke County""",,1,True
www.youtube.com,channel=@cabellcountycommission1210,us:county:54011,fallback,archive_study_2026-09-14,"1 solidly-identified archive page(s), e.g. /m/cabell-county-wv-2022-04-28-commission-meeting-april-28th-2022; owner title ""Cabell County Commission""",,1,True
www.youtube.com,channel=@calntownship515,us:cousub:4202910824,fallback,archive_study_2026-09-14,"1 solidly-identified archive page(s), e.g. /m/caln-township-pa-2026-08-28-board-of-commissioners-meeting-august-27-2026; owner title ""Caln Township""",,1,True
www.youtube.com,channel=@cantonvillagetownyoutube9253,us:place:3612331,fallback,archive_study_2026-09-14,"1 solidly-identified archive page(s), e.g. /m/canton-village-ny-2026-09-10-canton-town-board-meeting-9-9-2026; owner title ""Canton Village & Town YouTube""",,1,True
www.youtube.com,channel=@cao-belfastmunicipality5636,ca:csd:1102002,fallback,archive_study_2026-09-14,"1 solidly-identified archive page(s), e.g. /m/belfast-pe-2026-08-20-rmb-council-meeting-2026-08-19; owner title ""CAO - Belfast Municipality""",,1,True
www.youtube.com,channel=@cariboumaine983,us:place:2310565,fallback,archive_study_2026-09-14,"1 solidly-identified archive page(s), e.g. /m/caribou-me-2026-08-10-caribou-city-council-8-10-2026; owner title ""City of Caribou""",,1,True
www.youtube.com,channel=@carlisleboro,us:place:4211272,fallback,archive_study_2026-09-14,"1 solidly-identified archive page(s), e.g. /m/carlisle-ky-2026-09-03-september-borough-council-workshop; owner title ""Borough of Carlisle""",,1,True
www.youtube.com,channel=@carolstream4831,us:place:1711332,fallback,archive_study_2026-09-14,"1 solidly-identified archive page(s), e.g. /m/carol-stream-il-2026-09-09-village-of-carol-stream-board-meeting-september-8-202; owner title ""Carol Stream""",,1,True
www.youtube.com,channel=@cartercountytn1797,us:county:47019,fallback,archive_study_2026-09-14,"1 solidly-identified archive page(s), e.g. /m/carter-county-tn-2021-04-20-county-commission-04-19-2021; owner title ""Carter County""",,1,True
www.youtube.com,channel=@carterlake7754,us:place:1911215,fallback,archive_study_2026-09-14,"1 solidly-identified archive page(s), e.g. /m/carter-lake-ia-2026-08-31-carter-lake-city-council-special-session; owner title ""Carter Lake""",,1,True
www.youtube.com,channel=@cascadechartertownship,us:cousub:2608113660,fallback,archive_study_2026-09-14,"1 solidly-identified archive page(s), e.g. /m/cascade-charter-township-mi-2026-08-27-august-17-2026-planning-commission-meetin; owner title ""Cascade Charter Township""",,1,True
www.youtube.com,channel=@casscounty424,us:county:29037,fallback,archive_study_2026-09-14,"1 solidly-identified archive page(s), e.g. /m/cass-county-mo-2026-09-09-commission-meeting-9-9-2026; owner title ""Cass County""",,1,True
www.youtube.com,channel=@caswellcounty2170,us:county:37033,fallback,archive_study_2026-09-14,"1 solidly-identified archive page(s), e.g. /m/caswell-county-nc-2026-06-05-ccboc-budget-session-june-4-2026; owner title ""Caswell County""",,1,True
www.youtube.com,channel=@ccgovvideo,us:county:47015,fallback,archive_study_2026-09-14,"1 solidly-identified archive page(s), e.g. /m/cannon-county-tn-2026-09-03-september-3-2026-cannon-county-commission-meeting; owner title ""ccgov video""",,1,True
www.youtube.com,channel=@ccgtvcaldwellcountygovernm4773,us:county:37027,fallback,archive_study_2026-09-14,"1 solidly-identified archive page(s), e.g. /m/caldwell-county-nc-2026-09-03-lenoir-city-council-meeting-9-1-26; owner title ""CCGTV Caldwell County Government Channel 190""",,1,True
www.youtube.com,channel=@centralcoastregionaldistri3220,ca:cd:5945,fallback,archive_study_2026-09-14,"1 solidly-identified archive page(s), e.g. /m/central-coast-bc-2026-08-20-public-hearing-bylaw-565-bella-coola-valley-official; owner title ""Central Coast Regional District""",,1,True
www.youtube.com,channel=@centralfrontenac5442,ca:csd:3510035,fallback,archive_study_2026-09-14,"1 solidly-identified archive page(s), e.g. /m/central-frontenac-on-2025-05-09-communal-water-wastewater-systems-info-session; owner title ""Central Frontenac""",Central Frontenac,1,True
www.youtube.com,channel=@charlescitycountyvacommuni9488,us:county:51036,fallback,archive_study_2026-09-14,"1 solidly-identified archive page(s), e.g. /m/charles-city-county-va-2021-11-11-community-meeting; owner title ""Charles City County VA Community Information""",,1,True
www.youtube.com,channel=@charlespatricelli5763,us:place:3678674,fallback,archive_study_2026-09-14,"1 solidly-identified archive page(s), e.g. /m/watervliet-ny-2024-08-16-city-of-watervliet-council-meeting-august-15-2024-meliq; owner title ""Charles Patricelli""",,1,True
www.youtube.com,channel=@chartertownshipofbrownstow4595,us:cousub:2616311220,fallback,archive_study_2026-09-14,"1 solidly-identified archive page(s), e.g. /m/brownstown-charter-township-mi-2026-07-20-regular-board-meeting-7-20-2026; owner title ""Charter Township of Brownstown""",,1,True
www.youtube.com,channel=@chathamnj,us:cousub:3402712130,fallback,archive_study_2026-09-14,"1 solidly-identified archive page(s), e.g. /m/chatham-borough-nj-2026-03-11-township-committee-march-10th-2026; owner title ""Township of Chatham (Official)""",,1,True
www.youtube.com,channel=@cheshirecounty,us:county:33005,fallback,archive_study_2026-09-14,"1 solidly-identified archive page(s), e.g. /m/cheshire-county-nh-2026-08-18-08-12-26-cheshire-county-commissioner-s-meeting; owner title ""Cheshire County""",,1,True
www.youtube.com,channel=@chestercountygov,us:county:45023,fallback,archive_study_2026-09-14,"1 solidly-identified archive page(s), e.g. /m/chester-county-sc-2026-08-31-susan-kovas-cpst-presentation-to-council; owner title ""Chester County""",,1,True
www.youtube.com,channel=@chestercountygovernment9786,us:county:47023,fallback,archive_study_2026-09-14,"1 solidly-identified archive page(s), e.g. /m/chester-county-tn-2026-07-01-june-29-2026-chester-county-commission-meeting; owner title ""Chester County Government""",,1,True
www.youtube.com,channel=@chickasawcountystreaming3554,us:county:19037,fallback,archive_study_2026-09-14,"1 solidly-identified archive page(s), e.g. /m/chickasaw-county-ia-2026-09-08-chickasaw-co-board-of-supervisors-meeting; owner title ""Chickasaw County Streaming""",,1,True
www.youtube.com,channel=@cinnaminsontownship4163,us:cousub:3400512940,fallback,archive_study_2026-09-14,"1 solidly-identified archive page(s), e.g. /m/cinnaminson-township-nj-2026-08-11-cinnaminson-township-committee-meeting-july-2; owner title ""Cinnaminson Township""",,1,True
www.youtube.com,channel=@city-of-terre-haute,us:place:1875428,fallback,archive_study_2026-09-14,"1 solidly-identified archive page(s), e.g. /m/terre-haute-in-2026-01-28-terre-haute-city-council-reorganization-meeting-1-8-20; owner title ""City of Terre Haute""",,1,True
www.youtube.com,channel=@city.nelson,ca:csd:5903015,fallback,archive_study_2026-09-14,"1 solidly-identified archive page(s), e.g. /m/nelson-bc-2026-07-21-special-council-21-jul-2026; owner title ""City of Nelson""",Nelson,1,True
www.youtube.com,channel=@city.of.muncie,us:place:1851876,fallback,archive_study_2026-09-14,"1 solidly-identified archive page(s), e.g. /m/muncie-in-2025-09-10-finance-committee-meeting-september-5th-2025; owner title ""City of Muncie""",,1,True
www.youtube.com,channel=@citycouncillivestream260,us:place:3972102,fallback,archive_study_2026-09-14,"1 solidly-identified archive page(s), e.g. /m/shelby-oh-2026-08-18-shelby-city-council-8-17-2026; owner title ""City Council Live Stream""",,1,True
www.youtube.com,channel=@citydaytonabeach,us:place:1216525,fallback,archive_study_2026-09-14,"1 solidly-identified archive page(s), e.g. /m/daytona-beach-fl-2026-08-12-beachside-redevelopment-board-aug-12-2026; owner title ""Daytona Beach TV""",Daytona Beach city,1,True
www.youtube.com,channel=@citygeneva7610,us:place:3929610,fallback,archive_study_2026-09-14,"1 solidly-identified archive page(s), e.g. /m/geneva-2026-08-17-8-10-26-council; owner title ""City Geneva""",,1,True
www.youtube.com,channel=@citylittlefield2050,us:place:4843024,fallback,archive_study_2026-09-14,"1 solidly-identified archive page(s), e.g. /m/littlefield-tx-2024-07-30-city-council-meeting-videotest-7-30-2024; owner title ""City Littlefield""",,1,True
www.youtube.com,channel=@citylittlerock,us:place:0541000,fallback,archive_study_2026-09-14,"1 solidly-identified archive page(s), e.g. /m/city-of-little-rock-2026-09-10-september-2026-parks-commission-meeting; owner title ""City of Little Rock""",,1,True
www.youtube.com,channel=@cityofarkansascitykansas,us:place:2002300,fallback,archive_study_2026-09-14,"1 solidly-identified archive page(s), e.g. /m/arkansas-city-ks-2026-08-13-august-11-2026-planning-commission-meeting; owner title ""City of Arkansas City, Kansas""",,1,True
www.youtube.com,channel=@cityofashlandky128,us:place:2102368,fallback,archive_study_2026-09-14,"1 solidly-identified archive page(s), e.g. /m/ashland-ky-2026-09-10-ashland-city-commissioners-meeting-9-10-2026; owner title ""City of Ashland, KY""",,1,True
www.youtube.com,channel=@cityofatascadero8306,us:place:0603064,fallback,archive_study_2026-09-14,"1 solidly-identified archive page(s), e.g. /m/atascadero-ca-2026-08-19-planning-commission-meeting-august-18-2026; owner title ""City of Atascadero""",,1,True
www.youtube.com,channel=@cityofaustinminnesota,us:place:2702908,fallback,archive_study_2026-09-14,"1 solidly-identified archive page(s), e.g. /m/austin-city-mn-2026-05-14-planning-commission-meeting-5-12-26; owner title ""City of Austin, Minnesota""",,1,True
www.youtube.com,channel=@cityofballground,us:place:1305036,fallback,archive_study_2026-09-14,"1 solidly-identified archive page(s), e.g. /m/ball-ground-ga-2026-05-15-city-of-ball-ground-may-2026-city-council-meeting; owner title ""City of Ball Ground""",,1,True
www.youtube.com,channel=@cityofbecker6864,us:place:2704618,fallback,archive_study_2026-09-14,"1 solidly-identified archive page(s), e.g. /m/becker-city-mn-2026-09-03-edgewood-update-9-1-26-council-meeting-clip; owner title ""City of Becker""",,1,True
www.youtube.com,channel=@cityofbeltonmogov,us:place:2904384,fallback,archive_study_2026-09-14,"1 solidly-identified archive page(s), e.g. /m/belton-mo-2026-09-09-city-council-meeting-september-8-2026-6-00-pm; owner title ""City of Belton, MO, Government""",,1,True
www.youtube.com,channel=@cityofbethlehemcouncil9913,us:place:4206088,fallback,archive_study_2026-09-14,"1 solidly-identified archive page(s), e.g. /m/bethlehem-city-pa-2023-07-19-07182023-city-council-meeting; owner title ""City of Bethlehem Council""",,1,True
www.youtube.com,channel=@cityofbinghamton3558,us:place:3606607,fallback,archive_study_2026-09-14,"1 solidly-identified archive page(s), e.g. /m/binghamton-city-ny-2022-09-15-2022-09-15-special-business-meeting-mayor-s-2023-b; owner title ""City of Binghamton""",,1,True
www.youtube.com,channel=@cityofbooneiowa6571,us:place:1907480,fallback,archive_study_2026-09-14,"1 solidly-identified archive page(s), e.g. /m/boone-ia-2026-09-08-september-7-2026-boone-city-council-meeting; owner title ""City of Boone Iowa""",,1,True
www.youtube.com,channel=@cityofbowlinggreen9021,us:place:3907972,fallback,archive_study_2026-09-14,"1 solidly-identified archive page(s), e.g. /m/city-of-bowling-green-2026-09-03-planning-commission-meeting-9-2-2026; owner title ""City of Bowling Green""",,1,True
www.youtube.com,channel=@cityofboynecity,us:place:2609820,fallback,archive_study_2026-09-14,"1 solidly-identified archive page(s), e.g. /m/boyne-city-mi-2026-09-09-city-commission-regular-meeting-9-8-2026; owner title ""City of Boyne City""",,1,True
www.youtube.com,channel=@cityofbradentongovernment2208,us:place:1207950,fallback,archive_study_2026-09-14,"1 solidly-identified archive page(s), e.g. /m/bradenton-fl-2026-09-09-bradenton-city-council-meeting-september-9-2026; owner title ""City of Bradenton Government""",,1,True
www.youtube.com,channel=@cityofbranson694,us:place:2907966,fallback,archive_study_2026-09-14,"1 solidly-identified archive page(s), e.g. /m/branson-mo-2026-09-08-board-of-aldermen-study-session-9-8-26; owner title ""CityofBranson""",,1,True
www.youtube.com,channel=@cityofbriaroaks5257,us:place:4810216,fallback,archive_study_2026-09-14,"1 solidly-identified archive page(s), e.g. /m/briaroaks-tx-2024-02-06-city-council-meeting-broadcast; owner title ""City of Briaroaks""",,1,True
www.youtube.com,channel=@cityofbronson,us:place:2610860,fallback,archive_study_2026-09-14,"1 solidly-identified archive page(s), e.g. /m/city-of-bronson-2026-09-10-august-27-2027-special-city-council-meeting; owner title ""City of Bronson""",,1,True
www.youtube.com,channel=@cityofcalumetcity4784,us:place:1710487,fallback,archive_study_2026-09-14,"1 solidly-identified archive page(s), e.g. /m/calumet-city-il-2026-08-31-city-council-meeting-8-27-26; owner title ""City of Calumet City""",,1,True
www.youtube.com,channel=@cityofcapecanaveral5557,us:place:1210250,fallback,archive_study_2026-09-14,"1 solidly-identified archive page(s), e.g. /m/cape-canaveral-fl-2026-08-28-city-council-budget-workshop; owner title ""City of Cape Canaveral""",,1,True
www.youtube.com,channel=@cityofcayce1137,us:place:4512655,fallback,archive_study_2026-09-14,"1 solidly-identified archive page(s), e.g. /m/cayce-sc-2026-09-01-city-of-cayce-council-meeting-09-01-2026; owner title ""City of Cayce""",,1,True
www.youtube.com,channel=@cityofcenterton,us:place:0512820,fallback,archive_study_2026-09-14,"1 solidly-identified archive page(s), e.g. /m/centerton-ar-2026-09-09-centerton-city-council-meeting-9-8-26; owner title ""City of Centerton""",,1,True
www.youtube.com,channel=@cityofchattahoochee4525,us:place:1211800,fallback,archive_study_2026-09-14,"1 solidly-identified archive page(s), e.g. /m/chattahoochee-fl-2023-06-21-february-7-2023-regular-council-meeting; owner title ""City of Chattahoochee""",,1,True
www.youtube.com,channel=@cityofclarksburgwv,us:place:5415628,fallback,archive_study_2026-09-14,"1 solidly-identified archive page(s), e.g. /m/clarksburg-wv-2023-02-06-clarksburg-city-council-meeting-02-02-2023; owner title ""City of Clarksburg, WV""",,1,True
www.youtube.com,channel=@cityofclaytonohio6293,us:place:3915644,fallback,archive_study_2026-09-14,"1 solidly-identified archive page(s), e.g. /m/clayton-city-oh-2026-09-03-city-of-clayton-council-meeting-september-3-2026; owner title ""City of Clayton Ohio""",,1,True
www.youtube.com,channel=@cityofcoalingaofficial4279,us:place:0614274,fallback,archive_study_2026-09-14,"1 solidly-identified archive page(s), e.g. /m/coalinga-ca-2026-01-21-special-city-council-meeting-january-20th-2026; owner title ""City of Coalinga Official""",,1,True
www.youtube.com,channel=@cityofconcordia9517,us:place:2015200,fallback,archive_study_2026-09-14,"1 solidly-identified archive page(s), e.g. /m/concordia-ks-2026-09-09-concordia-ks-city-commission-meeting-9-02-2026; owner title ""City of Concordia""",,1,True
www.youtube.com,channel=@cityofconnellsville636,us:place:4215776,fallback,archive_study_2026-09-14,"1 solidly-identified archive page(s), e.g. /m/connellsville-city-pa-2026-08-19-august-18-2026-city-council-meeting; owner title ""City of Connellsville""",,1,True
www.youtube.com,channel=@cityofcotullacoc7296,us:place:4817216,fallback,archive_study_2026-09-14,"1 solidly-identified archive page(s), e.g. /m/cotulla-tx-2026-08-27-city-council-meeting-august-27-2026; owner title ""City of Cotulla COC""",,1,True
www.youtube.com,channel=@cityofcrescentcityflorida4804,us:place:1215375,fallback,archive_study_2026-09-14,"1 solidly-identified archive page(s), e.g. /m/crescent-city-fl-2022-06-10-regular-cra-city-commission-meeting-6-9-2022; owner title ""City of Crescent City, Florida""",,1,True
www.youtube.com,channel=@cityofcresco1460,us:place:1917220,fallback,archive_study_2026-09-14,"1 solidly-identified archive page(s), e.g. /m/cresco-ia-2026-09-10-city-council-09-09-26; owner title ""City of Cresco""",,1,True
www.youtube.com,channel=@cityofcreswell1909,us:place:4116950,fallback,archive_study_2026-09-14,"1 solidly-identified archive page(s), e.g. /m/creswell-or-2024-01-19-creswell-city-council-emergency-meeting-january-18th-2024; owner title ""City of Creswell""",,1,True
www.youtube.com,channel=@cityofcrookssd5262,us:place:4614740,fallback,archive_study_2026-09-14,"1 solidly-identified archive page(s), e.g. /m/crooks-sd-2025-11-25-11-24-2025-regular-meeting; owner title ""City of Crooks, SD""",,1,True
www.youtube.com,channel=@cityofcumby5055,us:place:4818128,fallback,archive_study_2026-09-14,"1 solidly-identified archive page(s), e.g. /m/cumby-tx-2022-10-13-20221011-regular-council-meeting; owner title ""City of Cumby""",,1,True
www.youtube.com,channel=@cityofdauphin3668,ca:csd:4617050,fallback,archive_study_2026-09-14,"1 solidly-identified archive page(s), e.g. /m/dauphin-mb-2023-05-10-city-of-dauphin-regular-council-meeting-may-8-2023; owner title ""City of Dauphin""",,1,True
www.youtube.com,channel=@cityofdawsonville4325,us:place:1321940,fallback,archive_study_2026-09-14,"1 solidly-identified archive page(s), e.g. /m/dawsonville-ga-2026-08-19-city-council-regular-meeting-and-work-session-monday-a; owner title ""City of Dawsonville""",,1,True
www.youtube.com,channel=@cityofdecorah7366,us:place:1919405,fallback,archive_study_2026-09-14,"1 solidly-identified archive page(s), e.g. /m/decorah-ia-2026-09-09-city-of-decorah-council-meeting-09-08-2026; owner title ""City of Decorah""",,1,True
www.youtube.com,channel=@cityofdextermichigan4348,us:place:2622160,fallback,archive_study_2026-09-14,"1 solidly-identified archive page(s), e.g. /m/dexter-city-mi-2026-08-25-august-24-2026-city-council-meeting; owner title ""City of Dexter, Michigan""",,1,True
www.youtube.com,channel=@cityofeastbethelminnesota2047,us:place:2717486,fallback,archive_study_2026-09-14,"1 solidly-identified archive page(s), e.g. /m/east-bethel-mn-2026-08-11-city-council-wm-city-council-mtg-081026; owner title ""City of East Bethel Minnesota""",,1,True
www.youtube.com,channel=@cityofenterprise,us:place:0124184,fallback,archive_study_2026-09-14,"1 solidly-identified archive page(s), e.g. /m/city-of-enterprise-2026-06-17-enterprise-city-council-meeting-6-16-26; owner title ""City of Enterprise""",,1,True
www.youtube.com,channel=@cityofeufaula-government1557,us:place:4024650,fallback,archive_study_2026-09-14,"1 solidly-identified archive page(s), e.g. /m/eufaula-ok-2026-01-20-january-20-2026-city-council-special; owner title ""City of Eufaula - Government""",,1,True
www.youtube.com,channel=@cityoffairfieldillinois1432,us:place:1724816,fallback,archive_study_2026-09-14,"1 solidly-identified archive page(s), e.g. /m/fairfield-city-il-2024-06-12-city-council-meeting-of-the-city-of-fairfield-06-11; owner title ""City of Fairfield Illinois""",,1,True
www.youtube.com,channel=@cityoffairhope,us:place:0125240,fallback,archive_study_2026-09-14,"1 solidly-identified archive page(s), e.g. /m/fairhope-al-2026-08-25-city-of-fairhope-city-council-meeting-august-24th-2026; owner title ""City of Fairhope""",,1,True
www.youtube.com,channel=@cityoffairwayks4255,us:place:2022700,fallback,archive_study_2026-09-14,"1 solidly-identified archive page(s), e.g. /m/fairway-ks-2026-09-01-08-31-2026-planning-commission-meeting; owner title ""City of Fairway, KS""",,1,True
www.youtube.com,channel=@cityoffranklin2550,us:place:1825450,fallback,archive_study_2026-09-14,"1 solidly-identified archive page(s), e.g. /m/city-of-franklin-2026-08-21-tree-advisory-committee-august-20th-2026; owner title ""City of Franklin""",,1,True
www.youtube.com,channel=@cityoffranklinky,us:place:2128918,fallback,archive_study_2026-09-14,"1 solidly-identified archive page(s), e.g. /m/franklin-ky-2023-11-28-commissioner-herbert-williams; owner title ""City of Franklin, KY""",,1,True
www.youtube.com,channel=@cityoffreeporttx8375,us:place:4827420,fallback,archive_study_2026-09-14,"1 solidly-identified archive page(s), e.g. /m/freeport-tx-2026-09-08-city-council-meeting; owner title ""City of Freeport TX""",,1,True
www.youtube.com,channel=@cityoffultonIL,us:place:1728144,fallback,archive_study_2026-09-14,"1 solidly-identified archive page(s), e.g. /m/fulton-city-il-2026-08-10-city-council-meeting-08-10-2026; owner title ""City of Fulton, Illinois""",,1,True
www.youtube.com,channel=@cityofglendalewisconsin4508,us:place:5529400,fallback,archive_study_2026-09-14,"1 solidly-identified archive page(s), e.g. /m/glendale-city-wi-2026-08-25-common-council-meeting-august-24-2026; owner title ""City of Glendale, Wisconsin""",,1,True
www.youtube.com,channel=@cityofglensfallsny6752,us:place:3629333,fallback,archive_study_2026-09-14,"1 solidly-identified archive page(s), e.g. /m/glens-falls-ny-2026-09-10-2026-09-09-board-of-public-safety-bops-meeting; owner title ""City of Glens Falls NY""",,1,True
www.youtube.com,channel=@cityofgoodlettsville1952,us:place:4729920,fallback,archive_study_2026-09-14,"1 solidly-identified archive page(s), e.g. /m/city-of-goodlettsville-tn-2026-06-16-board-of-commissioners-meeting-june-11-2026; owner title ""City of Goodlettsville""",,1,True
www.youtube.com,channel=@cityofgoodthunder,us:place:2724506,fallback,archive_study_2026-09-14,"1 solidly-identified archive page(s), e.g. /m/good-thunder-mn-2026-08-18-august-5-2026-special-council-meeting; owner title ""Good Thunder, MN Council Meetings""",,1,True
www.youtube.com,channel=@cityofguadalupecalifornia2944,us:place:0631414,fallback,archive_study_2026-09-14,"1 solidly-identified archive page(s), e.g. /m/guadalupe-ca-2026-05-27-city-council-meeting-may-26-2026; owner title ""City of Guadalupe, California""",,1,True
www.youtube.com,channel=@cityofgulfshores7935,us:place:0132272,fallback,archive_study_2026-09-14,"1 solidly-identified archive page(s), e.g. /m/gulf-shores-al-2026-04-13-city-of-gulf-shores-council-work-session-meeting-04-06; owner title ""City of Gulf Shores""",,1,True
www.youtube.com,channel=@cityofhalsteadkansas6894,us:place:2029600,fallback,archive_study_2026-09-14,"1 solidly-identified archive page(s), e.g. /m/halstead-city-ks-2025-04-29-april-28-2025-halstead-city-council-meeting; owner title ""City of Halstead, Kansas""",,1,True
www.youtube.com,channel=@cityofhannibal6090,us:place:2930214,fallback,archive_study_2026-09-14,"1 solidly-identified archive page(s), e.g. /m/hannibal-mo-2026-02-04-hannibal-city-council-3-february-2026; owner title ""City of Hannibal""",,1,True
www.youtube.com,channel=@cityofhazennd2595,us:place:3836780,fallback,archive_study_2026-09-14,"1 solidly-identified archive page(s), e.g. /m/hazen-nd-2026-09-09-september-8-2026-meeting-of-the-hazen-nd-city-commission; owner title ""City of Hazen, ND""",,1,True
www.youtube.com,channel=@cityofhazlehurst7840,us:place:1337564,fallback,archive_study_2026-09-14,"1 solidly-identified archive page(s), e.g. /m/hazlehurst-ga-2026-08-26-city-council-meeting-8-25-2026; owner title ""Cityof Hazlehurst""",,1,True
www.youtube.com,channel=@cityofhelena-westhelena4680,us:place:0531190,fallback,archive_study_2026-09-14,"1 solidly-identified archive page(s), e.g. /m/helena-west-helena-ar-2026-09-08-city-of-hwh-s-special-call-meeting-9-8-26; owner title ""City of Helena-West Helena""",,1,True
www.youtube.com,channel=@cityofhermantownminnesota4642,us:place:2728646,fallback,archive_study_2026-09-14,"1 solidly-identified archive page(s), e.g. /m/herman-mn-2026-09-08-city-council-meeting; owner title ""City of Hermantown, Minnesota""",,1,True
www.youtube.com,channel=@cityofhillsborond2145,us:place:3838100,fallback,archive_study_2026-09-14,"1 solidly-identified archive page(s), e.g. /m/hillsboro-city-nd-2026-09-10-city-of-hillsboro-city-commission-meeting-9-8-26; owner title ""City of Hillsboro, ND""",,1,True
www.youtube.com,channel=@cityofhopkinsvilleky,us:place:2137918,fallback,archive_study_2026-09-14,"1 solidly-identified archive page(s), e.g. /m/hopkinsville-ky-2026-08-26-hopkinsville-code-of-enforcement-board-meeting; owner title ""City of Hopkinsville, KY""",,1,True
www.youtube.com,channel=@cityofhorace9072,us:place:3838900,fallback,archive_study_2026-09-14,"1 solidly-identified archive page(s), e.g. /m/horace-nd-2026-09-09-september-8-2026-horace-city-council-meeting; owner title ""City of Horace""",,1,True
www.youtube.com,channel=@cityofhoytlakes,us:place:2730302,fallback,archive_study_2026-09-14,"1 solidly-identified archive page(s), e.g. /m/hoyt-lakes-mn-2026-09-09-hoyt-lakes-city-council-sept-8-2026; owner title ""City of Hoyt Lakes""",,1,True
www.youtube.com,channel=@cityofhuntingtonwoods3447,us:place:2640000,fallback,archive_study_2026-09-14,"1 solidly-identified archive page(s), e.g. /m/huntington-woods-mi-2026-03-11-hw-2026-03-09-zoning-board-of-appeals; owner title ""City of Huntington Woods""",,1,True
www.youtube.com,channel=@cityofhuron2971,us:place:3937016,fallback,archive_study_2026-09-14,"1 solidly-identified archive page(s), e.g. /m/huron-city-oh-2026-08-26-huron-city-council-regular-meeting-8-25-26; owner title ""City of Huron""",,1,True
www.youtube.com,channel=@cityofinternationalfallsmi2303,us:place:2731040,fallback,archive_study_2026-09-14,"1 solidly-identified archive page(s), e.g. /m/international-falls-mn-2026-09-09-special-eda-meeting-for-september-8-2026; owner title ""City of International Falls, Minnesota""",,1,True
www.youtube.com,channel=@cityofjanesville2323,us:place:2731706,fallback,archive_study_2026-09-14,"1 solidly-identified archive page(s), e.g. /m/city-of-janesville-2026-08-25-city-council-august-24-2026-from-7-00-7-41-pm; owner title ""City of Janesville""",,1,True
www.youtube.com,channel=@cityofjesup4339,us:place:1939585,fallback,archive_study_2026-09-14,"1 solidly-identified archive page(s), e.g. /m/jesup-ia-2026-08-17-city-council-meeting-august-17-2026; owner title ""City of Jesup""",,1,True
www.youtube.com,channel=@cityofjohnston,us:place:1939765,fallback,archive_study_2026-09-14,"1 solidly-identified archive page(s), e.g. /m/johnston-ia-2026-08-19-johnston-city-council-meeting-august-17-2026; owner title ""City of Johnston, Iowa""",,1,True
www.youtube.com,channel=@cityofkalispellmontana9632,us:place:3040075,fallback,archive_study_2026-09-14,"1 solidly-identified archive page(s), e.g. /m/kalispell-mt-2026-08-25-8-24-26-kalispell-city-council-work-session-meeting; owner title ""City of Kalispell, Montana""",,1,True
www.youtube.com,channel=@cityofkeenetexas,us:place:4838548,fallback,archive_study_2026-09-14,"1 solidly-identified archive page(s), e.g. /m/keene-tx-2024-06-24-city-of-keene-texas-council-meeting-06-20-2024-video-1; owner title ""City of Keene, Texas""",,1,True
www.youtube.com,channel=@cityofkeokuk1767,us:place:1940845,fallback,archive_study_2026-09-14,"1 solidly-identified archive page(s), e.g. /m/keokuk-ia-2025-12-05-keokuk-city-council-meeting-12-4-2025; owner title ""City of Keokuk""",,1,True
www.youtube.com,channel=@cityofkettering8104,us:place:3940040,fallback,archive_study_2026-09-14,"1 solidly-identified archive page(s), e.g. /m/kettering-oh-2026-09-09-kettering-city-council-meeting-of-september-8-2026; owner title ""City of Kettering""",,1,True
www.youtube.com,channel=@cityofkuna1084,us:place:1644290,fallback,archive_study_2026-09-14,"1 solidly-identified archive page(s), e.g. /m/kuna-id-2020-04-07-city-of-kuna-council-meeting-04-07-2020; owner title ""City of Kuna""",,1,True
www.youtube.com,channel=@cityoflafayettealabama7605,us:place:0140672,fallback,archive_study_2026-09-14,"1 solidly-identified archive page(s), e.g. /m/la-fayette-al-2020-10-09-city-council-meeting-9-28-20; owner title ""City of LaFayette Alabama""",,1,True
www.youtube.com,channel=@cityoflagrangega,us:place:1344340,fallback,archive_study_2026-09-14,"1 solidly-identified archive page(s), e.g. /m/lagrange-ga-2026-08-26-lagrange-georgia-city-council-meeting-august-25-2026; owner title ""City of LaGrange, GA""",,1,True
www.youtube.com,channel=@cityoflennox6219,us:place:4636380,fallback,archive_study_2026-09-14,"1 solidly-identified archive page(s), e.g. /m/lennox-sd-2026-06-16-lennox-ambulance-funding-meeting-6-16-2026; owner title ""City of Lennox""",,1,True
www.youtube.com,channel=@cityoflenoirncgov,us:place:3737760,fallback,archive_study_2026-09-14,"1 solidly-identified archive page(s), e.g. /m/city-of-lenoir-nc-gov-2026-08-05-city-council-meeting-live-stream-august-4-2026; owner title ""City of Lenoir, NC Gov""",,1,True
www.youtube.com,channel=@cityoflomita3531,us:place:0642468,fallback,archive_study_2026-09-14,"1 solidly-identified archive page(s), e.g. /m/lomita-ca-2025-01-22-january-13-2025-planning-commission-meeting; owner title ""City of Lomita""",Lomita city,1,True
www.youtube.com,channel=@cityoflonoke7754,us:place:0541420,fallback,archive_study_2026-09-14,"1 solidly-identified archive page(s), e.g. /m/lonoke-ar-2025-12-09-city-council-meeting-12-08-2025; owner title ""City of Lonoke""",,1,True
www.youtube.com,channel=@cityoflowell,us:place:2649540,fallback,archive_study_2026-09-14,"1 solidly-identified archive page(s), e.g. /m/lowell-mi-2026-08-04-lowell-city-council-meeting-of-august-3-2026-part-1; owner title ""City of Lowell""",,1,True
www.youtube.com,channel=@cityofludington,us:place:2649640,fallback,archive_study_2026-09-14,"1 solidly-identified archive page(s), e.g. /m/ludington-mi-2024-12-14-ludington-city-council-12-9-2024-part-2; owner title ""City of Ludington""",,1,True
www.youtube.com,channel=@cityofmanveltx,us:place:4846500,fallback,archive_study_2026-09-14,"1 solidly-identified archive page(s), e.g. /m/city-of-manvel-2025-12-02-manvel-city-council-meeting-12-1-2025-reupload; owner title ""City of Manvel""",,1,True
www.youtube.com,channel=@cityofmaplewood8819,us:place:2945830,fallback,archive_study_2026-09-14,"1 solidly-identified archive page(s), e.g. /m/city-of-maplewood-2024-12-12-12-10-24-city-council-meeting; owner title ""City of Maplewood""",,1,True
www.youtube.com,channel=@cityofmaquoketa,us:place:1949215,fallback,archive_study_2026-09-14,"1 solidly-identified archive page(s), e.g. /m/maquoketa-ia-2026-08-27-maquoketa-special-city-council-meeting-august-27-2026; owner title ""City of Maquoketa""",Maquoketa city,1,True
www.youtube.com,channel=@cityofmaysvillekygov,us:place:2151024,fallback,archive_study_2026-09-14,"1 solidly-identified archive page(s), e.g. /m/city-of-maysville-2026-07-29-city-commission-7-29-26; owner title ""City of Maysville""",,1,True
www.youtube.com,channel=@cityofmedfordor,us:place:4147000,fallback,archive_study_2026-09-14,"1 solidly-identified archive page(s), e.g. /m/medford-or-2026-05-27-may-21-2026-city-council-town-hall; owner title ""cityofmedfordor""",Medford city,1,True
www.youtube.com,channel=@cityofmoore,us:place:4049200,fallback,archive_study_2026-09-14,"1 solidly-identified archive page(s), e.g. /m/moore-ok-2026-09-08-moore-city-council-meeting-september-8-2026; owner title ""City of Moore, Oklahoma""",,1,True
www.youtube.com,channel=@cityofmurphysboro7215,us:place:1751453,fallback,archive_study_2026-09-14,"1 solidly-identified archive page(s), e.g. /m/murphysboro-city-il-2017-08-23-city-of-murphysboro-council-meeting-2-28-2017; owner title ""City of Murphysboro""",,1,True
www.youtube.com,channel=@cityofnewcastle2698,us:place:5348645,fallback,archive_study_2026-09-14,"1 solidly-identified archive page(s), e.g. /m/city-of-newcastle-2026-04-09-2026-04-07-council-special-meeting; owner title ""City of Newcastle""",,1,True
www.youtube.com,channel=@cityofnewphiladelphia8939,us:place:3955216,fallback,archive_study_2026-09-14,"1 solidly-identified archive page(s), e.g. /m/new-philadelphia-oh-2025-07-14-7-14-2025-council-meeting; owner title ""City Of New Philadelphia""",,1,True
www.youtube.com,channel=@cityofnorthpole1821,us:place:0255910,fallback,archive_study_2026-09-14,"1 solidly-identified archive page(s), e.g. /m/north-pole-ak-2026-09-09-regular-council-meeting-september-8-2026; owner title ""City of North Pole""",,1,True
www.youtube.com,channel=@cityofnorwalkiowa6997,us:place:1957675,fallback,archive_study_2026-09-14,"1 solidly-identified archive page(s), e.g. /m/norwalk-ia-2025-02-24-february-20-2025-norwalk-city-council-meeting; owner title ""City of Norwalk, Iowa""",,1,True
www.youtube.com,channel=@cityofoldtownmaine6039,us:place:2355225,fallback,archive_study_2026-09-14,"1 solidly-identified archive page(s), e.g. /m/old-town-me-2026-04-22-april-21-2026-council; owner title ""City of Old Town, Maine""",,1,True
www.youtube.com,channel=@cityofolean2137,us:place:3654716,fallback,archive_study_2026-09-14,"1 solidly-identified archive page(s), e.g. /m/olean-city-ny-2026-06-10-city-of-olean-common-council-meeting-06-09-2026; owner title ""City Of Olean""",,1,True
www.youtube.com,channel=@cityoforangeburg,us:place:4553080,fallback,archive_study_2026-09-14,"1 solidly-identified archive page(s), e.g. /m/orangeburg-sc-2026-09-02-9-1-2026-city-council-meeting; owner title ""City of Orangeburg""",,1,True
www.youtube.com,channel=@cityoformondbeach,us:place:1253150,fallback,archive_study_2026-09-14,"1 solidly-identified archive page(s), e.g. /m/ormond-beach-fl-2026-02-05-city-commission-meeting-02-03-2026; owner title ""cityoformondbeach""",,1,True
www.youtube.com,channel=@cityoforonocominnesota7999,us:place:2748598,fallback,archive_study_2026-09-14,"1 solidly-identified archive page(s), e.g. /m/oronoco-city-mn-2026-08-26-08-25-26-eda-meeting; owner title ""City of Oronoco Minnesota""",,1,True
www.youtube.com,channel=@cityofotsego4615,us:place:2749138,fallback,archive_study_2026-09-14,"1 solidly-identified archive page(s), e.g. /m/city-of-otsego-2026-08-25-otsego-city-council-meeting-august-24-2026; owner title ""City of Otsego""",,1,True
www.youtube.com,channel=@cityofpaloshills1680,us:place:1757394,fallback,archive_study_2026-09-14,"1 solidly-identified archive page(s), e.g. /m/palos-hills-il-2021-01-13-election-board-hearing-for-consolidated-elections-to-o; owner title ""City of Palos Hills""",,1,True
www.youtube.com,channel=@cityofpetoskey3263,us:place:2663820,fallback,archive_study_2026-09-14,"1 solidly-identified archive page(s), e.g. /m/petoskey-mi-2026-08-19-dmb-meeting-08-18-26; owner title ""City of Petoskey""",,1,True
www.youtube.com,channel=@cityofphenixcityal7205,us:place:0159472,fallback,archive_study_2026-09-14,"1 solidly-identified archive page(s), e.g. /m/phenix-city-al-2026-09-08-phenix-city-council-meeting-september-1-2026; owner title ""City of Phenix City, AL""",,1,True
www.youtube.com,channel=@cityofphilomath204,us:place:4157450,fallback,archive_study_2026-09-14,"1 solidly-identified archive page(s), e.g. /m/philomath-or-2026-05-06-city-council-special-meeting-4-29-2026; owner title ""City of Philomath""",,1,True
www.youtube.com,channel=@cityofprincerupert6821,ca:csd:5947012,fallback,archive_study_2026-09-14,"1 solidly-identified archive page(s), e.g. /m/prince-rupert-bc-2026-09-09-regular-council-meeting-september-08-2026; owner title ""City of Prince Rupert""",,1,True
www.youtube.com,channel=@cityofprinceton61356,us:place:1761899,fallback,archive_study_2026-09-14,"1 solidly-identified archive page(s), e.g. /m/city-of-princeton-2026-09-09-city-of-princeton-city-council-meeting-september-8t; owner title ""City of Princeton""",,1,True
www.youtube.com,channel=@cityofradcliff2406,us:place:2163912,fallback,archive_study_2026-09-14,"1 solidly-identified archive page(s), e.g. /m/radcliff-ky-2026-05-12-may-11-2026-called-council-meeting-work-session; owner title ""City of Radcliff""",,1,True
www.youtube.com,channel=@cityofrathdrum7837,us:place:1666340,fallback,archive_study_2026-09-14,"1 solidly-identified archive page(s), e.g. /m/rathdrum-id-2026-08-13-august-12-2026-city-council-meeting; owner title ""City of Rathdrum""",,1,True
www.youtube.com,channel=@cityofravenswoodwestvirgin1818,us:place:5467108,fallback,archive_study_2026-09-14,"1 solidly-identified archive page(s), e.g. /m/ravenswood-wv-2026-06-22-video-2-16-june-2026-council; owner title ""City of Ravenswood, West Virginia""",,1,True
www.youtube.com,channel=@cityofreedsburg2999,us:place:5566800,fallback,archive_study_2026-09-14,"1 solidly-identified archive page(s), e.g. /m/reedsburg-city-wi-2026-08-24-reedsburg-city-council-august-24-2026; owner title ""City of Reedsburg""",,1,True
www.youtube.com,channel=@cityofrexburg619,us:place:1667420,fallback,archive_study_2026-09-14,"1 solidly-identified archive page(s), e.g. /m/rexburg-id-2026-09-04-city-council-meeting-09-02-2026; owner title ""City Of Rexburg""",,1,True
www.youtube.com,channel=@cityofrhome-tx9544,us:place:4861700,fallback,archive_study_2026-09-14,"1 solidly-identified archive page(s), e.g. /m/rhome-tx-2026-09-08-city-council-meeting-08-27-2026; owner title ""City of Rhome -TX""",,1,True
www.youtube.com,channel=@cityofrobinson,us:place:4862588,fallback,archive_study_2026-09-14,"1 solidly-identified archive page(s), e.g. /m/city-of-robinson-2026-09-01-september-1-2026-city-council-workshop-meeting; owner title ""City of Robinson""",,1,True
www.youtube.com,channel=@cityofrockytoptn,us:place:4764668,fallback,archive_study_2026-09-14,"1 solidly-identified archive page(s), e.g. /m/rocky-top-tn-2026-07-20-rocky-top-city-council-16-october-2025; owner title ""cityofrockytoptn""",,1,True
www.youtube.com,channel=@cityofrollingwoodtexas,us:place:4863008,fallback,archive_study_2026-09-14,"1 solidly-identified archive page(s), e.g. /m/rollingwood-tx-2025-05-22-may-21-2025-city-council-meeting; owner title ""City of Rollingwood, Texas""",,1,True
www.youtube.com,channel=@cityofrossfordohio6190,us:place:3968686,fallback,archive_study_2026-09-14,"1 solidly-identified archive page(s), e.g. /m/rossford-oh-2026-05-04-rossford-city-council-meeting-04-27-2026; owner title ""City of Rossford, Ohio""",,1,True
www.youtube.com,channel=@cityofsandyoaks2511,us:place:4865344,fallback,archive_study_2026-09-14,"1 solidly-identified archive page(s), e.g. /m/sandy-oaks-tx-2026-08-28-council-meeting-08-27-2026; owner title ""City of Sandy Oaks""",,1,True
www.youtube.com,channel=@cityofsanfordfl,us:place:1263650,fallback,archive_study_2026-09-14,"1 solidly-identified archive page(s), e.g. /m/sanford-fl-2026-07-17-sanford-says-back-to-school-community-updates-with-commiss; owner title ""City of Sanford, FL""",,1,True
www.youtube.com,channel=@cityofsanjuanbautista4658,us:place:0668014,fallback,archive_study_2026-09-14,"1 solidly-identified archive page(s), e.g. /m/san-juan-bautista-ca-2026-09-04-2026-september-1-city-of-san-juan-bautista-plann; owner title ""City of San Juan Bautista""",,1,True
www.youtube.com,channel=@cityofsanmarinoca,us:place:0668224,fallback,archive_study_2026-09-14,"1 solidly-identified archive page(s), e.g. /m/san-marino-ca-2026-08-26-regular-planning-commission-meeting-august-26-2026; owner title ""City of San Marino""",,1,True
www.youtube.com,channel=@cityofsanteecaoffical,us:place:0670224,fallback,archive_study_2026-09-14,"1 solidly-identified archive page(s), e.g. /m/santee-ca-2026-07-09-santee-city-council-meeting-7-8-26; owner title ""City of Santee""",,1,True
www.youtube.com,channel=@cityofsarcoxiemissouri9335,us:place:2965990,fallback,archive_study_2026-09-14,"1 solidly-identified archive page(s), e.g. /m/sarcoxie-mo-2018-12-16-town-hall-meeting-paul-callicoat; owner title ""City of Sarcoxie Missouri""",,1,True
www.youtube.com,channel=@cityofsaugatuck6479,us:place:2671700,fallback,archive_study_2026-09-14,"1 solidly-identified archive page(s), e.g. /m/saugatuck-city-mi-2026-08-20-city-council-workshop-meeting-8-19-26; owner title ""City of Saugatuck""",,1,True
www.youtube.com,channel=@cityofscottsburg8051,us:place:1868526,fallback,archive_study_2026-09-14,"1 solidly-identified archive page(s), e.g. /m/scottsburg-in-2026-08-06-8-6-2026-historic-review-board-meeting; owner title ""City of Scottsburg""",,1,True
www.youtube.com,channel=@cityofseagravestx1768,us:place:4866440,fallback,archive_study_2026-09-14,"1 solidly-identified archive page(s), e.g. /m/seagraves-tx-2021-11-17-regular-session-meeting-nov-8th-2021; owner title ""City of Seagraves, TX""",,1,True
www.youtube.com,channel=@cityofselkirk3298,ca:csd:4613047,fallback,archive_study_2026-09-14,"1 solidly-identified archive page(s), e.g. /m/selkirk-mb-2025-12-15-happy-holidays-from-selkirk-council-2025; owner title ""City of Selkirk""",Selkirk,1,True
www.youtube.com,channel=@cityofsidneyohio2538,us:place:3972424,fallback,archive_study_2026-09-14,"1 solidly-identified archive page(s), e.g. /m/sidney-oh-2026-09-09-amazon-data-center-community-information-session-webinar-9; owner title ""City of Sidney, Ohio""",,1,True
www.youtube.com,channel=@cityofsikestonmissouri5921,us:place:2967790,fallback,archive_study_2026-09-14,"1 solidly-identified archive page(s), e.g. /m/sikeston-mo-2026-09-01-sikeston-city-council-aug-31-2026; owner title ""City of Sikeston, Missouri""",,1,True
www.youtube.com,channel=@cityofsmithvillemo2558,us:place:2968420,fallback,archive_study_2026-09-14,"1 solidly-identified archive page(s), e.g. /m/smithville-mo-2025-01-28-parks-and-recreation-committee-meeting-1-23-2025; owner title ""City of Smithville, MO""",,1,True
www.youtube.com,channel=@cityofsmithvilletexas9460,us:place:4868456,fallback,archive_study_2026-09-14,"1 solidly-identified archive page(s), e.g. /m/smithville-tx-2024-07-10-council-meeting-and-workshop-july-10-2024; owner title ""City of Smithville, Texas""",,1,True
www.youtube.com,channel=@cityofsouthlyon3444,us:place:2675100,fallback,archive_study_2026-09-14,"1 solidly-identified archive page(s), e.g. /m/south-lyon-mi-2026-08-25-south-lyon-city-council-meeting-aug-24-2026; owner title ""City of South Lyon""",,1,True
www.youtube.com,channel=@cityofst.franciswi2968,us:place:5570650,fallback,archive_study_2026-09-14,"1 solidly-identified archive page(s), e.g. /m/city-of-st-francis-2026-07-22-7-21-2026-common-council-meeting; owner title ""City of St. Francis WI""",,1,True
www.youtube.com,channel=@cityofst.helensoregon138,us:place:4164600,fallback,archive_study_2026-09-14,"1 solidly-identified archive page(s), e.g. /m/st-helens-or-2026-07-30-07-13-2026-regular-library-board-meeting; owner title ""City of St. Helens Oregon""",,1,True
www.youtube.com,channel=@cityofstalbanswv,us:place:5471212,fallback,archive_study_2026-09-14,"1 solidly-identified archive page(s), e.g. /m/st-albans-wv-2026-09-09-st-albans-city-council-meeting-september-8-2026; owner title ""City of St. Albans West Virginia""",,1,True
www.youtube.com,channel=@cityofstanton4351,us:place:2676220,fallback,archive_study_2026-09-14,"1 solidly-identified archive page(s), e.g. /m/city-of-stanton-2019-12-02-city-of-stanton-commission-meeting; owner title ""City of Stanton""",,1,True
www.youtube.com,channel=@cityofstjosephmi5546,us:place:2670960,fallback,archive_study_2026-09-14,"1 solidly-identified archive page(s), e.g. /m/st-joseph-mi-2026-09-04-planning-commission-meeting-august-3-2026-4-30-pm; owner title ""City of St Joseph, MI""",,1,True
www.youtube.com,channel=@cityofstreatoril8905,us:place:1773170,fallback,archive_study_2026-09-14,"1 solidly-identified archive page(s), e.g. /m/streator-il-2026-07-21-city-council-meeting-july-15-2026; owner title ""City of Streator, IL""",,1,True
www.youtube.com,channel=@cityofstruthersohio7474,us:place:3975126,fallback,archive_study_2026-09-14,"1 solidly-identified archive page(s), e.g. /m/struthers-oh-2025-10-02-city-of-struthers-council-caucus-committee-meeting-oct-1; owner title ""City of Struthers, Ohio""",,1,True
www.youtube.com,channel=@cityofsunnysidewa,ca:csd:1001277,fallback,archive_study_2026-09-14,"1 solidly-identified archive page(s), e.g. /m/sunnyside-nl-2026-09-09-city-council-regular-meeting-9-9-2026; owner title ""City of Sunnyside Washington""",Sunnyside,1,True
www.youtube.com,channel=@cityofterrell2288,us:place:4872284,fallback,archive_study_2026-09-14,"1 solidly-identified archive page(s), e.g. /m/terrell-tx-2025-08-29-planning-and-zoning-commission-aug-28-2025-full-meeting; owner title ""City of Terrell""",,1,True
www.youtube.com,channel=@cityofthomasvillega,us:place:1376224,fallback,archive_study_2026-09-14,"1 solidly-identified archive page(s), e.g. /m/thomasville-ga-2026-08-20-youth-council-gives-students-power-to-learn-season-6-e; owner title ""City of Thomasville, Georgia""",,1,True
www.youtube.com,channel=@cityofthompson2067,ca:csd:4622026,fallback,archive_study_2026-09-14,"1 solidly-identified archive page(s), e.g. /m/thompson-mb-2026-08-12-regular-meeting-of-council-august-11-2026; owner title ""City of Thompson""",,1,True
www.youtube.com,channel=@cityofumatilla,us:place:4175650,fallback,archive_study_2026-09-14,"1 solidly-identified archive page(s), e.g. /m/umatilla-or-2026-04-21-urban-renewal-agency-meeting-apr-21-2026; owner title ""City of Umatilla""",Umatilla city,1,True
www.youtube.com,channel=@cityofvalleycenter6063,us:place:2073250,fallback,archive_study_2026-09-14,"1 solidly-identified archive page(s), e.g. /m/valley-center-city-ks-2024-05-24-city-of-valley-center-city-council-meeting-5-21; owner title ""City of Valley Center""",,1,True
www.youtube.com,channel=@cityofvineland1045,us:place:3476070,fallback,archive_study_2026-09-14,"1 solidly-identified archive page(s), e.g. /m/vineland-nj-2026-08-06-chestnut-avenue-public-meeting-division-of-engineering; owner title ""City of Vineland""",,1,True
www.youtube.com,channel=@cityofvirginiamn456,us:place:2767288,fallback,archive_study_2026-09-14,"1 solidly-identified archive page(s), e.g. /m/virginia-mn-2026-09-08-virginia-city-council-september-8th-2026; owner title ""City of Virginia, MN""",,1,True
www.youtube.com,channel=@cityofwaltonky5870,us:place:2180490,fallback,archive_study_2026-09-14,"1 solidly-identified archive page(s), e.g. /m/walton-2024-06-12-city-council-meeting-may-14-2024-2; owner title ""City of Walton KY""",,1,True
www.youtube.com,channel=@cityofwaterbury2129,us:place:0980000,fallback,archive_study_2026-09-14,"1 solidly-identified archive page(s), e.g. /m/waterbury-ct-2026-07-22-waterbury-boards-of-aldermen-and-education-combined-spec; owner title ""City of Waterbury""",,1,True
www.youtube.com,channel=@cityofweirtonwv,us:place:5485156,fallback,archive_study_2026-09-14,"1 solidly-identified archive page(s), e.g. /m/weirton-wv-2025-11-12-november-10-2025-city-council-meeting-regular-20251110-190; owner title ""City of Weirton WV""",,1,True
www.youtube.com,channel=@cityofwestonwestvirginia3687,us:place:5485972,fallback,archive_study_2026-09-14,"1 solidly-identified archive page(s), e.g. /m/weston-wv-2022-02-12-city-of-weston-regular-session-of-city-council-feb-2-2022; owner title ""City of Weston West Virginia""",,1,True
www.youtube.com,channel=@cityofweyburnsk,ca:csd:4702047,fallback,archive_study_2026-09-14,"1 solidly-identified archive page(s), e.g. /m/weyburn-sk-2026-09-09-weyburn-city-council-september-9-2026-special-meeting-pdap; owner title ""City of Weyburn""",Weyburn,1,True
www.youtube.com,channel=@cityofwildwood2938,us:place:2979820,fallback,archive_study_2026-09-14,"1 solidly-identified archive page(s), e.g. /m/wildwood-mo-2026-08-10-august-10-2026-city-council-meeting; owner title ""City of Wildwood""",,1,True
www.youtube.com,channel=@cityofwinfield2095,us:place:2980422,fallback,archive_study_2026-09-14,"1 solidly-identified archive page(s), e.g. /m/city-of-winfield-2023-12-04-4-25-2023-meeting; owner title ""City of Winfield""",,1,True
www.youtube.com,channel=@cityofwinstedmn857,us:place:2771086,fallback,archive_study_2026-09-14,"1 solidly-identified archive page(s), e.g. /m/winsted-city-mn-2026-05-05-05-05-2026-city-council-meeting; owner title ""City of Winsted MN""",,1,True
www.youtube.com,channel=@cityofwintervillega3243,us:place:1383728,fallback,archive_study_2026-09-14,"1 solidly-identified archive page(s), e.g. /m/winterville-ga-2022-11-15-city-council-meeting-2022-11-08; owner title ""City of Winterville, GA""",,1,True
www.youtube.com,channel=@cityofwoodstockON,ca:csd:3532042,fallback,archive_study_2026-09-14,"1 solidly-identified archive page(s), e.g. /m/city-of-woodstock-2025-02-19-city-of-woodstock-planning-meeting-feb-18th-2025; owner title ""City of Woodstock""",,1,True
www.youtube.com,channel=@cityofyankton,us:place:4673060,fallback,archive_study_2026-09-14,"1 solidly-identified archive page(s), e.g. /m/yankton-sd-2025-10-15-october-14-2025-regular-yankton-city-commission-meeting; owner title ""cityofyankton""",,1,True
www.youtube.com,channel=@cityofzillah8345,us:place:5380500,fallback,archive_study_2026-09-14,"1 solidly-identified archive page(s), e.g. /m/zillah-wa-2024-02-09-planning-commission-2-6-24; owner title ""City of Zillah""",,1,True
www.youtube.com,channel=@citysoldotna,us:place:0271640,fallback,archive_study_2026-09-14,"1 solidly-identified archive page(s), e.g. /m/soldotna-ak-2026-09-10-9-9-2026-city-council-meetings; owner title ""City of Soldotna""",,1,True
www.youtube.com,channel=@clarecounty9083,us:county:26035,fallback,archive_study_2026-09-14,"1 solidly-identified archive page(s), e.g. /m/clare-county-mi-2026-08-19-08-19-2026-board-of-commissioners-meeting; owner title ""Clare County""",,1,True
www.youtube.com,channel=@clearcreekcountyco,us:county:08019,fallback,archive_study_2026-09-14,"1 solidly-identified archive page(s), e.g. /m/clear-creek-county-co-2026-09-08-sept-1st-2026-full-bocc-meeting; owner title ""Clear Creek County""",,1,True
www.youtube.com,channel=@clintoncountygovernment4677,us:county:18023,fallback,archive_study_2026-09-14,"1 solidly-identified archive page(s), e.g. /m/clinton-county-in-2026-01-09-commissioner-meeting-1-6-25-part-1; owner title ""Clinton County Government""",,1,True
www.youtube.com,channel=@clintonokla,us:place:4015400,fallback,archive_study_2026-09-14,"1 solidly-identified archive page(s), e.g. /m/clinton-ok-2020-09-02-city-of-clinton-ok-council-meetings-september-1-2020; owner title ""City of Clinton OK""",,1,True
www.youtube.com,channel=@coeurdaleneairport7911,us:county:16055,fallback,archive_study_2026-09-14,"1 solidly-identified archive page(s), e.g. /m/kootenai-county-id-2026-06-11-june-2026-airport-advisory-board-meeting; owner title ""Coeur d'Alene AIrport""",,1,True
www.youtube.com,channel=@coffeycountycommission581,us:county:20031,fallback,archive_study_2026-09-14,"1 solidly-identified archive page(s), e.g. /m/coffey-county-ks-2026-06-23-meeting-6-22-2026; owner title ""Coffey County Commission""",,1,True
www.youtube.com,channel=@colfaxcountynewmexico3913,us:county:35007,fallback,archive_study_2026-09-14,"1 solidly-identified archive page(s), e.g. /m/colfax-county-nm-2026-09-08-colfax-county-commission-meeting-september-8th-2026; owner title ""Colfax County, New Mexico""",,1,True
www.youtube.com,channel=@colonialbeachtownhall1344,us:place:5118400,fallback,archive_study_2026-09-14,"1 solidly-identified archive page(s), e.g. /m/colonial-beach-va-2026-08-19-town-council-meeting-08-19-2026; owner title ""Colonial Beach Town Hall""",,1,True
www.youtube.com,channel=@comoxvalleyrd,ca:cd:5926,fallback,archive_study_2026-09-14,"1 solidly-identified archive page(s), e.g. /m/comox-valley-bc-2025-11-26-addressing-housing-affordability-what-will-the-housin; owner title ""Comox Valley Regional District""",,1,True
www.youtube.com,channel=@corporationofthetownofsmit6358,ca:csd:3509004,fallback,archive_study_2026-09-14,"1 solidly-identified archive page(s), e.g. /m/smiths-falls-on-2026-07-16-meeting-of-smiths-falls-town-council-july-13-2027; owner title ""Corporation of the Town of Smiths Falls""",Smiths Falls,1,True
www.youtube.com,channel=@countyjudgezoom4350,us:county:48217,fallback,archive_study_2026-09-14,"1 solidly-identified archive page(s), e.g. /m/hill-county-tx-2026-09-08-commissioners-court; owner title ""County Judge Zoom""",,1,True
www.youtube.com,channel=@countyoffranklinny9974,us:county:36033,fallback,archive_study_2026-09-14,"1 solidly-identified archive page(s), e.g. /m/franklin-county-ny-2022-02-15-special-legislative-session-1-27-2022; owner title ""County of Franklin NY""",,1,True
www.youtube.com,channel=@countyofmecklenburg7339,us:county:51117,fallback,archive_study_2026-09-14,"1 solidly-identified archive page(s), e.g. /m/mecklenburg-county-va-2025-05-12-board-of-supervisors-may-12-2025; owner title ""County of Mecklenburg""",,1,True
www.youtube.com,channel=@covcounty,us:county:01039,fallback,archive_study_2026-09-14,"1 solidly-identified archive page(s), e.g. /m/covington-county-al-2026-08-26-august-25-2026-commission-meeting; owner title ""Covington County Commission""",,1,True
www.youtube.com,channel=@craigjohns8971,us:place:2940322,fallback,archive_study_2026-09-14,"1 solidly-identified archive page(s), e.g. /m/lake-waukomis-mo-2026-04-13-city-of-lake-waukomis-town-hall-meeting-4-11-26; owner title ""Craig Johns""",,1,True
www.youtube.com,channel=@cramertonplanning6183,us:place:3715260,fallback,archive_study_2026-09-14,"1 solidly-identified archive page(s), e.g. /m/cramerton-nc-2021-11-08-cramerton-land-use-plan-update-community-meeting-2; owner title ""Cramerton Planning""",,1,True
www.youtube.com,channel=@cranberrytownship,us:cousub:4201916920,fallback,archive_study_2026-09-14,"1 solidly-identified archive page(s), e.g. /m/cranberry-township-2025-09-12-dick-hadley-council-chambers-dedicated-in-cranberr; owner title ""cranberrytownship""",,1,True
www.youtube.com,channel=@cretetownship6073,us:cousub:1719717536,fallback,archive_study_2026-09-14,"1 solidly-identified archive page(s), e.g. /m/crete-township-2022-08-31-crete-township-plan-commission-meeting-regarding-balmo; owner title ""Crete Township""",,1,True
www.youtube.com,channel=@cromwelltownhall9459,us:cousub:0913018080,fallback,archive_study_2026-09-14,"1 solidly-identified archive page(s), e.g. /m/cromwell-ct-2026-03-12-town-of-cromwell-town-council-special-meeting-budget-work; owner title ""Cromwell Town Hall""",,1,True
www.youtube.com,channel=@cttv,us:cousub:2609916520,fallback,archive_study_2026-09-14,"1 solidly-identified archive page(s), e.g. /m/clinton-township-2026-09-09-clinton-township-board-of-trustees-meeting-september; owner title ""Clinton Township Community TV""",,1,True
www.youtube.com,channel=@cullman_alabama,us:place:0118976,fallback,archive_study_2026-09-14,"1 solidly-identified archive page(s), e.g. /m/cullman-al-2026-09-01-cullman-city-council-working-session-8-31-2026; owner title ""City of Cullman, Alabama, USA""",,1,True
www.youtube.com,channel=@cullmancounty,us:place:0125384,fallback,archive_study_2026-09-14,"1 solidly-identified archive page(s), e.g. /m/fairview-al-2026-08-17-08-11-2026-cullman-county-commission-meeting; owner title ""Cullman County Commisssion""",,1,True
www.youtube.com,channel=@cumrutwp.9674,us:cousub:4201117720,fallback,archive_study_2026-09-14,"1 solidly-identified archive page(s), e.g. /m/cumru-township-pa-2026-08-19-cumru-township-board-of-commissioners-meeting-8-18; owner title ""Cumru Twp.""",,1,True
www.youtube.com,channel=@custercountycolorado7453,us:county:08027,fallback,archive_study_2026-09-14,"1 solidly-identified archive page(s), e.g. /m/custer-county-co-2026-08-26-boh-meeting-august-26-2026; owner title ""Custer County, Colorado""",,1,True
www.youtube.com,channel=@dalevilletownhall3176,us:place:1816642,fallback,archive_study_2026-09-14,"1 solidly-identified archive page(s), e.g. /m/daleville-in-2023-05-09-may-2023-drc-meeting; owner title ""Daleville Town Hall""",,1,True
www.youtube.com,channel=@daltontownship,us:cousub:2612119660,fallback,archive_study_2026-09-14,"1 solidly-identified archive page(s), e.g. /m/dalton-township-2026-08-11-dalton-township-board-of-trustees-meeting-august-10th; owner title ""Dalton Township""",,1,True
www.youtube.com,channel=@dawsoncreekcouncil,ca:csd:5955014,fallback,archive_study_2026-09-14,"1 solidly-identified archive page(s), e.g. /m/dawson-creek-bc-2026-08-26-regular-council-meeting-august-24-2026; owner title ""City of Dawson Creek""",Dawson Creek,1,True
www.youtube.com,channel=@dcokgov,us:place:4019900,fallback,archive_study_2026-09-14,"1 solidly-identified archive page(s), e.g. /m/del-city-ok-2023-05-02-council-meeting-5-1-23; owner title ""City of Del City""",,1,True
www.youtube.com,channel=@deborahgilpin4855,us:cousub:0916037140,fallback,archive_study_2026-09-14,"1 solidly-identified archive page(s), e.g. /m/hartland-ct-2020-06-04-town-of-hartland-budget-hearing-2020; owner title ""Deborah Gilpin""",,1,True
www.youtube.com,channel=@dekalbcounty-in1082,us:county:18033,fallback,archive_study_2026-09-14,"1 solidly-identified archive page(s), e.g. /m/dekalb-county-in-2025-07-11-dccc-advisory-board-07-11-25; owner title ""DeKalb County-IN""",,1,True
www.youtube.com,channel=@dekalbtownshipillinoisoffi6796,us:cousub:1703719174,fallback,archive_study_2026-09-14,"1 solidly-identified archive page(s), e.g. /m/dekalb-township-il-2026-08-21-august-board-of-trustees-meeting; owner title ""DeKalb Township Illinois Official Video Channel""",,1,True
www.youtube.com,channel=@delrantownship379,us:cousub:3400517440,fallback,archive_study_2026-09-14,"1 solidly-identified archive page(s), e.g. /m/delran-township-nj-2025-01-15-1-14-25-public-meeting-full-video; owner title ""Delran Township""",,1,True
www.youtube.com,channel=@deltacountymi,us:county:26041,fallback,archive_study_2026-09-14,"1 solidly-identified archive page(s), e.g. /m/delta-county-2026-09-01-delta-county-board-of-commissioners-meeting-9-1-2026; owner title ""Delta County""",,1,True
www.youtube.com,channel=@devinenews7472,us:place:4820152,fallback,archive_study_2026-09-14,"1 solidly-identified archive page(s), e.g. /m/devine-tx-2026-07-21-devine-school-board-votes-to-expand-health-care-education-j; owner title ""Devine News""",,1,True
www.youtube.com,channel=@dgtownship,us:cousub:1704320604,fallback,archive_study_2026-09-14,"1 solidly-identified archive page(s), e.g. /m/downers-grove-township-il-2026-08-03-downers-grove-township-board-meeting-july-2; owner title ""Downers Grove Township""",,1,True
www.youtube.com,channel=@dicksoncountygov,us:county:47043,fallback,archive_study_2026-09-14,"1 solidly-identified archive page(s), e.g. /m/dickson-county-tn-2022-06-21-dickson-county-commission-6-20-2022; owner title ""Dickson County Government""",,1,True
www.youtube.com,channel=@discoverflinttownshipdda214,us:cousub:2604929020,fallback,archive_study_2026-09-14,"1 solidly-identified archive page(s), e.g. /m/flint-charter-township-mi-2023-12-13-discover-flint-township-public-information; owner title ""Discover Flint Township DDA""",,1,True
www.youtube.com,channel=@districtofuclueletgovernme1486,ca:csd:5923019,fallback,archive_study_2026-09-14,"1 solidly-identified archive page(s), e.g. /m/ucluelet-bc-2026-08-13-2026-candidate-information-session-local-general-election; owner title ""District of Ucluelet Government""",Ucluelet,1,True
www.youtube.com,channel=@doubleoaktx,us:place:4821028,fallback,archive_study_2026-09-14,"1 solidly-identified archive page(s), e.g. /m/double-oak-tx-2025-12-17-town-of-double-oak-community-meeting-proposed-developme; owner title ""Town of Double Oak""",,1,True
www.youtube.com,channel=@douglascountyks,us:county:20045,fallback,archive_study_2026-09-14,"1 solidly-identified archive page(s), e.g. /m/douglas-county-ks-2026-09-09-board-of-douglas-county-ks-commissioners-work-sessi; owner title ""Douglas County Kansas""",Douglas County,1,True
www.youtube.com,channel=@duboiscountygovernment4811,us:county:18037,fallback,archive_study_2026-09-14,"1 solidly-identified archive page(s), e.g. /m/dubois-county-in-2026-07-28-commissioner-public-forum-7-28-2026; owner title ""Dubois County Government""",,1,True
www.youtube.com,channel=@dundeetownship7425,us:cousub:1708921046,fallback,archive_study_2026-09-14,"1 solidly-identified archive page(s), e.g. /m/dundee-township-2026-08-21-dundee-township-regular-meeting-august-19-2026; owner title ""Dundee Township""",,1,True
www.youtube.com,channel=@dunkirkaccess5720,us:place:3621105,fallback,archive_study_2026-09-14,"1 solidly-identified archive page(s), e.g. /m/dunkirk-city-ny-2026-08-04-dunkirk-common-council-meeting-aug-3rd-2026; owner title ""Dunkirk Access""",,1,True
www.youtube.com,channel=@dunncounty1854,us:county:55033,fallback,archive_study_2026-09-14,"1 solidly-identified archive page(s), e.g. /m/dunn-county-wi-2026-09-10-dunn-county-fair-board-meeting-08-31-2026; owner title ""Dunn County, Wisconsin""",,1,True
www.youtube.com,channel=@durhammaine,us:cousub:2300119105,fallback,archive_study_2026-09-14,"1 solidly-identified archive page(s), e.g. /m/durham-me-2026-02-26-may-5-2020-select-board-meeting; owner title ""Town of Durham, Maine""",,1,True
www.youtube.com,channel=@easternkingsexhibitionp.e.7556,ca:csd:1101036,fallback,archive_study_2026-09-14,"1 solidly-identified archive page(s), e.g. /m/souris-pe-2022-01-11-january-10-2022-town-of-souris-council-meeting; owner title ""Shelley Lavie""",,1,True
www.youtube.com,channel=@eastgoshentownship264,us:cousub:4202921192,fallback,archive_study_2026-09-14,"1 solidly-identified archive page(s), e.g. /m/east-goshen-township-pa-2026-09-02-bos-meeting-9-1-2026; owner title ""East Goshen Township""",,1,True
www.youtube.com,channel=@easthempfieldtownship543,us:cousub:4207121232,fallback,archive_study_2026-09-14,"1 solidly-identified archive page(s), e.g. /m/east-hempfield-township-pa-2026-09-02-2026-08-17-east-hempfield-township-zoning; owner title ""East Hempfield Township""",,1,True
www.youtube.com,channel=@eastlampetertownship542,us:cousub:4207121344,fallback,archive_study_2026-09-14,"1 solidly-identified archive page(s), e.g. /m/east-lampeter-township-pa-2023-07-13-elsa-special-meeting; owner title ""East Lampeter Township""",,1,True
www.youtube.com,channel=@eastoncatTV,us:cousub:2500520100,fallback,archive_study_2026-09-14,"1 solidly-identified archive page(s), e.g. /m/easton-ma-2024-05-15-what-happens-at-easton-s-town-meeting-2024; owner title ""Easton Community Access Television""",,1,True
www.youtube.com,channel=@eddycounty6863,us:county:35015,fallback,archive_study_2026-09-14,"1 solidly-identified archive page(s), e.g. /m/eddy-county-nm-2026-09-08-09-04-2026-eddy-county-special-commission-meeting; owner title ""Eddy County""",,1,True
www.youtube.com,channel=@eddystoneborough8516,us:place:4222296,fallback,archive_study_2026-09-14,"1 solidly-identified archive page(s), e.g. /m/eddystone-pa-2026-08-15-2026-august-10-eddystone-borough-council-workshop-meetin; owner title ""Eddystone Borough""",,1,True
www.youtube.com,channel=@edgecombecountync,us:county:37065,fallback,archive_study_2026-09-14,"1 solidly-identified archive page(s), e.g. /m/edgecombe-county-nc-2026-05-19-edgecombe-county-ask-the-county-commissioner-with; owner title ""Edgecombe County NC""",,1,True
www.youtube.com,channel=@elcentrocityhall,us:place:0621782,fallback,archive_study_2026-09-14,"1 solidly-identified archive page(s), e.g. /m/el-centro-ca-2026-08-25-city-of-el-centro-community-meeting-august-24-2026; owner title ""City of El Centro""",,1,True
www.youtube.com,channel=@elkgrovetownship3747,us:cousub:1703123243,fallback,archive_study_2026-09-14,"1 solidly-identified archive page(s), e.g. /m/elk-grove-township-ca-2026-08-18-august-17-2026-special-board-of-trustees-meetin; owner title ""Elk Grove Township""",,1,True
www.youtube.com,channel=@elkinscityhall,us:place:5424580,fallback,archive_study_2026-09-14,"1 solidly-identified archive page(s), e.g. /m/elkins-wv-2026-08-14-elkins-city-council-8-13-2026; owner title ""Elkins City Hall""",,1,True
www.youtube.com,channel=@elliscountyks9941,us:county:20051,fallback,archive_study_2026-09-14,"2 solidly-identified archive page(s), e.g. /m/ellis-county-ks-2026-09-08-ellis-county-ks-commission; owner title ""Ellis County, KS""",,2,True
www.youtube.com,channel=@emmausborough4004,us:place:4223584,fallback,archive_study_2026-09-14,"1 solidly-identified archive page(s), e.g. /m/emmaus-pa-2026-09-09-council-meeting-09-08-2026; owner title ""Emmaus Borough""",,1,True
www.youtube.com,channel=@englewoodnjcitycouncilmeet5946,us:place:3421480,fallback,archive_study_2026-09-14,"1 solidly-identified archive page(s), e.g. /m/englewood-nj-2026-05-08-council-meeting-special-5-7-2026-part-2; owner title ""Englewood NJ City Council Meetings""",,1,True
www.youtube.com,channel=@essexvt,us:cousub:5000724175,fallback,archive_study_2026-09-14,"1 solidly-identified archive page(s), e.g. /m/essex-county-vt-2026-09-10-energy-committee-meeting-september-9-2026; owner title ""Town of Essex - Official Channel""",,1,True
www.youtube.com,channel=@ewingnj3140,us:cousub:3402122185,fallback,archive_study_2026-09-14,"1 solidly-identified archive page(s), e.g. /m/ewing-2025-10-17-council-meeting-october-14th-2025; owner title ""EwingNJ""",,1,True
www.youtube.com,channel=@exetertownship353,us:cousub:4201124384,fallback,archive_study_2026-09-14,"1 solidly-identified archive page(s), e.g. /m/exeter-township-2025-10-14-exeter-township-board-of-supervisors-budget-meeting-0; owner title ""Exeter Township""",,1,True
www.youtube.com,channel=@fairfaxcounty,us:county:51059,fallback,archive_study_2026-09-14,"1 solidly-identified archive page(s), e.g. /m/fairfax-county-va-2026-09-03-fairfax-county-electoral-board-meeting-sept-2-2026; owner title ""Fairfax County Government""",Fairfax County,1,True
www.youtube.com,channel=@fairfieldcounty8159,us:county:45039,fallback,archive_study_2026-09-14,"1 solidly-identified archive page(s), e.g. /m/fairfield-county-sc-2026-07-15-fairfield-county-council-7-13-2026-part-2; owner title ""Fairfield County""",,1,True
www.youtube.com,channel=@fairfieldtownshipohio6164,us:cousub:3901725984,fallback,archive_study_2026-09-14,"1 solidly-identified archive page(s), e.g. /m/fairfield-township-oh-2026-09-08-fairfield-township-board-of-trustees-meeting-09; owner title ""Fairfield Township, Ohio""",,1,True
www.youtube.com,channel=@fairmountheightsmd7671,us:place:2427400,fallback,archive_study_2026-09-14,"1 solidly-identified archive page(s), e.g. /m/fairmount-heights-md-2024-09-30-fairmount-heights-town-meeting-september-2024; owner title ""FAIRMOUNT HEIGHTS, MD""",,1,True
www.youtube.com,channel=@fairportharbor,us:place:3926306,fallback,archive_study_2026-09-14,"1 solidly-identified archive page(s), e.g. /m/fairport-harbor-oh-2026-08-18-council-meeting-8-18-2026; owner title ""The Village of Fairport Harbor, Ohio""",,1,True
www.youtube.com,channel=@farrwestcitymeetings4294,us:place:4924850,fallback,archive_study_2026-09-14,"1 solidly-identified archive page(s), e.g. /m/farr-west-ut-2026-06-19-farr-west-city-council-meeting-june-18-2026; owner title ""Farr West City Meetings""",,1,True
www.youtube.com,channel=@fhboro,us:place:4227008,fallback,archive_study_2026-09-14,"1 solidly-identified archive page(s), e.g. /m/fountain-hill-borough-2023-03-01-2-22-2023-recreation-committee; owner title ""Fountain Hill Borough""",,1,True
www.youtube.com,channel=@follybeach5339,us:place:4526035,fallback,archive_study_2026-09-14,"1 solidly-identified archive page(s), e.g. /m/folly-beach-sc-2024-09-10-planning-commission-regular-meeting-09-09-2024; owner title ""Folly Beach""",,1,True
www.youtube.com,channel=@fordcounty180,us:county:20057,fallback,archive_study_2026-09-14,"1 solidly-identified archive page(s), e.g. /m/ford-county-ks-2026-09-09-ford-county-commission-meeting-for-september-8th-2026; owner title ""Ford County1""",,1,True
www.youtube.com,channel=@forestvilletown2766,us:cousub:5502926650,fallback,archive_study_2026-09-14,"1 solidly-identified archive page(s), e.g. /m/forestville-2026-08-20-forestville-wi-august-17-2026-monthly-town-board-meeting; owner title ""Forestville Town""",,1,True
www.youtube.com,channel=@gardencitygeorgia3564,us:place:1332048,fallback,archive_study_2026-09-14,"1 solidly-identified archive page(s), e.g. /m/garden-city-ga-2026-08-06-july-20-2026-city-council-meeting; owner title ""Garden City, Georgia""",,1,True
www.youtube.com,channel=@gearycountycommission1197,us:county:20061,fallback,archive_study_2026-09-14,"1 solidly-identified archive page(s), e.g. /m/geary-county-ks-2021-06-09-commission-meeting-6-7-2021-part-3; owner title ""Geary County Commission""",,1,True
www.youtube.com,channel=@genewink,us:county:20115,fallback,archive_study_2026-09-14,"1 solidly-identified archive page(s), e.g. /m/marion-county-ks-2026-09-09-mcc-meeting-9-08-2026; owner title ""MCTV20Live""",,1,True
www.youtube.com,channel=@genoatownshippublicchannel4306,us:cousub:2609331860,fallback,archive_study_2026-09-14,"1 solidly-identified archive page(s), e.g. /m/genoa-township-mi-2020-04-20-genoa-township-public-meeting-4-20-2020; owner title ""Genoa Township Public Channel""",,1,True
www.youtube.com,channel=@georgetowntownship6964,us:cousub:2613931880,fallback,archive_study_2026-09-14,"1 solidly-identified archive page(s), e.g. /m/georgetown-charter-township-mi-2026-08-25-georgetown-township-board-meeting-08-2; owner title ""Georgetown Township""",,1,True
www.youtube.com,channel=@georgianbluffscouncil,ca:csd:3542053,fallback,archive_study_2026-09-14,"1 solidly-identified archive page(s), e.g. /m/georgian-bluffs-on-2025-08-05-council-remuneration-committee-august-5-2025-3-00; owner title ""Township of Georgian Bluffs Council""",Georgian Bluffs,1,True
www.youtube.com,channel=@gibsoncounty4703,us:county:18051,fallback,archive_study_2026-09-14,"1 solidly-identified archive page(s), e.g. /m/gibson-county-in-2026-09-09-9-08-2026-commissioners-meeting; owner title ""Gibson County""",,1,True
www.youtube.com,channel=@gilliamcountycourt9222,us:county:41021,fallback,archive_study_2026-09-14,"1 solidly-identified archive page(s), e.g. /m/gilliam-county-or-2026-09-03-gilliam-county-court-regular-meeting-september-2-20; owner title ""Gilliam County Court""",,1,True
www.youtube.com,channel=@gilpintownship1878,us:cousub:4200529184,fallback,archive_study_2026-09-14,"1 solidly-identified archive page(s), e.g. /m/gilpin-township-pa-2024-09-18-gilpin-township-board-of-supervisors-regular-month; owner title ""Gilpin Township""",,1,True
www.youtube.com,channel=@glassboronewjersey3871,us:place:3426340,fallback,archive_study_2026-09-14,"1 solidly-identified archive page(s), e.g. /m/glassboro-nj-2026-08-03-07-28-2026-council-meeting; owner title ""Glassboro, New Jersey""",,1,True
www.youtube.com,channel=@golfmanorvideochannel7303,us:place:3930786,fallback,archive_study_2026-09-14,"1 solidly-identified archive page(s), e.g. /m/golf-manor-oh-2026-09-01-special-meeting-of-council-sep-1-2026-7p; owner title ""Golf Manor Video Channel""",,1,True
www.youtube.com,channel=@graftonwi53024,us:place:5530000,fallback,archive_study_2026-09-14,"1 solidly-identified archive page(s), e.g. /m/grafton-2026-08-18-august-17-2026-village-board-meeting; owner title ""Grafton WI""",,1,True
www.youtube.com,channel=@grantcountyareaplancommiss4753,us:county:18053,fallback,archive_study_2026-09-14,"1 solidly-identified archive page(s), e.g. /m/grant-county-in-2024-06-05-bza-meeting-june-3rd-2024; owner title ""Grant County Area Plan Commission""",,1,True
www.youtube.com,channel=@grantcountykyfiscalcourt,us:county:21081,fallback,archive_study_2026-09-14,"1 solidly-identified archive page(s), e.g. /m/grant-county-ky-2026-09-10-grant-county-ky-special-ambulance-meeting-09-10-2026; owner title ""Grant County Fiscal Court""",,1,True
www.youtube.com,channel=@grantcountynewmexico547,us:county:35017,fallback,archive_study_2026-09-14,"1 solidly-identified archive page(s), e.g. /m/grant-county-nm-2026-09-11-gcc-2026-09-10-regular-meeting; owner title ""Grant County New Mexico""",,1,True
www.youtube.com,channel=@greenecountyindianagovernm951,us:county:18055,fallback,archive_study_2026-09-14,"1 solidly-identified archive page(s), e.g. /m/greene-county-in-2025-12-22-12-16-2025-greene-county-emergency-medical-services; owner title ""Greene County, Indiana, Government""",,1,True
www.youtube.com,channel=@greentreeborough4485,us:place:4231256,fallback,archive_study_2026-09-14,"1 solidly-identified archive page(s), e.g. /m/green-tree-pa-2026-08-11-august-10-2026-borough-of-green-tree-council-workshop-m; owner title ""Green Tree Borough""",,1,True
www.youtube.com,channel=@greenvillesc,us:place:4530850,fallback,archive_study_2026-09-14,"1 solidly-identified archive page(s), e.g. /m/greenville-sc-2026-08-24-city-council-formal-meeting; owner title ""City of Greenville, South Carolina""",,1,True
www.youtube.com,channel=@gunbarrelcity1415,us:place:4831592,fallback,archive_study_2026-09-14,"1 solidly-identified archive page(s), e.g. /m/gun-barrel-city-tx-2026-08-14-august-10-2026-4-00-pm-regular-parks-board-meeting; owner title ""Gun Barrel City""",,1,True
www.youtube.com,channel=@hallcountyne,us:county:31079,fallback,archive_study_2026-09-14,"1 solidly-identified archive page(s), e.g. /m/hall-county-ne-2026-09-01-september-1-2026-special-budget-meeting; owner title ""Hall County Nebraska""",,1,True
www.youtube.com,channel=@hamiltontownship310,us:cousub:3400129280,fallback,archive_study_2026-09-14,"1 solidly-identified archive page(s), e.g. /m/hamilton-township-nj-2026-08-19-8-18-26-township-of-hamilton-mercer-council-meet; owner title ""Hamilton Township""",,1,True
www.youtube.com,channel=@handcountyauditor-dougdebo9830,us:county:46059,fallback,archive_study_2026-09-14,"1 solidly-identified archive page(s), e.g. /m/hand-county-sd-2026-09-01-2026-09-01-regular-county-commission-meeting; owner title ""Hand County Auditor - Doug DeBoer""",,1,True
www.youtube.com,channel=@hanwellcommunity6932,ca:csd:1310017,fallback,archive_study_2026-09-14,"1 solidly-identified archive page(s), e.g. /m/hanwell-nb-2026-01-22-regular-meeting-of-council-jan-21-26; owner title ""Hanwell Community""",,1,True
www.youtube.com,channel=@hardincountygovernmenthcgo1792,us:county:21093,fallback,archive_study_2026-09-14,"1 solidly-identified archive page(s), e.g. /m/hardin-county-ky-2026-08-17-resources-community-support-committee-august-17-2026; owner title ""Hardin County Government (HCGO)""",,1,True
www.youtube.com,channel=@harneycountygovernment5503,us:county:41025,fallback,archive_study_2026-09-14,"1 solidly-identified archive page(s), e.g. /m/harney-county-or-2026-09-02-county-court-regular-session-09-02-26; owner title ""Harney County Government""",,1,True
www.youtube.com,channel=@harrisoncounty5979,us:county:54033,fallback,archive_study_2026-09-14,"1 solidly-identified archive page(s), e.g. /m/harrison-county-2026-08-26-commission-meeting-8-5-2026; owner title ""Harrison County""",,1,True
www.youtube.com,channel=@harrisoncountymississippi879,us:county:28047,fallback,archive_study_2026-09-14,"1 solidly-identified archive page(s), e.g. /m/harrison-county-ms-2026-09-08-september-8th-2026-harrison-county-board-of-superv; owner title ""Harrison County, Mississippi""",,1,True
www.youtube.com,channel=@hatfieldboroughpa5561,us:place:4233112,fallback,archive_study_2026-09-14,"1 solidly-identified archive page(s), e.g. /m/hatfield-borough-pa-2026-08-24-august-19-2026-hatfield-borough-council-workshop; owner title ""Hatfield Borough, PA""",,1,True
www.youtube.com,channel=@hatfieldtwp,us:cousub:4209133120,fallback,archive_study_2026-09-14,"1 solidly-identified archive page(s), e.g. /m/hatfield-township-2026-09-10-september-9-2026-hatfield-township-board-of-commiss; owner title ""Hatfield Township""",,1,True
www.youtube.com,channel=@havredegracemd,us:place:2437600,fallback,archive_study_2026-09-14,"1 solidly-identified archive page(s), e.g. /m/havre-de-grace-md-2026-08-18-havre-de-grace-city-council-8-17-2026; owner title ""City of Havre de Grace""",,1,True
www.youtube.com,channel=@hendersoncountyadmin2034,us:county:48213,fallback,archive_study_2026-09-14,"1 solidly-identified archive page(s), e.g. /m/henderson-county-tx-2026-09-08-september-8-2026-henderson-county-commissioners-c; owner title ""Henderson County Admin""",,1,True
www.youtube.com,channel=@horshamtownship,us:cousub:4209135808,fallback,archive_study_2026-09-14,"1 solidly-identified archive page(s), e.g. /m/horsham-township-pa-2026-08-28-horsham-township-council-meeting-8-26-26; owner title ""Horsham Township, Pennsylvania""",,1,True
www.youtube.com,channel=@houstoncountycommission-do7455,us:county:01069,fallback,archive_study_2026-09-14,"1 solidly-identified archive page(s), e.g. /m/houston-county-al-2026-05-07-commission-meeting-5-7-2026; owner title ""Houston County Commission - Dothan Al""",,1,True
www.youtube.com,channel=@houstoncountymn6410,us:county:27055,fallback,archive_study_2026-09-14,"1 solidly-identified archive page(s), e.g. /m/houston-county-mn-2026-08-31-official-houston-county-planning-commission-8-27-26; owner title ""Houston County MN""",,1,True
www.youtube.com,channel=@houstoncountytngovernment8492,us:county:47083,fallback,archive_study_2026-09-14,"1 solidly-identified archive page(s), e.g. /m/houston-county-tn-2026-09-08-9-8-26-county-legislative-body-working-meeting; owner title ""Houston County TN Government""",,1,True
www.youtube.com,channel=@hptv15,us:place:3431470,fallback,archive_study_2026-09-14,"1 solidly-identified archive page(s), e.g. /m/highland-park-nj-2026-09-11-tract-c-redevelopment-community-meeting-september-10; owner title ""hptv15""",,1,True
www.youtube.com,channel=@hubbardcountymn5859,us:county:27057,fallback,archive_study_2026-09-14,"1 solidly-identified archive page(s), e.g. /m/hubbard-county-mn-2026-08-24-planning-commission-board-of-adjustment-24-aug-2026; owner title ""Hubbard County, MN""",Hubbard County,1,True
www.youtube.com,channel=@hudcotv,us:county:34017,fallback,archive_study_2026-09-14,"1 solidly-identified archive page(s), e.g. /m/hudson-county-nj-2026-04-22-hudcoradio-how-the-workforce-development-board-works; owner title ""HudCoTV""",Hudson County,1,True
www.youtube.com,channel=@hudsontowncitizen4771,us:cousub:5510936275,fallback,archive_study_2026-09-14,"1 solidly-identified archive page(s), e.g. /m/hudson-city-wi-2026-09-09-hudson-wi-town-public-hearing-sep-9-2026; owner title ""Hudson Town Citizen""",,1,True
www.youtube.com,channel=@humboldtcountyiowa3782,us:county:19091,fallback,archive_study_2026-09-14,"1 solidly-identified archive page(s), e.g. /m/humboldt-county-ia-2026-06-30-humboldt-county-iowa-board-of-supervisors-meeting; owner title ""Humboldt County Iowa""",,1,True
www.youtube.com,channel=@hydeparkselectboard,us:place:5034975,fallback,archive_study_2026-09-14,"1 solidly-identified archive page(s), e.g. /m/hyde-park-village-vt-2026-03-06-hyde-park-town-meeting-2026; owner title ""Hyde Park Selectboard""",,1,True
www.youtube.com,channel=@ironcounty6701,us:county:49021,fallback,archive_study_2026-09-14,"1 solidly-identified archive page(s), e.g. /m/iron-county-2024-11-09-copy-of-iron-county-commission-meeting-november-8-2024; owner title ""Iron County""",,1,True
www.youtube.com,channel=@jacksonflicks,us:cousub:3300338260,fallback,archive_study_2026-09-14,"1 solidly-identified archive page(s), e.g. /m/jackson-nh-2026-09-05-conservation-commission-9-2; owner title ""jacksonflicks""",,1,True
www.youtube.com,channel=@jacksontwpnj,us:cousub:3402934680,fallback,archive_study_2026-09-14,"1 solidly-identified archive page(s), e.g. /m/jackson-township-nj-2026-09-08-jackson-township-council-meeting-09082026; owner title ""jacksontwpnj""",,1,True
www.youtube.com,channel=@jcmedia6537,us:county:45053,fallback,archive_study_2026-09-14,"1 solidly-identified archive page(s), e.g. /m/jasper-county-sc-2026-08-19-jasper-county-council-virtual-workshop-8-18-26; owner title ""JC Media""",,1,True
www.youtube.com,channel=@jeffersoncountyindianameetings,us:county:18077,fallback,archive_study_2026-09-14,"1 solidly-identified archive page(s), e.g. /m/jefferson-county-in-2026-09-01-bza-meeting-9-1-26; owner title ""Jefferson County, Indiana Government Meetings""",,1,True
www.youtube.com,channel=@jeffersoncountyofpacommiss7678,us:county:42065,fallback,archive_study_2026-09-14,"1 solidly-identified archive page(s), e.g. /m/jefferson-county-pa-2026-08-28-jefferson-county-of-pa-commissioners-meeting-8-25; owner title ""Jefferson County of PA Commissioners""",,1,True
www.youtube.com,channel=@jeffersoncountytngov1792,us:county:47089,fallback,archive_study_2026-09-14,"1 solidly-identified archive page(s), e.g. /m/jefferson-county-tn-2026-05-28-may-26-2026-jefferson-county-tn-board-of-zoning-a; owner title ""Jefferson County, TN - Government""",,1,True
www.youtube.com,channel=@jenkintownboro3421,us:place:4238000,fallback,archive_study_2026-09-14,"1 solidly-identified archive page(s), e.g. /m/jenkintown-pa-2026-01-22-jan-2026-reorganization-borough-council-meeting; owner title ""Jenkintown Boro (borowebcast)""",,1,True
www.youtube.com,channel=@johnsonselectboard,us:cousub:5001537075,fallback,archive_study_2026-09-14,"1 solidly-identified archive page(s), e.g. /m/johnson-village-vt-2026-02-23-johnson-selectboard-2-19-26; owner title ""Johnson Selectboard""",,1,True
www.youtube.com,channel=@joliettownshipgovernment1779,us:cousub:1719738583,fallback,archive_study_2026-09-14,"1 solidly-identified archive page(s), e.g. /m/joliet-township-il-2026-01-17-january-13-2026-township-board-meeting; owner title ""Joliet Township Government""",,1,True
www.youtube.com,channel=@kamascity8791,us:place:4939810,fallback,archive_study_2026-09-14,"1 solidly-identified archive page(s), e.g. /m/kamas-ut-2026-09-09-09-08-2026-city-council-meeting; owner title ""Kamas City""",,1,True
www.youtube.com,channel=@kandiyohicounty461,us:county:27067,fallback,archive_study_2026-09-14,"1 solidly-identified archive page(s), e.g. /m/kandiyohi-county-mn-2024-08-20-county-board-work-session-8-20-24; owner title ""KandiyohiCounty""",,1,True
www.youtube.com,channel=@kenoshacountywi,us:county:55059,fallback,archive_study_2026-09-14,"1 solidly-identified archive page(s), e.g. /m/kenosha-county-wi-2026-09-01-kenosha-county-board-meeting-september-1-2026; owner title ""Kenosha County""",,1,True
www.youtube.com,channel=@kerrcounty7646,us:county:48265,fallback,archive_study_2026-09-14,"1 solidly-identified archive page(s), e.g. /m/kerr-county-tx-2026-07-29-kerr-county-commissioners-court-workshop-agenda-july-2; owner title ""Kerr County""",,1,True
www.youtube.com,channel=@kgossports2184,us:place:5677530,fallback,archive_study_2026-09-14,"1 solidly-identified archive page(s), e.g. /m/torrington-wy-2023-03-22-torrington-city-council-meeting-03-21-2023; owner title ""KGOS Sports""",,1,True
www.youtube.com,channel=@kimballtownship,us:cousub:2614743160,fallback,archive_study_2026-09-14,"1 solidly-identified archive page(s), e.g. /m/kimball-township-2026-07-08-planning-commission-april-28-2026; owner title ""Kimball Township""",,1,True
www.youtube.com,channel=@kodiakislandborough4706,us:county:02150,fallback,archive_study_2026-09-14,"1 solidly-identified archive page(s), e.g. /m/kodiak-island-borough-ak-2026-09-10-planning-and-zoning-commission-work-session; owner title ""Kodiak Island Borough""",,1,True
www.youtube.com,channel=@kosciuskocountygovernment4816,us:county:18085,fallback,archive_study_2026-09-14,"1 solidly-identified archive page(s), e.g. /m/kosciusko-county-in-2026-04-01-reedy-financial-session-3-31-2026; owner title ""Kosciusko County Government""",,1,True
www.youtube.com,channel=@lakecountycoloradochannel2225,us:county:08065,fallback,archive_study_2026-09-14,"1 solidly-identified archive page(s), e.g. /m/lake-county-co-2026-09-08-lake-county-co-08-25-2026-bocc-work-session-11-00am; owner title ""Lake County Colorado Government""",,1,True
www.youtube.com,channel=@lakecountyohio1840,us:county:39085,fallback,archive_study_2026-09-14,"1 solidly-identified archive page(s), e.g. /m/lake-county-oh-2026-08-27-lake-county-ohio-commissioners-meeting-08-27-2026-live; owner title ""Lake County Ohio""",,1,True
www.youtube.com,channel=@lancastercountynebraska,us:county:31109,fallback,archive_study_2026-09-14,"2 solidly-identified archive page(s), e.g. /m/lancaster-county-ne-2026-09-08-lancaster-county-board-of-commissioners-meeting-s; owner title ""Lancaster County, Nebraska""",,2,True
www.youtube.com,channel=@lasallecountytexas5723,us:county:48283,fallback,archive_study_2026-09-14,"1 solidly-identified archive page(s), e.g. /m/la-salle-county-tx-2020-04-03-commissioners-court-meeting-march-23-2020; owner title ""La Salle County Texas""",,1,True
www.youtube.com,channel=@lawrencecountysouthdakota-1753,us:county:46081,fallback,archive_study_2026-09-14,"1 solidly-identified archive page(s), e.g. /m/lawrence-county-sd-2026-09-03-lawrence-county-commission-and-board-of-adjustment; owner title ""Lawrence County, South Dakota - County Government""",,1,True
www.youtube.com,channel=@leavenworthcountykansas9566,us:county:20103,fallback,archive_study_2026-09-14,"1 solidly-identified archive page(s), e.g. /m/leavenworth-county-ks-2026-09-09-bocc-meeting-for-september-9-2026; owner title ""Leavenworth County Kansas""",,1,True
www.youtube.com,channel=@leavenworthkansas,us:place:2039000,fallback,archive_study_2026-09-14,"1 solidly-identified archive page(s), e.g. /m/leavenworth-ks-2026-07-29-leavenworth-city-commission-meeting-for-july-28-2026; owner title ""Leavenworth Kansas""",,1,True
www.youtube.com,channel=@leelanaucountyvideoservice6342,us:county:26089,fallback,archive_study_2026-09-14,"1 solidly-identified archive page(s), e.g. /m/leelanau-county-mi-2026-09-01-conflict-of-interest-and-complaint-policy-committe; owner title ""Leelanau County Video Service""",,1,True
www.youtube.com,channel=@libertadpressne,us:cousub:3301309860,fallback,archive_study_2026-09-14,"1 solidly-identified archive page(s), e.g. /m/canterbury-nh-2026-03-16-canterbury-nh-second-session-annual-town-meeting-13-mar; owner title ""Libertad Press NE""",,1,True
www.youtube.com,channel=@lilysh2026,us:cousub:4213314832,fallback,archive_study_2026-09-14,"1 solidly-identified archive page(s), e.g. /m/codorus-township-pa-2026-07-02-codorus-township-board-of-supervisors; owner title ""Lilyan Shearer""",,1,True
www.youtube.com,channel=@lincolncountygovernment6455,us:county:13181,fallback,archive_study_2026-09-14,"1 solidly-identified archive page(s), e.g. /m/lincoln-county-ga-2026-09-09-september-8-2026-lincoln-county-ga-board-of-commiss; owner title ""Lincoln County Government""",,1,True
www.youtube.com,channel=@lincolncountynebraska8132,us:county:31111,fallback,archive_study_2026-09-14,"1 solidly-identified archive page(s), e.g. /m/lincoln-county-ne-2026-08-31-lincoln-county-commissioners-meeting-august-31-2026; owner title ""Lincoln County Nebraska""",,1,True
www.youtube.com,channel=@lincolncountysd2525,us:county:46083,fallback,archive_study_2026-09-14,"1 solidly-identified archive page(s), e.g. /m/lincoln-county-sd-2026-09-01-board-of-commission-meeting; owner title ""Lincoln County, SD""",,1,True
www.youtube.com,channel=@lincolncountytn,us:county:47103,fallback,archive_study_2026-09-14,"1 solidly-identified archive page(s), e.g. /m/lincoln-county-tn-2026-09-01-sc-commission-sept-1-2026; owner title ""Lincoln County, TN""",,1,True
www.youtube.com,channel=@lisletownshipillinois6192,us:cousub:1704343952,fallback,archive_study_2026-09-14,"1 solidly-identified archive page(s), e.g. /m/lisle-township-il-2025-05-15-may-lisle-township-meeting-may-14th-2025; owner title ""Lisle Township, Illinois""",,1,True
www.youtube.com,channel=@littlefallsnjtownship7900,us:cousub:3403140620,fallback,archive_study_2026-09-14,"1 solidly-identified archive page(s), e.g. /m/little-falls-nj-township-2026-09-10-little-falls-nj-planning-board-meeting-thurs; owner title ""Little Falls, NJ Township""",,1,True
www.youtube.com,channel=@lockporttownship5497,us:cousub:1719744238,fallback,archive_study_2026-09-14,"1 solidly-identified archive page(s), e.g. /m/lockport-township-2024-01-22-lockport-township-meeting-january-9-2024; owner title ""Lockport Township""",,1,True
www.youtube.com,channel=@londonderrynhgovernmentacc4988,us:cousub:3301543220,fallback,archive_study_2026-09-14,"1 solidly-identified archive page(s), e.g. /m/londonderry-nh-2026-09-09-conservation-commission-from-9-8-26; owner title ""Londonderry NH Government Access""",,1,True
www.youtube.com,channel=@losbanos406,us:place:0644028,fallback,archive_study_2026-09-14,"1 solidly-identified archive page(s), e.g. /m/los-banos-ca-2026-09-03-city-of-los-banos-california-city-council-meeting-septem; owner title ""Los Banos""",,1,True
www.youtube.com,channel=@lowerallentownship8431,us:cousub:4204144832,fallback,archive_study_2026-09-14,"1 solidly-identified archive page(s), e.g. /m/lower-allen-township-pa-2026-08-24-board-of-commissioners-regular-meeting-of-aug; owner title ""Lower Allen Township""",,1,True
www.youtube.com,channel=@lowerctrivervalleycouncilo672,us:county:09130,fallback,archive_study_2026-09-14,"1 solidly-identified archive page(s), e.g. /m/lower-connecticut-river-valley-planning-region-2026-08-27-regional-housing-commi; owner title ""Lower CT River Valley Council of Governments""",,1,True
www.youtube.com,channel=@lowergwyneddtownship1220,us:cousub:4209144920,fallback,archive_study_2026-09-14,"1 solidly-identified archive page(s), e.g. /m/lower-gwynedd-township-pa-2026-09-09-board-of-supervisors-meeting-september-8-20; owner title ""Lower Gwynedd Township""",,1,True
www.youtube.com,channel=@lowersalfordtownshipofficial,us:cousub:4209145096,fallback,archive_study_2026-09-14,"1 solidly-identified archive page(s), e.g. /m/lower-salford-township-pa-2026-09-08-september-2-2026-board-of-supervisors-meeti; owner title ""Lower Salford Township""",,1,True
www.youtube.com,channel=@lowertownship,us:cousub:3400941610,fallback,archive_study_2026-09-14,"1 solidly-identified archive page(s), e.g. /m/lower-township-nj-2025-11-06-lower-council-110325; owner title ""Lower Township""",,1,True
www.youtube.com,channel=@lowndescountyboardofcommis7341,us:county:13185,fallback,archive_study_2026-09-14,"1 solidly-identified archive page(s), e.g. /m/lowndes-county-ga-2021-10-20-oct12meeting; owner title ""Lowndes County Board of Commissioners""",,1,True
www.youtube.com,channel=@lsacounty,ca:csd:4813001,fallback,archive_study_2026-09-14,"1 solidly-identified archive page(s), e.g. /m/lac-ste-anne-county-2026-09-10-council-up-close-september-10; owner title ""Lac Ste. Anne County""",,1,True
www.youtube.com,channel=@maconbibbcounty,us:place:1349008,fallback,archive_study_2026-09-14,"1 solidly-identified archive page(s), e.g. /m/macon-bibb-county-2026-09-01-september-1-2026-pre-commission-meeting-fy27-public; owner title ""Macon-Bibb County""",Macon-Bibb County,1,True
www.youtube.com,channel=@mainetownship,us:cousub:1703146162,fallback,archive_study_2026-09-14,"1 solidly-identified archive page(s), e.g. /m/maine-town-wi-2026-08-26-maine-township-board-meeting-8-25-26; owner title ""Maine Township""",,1,True
www.youtube.com,channel=@manchester-by-the-sea,us:cousub:2500937995,fallback,archive_study_2026-09-14,"1 solidly-identified archive page(s), e.g. /m/manchester-by-the-sea-ma-2026-09-09-september-8-2026-conservation-commission; owner title ""Town of Manchester-by-the-Sea""",,1,True
www.youtube.com,channel=@mansfieldvillageclerk2481,us:place:1746487,fallback,archive_study_2026-09-14,"1 solidly-identified archive page(s), e.g. /m/mansfield-il-2026-09-09-village-of-mansfield-regular-board-meeting-09-08-2026; owner title ""Mansfield Village Clerk""",,1,True
www.youtube.com,channel=@mapleshadetwp08052,us:cousub:3400543740,fallback,archive_study_2026-09-14,"1 solidly-identified archive page(s), e.g. /m/maple-shade-township-nj-2026-07-10-township-council-meeting-07-09-2026; owner title ""Maple Shade Twp""",,1,True
www.youtube.com,channel=@marioncountyargovernment2950,us:county:05089,fallback,archive_study_2026-09-14,"1 solidly-identified archive page(s), e.g. /m/marion-county-ar-2026-08-26-august-25-2026-budget-committee-meeting; owner title ""Marion County AR Government""",,1,True
www.youtube.com,channel=@marioncountysc,us:county:45067,fallback,archive_study_2026-09-14,"1 solidly-identified archive page(s), e.g. /m/marion-county-sc-2026-08-28-marion-county-council-meeting-on-8-27-2026-at-7-pm-v; owner title ""Marion County Administration, SC""",,1,True
www.youtube.com,channel=@mashpeetownhall8094,us:cousub:2500139100,fallback,archive_study_2026-09-14,"1 solidly-identified archive page(s), e.g. /m/mashpee-ma-2026-02-04-mashpee-planning-board-february-4-2026; owner title ""Mashpee Town Hall""",,1,True
www.youtube.com,channel=@mdbighorn8953,ca:csd:4815015,fallback,archive_study_2026-09-14,"1 solidly-identified archive page(s), e.g. /m/bighorn-no-8-ab-2026-01-14-public-hearing-bylaw-15-25-md-of-bighorn-town-of-canm; owner title ""MD Bighorn""",,1,True
www.youtube.com,channel=@mdofgreenview-expandyourvi8949,ca:csd:4818015,fallback,archive_study_2026-09-14,"1 solidly-identified archive page(s), e.g. /m/greenview-no-16-ab-2025-09-02-wisdom-from-the-council-chambers-reflection-from-a; owner title ""MD of Greenview - Expand Your Vision""",,1,True
www.youtube.com,channel=@meriwethercounty1016,us:county:13199,fallback,archive_study_2026-09-14,"1 solidly-identified archive page(s), e.g. /m/meriwether-county-ga-2026-09-01-meriwether-county-boc-special-called-meeting-8-3; owner title ""Meriwether County""",,1,True
www.youtube.com,channel=@michelleradley7530,us:cousub:3602128871,fallback,archive_study_2026-09-14,"1 solidly-identified archive page(s), e.g. /m/ghent-town-ny-2026-07-23-july-16-2026-ghent-town-board-meeting; owner title ""Town of Ghent""",,1,True
www.youtube.com,channel=@middleborougheducationalte3809,us:cousub:2502340850,fallback,archive_study_2026-09-14,"1 solidly-identified archive page(s), e.g. /m/middleborough-ma-2026-04-09-middleborough-public-schools-school-committee-meetin; owner title ""Middleborough Educational Television""",,1,True
www.youtube.com,channel=@mifflinmis8639,us:county:42087,fallback,archive_study_2026-09-14,"1 solidly-identified archive page(s), e.g. /m/mifflin-county-pa-2026-09-03-commissioners-public-meeting; owner title ""Mifflin MIS""",,1,True
www.youtube.com,channel=@mihighlandpark,us:place:2638180,fallback,archive_study_2026-09-14,"1 solidly-identified archive page(s), e.g. /m/highland-park-mi-2025-11-17-11-6-highland-park-virtual-lead-service-line-replace; owner title ""City of Highland Park - HP Media Connect""",,1,True
www.youtube.com,channel=@mike4fallsburg955,us:cousub:3610525241,fallback,archive_study_2026-09-14,"1 solidly-identified archive page(s), e.g. /m/fallsburg-town-ny-2026-08-27-august-26-2026-fallsburg-town-board-meeting; owner title ""Mike4Fallsburg""",,1,True
www.youtube.com,channel=@millercountygeorgiagovernm7877,us:county:13201,fallback,archive_study_2026-09-14,"1 solidly-identified archive page(s), e.g. /m/miller-county-ga-2026-08-31-miller-county-board-of-commissioners-08-10-2026; owner title ""Miller County Government - Georgia""",,1,True
www.youtube.com,channel=@millscountyiowa,us:county:19129,fallback,archive_study_2026-09-14,"1 solidly-identified archive page(s), e.g. /m/mills-county-ia-2026-09-08-board-of-supervisors-meetings-september-8-2026; owner title ""Mills County, Iowa""",,1,True
www.youtube.com,channel=@miltontownschooldistrict,us:cousub:5000745250,fallback,archive_study_2026-09-14,"1 solidly-identified archive page(s), e.g. /m/milton-vt-2025-10-02-milton-school-board-select-board-joint-meeting-2025-09-25; owner title ""Milton Town School District""",,1,True
www.youtube.com,channel=@modlnovascotia,ca:csd:1206001,fallback,archive_study_2026-09-14,"1 solidly-identified archive page(s), e.g. /m/lunenburg-ns-2026-09-08-2026-09-08-council-meeting; owner title ""Municipality of the District of Lunenburg""",,1,True
www.youtube.com,channel=@mohavecountyus,us:county:04015,fallback,archive_study_2026-09-14,"1 solidly-identified archive page(s), e.g. /m/mohave-county-arizona-local-government-2026-04-08-mohave-county-housing-authorit; owner title ""Mohave County, Arizona - Local Government""",,1,True
www.youtube.com,channel=@monongaliacountycommission5650,us:county:54061,fallback,archive_study_2026-09-14,"1 solidly-identified archive page(s), e.g. /m/monongalia-county-wv-2026-09-09-monongalia-county-commission-meeting-sept-9-2026; owner title ""Monongalia County Commission""",,1,True
www.youtube.com,channel=@monroetownshipnjorg,us:cousub:3401547250,fallback,archive_study_2026-09-14,"1 solidly-identified archive page(s), e.g. /m/monroe-township-nj-2026-05-12-zoning-board-may-11-2026-at-6-30-p-m; owner title ""Monroe Township Gloucester County""",,1,True
www.youtube.com,channel=@monrovia_indiana,us:place:1850580,fallback,archive_study_2026-09-14,"1 solidly-identified archive page(s), e.g. /m/monrovia-indiana-government-2026-09-08-plan-commission-9-8-26; owner title ""Monrovia, Indiana Government""",,1,True
www.youtube.com,channel=@montcalmcounty8258,us:county:26117,fallback,archive_study_2026-09-14,"1 solidly-identified archive page(s), e.g. /m/montcalm-county-mi-2026-08-24-board-of-commissioners-meeting; owner title ""Montcalm County""",,1,True
www.youtube.com,channel=@montesanocitycouncil,us:place:5346895,fallback,archive_study_2026-09-14,"1 solidly-identified archive page(s), e.g. /m/montesano-wa-2022-12-15-montesano-city-council-meeting-12-13-2022; owner title ""Montesano City Council""",,1,True
www.youtube.com,channel=@montgomerytownship,us:cousub:4209150640,fallback,archive_study_2026-09-14,"1 solidly-identified archive page(s), e.g. /m/montgomery-township-pa-2026-01-27-montgomery-township-board-of-supervisors-meeti; owner title ""Montgomery Township, PA""",,1,True
www.youtube.com,channel=@morgancountycommission7013,us:county:54065,fallback,archive_study_2026-09-14,"1 solidly-identified archive page(s), e.g. /m/morgan-county-wv-2020-08-10-august-5th-county-commission-meeting; owner title ""Morgan County Commission""",,1,True
www.youtube.com,channel=@morrisoncountymn.2391,us:county:27097,fallback,archive_study_2026-09-14,"1 solidly-identified archive page(s), e.g. /m/morrison-county-mn-2026-09-02-morrison-county-board-of-adjustment-september-1-20; owner title ""Morrison County, MN.""",,1,True
www.youtube.com,channel=@mountlaureltownship5547,us:cousub:3400549020,fallback,archive_study_2026-09-14,"1 solidly-identified archive page(s), e.g. /m/mount-laurel-township-nj-2026-07-22-township-council-meeting-monday-july-20-2026; owner title ""Mount Laurel Township""",,1,True
www.youtube.com,channel=@mountpleasantwi,us:place:5554875,fallback,archive_study_2026-09-14,"1 solidly-identified archive page(s), e.g. /m/mount-pleasant-village-wi-2024-12-09-village-board-meeting-of-december-9-2024; owner title ""Village of Mount Pleasant""",,1,True
www.youtube.com,channel=@mulletttownship6543,us:cousub:2603156100,fallback,archive_study_2026-09-14,"1 solidly-identified archive page(s), e.g. /m/mullett-township-mi-2026-01-15-1-12-2026-mullett-township-board-meeting; owner title ""Mullett Township""",,1,True
www.youtube.com,channel=@munargyle,ca:csd:1202001,fallback,archive_study_2026-09-14,"1 solidly-identified archive page(s), e.g. /m/argyle-ns-2026-01-30-january-29-2026-public-hearing-updated-version; owner title ""Municipality of Argyle""",,1,True
www.youtube.com,channel=@munhallboroughvideo9758,us:place:4252320,fallback,archive_study_2026-09-14,"1 solidly-identified archive page(s), e.g. /m/munhall-pa-2023-02-22-munhall-borough-council-meeting-2-21-23; owner title ""Munhall Borough Video""",,1,True
www.youtube.com,channel=@municipalityofalexander1551,ca:csd:4601071,fallback,archive_study_2026-09-14,"1 solidly-identified archive page(s), e.g. /m/alexander-mb-2026-05-12-regular-council-05-12-26; owner title ""Municipality of Alexander""",,1,True
www.youtube.com,channel=@municipalityofbayham6931,ca:csd:3534005,fallback,archive_study_2026-09-14,"1 solidly-identified archive page(s), e.g. /m/bayham-on-2026-09-03-bayham-meeting-of-council-september-3-2026; owner title ""Municipality of Bayham""",,1,True
www.youtube.com,channel=@municipalityofcumberland2548,ca:cd:1211,fallback,archive_study_2026-09-14,"1 solidly-identified archive page(s), e.g. /m/cumberland-ns-2026-08-25-special-meeting-august-25-2026; owner title ""Municipality of Cumberland""",Cumberland,1,True
www.youtube.com,channel=@municipalityofjasper122,ca:csd:4815033,fallback,archive_study_2026-09-14,"1 solidly-identified archive page(s), e.g. /m/jasper-ab-2026-09-08-september-8-2026-committee-of-the-whole-meeting; owner title ""Municipality of Jasper""",,1,True
www.youtube.com,channel=@municipalityofmarmoraandlake,ca:csd:3512046,fallback,archive_study_2026-09-14,"1 solidly-identified archive page(s), e.g. /m/marmora-and-lake-on-2022-11-17-2022-council-inauguration; owner title ""Municipality of Marmora and Lake""",Marmora and Lake,1,True
www.youtube.com,channel=@municipalityofnorthmiddles5140,ca:csd:3539041,fallback,archive_study_2026-09-14,"1 solidly-identified archive page(s), e.g. /m/north-middlesex-on-2024-02-08-north-middlesex-council-meeting-february-7-2024; owner title ""Municipality of North Middlesex""",North Middlesex,1,True
www.youtube.com,channel=@municipalityofritchot8771,ca:csd:4602075,fallback,archive_study_2026-09-14,"1 solidly-identified archive page(s), e.g. /m/ritchot-mb-2026-09-01-september-1-2026-regular-council-meeting; owner title ""Municipality of Ritchot""",,1,True
www.youtube.com,channel=@municipalityofsouthhuron9741,ca:csd:3540005,fallback,archive_study_2026-09-14,"1 solidly-identified archive page(s), e.g. /m/south-huron-on-2026-09-09-regular-council-meeting-september-8-2026; owner title ""Municipality of South Huron""",South Huron,1,True
www.youtube.com,channel=@nassaubaytelevision774,us:place:4850376,fallback,archive_study_2026-09-14,"1 solidly-identified archive page(s), e.g. /m/nassau-bay-tx-2025-11-13-nassau-bay-council-meeting; owner title ""Nassau Bay Television""",,1,True
www.youtube.com,channel=@nelsoncounty5081,us:county:51125,fallback,archive_study_2026-09-14,"1 solidly-identified archive page(s), e.g. /m/nelson-county-va-2026-08-11-august-11-2026-nelson-county-board-of-supervisors-me; owner title ""Nelson County""",,1,True
www.youtube.com,channel=@netherprovidence6981,us:cousub:4204553104,fallback,archive_study_2026-09-14,"1 solidly-identified archive page(s), e.g. /m/nether-providence-township-pa-2025-06-13-boc-meeting-6-12-25-audio-only; owner title ""Nether Providence""",,1,True
www.youtube.com,channel=@newberrycounty2520,us:county:45071,fallback,archive_study_2026-09-14,"1 solidly-identified archive page(s), e.g. /m/newberry-county-sc-2026-09-02-newberry-county-council-work-session-and-meeting-0; owner title ""Newberry County""",,1,True
www.youtube.com,channel=@newriver-highlandsresource6662,us:county:51021,fallback,archive_study_2026-09-14,"1 solidly-identified archive page(s), e.g. /m/bland-county-va-2015-06-16-new-river-highlands-resource-conservation-development; owner title ""New River-Highlands Resource Conservation & Development Council""",,1,True
www.youtube.com,channel=@newtonnhcable,us:cousub:3301552900,fallback,archive_study_2026-09-14,"1 solidly-identified archive page(s), e.g. /m/newton-nh-2026-09-01-2026-9-1-town-of-newton-nh-select-board-meeting; owner title ""NewtonNH Cable""",,1,True
www.youtube.com,channel=@northbrookfieldlocalpublic3445,us:cousub:2502747135,fallback,archive_study_2026-09-14,"1 solidly-identified archive page(s), e.g. /m/north-brookfield-ma-2026-03-24-north-brookfield-board-of-selectmen-meeting-march; owner title ""North Brookfield MA Local Public Access Cable""",,1,True
www.youtube.com,channel=@northchicago60064,us:place:1753559,fallback,archive_study_2026-09-14,"1 solidly-identified archive page(s), e.g. /m/north-chicago-il-2026-06-02-council-committee-meetings-6-1-2026; owner title ""North Chicago Illinois""",,1,True
www.youtube.com,channel=@northernrockiesregionalmun972,ca:csd:5959007,fallback,archive_study_2026-09-14,"1 solidly-identified archive page(s), e.g. /m/northern-rockies-bc-2026-09-10-september-9-2026-regional-council; owner title ""Northern Rockies Regional Municipality""",,1,True
www.youtube.com,channel=@northfayettetownshippa,us:cousub:4200355016,fallback,archive_study_2026-09-14,"1 solidly-identified archive page(s), e.g. /m/north-fayette-township-pa-2023-06-13-nft-board-of-supervisors-meeting-6-13-2023; owner title ""North Fayette Township""",,1,True
www.youtube.com,channel=@northumberlandcounty2788,us:county:42097,fallback,archive_study_2026-09-14,"1 solidly-identified archive page(s), e.g. /m/northumberland-county-pa-2026-09-01-public-meeting-9-1-26; owner title ""Northumberland County""",Northumberland County,1,True
www.youtube.com,channel=@nvcogct,us:county:09140,fallback,archive_study_2026-09-14,"1 solidly-identified archive page(s), e.g. /m/naugatuck-valley-planning-region-2026-08-13-nrg-steering-committee-august-2026; owner title ""Naugatuck Valley Council of Governments""",,1,True
www.youtube.com,channel=@nysdos,us:place:3643720,fallback,archive_study_2026-09-14,"1 solidly-identified archive page(s), e.g. /m/lowville-village-ny-2026-09-10-cemetery-board-meeting-september-10-2026; owner title ""New York State Department of State""",,1,True
www.youtube.com,channel=@oceanacountymeetings3810,us:county:26127,fallback,archive_study_2026-09-14,"1 solidly-identified archive page(s), e.g. /m/oceana-county-mi-2026-07-09-july-9-2026-committee-meetings; owner title ""Oceana County Meetings""",,1,True
www.youtube.com,channel=@oceanridge9274,us:place:1250950,fallback,archive_study_2026-09-14,"1 solidly-identified archive page(s), e.g. /m/ocean-ridge-fl-2026-08-31-budget-workshop; owner title ""Ocean Ridge""",,1,True
www.youtube.com,channel=@oconeeconnects,us:county:13219,fallback,archive_study_2026-09-14,"1 solidly-identified archive page(s), e.g. /m/oconee-ga-2026-09-02-boc-regular-meeting-september-1-2026; owner title ""Oconee County GA Government""",Oconee County,1,True
www.youtube.com,channel=@officialcityofperthamboy4908,us:place:3458200,fallback,archive_study_2026-09-14,"1 solidly-identified archive page(s), e.g. /m/perth-amboy-nj-2026-08-13-08-12-2026-council-meeting; owner title ""OFFICIAL CITY OF PERTH AMBOY""",,1,True
www.youtube.com,channel=@officialtownofstewiacke3667,ca:csd:1210002,fallback,archive_study_2026-09-14,"1 solidly-identified archive page(s), e.g. /m/stewiacke-ns-2026-07-27-cotw-council-meeting-july-23-2026; owner title ""Official Town of Stewiacke""",,1,True
www.youtube.com,channel=@ogdensburgnycitycouncil432,us:place:3654485,fallback,archive_study_2026-09-14,"1 solidly-identified archive page(s), e.g. /m/ogdensburg-ny-city-council-2026-08-25-city-council-meeting-august-24-2026; owner title ""Ogdensburg, NY City Council""",,1,True
www.youtube.com,channel=@ogemawcountyi.t.department6859,us:county:26129,fallback,archive_study_2026-09-14,"1 solidly-identified archive page(s), e.g. /m/ogemaw-county-mi-2026-09-04-september-3-2026-ogemaw-county-committee-of-the-whol; owner title ""Ogemaw County Board of Commissioners""",,1,True
www.youtube.com,channel=@ohiocityincorporated,us:place:3958002,fallback,archive_study_2026-09-14,"1 solidly-identified archive page(s), e.g. /m/ohio-city-village-oh-2026-09-02-august-20th-2026-historic-ohio-city-design-revie; owner title ""Ohio City Incorporated""",,1,True
www.youtube.com,channel=@osnaburgtownship1852,us:cousub:3915158926,fallback,archive_study_2026-09-14,"1 solidly-identified archive page(s), e.g. /m/osnaburg-township-oh-2026-08-24-trustee-meeting-monday-august-24-2026-start-time; owner title ""Osnaburg Township""",,1,True
www.youtube.com,channel=@ottumwaiowa4362,us:place:1960465,fallback,archive_study_2026-09-14,"1 solidly-identified archive page(s), e.g. /m/ottumwa-ia-2025-09-17-ottumwa-city-council-september-16-2025-board-of-health-and; owner title ""Ottumwa Iowa (Official)""",,1,True
www.youtube.com,channel=@ourclarkmedia,us:cousub:3403913150,fallback,archive_study_2026-09-14,"1 solidly-identified archive page(s), e.g. /m/clark-township-nj-2026-09-03-september-3-2026-planning-board-meeting; owner title ""Our Clark Media""",,1,True
www.youtube.com,channel=@owencountyingov,us:county:18119,fallback,archive_study_2026-09-14,"1 solidly-identified archive page(s), e.g. /m/owen-county-in-2026-03-26-owen-county-commissioners-meeting-03-19-2026; owner title ""Owen County Government""",,1,True
www.youtube.com,channel=@paducahkygov,us:place:2158836,fallback,archive_study_2026-09-14,"1 solidly-identified archive page(s), e.g. /m/paducah-ky-2026-09-08-paducah-city-commission-meeting-september-8-2026; owner title ""paducahkygov""",,1,True
www.youtube.com,channel=@pagecountyiowaofficialpage6716,us:county:19145,fallback,archive_study_2026-09-14,"1 solidly-identified archive page(s), e.g. /m/page-county-ia-2026-09-02-page-county-board-meeting-sept-1-2026; owner title ""Page County Iowa Official Page""",,1,True
www.youtube.com,channel=@parishofcaddois,us:county:22017,fallback,archive_study_2026-09-14,"1 solidly-identified archive page(s), e.g. /m/caddo-parish-la-2026-09-03-2026-09-03-cpc-regular-session; owner title ""Caddo Parish Commission""",,1,True
www.youtube.com,channel=@parkcountywyomingcommissio3733,us:county:56029,fallback,archive_study_2026-09-14,"1 solidly-identified archive page(s), e.g. /m/park-county-wy-2023-02-22-clarion-associates-presenting-land-use-plan-updates-to; owner title ""Park County Wyoming Commissioners""",,1,True
www.youtube.com,channel=@parktownshipottawacountymi2606,us:cousub:2613962460,fallback,archive_study_2026-09-14,"1 solidly-identified archive page(s), e.g. /m/park-city-ks-2026-08-28-park-township-planning-commission-meeting-august-27-2026; owner title ""Park Township, Ottawa County Michigan""",,1,True
www.youtube.com,channel=@patrickcountyboardofsuperv9674,us:county:51141,fallback,archive_study_2026-09-14,"1 solidly-identified archive page(s), e.g. /m/patrick-county-va-2026-07-13-patrick-county-board-of-supervisors-meeting-july-13; owner title ""Patrick County Board of Supervisors""",,1,True
www.youtube.com,channel=@peachtreecitygeorgia,us:place:1359724,fallback,archive_study_2026-09-14,"1 solidly-identified archive page(s), e.g. /m/peachtree-city-ga-2026-09-07-mondays-with-the-mayor-recap-of-the-september-3-cou; owner title ""Peachtree City, Georgia""",,1,True
www.youtube.com,channel=@peapackandgladstonenewjers5826,us:place:3457300,fallback,archive_study_2026-09-14,"1 solidly-identified archive page(s), e.g. /m/peapack-and-gladstone-nj-2026-08-12-peapack-and-gladstone-new-jersey-mayor-counc; owner title ""PEAPACK AND GLADSTONE, NEW JERSEY""",,1,True
www.youtube.com,channel=@pequannocktownshipnj8703,us:cousub:3402758110,fallback,archive_study_2026-09-14,"1 solidly-identified archive page(s), e.g. /m/pequannock-township-nj-2023-12-04-pequannock-township-council-meeting-as-the-boa; owner title ""Pequannock Township, NJ""",,1,True
www.youtube.com,channel=@perrycountyindianagovernme4426,us:county:18123,fallback,archive_study_2026-09-14,"1 solidly-identified archive page(s), e.g. /m/perry-county-in-2025-11-26-251108-commissioners; owner title ""Perry County, Indiana Government""",,1,True
www.youtube.com,channel=@perrycountypennsylvania5709,us:county:42099,fallback,archive_study_2026-09-14,"1 solidly-identified archive page(s), e.g. /m/perry-county-pa-2020-03-31-perry-commissioners-mtg-3-30-2020; owner title ""Perry County Pennsylvania""",,1,True
www.youtube.com,channel=@pershingcounty3455,us:county:32027,fallback,archive_study_2026-09-14,"1 solidly-identified archive page(s), e.g. /m/pershing-county-nv-2022-02-11-pershing-county-board-of-commissioners-meeting-for; owner title ""Pershing County""",,1,True
www.youtube.com,channel=@phillipstonma1703,us:cousub:2502753225,fallback,archive_study_2026-09-14,"1 solidly-identified archive page(s), e.g. /m/phillipston-ma-2026-06-13-special-town-meeting-june-10-2026; owner title ""Phillipston MA""",,1,True
www.youtube.com,channel=@phtv4,us:place:1757381,fallback,archive_study_2026-09-14,"1 solidly-identified archive page(s), e.g. /m/palos-heights-il-2025-02-19-copy-of-palos-heights-city-council-meeting-02-18-25; owner title ""PHTV4""",,1,True
www.youtube.com,channel=@pinecountymngov,us:county:27115,fallback,archive_study_2026-09-14,"1 solidly-identified archive page(s), e.g. /m/pine-county-mn-2026-09-01-pine-county-board-meeting-september-1st-2026; owner title ""Pine County, MN""",,1,True
www.youtube.com,channel=@plaincityohio1818,us:place:3963030,fallback,archive_study_2026-09-14,"1 solidly-identified archive page(s), e.g. /m/plain-city-village-oh-2026-08-12-plain-city-board-of-zoning-appeals-meeting-08-1; owner title ""Plain City""",,1,True
www.youtube.com,channel=@planningzoning4858,us:cousub:0916049460,fallback,archive_study_2026-09-14,"1 solidly-identified archive page(s), e.g. /m/morris-ct-2024-11-22-november-20th-2024-meeting-and-public-hearing-recording; owner title ""Planning & Zoning""",,1,True
www.youtube.com,channel=@plymouthmeetingsLS,us:county:25023,fallback,archive_study_2026-09-14,"1 solidly-identified archive page(s), e.g. /m/plymouth-county-ma-2024-08-29-plymouth-charter-review-committee-8-27-24; owner title ""Plymouth Meetings: Local Seen Streaming Channel""",,1,True
www.youtube.com,channel=@poestenkillny4966,us:cousub:3608358805,fallback,archive_study_2026-09-14,"1 solidly-identified archive page(s), e.g. /m/poestenkill-town-ny-2026-03-23-3-19-2026-poestenkill-zoning-meeting; owner title ""Poestenkill NY""",,1,True
www.youtube.com,channel=@polkcountyboardofcommissio5807,us:county:41053,fallback,archive_study_2026-09-14,"1 solidly-identified archive page(s), e.g. /m/polk-county-or-2026-05-04-polk-county-lpscc-meeting-5-4-2026; owner title ""Polk County Board of Commissioners""",,1,True
www.youtube.com,channel=@polkcountycommissionerscou2122,us:county:48373,fallback,archive_study_2026-09-14,"1 solidly-identified archive page(s), e.g. /m/polk-county-tx-2026-08-04-one-time-event; owner title ""Polk County Commissioners Court""",,1,True
www.youtube.com,channel=@polkcountywisconsin,us:county:55095,fallback,archive_study_2026-09-14,"1 solidly-identified archive page(s), e.g. /m/polk-county-wi-2026-09-09-general-government-committee-meeting-9-9-2026; owner title ""Polk County Wisconsin""",,1,True
www.youtube.com,channel=@popecountyquorumcourtmeeti5664,us:county:05115,fallback,archive_study_2026-09-14,"1 solidly-identified archive page(s), e.g. /m/pope-county-ar-2024-10-03-pope-county-quorum-court-meetings-oct-3rd-2024; owner title ""Pope County Quorum Court Meetings""",,1,True
www.youtube.com,channel=@poucecoupe5368,ca:csd:5955005,fallback,archive_study_2026-09-14,"1 solidly-identified archive page(s), e.g. /m/pouce-coupe-bc-2026-09-10-september-9-2026-regular-council-meeting; owner title ""Pouce Coupe""",Pouce Coupe,1,True
www.youtube.com,channel=@power20news,us:county:22091,fallback,archive_study_2026-09-14,"1 solidly-identified archive page(s), e.g. /m/st-helena-parish-la-2025-08-12-st-helena-police-jury-regular-session-8-12-25; owner title ""Power 20 News""",,1,True
www.youtube.com,channel=@ppgcouncil,us:county:22075,fallback,archive_study_2026-09-14,"1 solidly-identified archive page(s), e.g. /m/plaquemines-parish-la-2026-06-12-june-11-2026-council-meeting; owner title ""Plaquemines Parish Council""",,1,True
www.youtube.com,channel=@pulaskicoind,us:county:18131,fallback,archive_study_2026-09-14,"1 solidly-identified archive page(s), e.g. /m/pulaski-county-in-2025-02-04-pulaski-county-indiana-board-of-commissioners-3-feb; owner title ""Pulaski County, Indiana""",,1,True
www.youtube.com,channel=@r.m.ofwallace-woodworth4490,ca:csd:4606031,fallback,archive_study_2026-09-14,"1 solidly-identified archive page(s), e.g. /m/wallace-woodworth-mb-2022-11-08-r-m-of-wallace-woodworth-regular-council-meeting; owner title ""R.M. of Wallace-Woodworth""",,1,True
www.youtube.com,channel=@ramirobarrera7446,us:county:48465,fallback,archive_study_2026-09-14,"1 solidly-identified archive page(s), e.g. /m/val-verde-county-tx-2026-09-02-september-02-2026-amistad-land-use-and-zone-meeti; owner title ""Ramiro Barrera""",,1,True
www.youtube.com,channel=@ramseycountynd,us:county:38071,fallback,archive_study_2026-09-14,"1 solidly-identified archive page(s), e.g. /m/ramsey-county-nd-2026-09-01-ramsey-county-commission; owner title ""Ramsey County, North Dakota""",,1,True
www.youtube.com,channel=@randolphcountycommissionwv272,us:county:54083,fallback,archive_study_2026-09-14,"1 solidly-identified archive page(s), e.g. /m/randolph-county-wv-2026-05-26-commission-meeting-5-14-2026; owner title ""Melinda Lott""",,1,True
www.youtube.com,channel=@randolphcountycourthouse4978,us:county:17157,fallback,archive_study_2026-09-14,"1 solidly-identified archive page(s), e.g. /m/randolph-county-il-2020-09-04-randolph-county-board-meeting-september-4-2020; owner title ""Randolph County Courthouse""",,1,True
www.youtube.com,channel=@rapidcitygovernment,us:place:4652980,fallback,archive_study_2026-09-14,"1 solidly-identified archive page(s), e.g. /m/rapid-city-sd-2024-12-31-rapid-city-legal-finance-committee-12-31-2024; owner title ""rapidcitygovernment account""",,1,True
www.youtube.com,channel=@regionaldistricteastkooten8461,ca:cd:5901,fallback,archive_study_2026-09-14,"1 solidly-identified archive page(s), e.g. /m/east-kootenay-bc-2025-11-19-fairmont-and-cold-spring-creek-community-info-meetin; owner title ""Regional District East Kootenay""",,1,True
www.youtube.com,channel=@regionaldistrictofcentralk6450,ca:cd:5903,fallback,archive_study_2026-09-14,"1 solidly-identified archive page(s), e.g. /m/central-kootenay-bc-2026-08-20-regional-district-of-central-kootenay-board-meeti; owner title ""Regional District of Central Kootenay""",,1,True
www.youtube.com,channel=@richlandcountywigovernment,us:county:55103,fallback,archive_study_2026-09-14,"1 solidly-identified archive page(s), e.g. /m/richland-county-wi-2026-09-10-executive-finance-standing-committee-2026-09-08; owner title ""Richland County Government""",,1,True
www.youtube.com,channel=@richmondtowncouncil4066,us:cousub:4400961160,fallback,archive_study_2026-09-14,"1 solidly-identified archive page(s), e.g. /m/richmond-ri-2025-06-18-june-17-2025-richmond-town-council-meeting; owner title ""Richmond Town Council""",,1,True
www.youtube.com,channel=@rmofedenwold7119,ca:csd:4706029,fallback,archive_study_2026-09-14,"1 solidly-identified archive page(s), e.g. /m/edenwold-no-158-sk-2026-09-09-september-8-2026-rm-of-edenwold-council-meeting; owner title ""RM of Edenwold""",,1,True
www.youtube.com,channel=@roanecountygovernment9771,us:county:47145,fallback,archive_study_2026-09-14,"1 solidly-identified archive page(s), e.g. /m/roane-county-tn-2026-08-10-roane-county-commission-meeting-august-10-2026; owner title ""Roane County Government""",,1,True
www.youtube.com,channel=@robertsoncounty2647,us:county:47147,fallback,archive_study_2026-09-14,"1 solidly-identified archive page(s), e.g. /m/robertson-county-tn-2026-08-18-robertson-county-commission-august-17-2026; owner title ""Robertson County""",,1,True
www.youtube.com,channel=@rockawaytownshipcouncil,us:cousub:3402764080,fallback,archive_study_2026-09-14,"1 solidly-identified archive page(s), e.g. /m/rockaway-township-nj-2026-08-18-august-18-2026-rockaway-township-council-meeting; owner title ""Rockaway Township Council Meetings""",,1,True
www.youtube.com,channel=@rooseveltcounty9866,us:county:35041,fallback,archive_study_2026-09-14,"1 solidly-identified archive page(s), e.g. /m/roosevelt-county-nm-2025-08-06-roosevelt-county-board-of-commission-meeting-augu; owner title ""Roosevelt County""",,1,True
www.youtube.com,channel=@roscommoncounty,us:county:26143,fallback,archive_study_2026-09-14,"2 solidly-identified archive page(s), e.g. /m/roscommon-county-mi-2026-09-10-board-of-commissioners-regular-meeting-work-sessi; owner title ""Roscommon County""",,2,True
www.youtube.com,channel=@rtvnet6,us:cousub:1703164434,fallback,archive_study_2026-09-14,"1 solidly-identified archive page(s), e.g. /m/riverside-township-il-2026-01-14-township-of-riverside-board-of-trustees-regular; owner title ""Riverside TV""",,1,True
www.youtube.com,channel=@ruralmunicipalityofcornwal9130,ca:csd:4607060,fallback,archive_study_2026-09-14,"1 solidly-identified archive page(s), e.g. /m/cornwallis-mb-2023-09-19-september-7-2023-special-meeting-of-council; owner title ""Rural Municipality of Cornwallis""",,1,True
www.youtube.com,channel=@ruralmunicipalityoflabroqu3890,ca:csd:4602053,fallback,archive_study_2026-09-14,"1 solidly-identified archive page(s), e.g. /m/la-broquerie-mb-2022-04-13-regular-meeting-of-council-april-13-2022; owner title ""Rural Municipality of La Broquerie""",,1,True
www.youtube.com,channel=@ruralmunicipalityoflacdubonnet,ca:csd:4601057,fallback,archive_study_2026-09-14,"1 solidly-identified archive page(s), e.g. /m/lac-du-bonnet-mb-2026-09-09-regular-council-meeting-sept-8-2026; owner title ""RM of Lac du Bonnet""",,1,True
www.youtube.com,channel=@ruskcountytexas5229,us:county:48401,fallback,archive_study_2026-09-14,"1 solidly-identified archive page(s), e.g. /m/rusk-county-tx-2020-08-20-rusk-county-commissioners-court; owner title ""Rusk County Texas""",,1,True
www.youtube.com,channel=@rutlandregionalplanningcom7604,us:cousub:5002144125,fallback,archive_study_2026-09-14,"1 solidly-identified archive page(s), e.g. /m/mendon-vt-2023-10-18-us-route-4-corridor-scoping-study-alternatives-presentation; owner title ""Rutland Regional Planning Commission""",,1,True
www.youtube.com,channel=@salemtownship3280,us:cousub:2616171130,fallback,archive_study_2026-09-14,"1 solidly-identified archive page(s), e.g. /m/salem-township-2026-09-09-september-8-2026-board-meeting; owner title ""Salem Township""",,1,True
www.youtube.com,channel=@salinecountykansas3125,us:county:20169,fallback,archive_study_2026-09-14,"1 solidly-identified archive page(s), e.g. /m/saline-county-ks-2026-07-07-saline-county-commission-meeting-july-7-2026; owner title ""Saline County Kansas""",,1,True
www.youtube.com,channel=@sanmiguelcounty6773,us:county:35047,fallback,archive_study_2026-09-14,"1 solidly-identified archive page(s), e.g. /m/san-miguel-county-nm-2021-02-11-san-miguel-county-commission-meeting; owner title ""San Miguel County""",,1,True
www.youtube.com,channel=@santacruzcountyarizona,us:county:04023,fallback,archive_study_2026-09-14,"1 solidly-identified archive page(s), e.g. /m/santa-cruz-county-az-2026-09-02-regular-meeting-of-the-board-of-supervisors; owner title ""Santa Cruz County, Arizona""",,1,True
www.youtube.com,channel=@sayrevillemedia626,us:place:3465790,fallback,archive_study_2026-09-14,"1 solidly-identified archive page(s), e.g. /m/sayreville-nj-2026-09-04-planning-board-september-2-2026; owner title ""SayTV Channel""",,1,True
www.youtube.com,channel=@scotlandcountygovernment3264,us:county:37165,fallback,archive_study_2026-09-14,"1 solidly-identified archive page(s), e.g. /m/scotland-county-nc-2024-04-01-april-1-2024-regular-meeting-of-the-county-commiss; owner title ""Scotland County Government""",,1,True
www.youtube.com,channel=@scottsbluffcountynebraska9496,us:county:31157,fallback,archive_study_2026-09-14,"1 solidly-identified archive page(s), e.g. /m/scotts-bluff-county-ne-2026-08-28-scotts-bluff-county-commissioners-budget-meeti; owner title ""Scotts Bluff County Nebraska""",,1,True
www.youtube.com,channel=@scottsvillecommunitychanne1943,us:place:5170800,fallback,archive_study_2026-09-14,"1 solidly-identified archive page(s), e.g. /m/scottsville-va-2026-09-10-town-council-special-session-september-9-2026; owner title ""Scottsville Community Channel""",,1,True
www.youtube.com,channel=@seasidepark3643,us:place:3466480,fallback,archive_study_2026-09-14,"1 solidly-identified archive page(s), e.g. /m/seaside-park-nj-2026-09-04-september-3rd-2026-seaside-park-work-session; owner title ""SEASIDE PARK""",,1,True
www.youtube.com,channel=@sedaliamo1923,us:place:2966440,fallback,archive_study_2026-09-14,"1 solidly-identified archive page(s), e.g. /m/sedalia-2026-08-28-0819-2026-special-council-meeting; owner title ""Sedalia MO""",,1,True
www.youtube.com,channel=@semcog,us:place:2677860,fallback,archive_study_2026-09-14,"1 solidly-identified archive page(s), e.g. /m/sylvan-lake-mi-2026-03-23-semcog-general-assembly-march-2026-panel-discussion; owner title ""SEMCOG, the Southeast Michigan Council of Governments""",,1,True
www.youtube.com,channel=@shelbycountyillinois,us:county:17173,fallback,archive_study_2026-09-14,"1 solidly-identified archive page(s), e.g. /m/shelby-county-il-2024-06-07-june-5-2024-farm-committee-meeting; owner title ""Shelby County, Illinois""",,1,True
www.youtube.com,channel=@sheldoncitycouncilmeetings708,us:place:1972390,fallback,archive_study_2026-09-14,"1 solidly-identified archive page(s), e.g. /m/sheldon-ia-2026-09-02-sheldon-city-council-9-2-26-part-2; owner title ""Sheldon City Council Meetings""",,1,True
www.youtube.com,channel=@sheridancountywyoming8192,us:county:56033,fallback,archive_study_2026-09-14,"1 solidly-identified archive page(s), e.g. /m/sheridan-county-wy-2026-09-09-bocc-staff-meeting-september-8th-2026; owner title ""Sheridan County Wyoming""",,1,True
www.youtube.com,channel=@simpsoncountyfiscalcourt2914,us:county:21213,fallback,archive_study_2026-09-14,"1 solidly-identified archive page(s), e.g. /m/simpson-county-ky-2021-02-25-simpson-county-kentucky-fiscal-court-meeting-2-17-2; owner title ""Simpson County Fiscal Court""",,1,True
www.youtube.com,channel=@simsburymedia,us:cousub:0911068940,fallback,archive_study_2026-09-14,"1 solidly-identified archive page(s), e.g. /m/simsbury-ct-2026-08-19-conservation-commission-meeting-august-18-2026; owner title ""Simsbury Community Media""",,1,True
www.youtube.com,channel=@skippacktownship-montgomer8667,us:cousub:4209171016,fallback,archive_study_2026-09-14,"1 solidly-identified archive page(s), e.g. /m/skippack-township-pa-2024-07-12-skippack-twp-july-10-2024-bos-meeting; owner title ""Skippack Township- Montgomery County, Pennsylvania""",,1,True
www.youtube.com,channel=@smithfieldtownship,us:cousub:4208971344,fallback,archive_study_2026-09-14,"1 solidly-identified archive page(s), e.g. /m/smithfield-township-2026-01-29-smithfield-twp-board-of-supervisors-meeting-janua; owner title ""Smithfield Township""",,1,True
www.youtube.com,channel=@soaplake,us:place:5365345,fallback,archive_study_2026-09-14,"1 solidly-identified archive page(s), e.g. /m/soap-lake-wa-2025-08-05-city-of-soap-lake-civil-service-commission-meeting-08-05; owner title ""City of Soap Lake""",,1,True
www.youtube.com,channel=@socorrocountymeetings8512,us:county:35053,fallback,archive_study_2026-09-14,"1 solidly-identified archive page(s), e.g. /m/socorro-county-nm-2026-08-11-bocc-meeting-8-11-26; owner title ""Socorro County Meetings""",,1,True
www.youtube.com,channel=@sodasprings3270,us:place:1675195,fallback,archive_study_2026-09-14,"1 solidly-identified archive page(s), e.g. /m/soda-springs-id-2024-04-04-city-council-meeting-4-3-2024; owner title ""Soda Springs""",,1,True
www.youtube.com,channel=@sodavillecityhall1358,us:place:4168550,fallback,archive_study_2026-09-14,"1 solidly-identified archive page(s), e.g. /m/sodaville-or-2023-12-14-sodaville-city-council-work-session-12-11-2023; owner title ""Sodaville City Hall""",,1,True
www.youtube.com,channel=@southbeloit6522,us:place:1770590,fallback,archive_study_2026-09-14,"1 solidly-identified archive page(s), e.g. /m/south-beloit-il-2026-03-05-01-05-2026-south-beloit-city-council-meeting; owner title ""South Beloit""",,1,True
www.youtube.com,channel=@southboroughremotemeetings5825,us:cousub:2502763165,fallback,archive_study_2026-09-14,"1 solidly-identified archive page(s), e.g. /m/southborough-ma-2026-08-06-advisory-committee-8-5-26; owner title ""Southborough Remote Meetings""",,1,True
www.youtube.com,channel=@southdundas,ca:csd:3501020,fallback,archive_study_2026-09-14,"1 solidly-identified archive page(s), e.g. /m/south-dundas-on-2024-06-20-municipality-of-south-dundas-public-meeting-strategic; owner title ""Council Youtube""",South Dundas,1,True
www.youtube.com,channel=@southwestmiddlesex7195,ca:csd:3539005,fallback,archive_study_2026-09-14,"1 solidly-identified archive page(s), e.g. /m/southwest-middlesex-on-2025-05-21-southwest-middlesex-regular-council-meeting-we; owner title ""Southwest Middlesex""",Southwest Middlesex,1,True
www.youtube.com,channel=@spencercountyfiscalcourt-k1112,us:county:21215,fallback,archive_study_2026-09-14,"1 solidly-identified archive page(s), e.g. /m/spencer-county-ky-2026-09-09-9-9-26-regular-meeting-part-2; owner title ""Spencer County Fiscal Court- KY""",,1,True
www.youtube.com,channel=@springfieldtownshipmontco,us:cousub:4209173088,fallback,archive_study_2026-09-14,"1 solidly-identified archive page(s), e.g. /m/springfield-township-2026-09-10-springfield-twp-board-of-commissioners-workshop; owner title ""Springfield Township""",,1,True
www.youtube.com,channel=@springvillecitycouncil3402,us:place:4972280,fallback,archive_study_2026-09-14,"1 solidly-identified archive page(s), e.g. /m/springville-ut-2022-06-08-springville-city-council-meeting; owner title ""Springville City Council""",,1,True
www.youtube.com,channel=@st.clairmocitycouncil9287,us:place:2964136,fallback,archive_study_2026-09-14,"1 solidly-identified archive page(s), e.g. /m/st-clair-mo-city-council-2026-09-09-9-8-2026-regular-meeting; owner title ""St. Clair, MO City Council""",,1,True
www.youtube.com,channel=@st.johnthebaptistparishgov2543,us:county:22095,fallback,archive_study_2026-09-14,"1 solidly-identified archive page(s), e.g. /m/st-john-the-baptist-parish-la-2026-08-26-council-meeting-august-25-2026; owner title ""St. John the Baptist Parish Government""",,1,True
www.youtube.com,channel=@st.lawrencecounty4419,us:county:36089,fallback,archive_study_2026-09-14,"1 solidly-identified archive page(s), e.g. /m/st-lawrence-county-ny-2021-08-24-finance-meeting-august-23-2021; owner title ""St. Lawrence County""",,1,True
www.youtube.com,channel=@st.martinparishgovernment6799,us:county:22099,fallback,archive_study_2026-09-14,"1 solidly-identified archive page(s), e.g. /m/st-martin-parish-la-2020-05-06-st-martin-parish-council-regular-meeting-of-may-5; owner title ""St. Martin Parish Government""",,1,True
www.youtube.com,channel=@starkcountynorthdakota2971,us:county:38089,fallback,archive_study_2026-09-14,"1 solidly-identified archive page(s), e.g. /m/stark-county-nd-2026-01-20-january-20-2026-commission-meeting-with-audio; owner title ""Stark County, North Dakota""",,1,True
www.youtube.com,channel=@stephensoncountyboard8181,us:county:17177,fallback,archive_study_2026-09-14,"1 solidly-identified archive page(s), e.g. /m/stephenson-county-il-2023-04-18-stephenson-county-il-special-board-meeting-4-17; owner title ""Stephenson County Board""",,1,True
www.youtube.com,channel=@steubencountynewyork3950,us:county:36101,fallback,archive_study_2026-09-14,"1 solidly-identified archive page(s), e.g. /m/steuben-county-ny-2025-11-13-steuben-county-highlight; owner title ""Steuben County, New York""",,1,True
www.youtube.com,channel=@strathconaregionaldistrict7134,ca:cd:5924,fallback,archive_study_2026-09-14,"1 solidly-identified archive page(s), e.g. /m/strathcona-bc-2026-08-12-august-12-2026-electoral-areas-services-committee-meeti; owner title ""Strathcona Regional District""",Strathcona,1,True
www.youtube.com,channel=@studio1302,us:place:2663700,fallback,archive_study_2026-09-14,"1 solidly-identified archive page(s), e.g. /m/perry-city-mi-2026-09-04-september-3-2026-perry-city-council-meeting; owner title ""Studio 130""",,1,True
www.youtube.com,channel=@sumtercountygovernment7324,us:county:45085,fallback,archive_study_2026-09-14,"1 solidly-identified archive page(s), e.g. /m/sumter-county-sc-2026-08-26-aug-25-2026-sumter-county-council-regular-meeting; owner title ""Sumter County Government""",,1,True
www.youtube.com,channel=@suwanneemedia9433,us:county:12121,fallback,archive_study_2026-09-14,"1 solidly-identified archive page(s), e.g. /m/suwannee-county-fl-2026-09-02-september-1-2026-suwannee-county-board-of-county-c; owner title ""Suwannee Media""",,1,True
www.youtube.com,channel=@swarktoday8179,us:place:0557260,fallback,archive_study_2026-09-14,"1 solidly-identified archive page(s), e.g. /m/prescott-ar-2026-07-21-prescott-arkansas-city-council-july-20-2026; owner title ""SWARK Today""",,1,True
www.youtube.com,channel=@swarthmoreborough4373,us:place:4275648,fallback,archive_study_2026-09-14,"1 solidly-identified archive page(s), e.g. /m/swarthmore-pa-2026-09-10-swarthmore-borough-work-session-9-8-26-part-1; owner title ""Swarthmore Borough""",,1,True
www.youtube.com,channel=@symmestownship8518,us:cousub:3906176028,fallback,archive_study_2026-09-14,"1 solidly-identified archive page(s), e.g. /m/symmes-township-2024-04-17-symmes-township-zoning-commission-april-17-2024; owner title ""Symmes Township""",,1,True
www.youtube.com,channel=@taylorvillemayor9929,us:place:1774574,fallback,archive_study_2026-09-14,"1 solidly-identified archive page(s), e.g. /m/taylorville-city-il-2026-01-06-city-of-taylorville-council-meeting-01-05-2026; owner title ""Taylorville Mayor""",,1,True
www.youtube.com,channel=@tazewellcountyclerk4157,us:county:17179,fallback,archive_study_2026-09-14,"1 solidly-identified archive page(s), e.g. /m/tazewell-county-il-2026-08-27-tazewell-county-board-meeting-08-26-2026-1; owner title ""Tazewell County Clerk""",,1,True
www.youtube.com,channel=@temmerrity,us:place:3663979,fallback,archive_study_2026-09-14,"1 solidly-identified archive page(s), e.g. /m/rouses-point-ny-2026-01-06-rouses-point-village-board-meeting-1-5-26; owner title ""Home Town Cable Network""",,1,True
www.youtube.com,channel=@thecityofmountpleasanttexa1157,us:place:4849800,fallback,archive_study_2026-09-14,"1 solidly-identified archive page(s), e.g. /m/mount-pleasant-tx-2026-06-05-city-council-jun-02-2026; owner title ""The City of Mount Pleasant, Texas""",,1,True
www.youtube.com,channel=@thecityofstratford,ca:csd:3531011,fallback,archive_study_2026-09-14,"1 solidly-identified archive page(s), e.g. /m/stratford-on-2021-09-20-good-governance-session-1; owner title ""City of Stratford""",,1,True
www.youtube.com,channel=@thecityofwalthamma5775,us:place:2572600,fallback,archive_study_2026-09-14,"1 solidly-identified archive page(s), e.g. /m/waltham-ma-2026-02-24-waltham-city-council; owner title ""The City of Waltham, MA""",,1,True
www.youtube.com,channel=@thegouldingagency,us:place:1275450,fallback,archive_study_2026-09-14,"1 solidly-identified archive page(s), e.g. /m/wausau-fl-2026-08-30-wausau-florida-town-council-meeting-on-thursday-august-20-2; owner title ""thegouldingagency""",,1,True
www.youtube.com,channel=@thetownofgolden,ca:csd:5939007,fallback,archive_study_2026-09-14,"1 solidly-identified archive page(s), e.g. /m/golden-bc-2026-09-02-town-of-golden-regular-open-council-meeting-september-1-202; owner title ""Town of Golden""",Golden,1,True
www.youtube.com,channel=@thetownofshipshewana,us:place:1869480,fallback,archive_study_2026-09-14,"1 solidly-identified archive page(s), e.g. /m/shipshewana-in-2025-10-07-2025-09-24-shipshewana-town-council-meeting; owner title ""Town of Shipshewana Municipal Government""",,1,True
www.youtube.com,channel=@thevillageofmenands,us:place:3646536,fallback,archive_study_2026-09-14,"1 solidly-identified archive page(s), e.g. /m/menands-ny-2026-04-21-april-20-2026-village-of-menands-board-of-trustees-meeting; owner title ""Village of Menands""",,1,True
www.youtube.com,channel=@tituscountytexas77,us:county:48449,fallback,archive_study_2026-09-14,"1 solidly-identified archive page(s), e.g. /m/titus-county-tx-2026-09-08-titus-county-texas-commissioners-court-special-meetin; owner title ""Titus County Texas""",,1,True
www.youtube.com,channel=@toddcountyminnesota9215,us:county:27153,fallback,archive_study_2026-09-14,"1 solidly-identified archive page(s), e.g. /m/todd-county-mn-2023-11-13-special-board-meeting; owner title ""Todd County Minnesota (Todd County, MN)""",,1,True
www.youtube.com,channel=@tomsrivertownshipnj1285,us:cousub:3402973125,fallback,archive_study_2026-09-14,"1 solidly-identified archive page(s), e.g. /m/toms-river-township-nj-2023-01-25-council-meeting-01-25-2023; owner title ""Toms River Township NJ""",,1,True
www.youtube.com,channel=@tontitowncityhall1063,us:place:0569740,fallback,archive_study_2026-09-14,"1 solidly-identified archive page(s), e.g. /m/tontitown-ar-2026-09-01-tontitown-city-council-meeting-09-01-2026; owner title ""Tontitown City Hall""",,1,True
www.youtube.com,channel=@town-of-harpswell,us:cousub:2300531390,fallback,archive_study_2026-09-14,"1 solidly-identified archive page(s), e.g. /m/harpswell-me-2026-09-10-fire-rescue-planning-committee-09102026; owner title ""Town of Harpswell""",,1,True
www.youtube.com,channel=@townberthoudco524,us:place:0806255,fallback,archive_study_2026-09-14,"1 solidly-identified archive page(s), e.g. /m/berthoud-co-2025-08-13-08-12-2025-town-board-of-trustees; owner title ""Town Berthoud, CO""",,1,True
www.youtube.com,channel=@towncvny,us:place:3612353,fallback,archive_study_2026-09-14,"1 solidly-identified archive page(s), e.g. /m/cape-vincent-village-ny-2026-07-03-town-board-meeting-07022026; owner title ""Town of Cape Vincent""",,1,True
www.youtube.com,channel=@townofalbanynh4320,us:cousub:3300300420,fallback,archive_study_2026-09-14,"1 solidly-identified archive page(s), e.g. /m/albany-2025-06-17-albany-conservation-commission-6-3-25; owner title ""Town of Albany NH""",,1,True
www.youtube.com,channel=@townofalta2175,us:place:4900650,fallback,archive_study_2026-09-14,"1 solidly-identified archive page(s), e.g. /m/alta-ut-2025-10-22-alta-town-council-sept-2025-retreat; owner title ""Town of Alta""",,1,True
www.youtube.com,channel=@townofbabylon5410,us:cousub:3610304000,fallback,archive_study_2026-09-14,"1 solidly-identified archive page(s), e.g. /m/babylon-town-ny-2026-06-22-special-town-board-meeting-june-22-2026; owner title ""Town of Babylon""",Babylon town,1,True
www.youtube.com,channel=@townofbargersville,us:place:1803394,fallback,archive_study_2026-09-14,"1 solidly-identified archive page(s), e.g. /m/bargersville-in-2023-06-07-storm-water-utility-board-special-meeting-june-6-2023; owner title ""Town of Bargersville""",,1,True
www.youtube.com,channel=@townofblandfordforum288,us:cousub:2501306085,fallback,archive_study_2026-09-14,"1 solidly-identified archive page(s), e.g. /m/blandford-ma-2026-09-09-select-board-meeting-september-08-2026; owner title ""Town of Blandford FORUM""",,1,True
www.youtube.com,channel=@townofbluffcity37618,us:place:4706960,fallback,archive_study_2026-09-14,"1 solidly-identified archive page(s), e.g. /m/bluff-city-tn-2026-07-08-bma-monthly-meeting-july-7-2026; owner title ""TOWN OF BLUFF CITY""",,1,True
www.youtube.com,channel=@townofbruderheimalberta5946,ca:csd:4810066,fallback,archive_study_2026-09-14,"1 solidly-identified archive page(s), e.g. /m/bruderheim-ab-2026-09-02-september-1st-2026-regular-council-meeting; owner title ""Town of Bruderheim, Alberta""",,1,True
www.youtube.com,channel=@townofcarbondale7412,us:place:0812045,fallback,archive_study_2026-09-14,"1 solidly-identified archive page(s), e.g. /m/carbondale-co-2026-08-31-latino-advisory-board-6-1-2026; owner title ""Town of Carbondale""",,1,True
www.youtube.com,channel=@townofchapelhill6652,us:place:4712880,fallback,archive_study_2026-09-14,"1 solidly-identified archive page(s), e.g. /m/town-of-chapel-hill-2020-12-30-boma-special-called-meeting-12-30-2020; owner title ""Town of Chapel Hill""",,1,True
www.youtube.com,channel=@townofchilinewyork9609,us:cousub:3605515462,fallback,archive_study_2026-09-14,"1 solidly-identified archive page(s), e.g. /m/chili-town-ny-2026-08-31-chili-town-board-meeting-8-12-26; owner title ""Town of Chili, New York""",,1,True
www.youtube.com,channel=@townofcloverdale4304,us:place:1813852,fallback,archive_study_2026-09-14,"1 solidly-identified archive page(s), e.g. /m/cloverdale-town-in-2021-02-10-cloverdale-town-council-meeting-february-9th-2021; owner title ""Town of Cloverdale""",,1,True
www.youtube.com,channel=@townofcobalt9590,ca:csd:3554008,fallback,archive_study_2026-09-14,"1 solidly-identified archive page(s), e.g. /m/town-of-cobalt-2026-08-21-regular-council-meeting-cobalt-community-hall-august-1; owner title ""Town of Cobalt""",,1,True
www.youtube.com,channel=@townofcolmarmanormaryland3652,us:place:2418850,fallback,archive_study_2026-09-14,"1 solidly-identified archive page(s), e.g. /m/colmar-manor-md-2026-06-04-town-of-colmar-manor-council-meeting-june-2-2026; owner title ""Town of Colmar Manor, Maryland""",,1,True
www.youtube.com,channel=@townofcolumbiact6327,us:cousub:0911016400,fallback,archive_study_2026-09-14,"1 solidly-identified archive page(s), e.g. /m/columbia-ct-2026-09-09-9-9-26-baa-meeting; owner title ""Town of Columbia, CT""",,1,True
www.youtube.com,channel=@townofcornwall8037,ca:csd:1102085,fallback,archive_study_2026-09-14,"1 solidly-identified archive page(s), e.g. /m/town-of-cornwall-2022-03-03-town-of-cornwall-monthly-council-meeting-february-16; owner title ""Town of Cornwall""",Cornwall,1,True
www.youtube.com,channel=@townofcountyline2039,us:place:0117968,fallback,archive_study_2026-09-14,"1 solidly-identified archive page(s), e.g. /m/county-line-town-al-2022-11-17-town-council-meeting-nov-14-2022; owner title ""Town of County Line""",,1,True
www.youtube.com,channel=@townofcrossfield3912,ca:csd:4806026,fallback,archive_study_2026-09-14,"1 solidly-identified archive page(s), e.g. /m/crossfield-ab-2023-09-20-september-19-2023-council-meeting; owner title ""Town of Crossfield""",Crossfield,1,True
www.youtube.com,channel=@townofdelafieldboardmeetin9894,us:cousub:5513319425,fallback,archive_study_2026-09-14,"1 solidly-identified archive page(s), e.g. /m/delafield-city-wi-2026-05-27-2026-05-26-town-of-delafield-board-meeting; owner title ""Town of Delafield Board Meetings""",,1,True
www.youtube.com,channel=@townofdrumheller,ca:csd:4805026,fallback,archive_study_2026-09-14,"1 solidly-identified archive page(s), e.g. /m/drumheller-ab-2026-01-07-december-16-2025-regular-council-meeting-recording-uplo; owner title ""Drumheller Valley""",,1,True
www.youtube.com,channel=@townofdunstable3179,us:cousub:2501717825,fallback,archive_study_2026-09-14,"1 solidly-identified archive page(s), e.g. /m/dunstable-ma-2026-08-12-select-board-meeting-august-11-2026; owner title ""Town of Dunstable""",,1,True
www.youtube.com,channel=@townofeastham1874,us:cousub:2500119295,fallback,archive_study_2026-09-14,"1 solidly-identified archive page(s), e.g. /m/eastham-ma-2026-03-28-turn-it-up-epiosde-9-countdown-to-town-meeting-understandi; owner title ""Town of Eastham""",,1,True
www.youtube.com,channel=@townofedson,ca:csd:4814024,fallback,archive_study_2026-09-14,"1 solidly-identified archive page(s), e.g. /m/edson-ab-2026-07-22-civic-centre-council-discussion; owner title ""Town of Edson""",Edson,1,True
www.youtube.com,channel=@townofelon1117,us:place:3721095,fallback,archive_study_2026-09-14,"1 solidly-identified archive page(s), e.g. /m/elon-nc-2023-11-28-november-27-2023-town-council-meeting; owner title ""Town of Elon""",,1,True
www.youtube.com,channel=@townofervingmassachusetts1692,us:cousub:2501121780,fallback,archive_study_2026-09-14,"1 solidly-identified archive page(s), e.g. /m/erving-ma-2026-05-13-erving-annual-town-meeting-may-13-2025; owner title ""Town of Erving Massachusetts""",,1,True
www.youtube.com,channel=@townoffairview1516,ca:csd:4819068,fallback,archive_study_2026-09-14,"1 solidly-identified archive page(s), e.g. /m/town-of-fairview-2023-12-21-2023-12-19-town-of-fairview-council-meeting; owner title ""Town of Fairview""",Fairview,1,True
www.youtube.com,channel=@townoffederalsburg7503,us:place:2427900,fallback,archive_study_2026-09-14,"1 solidly-identified archive page(s), e.g. /m/federalsburg-md-2026-07-20-public-information-session-data-center-7-13-2026; owner title ""Town of Federalsburg""",,1,True
www.youtube.com,channel=@townoffortfairfield39,us:cousub:2300325615,fallback,archive_study_2026-09-14,"1 solidly-identified archive page(s), e.g. /m/fort-fairfield-me-2026-01-21-regular-town-council-meeting-january-21-2026; owner title ""Town of Fort Fairfield""",,1,True
www.youtube.com,channel=@townoffortville1865,us:place:1824286,fallback,archive_study_2026-09-14,"1 solidly-identified archive page(s), e.g. /m/fortville-in-2026-08-18-8-17-2026-fortville-town-council-meeting; owner title ""Town of Fortville - Government""",,1,True
www.youtube.com,channel=@townofglenrock,us:place:5632435,fallback,archive_study_2026-09-14,"1 solidly-identified archive page(s), e.g. /m/glenrock-wy-2026-08-26-flock-safety-informational-meeting-08-25-2026; owner title ""Town of Glenrock""",,1,True
www.youtube.com,channel=@townofgoshennewyork5567,us:cousub:3607129553,fallback,archive_study_2026-09-14,"1 solidly-identified archive page(s), e.g. /m/goshen-town-ny-2026-08-22-town-of-goshen-planning-board-meeting-august-20-2026; owner title ""Town of Goshen, New York""",,1,True
www.youtube.com,channel=@townofgranby,us:cousub:0911032640,fallback,archive_study_2026-09-14,"1 solidly-identified archive page(s), e.g. /m/granby-ct-2025-06-12-6-10-2025-conservation-commission-regular-meeting-6-10-2025; owner title ""Town Of Granby""",,1,True
www.youtube.com,channel=@townofgrandbay-westfield2820,ca:csd:1305015,fallback,archive_study_2026-09-14,"1 solidly-identified archive page(s), e.g. /m/grand-bay-westfield-nb-2026-05-13-special-council-meeting-of-may-13-2026; owner title ""Town of Grand Bay-Westfield""",,1,True
www.youtube.com,channel=@townofgreenwoodla,us:place:2231705,fallback,archive_study_2026-09-14,"1 solidly-identified archive page(s), e.g. /m/town-of-greenwood-2025-03-18-town-of-greenwood-work-session-3-18-25; owner title ""Town of Greenwood""",,1,True
www.youtube.com,channel=@townofhampdenma8037,us:cousub:2501328075,fallback,archive_study_2026-09-14,"1 solidly-identified archive page(s), e.g. /m/hampden-ma-2026-08-27-old-town-house-committee-august-26-2026; owner title ""Town of Hampden, MA""",,1,True
www.youtube.com,channel=@townofhighlands1692,us:cousub:3607134550,fallback,archive_study_2026-09-14,"1 solidly-identified archive page(s), e.g. /m/highlands-2026-08-26-town-of-highlands-town-board-august-24-2026; owner title ""TownofHighlands""",,1,True
www.youtube.com,channel=@townofhighprairie3393,ca:csd:4817021,fallback,archive_study_2026-09-14,"1 solidly-identified archive page(s), e.g. /m/town-of-high-prairie-ab-2026-09-09-september-8th-2026-regular-meeting-of-council; owner title ""Town of High Prairie""",,1,True
www.youtube.com,channel=@townofhollywoodpark331,us:place:4834628,fallback,archive_study_2026-09-14,"1 solidly-identified archive page(s), e.g. /m/town-of-hollywood-park-tx-2020-05-20-copy-of-council-meet-5-19-2020; owner title ""TOWN OF HOLLYWOOD PARK""",,1,True
www.youtube.com,channel=@townofingersoll960,ca:csd:3532018,fallback,archive_study_2026-09-14,"1 solidly-identified archive page(s), e.g. /m/ingersoll-on-2026-08-06-special-meeting-of-council-06-aug-2026; owner title ""Town of Ingersoll""",Ingersoll,1,True
www.youtube.com,channel=@townofinuvik8925,ca:csd:6101017,fallback,archive_study_2026-09-14,"1 solidly-identified archive page(s), e.g. /m/inuvik-nt-2026-07-07-committee-of-the-whole-meeting-town-of-inuvik-july-6-2026; owner title ""Town Of Inuvik""",,1,True
www.youtube.com,channel=@townofislip,us:cousub:3610338000,fallback,archive_study_2026-09-14,"1 solidly-identified archive page(s), e.g. /m/islip-town-ny-2026-08-12-8-11-26-august-islip-town-board-meeting; owner title ""Islip Town""",,1,True
www.youtube.com,channel=@townofjayny2162,us:cousub:3603138396,fallback,archive_study_2026-09-14,"1 solidly-identified archive page(s), e.g. /m/jay-town-ny-2026-01-09-town-of-jay-organizational-board-meeting-1-8-2026; owner title ""Town of Jay, NY""",,1,True
www.youtube.com,channel=@townofkensington1734,us:cousub:3301539780,fallback,archive_study_2026-09-14,"1 solidly-identified archive page(s), e.g. /m/kensington-nh-2026-09-03-kensington-board-of-selectmen-meeting-08-31-2026; owner title ""Town of Kensington NH""",,1,True
www.youtube.com,channel=@townofkingstonsprings8132,us:place:4739660,fallback,archive_study_2026-09-14,"1 solidly-identified archive page(s), e.g. /m/kingston-springs-tn-2024-04-16-2024-04-11-pc-meeting; owner title ""Town of Kingston Springs""",,1,True
www.youtube.com,channel=@townoflaronge6552,ca:csd:4718041,fallback,archive_study_2026-09-14,"1 solidly-identified archive page(s), e.g. /m/la-ronge-sk-2026-08-18-regular-meeting-of-council-august-17-2026; owner title ""TownofLaRonge""",,1,True
www.youtube.com,channel=@townoflewistonnewyork8358,us:cousub:3606342158,fallback,archive_study_2026-09-14,"1 solidly-identified archive page(s), e.g. /m/lewiston-town-ny-2026-08-25-town-of-lewiston-regular-town-board-meeting-public-h; owner title ""Town of Lewiston, New York""",,1,True
www.youtube.com,channel=@townoflittlecompton6533,us:cousub:4400542400,fallback,archive_study_2026-09-14,"1 solidly-identified archive page(s), e.g. /m/little-compton-ri-2026-09-02-september-1-2026-little-compton-planning-board-meet; owner title ""Town of Little Compton""",,1,True
www.youtube.com,channel=@townoflubec,us:cousub:2302941610,fallback,archive_study_2026-09-14,"1 solidly-identified archive page(s), e.g. /m/lubec-me-2026-08-06-select-board-meeting-7-29-2026; owner title ""townoflubec""",,1,True
www.youtube.com,channel=@townofmadisonct8832,us:cousub:0917044560,fallback,archive_study_2026-09-14,"1 solidly-identified archive page(s), e.g. /m/madison-ct-2026-09-09-9-8-26-advisory-committee-on-community-appearance-acca-tow; owner title ""Town of Madison, CT""",,1,True
www.youtube.com,channel=@townofmaltany,us:cousub:3609144743,fallback,archive_study_2026-09-14,"1 solidly-identified archive page(s), e.g. /m/malta-town-ny-2026-08-31-august-31st-malta-town-board-meeting-budget-meeting-cal; owner title ""Town of Malta""",,1,True
www.youtube.com,channel=@townofmanliusny3655,us:cousub:3606745029,fallback,archive_study_2026-09-14,"1 solidly-identified archive page(s), e.g. /m/manlius-town-ny-2026-06-25-06-24-2026-town-board-meeting; owner title ""Town of Manlius, NY""",,1,True
www.youtube.com,channel=@townofmarathon8423,ca:csd:3558059,fallback,archive_study_2026-09-14,"1 solidly-identified archive page(s), e.g. /m/town-of-marathon-2026-04-28-april-27-2026-regular-meeting-of-council; owner title ""Town of Marathon""",,1,True
www.youtube.com,channel=@townofmattawa1508,ca:csd:3548021,fallback,archive_study_2026-09-14,"1 solidly-identified archive page(s), e.g. /m/town-of-mattawa-2026-08-11-video-recording-of-august-10-2026-regular-meeting; owner title ""Town of Mattawa""",,1,True
www.youtube.com,channel=@townofmaynardmaofficeofmun1648,us:cousub:2501739625,fallback,archive_study_2026-09-14,"1 solidly-identified archive page(s), e.g. /m/maynard-ma-2026-09-10-planning-board-09-08-26; owner title ""Town of Maynard MA Office of Municipal Services""",,1,True
www.youtube.com,channel=@townofmesilla7501,us:place:3548060,fallback,archive_study_2026-09-14,"1 solidly-identified archive page(s), e.g. /m/mesilla-nm-2026-09-08-9-8-26-pzhac-regular-meeting; owner title ""Town of Mesilla""",,1,True
www.youtube.com,channel=@townofmiddleton9741,us:cousub:3301747700,fallback,archive_study_2026-09-14,"1 solidly-identified archive page(s), e.g. /m/town-of-middleton-2026-09-01-middleton-select-board-meeting-1-september-2026; owner title ""Town of Middleton""",,1,True
www.youtube.com,channel=@townofmontreat7590,us:place:3744100,fallback,archive_study_2026-09-14,"1 solidly-identified archive page(s), e.g. /m/montreat-nc-2026-09-09-tree-board-9-8-26; owner title ""Town of Montreat""",,1,True
www.youtube.com,channel=@townofmorristownin772,us:place:1851192,fallback,archive_study_2026-09-14,"1 solidly-identified archive page(s), e.g. /m/morristown-2026-09-10-morristown-town-board-9-9-26; owner title ""Town of Morristown IN""",,1,True
www.youtube.com,channel=@townofmountdesertmaine,us:cousub:2300947630,fallback,archive_study_2026-09-14,"1 solidly-identified archive page(s), e.g. /m/mount-desert-me-2026-08-18-selectboard-august-17th-2026; owner title ""Town of Mount Desert, Maine""",,1,True
www.youtube.com,channel=@townofmurray292,us:cousub:3607349286,fallback,archive_study_2026-09-14,"1 solidly-identified archive page(s), e.g. /m/murray-town-ny-2026-08-24-town-of-murray-meeting; owner title ""Town of Murray""",,1,True
www.youtube.com,channel=@townofnederland,us:place:0853175,fallback,archive_study_2026-09-14,"1 solidly-identified archive page(s), e.g. /m/nederland-co-2026-09-10-nederland-downtown-development-authority-august-9th-2026; owner title ""Town of Nederland""",,1,True
www.youtube.com,channel=@townofnewcanaan964,us:cousub:0919050580,fallback,archive_study_2026-09-14,"1 solidly-identified archive page(s), e.g. /m/new-canaan-ct-2026-09-10-conservation-commission-meeting-september-10-2026; owner title ""Town Of New Canaan""",,1,True
www.youtube.com,channel=@townofnewcastle2610,us:cousub:2301548645,fallback,archive_study_2026-09-14,"1 solidly-identified archive page(s), e.g. /m/town-of-newcastle-2025-08-27-newcastle-select-board-august-25-2025; owner title ""Town of Newcastle""",Newcastle town,1,True
www.youtube.com,channel=@townofnewipswich9372,us:cousub:3301151940,fallback,archive_study_2026-09-14,"1 solidly-identified archive page(s), e.g. /m/new-ipswich-nh-2026-09-01-board-of-selectmen-meeting-08-31-2056; owner title ""Town of New Ipswich""",,1,True
www.youtube.com,channel=@townofnewland1908,us:place:3746740,fallback,archive_study_2026-09-14,"1 solidly-identified archive page(s), e.g. /m/newland-nc-2023-09-07-town-of-newland-september-meeting; owner title ""TOWN OF NEWLAND""",,1,True
www.youtube.com,channel=@townofnewlondon,us:cousub:3301352100,fallback,archive_study_2026-09-14,"1 solidly-identified archive page(s), e.g. /m/new-london-2026-09-10-budget-committee-meeting-september-9-2026; owner title ""Town of New London NH""",,1,True
www.youtube.com,channel=@townofnorthbeachmaryland,us:place:2456300,fallback,archive_study_2026-09-14,"1 solidly-identified archive page(s), e.g. /m/north-beach-md-2026-02-13-town-council-meeting-north-beach-md-feb-12-2026; owner title ""Town of North Beach Maryland""",,1,True
www.youtube.com,channel=@townofnorwichvt9418,us:cousub:5002752900,fallback,archive_study_2026-09-14,"1 solidly-identified archive page(s), e.g. /m/norwich-2025-11-26-20251125-board-of-abatement-meeting; owner title ""Town of Norwich VT""",,1,True
www.youtube.com,channel=@townofoakland4110,us:cousub:2301154560,fallback,archive_study_2026-09-14,"1 solidly-identified archive page(s), e.g. /m/town-of-oakland-2026-09-10-9-9-2026-oakland-council-meeting; owner title ""Town of Oakland""",,1,True
www.youtube.com,channel=@townofoldlyme2983,us:cousub:0913057040,fallback,archive_study_2026-09-14,"1 solidly-identified archive page(s), e.g. /m/old-lyme-ct-2026-09-05-housing-strategic-planning-steering-committee-meeting-9-3; owner title ""Town of Old Lyme""",,1,True
www.youtube.com,channel=@townoforangetown,us:cousub:3608755211,fallback,archive_study_2026-09-14,"1 solidly-identified archive page(s), e.g. /m/orangetown-town-ny-2026-08-27-town-of-orangetown-planning-board-08-26-2026; owner title ""Town of Orangetown""",,1,True
www.youtube.com,channel=@townoforomocto8985,ca:csd:1303012,fallback,archive_study_2026-09-14,"1 solidly-identified archive page(s), e.g. /m/oromocto-nb-2026-08-26-town-of-oromocto-council-in-regular-session; owner title ""Town of Oromocto""",Oromocto,1,True
www.youtube.com,channel=@townoforono,us:place:2748580,fallback,archive_study_2026-09-14,"1 solidly-identified archive page(s), e.g. /m/orono-mn-2026-08-25-finance-and-operations-committee-8-24-26; owner title ""Town of Orono""",Orono city,1,True
www.youtube.com,channel=@townofossining6599,us:cousub:3611955541,fallback,archive_study_2026-09-14,"1 solidly-identified archive page(s), e.g. /m/ossining-town-ny-2026-08-26-town-of-ossining-legislative-meeting-8-25-2026; owner title ""Town of Ossining""",,1,True
www.youtube.com,channel=@townofpawling3509,us:cousub:3602756825,fallback,archive_study_2026-09-14,"1 solidly-identified archive page(s), e.g. /m/pawling-town-ny-2020-11-03-town-and-village-of-pawling-proposed-consolidation-jo; owner title ""Town of Pawling""",,1,True
www.youtube.com,channel=@townofpecoscity,us:place:4873493,fallback,archive_study_2026-09-14,"1 solidly-identified archive page(s), e.g. /m/town-of-pecos-tx-2023-04-19-regular-council-meeting-april-13-2023; owner title ""Town of Pecos City""",,1,True
www.youtube.com,channel=@townofpelhamnewyork8327,us:cousub:3611957012,fallback,archive_study_2026-09-14,"1 solidly-identified archive page(s), e.g. /m/pelham-town-ny-2026-08-03-town-council-meeting-august-3-2026; owner title ""Town of Pelham, New York""",,1,True
www.youtube.com,channel=@townofpikeroad,us:place:0159760,fallback,archive_study_2026-09-14,"1 solidly-identified archive page(s), e.g. /m/pike-road-al-2026-08-27-pike-road-town-council-8-26-2026; owner title ""Pike Road, Alabama""",,1,True
www.youtube.com,channel=@townofplacentiacouncil2542,ca:csd:1001240,fallback,archive_study_2026-09-14,"1 solidly-identified archive page(s), e.g. /m/placentia-nl-2022-11-16-council-meeting-november-15-2022; owner title ""Town of Placentia Council""",,1,True
www.youtube.com,channel=@townofplattsburghny45,us:cousub:3601958585,fallback,archive_study_2026-09-14,"1 solidly-identified archive page(s), e.g. /m/plattsburgh-town-ny-2026-09-01-2026-08-27-town-of-plattsburgh-board-meeting; owner title ""Town of Plattsburgh, NY""",,1,True
www.youtube.com,channel=@townofpleasantvalley5015,us:cousub:3602758695,fallback,archive_study_2026-09-14,"1 solidly-identified archive page(s), e.g. /m/town-of-pleasant-valley-2026-05-05-town-board-meeting-5-4-2026; owner title ""Town of Pleasant Valley""",,1,True
www.youtube.com,channel=@townofprincessanne3252,us:place:2464000,fallback,archive_study_2026-09-14,"1 solidly-identified archive page(s), e.g. /m/princess-anne-md-2022-01-19-january-19th-2022-legislative-work-session-meeting; owner title ""Townof PrincessAnne""",,1,True
www.youtube.com,channel=@townofprinceton3869,us:place:2163138,fallback,archive_study_2026-09-14,"1 solidly-identified archive page(s), e.g. /m/princeton-ky-2026-09-02-regular-agenda-02-sep-2026; owner title ""Town of Princeton""",,1,True
www.youtube.com,channel=@townofredingtonshores,us:place:1259750,fallback,archive_study_2026-09-14,"1 solidly-identified archive page(s), e.g. /m/redington-shores-fl-2025-01-15-town-of-redington-shores-building-department-info; owner title ""Town Of Redington Shores""",,1,True
www.youtube.com,channel=@townofredwater7045,ca:csd:4811065,fallback,archive_study_2026-09-14,"1 solidly-identified archive page(s), e.g. /m/town-of-redwater-2025-09-24-special-council-meeting-september-23-2025; owner title ""Town Of Redwater""",,1,True
www.youtube.com,channel=@townofriverdalepark4490,us:place:2466635,fallback,archive_study_2026-09-14,"1 solidly-identified archive page(s), e.g. /m/riverdale-park-md-2026-09-01-august-31-2026-work-session-video; owner title ""Town of Riverdale Park""",,1,True
www.youtube.com,channel=@townofrockportmaine,us:cousub:2301363660,fallback,archive_study_2026-09-14,"1 solidly-identified archive page(s), e.g. /m/rockport-me-2026-04-08-pathways-committee-meeting-20260407-160343-meeting-record; owner title ""Town of Rockport Maine""",,1,True
www.youtube.com,channel=@townofrutlandvermont3755,us:cousub:5002161300,fallback,archive_study_2026-09-14,"1 solidly-identified archive page(s), e.g. /m/rutland-town-vt-2026-09-09-september-9th-2026-selectboard-meeting; owner title ""Town of Rutland, Vermont""",,1,True
www.youtube.com,channel=@townofsaintpaul,us:place:1867212,fallback,archive_study_2026-09-14,"1 solidly-identified archive page(s), e.g. /m/st-paul-in-2025-07-02-town-of-st-paul-indiana-council-meeting-07-01-2025-7-00-pm; owner title ""Town of St. Paul Indiana""",,1,True
www.youtube.com,channel=@townofschuylerfalls5151,us:cousub:3601965717,fallback,archive_study_2026-09-14,"1 solidly-identified archive page(s), e.g. /m/schuyler-falls-town-ny-2023-07-17-regular-meeting-for-june-27th-2023; owner title ""Town of Schuyler Falls""",,1,True
www.youtube.com,channel=@townofseabrookisland5287,us:place:4564712,fallback,archive_study_2026-09-14,"1 solidly-identified archive page(s), e.g. /m/seabrook-island-sc-2025-03-12-town-of-seabrook-island-coyote-meeting-3-11-2025; owner title ""Town of Seabrook Island""",,1,True
www.youtube.com,channel=@townofshelterisland5618,us:cousub:3610366839,fallback,archive_study_2026-09-14,"1 solidly-identified archive page(s), e.g. /m/shelter-island-town-ny-2026-09-04-west-neck-water-district-09-04-26; owner title ""Town of Shelter Island""",,1,True
www.youtube.com,channel=@townofsilverton,us:place:0870580,fallback,archive_study_2026-09-14,"1 solidly-identified archive page(s), e.g. /m/silverton-co-2025-10-05-silverton-housing-authority-anvil-townhomes-ownership-ap; owner title ""Town of Silverton, Colorado""",,1,True
www.youtube.com,channel=@townofsmithfield,us:place:3762520,fallback,archive_study_2026-09-14,"1 solidly-identified archive page(s), e.g. /m/smithfield-nc-2026-09-02-council-meeting-september-1-2026; owner title ""Town of Smithfield""",,1,True
www.youtube.com,channel=@townofsomerset,us:place:2473350,fallback,archive_study_2026-09-14,"1 solidly-identified archive page(s), e.g. /m/somerset-md-2026-08-04-regular-monthly-meeting-august-2026; owner title ""Town of Somerset""",,1,True
www.youtube.com,channel=@townofsomersny533,us:cousub:3611968308,fallback,archive_study_2026-09-14,"1 solidly-identified archive page(s), e.g. /m/somers-2026-08-13-town-of-somers-n-y-zba-meeting-july-21-2026; owner title ""Town of Somers NY""",,1,True
www.youtube.com,channel=@townofsomervilletn,us:place:4769620,fallback,archive_study_2026-09-14,"1 solidly-identified archive page(s), e.g. /m/town-of-somerville-2021-04-29-planning-commission-meeting-4-27-2021; owner title ""Town of Somerville""",,1,True
www.youtube.com,channel=@townofsouthberwick8288,us:cousub:2303170030,fallback,archive_study_2026-09-14,"1 solidly-identified archive page(s), e.g. /m/south-berwick-me-2026-09-09-09-8-2026-town-council-meeting; owner title ""Town of South Berwick""",,1,True
www.youtube.com,channel=@townofsoutheastnyofficial,us:cousub:3607968924,fallback,archive_study_2026-09-14,"1 solidly-identified archive page(s), e.g. /m/southeast-town-ny-2026-09-04-town-of-southeast-n-y-town-board-meeting-september; owner title ""Town of Southeast, NY (Official)""",,1,True
www.youtube.com,channel=@townofsouthington7646,us:cousub:0911070550,fallback,archive_study_2026-09-14,"1 solidly-identified archive page(s), e.g. /m/southington-ct-2026-08-14-board-of-education-08-13-2026; owner title ""Town of Southington""",,1,True
www.youtube.com,channel=@townofsouthwestranchesoffi9767,us:place:1268135,fallback,archive_study_2026-09-14,"1 solidly-identified archive page(s), e.g. /m/southwest-ranches-fl-2026-09-02-southwest-ranches-town-council-regular-meeting-a; owner title ""Town of Southwest Ranches Official Channel""",,1,True
www.youtube.com,channel=@townofspencernorthcarolina9894,us:place:3763760,fallback,archive_study_2026-09-14,"1 solidly-identified archive page(s), e.g. /m/spencer-nc-2025-06-06-town-of-spencer-june-5-2025-board-of-alderman-pre-agenda-m; owner title ""Town of Spencer, North Carolina""",,1,True
www.youtube.com,channel=@townofstanford2156,us:cousub:3602770662,fallback,archive_study_2026-09-14,"1 solidly-identified archive page(s), e.g. /m/town-of-stanford-2026-08-14-stanford-town-board-8-13-26; owner title ""Town of Stanford""",,1,True
www.youtube.com,channel=@townofstellarton,ca:csd:1212009,fallback,archive_study_2026-09-14,"1 solidly-identified archive page(s), e.g. /m/stellarton-ns-2024-04-10-april-town-council; owner title ""Town of Stellarton""",,1,True
www.youtube.com,channel=@townofstpaultexas,us:place:4864220,fallback,archive_study_2026-09-14,"1 solidly-identified archive page(s), e.g. /m/st-paul-tx-2026-08-25-rescheduled-regular-council-and-board-of-adjustments-meeti; owner title ""Town of St. Paul Texas""",,1,True
www.youtube.com,channel=@townofsunman,us:place:1874168,fallback,archive_study_2026-09-14,"1 solidly-identified archive page(s), e.g. /m/sunman-in-2026-01-15-01-15-2026-sunman-indiana-public-meeting; owner title ""Town of Sunman""",,1,True
www.youtube.com,channel=@townofswampscott,us:cousub:2500968645,fallback,archive_study_2026-09-14,"1 solidly-identified archive page(s), e.g. /m/swampscott-ma-2026-09-09-select-board-september-8-2026; owner title ""Town of Swampscott""",,1,True
www.youtube.com,channel=@townofswanriver3397,ca:csd:4620048,fallback,archive_study_2026-09-14,"1 solidly-identified archive page(s), e.g. /m/swan-river-mb-2026-07-28-town-of-swan-river-council-meeting-july-21-2026; owner title ""Town of Swan River""",,1,True
www.youtube.com,channel=@townofswanzey7377,us:cousub:3300575700,fallback,archive_study_2026-09-14,"1 solidly-identified archive page(s), e.g. /m/swanzey-nh-2026-02-04-swanzey-select-board-meeting-feburary-3rd-2026; owner title ""Town of Swanzey""",,1,True
www.youtube.com,channel=@townofthepascouncilmeeting4284,ca:csd:4621045,fallback,archive_study_2026-09-14,"1 solidly-identified archive page(s), e.g. /m/the-pas-mb-2026-08-24-council-meeting-august-24-2026; owner title ""Town of The Pas Council Meetings""",,1,True
www.youtube.com,channel=@townofthessalon120,ca:csd:3557028,fallback,archive_study_2026-09-14,"1 solidly-identified archive page(s), e.g. /m/thessalon-on-2025-04-09-april-8-2025-special-council-meeting-councillor-vacancy; owner title ""Town of Thessalon""",,1,True
www.youtube.com,channel=@townofthorsbyabcanada1480,ca:csd:4811021,fallback,archive_study_2026-09-14,"1 solidly-identified archive page(s), e.g. /m/thorsby-ab-2026-09-09-town-of-thorsby-s-september-8th-2026-committee-of-the-whol; owner title ""Town of Thorsby AB, Canada""",Thorsby,1,True
www.youtube.com,channel=@townoftopshammaine2430,us:cousub:2302376960,fallback,archive_study_2026-09-14,"1 solidly-identified archive page(s), e.g. /m/topsham-me-2026-09-09-2026-09-08-cpic-meeting; owner title ""Town of Topsham, Maine""",,1,True
www.youtube.com,channel=@townoftownsend2224,us:cousub:2501770360,fallback,archive_study_2026-09-14,"1 solidly-identified archive page(s), e.g. /m/town-of-townsend-2026-09-10-2026-03-12-conservation-restriction-committee; owner title ""Town of Townsend""",,1,True
www.youtube.com,channel=@townofulsternewyorkstate6355,us:cousub:3611175935,fallback,archive_study_2026-09-14,"1 solidly-identified archive page(s), e.g. /m/town-of-ulster-new-york-state-2026-09-04-9-3-2026-town-board-workshop-meeting; owner title ""Town of Ulster, New York State""",,1,True
www.youtube.com,channel=@townofulysses804,us:cousub:3610975990,fallback,archive_study_2026-09-14,"1 solidly-identified archive page(s), e.g. /m/ulysses-town-ny-2026-09-09-2026-09-08-town-board-mtg-public-hearings; owner title ""Town of Ulysses""",,1,True
www.youtube.com,channel=@townofunionvale348,us:cousub:3602776166,fallback,archive_study_2026-09-14,"1 solidly-identified archive page(s), e.g. /m/union-vale-town-ny-2026-08-19-union-vale-town-board-meeting-august-19-2026; owner title ""Town of Union Vale""",,1,True
www.youtube.com,channel=@townofurbanna5693,us:place:5180272,fallback,archive_study_2026-09-14,"1 solidly-identified archive page(s), e.g. /m/urbanna-va-2026-08-28-town-council-regular-meeting-august-27-2026; owner title ""Town of Urbanna""",,1,True
www.youtube.com,channel=@townofvirdenmanitoba,ca:csd:4606034,fallback,archive_study_2026-09-14,"1 solidly-identified archive page(s), e.g. /m/virden-mb-2022-03-09-council-meeting-march-8th-2022; owner title ""Erica Darvill""",,1,True
www.youtube.com,channel=@townofvirginutah5279,us:place:4980530,fallback,archive_study_2026-09-14,"1 solidly-identified archive page(s), e.g. /m/virgin-ut-2026-08-25-planning-and-zoning-meeting-august-11-2026; owner title ""Town of Virgin Utah""",,1,True
www.youtube.com,channel=@townofwaldoboro6884,us:cousub:2301579550,fallback,archive_study_2026-09-14,"1 solidly-identified archive page(s), e.g. /m/waldoboro-me-2026-08-14-planning-board-august-13-2026; owner title ""Town of Waldoboro""",,1,True
www.youtube.com,channel=@townofwalton,us:cousub:3602578047,fallback,archive_study_2026-09-14,"1 solidly-identified archive page(s), e.g. /m/town-of-walton-2026-08-11-august-10-2026-board-meeting; owner title ""Town of Walton""",,1,True
www.youtube.com,channel=@townofwatertownct9317,us:cousub:0914080490,fallback,archive_study_2026-09-14,"1 solidly-identified archive page(s), e.g. /m/watertown-ct-2026-09-11-special-town-council-meeting-9-10-26; owner title ""Town of Watertown CT""",,1,True
www.youtube.com,channel=@townofwatsonlake9612,ca:csd:6001003,fallback,archive_study_2026-09-14,"1 solidly-identified archive page(s), e.g. /m/watson-lake-yt-2025-06-24-2025-06-17-town-of-watson-lake-regular-council-meeting; owner title ""Town of Watson Lake""",,1,True
www.youtube.com,channel=@townofwaynemaine5049,us:cousub:2301180880,fallback,archive_study_2026-09-14,"1 solidly-identified archive page(s), e.g. /m/wayne-me-2026-09-02-select-board-meeting-9-1-26; owner title ""Town of Wayne, Maine""",,1,True
www.youtube.com,channel=@townofwestpoint6358,us:place:5184960,fallback,archive_study_2026-09-14,"1 solidly-identified archive page(s), e.g. /m/town-of-west-point-2026-01-14-west-point-town-council-meeting-september-30-2014; owner title ""Town of West Point""",,1,True
www.youtube.com,channel=@townofwestville7738,ca:csd:1212008,fallback,archive_study_2026-09-14,"1 solidly-identified archive page(s), e.g. /m/town-of-westville-2024-02-01-january-council-meeting; owner title ""Town of Westville""",,1,True
www.youtube.com,channel=@townofwillistonvt6743,us:cousub:5000784475,fallback,archive_study_2026-09-14,"1 solidly-identified archive page(s), e.g. /m/williston-vt-2019-02-19-town-meeting-preview-2019; owner title ""Town of Williston, VT""",,1,True
www.youtube.com,channel=@townofwiltonny5753,us:cousub:3609182403,fallback,archive_study_2026-09-14,"1 solidly-identified archive page(s), e.g. /m/wilton-2026-09-08-town-of-wilton-ny-town-board-meeting-september-2026; owner title ""Town of Wilton NY""",,1,True
www.youtube.com,channel=@townofwoodfinnc1104,us:place:3775280,fallback,archive_study_2026-09-14,"1 solidly-identified archive page(s), e.g. /m/woodfin-nc-2024-05-22-2024-05-21-woodfin-town-council-meeting; owner title ""Town of Woodfin, NC""",,1,True
www.youtube.com,channel=@townofwoolwichmaine1538,us:cousub:2302387460,fallback,archive_study_2026-09-14,"1 solidly-identified archive page(s), e.g. /m/woolwich-me-2026-08-28-woolwich-selectboard-8-19-2026; owner title ""Town Of Woolwich Maine""",,1,True
www.youtube.com,channel=@townofyarmouthnovascotia6672,ca:csd:1202006,fallback,archive_study_2026-09-14,"1 solidly-identified archive page(s), e.g. /m/yarmouth-ns-2026-08-24-committee-of-the-whole-meeting-july-23-2026; owner title ""Town of Yarmouth, Nova Scotia""",Yarmouth,1,True
www.youtube.com,channel=@townofyoungsvillenorthcaro2472,us:place:3776200,fallback,archive_study_2026-09-14,"1 solidly-identified archive page(s), e.g. /m/youngsville-nc-2026-04-27-youngsville-board-of-commissioners-meeting-for-april-9; owner title ""Town of Youngsville North Carolina""",,1,True
www.youtube.com,channel=@townshipofaddingtonhighlan2408,ca:csd:3511035,fallback,archive_study_2026-09-14,"1 solidly-identified archive page(s), e.g. /m/addington-highlands-on-2025-11-10-special-meeting-10-november-2025; owner title ""Township of Addington Highlands""",Addington Highlands,1,True
www.youtube.com,channel=@townshipofaugusta,ca:csd:3507006,fallback,archive_study_2026-09-14,"1 solidly-identified archive page(s), e.g. /m/augusta-on-2026-08-11-council-meeting-august-10-2026; owner title ""Township of Augusta""",,1,True
www.youtube.com,channel=@townshipofblairstown7417,us:cousub:3404106160,fallback,archive_study_2026-09-14,"1 solidly-identified archive page(s), e.g. /m/blairstown-township-nj-2025-04-06-blairstown-township-committee-meeting-3-26-202; owner title ""Township of Blairstown""",,1,True
www.youtube.com,channel=@townshipofbonnecherevalley269,ca:csd:3547035,fallback,archive_study_2026-09-14,"1 solidly-identified archive page(s), e.g. /m/bonnechere-valley-on-2026-09-08-september-8-2026-council-meeting-part-2; owner title ""Township of Bonnechere Valley""",,1,True
www.youtube.com,channel=@townshipofbrudenelllyndoch8382,ca:csd:3547020,fallback,archive_study_2026-09-14,"1 solidly-identified archive page(s), e.g. /m/brudenell-lyndoch-and-raglan-on-2026-09-03-regular-council-meeting-september-2nd; owner title ""Township of Brudenell, Lyndoch & Raglan""",,1,True
www.youtube.com,channel=@townshipofgreatermadawaska7558,ca:csd:3547008,fallback,archive_study_2026-09-14,"1 solidly-identified archive page(s), e.g. /m/greater-madawaska-on-2026-07-10-july-10-2026-township-of-greater-madawaska-speci; owner title ""Township of Greater Madawaska""",Greater Madawaska,1,True
www.youtube.com,channel=@townshipofhornepayne,ca:csd:3557096,fallback,archive_study_2026-09-14,"1 solidly-identified archive page(s), e.g. /m/hornepayne-on-2026-07-21-special-meeting-of-council-21-jul-2026; owner title ""Township of Hornepayne""",,1,True
www.youtube.com,channel=@townshipofnorthglengarry3419,ca:csd:3501050,fallback,archive_study_2026-09-14,"1 solidly-identified archive page(s), e.g. /m/north-glengarry-on-2022-08-04-february-23-2022-committee-of-the-whole-council-me; owner title ""Township of North Glengarry""",North Glengarry,1,True
www.youtube.com,channel=@townshipofpertheast4753,ca:csd:3531030,fallback,archive_study_2026-09-14,"1 solidly-identified archive page(s), e.g. /m/perth-east-on-2026-09-01-regular-meeting-of-council-tuesday-september-1-2026; owner title ""Township of Perth East""",Perth East,1,True
www.youtube.com,channel=@townshipofsables-spanishri8298,ca:csd:3552023,fallback,archive_study_2026-09-14,"1 solidly-identified archive page(s), e.g. /m/sables-spanish-rivers-on-2026-01-14-council-meeting-jan-14-2026; owner title ""Township of Sables-Spanish Rivers""",,1,True
www.youtube.com,channel=@townshipofsouthglengarry4658,ca:csd:3501005,fallback,archive_study_2026-09-14,"1 solidly-identified archive page(s), e.g. /m/south-glengarry-on-2026-08-25-august-24th-2026-regular-council-meeting; owner title ""Township of South Glengarry""",South Glengarry,1,True
www.youtube.com,channel=@townshipofwestlincoln7812,ca:csd:3526021,fallback,archive_study_2026-09-14,"1 solidly-identified archive page(s), e.g. /m/west-lincoln-on-2026-08-30-township-of-west-lincoln-council-meeting-august-10-20; owner title ""Township of West Lincoln""",West Lincoln,1,True
www.youtube.com,channel=@townshipofwyckoffnj,us:cousub:3400383050,fallback,archive_study_2026-09-14,"1 solidly-identified archive page(s), e.g. /m/wyckoff-township-nj-2026-09-01-2026-09-01-township-committee-meeting; owner title ""Township of Wyckoff""",,1,True
www.youtube.com,channel=@tracyminnesota3411,us:place:2765308,fallback,archive_study_2026-09-14,"1 solidly-identified archive page(s), e.g. /m/tracy-mn-2023-08-07-council-meeting-7-24-23-2nd-half; owner title ""Tracy Minnesota""",,1,True
www.youtube.com,channel=@treecitytv4256,us:place:4226592,fallback,archive_study_2026-09-14,"1 solidly-identified archive page(s), e.g. /m/forest-hills-pa-2026-09-02-forest-hills-borough-agenda-setting-meeting-september; owner title ""Tree City TV""",,1,True
www.youtube.com,channel=@trousdalecountytn,us:county:47169,fallback,archive_study_2026-09-14,"1 solidly-identified archive page(s), e.g. /m/hartsville-trousdale-county-tn-2026-08-25-20260824-commission; owner title ""Hartsville/Trousdale County Government""",Hartsville-Trousdale County,1,True
www.youtube.com,channel=@tryontownhall9450,us:place:3768580,fallback,archive_study_2026-09-14,"1 solidly-identified archive page(s), e.g. /m/tryon-nc-2025-01-22-2025-01-21-boc-meeting; owner title ""Tryon Town Hall""",,1,True
www.youtube.com,channel=@tvalentino24,us:cousub:3400572060,fallback,archive_study_2026-09-14,"1 solidly-identified archive page(s), e.g. /m/tabernacle-township-nj-2025-09-09-tabernacle-township-meeting-9-8-2025; owner title ""Tom Valentino""",,1,True
www.youtube.com,channel=@uctv-uptoncommunitytelevis3038,us:cousub:2502771480,fallback,archive_study_2026-09-14,"1 solidly-identified archive page(s), e.g. /m/upton-ma-2025-04-30-04-29-2025-select-board; owner title ""UCTV - Upton Community Television""",,1,True
www.youtube.com,channel=@umatillacounty6540,us:county:41059,fallback,archive_study_2026-09-14,"1 solidly-identified archive page(s), e.g. /m/umatilla-county-or-2026-09-02-board-of-commissioners-meeting-sep-2nd-2026; owner title ""Umatilla County""",Umatilla County,1,True
www.youtube.com,channel=@upperpottsgrovetownship6753,us:cousub:4209179240,fallback,archive_study_2026-09-14,"1 solidly-identified archive page(s), e.g. /m/upper-pottsgrove-township-pa-2020-04-28-public-meeting-on-sewer-april-6-2020; owner title ""Upper Pottsgrove Township""",,1,True
www.youtube.com,channel=@vanburencountymi2620,us:county:26159,fallback,archive_study_2026-09-14,"1 solidly-identified archive page(s), e.g. /m/van-buren-county-mi-2023-05-23-5-23-2023-board-of-commissioners-meeting; owner title ""Van Buren County, MI""",,1,True
www.youtube.com,channel=@vermillioncountyindiana,us:county:18165,fallback,archive_study_2026-09-14,"1 solidly-identified archive page(s), e.g. /m/vermillion-county-in-2026-06-24-drainage-board-meeting-2026-06-23; owner title ""Vermillion County Government (Indiana)""",,1,True
www.youtube.com,channel=@vernontownship5838,us:cousub:3403775740,fallback,archive_study_2026-09-14,"1 solidly-identified archive page(s), e.g. /m/vernon-township-2026-08-11-vernon-township-council-8-10-2026; owner title ""Vernon Township""",,1,True
www.youtube.com,channel=@vigocounty,us:county:18167,fallback,archive_study_2026-09-14,"1 solidly-identified archive page(s), e.g. /m/vigo-county-in-2026-05-15-vigo-county-election-board-meeting-5-15-26; owner title ""Vigo County""",,1,True
www.youtube.com,channel=@villagelosranchos7510,us:place:3543930,fallback,archive_study_2026-09-14,"1 solidly-identified archive page(s), e.g. /m/los-ranchos-de-albuquerque-nm-2025-07-16-july-15-2025-regular-board-of-trustees; owner title ""Village Los Ranchos""",,1,True
www.youtube.com,channel=@villageofalmont4949,us:place:2601660,fallback,archive_study_2026-09-14,"1 solidly-identified archive page(s), e.g. /m/almont-village-mi-2025-02-06-regular-village-council-meeting-03-15-2022; owner title ""Village of Almont""",,1,True
www.youtube.com,channel=@villageofbelcarra9617,ca:csd:5915036,fallback,archive_study_2026-09-14,"1 solidly-identified archive page(s), e.g. /m/belcarra-bc-2026-07-28-regular-council-meeting-july-27-2026; owner title ""Village of Belcarra""",,1,True
www.youtube.com,channel=@villageofbelledune9014,ca:csd:1314025,fallback,archive_study_2026-09-14,"1 solidly-identified archive page(s), e.g. /m/belledune-nb-2026-09-04-committee-of-whole-meeting-september-3-2026; owner title ""Village of Belledune""",Belledune,1,True
www.youtube.com,channel=@villageofbergen8258,us:place:3606046,fallback,archive_study_2026-09-14,"1 solidly-identified archive page(s), e.g. /m/bergen-village-ny-2026-07-09-village-of-bergen-ny-board-of-trustees-meeting-07-0; owner title ""Village of Bergen""",,1,True
www.youtube.com,channel=@villageofblackearthwiscons2997,us:place:5507800,fallback,archive_study_2026-09-14,"1 solidly-identified archive page(s), e.g. /m/black-earth-village-wi-2024-05-13-village-of-black-earth-wi-village-board-meetin; owner title ""Village of Black Earth, Wisconsin""",,1,True
www.youtube.com,channel=@villageofchase,ca:csd:5933054,fallback,archive_study_2026-09-14,"1 solidly-identified archive page(s), e.g. /m/village-of-chase-2026-09-09-september-8-2026-regular-meeting; owner title ""Village of Chase""",,1,True
www.youtube.com,channel=@villageofcorinthny,us:place:3618212,fallback,archive_study_2026-09-14,"1 solidly-identified archive page(s), e.g. /m/corinth-village-ny-2026-08-19-village-of-corinth-ny-public-board-meeting-july-15; owner title ""Village of Corinth NY""",,1,True
www.youtube.com,channel=@villageofeastcanton9500,us:place:3923324,fallback,archive_study_2026-09-14,"1 solidly-identified archive page(s), e.g. /m/east-canton-oh-2026-08-17-the-village-of-east-canton-council-meeting-8-17-2026; owner title ""Village of East Canton""",,1,True
www.youtube.com,channel=@villageofflowerhill,us:place:3626352,fallback,archive_study_2026-09-14,"1 solidly-identified archive page(s), e.g. /m/flower-hill-ny-2022-01-07-village-of-flower-hill-january-3-2022-board-of-trustee; owner title ""Village of Flower Hill""",,1,True
www.youtube.com,channel=@villageofgatesmillsgovernm2068,us:place:3929498,fallback,archive_study_2026-09-14,"1 solidly-identified archive page(s), e.g. /m/gates-mills-oh-2026-08-25-village-of-gates-mills-special-council-meeting-august; owner title ""Village of Gates Mills Government""",,1,True
www.youtube.com,channel=@villageofgreendalewi,us:place:5531125,fallback,archive_study_2026-09-14,"1 solidly-identified archive page(s), e.g. /m/greendale-wi-2026-09-02-planning-commission-09-02-2026; owner title ""Village of Greendale, Wisconsin""",,1,True
www.youtube.com,channel=@villageofhartlandtelevisio4883,us:place:5533100,fallback,archive_study_2026-09-14,"1 solidly-identified archive page(s), e.g. /m/village-of-hartland-2024-04-04-joint-architectural-board-plan-commission-and-vil; owner title ""Village of Hartland Television""",,1,True
www.youtube.com,channel=@villageofhebron1827,us:place:3934790,fallback,archive_study_2026-09-14,"1 solidly-identified archive page(s), e.g. /m/hebron-oh-2026-08-24-2026-08-24-hebron-oh-council-meeting; owner title ""Village of Hebron, Ohio""",,1,True
www.youtube.com,channel=@villageofhinsdale4259,us:place:1735307,fallback,archive_study_2026-09-14,"1 solidly-identified archive page(s), e.g. /m/hinsdale-il-2026-09-10-copy-of-plan-commission-meeting; owner title ""Village of Hinsdale""",,1,True
www.youtube.com,channel=@villageofhortonville3761,us:place:5535850,fallback,archive_study_2026-09-14,"1 solidly-identified archive page(s), e.g. /m/hortonville-wi-2018-03-14-planning-zoning-meeting-3-13-2018-village-of-hortonvil; owner title ""Village Of Hortonville""",,1,True
www.youtube.com,channel=@villageoflionsbay751,ca:csd:5915065,fallback,archive_study_2026-09-14,"1 solidly-identified archive page(s), e.g. /m/lions-bay-bc-2026-09-02-260831-volb-candidate-information-session; owner title ""Village of Lions Bay""",Lions Bay,1,True
www.youtube.com,channel=@villageoflynwood739,us:place:1745421,fallback,archive_study_2026-09-14,"1 solidly-identified archive page(s), e.g. /m/lynwood-il-2025-01-23-village-board-meeting-1-14-2025; owner title ""Village of Lynwood""",,1,True
www.youtube.com,channel=@villageofmiddleville,us:place:2653760,fallback,archive_study_2026-09-14,"1 solidly-identified archive page(s), e.g. /m/village-of-middleville-2024-01-05-committee-of-the-whole-01-02-2024; owner title ""Village of Middleville""",,1,True
www.youtube.com,channel=@villageofmilannm471,us:place:3548620,fallback,archive_study_2026-09-14,"1 solidly-identified archive page(s), e.g. /m/village-of-milan-2023-03-30-board-of-trustees-regular-meeting-march-2023; owner title ""Village of Milan NM""",,1,True
www.youtube.com,channel=@villageofmineola,us:place:3647636,fallback,archive_study_2026-09-14,"1 solidly-identified archive page(s), e.g. /m/mineola-ny-2026-09-04-september-2-2026-work-session-public-meeting; owner title ""Village of Mineola""",,1,True
www.youtube.com,channel=@villageofmurrayharbour8823,ca:csd:1101002,fallback,archive_study_2026-09-14,"1 solidly-identified archive page(s), e.g. /m/village-of-murray-harbour-pe-2026-09-09-september-9-2026-council-meeting; owner title ""Village of Murray Harbour""",,1,True
www.youtube.com,channel=@villageofniles1844,us:place:1753000,fallback,archive_study_2026-09-14,"1 solidly-identified archive page(s), e.g. /m/niles-village-il-2026-01-26-village-of-niles-town-hall-meeting-october-2025-with; owner title ""Village of Niles""",,1,True
www.youtube.com,channel=@villageofnorthauroraillino7731,us:place:1753442,fallback,archive_study_2026-09-14,"1 solidly-identified archive page(s), e.g. /m/north-aurora-il-2026-08-18-village-of-north-aurora-village-board-meeting-8-17-20; owner title ""Village of North Aurora Illinois""",,1,True
www.youtube.com,channel=@villageofpewaukee,us:place:5562250,fallback,archive_study_2026-09-14,"1 solidly-identified archive page(s), e.g. /m/pewaukee-village-wi-2026-08-28-plan-commission-meeting-08-13-2026; owner title ""Village of Pewaukee""",,1,True
www.youtube.com,channel=@villageofpleasantville9319,us:place:3963716,fallback,archive_study_2026-09-14,"1 solidly-identified archive page(s), e.g. /m/village-of-pleasantville-2026-03-12-council-finance-03-12-26; owner title ""Village of Pleasantville""",,1,True
www.youtube.com,channel=@villageofportjefferson,us:place:3659355,fallback,archive_study_2026-09-14,"1 solidly-identified archive page(s), e.g. /m/port-jefferson-ny-2026-09-10-09-09-2026-board-of-trustees-work-session; owner title ""Inc Village of Port Jefferson - Official""",,1,True
www.youtube.com,channel=@villageofposen2440,us:place:1761314,fallback,archive_study_2026-09-14,"1 solidly-identified archive page(s), e.g. /m/posen-il-2026-07-29-copy-of-village-of-posen-committee-and-board-meeting-07-28-2; owner title ""Village of Posen""",,1,True
www.youtube.com,channel=@villageofstjosephillinois,us:place:1766950,fallback,archive_study_2026-09-14,"1 solidly-identified archive page(s), e.g. /m/st-joseph-village-il-2026-08-25-board-of-trustees-august-25-2026; owner title ""Village of St. Joseph, Illinois""",,1,True
www.youtube.com,channel=@villageoftimberlake2051,us:place:3976834,fallback,archive_study_2026-09-14,"1 solidly-identified archive page(s), e.g. /m/timberlake-oh-2026-08-18-village-of-timberlake-council-meeting-8-18-2026; owner title ""Village of Timberlake""",,1,True
www.youtube.com,channel=@villageofvernonwi4857,us:place:5582575,fallback,archive_study_2026-09-14,"1 solidly-identified archive page(s), e.g. /m/vernon-wi-2019-03-08-town-of-vernon-town-board-meeting-3-7-19; owner title ""Village of Vernon, WI""",,1,True
www.youtube.com,channel=@villageofvicksburggovernme7775,us:place:2682300,fallback,archive_study_2026-09-14,"1 solidly-identified archive page(s), e.g. /m/vicksburg-mi-2026-08-17-village-of-vicksburg-council-meeting-august-17th-2026; owner title ""Village of Vicksburg Government""",,1,True
www.youtube.com,channel=@villageofwebberville,us:place:2685080,fallback,archive_study_2026-09-14,"1 solidly-identified archive page(s), e.g. /m/webberville-mi-2026-01-13-village-of-webberville-live-stream-meeting-january-13t; owner title ""VillageOfWebberville""",,1,True
www.youtube.com,channel=@visitlawrenceindiana,us:place:1842426,fallback,archive_study_2026-09-14,"1 solidly-identified archive page(s), e.g. /m/lawrence-city-in-2026-05-20-redevelopment-commission-4-19-26; owner title ""City of Lawrence Indiana""",,1,True
www.youtube.com,channel=@visitnewalbanyms,us:place:2851000,fallback,archive_study_2026-09-14,"1 solidly-identified archive page(s), e.g. /m/new-albany-ms-2026-09-03-meeting-of-mayor-and-board-of-alderman-city-of-new-alba; owner title ""Visit New Albany""",,1,True
www.youtube.com,channel=@visualtouchmediallc9698,us:place:3649781,fallback,archive_study_2026-09-14,"1 solidly-identified archive page(s), e.g. /m/nelsonville-ny-2023-05-09-hudson-highlands-fjord-trail-joint-public-session-mond; owner title ""Visual Touch Media LLC""",,1,True
www.youtube.com,channel=@walhallasc,us:place:4574095,fallback,archive_study_2026-09-14,"1 solidly-identified archive page(s), e.g. /m/walhalla-sc-2026-08-24-city-of-walhalla-sc-august-18th-scheduled-council-meeting; owner title ""City of Walhalla, SC""",,1,True
www.youtube.com,channel=@wallcity5959,us:place:4668380,fallback,archive_study_2026-09-14,"1 solidly-identified archive page(s), e.g. /m/wall-2026-09-04-september-3rd-2026-city-council-meeting; owner title ""Wall City""",,1,True
www.youtube.com,channel=@washcteconomiccommunitydev9199,us:cousub:0916079720,fallback,archive_study_2026-09-14,"1 solidly-identified archive page(s), e.g. /m/washington-ct-2026-03-12-sustainability-3-11-26; owner title ""Wash, CT Economic & Community Development""",,1,True
www.youtube.com,channel=@washingtoncomd,us:county:24043,fallback,archive_study_2026-09-14,"1 solidly-identified archive page(s), e.g. /m/washington-county-md-2026-06-09-board-of-county-commissioners-meeting-june-9-202; owner title ""Washington County, MD Board of County Commissioners""",,1,True
www.youtube.com,channel=@washingtoncountyny,us:county:36115,fallback,archive_study_2026-09-14,"1 solidly-identified archive page(s), e.g. /m/washington-county-ny-2026-04-28-washington-county-planning-agency-meeting-4-28-2; owner title ""Washington County New York""",,1,True
www.youtube.com,channel=@watchCTV,us:cousub:2614723820,fallback,archive_study_2026-09-14,"1 solidly-identified archive page(s), e.g. /m/east-china-township-mi-2026-01-20-east-china-township-board-meeting-monday-jan-1; owner title ""CTV Community Television""",,1,True
www.youtube.com,channel=@waupacacounty5787,us:county:55135,fallback,archive_study_2026-09-14,"1 solidly-identified archive page(s), e.g. /m/waupaca-county-wi-2026-08-06-human-services-board-meeting-8-5-26; owner title ""Waupaca County""",,1,True
www.youtube.com,channel=@wausharacountywisconsin3432,us:county:55137,fallback,archive_study_2026-09-14,"1 solidly-identified archive page(s), e.g. /m/waushara-county-wi-2026-09-03-public-safety-board-meeting-september-2026; owner title ""Waushara County, Wisconsin""",,1,True
www.youtube.com,channel=@wcvideos1,us:cousub:1719735827,fallback,archive_study_2026-09-14,"1 solidly-identified archive page(s), e.g. /m/homer-township-il-2026-07-14-7-13-2026-homer-township-board; owner title ""wcvideos1""",,1,True
www.youtube.com,channel=@weatherlyborough9870,us:place:4281856,fallback,archive_study_2026-09-14,"1 solidly-identified archive page(s), e.g. /m/weatherly-pa-2026-08-25-borough-council-meeting-8-24-2026; owner title ""Weatherly Borough""",,1,True
www.youtube.com,channel=@wecosc,us:place:4575850,fallback,archive_study_2026-09-14,"1 solidly-identified archive page(s), e.g. /m/west-columbia-sc-2025-12-25-2025-twas-the-night-before-christmas-read-by-west-co; owner title ""City of West Columbia""",,1,True
www.youtube.com,channel=@westbridgewatercommunityac669,us:cousub:2502375260,fallback,archive_study_2026-09-14,"1 solidly-identified archive page(s), e.g. /m/west-bridgewater-ma-2026-09-09-wb-planning-board-meeting-8-19-26; owner title ""West Bridgewater Community Access Media""",,1,True
www.youtube.com,channel=@westcog8865,us:county:09190,fallback,archive_study_2026-09-14,"1 solidly-identified archive page(s), e.g. /m/western-connecticut-planning-region-2025-03-31-ada-presentation-westcog-march-20; owner title ""West COG""",,1,True
www.youtube.com,channel=@westgoshentownship4018,us:cousub:4202983080,fallback,archive_study_2026-09-14,"1 solidly-identified archive page(s), e.g. /m/west-goshen-township-pa-2026-09-01-west-goshen-township-board-of-supervisors-mee; owner title ""West Goshen Township""",,1,True
www.youtube.com,channel=@westnewburycable6279,us:cousub:2500977150,fallback,archive_study_2026-09-14,"1 solidly-identified archive page(s), e.g. /m/west-newbury-ma-2026-07-27-west-newbury-select-board-7-23-2026; owner title ""West Newbury Cable""",,1,True
www.youtube.com,channel=@westrockhilltownshiptwp,us:cousub:4201783960,fallback,archive_study_2026-09-14,"1 solidly-identified archive page(s), e.g. /m/west-rockhill-township-pa-2026-09-09-planning-commission-meeting-9-8-2026; owner title ""West Rockhill Township""",,1,True
www.youtube.com,channel=@westvincenttownship6234,us:cousub:4202984160,fallback,archive_study_2026-09-14,"1 solidly-identified archive page(s), e.g. /m/west-vincent-township-pa-2026-01-06-1-5-26-board-of-supervisors-meeting; owner title ""West Vincent Township""",,1,True
www.youtube.com,channel=@westwindsortownship3046,us:cousub:3402180240,fallback,archive_study_2026-09-14,"1 solidly-identified archive page(s), e.g. /m/west-windsor-township-nj-2026-08-06-west-windsor-planning-board-meeting-08-05-20; owner title ""West Windsor Township""",,1,True
www.youtube.com,channel=@whci,us:cousub:0911082590,fallback,archive_study_2026-09-14,"1 solidly-identified archive page(s), e.g. /m/west-hartford-ct-2026-07-29-west-hartford-public-schools-deaf-hard-of-hearing-mu; owner title ""West Hartford Community Interactive""",,1,True
www.youtube.com,channel=@wheatlandcounty703,ca:csd:4805012,fallback,archive_study_2026-09-14,"1 solidly-identified archive page(s), e.g. /m/wheatland-county-ab-2026-09-09-september-8-2026-council-meeting; owner title ""Wheatland County""",,1,True
www.youtube.com,channel=@whitleycountygovernment,us:county:18183,fallback,archive_study_2026-09-14,"1 solidly-identified archive page(s), e.g. /m/whitley-county-in-2025-10-23-health-board-october-23-2025; owner title ""Whitley County Indiana Government""",,1,True
www.youtube.com,channel=@williamsburgcountygovernme9710,us:county:45089,fallback,archive_study_2026-09-14,"1 solidly-identified archive page(s), e.g. /m/williamsburg-county-sc-2026-09-09-williamsburg-county-council-meeting-september; owner title ""Williamsburg County Government""",,1,True
www.youtube.com,channel=@winnebagocountyiowa,us:county:19189,fallback,archive_study_2026-09-14,"1 solidly-identified archive page(s), e.g. /m/winnebago-county-ia-2026-06-12-board-of-supervisors-6-12-2026; owner title ""Winnebago County, Iowa""",,1,True
www.youtube.com,channel=@winnipegbeach9076,ca:csd:4618034,fallback,archive_study_2026-09-14,"1 solidly-identified archive page(s), e.g. /m/winnipeg-beach-mb-2022-12-22-regular-meeting-of-council-december-21-2022; owner title ""Winnipeg Beach""",,1,True
www.youtube.com,channel=@wintvwaupaca,us:place:5584375,fallback,archive_study_2026-09-14,"1 solidly-identified archive page(s), e.g. /m/waupaca-city-wi-2026-09-02-waupaca-city-council-9-1-26; owner title ""Win TV""",,1,True
www.youtube.com,channel=@wmpatv,us:place:3983902,fallback,archive_study_2026-09-14,"1 solidly-identified archive page(s), e.g. /m/west-milton-oh-2026-07-14-west-milton-council-meeting-07-14-2026; owner title ""wmpatv""",,1,True
www.youtube.com,channel=@wmtboardofsupervisorsmeeti9221,us:cousub:4213383432,fallback,archive_study_2026-09-14,"1 solidly-identified archive page(s), e.g. /m/west-manchester-township-pa-2026-01-05-2026-reorganizational-meeting; owner title ""WMT Board of Supervisors Meetings""",,1,True
www.youtube.com,channel=@woodburyorangecountyny6836,us:place:3682750,fallback,archive_study_2026-09-14,"1 solidly-identified archive page(s), e.g. /m/woodbury-village-ny-2026-09-11-september-10-2026-village-board-meeting; owner title ""Woodbury Orange County, NY""",,1,True
www.youtube.com,channel=@woolwichtownship9588,ca:csd:3530035,fallback,archive_study_2026-09-14,"1 solidly-identified archive page(s), e.g. /m/woolwich-on-2026-08-11-committee-of-adjustment-august-10; owner title ""Woolwich Township""",Woolwich,1,True
www.youtube.com,channel=@youtubeshavanopark3080,us:place:4867268,fallback,archive_study_2026-09-14,"1 solidly-identified archive page(s), e.g. /m/shavano-park-tx-2026-07-28-july-27-2026-city-council-meeting; owner title ""Youtube @ Shavano Park""",,1,True
