gov_id,gov_name,gov_type,country,state,place_geoid,county_fips,sgc_code,nces_lea_id,cog_id,aliases,source,evidence
,County of Sussex,county,us,,,,,,,"Abbotsford|Aberdeen|Ac Transit|Ada County Highway District|Albany Common|Arizona Supreme Court|Ashland|Beach Cities Health District|Bellefonte Borough|Brighton|Bruce County|Cal-ICMA|Caledonia Township|California|Cambridge|Central Valley Flood Protection Board|City of Al|City of Bangor|City of Beaverton|City of Bellevue|City of Belmont|City of Beverly Hills|City of Cambridge|City of Carson|City of Clinton|City of Cottage Grove|City of Crestview|City of Dallas|City of Dearborn|City of Derby|City of Duncan Town|City of Easton|City of Edina|City of Evanston|City of Evansville|City of Everett|City of Farmington|City of Fremont|City of Fullerton|City of Greenville|City of Gridley|City of Gulfport|City of Hamilton|City of Hartford|City of Hawarden|City of Hawthorne|City of Hot Springs, Arkansas Government|City of Houston|City of Irvine|City of Lake Forest|City of Lake Forest""|City of Lakeland|City of Lancaster|City of Langford|City of Las Vegas|City of Lees Summit|City of Lincoln|City of Lockport|City of London|City of Longview|City of Marion|City of Mesa|City of Middletown|City of Midland|City of Millersburg|City of Mission|City of Nampa|City of Nelson|City of New Carlisle|City of New Franklin|City of Newton|City of Niagara Falls|City of Palo Alto Amending Section|City of Pasadena|City of Phoenix|City of Plano|City of Pleasant Hill|City of Plymouth|City of Portage|City of Racine|City of Richmond|City of Saint Paul|City of San Marcos|City of Sandy|City of Saratoga Springs|City of Sb""|City of Sitka|City of St. George|City of St. Marys|City of Stockton|City of Umatilla|City of Vernon|City of Verona|City of Victoria|City of Walker|City of Walnut|City of Waverly|City of Wayne|City of White Rock|City of Williamsburg|City of Woodland|City, MA|Clearview|Clearwater County|Clinton|Coaldale|Cofs|Cook County Forest Preserve District|Corpus Christi ISD|County of Adams|County of Carroll|County of Clark|County of Elgin|County of Lake|County of Sedgwick|County of Sussex|Covington|Cumberland Town Council|Cvr D|DC Water &amp; Sewer Authority|Draper|Duncan|Eastvale|Edmonton|Edwards Aquifer Authority|ElPaso County Colorado|Fairfield|Fremont|Fulton|Fulton County|Greenwich Community Television|Halifax|Hamden Action NOW|Hamilton|Harrison|High Plains Underground Water Conservation District No. 1|Holden|Hopkins|Howard County|Howard County Council|Huron Township|IEUA|Irvington|Jackson|Jefferson Parish|Jurupa Area Recreation and Park District|KSAT 12|Kendall County|King|LOSSAN - OCTA|La|La Center|La Usd|Lake County Illinois|Langford|Leduc County|Leeds1000Islands|Lethbridge County|Lexington-Fayette Urban County Government|Lincoln|Llbc|Long Island Power Authority|MCS|MLGW|Malvern Borough|Mason County|Meeting Portal|Metra Railroad|Metrolink|Minneapolis Public Schools|Mission|Modesto Irrigation District|Montgomery County|Morrisville|Mountain View County|Mw Rd|New Boston|New Brighton|Norfolk County|North Bay|North Bay By|Northern Dakota County|Northern Rockies Regional Municipality|Notl|Nsb|Ny State Assembly|Oakdale|Oneinvestmentprogram|Open Publica|Oregon Metro Council|Park County|Pasadena Community College|Pawtucket City Council|Pcb Gov|Peters Township|Phoenix|Pontiac|Port Hope|Prescott|Ps C, FL|Regional Transportation Authority (Chicago)|Richland Center Wisconsin|Ride Uta|Rmwb|Roosevelt|S Fw, MD|SLRD|Salem|Saline County|Salisbury|San Diego County Retirement Association|Santee|Scituate Town Council|Sd57|Sonoma County Library|South Coast Water District|South Florida Water Management District|South Kingstown School Committee|Southern California Association of Governments|St|State of Nevada Public Utilities Commission|Stratford Ad|Subtitles County|Sulphur|Summit Planning|Syosset School District|TV, NY|The City of Hilliard|The City of Spokane Valley|The Maryland-National Capital Park & Planning Commission|The Town of Redcliff|Town of Bancroft|Town of Berlin|Town of Chapel Hill|Town of Creston|Town of Gilbert|Town of Lincoln|Town of Oliver|Town of Paradise|Town of Princeton|Town of Ross California|Town of Shelburne|Town of Sidney|Town of Voluntown, CT- Government|Town of Woodside|Townofws|Township of Mapleton|Township of Newtown|Twpec|Unknown Jurisdiction|Vermilion|Village of Irvington|Village of Northfield|WB|Walton County|Washington|Washington Suburban Sanitary Commission|Watertown|West County Wastewater|West Warwick Town Council|Westfield|Wilmot|qathet Regional District|the Town of Perth",unresolved,no state for 'County of Sussex'
ca:cd:1202,Yarmouth,county,ca,NS,,,1202,,,"Town of Yarmouth, NS",ca_cd.csv,
ca:cd:3518,Durham,county,ca,ON,,,3518,,,"Durham Region, ON",ca_cd.csv,
ca:cd:3521,Peel,county,ca,ON,,,3521,,,"Peel Region, ON",ca_cd.csv,
ca:cd:3523,Wellington,county,ca,ON,,,3523,,,"County of Wellington|County of Wellington, ON",ca_cd.csv,
ca:cd:3530,Waterloo,county,ca,ON,,,3530,,,"Region Of Waterloo, ON",ca_cd.csv,
ca:cd:3532,Oxford,county,ca,ON,,,3532,,,"Oxford County, ON",ca_cd.csv,
ca:cd:3537,Essex,county,ca,ON,,,3537,,,"County of Essex|County of Essex, ON",ca_cd.csv,
ca:cd:3539,Middlesex,county,ca,ON,,,3539,,,County of Middlesex,ca_cd.csv,
ca:cd:5929,Sunshine Coast,county,ca,BC,,,5929,,,"Sunshine Coast Regional District, BC",ca_cd.csv,
ca:csd:1001485,Conception Bay South,municipality,ca,NL,,,1001485,,,"Town of Conception Bay South, NL",ca_csd.csv,
ca:csd:1001509,Torbay,municipality,ca,NL,,,1001509,,,"Torbay, NL",ca_csd.csv,
ca:csd:1001519,St. John's,municipality,ca,NL,,,1001519,,,"City of St. John's, NL|Stjohns",ca_csd.csv,
ca:csd:1001542,Mount Pearl,municipality,ca,NL,,,1001542,,,"City of Mount Pearl, NL",ca_csd.csv,
ca:csd:1005018,Corner Brook,municipality,ca,NL,,,1005018,,,"City of Corner Brook, NL",ca_csd.csv,
ca:csd:1202006,Yarmouth,municipality,ca,NS,,,1202006,,,"Town of Yarmouth, NS",ca_csd.csv,
ca:csd:1310032,Fredericton,municipality,ca,NB,,,1310032,,,"Fredericton, NB",ca_csd.csv,
ca:csd:2430095,Lambton,municipality,ca,QC,,,2430095,,,"Lambton, QC",ca_csd.csv,
ca:csd:3501011,South Stormont,municipality,ca,ON,,,3501011,,,"South Stormont, ON",ca_csd.csv,
ca:csd:3507015,Brockville,municipality,ca,ON,,,3507015,,,"Brockville, ON",ca_csd.csv,
ca:csd:3507017,Front of Yonge,municipality,ca,ON,,,3507017,,,"Township of Front of Yonge, ON",ca_csd.csv,
ca:csd:3507040,Rideau Lakes,municipality,ca,ON,,,3507040,,,"Rideau Lakes, ON",ca_csd.csv,
ca:csd:3507052,Merrickville-Wolford,municipality,ca,ON,,,3507052,,,"Merrickville Wolford|Merrickville-Wolford, ON",ca_csd.csv,
ca:csd:3507065,North Grenville,municipality,ca,ON,,,3507065,,,"North Grenville, ON",ca_csd.csv,
ca:csd:3511005,Loyalist,municipality,ca,ON,,,3511005,,,"Loyalist Township, ON",ca_csd.csv,
ca:csd:3511015,Greater Napanee,municipality,ca,ON,,,3511015,,,"Greater Napanee, ON",ca_csd.csv,
ca:csd:3514014,Cramahe,municipality,ca,ON,,,3514014,,,"Cramahe, ON",ca_csd.csv,
ca:csd:3514021,Cobourg,municipality,ca,ON,,,3514021,,,"Cobourg, ON|Town of Cobourg, ON",ca_csd.csv,
ca:csd:3514024,Alnwick/Haldimand,municipality,ca,ON,,,3514024,,,"Alnwick/Haldimand, ON",ca_csd.csv,
ca:csd:3514045,Trent Hills,municipality,ca,ON,,,3514045,,,"Trent Hills, ON",ca_csd.csv,
ca:csd:3515005,Otonabee-South Monaghan,municipality,ca,ON,,,3515005,,,"Township of Otonabee-South Monaghan, ON",ca_csd.csv,
ca:csd:3515014,Peterborough,municipality,ca,ON,,,3515014,,,"City of Peterborough, ON|Peterborough, ON",ca_csd.csv,
ca:csd:3518009,Whitby,municipality,ca,ON,,,3518009,,,"Town of Whitby, ON|Whitby, ON",ca_csd.csv,
ca:csd:3518013,Oshawa,municipality,ca,ON,,,3518013,,,"City of Oshawa, ON|Oshawa, ON",ca_csd.csv,
ca:csd:3518020,Scugog,municipality,ca,ON,,,3518020,,,"Scugog, ON",ca_csd.csv,
ca:csd:3518029,Uxbridge,municipality,ca,ON,,,3518029,,,"Uxbridge, ON",ca_csd.csv,
ca:csd:3518039,Brock,municipality,ca,ON,,,3518039,,,Township Of Brock|Township of Brock,ca_csd.csv,
ca:csd:3519028,Vaughan,municipality,ca,ON,,,3519028,,,"City of Vaughan, ON",ca_csd.csv,
ca:csd:3519038,Richmond Hill,municipality,ca,ON,,,3519038,,,"Richmond Hill Single Source Award|Richmond Hill, ON",ca_csd.csv,
ca:csd:3519044,Whitchurch-Stouffville,municipality,ca,ON,,,3519044,,,"Town of Whitchurch-Stouffville, ON",ca_csd.csv,
ca:csd:3519048,Newmarket,municipality,ca,ON,,,3519048,,,"Newmarket, ON",ca_csd.csv,
ca:csd:3519054,East Gwillimbury,municipality,ca,ON,,,3519054,,,"East Gwillimbury, ON",ca_csd.csv,
ca:csd:3519070,Georgina,municipality,ca,ON,,,3519070,,,"Georgina, ON|Town of Georgina, ON",ca_csd.csv,
ca:csd:3521005,Mississauga,municipality,ca,ON,,,3521005,,,"City of Mississauga, ON|Mississauga, ON",ca_csd.csv,
ca:csd:3521010,Brampton,municipality,ca,ON,,,3521010,,,"Brampton, ON|City of Brampton, ON",ca_csd.csv,
ca:csd:3521024,Caledon,municipality,ca,ON,,,3521024,,,"Caledon, ON",ca_csd.csv,
ca:csd:3522010,Grand Valley,municipality,ca,ON,,,3522010,,,"Grand Valley, ON|Town of Grand Valley, ON",ca_csd.csv,
ca:csd:3522012,Mono,municipality,ca,ON,,,3522012,,,"Town of Mono, ON",ca_csd.csv,
ca:csd:3522014,Orangeville,municipality,ca,ON,,,3522014,,,"Orangeville|Orangeville, ON|Town of Orangeville",ca_csd.csv,
ca:csd:3522021,Shelburne,municipality,ca,ON,,,3522021,,,"Shelburne, ON",ca_csd.csv,
ca:csd:3523008,Guelph,municipality,ca,ON,,,3523008,,,"Guelph, ON",ca_csd.csv,
ca:csd:3523025,Centre Wellington,municipality,ca,ON,,,3523025,,,"Township of Centre Wellington, ON",ca_csd.csv,
ca:csd:3524001,Oakville,municipality,ca,ON,,,3524001,,,"Oakville, ON|Town of Oakville, ON",ca_csd.csv,
ca:csd:3524009,Milton,municipality,ca,ON,,,3524009,,,"Milton, ON|Town of Milton, ON",ca_csd.csv,
ca:csd:3524015,Halton Hills,municipality,ca,ON,,,3524015,,,"Halton Hills, ON|Town of Halton Hills, ON",ca_csd.csv,
ca:csd:3526003,Fort Erie,municipality,ca,ON,,,3526003,,,"Fort Erie, ON|Town of Fort Erie, ON",ca_csd.csv,
ca:csd:3526032,Welland,municipality,ca,ON,,,3526032,,,"Welland, ON",ca_csd.csv,
ca:csd:3526047,Niagara-on-the-Lake,municipality,ca,ON,,,3526047,,,"Town of Niagara-on-the-Lake, ON",ca_csd.csv,
ca:csd:3526053,St. Catharines,municipality,ca,ON,,,3526053,,,"St. Catharines, ON",ca_csd.csv,
ca:csd:3529005,Brant,municipality,ca,ON,,,3529005,,,"Brant, ON",ca_csd.csv,
ca:csd:3530013,Kitchener,municipality,ca,ON,,,3530013,,,"City of Kitchener, ON",ca_csd.csv,
ca:csd:3531025,West Perth,municipality,ca,ON,,,3531025,,,"West Perth, ON",ca_csd.csv,
ca:csd:3532004,Tillsonburg,municipality,ca,ON,,,3532004,,,"Tillsonburg, ON|Town of Tillsonburg, ON",ca_csd.csv,
ca:csd:3532038,East Zorra-Tavistock,municipality,ca,ON,,,3532038,,,"Ezt|Township of East Zorra-Tavistock, ON",ca_csd.csv,
ca:csd:3534020,Central Elgin,municipality,ca,ON,,,3534020,,,"Central Elgin, ON",ca_csd.csv,
ca:csd:3534021,St. Thomas,municipality,ca,ON,,,3534021,,,"City of St. Thomas, ON|St. Thomas, ON",ca_csd.csv,
ca:csd:3536020,Chatham-Kent,municipality,ca,ON,,,3536020,,,"Chatham Kent|Chatham-Kent, ON",ca_csd.csv,
ca:csd:3537028,Amherstburg,municipality,ca,ON,,,3537028,,,"Amherstburg, ON|Town of Amherstburg, ON",ca_csd.csv,
ca:csd:3537064,Lakeshore,municipality,ca,ON,,,3537064,,,Lakeshore,ca_csd.csv,
ca:csd:3538030,Sarnia,municipality,ca,ON,,,3538030,,,"Sarnia, ON",ca_csd.csv,
ca:csd:3538031,Point Edward,municipality,ca,ON,,,3538031,,,"Point Edward, ON",ca_csd.csv,
ca:csd:3538040,Lambton Shores,municipality,ca,ON,,,3538040,,,"Lambton Shores, ON",ca_csd.csv,
ca:csd:3539015,Strathroy-Caradoc,municipality,ca,ON,,,3539015,,,Strathroy Caradoc,ca:csd (spacing-insensitive match),
ca:csd:3540010,Bluewater,municipality,ca,ON,,,3540010,,,"Bluewater, ON",ca_csd.csv,
ca:csd:3540028,Goderich,municipality,ca,ON,,,3540028,,,"Goderich, ON",ca_csd.csv,
ca:csd:3540063,Ashfield-Colborne-Wawanosh,municipality,ca,ON,,,3540063,,,"Ashfield-Colborne-Wawanosh, ON",ca_csd.csv,
ca:csd:3541024,Kincardine,municipality,ca,ON,,,3541024,,,"Kincardine, ON",ca_csd.csv,
ca:csd:3541043,Arran-Elderslie,municipality,ca,ON,,,3541043,,,"Arran-Elderslie, ON",ca_csd.csv,
ca:csd:3541045,Saugeen Shores,municipality,ca,ON,,,3541045,,,"Saugeenshores|Town of Saugeen Shores, ON",ca_csd.csv,
ca:csd:3541069,Northern Bruce Peninsula,municipality,ca,ON,,,3541069,,,"Northern Bruce Peninsula, ON",ca_csd.csv,
ca:csd:3542004,West Grey,municipality,ca,ON,,,3542004,,,"West Grey, ON",ca_csd.csv,
ca:csd:3542015,Grey Highlands,municipality,ca,ON,,,3542015,,,"Grey Highlands, ON",ca_csd.csv,
ca:csd:3542045,The Blue Mountains,municipality,ca,ON,,,3542045,,,"The Blue Mountains, ON",ca_csd.csv,
ca:csd:3542047,Meaford,municipality,ca,ON,,,3542047,,,"Meaford, ON",ca_csd.csv,
ca:csd:3542059,Owen Sound,municipality,ca,ON,,,3542059,,,"City of Owen Sound, ON|Owen Sound, ON",ca_csd.csv,
ca:csd:3543003,Adjala-Tosorontio,municipality,ca,ON,,,3543003,,,"Township of Adjala-Tosorontio, ON",ca_csd.csv,
ca:csd:3543007,New Tecumseth,municipality,ca,ON,,,3543007,,,"New Tecumseth, ON|Town of New Tecumseth, ON",ca_csd.csv,
ca:csd:3543014,Bradford West Gwillimbury,municipality,ca,ON,,,3543014,,,Bradfordwestgwillimbury,ca:csd (spacing-insensitive match),
ca:csd:3543019,Ramara,municipality,ca,ON,,,3543019,,,"Township of Ramara, ON",ca_csd.csv,
ca:csd:3543031,Collingwood,municipality,ca,ON,,,3543031,,,"Collingwood, ON|Town of Collingwood, ON",ca_csd.csv,
ca:csd:3543064,Wasaga Beach,municipality,ca,ON,,,3543064,,,"Town of Wasaga Beach, ON|Wasaga Beach, ON",ca_csd.csv,
ca:csd:3544053,Muskoka Lakes,municipality,ca,ON,,,3544053,,,"Muskoka Lakes, ON",ca_csd.csv,
ca:csd:3544065,Georgian Bay,municipality,ca,ON,,,3544065,,,"Georgian Bay, ON",ca_csd.csv,
ca:csd:3547056,Whitewater Region,municipality,ca,ON,,,3547056,,,"Whitewater Region, ON",ca:csd (spacing-insensitive match),
ca:csd:3552001,French River,municipality,ca,ON,,,3552001,,,"French River, ON",ca_csd.csv,
ca:csd:3552026,Espanola,municipality,ca,ON,,,3552026,,,Espanol A,ca:csd (spacing-insensitive match),
ca:csd:3553005,Greater Sudbury,municipality,ca,ON,,,3553005,,,"Greater Sudbury, ON",ca_csd.csv,
ca:csd:3554042,James,municipality,ca,ON,,,3554042,,,"James City, ON",ca_csd.csv,
ca:csd:3556027,Timmins,municipality,ca,ON,,,3556027,,,"Timmins, ON",ca_csd.csv,
ca:csd:3556066,Kapuskasing,municipality,ca,ON,,,3556066,,,"Kapuskasing, ON",ca_csd.csv,
ca:csd:3556076,Hearst,municipality,ca,ON,,,3556076,,,"Town of Hearst, ON",ca_csd.csv,
ca:csd:3557038,Blind River,municipality,ca,ON,,,3557038,,,"Blind River, ON",ca_csd.csv,
ca:csd:3557041,Elliot Lake,municipality,ca,ON,,,3557041,,,"City of Elliot Lake, ON|Elliot Lake, ON",ca_csd.csv,
ca:csd:3558004,Thunder Bay,municipality,ca,ON,,,3558004,,,"City of Thunder Bay, ON|Thunder Bay, ON",ca_csd.csv,
ca:csd:3558011,Oliver Paipoonge,municipality,ca,ON,,,3558011,,,"Oliver Paipoonge, ON",ca_csd.csv,
ca:csd:3559001,Atikokan,municipality,ca,ON,,,3559001,,,"Atikokan, ON",ca_csd.csv,
ca:csd:3560010,Kenora,municipality,ca,ON,,,3560010,,,"City of Kenora, ON",ca_csd.csv,
ca:csd:3560027,Dryden,municipality,ca,ON,,,3560027,,,"City of Dryden|Dryden|Dryden, ON",ca_csd.csv,
ca:csd:4609018,Grey,municipality,ca,MB,,,4609018,,,"Grey, MB",ca_csd.csv,
ca:csd:4707039,Moose Jaw,municipality,ca,SK,,,4707039,,,"Moose Jaw, SK",ca_csd.csv,
ca:csd:4711066,Saskatoon,municipality,ca,SK,,,4711066,,,"City of Saskatoon, SK|Saskatoon, SK",ca_csd.csv,
ca:csd:4715066,Prince Albert,municipality,ca,SK,,,4715066,,,"City of Prince Albert, SK",ca_csd.csv,
ca:csd:4801006,Medicine Hat,municipality,ca,AB,,,4801006,,,"Medicine Hat, AB",ca_csd.csv,
ca:csd:4802012,Lethbridge,municipality,ca,AB,,,4802012,,,"City of Lethbridge, AB|Lethbridge, AB",ca_csd.csv,
ca:csd:4805006,Vulcan,municipality,ca,AB,,,4805006,,,"Town of Vulcan, AB",ca_csd.csv,
ca:csd:4805041,Kneehill County,municipality,ca,AB,,,4805041,,,Kneehill County,ca:csd (spacing-insensitive match),
ca:csd:4806006,High River,municipality,ca,AB,,,4806006,,,"Town of High River, AB",ca_csd.csv,
ca:csd:4806012,Okotoks,municipality,ca,AB,,,4806012,,,"Town of Okotoks, AB",ca_csd.csv,
ca:csd:4806014,Rocky View County,municipality,ca,AB,,,4806014,,,"Rocky View, AB",ca_csd.csv,
ca:csd:4806016,Calgary,municipality,ca,AB,,,4806016,,,"Calgary, AB",ca_csd.csv,
ca:csd:4806017,Chestermere,municipality,ca,AB,,,4806017,,,"City of Chestermere, AB",ca_csd.csv,
ca:csd:4806021,Airdrie,municipality,ca,AB,,,4806021,,,"Airdrie, AB",ca_csd.csv,
ca:csd:4808008,Innisfail,municipality,ca,AB,,,4808008,,,"Innisfail, AB",ca_csd.csv,
ca:csd:4808011,Red Deer,municipality,ca,AB,,,4808011,,,"Red Deer, AB",ca_csd.csv,
ca:csd:4811002,Wetaskiwin,municipality,ca,AB,,,4811002,,,"Wetaskiwin, AB",ca_csd.csv,
ca:csd:4811013,Beaumont,municipality,ca,AB,,,4811013,,,"Beaumont, AB|City of Beaumont, AB",ca_csd.csv,
ca:csd:4811016,Leduc,municipality,ca,AB,,,4811016,,,"City of Leduc, AB",ca_csd.csv,
ca:csd:4811049,Spruce Grove,municipality,ca,AB,,,4811049,,,"City of Spruce Grove, AB|Spruce Grove, AB",ca_csd.csv,
ca:csd:4811056,Fort Saskatchewan,municipality,ca,AB,,,4811056,,,"City of Fort Saskatchewan, AB",ca_csd.csv,
ca:csd:4811059,Sturgeon County,municipality,ca,AB,,,4811059,,,Sturgeon County,ca:csd (spacing-insensitive match),
ca:csd:4811068,Morinville,municipality,ca,AB,,,4811068,,,"Town of Morinville, AB",ca_csd.csv,
ca:csd:4812009,Bonnyville,municipality,ca,AB,,,4812009,,,"Town of Bonnyville, AB",ca_csd.csv,
ca:csd:4817029,Slave Lake,municipality,ca,AB,,,4817029,,,"Town of Slave Lake, AB",ca_csd.csv,
ca:csd:4819012,Grande Prairie,municipality,ca,AB,,,4819012,,,"City of Grande Prairie, AB",ca_csd.csv,
ca:csd:5901028,Kimberley,municipality,ca,BC,,,5901028,,,"Kimberley, BC",ca_csd.csv,
ca:csd:5907005,Osoyoos,municipality,ca,BC,,,5907005,,,"Osoyoos, BC",ca_csd.csv,
ca:csd:5907041,Penticton,municipality,ca,BC,,,5907041,,,"City of Penticton, BC|Penticton, BC",ca_csd.csv,
ca:csd:5915004,Surrey,municipality,ca,BC,,,5915004,,,"Surrey, BC",ca_csd.csv,
ca:csd:5915011,Delta,municipality,ca,BC,,,5915011,,,"Delta|Delta, BC",ca_csd.csv,
ca:csd:5915015,Richmond,municipality,ca,BC,,,5915015,,,"Richmond, BC",ca_csd.csv,
ca:csd:5915025,Burnaby,municipality,ca,BC,,,5915025,,,"Burnaby, BC",ca_csd.csv,
ca:csd:5915029,New Westminster,municipality,ca,BC,,,5915029,,,"City of New Westminster, BC|New Westminster, BC",ca_csd.csv,
ca:csd:5915038,Anmore,municipality,ca,BC,,,5915038,,,"Anmore, BC",ca_csd.csv,
ca:csd:5915039,Port Coquitlam,municipality,ca,BC,,,5915039,,,"Port Coquitlam, BC",ca_csd.csv,
ca:csd:5915043,Port Moody,municipality,ca,BC,,,5915043,,,"City of Port Moody, BC|Port Moody, BC",ca_csd.csv,
ca:csd:5915062,Bowen Island,municipality,ca,BC,,,5915062,,,"Bowen Island, BC",ca_csd.csv,
ca:csd:5915070,Pitt Meadows,municipality,ca,BC,,,5915070,,,"City of Pitt Meadows, BC",ca_csd.csv,
ca:csd:5915075,Maple Ridge,municipality,ca,BC,,,5915075,,,"City of Maple Ridge, BC",ca_csd.csv,
ca:csd:5917015,Central Saanich,municipality,ca,BC,,,5917015,,,"Central Saanich, BC",ca_csd.csv,
ca:csd:5917030,Oak Bay,municipality,ca,BC,,,5917030,,,"Oak Bay, BC",ca_csd.csv,
ca:csd:5917034,Victoria,municipality,ca,BC,,,5917034,,,"City of Victoria|Victoria|Victoria, BC",ca_csd.csv,
ca:csd:5917041,Colwood,municipality,ca,BC,,,5917041,,,"City of Colwood, BC",ca_csd.csv,
ca:csd:5917042,Metchosin,municipality,ca,BC,,,5917042,,,"Metchosin, BC",ca_csd.csv,
ca:csd:5917052,Sooke,municipality,ca,BC,,,5917052,,,"Sooke, BC",ca_csd.csv,
ca:csd:5919008,North Cowichan,municipality,ca,BC,,,5919008,,,"North Cowichan, BC|Northcowichan",ca_csd.csv,
ca:csd:5919016,Lake Cowichan,municipality,ca,BC,,,5919016,,,"Town of Lake Cowichan, BC",ca_csd.csv,
ca:csd:5921007,Nanaimo,municipality,ca,BC,,,5921007,,,"City of Nanaimo, BC|Nanaimo, BC",ca_csd.csv,
ca:csd:5921018,Parksville,municipality,ca,BC,,,5921018,,,"Parksville, BC",ca_csd.csv,
ca:csd:5923025,Tofino,municipality,ca,BC,,,5923025,,,"Tofino, BC",ca_csd.csv,
ca:csd:5924034,Campbell River,municipality,ca,BC,,,5924034,,,"City of Campbell River, BC",ca_csd.csv,
ca:csd:5926010,Courtenay,municipality,ca,BC,,,5926010,,,"Courtenay, BC",ca_csd.csv,
ca:csd:5927008,Powell River,municipality,ca,BC,,,5927008,,,"Powell River, BC",ca_csd.csv,
ca:csd:5929011,Sechelt,municipality,ca,BC,,,5929011,,,"Sechelt, BC",ca_csd.csv,
ca:csd:5931006,Squamish,municipality,ca,BC,,,5931006,,,"Squamish, BC",ca_csd.csv,
ca:csd:5931020,Whistler,municipality,ca,BC,,,5931020,,,"Whistler, BC",ca_csd.csv,
ca:csd:5931026,Lillooet,municipality,ca,BC,,,5931026,,,"Lillooet, BC",ca_csd.csv,
ca:csd:5935010,Kelowna,municipality,ca,BC,,,5935010,,,"City of Kelowna, BC|Kelowna, BC",ca_csd.csv,
ca:csd:5935016,Lake Country,municipality,ca,BC,,,5935016,,,"Lake Country, BC",ca_csd.csv,
ca:csd:5935029,West Kelowna,municipality,ca,BC,,,5935029,,,"City of West Kelowna, BC|West Kelowna, BC",ca_csd.csv,
ca:csd:5939032,Salmon Arm,municipality,ca,BC,,,5939032,,,"City of Salmon Arm, BC",ca_csd.csv,
ca:csd:5941009,Williams Lake,municipality,ca,BC,,,5941009,,,"City of Williams Lake, BC",ca_csd.csv,
ca:csd:5941013,Quesnel,municipality,ca,BC,,,5941013,,,"Quesnel, BC",ca_csd.csv,
ca:csd:5953023,Prince George,municipality,ca,BC,,,5953023,,,"Prince George, BC",ca_csd.csv,
ca:csd:5953033,Mackenzie,municipality,ca,BC,,,5953033,,,"Mackenzie|Mackenzie, BC",ca_csd.csv,
ca:csd:5955003,Tumbler Ridge,municipality,ca,BC,,,5955003,,,"Tumbler Ridge, BC",ca_csd.csv,
ca:csd:5955034,Fort St. John,municipality,ca,BC,,,5955034,,,"Fort St. John, BC",ca_csd.csv,
ca:csd:6106023,Yellowknife,municipality,ca,NT,,,6106023,,,"Yellowknife, NT",ca_csd.csv,
rtr:ca:ab:city-of-leduc,City of Leduc,municipality,ca,AB,,,,,,"City of Leduc, AB",minted,no national table covers this government
rtr:ca:ab:city-of-lethbridge,City of Lethbridge,municipality,ca,AB,,,,,,"City of Lethbridge, AB",minted,no national table covers this government
rtr:ca:ab:cofs,Cofs,other,ca,AB,,,,,,Cofs,minted,no national table covers this government
rtr:ca:ab:kneehill-county,Kneehill County,county,ca,AB,,,,,,Kneehill County,minted,no national table covers this government
rtr:ca:ab:leduc,City of Leduc,municipality,ca,AB,,,,,,"City of Leduc, AB",minted,no national table covers this government
rtr:ca:ab:lethbridge,Lethbridge,other,ca,AB,,,,,,"City of Lethbridge, AB|Lethbridge, AB",minted,no national table covers this government
rtr:ca:ab:llbc,Llbc,other,ca,AB,,,,,,Llbc,minted,no national table covers this government
rtr:ca:ab:red-deer,Red Deer,other,ca,AB,,,,,,"Red Deer, AB",minted,no national table covers this government
rtr:ca:ab:sturgeon-county,Sturgeon County,county,ca,AB,,,,,,Sturgeon County,minted,no national table covers this government
rtr:ca:ab:town-of-vulcan,Town of Vulcan,municipality,ca,AB,,,,,,"Town of Vulcan, AB",minted,no national table covers this government
rtr:ca:ab:vulcan,Town of Vulcan,municipality,ca,AB,,,,,,"Town of Vulcan, AB",minted,no national table covers this government
rtr:ca:bc:city-of-port-moody,City of Port Moody,special_district,ca,BC,,,,,,"City of Port Moody, BC",minted,no national table covers this government
rtr:ca:bc:northcowichan,Northcowichan,other,ca,BC,,,,,,Northcowichan,minted,no national table covers this government
rtr:ca:bc:port-coquitlam,Port Coquitlam,special_district,ca,BC,,,,,,"Port Coquitlam, BC",minted,no national table covers this government
rtr:ca:bc:port-moody,Port Moody,special_district,ca,BC,,,,,,"City of Port Moody, BC|Port Moody, BC",minted,no national table covers this government
rtr:ca:bc:regional-district-of-central-okanagan,Regional District of Central Okanagan,special_district,ca,BC,,,,,,"Regional District of Central Okanagan, BC",minted,no national table covers this government
rtr:ca:bc:west-kelowna-council-chambers,West Kelowna Council Chambers,other,ca,BC,,,,,,West Kelowna Council Chambers,minted,no national table covers this government
rtr:ca:nl:stjohns,Stjohns,other,ca,NL,,,,,,Stjohns,minted,no national table covers this government
rtr:ca:on:bradfordwestgwillimbury,Bradfordwestgwillimbury,other,ca,ON,,,,,,Bradfordwestgwillimbury,minted,no national table covers this government
rtr:ca:on:chatham-kent,Chatham Kent,other,ca,ON,,,,,,Chatham Kent,minted,no national table covers this government
rtr:ca:on:elliot-lake-gis-services-ssmic,Elliot Lake GIS Services SSMIC,other,ca,ON,,,,,,Elliot Lake GIS Services SSMIC,minted,no national table covers this government
rtr:ca:on:espanol-a,Espanol A,other,ca,ON,,,,,,Espanol A,minted,no national table covers this government
rtr:ca:on:haldimand-county,Haldimand County,county,ca,ON,,,,,,"Haldimand County|Haldimand County, ON",minted,no national table covers this government
rtr:ca:on:hamilton-police-services-board,Hamilton Police Services Board,other,ca,ON,,,,,,"City of Hamilton|H Psb|Hamilton|Hamilton Police Services Board, ON",minted,no national table covers this government
rtr:ca:on:hamilton-public-library,Hamilton Public Library,special_district,ca,ON,,,,,,"Hamilton Public Library, ON",minted,no national table covers this government
rtr:ca:on:merrickville-wolford,Merrickville Wolford,other,ca,ON,,,,,,Merrickville Wolford,minted,no national table covers this government
rtr:ca:on:notl,Notl,other,ca,ON,,,,,,Notl,minted,no national table covers this government
rtr:ca:on:oneinvestmentprogram,Oneinvestmentprogram,other,ca,ON,,,,,,Oneinvestmentprogram,minted,no national table covers this government
rtr:ca:on:saugeenshores,Saugeenshores,other,ca,ON,,,,,,Saugeenshores,minted,no national table covers this government
rtr:ca:on:strathroy-caradoc,Strathroy Caradoc,other,ca,ON,,,,,,Strathroy Caradoc,minted,no national table covers this government
rtr:ca:on:thunder-bay-district-health-unit,Thunder Bay District Health Unit,special_district,ca,ON,,,,,,"Thunder Bay District Health Unit, ON",minted,no national table covers this government
rtr:ca:on:toronto-and-region-conservation-authority,Toronto and Region Conservation Authority,special_district,ca,ON,,,,,,"City of Markham|City of Markham, IL|City of Mississauga, ON|Toronto and Region Conservation Authority, ON",minted,no national table covers this government
rtr:ca:on:toronto-catholic-district-school-board,Toronto Catholic District School Board,school_district,ca,ON,,,,,,"Toronto Catholic District School Board, ON",minted,no national table covers this government
rtr:ca:on:toronto-district-school-board,Toronto District School Board,school_district,ca,ON,,,,,,"Tdsb|Toronto District School Board, ON",minted,no national table covers this government
rtr:ca:on:townofws,Townofws,other,ca,ON,,,,,,Townofws,minted,no national table covers this government
rtr:ca:on:whitewater-region,Whitewater Region,county,ca,ON,,,,,,"Whitewater Region, ON",minted,no national table covers this government
rtr:unknown:agawamvod.cablecast.tv,,other,us,,,,,,,,blank,no jurisdiction extracted and no override for this host
rtr:unknown:agendamgmtprod.tarrantcountytx.gov,,other,us,,,,,,,,blank,no jurisdiction extracted and no override for this host
rtr:unknown:alamedausdca.new.swagit.com,,other,us,,,,,,,,blank,no jurisdiction extracted and no override for this host
rtr:unknown:alamoareampo.new.swagit.com,,other,us,,,,,,,,blank,no jurisdiction extracted and no override for this host
rtr:unknown:albanycountywy.gov,,other,us,,,,,,,,blank,no jurisdiction extracted and no override for this host
rtr:unknown:avonindiana.gov,,other,us,,,,,,,,blank,no jurisdiction extracted and no override for this host
rtr:unknown:battlegroundps.new.swagit.com,,other,us,,,,,,,,blank,no jurisdiction extracted and no override for this host
rtr:unknown:bcnv.primegov.com,,other,us,,,,,,,,blank,no jurisdiction extracted and no override for this host
rtr:unknown:betv-bensenville.cablecast.tv,,other,us,,,,,,,,blank,no jurisdiction extracted and no override for this host
rtr:unknown:bourne.cablecast.tv,,other,us,,,,,,,,blank,no jurisdiction extracted and no override for this host
rtr:unknown:brevardpublicschools.new.swagit.com,,other,us,,,,,,,,blank,no jurisdiction extracted and no override for this host
rtr:unknown:brookingscountysd.gov,,other,us,,,,,,,,blank,no jurisdiction extracted and no override for this host
rtr:unknown:buenapark.cablecast.tv,,other,us,,,,,,,,blank,no jurisdiction extracted and no override for this host
rtr:unknown:camarillo.primegov.com,,other,us,,,,,,,,blank,no jurisdiction extracted and no override for this host
rtr:unknown:camdencountyga.gov,,other,us,,,,,,,,blank,no jurisdiction extracted and no override for this host
rtr:unknown:capitoltvri.cablecast.tv,,other,us,,,,,,,,blank,no jurisdiction extracted and no override for this host
rtr:unknown:carteretcountync.gov,,other,us,,,,,,,,blank,no jurisdiction extracted and no override for this host
rtr:unknown:carync.cablecast.tv,,other,us,,,,,,,,blank,no jurisdiction extracted and no override for this host
rtr:unknown:cctv-vod.cablecast.tv,,other,us,,,,,,,,blank,no jurisdiction extracted and no override for this host
rtr:unknown:cerritos.cablecast.tv,,other,us,,,,,,,,blank,no jurisdiction extracted and no override for this host
rtr:unknown:chabot.cablecast.tv,,other,us,,,,,,,,blank,no jurisdiction extracted and no override for this host
rtr:unknown:champaign-cablecast.cablecast.tv,,other,us,,,,,,,,blank,no jurisdiction extracted and no override for this host
rtr:unknown:champaign.cablecast.tv,,other,us,,,,,,,,blank,no jurisdiction extracted and no override for this host
rtr:unknown:charlescountymd.cablecast.tv,,other,us,,,,,,,,blank,no jurisdiction extracted and no override for this host
rtr:unknown:cityofbrea.cablecast.tv,,other,us,,,,,,,,blank,no jurisdiction extracted and no override for this host
rtr:unknown:cityofredlands.cablecast.tv,,other,us,,,,,,,,blank,no jurisdiction extracted and no override for this host
rtr:unknown:cloud.castus.tv,,other,us,,,,,,,,blank,no jurisdiction extracted and no override for this host
rtr:unknown:coppellisd.new.swagit.com,,other,us,,,,,,,,blank,no jurisdiction extracted and no override for this host
rtr:unknown:cvrd.primegov.com,,other,us,,,,,,,,blank,no jurisdiction extracted and no override for this host
rtr:unknown:cvrdtest.primegov.com,,other,us,,,,,,,,blank,no jurisdiction extracted and no override for this host
rtr:unknown:cvwd.primegov.com,,other,us,,,,,,,,blank,no jurisdiction extracted and no override for this host
rtr:unknown:dakotamediaaccess.cablecast.tv,,other,us,,,,,,,,blank,no jurisdiction extracted and no override for this host
rtr:unknown:dallascountyiowa.gov,,other,us,,,,,,,,blank,no jurisdiction extracted and no override for this host
rtr:unknown:dd7.new.swagit.com,,other,us,,,,,,,,blank,no jurisdiction extracted and no override for this host
rtr:unknown:desotoisdtx.new.swagit.com,,other,us,,,,,,,,blank,no jurisdiction extracted and no override for this host
rtr:unknown:desplainesil.cablecast.tv,,other,us,,,,,,,,blank,no jurisdiction extracted and no override for this host
rtr:unknown:discover.pbc.gov,,other,us,,,,,,,,blank,no jurisdiction extracted and no override for this host
rtr:unknown:edina-mn.cablecast.tv,,other,us,,,,,,,,blank,no jurisdiction extracted and no override for this host
rtr:unknown:floodauthorityeast.new.swagit.com,,other,us,,,,,,,,blank,no jurisdiction extracted and no override for this host
rtr:unknown:franklincountyva.gov,,other,us,,,,,,,,blank,no jurisdiction extracted and no override for this host
rtr:unknown:fsusga.portal.civicclerk.com,,other,us,,,,,,,,blank,no jurisdiction extracted and no override for this host
rtr:unknown:galvestonparkboardtx.new.swagit.com,,other,us,,,,,,,,blank,no jurisdiction extracted and no override for this host
rtr:unknown:gastoncoschools.cablecast.tv,,other,us,,,,,,,,blank,no jurisdiction extracted and no override for this host
rtr:unknown:gnat.cablecast.tv,,other,us,,,,,,,,blank,no jurisdiction extracted and no override for this host
rtr:unknown:grandcountyutah.gov,,other,us,,,,,,,,blank,no jurisdiction extracted and no override for this host
rtr:unknown:greenburghpublicaccess.new.swagit.com,,other,us,,,,,,,,blank,no jurisdiction extracted and no override for this host
rtr:unknown:hamiltonwenham.cablecast.tv,,other,us,,,,,,,,blank,no jurisdiction extracted and no override for this host
rtr:unknown:hcpsstv.new.swagit.com,,other,us,,,,,,,,blank,no jurisdiction extracted and no override for this host
rtr:unknown:hgac.new.swagit.com,,other,us,,,,,,,,blank,no jurisdiction extracted and no override for this host
rtr:unknown:hometown.cablecast.tv,,other,us,,,,,,,,blank,no jurisdiction extracted and no override for this host
rtr:unknown:huron-township.cablecast.tv,,other,us,,,,,,,,blank,no jurisdiction extracted and no override for this host
rtr:unknown:ictv.cablecast.tv,,other,us,,,,,,,,blank,no jurisdiction extracted and no override for this host
rtr:unknown:jpschools.cablecast.tv,,other,us,,,,,,,,blank,no jurisdiction extracted and no override for this host
rtr:unknown:kdol.cablecast.tv,,other,us,,,,,,,,blank,no jurisdiction extracted and no override for this host
rtr:unknown:lagrangeil.gov,,other,us,,,,,,,,blank,no jurisdiction extracted and no override for this host
rtr:unknown:lamoineme.cablecast.tv,,other,us,,,,,,,,blank,no jurisdiction extracted and no override for this host
rtr:unknown:lasvirgenesmwd.new.swagit.com,,other,us,,,,,,,,blank,no jurisdiction extracted and no override for this host
rtr:unknown:lcpa.primegov.com,,other,us,,,,,,,,blank,no jurisdiction extracted and no override for this host
rtr:unknown:lenaweecomi.portal.civicclerk.com,,other,us,,,,,,,,blank,no jurisdiction extracted and no override for this host
rtr:unknown:lonestargcd.new.swagit.com,,other,us,,,,,,,,blank,no jurisdiction extracted and no override for this host
rtr:unknown:macombtwpmi.portal.civicclerk.com,,other,us,,,,,,,,blank,no jurisdiction extracted and no override for this host
rtr:unknown:mankatoaps.new.swagit.com,,other,us,,,,,,,,blank,no jurisdiction extracted and no override for this host
rtr:unknown:marintv.cablecast.tv,,other,us,,,,,,,,blank,no jurisdiction extracted and no override for this host
rtr:unknown:marthasvineyard.cablecast.tv,,other,us,,,,,,,,blank,no jurisdiction extracted and no override for this host
rtr:unknown:mckinneyisdtx.new.swagit.com,,other,us,,,,,,,,blank,no jurisdiction extracted and no override for this host
rtr:unknown:methuentv.cablecast.tv,,other,us,,,,,,,,blank,no jurisdiction extracted and no override for this host
rtr:unknown:metvweb.cablecast.tv,,other,us,,,,,,,,blank,no jurisdiction extracted and no override for this host
rtr:unknown:mobilityauthority.new.swagit.com,,other,us,,,,,,,,blank,no jurisdiction extracted and no override for this host
rtr:unknown:monroecountyny.primegov.com,,other,us,,,,,,,,blank,no jurisdiction extracted and no override for this host
rtr:unknown:mycommunityfocus.cablecast.tv,,other,us,,,,,,,,blank,no jurisdiction extracted and no override for this host
rtr:unknown:natronacounty-wy.gov,,other,us,,,,,,,,blank,no jurisdiction extracted and no override for this host
rtr:unknown:nctcog.new.swagit.com,,other,us,,,,,,,,blank,no jurisdiction extracted and no override for this host
rtr:unknown:norfolkpublicschools.new.swagit.com,,other,us,,,,,,,,blank,no jurisdiction extracted and no override for this host
rtr:unknown:northbrunswicktv.cablecast.tv,,other,us,,,,,,,,blank,no jurisdiction extracted and no override for this host
rtr:unknown:northpenn.cablecast.tv,,other,us,,,,,,,,blank,no jurisdiction extracted and no override for this host
rtr:unknown:ntmwd.new.swagit.com,,other,us,,,,,,,,blank,no jurisdiction extracted and no override for this host
rtr:unknown:openspaceauthority.primegov.com,,other,us,,,,,,,,blank,no jurisdiction extracted and no override for this host
rtr:unknown:pcc.cablecast.tv,,other,us,,,,,,,,blank,no jurisdiction extracted and no override for this host
rtr:unknown:pelhampublicschoolsny.new.swagit.com,,other,us,,,,,,,,blank,no jurisdiction extracted and no override for this host
rtr:unknown:pendercountync.civicweb.net,,other,us,,,,,,,,blank,no jurisdiction extracted and no override for this host
rtr:unknown:pgcps.cablecast.tv,,other,us,,,,,,,,blank,no jurisdiction extracted and no override for this host
rtr:unknown:pickenscountyga.gov,,other,us,,,,,,,,blank,no jurisdiction extracted and no override for this host
rtr:unknown:portagemi.cablecast.tv,,other,us,,,,,,,,blank,no jurisdiction extracted and no override for this host
rtr:unknown:prescottvalley.primegov.com,,other,us,,,,,,,,blank,no jurisdiction extracted and no override for this host
rtr:unknown:public.destinyhosted.com,,other,us,,,,,,,,blank,no jurisdiction extracted and no override for this host
rtr:unknown:reflect-sttammany.cablecast.tv,,other,us,,,,,,,,blank,no jurisdiction extracted and no override for this host
rtr:unknown:rockwallisdtx.new.swagit.com,,other,us,,,,,,,,blank,no jurisdiction extracted and no override for this host
rtr:unknown:sacog.primegov.com,,other,us,,,,,,,,blank,no jurisdiction extracted and no override for this host
rtr:unknown:sapatv.cablecast.tv,,other,us,,,,,,,,blank,no jurisdiction extracted and no override for this host
rtr:unknown:scgtv.new.swagit.com,,other,us,,,,,,,,blank,no jurisdiction extracted and no override for this host
rtr:unknown:siouxcityschools.new.swagit.com,,other,us,,,,,,,,blank,no jurisdiction extracted and no override for this host
rtr:unknown:southorangetwpnj.portal.civicclerk.com,,other,us,,,,,,,,blank,no jurisdiction extracted and no override for this host
rtr:unknown:stcharles-mo.cablecast.tv,,other,us,,,,,,,,blank,no jurisdiction extracted and no override for this host
rtr:unknown:sttammany.cablecast.tv,,other,us,,,,,,,,blank,no jurisdiction extracted and no override for this host
rtr:unknown:sublettecountywy.gov,,other,us,,,,,,,,blank,no jurisdiction extracted and no override for this host
rtr:unknown:tabc.new.swagit.com,,other,us,,,,,,,,blank,no jurisdiction extracted and no override for this host
rtr:unknown:tdhca.new.swagit.com,,other,us,,,,,,,,blank,no jurisdiction extracted and no override for this host
rtr:unknown:tecumseh-pub.escribemeetings.com,,other,us,,,,,,,,blank,no jurisdiction extracted and no override for this host
rtr:unknown:texashhsc.new.swagit.com,,other,us,,,,,,,,blank,no jurisdiction extracted and no override for this host
rtr:unknown:townhallstreams.com,,other,us,,,,,,,,blank,no jurisdiction extracted and no override for this host
rtr:unknown:traviscad.new.swagit.com,,other,us,,,,,,,,blank,no jurisdiction extracted and no override for this host
rtr:unknown:triunfo.new.swagit.com,,other,us,,,,,,,,blank,no jurisdiction extracted and no override for this host
rtr:unknown:trojanvision.cablecast.tv,,other,us,,,,,,,,blank,no jurisdiction extracted and no override for this host
rtr:unknown:trwd.new.swagit.com,,other,us,,,,,,,,blank,no jurisdiction extracted and no override for this host
rtr:unknown:txdot.new.swagit.com,,other,us,,,,,,,,blank,no jurisdiction extracted and no override for this host
rtr:unknown:utclermont.gov,,other,us,,,,,,,,blank,no jurisdiction extracted and no override for this host
rtr:unknown:utvs.cablecast.tv,,other,us,,,,,,,,blank,no jurisdiction extracted and no override for this host
rtr:unknown:verdevalleytv.cablecast.tv,,other,us,,,,,,,,blank,no jurisdiction extracted and no override for this host
rtr:unknown:video.ibm.com,,other,us,,,,,,,,blank,no jurisdiction extracted and no override for this host
rtr:unknown:videoplayer.telvue.com,,other,us,,,,,,,,blank,no jurisdiction extracted and no override for this host
rtr:unknown:vod-allencounty.cablecast.tv,,other,us,,,,,,,,blank,no jurisdiction extracted and no override for this host
rtr:unknown:vod-eagan.cablecast.tv,,other,us,,,,,,,,blank,no jurisdiction extracted and no override for this host
rtr:unknown:vod-framingham.cablecast.tv,,other,us,,,,,,,,blank,no jurisdiction extracted and no override for this host
rtr:unknown:vsctv.cablecast.tv,,other,us,,,,,,,,blank,no jurisdiction extracted and no override for this host
rtr:unknown:waukee.gov,,other,us,,,,,,,,blank,no jurisdiction extracted and no override for this host
rtr:unknown:wausau-wi.cablecast.tv,,other,us,,,,,,,,blank,no jurisdiction extracted and no override for this host
rtr:unknown:wbrw.cablecast.tv,,other,us,,,,,,,,blank,no jurisdiction extracted and no override for this host
rtr:unknown:westernhills.cablecast.tv,,other,us,,,,,,,,blank,no jurisdiction extracted and no override for this host
rtr:unknown:wilson-co-schools.cablecast.tv,,other,us,,,,,,,,blank,no jurisdiction extracted and no override for this host
rtr:unknown:wmcf.cablecast.tv,,other,us,,,,,,,,blank,no jurisdiction extracted and no override for this host
rtr:unknown:woodlandscvb.new.swagit.com,,other,us,,,,,,,,blank,no jurisdiction extracted and no override for this host
rtr:unknown:wpcommunitymedia.new.swagit.com,,other,us,,,,,,,,blank,no jurisdiction extracted and no override for this host
rtr:unknown:www.mediafire.com,,other,us,,,,,,,,blank,no jurisdiction extracted and no override for this host
rtr:unknown:www.newcastlede.gov,,other,us,,,,,,,,blank,no jurisdiction extracted and no override for this host
rtr:unknown:www.youtube.com,,other,us,,,,,,,,blank,no jurisdiction extracted and no override for this host
rtr:unknown:yourtown.cablecast.tv,,other,us,,,,,,,,blank,no jurisdiction extracted and no override for this host
rtr:unknown:youtu.be,,other,us,,,,,,,,blank,no jurisdiction extracted and no override for this host
rtr:us:ab/sk:lloydminster-ab-sk,"Lloydminster, AB/SK",other,us,AB/SK,,,,,,"Lloydminster, AB/SK",minted,no national table covers this government
rtr:us:ak:juneau,Juneau,other,us,AK,,,,,,"Juneau, AK",minted,no national table covers this government
rtr:us:ak:petersburg,City of Petersburg,municipality,us,AK,,,,,,"City of Petersburg, AK",minted,no national table covers this government
rtr:us:ak:unknown-jurisdiction,Unknown Jurisdiction,other,us,AK,,,,,,Unknown Jurisdiction,minted,no national table covers this government
rtr:us:al:city-of,City of,municipality,us,AL,,,,,,City of Al,minted,no national table covers this government
rtr:us:al:huntsville-ordinance-no,City of Huntsville.Ordinance No,municipality,us,AL,,,,,,City of Huntsville.Ordinance No.,minted,no national table covers this government
rtr:us:az:city-of-lake-havasu,City of Lake Havasu,municipality,us,AZ,,,,,,"City of Lake Havasu, AZ",minted,no national table covers this government
rtr:us:az:lake-havasu,City of Lake Havasu,municipality,us,AZ,,,,,,"City of Lake Havasu, AZ",minted,no national table covers this government
rtr:us:ca:auburn,The City of Auburn,other,us,CA,,,,,,"The City of Auburn, CA",minted,no national table covers this government
rtr:us:ca:california-state-personnel-board,California State Personnel Board,other,us,CA,,,,,,"California State Personnel Board|California State Personnel Board, CA",minted,no national table covers this government
rtr:us:ca:carpinteria-valley-water-district,Carpinteria Valley Water District,special_district,us,CA,,,,,,"Carpinteria Valley Water District, CA",minted,no national table covers this government
rtr:us:ca:cerritos-college,Cerritos College,school_district,us,CA,,,,,,"Cerritos College, CA",minted,no national table covers this government
rtr:us:ca:chula-vista-public-comments,Chula Vista Public Comments,other,us,CA,,,,,,Chula Vista Public Comments,minted,no national table covers this government
rtr:us:ca:city-and-county-of-san-francisco,City and County of San Francisco,county,us,CA,,,,,,"City and County of San Francisco, CA",minted,no national table covers this government
rtr:us:ca:city-of-menifee-nbsp,City of Menifee&nbsp,municipality,us,CA,,,,,,"City of Menifee&nbsp, CA",minted,no national table covers this government
rtr:us:ca:city-of-paramount-retiree,City of Paramount Retiree,municipality,us,CA,,,,,,"City of Paramount Retiree, CA",minted,no national table covers this government
rtr:us:ca:coachella-valley-water-district,Coachella Valley Water District,special_district,us,CA,,,,,,"City of Indio, CA|Coachella Valley Water District, CA",minted,no national table covers this government
rtr:us:ca:contra-costa-transportation-authority,Contra Costa Transportation Authority,special_district,us,CA,,,,,,"Contra Costa Transportation Authority, CA",minted,no national table covers this government
rtr:us:ca:costa-mesa-sanitary-district,Costa Mesa Sanitary District,special_district,us,CA,,,,,,"Costa Mesa Sanitary District, CA",minted,no national table covers this government
rtr:us:ca:cosumnes-community-services-district,Cosumnes Community Services District,special_district,us,CA,,,,,,"Cosumnes Community Services District, CA",minted,no national table covers this government
rtr:us:ca:county-of-san-bernardino-comprehensive-treatment,County of San Bernardino Comprehensive Treatment,county,us,CA,,,,,,County of San Bernardino Comprehensive Treatment,minted,no national table covers this government
rtr:us:ca:east-bay-regional-park-district,East Bay Regional Park District,special_district,us,CA,,,,,,"East Bay Regional Park District, CA",minted,no national table covers this government
rtr:us:ca:eldorado,Eldorado,other,us,CA,,,,,,Eldorado,minted,no national table covers this government
rtr:us:ca:humboldt-county-sheriff,Humboldt County Sheriff,county,us,CA,,,,,,"Humboldt County Sheriff, CA",minted,no national table covers this government
rtr:us:ca:huntington-park,The City of Huntington Park,other,us,CA,,,,,,"The City of Huntington Park, CA",minted,no national table covers this government
rtr:us:ca:imperial-irrigation-district,Imperial Irrigation District,special_district,us,CA,,,,,,"Imperial|Imperial Irrigation District, CA",minted,no national table covers this government
rtr:us:ca:judicial-council-of-california,Judicial Council of California,court,us,CA,,,,,,"California|J Cc|Judicial Council of California, CA",minted,no national table covers this government
rtr:us:ca:jurupa-community-services-district,Jurupa Community Services District,special_district,us,CA,,,,,,"Jurupa Community Services District, CA",minted,no national table covers this government
rtr:us:ca:l-a-world-airports-board-of-airport-commissioners,L. A. World Airports - Board of Airport Commissioners,special_district,us,CA,,,,,,L. A. World Airports - Board of Airport Commissioners,minted,no national table covers this government
rtr:us:ca:la,La,other,us,CA,,,,,,La,minted,no national table covers this government
rtr:us:ca:los-angeles-county-metropolitan-transportation-authority,Los Angeles County Metropolitan Transportation Authority,county,us,CA,,,,,,"Los Angeles County Metropolitan Transportation Authority, CA|Los Angeles County, CA",minted,no national table covers this government
rtr:us:ca:los-angeles-department-of-water-and-power,Los Angeles Department of Water and Power,special_district,us,CA,,,,,,"City of Los Angeles, CA|Lad Wp|Los Angeles Department of Water and Power, CA|Los Angeles, CA",minted,no national table covers this government
rtr:us:ca:menifee-nbsp,City of Menifee&nbsp,municipality,us,CA,,,,,,"City of Menifee&nbsp, CA",minted,no national table covers this government
rtr:us:ca:menlo-park-fire-protection-district,Menlo Park Fire Protection District,special_district,us,CA,,,,,,"Atherton, CA|City of Menlo Park, CA|Menlo Park Fire Protection District, CA|Menlo Park, CA|Town of Atherton, CA",minted,no national table covers this government
rtr:us:ca:metropolitan-transportation-commission,Metropolitan Transportation Commission,special_district,us,CA,,,,,,"Bay Area Headquarters Authority|Metropolitan Transportation Commission, CA",minted,no national table covers this government
rtr:us:ca:palm-desert-city-negotiator,Palm Desert City Negotiator,other,us,CA,,,,,,Palm Desert City Negotiator,minted,no national table covers this government
rtr:us:ca:paramount-retiree,City of Paramount Retiree,municipality,us,CA,,,,,,"City of Paramount Retiree, CA",minted,no national table covers this government
rtr:us:ca:paso-robles,Paso Robles,other,us,CA,,,,,,"Paso Robles, CA",minted,no national table covers this government
rtr:us:ca:riverside-county-sheriff-s-department,Riverside County Sheriff's Department,county,us,CA,,,,,,"Riverside County Sheriff's Department, CA",minted,no national table covers this government
rtr:us:ca:san-diego-association-of-governments,San Diego Association of Governments,special_district,us,CA,,,,,,"City of San Diego, CA|San Diego Association of Governments, CA|San Diego, CA|Sandag, CA",minted,no national table covers this government
rtr:us:ca:sandag,Sandag,other,us,CA,,,,,,"Sandag, CA",minted,no national table covers this government
rtr:us:ca:santa-clara-valley-transportation-authority,Santa Clara Valley Transportation Authority,special_district,us,CA,,,,,,"Santa Clara Valley Transportation Authority, CA",minted,no national table covers this government
rtr:us:ca:sb,"City of Sb""",municipality,us,CA,,,,,,"City of Sb""",minted,no national table covers this government
rtr:us:ca:the-city-of-auburn,The City of Auburn,other,us,CA,,,,,,"The City of Auburn, CA",minted,no national table covers this government
rtr:us:ca:the-city-of-huntington-park,The City of Huntington Park,other,us,CA,,,,,,"The City of Huntington Park, CA",minted,no national table covers this government
rtr:us:ca:turlock-irrigation-district,Turlock Irrigation District,special_district,us,CA,,,,,,"Turlock Irrigation District, CA",minted,no national table covers this government
rtr:us:ca:unknown-jurisdiction,Unknown Jurisdiction,other,us,CA,,,,,,Unknown Jurisdiction,minted,no national table covers this government
rtr:us:ca:water-replenishment-district,Water Replenishment District,special_district,us,CA,,,,,,"Water Replenishment District, CA",minted,no national table covers this government
rtr:us:ca:west-basin-municipal-water-district,West Basin Municipal Water District,special_district,us,CA,,,,,,"West Basin Municipal Water District, CA",minted,no national table covers this government
rtr:us:ca:west-county-wastewater-district,West County Wastewater District,special_district,us,CA,,,,,,"West County Wastewater District, CA",minted,no national table covers this government
rtr:us:ca:yorba-linda-usd,Yorba Linda USD,school_district,us,CA,,,,,,"Yorba Linda USD, CA",minted,no national table covers this government
rtr:us:co:colorado,Colorado,other,us,CO,,,,,,"University of Colorado, CO",minted,no national table covers this government
rtr:us:co:longmont-for-the-fiscal,City of Longmont For The Fiscal,municipality,us,CO,,,,,,City of Longmont For The Fiscal,minted,no national table covers this government
rtr:us:co:pueblo-west,Pueblo West,other,us,CO,,,,,,"Pueblo West, CO",minted,no national table covers this government
rtr:us:dc:washington,Washington,other,us,DC,,,,,,"Washington, DC",minted,no national table covers this government
rtr:us:de:bethany-beach,The Town of Bethany Beach,other,us,DE,,,,,,"The Town of Bethany Beach, DE",minted,no national table covers this government
rtr:us:de:rehoboth-beach,the City of Rehoboth Beach,other,us,DE,,,,,,the City of Rehoboth Beach,minted,no national table covers this government
rtr:us:de:the-town-of-bethany-beach,The Town of Bethany Beach,other,us,DE,,,,,,"The Town of Bethany Beach, DE",minted,no national table covers this government
rtr:us:fl:broward-metropolitan-planning-organization,Broward Metropolitan Planning Organization,special_district,us,FL,,,,,,"Broward Metropolitan Planning Organization, FL",minted,no national table covers this government
rtr:us:fl:deland,The City Of DeLand,other,us,FL,,,,,,The City Of DeLand,minted,no national table covers this government
rtr:us:fl:haines-city-settlement,Haines City  Settlement,other,us,FL,,,,,,"Haines City  Settlement, FL",minted,no national table covers this government
rtr:us:fl:islamorada,Islamorada,other,us,FL,,,,,,"Islamorada, FL",minted,no national table covers this government
rtr:us:fl:madeira-beach-florida-meetings-hub,Madeira Beach Florida Meetings Hub,other,us,FL,,,,,,Madeira Beach Florida Meetings Hub,minted,no national table covers this government
rtr:us:fl:new-port-richey,New Port Richey,special_district,us,FL,,,,,,"New Port Richey, FL",minted,no national table covers this government
rtr:us:fl:north-port,North Port,special_district,us,FL,,,,,,"City of North Port, FL|North Port, FL",minted,no national table covers this government
rtr:us:fl:nsb,Nsb,other,us,FL,,,,,,Nsb,minted,no national table covers this government
rtr:us:fl:pcb-gov,Pcb Gov,other,us,FL,,,,,,Pcb Gov,minted,no national table covers this government
rtr:us:fl:port-orange,Port Orange,special_district,us,FL,,,,,,"Port Orange, FL",minted,no national table covers this government
rtr:us:fl:port-st-lucie,Port St. Lucie,special_district,us,FL,,,,,,"City of Port St Lucie|Port St. Lucie, FL",minted,no national table covers this government
rtr:us:fl:ps-c,Ps C,other,us,FL,,,,,,"Ps C, FL",minted,no national table covers this government
rtr:us:fl:st-johns-river-water-management-district,St. Johns River Water Management District,special_district,us,FL,,,,,,"St. Johns River Water Management District, FL",minted,no national table covers this government
rtr:us:fl:st-lucie-county,St Lucie County,county,us,FL,,,,,,"St Lucie County, FL",minted,no national table covers this government
rtr:us:fl:tampa-bay-water,Tampa Bay Water,special_district,us,FL,,,,,,"City of Tampa D.|Tampa Bay Water, FL",minted,no national table covers this government
rtr:us:ga:walton-county-meetings-portal,Walton County Meetings Portal,county,us,GA,,,,,,Walton County Meetings Portal,minted,no national table covers this government
rtr:us:hi:honolulu,City of Honolulu,municipality,us,HI,,,,,,"City of Honolulu|City of Honolulu, HI",minted,no national table covers this government
rtr:us:hi:kaua-apos-i-county,Kaua&apos;i County,county,us,HI,,,,,,"Kaua&apos;i County, HI",minted,no national table covers this government
rtr:us:il:gales-burg,Gales Burg,other,us,IL,,,,,,Gales Burg,minted,no national table covers this government
rtr:us:il:park-ridge-park-district,Park Ridge Park District,special_district,us,IL,,,,,,"Park Ridge Park District, IL",minted,no national table covers this government
rtr:us:ks:andover,The City of Andover,other,us,KS,,,,,,The City of Andover,minted,no national table covers this government
rtr:us:ks:eldorado,Eldorado,other,us,KS,,,,,,Eldorado,minted,no national table covers this government
rtr:us:ky:louisville,Louisville,other,us,KY,,,,,,"Louisville|Louisville, KY",minted,no national table covers this government
rtr:us:la:louisiana-economic-development,Louisiana Economic Development,other,us,LA,,,,,,"Louisiana Economic Development, LA",minted,no national table covers this government
rtr:us:la:st-charles-parish,St Charles Parish,county,us,LA,,,,,,"St Charles Parish, LA",minted,no national table covers this government
rtr:us:ma:city,City,municipality,us,MA,,,,,,"City, MA",minted,no national table covers this government
rtr:us:ma:port-colborne-resolution,Port Colborne Resolution,special_district,us,MA,,,,,,Port Colborne Resolution,minted,no national table covers this government
rtr:us:ma:unknown-jurisdiction,Unknown Jurisdiction,other,us,MA,,,,,,Unknown Jurisdiction,minted,no national table covers this government
rtr:us:md:baltimore-county,Baltimore County,county,us,MD,,,,,,"Baltimore County, MD",minted,no national table covers this government
rtr:us:md:caroline-county-ps,Caroline County PS,county,us,MD,,,,,,"Caroline County PS, MD",minted,no national table covers this government
rtr:us:md:college-park,The City of College Park,other,us,MD,,,,,,"The City of College Park, MD",minted,no national table covers this government
rtr:us:md:july13-2026-town-of-bladensburg-maryland-meetings-hub,"July13, 2026 | Town of Bladensburg Maryland Meetings Hub",other,us,MD,,,,,,"July13, 2026|July13, 2026 | Town of Bladensburg Maryland Meetings Hub|Town of Bladensburg Maryland Meetings Hub",minted,no national table covers this government
rtr:us:md:montgomery-county-planning-board,Montgomery County Planning Board,county,us,MD,,,,,,"Montgomery County|Montgomery County Planning Board, MD",minted,no national table covers this government
rtr:us:md:municode-portal,Municode Portal,other,us,MD,,,,,,Municode Portal,minted,no national table covers this government
rtr:us:md:prince-george-apos-s-county,Prince George&apos;s County,county,us,MD,,,,,,"Prince George&apos;s County, MD",minted,no national table covers this government
rtr:us:md:s-fw,S Fw,other,us,MD,,,,,,"S Fw, MD",minted,no national table covers this government
rtr:us:mi:caledonia-township,Caledonia Township,township,us,MI,,,,,,Caledonia Township,minted,no national table covers this government
rtr:us:mi:clawson,The City of Clawson,other,us,MI,,,,,,"The City of Clawson, MI",minted,no national table covers this government
rtr:us:mi:east-lansing,The City of East Lansing,other,us,MI,,,,,,"The City of East Lansing, MI",minted,no national table covers this government
rtr:us:mi:lincoln-park,The City of Lincoln Park,other,us,MI,,,,,,"The City of Lincoln Park, MI",minted,no national table covers this government
rtr:us:mi:meridian,Meridian,other,us,MI,,,,,,Meridian,minted,no national table covers this government
rtr:us:mi:orion-township,Orion Township,township,us,MI,,,,,,"Orion Township, MI",minted,no national table covers this government
rtr:us:mi:the-city-of-clawson,The City of Clawson,other,us,MI,,,,,,"The City of Clawson, MI",minted,no national table covers this government
rtr:us:mi:the-city-of-east-lansing,The City of East Lansing,other,us,MI,,,,,,"The City of East Lansing, MI",minted,no national table covers this government
rtr:us:mi:the-city-of-lincoln-park,The City of Lincoln Park,other,us,MI,,,,,,"The City of Lincoln Park, MI",minted,no national table covers this government
rtr:us:mn:anoka-hennepin-school-district,Anoka-Hennepin School District,school_district,us,MN,,,,,,"Anoka-Hennepin School District, MN",minted,no national table covers this government
rtr:us:mn:metropolitan-airports-commission,Metropolitan Airports Commission,special_district,us,MN,,,,,,"Metropolitan Airports Commission (MAC)|Metropolitan Airports Commission, MN",minted,no national table covers this government
rtr:us:mn:st-james,St James,other,us,MN,,,,,,"St James, MN",minted,no national table covers this government
rtr:us:mn:unknown-jurisdiction,Unknown Jurisdiction,other,us,MN,,,,,,Unknown Jurisdiction,minted,no national table covers this government
rtr:us:nc:cape-fear-public-utility-authority,Cape Fear Public Utility Authority,special_district,us,NC,,,,,,"Cape Fear Public Utility Authority, NC",minted,no national table covers this government
rtr:us:nc:king-county,King County,county,us,NC,,,,,,"King County|King County, NC",minted,no national table covers this government
rtr:us:nc:lees-summit,City of Lees Summit,municipality,us,NC,,,,,,City of Lees Summit,minted,no national table covers this government
rtr:us:nh:hooksett,The Town of Hooksett,other,us,NH,,,,,,"The Town of Hooksett, NH",minted,no national table covers this government
rtr:us:nh:the-town-of-hooksett,The Town of Hooksett,other,us,NH,,,,,,"The Town of Hooksett, NH",minted,no national table covers this government
rtr:us:nj:fairhaven,Fairhaven,other,us,NJ,,,,,,"Borough of Fair Haven|Fairhaven, NJ",minted,no national table covers this government
rtr:us:nj:franklin-township,Franklin Township,township,us,NJ,,,,,,"Franklin Township, NJ",minted,no national table covers this government
rtr:us:nm:albuquerque-bernalillo-county-water-utility-authority,Albuquerque Bernalillo County Water Utility Authority,special_district,us,NM,,,,,,"Albuquerque Bernalillo County Water Utility Authority|Albuquerque Bernalillo County Water Utility Authority, NM",minted,no national table covers this government
rtr:us:nv:city-of-reno-logo,"City of Reno Logo""",municipality,us,NV,,,,,,"City of Reno Logo"", NV",minted,no national table covers this government
rtr:us:nv:incline-village,Incline Village,municipality,us,NV,,,,,,"Incline Village, NV",minted,no national table covers this government
rtr:us:nv:reno-logo,"City of Reno Logo""",municipality,us,NV,,,,,,"City of Reno Logo"", NV",minted,no national table covers this government
rtr:us:ny:amherst-erie-county,"Town of Amherst, Erie County",county,us,NY,,,,,,"Town of Amherst, Erie County, NY",minted,no national table covers this government
rtr:us:ny:buffalo,The City of Buffalo,other,us,NY,,,,,,"The City of Buffalo, NY",minted,no national table covers this government
rtr:us:ny:east-hampton-long-island,"Town of East Hampton, Long Island",municipality,us,NY,,,,,,"Town of East Hampton, Long Island, NY",minted,no national table covers this government
rtr:us:ny:farmingville,Farmingville,other,us,NY,,,,,,"Farmingville, NY",minted,no national table covers this government
rtr:us:ny:north-salem,The Town of North Salem,other,us,NY,,,,,,"The Town of North Salem, NY",minted,no national table covers this government
rtr:us:ny:port-chester,Port Chester,special_district,us,NY,,,,,,"Port Chester, NY",minted,no national table covers this government
rtr:us:ny:smithtown-smithtown,"Town of Smithtown,Smithtown",municipality,us,NY,,,,,,"Town of Smithtown,Smithtown NY",minted,no national table covers this government
rtr:us:ny:southampton-long-island,"Town of Southampton, Long Island",municipality,us,NY,,,,,,"Town of Southampton, Long Island, NY",minted,no national table covers this government
rtr:us:ny:southold-long-island,"Town of Southold, Long Island",municipality,us,NY,,,,,,"Town of Southold, Long Island, NY",minted,no national table covers this government
rtr:us:ny:the-city-of-buffalo,The City of Buffalo,other,us,NY,,,,,,"The City of Buffalo, NY",minted,no national table covers this government
rtr:us:ny:the-town-of-north-salem,The Town of North Salem,other,us,NY,,,,,,"The Town of North Salem, NY",minted,no national table covers this government
rtr:us:ny:town-of-amherst-erie-county,"Town of Amherst, Erie County",county,us,NY,,,,,,"Town of Amherst, Erie County, NY",minted,no national table covers this government
rtr:us:ny:town-of-east-hampton-long-island,"Town of East Hampton, Long Island",municipality,us,NY,,,,,,"Town of East Hampton, Long Island, NY",minted,no national table covers this government
rtr:us:ny:town-of-southampton-long-island,"Town of Southampton, Long Island",municipality,us,NY,,,,,,"Town of Southampton, Long Island, NY",minted,no national table covers this government
rtr:us:ny:town-of-southold-long-island,"Town of Southold, Long Island",municipality,us,NY,,,,,,"Town of Southold, Long Island, NY",minted,no national table covers this government
rtr:us:ny:tv,TV,special_district,us,NY,,,,,,"TV, NY",minted,no national table covers this government
rtr:us:oh:deerfield-township,Deerfield Township,township,us,OH,,,,,,"Deerfield Township, OH",minted,no national table covers this government
rtr:us:oh:st-marys,St Marys,other,us,OH,,,,,,"City of St. Marys|St Marys, OH",minted,no national table covers this government
rtr:us:oh:unknown-jurisdiction,Unknown Jurisdiction,other,us,OH,,,,,,Unknown Jurisdiction,minted,no national table covers this government
rtr:us:or:unknown-jurisdiction,Unknown Jurisdiction,other,us,OR,,,,,,Unknown Jurisdiction,minted,no national table covers this government
rtr:us:pa:cherry-township,Cherry Township,township,us,PA,,,,,,"Cherry Township, PA",minted,no national table covers this government
rtr:us:pa:middletown-township,Middletown Township,township,us,PA,,,,,,"Middletown Township, PA",minted,no national table covers this government
rtr:us:pa:upper-providence,Upper Providence,other,us,PA,,,,,,"Upper Providence, PA",minted,no national table covers this government
rtr:us:pa:warrington-township,Warrington Township,township,us,PA,,,,,,"Warrington Township, PA",minted,no national table covers this government
rtr:us:ri:north-kingstown-school-committee,North Kingstown School Committee,school_district,us,RI,,,,,,"North Kingstown School Committee, RI",minted,no national table covers this government
rtr:us:sc:arkansas-supreme-court,Arkansas Supreme Court,court,us,SC,,,,,,Arkansas Supreme Court,minted,no national table covers this government
rtr:us:sd:nassau-county,Nassau County,county,us,SD,,,,,,Nassau County,minted,no national table covers this government
rtr:us:tn:municode-portal,Municode Portal,other,us,TN,,,,,,Municode Portal,minted,no national table covers this government
rtr:us:tn:nashville-davidson-county,Nashville-Davidson County,county,us,TN,,,,,,"Nashville|Nashville-Davidson County, TN",minted,no national table covers this government
rtr:us:tn:nashville-davidson-metropolitan-government,Nashville-Davidson metropolitan government,special_district,us,TN,,,,,,"Nashville|Nashville-Davidson metropolitan government, TN",minted,no national table covers this government
rtr:us:tn:oak-ridge,The City of Oak Ridge,other,us,TN,,,,,,The City of Oak Ridge,minted,no national table covers this government
rtr:us:tn:unknown-jurisdiction,Unknown Jurisdiction,other,us,TN,,,,,,Unknown Jurisdiction,minted,no national table covers this government
rtr:us:tx:aledo-isd,Aledo ISD,school_district,us,TX,,,,,,"Aledo ISD, TX",minted,no national table covers this government
rtr:us:tx:allen-isd,Allen ISD,school_district,us,TX,,,,,,"Allen ISD, TX",minted,no national table covers this government
rtr:us:tx:amarillo,The City of Amarillo,other,us,TX,,,,,,"The City of Amarillo, TX",minted,no national table covers this government
rtr:us:tx:birdville-isd,Birdville ISD,school_district,us,TX,,,,,,"Birdville ISD, TX",minted,no national table covers this government
rtr:us:tx:capital-metro-austin,"Capital Metro, Austin",other,us,TX,,,,,,"Capital Metro, Austin TX",minted,no national table covers this government
rtr:us:tx:capital-metropolitan-transportation-authority,Capital Metropolitan Transportation Authority,special_district,us,TX,,,,,,"Capital Metropolitan Transportation Authority, TX",minted,no national table covers this government
rtr:us:tx:carroll-isd,Carroll ISD,school_district,us,TX,,,,,,"Carroll ISD, TX",minted,no national table covers this government
rtr:us:tx:cedar-hill-isd,Cedar Hill ISD,school_district,us,TX,,,,,,"Cedar Hill ISD, TX",minted,no national table covers this government
rtr:us:tx:city-of-sunset-valley-travis-county,"City of Sunset Valley, Travis County",county,us,TX,,,,,,"City of Sunset Valley, Travis County, TX",minted,no national table covers this government
rtr:us:tx:coppell-isd,Coppell ISD,school_district,us,TX,,,,,,"Coppell ISD, TX",minted,no national table covers this government
rtr:us:tx:corpus-christi-isd,Corpus Christi ISD,school_district,us,TX,,,,,,"Corpus Christi ISD, TX",minted,no national table covers this government
rtr:us:tx:crowley-isd,Crowley ISD,school_district,us,TX,,,,,,"Crowley ISD, TX",minted,no national table covers this government
rtr:us:tx:dallas-isd,Dallas ISD,school_district,us,TX,,,,,,"Dallas ISD, TX",minted,no national table covers this government
rtr:us:tx:del-valle-isd,Del Valle ISD,school_district,us,TX,,,,,,"Del Valle ISD, TX",minted,no national table covers this government
rtr:us:tx:dickinson-isd,Dickinson ISD,school_district,us,TX,,,,,,"Dickinson ISD, TX",minted,no national table covers this government
rtr:us:tx:dripping-springs-isd,Dripping Springs ISD,school_district,us,TX,,,,,,"Dripping Springs ISD, TX",minted,no national table covers this government
rtr:us:tx:eanes-isd,Eanes ISD,school_district,us,TX,,,,,,"Eanes ISD, TX",minted,no national table covers this government
rtr:us:tx:fair-fire-department,Fair Fire Department,other,us,TX,,,,,,"Fair Fire Department, TX",minted,no national table covers this government
rtr:us:tx:fort-bend-county-isd,Fort Bend County ISD,school_district,us,TX,,,,,,"Fort Bend County ISD, TX",minted,no national table covers this government
rtr:us:tx:frisco-isd,Frisco ISD,school_district,us,TX,,,,,,"Frisco ISD, TX",minted,no national table covers this government
rtr:us:tx:garland-isd,Garland ISD,school_district,us,TX,,,,,,"Garland ISD, TX",minted,no national table covers this government
rtr:us:tx:grand-prairie-isd,Grand Prairie ISD,school_district,us,TX,,,,,,"Grand Prairie ISD, TX",minted,no national table covers this government
rtr:us:tx:hays-cisd,Hays CISD,school_district,us,TX,,,,,,"Hays CISD, TX",minted,no national table covers this government
rtr:us:tx:hutto-isd,Hutto ISD,school_district,us,TX,,,,,,"Hutto ISD, TX",minted,no national table covers this government
rtr:us:tx:irving-isd,Irving ISD,school_district,us,TX,,,,,,"Irving ISD, TX",minted,no national table covers this government
rtr:us:tx:katy-isd,Katy ISD,school_district,us,TX,,,,,,"Katy ISD, TX",minted,no national table covers this government
rtr:us:tx:killeen-isd,Killeen ISD,school_district,us,TX,,,,,,"Killeen ISD, TX",minted,no national table covers this government
rtr:us:tx:lake-travis-isd,Lake Travis ISD,school_district,us,TX,,,,,,"Lake Travis ISD, TX",minted,no national table covers this government
rtr:us:tx:lamar-cisd,Lamar CISD,school_district,us,TX,,,,,,"Lamar CISD, TX",minted,no national table covers this government
rtr:us:tx:little-elm-isd,Little Elm ISD,school_district,us,TX,,,,,,"Little Elm ISD, TX",minted,no national table covers this government
rtr:us:tx:live-oak-texas,The City of Live Oak Texas,other,us,TX,,,,,,The City of Live Oak Texas,minted,no national table covers this government
rtr:us:tx:lubbock-isd,Lubbock ISD,school_district,us,TX,,,,,,"Lubbock ISD, TX",minted,no national table covers this government
rtr:us:tx:midlothian-isd,Midlothian ISD,school_district,us,TX,,,,,,"Midlothian ISD, TX",minted,no national table covers this government
rtr:us:tx:pedernals-electric-cooperative,Pedernals Electric Cooperative,other,us,TX,,,,,,"Pedernals Electric Cooperative, TX",minted,no national table covers this government
rtr:us:tx:pflugerville-isd,Pflugerville ISD,school_district,us,TX,,,,,,"Pflugerville ISD, TX",minted,no national table covers this government
rtr:us:tx:plano-isd,Plano ISD,school_district,us,TX,,,,,,"Plano ISD, TX",minted,no national table covers this government
rtr:us:tx:port-arthur,Port Arthur,special_district,us,TX,,,,,,"Port Arthur, TX",minted,no national table covers this government
rtr:us:tx:richardson-isd,Richardson ISD,school_district,us,TX,,,,,,"Richardson ISD, TX",minted,no national table covers this government
rtr:us:tx:richwood-texas,City of Richwood Texas,municipality,us,TX,,,,,,City of Richwood Texas,minted,no national table covers this government
rtr:us:tx:round-rock-isd,Round Rock ISD,school_district,us,TX,,,,,,"Round Rock ISD, TX",minted,no national table covers this government
rtr:us:tx:san-jacinto-river-authority,San Jacinto River Authority,special_district,us,TX,,,,,,"San Jacinto River Authority, TX",minted,no national table covers this government
rtr:us:tx:spring-branch-isd,Spring Branch ISD,school_district,us,TX,,,,,,"Spring Branch ISD, TX",minted,no national table covers this government
rtr:us:tx:sunset-valley-travis-county,"City of Sunset Valley, Travis County",county,us,TX,,,,,,"City of Sunset Valley, Travis County, TX",minted,no national table covers this government
rtr:us:tx:tarrant-county-college-district,Tarrant County College District,school_district,us,TX,,,,,,"Tarrant County College District, TX|Tarrant County, TX",minted,no national table covers this government
rtr:us:tx:texas,Texas,other,us,TX,,,,,,"Electric Reliability Council of Texas, TX|Texas Department of Family and Protective Services, TX",minted,no national table covers this government
rtr:us:tx:the-city-of-amarillo,The City of Amarillo,other,us,TX,,,,,,"The City of Amarillo, TX",minted,no national table covers this government
rtr:us:tx:the-woodlands-township,The Woodlands Township,township,us,TX,,,,,,"The Woodlands Township, TX",minted,no national table covers this government
rtr:us:tx:travis-central-appraisal-district,Travis Central Appraisal District,special_district,us,TX,,,,,,"Travis Central Appraisal District, TX",minted,no national table covers this government
rtr:us:tx:unknown-jurisdiction,Unknown Jurisdiction,other,us,TX,,,,,,Unknown Jurisdiction,minted,no national table covers this government
rtr:us:tx:via-metropolitan-transit,VIA Metropolitan Transit,special_district,us,TX,,,,,,"VIA Metropolitan Transit, TX",minted,no national table covers this government
rtr:us:tx:victoria-isd,Victoria ISD,school_district,us,TX,,,,,,"Victoria ISD, TX",minted,no national table covers this government
rtr:us:tx:wichita-falls-isd,Wichita Falls ISD,school_district,us,TX,,,,,,"Wichita Falls ISD, TX",minted,no national table covers this government
rtr:us:tx:willow-park-texas-meetings-hub,Willow Park Texas Meetings Hub,other,us,TX,,,,,,Willow Park Texas Meetings Hub,minted,no national table covers this government
rtr:us:ut:mill-creek,Mill Creek,other,us,UT,,,,,,Mill Creek,minted,no national table covers this government
rtr:us:ut:subtitles-county,Subtitles County,county,us,UT,,,,,,Subtitles County,minted,no national table covers this government
rtr:us:ut:unknown-jurisdiction,Unknown Jurisdiction,other,us,UT,,,,,,Unknown Jurisdiction,minted,no national table covers this government
rtr:us:va:goochland-county-ps,Goochland County PS,county,us,VA,,,,,,"Goochland County PS, VA",minted,no national table covers this government
rtr:us:va:harrisonburg,The City of Harrisonburg,other,us,VA,,,,,,"The City of Harrisonburg, VA",minted,no national table covers this government
rtr:us:va:roanoke-county,Roanoke County,county,us,VA,,,,,,"Roanoke County, VA",minted,no national table covers this government
rtr:us:va:the-city-of-harrisonburg,The City of Harrisonburg,other,us,VA,,,,,,"The City of Harrisonburg, VA",minted,no national table covers this government
rtr:us:wa:bainbridge,Bainbridge,other,us,WA,,,,,,"Bainbridge, WA",minted,no national table covers this government
rtr:us:wa:city-of-port-townsend,City of Port Townsend,special_district,us,WA,,,,,,"City of Port Townsend, WA",minted,no national table covers this government
rtr:us:wa:port-townsend,City of Port Townsend,special_district,us,WA,,,,,,"City of Port Townsend, WA",minted,no national table covers this government
rtr:us:wa:puget-sound-regional-council,Puget Sound Regional Council,special_district,us,WA,,,,,,"Psr C 2|Puget Sound Regional Council, WA",minted,no national table covers this government
rtr:us:wa:redmond,The City of Redmond,other,us,WA,,,,,,"The City of Redmond, WA",minted,no national table covers this government
rtr:us:wa:the-city-of-redmond,The City of Redmond,other,us,WA,,,,,,"The City of Redmond, WA",minted,no national table covers this government
rtr:us:wi:columbus-wisconsin-meetings-hub,Columbus Wisconsin Meetings Hub,other,us,WI,,,,,,Columbus Wisconsin Meetings Hub,minted,no national table covers this government
rtr:us:wi:la-crosse,The City of La Crosse,other,us,WI,,,,,,"The City of La Crosse, WI",minted,no national table covers this government
rtr:us:wi:milwaukee,The City of Milwaukee,other,us,WI,,,,,,"The City of Milwaukee, WI",minted,no national table covers this government
rtr:us:wi:the-city-of-la-crosse,The City of La Crosse,other,us,WI,,,,,,"The City of La Crosse, WI",minted,no national table covers this government
rtr:us:wv:morgantown,The City of Morgantown,other,us,WV,,,,,,"The City of Morgantown, WV",minted,no national table covers this government
rtr:us:wv:ranson,Ranson,other,us,WV,,,,,,"Ranson, WV",minted,no national table covers this government
rtr:us:wv:the-city-of-morgantown,The City of Morgantown,other,us,WV,,,,,,"The City of Morgantown, WV",minted,no national table covers this government
rtr:us:xx:aberdeen,Aberdeen,other,us,,,,,,,Aberdeen,minted,no national table covers this government
rtr:us:xx:ac-transit,Ac Transit,special_district,us,,,,,,,Ac Transit,minted,no national table covers this government
rtr:us:xx:ada-county-highway-district,Ada County Highway District,county,us,,,,,,,Ada County Highway District,minted,no national table covers this government
rtr:us:xx:albany-common,Albany Common,other,us,,,,,,,Albany Common,minted,no national table covers this government
rtr:us:xx:albuquerque-bernalillo-county-water-utility-authority,Albuquerque Bernalillo County Water Utility Authority,special_district,us,,,,,,,Albuquerque Bernalillo County Water Utility Authority,minted,no national table covers this government
rtr:us:xx:andover,Andover,other,us,,,,,,,Andover|The City of Andover,minted,no national table covers this government
rtr:us:xx:annapolis,City of Annapolis,municipality,us,,,,,,,City of Annapolis,minted,no national table covers this government
rtr:us:xx:appleton,City of Appleton,municipality,us,,,,,,,City of Appleton,minted,no national table covers this government
rtr:us:xx:arizona-supreme-court,Arizona Supreme Court,court,us,,,,,,,Arizona Supreme Court,minted,no national table covers this government
rtr:us:xx:arkansas-supreme-court,Arkansas Supreme Court,court,us,,,,,,,Arkansas Supreme Court,minted,no national table covers this government
rtr:us:xx:arlington-heights,Arlington Heights,other,us,,,,,,,Arlington Heights,minted,no national table covers this government
rtr:us:xx:ashland,Ashland,other,us,,,,,,,Ashland|Town of Ashland,minted,no national table covers this government
rtr:us:xx:bancroft,Town of Bancroft,municipality,us,,,,,,,Town of Bancroft,minted,no national table covers this government
rtr:us:xx:bangor,City of Bangor,municipality,us,,,,,,,City of Bangor,minted,no national table covers this government
rtr:us:xx:bay-area-headquarters-authority,Bay Area Headquarters Authority,special_district,us,,,,,,,Bay Area Headquarters Authority,minted,no national table covers this government
rtr:us:xx:beach-cities-health-district,Beach Cities Health District,special_district,us,,,,,,,Beach Cities Health District,minted,no national table covers this government
rtr:us:xx:beaufort,Beaufort,other,us,,,,,,,Beaufort,minted,no national table covers this government
rtr:us:xx:bellaire,City of Bellaire,municipality,us,,,,,,,City of Bellaire,minted,no national table covers this government
rtr:us:xx:bellefonte-borough,Bellefonte Borough,municipality,us,,,,,,,Bellefonte Borough,minted,no national table covers this government
rtr:us:xx:bellevue,City of Bellevue,municipality,us,,,,,,,City of Bellevue,minted,no national table covers this government
rtr:us:xx:benicia-ca,Benicia CA,other,us,,,,,,,Benicia CA,minted,no national table covers this government
rtr:us:xx:berlin,Town of Berlin,municipality,us,,,,,,,Town of Berlin,minted,no national table covers this government
rtr:us:xx:beverly-hills,City of Beverly Hills,municipality,us,,,,,,,City of Beverly Hills,minted,no national table covers this government
rtr:us:xx:birmingham,City of Birmingham,municipality,us,,,,,,,City of Birmingham,minted,no national table covers this government
rtr:us:xx:blount-county,Blount County,county,us,,,,,,,Blount County,minted,no national table covers this government
rtr:us:xx:borough-of-fair-haven,Borough of Fair Haven,municipality,us,,,,,,,Borough of Fair Haven,minted,no national table covers this government
rtr:us:xx:bradford,Town of Bradford,municipality,us,,,,,,,Town of Bradford,minted,no national table covers this government
rtr:us:xx:bradfordwestgwillimbury,Bradfordwestgwillimbury,other,us,,,,,,,Bradfordwestgwillimbury,minted,no national table covers this government
rtr:us:xx:brighton,Brighton,other,us,,,,,,,Brighton|City of Brighton,minted,no national table covers this government
rtr:us:xx:bristol,Town of Bristol,municipality,us,,,,,,,Town of Bristol,minted,no national table covers this government
rtr:us:xx:brock,Township Of Brock,township,us,,,,,,,Township Of Brock|Township of Brock,minted,no national table covers this government
rtr:us:xx:brookfield,Village of Brookfield,municipality,us,,,,,,,Village of Brookfield,minted,no national table covers this government
rtr:us:xx:bruce-county,Bruce County,county,us,,,,,,,Bruce County,minted,no national table covers this government
rtr:us:xx:buckley,City of Buckley,municipality,us,,,,,,,City of Buckley,minted,no national table covers this government
rtr:us:xx:burnsville,City of Burnsville,municipality,us,,,,,,,City of Burnsville,minted,no national table covers this government
rtr:us:xx:burton,City of Burton,municipality,us,,,,,,,City of Burton,minted,no national table covers this government
rtr:us:xx:butler-county,Butler County,county,us,,,,,,,Butler County,minted,no national table covers this government
rtr:us:xx:cal-icma,Cal-ICMA,other,us,,,,,,,Cal-ICMA,minted,no national table covers this government
rtr:us:xx:caledonia-township,Caledonia Township,township,us,,,,,,,Caledonia Township,minted,no national table covers this government
rtr:us:xx:california,California,other,us,,,,,,,California,minted,no national table covers this government
rtr:us:xx:california-state-personnel-board,California State Personnel Board,other,us,,,,,,,California State Personnel Board,minted,no national table covers this government
rtr:us:xx:cambridge,Cambridge,other,us,,,,,,,Cambridge|City of Cambridge,minted,no national table covers this government
rtr:us:xx:capital-metro-austin-tx,"Capital Metro, Austin TX",other,us,,,,,,,"Capital Metro, Austin TX",minted,no national table covers this government
rtr:us:xx:carrollton,City of Carrollton,municipality,us,,,,,,,City of Carrollton,minted,no national table covers this government
rtr:us:xx:carson,City of Carson,municipality,us,,,,,,,City of Carson,minted,no national table covers this government
rtr:us:xx:cass,Cass,other,us,,,,,,,Cass,minted,no national table covers this government
rtr:us:xx:castle-rock,Town of Castle Rock,municipality,us,,,,,,,Town of Castle Rock,minted,no national table covers this government
rtr:us:xx:central-valley-flood-protection-board,Central Valley Flood Protection Board,other,us,,,,,,,Central Valley Flood Protection Board,minted,no national table covers this government
rtr:us:xx:chapel-hill,Town of Chapel Hill,municipality,us,,,,,,,Town of Chapel Hill,minted,no national table covers this government
rtr:us:xx:chatham-kent,Chatham Kent,other,us,,,,,,,Chatham Kent,minted,no national table covers this government
rtr:us:xx:chesterfield,Chesterfield,other,us,,,,,,,Chesterfield,minted,no national table covers this government
rtr:us:xx:chesterfield-township,Chesterfield Township,township,us,,,,,,,Chesterfield Township,minted,no national table covers this government
rtr:us:xx:cheyenne,City of Cheyenne,municipality,us,,,,,,,City of Cheyenne,minted,no national table covers this government
rtr:us:xx:city-and-county-of-san-francisco,City and County of San Francisco,county,us,,,,,,,City and County of San Francisco,minted,no national table covers this government
rtr:us:xx:city-of-al,City of Al,municipality,us,,,,,,,City of Al,minted,no national table covers this government
rtr:us:xx:city-of-annapolis,City of Annapolis,municipality,us,,,,,,,City of Annapolis,minted,no national table covers this government
rtr:us:xx:city-of-appleton,City of Appleton,municipality,us,,,,,,,City of Appleton,minted,no national table covers this government
rtr:us:xx:city-of-bangor,City of Bangor,municipality,us,,,,,,,City of Bangor,minted,no national table covers this government
rtr:us:xx:city-of-bellaire,City of Bellaire,municipality,us,,,,,,,City of Bellaire,minted,no national table covers this government
rtr:us:xx:city-of-bellevue,City of Bellevue,municipality,us,,,,,,,City of Bellevue,minted,no national table covers this government
rtr:us:xx:city-of-beverly-hills,City of Beverly Hills,municipality,us,,,,,,,City of Beverly Hills,minted,no national table covers this government
rtr:us:xx:city-of-birmingham,City of Birmingham,municipality,us,,,,,,,City of Birmingham,minted,no national table covers this government
rtr:us:xx:city-of-buckley,City of Buckley,municipality,us,,,,,,,City of Buckley,minted,no national table covers this government
rtr:us:xx:city-of-burnsville,City of Burnsville,municipality,us,,,,,,,City of Burnsville,minted,no national table covers this government
rtr:us:xx:city-of-burton,City of Burton,municipality,us,,,,,,,City of Burton,minted,no national table covers this government
rtr:us:xx:city-of-cambridge,City of Cambridge,municipality,us,,,,,,,City of Cambridge,minted,no national table covers this government
rtr:us:xx:city-of-carrollton,City of Carrollton,municipality,us,,,,,,,City of Carrollton,minted,no national table covers this government
rtr:us:xx:city-of-carson,City of Carson,municipality,us,,,,,,,City of Carson,minted,no national table covers this government
rtr:us:xx:city-of-cheyenne,City of Cheyenne,municipality,us,,,,,,,City of Cheyenne,minted,no national table covers this government
rtr:us:xx:city-of-clinton,City of Clinton,municipality,us,,,,,,,City of Clinton,minted,no national table covers this government
rtr:us:xx:city-of-corona,City of Corona,municipality,us,,,,,,,City of Corona,minted,no national table covers this government
rtr:us:xx:city-of-cottage-grove,City of Cottage Grove,municipality,us,,,,,,,City of Cottage Grove,minted,no national table covers this government
rtr:us:xx:city-of-crestview,City of Crestview,municipality,us,,,,,,,City of Crestview,minted,no national table covers this government
rtr:us:xx:city-of-dallas,City of Dallas,municipality,us,,,,,,,City of Dallas,minted,no national table covers this government
rtr:us:xx:city-of-easton,City of Easton,municipality,us,,,,,,,City of Easton,minted,no national table covers this government
rtr:us:xx:city-of-edina,City of Edina,municipality,us,,,,,,,City of Edina,minted,no national table covers this government
rtr:us:xx:city-of-ennis,City of Ennis,municipality,us,,,,,,,City of Ennis,minted,no national table covers this government
rtr:us:xx:city-of-evanston,City of Evanston,municipality,us,,,,,,,City of Evanston,minted,no national table covers this government
rtr:us:xx:city-of-everett,City of Everett,municipality,us,,,,,,,City of Everett,minted,no national table covers this government
rtr:us:xx:city-of-farmington,City of Farmington,municipality,us,,,,,,,City of Farmington,minted,no national table covers this government
rtr:us:xx:city-of-frederick,City of Frederick,municipality,us,,,,,,,City of Frederick,minted,no national table covers this government
rtr:us:xx:city-of-fremont,City of Fremont,municipality,us,,,,,,,City of Fremont,minted,no national table covers this government
rtr:us:xx:city-of-germantown,City of Germantown,municipality,us,,,,,,,City of Germantown,minted,no national table covers this government
rtr:us:xx:city-of-golden,City of Golden,municipality,us,,,,,,,City of Golden,minted,no national table covers this government
rtr:us:xx:city-of-green,City of Green,municipality,us,,,,,,,City of Green,minted,no national table covers this government
rtr:us:xx:city-of-greensboro,City of Greensboro,municipality,us,,,,,,,City of Greensboro,minted,no national table covers this government
rtr:us:xx:city-of-gresham,City of Gresham,municipality,us,,,,,,,City of Gresham,minted,no national table covers this government
rtr:us:xx:city-of-gulfport,City of Gulfport,municipality,us,,,,,,,City of Gulfport,minted,no national table covers this government
rtr:us:xx:city-of-guttenberg,City of Guttenberg,municipality,us,,,,,,,City of Guttenberg,minted,no national table covers this government
rtr:us:xx:city-of-hamilton,City of Hamilton,municipality,us,,,,,,,City of Hamilton|H Psb|Hamilton,minted,no national table covers this government
rtr:us:xx:city-of-hartford,City of Hartford,municipality,us,,,,,,,City of Hartford,minted,no national table covers this government
rtr:us:xx:city-of-hawthorne,City of Hawthorne,municipality,us,,,,,,,City of Hawthorne,minted,no national table covers this government
rtr:us:xx:city-of-hesperia,City of Hesperia,municipality,us,,,,,,,City of Hesperia,minted,no national table covers this government
rtr:us:xx:city-of-hot-springs-arkansas-government,"City of Hot Springs, Arkansas Government",municipality,us,,,,,,,"City of Hot Springs, Arkansas Government",minted,no national table covers this government
rtr:us:xx:city-of-houston,City of Houston,municipality,us,,,,,,,City of Houston,minted,no national table covers this government
rtr:us:xx:city-of-joliet,City of Joliet,municipality,us,,,,,,,City of Joliet,minted,no national table covers this government
rtr:us:xx:city-of-lafayette,City of Lafayette,municipality,us,,,,,,,City of Lafayette,minted,no national table covers this government
rtr:us:xx:city-of-lake-forest,City of Lake Forest,municipality,us,,,,,,,"City of Lake Forest|City of Lake Forest""",minted,no national table covers this government
rtr:us:xx:city-of-lancaster,City of Lancaster,municipality,us,,,,,,,City of Lancaster,minted,no national table covers this government
rtr:us:xx:city-of-las-vegas,City of Las Vegas,municipality,us,,,,,,,City of Las Vegas,minted,no national table covers this government
rtr:us:xx:city-of-lawrence,City of Lawrence,municipality,us,,,,,,,City of Lawrence,minted,no national table covers this government
rtr:us:xx:city-of-leawood,City of Leawood,municipality,us,,,,,,,City of Leawood,minted,no national table covers this government
rtr:us:xx:city-of-lees-summit,City of Lees Summit,municipality,us,,,,,,,City of Lees Summit,minted,no national table covers this government
rtr:us:xx:city-of-lincoln,City of Lincoln,municipality,us,,,,,,,City of Lincoln,minted,no national table covers this government
rtr:us:xx:city-of-lincoln-park,City of Lincoln Park,municipality,us,,,,,,,City of Lincoln Park,minted,no national table covers this government
rtr:us:xx:city-of-lockport,City of Lockport,municipality,us,,,,,,,City of Lockport,minted,no national table covers this government
rtr:us:xx:city-of-london,City of London,municipality,us,,,,,,,City of London,minted,no national table covers this government
rtr:us:xx:city-of-longmont-for-the-fiscal,City of Longmont For The Fiscal,municipality,us,,,,,,,City of Longmont For The Fiscal,minted,no national table covers this government
rtr:us:xx:city-of-mansfield,City of Mansfield,municipality,us,,,,,,,City of Mansfield,minted,no national table covers this government
rtr:us:xx:city-of-marion,City of Marion,municipality,us,,,,,,,City of Marion,minted,no national table covers this government
rtr:us:xx:city-of-middletown,City of Middletown,municipality,us,,,,,,,City of Middletown,minted,no national table covers this government
rtr:us:xx:city-of-midland,City of Midland,municipality,us,,,,,,,City of Midland,minted,no national table covers this government
rtr:us:xx:city-of-mission,City of Mission,municipality,us,,,,,,,City of Mission,minted,no national table covers this government
rtr:us:xx:city-of-nelson,City of Nelson,municipality,us,,,,,,,City of Nelson,minted,no national table covers this government
rtr:us:xx:city-of-new-carlisle,City of New Carlisle,municipality,us,,,,,,,City of New Carlisle,minted,no national table covers this government
rtr:us:xx:city-of-new-franklin,City of New Franklin,municipality,us,,,,,,,City of New Franklin,minted,no national table covers this government
rtr:us:xx:city-of-newton,City of Newton,municipality,us,,,,,,,City of Newton,minted,no national table covers this government
rtr:us:xx:city-of-northfield,City of Northfield,municipality,us,,,,,,,City of Northfield,minted,no national table covers this government
rtr:us:xx:city-of-oak-harbor,City of Oak Harbor,municipality,us,,,,,,,City of Oak Harbor,minted,no national table covers this government
rtr:us:xx:city-of-orange,City of Orange,municipality,us,,,,,,,City of Orange,minted,no national table covers this government
rtr:us:xx:city-of-palm-springs,City of Palm Springs,municipality,us,,,,,,,City of Palm Springs,minted,no national table covers this government
rtr:us:xx:city-of-palo-alto-amending-section,City of Palo Alto Amending Section,municipality,us,,,,,,,City of Palo Alto Amending Section,minted,no national table covers this government
rtr:us:xx:city-of-park-ridge,City of Park Ridge,municipality,us,,,,,,,City of Park Ridge,minted,no national table covers this government
rtr:us:xx:city-of-pasadena,City of Pasadena,municipality,us,,,,,,,City of Pasadena,minted,no national table covers this government
rtr:us:xx:city-of-pensacola,City of Pensacola,municipality,us,,,,,,,City of Pensacola,minted,no national table covers this government
rtr:us:xx:city-of-phoenix,City of Phoenix,municipality,us,,,,,,,City of Phoenix,minted,no national table covers this government
rtr:us:xx:city-of-pilot-point,City of Pilot Point,municipality,us,,,,,,,City of Pilot Point,minted,no national table covers this government
rtr:us:xx:city-of-plantation,City of Plantation,municipality,us,,,,,,,City of Plantation,minted,no national table covers this government
rtr:us:xx:city-of-pleasant-hill,City of Pleasant Hill,municipality,us,,,,,,,City of Pleasant Hill,minted,no national table covers this government
rtr:us:xx:city-of-plymouth,City of Plymouth,municipality,us,,,,,,,City of Plymouth,minted,no national table covers this government
rtr:us:xx:city-of-portage,City of Portage,municipality,us,,,,,,,City of Portage,minted,no national table covers this government
rtr:us:xx:city-of-portland,City of Portland,municipality,us,,,,,,,City of Portland,minted,no national table covers this government
rtr:us:xx:city-of-richmond,City of Richmond,municipality,us,,,,,,,City of Richmond,minted,no national table covers this government
rtr:us:xx:city-of-richwood-texas,City of Richwood Texas,municipality,us,,,,,,,City of Richwood Texas,minted,no national table covers this government
rtr:us:xx:city-of-ridgecrest,City of Ridgecrest,municipality,us,,,,,,,City of Ridgecrest,minted,no national table covers this government
rtr:us:xx:city-of-rome,City of Rome,municipality,us,,,,,,,City of Rome,minted,no national table covers this government
rtr:us:xx:city-of-san-marcos,City of San Marcos,municipality,us,,,,,,,City of San Marcos,minted,no national table covers this government
rtr:us:xx:city-of-sandy,City of Sandy,municipality,us,,,,,,,City of Sandy,minted,no national table covers this government
rtr:us:xx:city-of-saratoga-springs,City of Saratoga Springs,municipality,us,,,,,,,City of Saratoga Springs,minted,no national table covers this government
rtr:us:xx:city-of-sb,"City of Sb""",municipality,us,,,,,,,"City of Sb""",minted,no national table covers this government
rtr:us:xx:city-of-sebastopol,City of Sebastopol,municipality,us,,,,,,,City of Sebastopol,minted,no national table covers this government
rtr:us:xx:city-of-seminole,City of Seminole,municipality,us,,,,,,,City of Seminole,minted,no national table covers this government
rtr:us:xx:city-of-sitka,City of Sitka,municipality,us,,,,,,,City of Sitka,minted,no national table covers this government
rtr:us:xx:city-of-smyrna,City of Smyrna,municipality,us,,,,,,,City of Smyrna,minted,no national table covers this government
rtr:us:xx:city-of-st-george,City of St. George,municipality,us,,,,,,,City of St. George,minted,no national table covers this government
rtr:us:xx:city-of-st-marys,City of St. Marys,municipality,us,,,,,,,City of St. Marys,minted,no national table covers this government
rtr:us:xx:city-of-stockton,City of Stockton,municipality,us,,,,,,,City of Stockton,minted,no national table covers this government
rtr:us:xx:city-of-sun-valley,City of Sun Valley,municipality,us,,,,,,,City of Sun Valley,minted,no national table covers this government
rtr:us:xx:city-of-superior,City of Superior,municipality,us,,,,,,,City of Superior,minted,no national table covers this government
rtr:us:xx:city-of-tampa-d,City of Tampa D.,municipality,us,,,,,,,City of Tampa D.,minted,no national table covers this government
rtr:us:xx:city-of-vernon,City of Vernon,municipality,us,,,,,,,City of Vernon,minted,no national table covers this government
rtr:us:xx:city-of-verona,City of Verona,municipality,us,,,,,,,City of Verona,minted,no national table covers this government
rtr:us:xx:city-of-vista,City of Vista,municipality,us,,,,,,,City of Vista,minted,no national table covers this government
rtr:us:xx:city-of-walker,City of Walker,municipality,us,,,,,,,City of Walker,minted,no national table covers this government
rtr:us:xx:city-of-walnut,City of Walnut,municipality,us,,,,,,,City of Walnut,minted,no national table covers this government
rtr:us:xx:city-of-waverly,City of Waverly,municipality,us,,,,,,,City of Waverly,minted,no national table covers this government
rtr:us:xx:city-of-wayne,City of Wayne,municipality,us,,,,,,,City of Wayne,minted,no national table covers this government
rtr:us:xx:city-of-westminster,City of Westminster,municipality,us,,,,,,,City of Westminster,minted,no national table covers this government
rtr:us:xx:city-of-whitehouse,City of Whitehouse,municipality,us,,,,,,,City of Whitehouse,minted,no national table covers this government
rtr:us:xx:city-of-williamsburg,City of Williamsburg,municipality,us,,,,,,,City of Williamsburg,minted,no national table covers this government
rtr:us:xx:city-of-woodland,City of Woodland,municipality,us,,,,,,,City of Woodland,minted,no national table covers this government
rtr:us:xx:clayton-ca,Clayton CA,other,us,,,,,,,Clayton CA,minted,no national table covers this government
rtr:us:xx:clearview,Clearview,other,us,,,,,,,Clearview,minted,no national table covers this government
rtr:us:xx:clearwater-county,Clearwater County,county,us,,,,,,,Clearwater County,minted,no national table covers this government
rtr:us:xx:clinton,Clinton,other,us,,,,,,,City of Clinton|Clinton,minted,no national table covers this government
rtr:us:xx:coaldale,Coaldale,other,us,,,,,,,Coaldale,minted,no national table covers this government
rtr:us:xx:cofs,Cofs,other,us,,,,,,,Cofs,minted,no national table covers this government
rtr:us:xx:columbia,Columbia,other,us,,,,,,,Columbia,minted,no national table covers this government
rtr:us:xx:columbus-wisconsin-meetings-hub,Columbus Wisconsin Meetings Hub,other,us,,,,,,,Columbus Wisconsin Meetings Hub,minted,no national table covers this government
rtr:us:xx:cook-county-forest-preserve-district,Cook County Forest Preserve District,county,us,,,,,,,Cook County Forest Preserve District,minted,no national table covers this government
rtr:us:xx:cooperstown,Village of Cooperstown,municipality,us,,,,,,,Village of Cooperstown,minted,no national table covers this government
rtr:us:xx:corona,City of Corona,municipality,us,,,,,,,City of Corona,minted,no national table covers this government
rtr:us:xx:corpus-christi-isd,Corpus Christi ISD,school_district,us,,,,,,,Corpus Christi ISD,minted,no national table covers this government
rtr:us:xx:cottage-grove,City of Cottage Grove,municipality,us,,,,,,,City of Cottage Grove,minted,no national table covers this government
rtr:us:xx:county-of-adams,County of Adams,county,us,,,,,,,County of Adams,minted,no national table covers this government
rtr:us:xx:county-of-carroll,County of Carroll,county,us,,,,,,,County of Carroll,minted,no national table covers this government
rtr:us:xx:county-of-clark,County of Clark,county,us,,,,,,,County of Clark,minted,no national table covers this government
rtr:us:xx:county-of-delaware,County of Delaware,county,us,,,,,,,County of Delaware,minted,no national table covers this government
rtr:us:xx:county-of-elgin,County of Elgin,county,us,,,,,,,County of Elgin,minted,no national table covers this government
rtr:us:xx:county-of-lake,County of Lake,county,us,,,,,,,County of Lake,minted,no national table covers this government
rtr:us:xx:county-of-middlesex,County of Middlesex,county,us,,,,,,,County of Middlesex,minted,no national table covers this government
rtr:us:xx:county-of-san-bernardino-comprehensive-treatment,County of San Bernardino Comprehensive Treatment,county,us,,,,,,,County of San Bernardino Comprehensive Treatment,minted,no national table covers this government
rtr:us:xx:county-of-sedgwick,County of Sedgwick,county,us,,,,,,,County of Sedgwick,minted,no national table covers this government
rtr:us:xx:county-of-sussex,County of Sussex,county,us,,,,,,,County of Sussex,minted,no national table covers this government
rtr:us:xx:coventry,Town of Coventry,municipality,us,,,,,,,Town of Coventry,minted,no national table covers this government
rtr:us:xx:covington,Covington,other,us,,,,,,,Covington,minted,no national table covers this government
rtr:us:xx:crestview,City of Crestview,municipality,us,,,,,,,City of Crestview,minted,no national table covers this government
rtr:us:xx:cumberland-town-council,Cumberland Town Council,other,us,,,,,,,Cumberland Town Council,minted,no national table covers this government
rtr:us:xx:cvr-d,Cvr D,other,us,,,,,,,Cvr D,minted,no national table covers this government
rtr:us:xx:dallas,City of Dallas,municipality,us,,,,,,,City of Dallas,minted,no national table covers this government
rtr:us:xx:dc-water-amp-sewer-authority,DC Water &amp; Sewer Authority,special_district,us,,,,,,,DC Water &amp; Sewer Authority,minted,no national table covers this government
rtr:us:xx:deland,The City Of DeLand,other,us,,,,,,,The City Of DeLand,minted,no national table covers this government
rtr:us:xx:des-moines-wa,Des Moines WA,other,us,,,,,,,City of Des Moines WA|Des Moines WA,minted,no national table covers this government
rtr:us:xx:draper,Draper,other,us,,,,,,,Draper,minted,no national table covers this government
rtr:us:xx:duncan,Duncan,other,us,,,,,,,City of Duncan Town|Duncan|Duncan Town,minted,no national table covers this government
rtr:us:xx:easton,Easton,other,us,,,,,,,City of Easton|Easton,minted,no national table covers this government
rtr:us:xx:eastvale,Eastvale,other,us,,,,,,,Eastvale,minted,no national table covers this government
rtr:us:xx:edina,Edina,other,us,,,,,,,City of Edina|Edina,minted,no national table covers this government
rtr:us:xx:edwards-aquifer-authority,Edwards Aquifer Authority,special_district,us,,,,,,,Edwards Aquifer Authority,minted,no national table covers this government
rtr:us:xx:elbert-county,Elbert County,county,us,,,,,,,Elbert County,minted,no national table covers this government
rtr:us:xx:eldorado,Eldorado,other,us,,,,,,,Eldorado,minted,no national table covers this government
rtr:us:xx:elliot-lake-gis-services-ssmic,Elliot Lake GIS Services SSMIC,other,us,,,,,,,Elliot Lake GIS Services SSMIC,minted,no national table covers this government
rtr:us:xx:elpaso-county-colorado,ElPaso County Colorado,county,us,,,,,,,ElPaso County Colorado,minted,no national table covers this government
rtr:us:xx:ennis,City of Ennis,municipality,us,,,,,,,City of Ennis,minted,no national table covers this government
rtr:us:xx:erie-county,Erie County,county,us,,,,,,,Erie County,minted,no national table covers this government
rtr:us:xx:espanol-a,Espanol A,other,us,,,,,,,Espanol A,minted,no national table covers this government
rtr:us:xx:evanston,City of Evanston,municipality,us,,,,,,,City of Evanston,minted,no national table covers this government
rtr:us:xx:everett,City of Everett,municipality,us,,,,,,,City of Everett,minted,no national table covers this government
rtr:us:xx:ezt,Ezt,other,us,,,,,,,Ezt,minted,no national table covers this government
rtr:us:xx:fair-haven,Borough of Fair Haven,municipality,us,,,,,,,Borough of Fair Haven,minted,no national table covers this government
rtr:us:xx:fairfield,Fairfield,other,us,,,,,,,Fairfield,minted,no national table covers this government
rtr:us:xx:farmington,City of Farmington,municipality,us,,,,,,,City of Farmington,minted,no national table covers this government
rtr:us:xx:fontana,Fontana,other,us,,,,,,,Fontana,minted,no national table covers this government
rtr:us:xx:franklin,Franklin,other,us,,,,,,,Franklin,minted,no national table covers this government
rtr:us:xx:fraser,Town of Fraser,municipality,us,,,,,,,Town of Fraser,minted,no national table covers this government
rtr:us:xx:frederick,Frederick,other,us,,,,,,,City of Frederick|Frederick,minted,no national table covers this government
rtr:us:xx:fremont,Fremont,other,us,,,,,,,City of Fremont|Fremont,minted,no national table covers this government
rtr:us:xx:fulton,Fulton,other,us,,,,,,,Fulton,minted,no national table covers this government
rtr:us:xx:fulton-county,Fulton County,county,us,,,,,,,Fulton County,minted,no national table covers this government
rtr:us:xx:galena,Village of Galena,municipality,us,,,,,,,Village of Galena,minted,no national table covers this government
rtr:us:xx:germantown,City of Germantown,municipality,us,,,,,,,City of Germantown,minted,no national table covers this government
rtr:us:xx:golden,City of Golden,municipality,us,,,,,,,City of Golden,minted,no national table covers this government
rtr:us:xx:grand-county,Grand County,county,us,,,,,,,Grand County,minted,no national table covers this government
rtr:us:xx:greeley,Greeley,other,us,,,,,,,Greeley,minted,no national table covers this government
rtr:us:xx:green,City of Green,municipality,us,,,,,,,City of Green,minted,no national table covers this government
rtr:us:xx:greene-county,Greene County,county,us,,,,,,,Greene County,minted,no national table covers this government
rtr:us:xx:greensboro,City of Greensboro,municipality,us,,,,,,,City of Greensboro,minted,no national table covers this government
rtr:us:xx:greenwich-community-television,Greenwich Community Television,special_district,us,,,,,,,Greenwich Community Television,minted,no national table covers this government
rtr:us:xx:gresham,City of Gresham,municipality,us,,,,,,,City of Gresham,minted,no national table covers this government
rtr:us:xx:gulfport,City of Gulfport,municipality,us,,,,,,,City of Gulfport,minted,no national table covers this government
rtr:us:xx:guttenberg,City of Guttenberg,municipality,us,,,,,,,City of Guttenberg,minted,no national table covers this government
rtr:us:xx:halifax,Halifax,other,us,,,,,,,Halifax,minted,no national table covers this government
rtr:us:xx:hamden-action-now,Hamden Action NOW,other,us,,,,,,,Hamden Action NOW,minted,no national table covers this government
rtr:us:xx:hamilton,Hamilton,other,us,,,,,,,City of Hamilton|H Psb|Hamilton,minted,no national table covers this government
rtr:us:xx:harrison,Harrison,other,us,,,,,,,Harrison,minted,no national table covers this government
rtr:us:xx:harrison-county,Harrison County,county,us,,,,,,,Harrison County,minted,no national table covers this government
rtr:us:xx:hartford,City of Hartford,municipality,us,,,,,,,City of Hartford,minted,no national table covers this government
rtr:us:xx:hastings,Hastings,other,us,,,,,,,Hastings,minted,no national table covers this government
rtr:us:xx:hawthorne,City of Hawthorne,municipality,us,,,,,,,City of Hawthorne,minted,no national table covers this government
rtr:us:xx:haywood-county,Haywood County,county,us,,,,,,,Haywood County,minted,no national table covers this government
rtr:us:xx:henderson,Henderson,other,us,,,,,,,Henderson,minted,no national table covers this government
rtr:us:xx:herndon,Town of Herndon,municipality,us,,,,,,,Town of Herndon,minted,no national table covers this government
rtr:us:xx:hesperia,City of Hesperia,municipality,us,,,,,,,City of Hesperia,minted,no national table covers this government
rtr:us:xx:hidalgo-county,Hidalgo County,county,us,,,,,,,Hidalgo County,minted,no national table covers this government
rtr:us:xx:high-plains-underground-water-conservation-district-no-1,High Plains Underground Water Conservation District No. 1,special_district,us,,,,,,,High Plains Underground Water Conservation District No. 1,minted,no national table covers this government
rtr:us:xx:hilliard,The City of Hilliard,other,us,,,,,,,The City of Hilliard,minted,no national table covers this government
rtr:us:xx:hillsborough,Town of Hillsborough,municipality,us,,,,,,,Town of Hillsborough,minted,no national table covers this government
rtr:us:xx:holden,Holden,other,us,,,,,,,Holden,minted,no national table covers this government
rtr:us:xx:holly-springs,Holly Springs,other,us,,,,,,,Holly Springs,minted,no national table covers this government
rtr:us:xx:hopkins,Hopkins,other,us,,,,,,,Hopkins,minted,no national table covers this government
rtr:us:xx:hot-springs-arkansas-government,"City of Hot Springs, Arkansas Government",municipality,us,,,,,,,"City of Hot Springs, Arkansas Government",minted,no national table covers this government
rtr:us:xx:houston,City of Houston,municipality,us,,,,,,,City of Houston,minted,no national table covers this government
rtr:us:xx:howard-county,Howard County,county,us,,,,,,,Howard County|Howard County Council,minted,no national table covers this government
rtr:us:xx:humboldt-county,Humboldt County,county,us,,,,,,,Humboldt County,minted,no national table covers this government
rtr:us:xx:huron-township,Huron Township,township,us,,,,,,,Huron Township,minted,no national table covers this government
rtr:us:xx:ieua,IEUA,other,us,,,,,,,IEUA,minted,no national table covers this government
rtr:us:xx:irvington,Village of Irvington,municipality,us,,,,,,,Irvington|Village of Irvington,minted,no national table covers this government
rtr:us:xx:jackson,Jackson,other,us,,,,,,,Jackson,minted,no national table covers this government
rtr:us:xx:jefferson,Jefferson,other,us,,,,,,,Jefferson,minted,no national table covers this government
rtr:us:xx:jefferson-parish,Jefferson Parish,county,us,,,,,,,Jefferson Parish,minted,no national table covers this government
rtr:us:xx:joliet,City of Joliet,municipality,us,,,,,,,City of Joliet,minted,no national table covers this government
rtr:us:xx:july13-2026-town-of-bladensburg-maryland-meetings-hub,"July13, 2026 | Town of Bladensburg Maryland Meetings Hub",other,us,,,,,,,"July13, 2026|Town of Bladensburg Maryland Meetings Hub",minted,no national table covers this government
rtr:us:xx:jurupa-area-recreation-and-park-district,Jurupa Area Recreation and Park District,special_district,us,,,,,,,Jurupa Area Recreation and Park District,minted,no national table covers this government
rtr:us:xx:keene,Keene,other,us,,,,,,,Keene,minted,no national table covers this government
rtr:us:xx:kendall-county,Kendall County,county,us,,,,,,,Kendall County,minted,no national table covers this government
rtr:us:xx:kneehill-county,Kneehill County,county,us,,,,,,,Kneehill County,minted,no national table covers this government
rtr:us:xx:ksat-12,KSAT 12,other,us,,,,,,,KSAT 12,minted,no national table covers this government
rtr:us:xx:l-a-world-airports-board-of-airport-commissioners,L. A. World Airports - Board of Airport Commissioners,special_district,us,,,,,,,L. A. World Airports - Board of Airport Commissioners,minted,no national table covers this government
rtr:us:xx:la-center,La Center,other,us,,,,,,,La Center,minted,no national table covers this government
rtr:us:xx:la-usd,La Usd,school_district,us,,,,,,,La Usd,minted,no national table covers this government
rtr:us:xx:lad-wp,Lad Wp,other,us,,,,,,,Lad Wp,minted,no national table covers this government
rtr:us:xx:lafayette,City of Lafayette,municipality,us,,,,,,,City of Lafayette,minted,no national table covers this government
rtr:us:xx:lake-county,Lake County,county,us,,,,,,,Lake County,minted,no national table covers this government
rtr:us:xx:lake-county-illinois,Lake County Illinois,county,us,,,,,,,Lake County Illinois,minted,no national table covers this government
rtr:us:xx:lake-forest,City of Lake Forest,municipality,us,,,,,,,"City of Lake Forest|City of Lake Forest""",minted,no national table covers this government
rtr:us:xx:lakeshore,Lakeshore,other,us,,,,,,,Lakeshore,minted,no national table covers this government
rtr:us:xx:lancaster,City of Lancaster,municipality,us,,,,,,,City of Lancaster,minted,no national table covers this government
rtr:us:xx:las-vegas,City of Las Vegas,municipality,us,,,,,,,City of Las Vegas,minted,no national table covers this government
rtr:us:xx:lawrence,City of Lawrence,municipality,us,,,,,,,City of Lawrence,minted,no national table covers this government
rtr:us:xx:leawood,City of Leawood,municipality,us,,,,,,,City of Leawood,minted,no national table covers this government
rtr:us:xx:leduc-county,Leduc County,county,us,,,,,,,Leduc County,minted,no national table covers this government
rtr:us:xx:leeds1000islands,Leeds1000Islands,other,us,,,,,,,Leeds1000Islands,minted,no national table covers this government
rtr:us:xx:lees-summit,City of Lees Summit,municipality,us,,,,,,,City of Lees Summit,minted,no national table covers this government
rtr:us:xx:lethbridge-county,Lethbridge County,county,us,,,,,,,Lethbridge County,minted,no national table covers this government
rtr:us:xx:lexington,Lexington,other,us,,,,,,,Lexington,minted,no national table covers this government
rtr:us:xx:lexington-fayette-urban-county-government,Lexington-Fayette Urban County Government,county,us,,,,,,,Lexington-Fayette Urban County Government,minted,no national table covers this government
rtr:us:xx:lincoln,Lincoln,other,us,,,,,,,City of Lincoln|Lincoln|Town of Lincoln,minted,no national table covers this government
rtr:us:xx:lincoln-park,City of Lincoln Park,municipality,us,,,,,,,City of Lincoln Park,minted,no national table covers this government
rtr:us:xx:linn,Linn,other,us,,,,,,,Linn,minted,no national table covers this government
rtr:us:xx:live-oak-texas,The City of Live Oak Texas,other,us,,,,,,,The City of Live Oak Texas,minted,no national table covers this government
rtr:us:xx:llbc,Llbc,other,us,,,,,,,Llbc,minted,no national table covers this government
rtr:us:xx:lloydminster-ab-sk,"Lloydminster, AB/SK",other,us,,,,,,,"Lloydminster, AB/SK",minted,no national table covers this government
rtr:us:xx:lockport,City of Lockport,municipality,us,,,,,,,City of Lockport,minted,no national table covers this government
rtr:us:xx:london,City of London,municipality,us,,,,,,,City of London,minted,no national table covers this government
rtr:us:xx:long-island-power-authority,Long Island Power Authority,special_district,us,,,,,,,Long Island Power Authority,minted,no national table covers this government
rtr:us:xx:longmont-for-the-fiscal,City of Longmont For The Fiscal,municipality,us,,,,,,,City of Longmont For The Fiscal,minted,no national table covers this government
rtr:us:xx:lossan-octa,LOSSAN - OCTA,other,us,,,,,,,LOSSAN - OCTA,minted,no national table covers this government
rtr:us:xx:mackenzie,Mackenzie,other,us,,,,,,,Mackenzie,minted,no national table covers this government
rtr:us:xx:madeira-beach-florida-meetings-hub,Madeira Beach Florida Meetings Hub,other,us,,,,,,,Madeira Beach Florida Meetings Hub,minted,no national table covers this government
rtr:us:xx:madison,Madison,other,us,,,,,,,Madison,minted,no national table covers this government
rtr:us:xx:malvern-borough,Malvern Borough,municipality,us,,,,,,,Malvern Borough,minted,no national table covers this government
rtr:us:xx:mansfield,City of Mansfield,municipality,us,,,,,,,City of Mansfield,minted,no national table covers this government
rtr:us:xx:mapleton,Township of Mapleton,township,us,,,,,,,Township of Mapleton,minted,no national table covers this government
rtr:us:xx:marion,City of Marion,municipality,us,,,,,,,City of Marion,minted,no national table covers this government
rtr:us:xx:marvin,Marvin,other,us,,,,,,,Marvin,minted,no national table covers this government
rtr:us:xx:mason-county,Mason County,county,us,,,,,,,Mason County,minted,no national table covers this government
rtr:us:xx:mcs,MCS,other,us,,,,,,,MCS,minted,no national table covers this government
rtr:us:xx:meeting-portal,Meeting Portal,other,us,,,,,,,Meeting Portal,minted,no national table covers this government
rtr:us:xx:meridian,Meridian,other,us,,,,,,,Meridian,minted,no national table covers this government
rtr:us:xx:merrickville-wolford,Merrickville Wolford,other,us,,,,,,,Merrickville Wolford,minted,no national table covers this government
rtr:us:xx:metra-railroad,Metra Railroad,other,us,,,,,,,Metra Railroad,minted,no national table covers this government
rtr:us:xx:metrolink,Metrolink,other,us,,,,,,,Metrolink,minted,no national table covers this government
rtr:us:xx:metropolitan-airports-commission-mac,Metropolitan Airports Commission (MAC),special_district,us,,,,,,,Metropolitan Airports Commission (MAC),minted,no national table covers this government
rtr:us:xx:miami,Miami,other,us,,,,,,,Miami,minted,no national table covers this government
rtr:us:xx:middletown,City of Middletown,municipality,us,,,,,,,City of Middletown,minted,no national table covers this government
rtr:us:xx:midland,City of Midland,municipality,us,,,,,,,City of Midland,minted,no national table covers this government
rtr:us:xx:midlothian,Midlothian,other,us,,,,,,,Midlothian,minted,no national table covers this government
rtr:us:xx:mill-creek,Mill Creek,other,us,,,,,,,Mill Creek,minted,no national table covers this government
rtr:us:xx:milwaukee,Milwaukee.,other,us,,,,,,,"City of Milwaukee.|Milwaukee.|The City of Milwaukee, WI",minted,no national table covers this government
rtr:us:xx:minneapolis-public-schools,Minneapolis Public Schools,school_district,us,,,,,,,Minneapolis Public Schools,minted,no national table covers this government
rtr:us:xx:mission,Mission,other,us,,,,,,,City of Mission|Mission,minted,no national table covers this government
rtr:us:xx:mlgw,MLGW,other,us,,,,,,,MLGW,minted,no national table covers this government
rtr:us:xx:mn,Mn,state,us,,,,,,,Mn Senate,minted,no national table covers this government
rtr:us:xx:modesto-irrigation-district,Modesto Irrigation District,special_district,us,,,,,,,Modesto Irrigation District,minted,no national table covers this government
rtr:us:xx:monroe-county-fl,Monroe County FL,county,us,,,,,,,Monroe County FL,minted,no national table covers this government
rtr:us:xx:montgomery-county,Montgomery County,county,us,,,,,,,Montgomery County,minted,no national table covers this government
rtr:us:xx:morrisville,Morrisville,other,us,,,,,,,Morrisville,minted,no national table covers this government
rtr:us:xx:mountain-view-county,Mountain View County,county,us,,,,,,,Mountain View County,minted,no national table covers this government
rtr:us:xx:municode-portal,Municode Portal,other,us,,,,,,,Municode Portal,minted,no national table covers this government
rtr:us:xx:mw-rd,Mw Rd,other,us,,,,,,,Mw Rd,minted,no national table covers this government
rtr:us:xx:nashua,Nashua,other,us,,,,,,,Nashua,minted,no national table covers this government
rtr:us:xx:nassau-county,Nassau County,county,us,,,,,,,Nassau County,minted,no national table covers this government
rtr:us:xx:nelson,City of Nelson,municipality,us,,,,,,,City of Nelson,minted,no national table covers this government
rtr:us:xx:nevada-public-utilities-commission,Nevada Public Utilities Commission,state,us,,,,,,,State of Nevada Public Utilities Commission,minted,no national table covers this government
rtr:us:xx:new-boston,New Boston,other,us,,,,,,,New Boston,minted,no national table covers this government
rtr:us:xx:new-brighton,New Brighton,other,us,,,,,,,New Brighton,minted,no national table covers this government
rtr:us:xx:new-carlisle,City of New Carlisle,municipality,us,,,,,,,City of New Carlisle,minted,no national table covers this government
rtr:us:xx:new-franklin,City of New Franklin,municipality,us,,,,,,,City of New Franklin,minted,no national table covers this government
rtr:us:xx:newburgh,Newburgh,other,us,,,,,,,Newburgh,minted,no national table covers this government
rtr:us:xx:newton,City of Newton,municipality,us,,,,,,,City of Newton,minted,no national table covers this government
rtr:us:xx:newtown,Township of Newtown,township,us,,,,,,,Township of Newtown,minted,no national table covers this government
rtr:us:xx:norfolk,Norfolk,other,us,,,,,,,Norfolk,minted,no national table covers this government
rtr:us:xx:norfolk-county,Norfolk County,county,us,,,,,,,Norfolk County,minted,no national table covers this government
rtr:us:xx:north-bay-by,North Bay By,other,us,,,,,,,North Bay By,minted,no national table covers this government
rtr:us:xx:northcowichan,Northcowichan,other,us,,,,,,,Northcowichan,minted,no national table covers this government
rtr:us:xx:northern-dakota-county,Northern Dakota County,county,us,,,,,,,Northern Dakota County,minted,no national table covers this government
rtr:us:xx:northern-rockies-regional-municipality,Northern Rockies Regional Municipality,special_district,us,,,,,,,Northern Rockies Regional Municipality,minted,no national table covers this government
rtr:us:xx:northfield,Village of Northfield,municipality,us,,,,,,,City of Northfield|Village of Northfield,minted,no national table covers this government
rtr:us:xx:notl,Notl,other,us,,,,,,,Notl,minted,no national table covers this government
rtr:us:xx:ny,Ny,state,us,,,,,,,Ny State Assembly,minted,no national table covers this government
rtr:us:xx:oak-harbor,City of Oak Harbor,municipality,us,,,,,,,City of Oak Harbor,minted,no national table covers this government
rtr:us:xx:oak-ridge,The City of Oak Ridge,other,us,,,,,,,The City of Oak Ridge,minted,no national table covers this government
rtr:us:xx:oakdale,Oakdale,other,us,,,,,,,Oakdale,minted,no national table covers this government
rtr:us:xx:oneinvestmentprogram,Oneinvestmentprogram,other,us,,,,,,,Oneinvestmentprogram,minted,no national table covers this government
rtr:us:xx:open-publica,Open Publica,other,us,,,,,,,Open Publica,minted,no national table covers this government
rtr:us:xx:orange,City of Orange,municipality,us,,,,,,,City of Orange,minted,no national table covers this government
rtr:us:xx:orangeville,Town of Orangeville,municipality,us,,,,,,,Town of Orangeville,minted,no national table covers this government
rtr:us:xx:oregon-metro-council,Oregon Metro Council,other,us,,,,,,,Oregon Metro Council,minted,no national table covers this government
rtr:us:xx:palm-springs,City of Palm Springs,municipality,us,,,,,,,City of Palm Springs,minted,no national table covers this government
rtr:us:xx:palo-alto-amending-section,City of Palo Alto Amending Section,municipality,us,,,,,,,City of Palo Alto Amending Section,minted,no national table covers this government
rtr:us:xx:paradise,Town of Paradise,municipality,us,,,,,,,Town of Paradise,minted,no national table covers this government
rtr:us:xx:park-county,Park County,county,us,,,,,,,Park County,minted,no national table covers this government
rtr:us:xx:park-ridge,City of Park Ridge,municipality,us,,,,,,,City of Park Ridge,minted,no national table covers this government
rtr:us:xx:pasadena,City of Pasadena,municipality,us,,,,,,,City of Pasadena,minted,no national table covers this government
rtr:us:xx:pasadena-community-college,Pasadena Community College,school_district,us,,,,,,,Pasadena Community College,minted,no national table covers this government
rtr:us:xx:pawtucket-city-council,Pawtucket City Council,other,us,,,,,,,Pawtucket City Council,minted,no national table covers this government
rtr:us:xx:pensacola,Pensacola,other,us,,,,,,,City of Pensacola|Pensacola,minted,no national table covers this government
rtr:us:xx:perth,the Town of Perth,other,us,,,,,,,the Town of Perth,minted,no national table covers this government
rtr:us:xx:peters-township,Peters Township,township,us,,,,,,,Peters Township,minted,no national table covers this government
rtr:us:xx:phoenix,Phoenix,other,us,,,,,,,City of Phoenix|Phoenix,minted,no national table covers this government
rtr:us:xx:pilot-point,City of Pilot Point,municipality,us,,,,,,,City of Pilot Point,minted,no national table covers this government
rtr:us:xx:plainfield,Plainfield,other,us,,,,,,,Plainfield,minted,no national table covers this government
rtr:us:xx:plantation,City of Plantation,municipality,us,,,,,,,City of Plantation,minted,no national table covers this government
rtr:us:xx:pleasant-hill,City of Pleasant Hill,municipality,us,,,,,,,City of Pleasant Hill,minted,no national table covers this government
rtr:us:xx:plymouth,City of Plymouth,municipality,us,,,,,,,City of Plymouth,minted,no national table covers this government
rtr:us:xx:pontiac,Pontiac,other,us,,,,,,,Pontiac,minted,no national table covers this government
rtr:us:xx:port-colborne-resolution,Port Colborne Resolution,special_district,us,,,,,,,Port Colborne Resolution,minted,no national table covers this government
rtr:us:xx:port-hope,Port Hope,special_district,us,,,,,,,Port Hope,minted,no national table covers this government
rtr:us:xx:portage,Portage,other,us,,,,,,,City of Portage|Portage,minted,no national table covers this government
rtr:us:xx:portland,Portland,other,us,,,,,,,City of Portland|Portland,minted,no national table covers this government
rtr:us:xx:prescott,Prescott,other,us,,,,,,,Prescott,minted,no national table covers this government
rtr:us:xx:princeton,Town of Princeton,municipality,us,,,,,,,Town of Princeton,minted,no national table covers this government
rtr:us:xx:psr-c-2,Psr C 2,other,us,,,,,,,Psr C 2,minted,no national table covers this government
rtr:us:xx:qathet-regional-district,qathet Regional District,special_district,us,,,,,,,qathet Regional District,minted,no national table covers this government
rtr:us:xx:ramsey-county,Ramsey County,county,us,,,,,,,Ramsey County,minted,no national table covers this government
rtr:us:xx:redcliff,The Town of Redcliff,other,us,,,,,,,The Town of Redcliff,minted,no national table covers this government
rtr:us:xx:regional-transportation-authority-chicago,Regional Transportation Authority (Chicago),special_district,us,,,,,,,Regional Transportation Authority (Chicago),minted,no national table covers this government
rtr:us:xx:richland-center-wisconsin,Richland Center Wisconsin,other,us,,,,,,,Richland Center Wisconsin,minted,no national table covers this government
rtr:us:xx:richmond,Richmond,other,us,,,,,,,City of Richmond|Richmond,minted,no national table covers this government
rtr:us:xx:richwood-texas,City of Richwood Texas,municipality,us,,,,,,,City of Richwood Texas,minted,no national table covers this government
rtr:us:xx:ride-uta,Ride Uta,other,us,,,,,,,Ride Uta,minted,no national table covers this government
rtr:us:xx:ridgecrest,City of Ridgecrest,municipality,us,,,,,,,City of Ridgecrest,minted,no national table covers this government
rtr:us:xx:riverview,Riverview,other,us,,,,,,,City of Riverview|Riverview,minted,no national table covers this government
rtr:us:xx:rmwb,Rmwb,other,us,,,,,,,Rmwb,minted,no national table covers this government
rtr:us:xx:rome,City of Rome,municipality,us,,,,,,,City of Rome,minted,no national table covers this government
rtr:us:xx:roosevelt,Roosevelt,other,us,,,,,,,Roosevelt,minted,no national table covers this government
rtr:us:xx:ross-california,Town of Ross California,municipality,us,,,,,,,Town of Ross California,minted,no national table covers this government
rtr:us:xx:rutherford-county,Rutherford County,county,us,,,,,,,Rutherford County,minted,no national table covers this government
rtr:us:xx:rye,Town of Rye,municipality,us,,,,,,,Town of Rye,minted,no national table covers this government
rtr:us:xx:salem,Salem,other,us,,,,,,,Salem,minted,no national table covers this government
rtr:us:xx:saline-county,Saline County,county,us,,,,,,,Saline County,minted,no national table covers this government
rtr:us:xx:salisbury,Salisbury,other,us,,,,,,,Salisbury,minted,no national table covers this government
rtr:us:xx:san-diego-county-retirement-association,San Diego County Retirement Association,county,us,,,,,,,San Diego County Retirement Association,minted,no national table covers this government
rtr:us:xx:san-marcos,City of San Marcos,municipality,us,,,,,,,City of San Marcos,minted,no national table covers this government
rtr:us:xx:sandy,City of Sandy,municipality,us,,,,,,,City of Sandy,minted,no national table covers this government
rtr:us:xx:santee,Santee,other,us,,,,,,,Santee,minted,no national table covers this government
rtr:us:xx:saratoga-springs,City of Saratoga Springs,municipality,us,,,,,,,City of Saratoga Springs,minted,no national table covers this government
rtr:us:xx:saugeenshores,Saugeenshores,other,us,,,,,,,Saugeenshores,minted,no national table covers this government
rtr:us:xx:sb,"City of Sb""",municipality,us,,,,,,,"City of Sb""",minted,no national table covers this government
rtr:us:xx:scituate-town-council,Scituate Town Council,other,us,,,,,,,Scituate Town Council,minted,no national table covers this government
rtr:us:xx:scott-county,Scott County,county,us,,,,,,,Scott County,minted,no national table covers this government
rtr:us:xx:sd57,Sd57,other,us,,,,,,,Sd57,minted,no national table covers this government
rtr:us:xx:sebastopol,City of Sebastopol,municipality,us,,,,,,,City of Sebastopol,minted,no national table covers this government
rtr:us:xx:seminole,City of Seminole,municipality,us,,,,,,,City of Seminole,minted,no national table covers this government
rtr:us:xx:shelburne,Town of Shelburne,municipality,us,,,,,,,Town of Shelburne,minted,no national table covers this government
rtr:us:xx:sherman,Sherman,other,us,,,,,,,Sherman,minted,no national table covers this government
rtr:us:xx:sidney,Town of Sidney,municipality,us,,,,,,,Town of Sidney,minted,no national table covers this government
rtr:us:xx:sitka,City of Sitka,municipality,us,,,,,,,City of Sitka,minted,no national table covers this government
rtr:us:xx:slrd,SLRD,other,us,,,,,,,SLRD,minted,no national table covers this government
rtr:us:xx:smyrna,City of Smyrna,municipality,us,,,,,,,City of Smyrna,minted,no national table covers this government
rtr:us:xx:sonoma-county-library,Sonoma County Library,special_district,us,,,,,,,Sonoma County Library,minted,no national table covers this government
rtr:us:xx:south-coast-water-district,South Coast Water District,special_district,us,,,,,,,South Coast Water District,minted,no national table covers this government
rtr:us:xx:south-florida-water-management-district,South Florida Water Management District,special_district,us,,,,,,,South Florida Water Management District,minted,no national table covers this government
rtr:us:xx:south-kingstown-school-committee,South Kingstown School Committee,school_district,us,,,,,,,South Kingstown School Committee,minted,no national table covers this government
rtr:us:xx:southern-california-association-of-governments,Southern California Association of Governments,special_district,us,,,,,,,Southern California Association of Governments,minted,no national table covers this government
rtr:us:xx:spokane-valley,The City of Spokane Valley,other,us,,,,,,,The City of Spokane Valley,minted,no national table covers this government
rtr:us:xx:st,St,other,us,,,,,,,St,minted,no national table covers this government
rtr:us:xx:st-george,City of St. George,municipality,us,,,,,,,City of St. George,minted,no national table covers this government
rtr:us:xx:st-marys,City of St. Marys,municipality,us,,,,,,,City of St. Marys,minted,no national table covers this government
rtr:us:xx:stjohns,Stjohns,other,us,,,,,,,Stjohns,minted,no national table covers this government
rtr:us:xx:stockbridge,Stockbridge,other,us,,,,,,,Stockbridge,minted,no national table covers this government
rtr:us:xx:stockton,City of Stockton,municipality,us,,,,,,,City of Stockton,minted,no national table covers this government
rtr:us:xx:stratford-ad,Stratford Ad,other,us,,,,,,,Stratford Ad,minted,no national table covers this government
rtr:us:xx:strathroy-caradoc,Strathroy Caradoc,other,us,,,,,,,Strathroy Caradoc,minted,no national table covers this government
rtr:us:xx:sturgeon-county,Sturgeon County,county,us,,,,,,,Sturgeon County,minted,no national table covers this government
rtr:us:xx:subtitles-county,Subtitles County,county,us,,,,,,,Subtitles County,minted,no national table covers this government
rtr:us:xx:sulphur,Sulphur,other,us,,,,,,,Sulphur,minted,no national table covers this government
rtr:us:xx:summit-planning,Summit Planning,other,us,,,,,,,Summit Planning,minted,no national table covers this government
rtr:us:xx:sumter-county,Sumter County,county,us,,,,,,,Sumter County,minted,no national table covers this government
rtr:us:xx:sun-valley,City of Sun Valley,municipality,us,,,,,,,City of Sun Valley,minted,no national table covers this government
rtr:us:xx:superior,City of Superior,municipality,us,,,,,,,City of Superior,minted,no national table covers this government
rtr:us:xx:surfside-beach,Town of Surfside Beach,municipality,us,,,,,,,Town of Surfside Beach,minted,no national table covers this government
rtr:us:xx:syosset-school-district,Syosset School District,school_district,us,,,,,,,Syosset School District,minted,no national table covers this government
rtr:us:xx:tampa-d,Tampa D.,other,us,,,,,,,City of Tampa D.|Tampa D.,minted,no national table covers this government
rtr:us:xx:the-city-of-deland,The City Of DeLand,other,us,,,,,,,The City Of DeLand,minted,no national table covers this government
rtr:us:xx:the-city-of-hilliard,The City of Hilliard,other,us,,,,,,,The City of Hilliard,minted,no national table covers this government
rtr:us:xx:the-city-of-live-oak-texas,The City of Live Oak Texas,other,us,,,,,,,The City of Live Oak Texas,minted,no national table covers this government
rtr:us:xx:the-city-of-oak-ridge,The City of Oak Ridge,other,us,,,,,,,The City of Oak Ridge,minted,no national table covers this government
rtr:us:xx:the-city-of-spokane-valley,The City of Spokane Valley,other,us,,,,,,,The City of Spokane Valley,minted,no national table covers this government
rtr:us:xx:the-maryland-national-capital-park-planning-commission,The Maryland-National Capital Park & Planning Commission,special_district,us,,,,,,,The Maryland-National Capital Park & Planning Commission,minted,no national table covers this government
rtr:us:xx:the-town-of-perth,the Town of Perth,other,us,,,,,,,the Town of Perth,minted,no national table covers this government
rtr:us:xx:the-town-of-redcliff,The Town of Redcliff,other,us,,,,,,,The Town of Redcliff,minted,no national table covers this government
rtr:us:xx:town-of-ashland,Town of Ashland,municipality,us,,,,,,,Town of Ashland,minted,no national table covers this government
rtr:us:xx:town-of-bancroft,Town of Bancroft,municipality,us,,,,,,,Town of Bancroft,minted,no national table covers this government
rtr:us:xx:town-of-berlin,Town of Berlin,municipality,us,,,,,,,Town of Berlin,minted,no national table covers this government
rtr:us:xx:town-of-bradford,Town of Bradford,municipality,us,,,,,,,Town of Bradford,minted,no national table covers this government
rtr:us:xx:town-of-bristol,Town of Bristol,municipality,us,,,,,,,Town of Bristol,minted,no national table covers this government
rtr:us:xx:town-of-brookhaven-ny,Town of Brookhaven NY,municipality,us,,,,,,,Town of Brookhaven NY,minted,no national table covers this government
rtr:us:xx:town-of-castle-rock,Town of Castle Rock,municipality,us,,,,,,,Town of Castle Rock,minted,no national table covers this government
rtr:us:xx:town-of-chapel-hill,Town of Chapel Hill,municipality,us,,,,,,,Town of Chapel Hill,minted,no national table covers this government
rtr:us:xx:town-of-coventry,Town of Coventry,municipality,us,,,,,,,Town of Coventry,minted,no national table covers this government
rtr:us:xx:town-of-fraser,Town of Fraser,municipality,us,,,,,,,Town of Fraser,minted,no national table covers this government
rtr:us:xx:town-of-herndon,Town of Herndon,municipality,us,,,,,,,Town of Herndon,minted,no national table covers this government
rtr:us:xx:town-of-hillsborough,Town of Hillsborough,municipality,us,,,,,,,Town of Hillsborough,minted,no national table covers this government
rtr:us:xx:town-of-lincoln,Town of Lincoln,municipality,us,,,,,,,Town of Lincoln,minted,no national table covers this government
rtr:us:xx:town-of-orangeville,Town of Orangeville,municipality,us,,,,,,,Town of Orangeville,minted,no national table covers this government
rtr:us:xx:town-of-paradise,Town of Paradise,municipality,us,,,,,,,Town of Paradise,minted,no national table covers this government
rtr:us:xx:town-of-princeton,Town of Princeton,municipality,us,,,,,,,Town of Princeton,minted,no national table covers this government
rtr:us:xx:town-of-ross-california,Town of Ross California,municipality,us,,,,,,,Town of Ross California,minted,no national table covers this government
rtr:us:xx:town-of-rye,Town of Rye,municipality,us,,,,,,,Town of Rye,minted,no national table covers this government
rtr:us:xx:town-of-shelburne,Town of Shelburne,municipality,us,,,,,,,Town of Shelburne,minted,no national table covers this government
rtr:us:xx:town-of-sidney,Town of Sidney,municipality,us,,,,,,,Town of Sidney,minted,no national table covers this government
rtr:us:xx:town-of-smithtown-smithtown-ny,"Town of Smithtown,Smithtown NY",municipality,us,,,,,,,"Town of Smithtown,Smithtown NY",minted,no national table covers this government
rtr:us:xx:town-of-surfside-beach,Town of Surfside Beach,municipality,us,,,,,,,Town of Surfside Beach,minted,no national table covers this government
rtr:us:xx:town-of-voluntown-ct-government,"Town of Voluntown, CT- Government",municipality,us,,,,,,,"Town of Voluntown, CT- Government",minted,no national table covers this government
rtr:us:xx:town-of-webster,Town of Webster,municipality,us,,,,,,,Town of Webster,minted,no national table covers this government
rtr:us:xx:town-of-woodside,Town of Woodside,municipality,us,,,,,,,Town of Woodside,minted,no national table covers this government
rtr:us:xx:townofws,Townofws,other,us,,,,,,,Townofws,minted,no national table covers this government
rtr:us:xx:township-of-brock,Township Of Brock,township,us,,,,,,,Township Of Brock|Township of Brock,minted,no national table covers this government
rtr:us:xx:township-of-mapleton,Township of Mapleton,township,us,,,,,,,Township of Mapleton,minted,no national table covers this government
rtr:us:xx:township-of-newtown,Township of Newtown,township,us,,,,,,,Township of Newtown,minted,no national table covers this government
rtr:us:xx:tracy,Tracy,other,us,,,,,,,City of Tracy|Tracy,minted,no national table covers this government
rtr:us:xx:twpec,Twpec,other,us,,,,,,,Twpec,minted,no national table covers this government
rtr:us:xx:ukiah,Ukiah,other,us,,,,,,,Ukiah,minted,no national table covers this government
rtr:us:xx:university-park,Village Of University Park,municipality,us,,,,,,,Village Of University Park,minted,no national table covers this government
rtr:us:xx:unknown-jurisdiction,Unknown Jurisdiction,other,us,,,,,,,Unknown Jurisdiction,minted,no national table covers this government
rtr:us:xx:vernon,City of Vernon,municipality,us,,,,,,,City of Vernon,minted,no national table covers this government
rtr:us:xx:verona,City of Verona,municipality,us,,,,,,,City of Verona,minted,no national table covers this government
rtr:us:xx:village-of-brookfield,Village of Brookfield,municipality,us,,,,,,,Village of Brookfield,minted,no national table covers this government
rtr:us:xx:village-of-cooperstown,Village of Cooperstown,municipality,us,,,,,,,Village of Cooperstown,minted,no national table covers this government
rtr:us:xx:village-of-galena,Village of Galena,municipality,us,,,,,,,Village of Galena,minted,no national table covers this government
rtr:us:xx:village-of-irvington,Village of Irvington,municipality,us,,,,,,,Irvington|Village of Irvington,minted,no national table covers this government
rtr:us:xx:village-of-northfield,Village of Northfield,municipality,us,,,,,,,Village of Northfield,minted,no national table covers this government
rtr:us:xx:village-of-university-park,Village Of University Park,municipality,us,,,,,,,Village Of University Park,minted,no national table covers this government
rtr:us:xx:vista,City of Vista,municipality,us,,,,,,,City of Vista,minted,no national table covers this government
rtr:us:xx:voluntown-ct-government,"Town of Voluntown, CT- Government",municipality,us,,,,,,,"Town of Voluntown, CT- Government",minted,no national table covers this government
rtr:us:xx:walker,City of Walker,municipality,us,,,,,,,City of Walker,minted,no national table covers this government
rtr:us:xx:walnut,City of Walnut,municipality,us,,,,,,,City of Walnut,minted,no national table covers this government
rtr:us:xx:walton-county,Walton County,county,us,,,,,,,Walton County,minted,no national table covers this government
rtr:us:xx:walton-county-meetings-portal,Walton County Meetings Portal,county,us,,,,,,,Walton County Meetings Portal,minted,no national table covers this government
rtr:us:xx:walworth-county,Walworth County,county,us,,,,,,,Walworth County,minted,no national table covers this government
rtr:us:xx:washington,Washington,other,us,,,,,,,Washington,minted,no national table covers this government
rtr:us:xx:washington-suburban-sanitary-commission,Washington Suburban Sanitary Commission,special_district,us,,,,,,,Washington Suburban Sanitary Commission,minted,no national table covers this government
rtr:us:xx:watertown,Watertown,other,us,,,,,,,Watertown,minted,no national table covers this government
rtr:us:xx:waverly,City of Waverly,municipality,us,,,,,,,City of Waverly,minted,no national table covers this government
rtr:us:xx:wayne,City of Wayne,municipality,us,,,,,,,City of Wayne,minted,no national table covers this government
rtr:us:xx:wb,WB,other,us,,,,,,,WB,minted,no national table covers this government
rtr:us:xx:webster,Town of Webster,municipality,us,,,,,,,Town of Webster,minted,no national table covers this government
rtr:us:xx:west-county-wastewater,West County Wastewater,other,us,,,,,,,West County Wastewater,minted,no national table covers this government
rtr:us:xx:west-kelowna-council-chambers,West Kelowna Council Chambers,other,us,,,,,,,West Kelowna Council Chambers,minted,no national table covers this government
rtr:us:xx:west-warwick-town-council,West Warwick Town Council,other,us,,,,,,,West Warwick Town Council,minted,no national table covers this government
rtr:us:xx:westfield,Westfield,other,us,,,,,,,Westfield,minted,no national table covers this government
rtr:us:xx:westminster,City of Westminster,municipality,us,,,,,,,City of Westminster,minted,no national table covers this government
rtr:us:xx:whitehouse,City of Whitehouse,municipality,us,,,,,,,City of Whitehouse,minted,no national table covers this government
rtr:us:xx:williams-county,Williams County,county,us,,,,,,,Williams County,minted,no national table covers this government
rtr:us:xx:williamsburg,City of Williamsburg,municipality,us,,,,,,,City of Williamsburg,minted,no national table covers this government
rtr:us:xx:willow-park-texas-meetings-hub,Willow Park Texas Meetings Hub,other,us,,,,,,,Willow Park Texas Meetings Hub,minted,no national table covers this government
rtr:us:xx:wilmot,Wilmot,other,us,,,,,,,Wilmot,minted,no national table covers this government
rtr:us:xx:winter-park,Winter Park,other,us,,,,,,,Winter Park,minted,no national table covers this government
rtr:us:xx:woodland,Woodland,other,us,,,,,,,City of Woodland|Woodland,minted,no national table covers this government
rtr:us:xx:woodside,Town of Woodside,municipality,us,,,,,,,Town of Woodside,minted,no national table covers this government
us:county:01003,Baldwin County,county,us,AL,,01003,,,,"Baldwin County|Baldwin County, AL",us_counties.csv,
us:county:01073,Jefferson County,county,us,AL,,01073,,,,"Jefferson County, AL",us_counties.csv,
us:county:01115,St. Clair County,county,us,AL,,01115,,,,"St. Clair County, AL",us_counties.csv,
us:county:02130,Ketchikan Gateway Borough,county,us,AK,,02130,,,,"Ketchikan Gateway Borough, AK",us_counties.csv,
us:county:02195,Petersburg Borough,county,us,AK,,02195,,,,"City of Petersburg, AK",us_counties.csv,
us:county:04012,La Paz County,county,us,AZ,,04012,,,,"La Paz County, AZ",us_counties.csv,
us:county:04013,Maricopa County,county,us,AZ,,04013,,,,"City of Maricopa|Maricopa County, AZ",us_counties.csv,
us:county:04017,Navajo County,county,us,AZ,,04017,,,,"Navajo County, AZ",us_counties.csv,
us:county:04021,Pinal County,county,us,AZ,,04021,,,,"Pinal County, AZ",us_counties.csv,
us:county:05063,Independence County,county,us,AR,,05063,,,,Independence,us_counties.csv,
us:county:05119,Pulaski County,county,us,AR,,05119,,,,"Pulaski County, AR",us_counties.csv,
us:county:06001,Alameda County,county,us,CA,,06001,,,,"Alameda County, CA",us_counties.csv,
us:county:06003,Alpine County,county,us,CA,,06003,,,,"Alpine|Alpine County, CA",us_counties.csv,
us:county:06007,Butte County,county,us,CA,,06007,,,,"Butte County, CA",us_counties.csv,
us:county:06009,Calaveras County,county,us,CA,,06009,,,,"Calaveras County, CA|Calaveras, CA",us_counties.csv,
us:county:06013,Contra Costa County,county,us,CA,,06013,,,,"Contra Costa County, CA",us_counties.csv,
us:county:06017,El Dorado County,county,us,CA,,06017,,,,"El Dorado County, CA|Eldorado",us_counties.csv,
us:county:06019,Fresno County,county,us,CA,,06019,,,,"County of Fresno, CA|Fresno County, CA",us_counties.csv,
us:county:06021,Glenn County,county,us,CA,,06021,,,,"Glenn County, CA",us_counties.csv,
us:county:06023,Humboldt County,county,us,CA,,06023,,,,"County of Humboldt, CA|Humboldt County|Humboldt County, CA",us_counties.csv,
us:county:06025,Imperial County,county,us,CA,,06025,,,,"County of Imperial, CA|Imperial",us_counties.csv,
us:county:06027,Inyo County,county,us,CA,,06027,,,,Inyo,us_counties.csv,
us:county:06029,Kern County,county,us,CA,,06029,,,,"Kern County, CA",us_counties.csv,
us:county:06037,Los Angeles County,county,us,CA,,06037,,,,"Los Angeles County, CA",us_counties.csv,
us:county:06039,Madera County,county,us,CA,,06039,,,,"Madera County, CA",us_counties.csv,
us:county:06041,Marin County,county,us,CA,,06041,,,,"County of Marin, CA|Marin County, CA",us_counties.csv,
us:county:06043,Mariposa County,county,us,CA,,06043,,,,"Mariposa County, CA",us_counties.csv,
us:county:06045,Mendocino County,county,us,CA,,06045,,,,"Mendocino County, CA",us_counties.csv,
us:county:06047,Merced County,county,us,CA,,06047,,,,"Merced County, CA",us_counties.csv,
us:county:06049,Modoc County,county,us,CA,,06049,,,,"Modoc County, CA",us_counties.csv,
us:county:06051,Mono County,county,us,CA,,06051,,,,"Mono County, CA",us_counties.csv,
us:county:06053,Monterey County,county,us,CA,,06053,,,,"County of Monterey, CA",us_counties.csv,
us:county:06055,Napa County,county,us,CA,,06055,,,,"County of Napa, CA|Napa County, CA",us_counties.csv,
us:county:06057,Nevada County,county,us,CA,,06057,,,,County of Nevada|Nevada County,us_counties.csv,
us:county:06059,Orange County,county,us,CA,,06059,,,,"County of Orange|Orange County, CA",us_counties.csv,
us:county:06061,Placer County,county,us,CA,,06061,,,,"County of Placer, CA",us_counties.csv,
us:county:06063,Plumas County,county,us,CA,,06063,,,,"County of Plumas, CA|Plumas County, CA",us_counties.csv,
us:county:06065,Riverside County,county,us,CA,,06065,,,,"City of Riverside|Riverside|Riverside County, CA",us_counties.csv,
us:county:06067,Sacramento County,county,us,CA,,06067,,,,"Sacramento County, CA",us_counties.csv,
us:county:06071,San Bernardino County,county,us,CA,,06071,,,,"County of San Bernardino, CA",us_counties.csv,
us:county:06073,San Diego County,county,us,CA,,06073,,,,"County of San Diego, CA|San Diego County, CA",us_counties.csv,
us:county:06077,San Joaquin County,county,us,CA,,06077,,,,"San Joaquin County, CA",us_counties.csv,
us:county:06079,San Luis Obispo County,county,us,CA,,06079,,,,"San Luis Obispo County, CA",us_counties.csv,
us:county:06081,San Mateo County,county,us,CA,,06081,,,,"County of San Mateo, CA|San Mateo County, CA",us_counties.csv,
us:county:06083,Santa Barbara County,county,us,CA,,06083,,,,"Santa Barbara County, CA",us_counties.csv,
us:county:06085,Santa Clara County,county,us,CA,,06085,,,,"City of Santa Clara|County of Santa Clara, CA|Santa Clara County Office of Education, CA|Santa Clara County, CA",us_counties.csv,
us:county:06087,Santa Cruz County,county,us,CA,,06087,,,,"Santa Cruz County, CA",us_counties.csv,
us:county:06089,Shasta County,county,us,CA,,06089,,,,"Shasta County, CA",us_counties.csv,
us:county:06095,Solano County,county,us,CA,,06095,,,,"County of Solano, CA|Solano County, CA",us_counties.csv,
us:county:06097,Sonoma County,county,us,CA,,06097,,,,"Sonoma County, CA",us_counties.csv,
us:county:06101,Sutter County,county,us,CA,,06101,,,,"Sutter County, CA",us_counties.csv,
us:county:06107,Tulare County,county,us,CA,,06107,,,,"Tulare County, CA",us_counties.csv,
us:county:06109,Tuolumne County,county,us,CA,,06109,,,,Tuolumne,us_counties.csv,
us:county:06111,Ventura County,county,us,CA,,06111,,,,"Ventura County, CA|Ventura, CA",us_counties.csv,
us:county:06113,Yolo County,county,us,CA,,06113,,,,"Yolo County, CA",us_counties.csv,
us:county:08005,Arapahoe County,county,us,CO,,08005,,,,"Arapahoe County, CO",us_counties.csv,
us:county:08013,Boulder County,county,us,CO,,08013,,,,"Boulder County, CO",us_counties.csv,
us:county:08015,Chaffee County,county,us,CO,,08015,,,,"Chaffee County, CO",us_counties.csv,
us:county:08037,Eagle County,county,us,CO,,08037,,,,"Eagle County, CO",us_counties.csv,
us:county:08039,Elbert County,county,us,CO,,08039,,,,Elbert County,us_counties.csv,
us:county:08045,Garfield County,county,us,CO,,08045,,,,"Garfield, CO",us_counties.csv,
us:county:08049,Grand County,county,us,CO,,08049,,,,Grand County,us_counties.csv,
us:county:08057,Jackson County,county,us,CO,,08057,,,,Jackson County,us_counties.csv,
us:county:08059,Jefferson County,county,us,CO,,08059,,,,Jefferson,us_counties.csv,
us:county:08067,La Plata County,county,us,CO,,08067,,,,"La Plata County, CO",us_counties.csv,
us:county:08077,Mesa County,county,us,CO,,08077,,,,"City of Mesa|Mesa County, CO|Mesa, CO",us_counties.csv,
us:county:08097,Pitkin County,county,us,CO,,08097,,,,"Pitkin County, CO",us_counties.csv,
us:county:08119,Teller County,county,us,CO,,08119,,,,"Teller County, CO",us_counties.csv,
us:county:10003,New Castle County,county,us,DE,,10003,,,,"New Castle County, DE",us_counties.csv,
us:county:10005,Sussex County,county,us,DE,,10005,,,,"Sussex County, DE|Sussex, DE",us_counties.csv,
us:county:12001,Alachua County,county,us,FL,,12001,,,,"County of Alachua, FL",us_counties.csv,
us:county:12005,Bay County,county,us,FL,,12005,,,,"Bay County, FL",us_counties.csv,
us:county:12009,Brevard County,county,us,FL,,12009,,,,"Brevard County, FL",us_counties.csv,
us:county:12011,Broward County,county,us,FL,,12011,,,,"Broward County, FL",us_counties.csv,
us:county:12015,Charlotte County,county,us,FL,,12015,,,,"Charlotte|Charlotte County, FL",us_counties.csv,
us:county:12017,Citrus County,county,us,FL,,12017,,,,"Citrus County, FL|County of Citrus, FL",us_counties.csv,
us:county:12019,Clay County,county,us,FL,,12019,,,,"Clay County, FL",us_counties.csv,
us:county:12033,Escambia County,county,us,FL,,12033,,,,"Escambia County, FL|Escambia, FL",us_counties.csv,
us:county:12049,Hardee County,county,us,FL,,12049,,,,"Hardee County, FL",us_counties.csv,
us:county:12053,Hernando County,county,us,FL,,12053,,,,"Hernando County, FL",us_counties.csv,
us:county:12055,Highlands County,county,us,FL,,12055,,,,"Highlands Borough, FL",us_counties.csv,
us:county:12057,Hillsborough County,county,us,FL,,12057,,,,"Hillsborough County, FL",us_counties.csv,
us:county:12061,Indian River County,county,us,FL,,12061,,,,"Indian River County, FL",us_counties.csv,
us:county:12069,Lake County,county,us,FL,,12069,,,,"Lake County, FL",us_counties.csv,
us:county:12081,Manatee County,county,us,FL,,12081,,,,"Manatee County, FL|Manatee, FL",us_counties.csv,
us:county:12083,Marion County,county,us,FL,,12083,,,,"Marion|Marion County, FL",us_counties.csv,
us:county:12085,Martin County,county,us,FL,,12085,,,,"Martin County, FL",us_counties.csv,
us:county:12086,Miami-Dade County,county,us,FL,,12086,,,,"Miami Dade County|Miami-Dade County, FL",us_counties.csv,
us:county:12087,Monroe County,county,us,FL,,12087,,,,Monroe County FL,us_counties.csv,
us:county:12089,Nassau County,county,us,FL,,12089,,,,"Nassau County, FL|Nassau, FL",us_counties.csv,
us:county:12091,Okaloosa County,county,us,FL,,12091,,,,"Okaloosa County, FL",us_counties.csv,
us:county:12093,Okeechobee County,county,us,FL,,12093,,,,"Okeechobee County, FL",us_counties.csv,
us:county:12095,Orange County,county,us,FL,,12095,,,,"Orange County|Orange County Comptroller|Orange County, FL|Orange, FL",us_counties.csv,
us:county:12103,Pinellas County,county,us,FL,,12103,,,,"Pinellas County, FL",us_counties.csv,
us:county:12105,Polk County,county,us,FL,,12105,,,,"Polk County, FL",us_counties.csv,
us:county:12109,St. Johns County,county,us,FL,,12109,,,,"St. Johns County, FL",us_counties.csv,
us:county:12111,St. Lucie County,county,us,FL,,12111,,,,"St Lucie County, FL",us:county (spacing-insensitive match),
us:county:12113,Santa Rosa County,county,us,FL,,12113,,,,"City of Santa Rosa|Santa Rosa County, FL",us_counties.csv,
us:county:12115,Sarasota County,county,us,FL,,12115,,,,"Sarasota County, FL",us_counties.csv,
us:county:12119,Sumter County,county,us,FL,,12119,,,,Sumter County,us_counties.csv,
us:county:13051,Chatham County,county,us,GA,,13051,,,,"Chatham County, GA",us_counties.csv,
us:county:13063,Clayton County,county,us,GA,,13063,,,,"Clayton County, GA",us_counties.csv,
us:county:13077,Coweta County,county,us,GA,,13077,,,,"Coweta County, GA",us_counties.csv,
us:county:13089,DeKalb County,county,us,GA,,13089,,,,"Dekalb County, GA",us_counties.csv,
us:county:13151,Henry County,county,us,GA,,13151,,,,"Henry County, GA",us_counties.csv,
us:county:13179,Liberty County,county,us,GA,,13179,,,,"Liberty County, GA",us_counties.csv,
us:county:13285,Troup County,county,us,GA,,13285,,,,"Troup County, GA",us_counties.csv,
us:county:13297,Walton County,county,us,GA,,13297,,,,"Walton County, GA",us_counties.csv,
us:county:13313,Whitfield County,county,us,GA,,13313,,,,"Whitfield County, GA",us_counties.csv,
us:county:15001,Hawaii County,county,us,HI,,15001,,,,"Hawaii County, HI",us_counties.csv,
us:county:15003,City and County of Honolulu,county,us,HI,,15003,,,,City and County of Honolulu|City of Honolulu|County of Honolulu|County of Honolulu.|Honolulu,curated_consolidated,"Hawaii's only consolidated city-county, and the only government Honolulu has -- there is no separate municipal corporation, so the county FIPS is the identity. Census names the row 'Honolulu County', which is not what the government calls itself or what its own Granicus pages write ('City of Honolulu' / 'County of Honolulu.', both on honolulu.granicus.com, both for clip 2444)."
us:county:15009,Maui County,county,us,HI,,15009,,,,"County of Maui, HI",us_counties.csv,
us:county:16015,Boise County,county,us,ID,,16015,,,,"City of Boise, ID",us_counties.csv,
us:county:16081,Teton County,county,us,ID,,16081,,,,"Teton County, ID",us_counties.csv,
us:county:17031,Cook County,county,us,IL,,17031,,,,"Cook County, IL",us_counties.csv,
us:county:17043,DuPage County,county,us,IL,,17043,,,,"County of DuPage, IL|DuPage County, IL",us_counties.csv,
us:county:17063,Grundy County,county,us,IL,,17063,,,,"Grundy County, IL",us_counties.csv,
us:county:17097,Lake County,county,us,IL,,17097,,,,Lake County,us_counties.csv,
us:county:17143,Peoria County,county,us,IL,,17143,,,,City of Peoria,us_counties.csv,
us:county:18009,Blackford County,county,us,IN,,18009,,,,"Blackford County, IN",us_counties.csv,
us:county:18017,Cass County,county,us,IN,,18017,,,,Cass,us_counties.csv,
us:county:18029,Dearborn County,county,us,IN,,18029,,,,City of Dearborn,us_counties.csv,
us:county:18035,Delaware County,county,us,IN,,18035,,,,"Delaware County, IN",us_counties.csv,
us:county:18049,Fulton County,county,us,IN,,18049,,,,"Fulton County, IN",us_counties.csv,
us:county:18061,Harrison County,county,us,IN,,18061,,,,Harrison County,us_counties.csv,
us:county:18069,Huntington County,county,us,IN,,18069,,,,Town of Huntington,us_counties.csv,
us:county:18127,Porter County,county,us,IN,,18127,,,,"Porter County, IN",us_counties.csv,
us:county:19061,Dubuque County,county,us,IA,,19061,,,,"Dubuque County, IA",us_counties.csv,
us:county:19103,Johnson County,county,us,IA,,19103,,,,"Johnson County, IA",us_counties.csv,
us:county:19113,Linn County,county,us,IA,,19113,,,,"Linn|Linn County, IA",us_counties.csv,
us:county:19169,Story County,county,us,IA,,19169,,,,"Story County, IA",us_counties.csv,
us:county:19193,Woodbury County,county,us,IA,,19193,,,,Woodbury,us_counties.csv,
us:county:20015,Butler County,county,us,KS,,20015,,,,Butler County,us_counties.csv,
us:county:20121,Miami County,county,us,KS,,20121,,,,Miami,us_counties.csv,
us:county:20125,Montgomery County,county,us,KS,,20125,,,,"Montgomery County, KS",us_counties.csv,
us:county:20151,Pratt County,county,us,KS,,20151,,,,"City of Pratt|Pratt County, KS",us_counties.csv,
us:county:20173,Sedgwick County,county,us,KS,,20173,,,,"Sedgwick County, KS",us_counties.csv,
us:county:20175,Seward County,county,us,KS,,20175,,,,"Seward County, KS",us_counties.csv,
us:county:21157,Marshall County,county,us,KY,,21157,,,,"Marshall County, KY",us_counties.csv,
us:county:22051,Jefferson Parish,county,us,LA,,22051,,,,"Jefferson Parish, LA",us_counties.csv,
us:county:22089,St. Charles Parish,county,us,LA,,22089,,,,"St Charles Parish, LA",us:county (spacing-insensitive match),
us:county:22121,West Baton Rouge Parish,county,us,LA,,22121,,,,"West Baton Rouge Parish, LA",us_counties.csv,
us:county:23015,Lincoln County,county,us,ME,,23015,,,,"Lincoln, ME",us_counties.csv,
us:county:24001,Allegany County,county,us,MD,,24001,,,,"Allegany County, MD",us_counties.csv,
us:county:24011,Caroline County,county,us,MD,,24011,,,,"Caroline County, MD",us_counties.csv,
us:county:24013,Carroll County,county,us,MD,,24013,,,,"Carroll County, MD",us_counties.csv,
us:county:24021,Frederick County,county,us,MD,,24021,,,,"Frederick County, MD",us_counties.csv,
us:county:24025,Harford County,county,us,MD,,24025,,,,"Harford County, MD",us_counties.csv,
us:county:24031,Montgomery County,county,us,MD,,24031,,,,Montgomery County,us_counties.csv,
us:county:24035,Queen Anne's County,county,us,MD,,24035,,,,"Queen Anne's County, MD",us_counties.csv,
us:county:24041,Talbot County,county,us,MD,,24041,,,,"Talbot County|Talbot County, MD",us_counties.csv,
us:county:24047,Worcester County,county,us,MD,,24047,,,,"Worcester County, MD",us_counties.csv,
us:county:26049,Genesee County,county,us,MI,,26049,,,,"Genesee County, MI",us_counties.csv,
us:county:26075,Jackson County,county,us,MI,,26075,,,,"Jackson County, MI",us_counties.csv,
us:county:26121,Muskegon County,county,us,MI,,26121,,,,"Muskegon County, MI",us_counties.csv,
us:county:26161,Washtenaw County,county,us,MI,,26161,,,,"Washtenaw County, MI",us_counties.csv,
us:county:26163,Wayne County,county,us,MI,,26163,,,,"Wayne County, MI",us_counties.csv,
us:county:27007,Beltrami County,county,us,MN,,27007,,,,"Beltrami County, MN",us_counties.csv,
us:county:27013,Blue Earth County,county,us,MN,,27013,,,,"Blue Earth County, MN",us_counties.csv,
us:county:27031,Cook County,county,us,MN,,27031,,,,"Cook County, MN",us_counties.csv,
us:county:27037,Dakota County,county,us,MN,,27037,,,,"County of Dakota|Dakota County, MN",us_counties.csv,
us:county:27049,Goodhue County,county,us,MN,,27049,,,,"Goodhue County, MN",us_counties.csv,
us:county:27053,Hennepin County,county,us,MN,,27053,,,,"County of Hennepin, MN",us_counties.csv,
us:county:27109,Olmsted County,county,us,MN,,27109,,,,"Olmsted County, MN",us_counties.csv,
us:county:27123,Ramsey County,county,us,MN,,27123,,,,Ramsey County,us_counties.csv,
us:county:27131,Rice County,county,us,MN,,27131,,,,"Rice County, MN",us_counties.csv,
us:county:27139,Scott County,county,us,MN,,27139,,,,Scott County,us_counties.csv,
us:county:27145,Stearns County,county,us,MN,,27145,,,,"Stearns County, MN",us_counties.csv,
us:county:27163,Washington County,county,us,MN,,27163,,,,"Washington County, MN",us_counties.csv,
us:county:27169,Winona County,county,us,MN,,27169,,,,City of Winona|Winona,us_counties.csv,
us:county:27171,Wright County,county,us,MN,,27171,,,,"Wright County, MN",us_counties.csv,
us:county:28045,Hancock County,county,us,MS,,28045,,,,"Hancock County, MS",us_counties.csv,
us:county:29095,Jackson County,county,us,MO,,29095,,,,"Jackson County|Jackson County, MO",us_counties.csv,
us:county:29099,Jefferson County,county,us,MO,,29099,,,,"Jefferson|Jefferson County, MO",us_counties.csv,
us:county:29149,Oregon County,county,us,MO,,29149,,,,Oregon,us_counties.csv,
us:county:30081,Ravalli County,county,us,MT,,30081,,,,"Ravalli County, MT",us_counties.csv,
us:county:30095,Stillwater County,county,us,MT,,30095,,,,City of Stillwater,us_counties.csv,
us:county:30105,Valley County,county,us,MT,,30105,,,,"Valley County, MT",us_counties.csv,
us:county:31051,Dixon County,county,us,NE,,31051,,,,City of Dixon,us_counties.csv,
us:county:31153,Sarpy County,county,us,NE,,31153,,,,"Sarpy County, NE",us_counties.csv,
us:county:32001,Churchill County,county,us,NV,,32001,,,,"Churchill County, NV",us_counties.csv,
us:county:32003,Clark County,county,us,NV,,32003,,,,"County of Clark, NV",us_counties.csv,
us:county:32023,Nye County,county,us,NV,,32023,,,,"Nye County, NV",us_counties.csv,
us:county:32031,Washoe County,county,us,NV,,32031,,,,"Washoe County, NV",us_counties.csv,
us:county:34003,Bergen County,county,us,NJ,,34003,,,,"Bergen County, NJ",us_counties.csv,
us:county:34005,Burlington County,county,us,NJ,,34005,,,,Burlington,us_counties.csv,
us:county:34011,Cumberland County,county,us,NJ,,34011,,,,"Cumberland County, NJ",us_counties.csv,
us:county:34013,Essex County,county,us,NJ,,34013,,,,"Essex County, NJ",us_counties.csv,
us:county:34017,Hudson County,county,us,NJ,,34017,,,,City of Hudson,us_counties.csv,
us:county:34019,Hunterdon County,county,us,NJ,,34019,,,,"Hunterdon County, NJ",us_counties.csv,
us:county:34023,Middlesex County,county,us,NJ,,34023,,,,"Middlesex County, NJ",us_counties.csv,
us:county:34035,Somerset County,county,us,NJ,,34035,,,,"Somerset County, NJ",us_counties.csv,
us:county:35001,Bernalillo County,county,us,NM,,35001,,,,"Bernalillo County, NM",us_counties.csv,
us:county:35025,Lea County,county,us,NM,,35025,,,,"Lea County, NM",us_counties.csv,
us:county:35028,Los Alamos County,county,us,NM,,35028,,,,"Los Alamos County, NM",us_counties.csv,
us:county:35043,Sandoval County,county,us,NM,,35043,,,,"Sandoval County, NM",us_counties.csv,
us:county:36015,Chemung County,county,us,NY,,36015,,,,"Chemung County, NY",us_counties.csv,
us:county:36017,Chenango County,county,us,NY,,36017,,,,"Town of Chenango, NY",us_counties.csv,
us:county:36023,Cortland County,county,us,NY,,36023,,,,"Cortland County, NY",us_counties.csv,
us:county:36029,Erie County,county,us,NY,,36029,,,,"Erie County, NY",us_counties.csv,
us:county:36059,Nassau County,county,us,NY,,36059,,,,"Nassau County, NY",us_counties.csv,
us:county:36065,Oneida County,county,us,NY,,36065,,,,"Oneida County, NY",us_counties.csv,
us:county:36069,Ontario County,county,us,NY,,36069,,,,"Ontario County, NY",us_counties.csv,
us:county:36071,Orange County,county,us,NY,,36071,,,,"Orange County, NY",us_counties.csv,
us:county:36091,Saratoga County,county,us,NY,,36091,,,,City of Saratoga,us_counties.csv,
us:county:36105,Sullivan County,county,us,NY,,36105,,,,"Sullivan County, NY|Town of Sullivan, NY",us_counties.csv,
us:county:36109,Tompkins County,county,us,NY,,36109,,,,"Tompkins County, NY",us_counties.csv,
us:county:36119,Westchester County,county,us,NY,,36119,,,,"Westchester County, NY",us_counties.csv,
us:county:37019,Brunswick County,county,us,NC,,37019,,,,"Brunswick County, NC",us_counties.csv,
us:county:37031,Carteret County,county,us,NC,,37031,,,,"Carteret County, NC",us_counties.csv,
us:county:37037,Chatham County,county,us,NC,,37037,,,,"Chatham County, NC",us_counties.csv,
us:county:37049,Craven County,county,us,NC,,37049,,,,"Craven County, NC",us_counties.csv,
us:county:37059,Davie County,county,us,NC,,37059,,,,"Davie County, NC",us_counties.csv,
us:county:37063,Durham County,county,us,NC,,37063,,,,"Durham County, NC",us_counties.csv,
us:county:37071,Gaston County,county,us,NC,,37071,,,,"Gaston County, NC",us_counties.csv,
us:county:37081,Guilford County,county,us,NC,,37081,,,,"Guilford County, NC",us_counties.csv,
us:county:37087,Haywood County,county,us,NC,,37087,,,,Haywood County,us_counties.csv,
us:county:37093,Hoke County,county,us,NC,,37093,,,,"Hoke County, NC",us_counties.csv,
us:county:37097,Iredell County,county,us,NC,,37097,,,,"Iredell County, NC",us_counties.csv,
us:county:37099,Jackson County,county,us,NC,,37099,,,,"Jackson County, NC",us_counties.csv,
us:county:37101,Johnston County,county,us,NC,,37101,,,,"Johnston County, NC",us_counties.csv,
us:county:37119,Mecklenburg County,county,us,NC,,37119,,,,"Mecklenburg County, NC",us_counties.csv,
us:county:37125,Moore County,county,us,NC,,37125,,,,"Moore County, NC",us_counties.csv,
us:county:37129,New Hanover County,county,us,NC,,37129,,,,New Hanover,us_counties.csv,
us:county:37133,Onslow County,county,us,NC,,37133,,,,"Onslow County, NC",us_counties.csv,
us:county:37135,Orange County,county,us,NC,,37135,,,,"Orange County|Orange County, NC",us_counties.csv,
us:county:37141,Pender County,county,us,NC,,37141,,,,"Pender County, NC",us_counties.csv,
us:county:37161,Rutherford County,county,us,NC,,37161,,,,Rutherford County,us_counties.csv,
us:county:37179,Union County,county,us,NC,,37179,,,,"Union County|Union County, NC",us_counties.csv,
us:county:37183,Wake County,county,us,NC,,37183,,,,"Wake|Wake County, NC",us_counties.csv,
us:county:37193,Wilkes County,county,us,NC,,37193,,,,"Wilkes County, NC",us_counties.csv,
us:county:37195,Wilson County,county,us,NC,,37195,,,,"Wilson County, NC",us_counties.csv,
us:county:38053,McKenzie County,county,us,ND,,38053,,,,"McKenzie County, ND",us_counties.csv,
us:county:38065,Oliver County,county,us,ND,,38065,,,,Town of Oliver,us_counties.csv,
us:county:38105,Williams County,county,us,ND,,38105,,,,Williams County,us_counties.csv,
us:county:39013,Belmont County,county,us,OH,,39013,,,,City of Belmont,us_counties.csv,
us:county:39017,Butler County,county,us,OH,,39017,,,,"Butler County, OH",us_counties.csv,
us:county:39061,Hamilton County,county,us,OH,,39061,,,,"Hamilton County, OH",us_counties.csv,
us:county:39095,Lucas County,county,us,OH,,39095,,,,"Lucas County, OH",us_counties.csv,
us:county:41003,Benton County,county,us,OR,,41003,,,,"Benton County, OR",us_counties.csv,
us:county:41007,Clatsop County,county,us,OR,,41007,,,,"Clatsop County, OR",us_counties.csv,
us:county:41017,Deschutes County,county,us,OR,,41017,,,,"Deschutes County, OR",us_counties.csv,
us:county:41031,Jefferson County,county,us,OR,,41031,,,,"Jefferson County, OR",us_counties.csv,
us:county:41041,Lincoln County,county,us,OR,,41041,,,,"Lincoln County, OR",us_counties.csv,
us:county:41051,Multnomah County,county,us,OR,,41051,,,,"Multnomah|Multnomah County, OR",us_counties.csv,
us:county:41057,Tillamook County,county,us,OR,,41057,,,,"Tillamook County, OR",us_counties.csv,
us:county:41059,Umatilla County,county,us,OR,,41059,,,,City of Umatilla,us_counties.csv,
us:county:41067,Washington County,county,us,OR,,41067,,,,"Washington County, OR|Washington, OR",us_counties.csv,
us:county:41071,Yamhill County,county,us,OR,,41071,,,,"Yamhill County, OR",us_counties.csv,
us:county:42017,Bucks County,county,us,PA,,42017,,,,"Bucks County, PA",us_counties.csv,
us:county:42027,Centre County,county,us,PA,,42027,,,,"Centre County, PA",us_counties.csv,
us:county:42029,Chester County,county,us,PA,,42029,,,,"Chester County, PA",us_counties.csv,
us:county:42041,Cumberland County,county,us,PA,,42041,,,,"County of Cumberland, PA",us_counties.csv,
us:county:42045,Delaware County,county,us,PA,,42045,,,,"County of Delaware|Delaware County, PA",us_counties.csv,
us:county:42049,Erie County,county,us,PA,,42049,,,,"Erie County|Erie County, PA",us_counties.csv,
us:county:42069,Lackawanna County,county,us,PA,,42069,,,,"Lackawanna County, PA",us_counties.csv,
us:county:42075,Lebanon County,county,us,PA,,42075,,,,Lebanon,us_counties.csv,
us:county:42097,Northumberland County,county,us,PA,,42097,,,,"County of Northumberland|County of Northumberland, PA",us_counties.csv,
us:county:44001,Bristol County,county,us,RI,,44001,,,,"Bristol, RI",us_counties.csv,
us:county:44007,Providence County,county,us,RI,,44007,,,,City of Providence,us_counties.csv,
us:county:45013,Beaufort County,county,us,SC,,45013,,,,"Beaufort County, SC",us_counties.csv,
us:county:45015,Berkeley County,county,us,SC,,45015,,,,"Berkeley County, SC",us_counties.csv,
us:county:45019,Charleston County,county,us,SC,,45019,,,,Charleston,us_counties.csv,
us:county:45027,Clarendon County,county,us,SC,,45027,,,,"Clarendon County, SC",us_counties.csv,
us:county:45045,Greenville County,county,us,SC,,45045,,,,City of Greenville,us_counties.csv,
us:county:45051,Horry County,county,us,SC,,45051,,,,"Horry County, SC",us_counties.csv,
us:county:45057,Lancaster County,county,us,SC,,45057,,,,"Lancaster County, SC",us_counties.csv,
us:county:45077,Pickens County,county,us,SC,,45077,,,,"Pickens County, SC",us_counties.csv,
us:county:46011,Brookings County,county,us,SD,,46011,,,,"Brookings County, SD",us_counties.csv,
us:county:47009,Blount County,county,us,TN,,47009,,,,Blount County,us_counties.csv,
us:county:47031,Coffee County,county,us,TN,,47031,,,,"Coffee, TN",us_counties.csv,
us:county:47119,Maury County,county,us,TN,,47119,,,,"Maury County, TN",us_counties.csv,
us:county:47175,Van Buren County,county,us,TN,,47175,,,,"Van Buren, TN",us_counties.csv,
us:county:48001,Anderson County,county,us,TX,,48001,,,,"Anderson County, TX",us_counties.csv,
us:county:48027,Bell County,county,us,TX,,48027,,,,"Bell County, TX",us_counties.csv,
us:county:48029,Bexar County,county,us,TX,,48029,,,,"Bexar County, TX",us_counties.csv,
us:county:48037,Bowie County,county,us,TX,,48037,,,,City of Bowie,us_counties.csv,
us:county:48039,Brazoria County,county,us,TX,,48039,,,,"Brazoria County, TX",us_counties.csv,
us:county:48055,Caldwell County,county,us,TX,,48055,,,,"Caldwell County, TX",us_counties.csv,
us:county:48061,Cameron County,county,us,TX,,48061,,,,"Cameron County, TX",us_counties.csv,
us:county:48071,Chambers County,county,us,TX,,48071,,,,"Chambers County, TX",us_counties.csv,
us:county:48085,Collin County,county,us,TX,,48085,,,,"Collin County, TX",us_counties.csv,
us:county:48089,Colorado County,county,us,TX,,48089,,,,Colorado,us_counties.csv,
us:county:48113,Dallas County,county,us,TX,,48113,,,,"County of Dallas, TX|Dallas County, TX",us_counties.csv,
us:county:48121,Denton County,county,us,TX,,48121,,,,"City of Denton|Denton County, TX",us_counties.csv,
us:county:48139,Ellis County,county,us,TX,,48139,,,,"Ellis County, TX",us_counties.csv,
us:county:48141,El Paso County,county,us,TX,,48141,,,,"El Paso County, TX",us_counties.csv,
us:county:48157,Fort Bend County,county,us,TX,,48157,,,,"Fort Bend County, TX",us_counties.csv,
us:county:48177,Gonzales County,county,us,TX,,48177,,,,City of Gonzales,us_counties.csv,
us:county:48185,Grimes County,county,us,TX,,48185,,,,"Grimes County, TX",us_counties.csv,
us:county:48201,Harris County,county,us,TX,,48201,,,,"Harris County, TX|Harris, TX",us_counties.csv,
us:county:48209,Hays County,county,us,TX,,48209,,,,"Hays County, TX",us_counties.csv,
us:county:48215,Hidalgo County,county,us,TX,,48215,,,,"Hidalgo County|Hidalgo County, TX",us_counties.csv,
us:county:48251,Johnson County,county,us,TX,,48251,,,,"Johnson County, TX",us_counties.csv,
us:county:48257,Kaufman County,county,us,TX,,48257,,,,"Kaufman County, TX",us_counties.csv,
us:county:48303,Lubbock County,county,us,TX,,48303,,,,"Lubbock County, TX",us_counties.csv,
us:county:48329,Midland County,county,us,TX,,48329,,,,"Midland County, TX",us_counties.csv,
us:county:48339,Montgomery County,county,us,TX,,48339,,,,"Montgomery County, TX",us_counties.csv,
us:county:48355,Nueces County,county,us,TX,,48355,,,,"Nueces County, TX",us_counties.csv,
us:county:48367,Parker County,county,us,TX,,48367,,,,Parker,us_counties.csv,
us:county:48381,Randall County,county,us,TX,,48381,,,,"Randall|Randall County, TX",us_counties.csv,
us:county:48397,Rockwall County,county,us,TX,,48397,,,,"Rockwall County, TX",us_counties.csv,
us:county:48409,San Patricio County,county,us,TX,,48409,,,,"San Patricio County, TX",us_counties.csv,
us:county:48439,Tarrant County,county,us,TX,,48439,,,,"Tarrant County, TX",us_counties.csv,
us:county:48451,Tom Green County,county,us,TX,,48451,,,,Tom Green,us_counties.csv,
us:county:48453,Travis County,county,us,TX,,48453,,,,"Travis|Travis County, TX",us_counties.csv,
us:county:48469,Victoria County,county,us,TX,,48469,,,,"City of Victoria|Victoria|Victoria County, TX",us_counties.csv,
us:county:48473,Waller County,county,us,TX,,48473,,,,"Waller County, TX",us_counties.csv,
us:county:48479,Webb County,county,us,TX,,48479,,,,"Webb County, TX",us_counties.csv,
us:county:48491,Williamson County,county,us,TX,,48491,,,,"Williamson County, TX",us_counties.csv,
us:county:49003,Box Elder County,county,us,UT,,49003,,,,"Box Elder County, UT",us_counties.csv,
us:county:49051,Wasatch County,county,us,UT,,49051,,,,"Wasatch County, UT",us_counties.csv,
us:county:50027,Windsor County,county,us,VT,,50027,,,,Town of Windsor,us_counties.csv,
us:county:51001,Accomack County,county,us,VA,,51001,,,,"Accomack County, VA",us_counties.csv,
us:county:51003,Albemarle County,county,us,VA,,51003,,,,"Albemarle County, VA",us_counties.csv,
us:county:51009,Amherst County,county,us,VA,,51009,,,,Amherst|Town of Amherst,us_counties.csv,
us:county:51015,Augusta County,county,us,VA,,51015,,,,"Augusta County, VA",us_counties.csv,
us:county:51041,Chesterfield County,county,us,VA,,51041,,,,"Chesterfield|Chesterfield County, VA",us_counties.csv,
us:county:51053,Dinwiddie County,county,us,VA,,51053,,,,"Dinwiddie County, VA",us_counties.csv,
us:county:51069,Frederick County,county,us,VA,,51069,,,,"Frederick County, VA|Frederick, VA",us_counties.csv,
us:county:51073,Gloucester County,county,us,VA,,51073,,,,"Gloucester County, VA|Gloucester, VA",us_counties.csv,
us:county:51075,Goochland County,county,us,VA,,51075,,,,"Goochland County, VA",us_counties.csv,
us:county:51079,Greene County,county,us,VA,,51079,,,,"Greene County|Greene County, VA",us_counties.csv,
us:county:51085,Hanover County,county,us,VA,,51085,,,,"HANOVER COUNTY, VA|Hanover|Hanover County, VA",us_counties.csv,
us:county:51087,Henrico County,county,us,VA,,51087,,,,"Henrico County, VA",us_counties.csv,
us:county:51089,Henry County,county,us,VA,,51089,,,,"Henry, VA",us_counties.csv,
us:county:51095,James City County,county,us,VA,,51095,,,,"James City, VA",us_counties.csv,
us:county:51101,King William County,county,us,VA,,51101,,,,"King William County, VA",us_counties.csv,
us:county:51103,Lancaster County,county,us,VA,,51103,,,,"County of Lancaster, VA",us_counties.csv,
us:county:51107,Loudoun County,county,us,VA,,51107,,,,Loudoun,us_counties.csv,
us:county:51109,Louisa County,county,us,VA,,51109,,,,"Louisa County, VA",us_counties.csv,
us:county:51137,Orange County,county,us,VA,,51137,,,,"Orange County, VA",us_counties.csv,
us:county:51145,Powhatan County,county,us,VA,,51145,,,,"County of Powhatan, VA",us_counties.csv,
us:county:51149,Prince George County,county,us,VA,,51149,,,,"Prince George County, VA",us_counties.csv,
us:county:51153,Prince William County,county,us,VA,,51153,,,,"Prince William County, VA",us_counties.csv,
us:county:51187,Warren County,county,us,VA,,51187,,,,"Warren County, VA",us_counties.csv,
us:county:51191,Washington County,county,us,VA,,51191,,,,"Washington County, VA",us_counties.csv,
us:county:51199,York County,county,us,VA,,51199,,,,"York County, VA",us_counties.csv,
us:county:51680,Lynchburg city,county,us,VA,,51680,,,,City of Lynchburg,us_counties.csv,
us:county:51840,Winchester city,county,us,VA,,51840,,,,Winchester,us_counties.csv,
us:county:53009,Clallam County,county,us,WA,,53009,,,,"Clallam|Clallam County, WA|Clallam, WA",us_counties.csv,
us:county:53033,King County,county,us,WA,,53033,,,,"King County, WA",us_counties.csv,
us:county:53039,Klickitat County,county,us,WA,,53039,,,,"Klickitat County, WA",us_counties.csv,
us:county:53055,San Juan County,county,us,WA,,53055,,,,"San Juan County, WA",us_counties.csv,
us:county:53057,Skagit County,county,us,WA,,53057,,,,"County of Skagit, WA",us_counties.csv,
us:county:53061,Snohomish County,county,us,WA,,53061,,,,"Snohomish County, WA",us_counties.csv,
us:county:53073,Whatcom County,county,us,WA,,53073,,,,"Whatcom County, WA",us_counties.csv,
us:county:54079,Putnam County,county,us,WV,,54079,,,,"Putnam County, WV",us_counties.csv,
us:county:54081,Raleigh County,county,us,WV,,54081,,,,City of Raleigh|Raleigh,us_counties.csv,
us:county:55003,Ashland County,county,us,WI,,55003,,,,"Ashland County, WI",us_counties.csv,
us:county:55015,Calumet County,county,us,WI,,55015,,,,"Calumet County, WI",us_counties.csv,
us:county:55025,Dane County,county,us,WI,,55025,,,,"Dane County, WI",us_counties.csv,
us:county:55035,Eau Claire County,county,us,WI,,55035,,,,City of Eau Claire,us_counties.csv,
us:county:55079,Milwaukee County,county,us,WI,,55079,,,,"Milwaukee County, WI",us_counties.csv,
us:county:55097,Portage County,county,us,WI,,55097,,,,"Portage County, WI",us_counties.csv,
us:county:55101,Racine County,county,us,WI,,55101,,,,City of Racine,us_counties.csv,
us:county:55109,St. Croix County,county,us,WI,,55109,,,,"Saint Croix County, WI|St. Croix County, WI",us_counties.csv,
us:county:55111,Sauk County,county,us,WI,,55111,,,,"Sauk County, WI",us_counties.csv,
us:county:55113,Sawyer County,county,us,WI,,55113,,,,"Sawyer County, WI",us_counties.csv,
us:county:55127,Walworth County,county,us,WI,,55127,,,,Walworth County,us_counties.csv,
us:county:55133,Waukesha County,county,us,WI,,55133,,,,"City of Waukesha, WI",us_counties.csv,
us:county:55139,Winnebago County,county,us,WI,,55139,,,,"Winnebago County, WI",us_counties.csv,
us:county:56009,Converse County,county,us,WY,,56009,,,,City of Converse,us_counties.csv,
us:county:56021,Laramie County,county,us,WY,,56021,,,,"Laramie County, WY",us_counties.csv,
us:county:56025,Natrona County,county,us,WY,,56025,,,,"Natrona County, WY",us_counties.csv,
us:county:56039,Teton County,county,us,WY,,56039,,,,"Teton County, WY",us_counties.csv,
us:cousub:0911025990,Enfield town,township,us,CT,,,,,,"Enfield|Enfield, CT",us_cousubs.csv,
us:cousub:0911044910,Mansfield town,township,us,CT,,,,,,"Mansfield, CT",us_cousubs.csv,
us:cousub:0911071390,South Windsor town,township,us,CT,,,,,,"South Windsor, CT",us_cousubs.csv,
us:cousub:0911087000,Windsor town,township,us,CT,,,,,,"Windsor, CT",us_cousubs.csv,
us:cousub:0917035650,Hamden town,township,us,CT,,,,,,"Hamden, CT",us_cousubs.csv,
us:cousub:0918042600,Ledyard town,township,us,CT,,,,,,"Ledyard, CT",us_cousubs.csv,
us:cousub:0919083500,Westport town,township,us,CT,,,,,,"Westport, CT",us_cousubs.csv,
us:cousub:1700158278,Payson township,township,us,IL,,,,,,Payson|Town of Payson,us_cousubs.csv,
us:cousub:1703979462,Waynesville township,township,us,IL,,,,,,Town of Waynesville,us_cousubs.csv,
us:cousub:1707148086,Media township,township,us,IL,,,,,,Media Borough,us_cousubs.csv,
us:cousub:1707502401,Artesia township,township,us,IL,,,,,,Artesia,us_cousubs.csv,
us:cousub:1709722853,Ela township,township,us,IL,,,,,,"Ela Township, IL",us_cousubs.csv,
us:cousub:1711331745,Gridley township,township,us,IL,,,,,,City of Gridley,us_cousubs.csv,
us:cousub:1711915612,Collinsville township,township,us,IL,,,,,,City of Collinsville,us_cousubs.csv,
us:cousub:1713149256,Millersburg township,township,us,IL,,,,,,City of Millersburg,us_cousubs.csv,
us:cousub:1716325726,Fayetteville township,township,us,IL,,,,,,City of Fayetteville,us_cousubs.csv,
us:cousub:1717958460,Pekin township,township,us,IL,,,,,,Pekin,us_cousubs.csv,
us:cousub:2001770775,Toledo township,township,us,KS,,,,,,City of Toledo,us_cousubs.csv,
us:cousub:2005338600,Langley township,township,us,KS,,,,,,City of Langley|Langley,us_cousubs.csv,
us:cousub:2017523000,Fargo township,township,us,KS,,,,,,Fargo,us_cousubs.csv,
us:cousub:2300140035,Lisbon town,township,us,ME,,,,,,"Lisbon, ME",us_cousubs.csv,
us:cousub:2300511125,Casco town,township,us,ME,,,,,,"Casco, ME",us_cousubs.csv,
us:cousub:2300526525,Freeport town,township,us,ME,,,,,,"Freeport, ME|Town of Freeport",us_cousubs.csv,
us:cousub:2300528870,Gray town,township,us,ME,,,,,,"Town of Gray, ME",us_cousubs.csv,
us:cousub:2300586025,Windham town,township,us,ME,,,,,,"Town of Windham, ME",us_cousubs.csv,
us:cousub:2300724005,Eustis town,township,us,ME,,,,,,City of Eustis,us_cousubs.csv,
us:cousub:2301516235,Damariscotta town,township,us,ME,,,,,,"Damariscotta, ME",us_cousubs.csv,
us:cousub:2301569645,Somerville town,township,us,ME,,,,,,Somerville,us_cousubs.csv,
us:cousub:2302568910,Skowhegan town,township,us,ME,,,,,,"Skowhegan, ME|Town of Skowhegan, ME",us_cousubs.csv,
us:cousub:2302935905,Jonesboro town,township,us,ME,,,,,,City of Jonesboro,us_cousubs.csv,
us:cousub:2303136535,Kennebunk town,township,us,ME,,,,,,"Kennebunk, ME",us_cousubs.csv,
us:cousub:2303154980,Ogunquit town,township,us,ME,,,,,,"Ogunquit, ME",us_cousubs.csv,
us:cousub:2500112995,Chatham town,township,us,MA,,,,,,"Chatham, MA",us_cousubs.csv,
us:cousub:2500182525,Yarmouth town,township,us,MA,,,,,,"Yarmouth, MA",us_cousubs.csv,
us:cousub:2500556375,Rehoboth town,township,us,MA,,,,,,"Rehoboth, MA",us_cousubs.csv,
us:cousub:2500560645,Seekonk town,township,us,MA,,,,,,"Seekonk, MA",us_cousubs.csv,
us:cousub:2501365825,Southwick town,township,us,MA,,,,,,"Town of Southwick, MA",us_cousubs.csv,
us:cousub:2501743895,Natick town,township,us,MA,,,,,,"Natick, MA",us_cousubs.csv,
us:cousub:2501767665,Stoneham town,township,us,MA,,,,,,"Stoneham, MA",us_cousubs.csv,
us:cousub:2501772215,Wakefield town,township,us,MA,,,,,,"Wakefield, MA",us_cousubs.csv,
us:cousub:2502130455,Holbrook town,township,us,MA,,,,,,"Holbrook, MA",us_cousubs.csv,
us:cousub:2502144105,Needham town,township,us,MA,,,,,,"Needham, MA",us_cousubs.csv,
us:cousub:2502758825,Rutland town,township,us,MA,,,,,,"Rutland, MA",us_cousubs.csv,
us:cousub:2502780405,Winchendon town,township,us,MA,,,,,,"Town of Winchendon, MA",us_cousubs.csv,
us:cousub:2605106680,Beaverton township,township,us,MI,,,,,,City of Beaverton,us_cousubs.csv,
us:cousub:2608946820,Leland township,township,us,MI,,,,,,Town of Leland,us_cousubs.csv,
us:cousub:2609336100,Hamburg township,township,us,MI,,,,,,"Hamburg, MI",us_cousubs.csv,
us:cousub:2609337040,Hartland township,township,us,MI,,,,,,"Hartland Township, MI",us_cousubs.csv,
us:cousub:2609915340,Chesterfield township,township,us,MI,,,,,,"Chesterfield Township|Chesterfield Township, MI",us_cousubs.csv,
us:cousub:2614976980,Sturgis township,township,us,MI,,,,,,City of Sturgis,us_cousubs.csv,
us:cousub:2615512520,Caledonia charter township,township,us,MI,,,,,,"Caledonia Charter Township, MI|Caledonia Township",us_cousubs.csv,
us:cousub:2616335420,Grosse Ile township,township,us,MI,,,,,,"Township of Grosse Ile, MI",us_cousubs.csv,
us:cousub:2701929726,Hollywood township,township,us,MN,,,,,,City of Hollywood|Hollywood,us_cousubs.csv,
us:cousub:2704119916,Evansville township,township,us,MN,,,,,,City of Evansville,us_cousubs.csv,
us:cousub:2706708614,Burbank township,township,us,MN,,,,,,City of Burbank,us_cousubs.csv,
us:cousub:2708947878,Oak Park township,township,us,MN,,,,,,Oak Park,us_cousubs.csv,
us:cousub:2711913888,Crookston township,township,us,MN,,,,,,City of Crookston,us_cousubs.csv,
us:cousub:2713717018,Duluth township,township,us,MN,,,,,,City of Duluth,us_cousubs.csv,
us:cousub:2715521554,Folsom township,township,us,MN,,,,,,City of Folsom,us_cousubs.csv,
us:cousub:3112517845,Fullerton township,township,us,NE,,,,,,City of Fullerton,us_cousubs.csv,
us:cousub:3114111335,Creston township,township,us,NE,,,,,,Town of Creston,us_cousubs.csv,
us:cousub:3300147140,Meredith town,township,us,NH,,,,,,"Meredith Town, NH",us_cousubs.csv,
us:cousub:3300577380,Troy town,township,us,NH,,,,,,"Troy, NH",us_cousubs.csv,
us:cousub:3300908980,Canaan town,township,us,NH,,,,,,"Canaan, NH",us_cousubs.csv,
us:cousub:3301129860,Goffstown town,township,us,NH,,,,,,"Goffstown, NH",us_cousubs.csv,
us:cousub:3301136180,Hillsborough town,township,us,NH,,,,,,Town of Hillsborough,us_cousubs.csv,
us:cousub:3301552340,Newmarket town,township,us,NH,,,,,,"Newmarket, NH",us_cousubs.csv,
us:cousub:3400342750,Mahwah township,township,us,NJ,,,,,,"Mahwah, NJ",us_cousubs.csv,
us:cousub:3400372360,Teaneck township,township,us,NJ,,,,,,"Teaneck Township, NJ",us_cousubs.csv,
us:cousub:3400545120,Medford township,township,us,NJ,,,,,,"Medford Township, NJ",us_cousubs.csv,
us:cousub:3401347500,Montclair township,township,us,NJ,,,,,,"Montclair, NJ",us_cousubs.csv,
us:cousub:3401369274,South Orange Village township,township,us,NJ,,,,,,"South Orange Village Township, NJ",us_cousubs.csv,
us:cousub:3402545990,Middletown township,township,us,NJ,,,,,,"Middletown, NJ",us_cousubs.csv,
us:cousub:3402749080,Mount Olive township,township,us,NJ,,,,,,"Mount Olive Township, NJ",us_cousubs.csv,
us:cousub:3402970320,Stafford township,township,us,NJ,,,,,,"Stafford Township, NJ",us_cousubs.csv,
us:cousub:3403507180,Branchburg township,township,us,NJ,,,,,,"Branchburg, NJ|Township of Branchburg, NJ",us_cousubs.csv,
us:cousub:3403547580,Montgomery township,township,us,NJ,,,,,,"Montgomery Township, NJ",us_cousubs.csv,
us:cousub:3600106354,Bethlehem town,township,us,NY,,,,,,"Town of Bethlehem, NY",us_cousubs.csv,
us:cousub:3600715110,Chenango town,township,us,NY,,,,,,"Town of Chenango, NY",us_cousubs.csv,
us:cousub:3600925340,Farmersville town,township,us,NY,,,,,,Farmersville,us_cousubs.csv,
us:cousub:3602725978,Fishkill town,township,us,NY,,,,,,"Town of Fishkill, NY",us_cousubs.csv,
us:cousub:3602778157,Wappinger town,township,us,NY,,,,,,"Town of Wappinger, NY",us_cousubs.csv,
us:cousub:3602902000,Amherst town,township,us,NY,,,,,,"Town of Amherst, Erie County, NY",us_cousubs.csv,
us:cousub:3605371993,Sullivan town,township,us,NY,,,,,,"Town of Sullivan, NY",us_cousubs.csv,
us:cousub:3605537726,Irondequoit town,township,us,NY,,,,,,"Irondequoit, NY",us_cousubs.csv,
us:cousub:3605557144,Penfield town,township,us,NY,,,,,,"Penfield, NY",us_cousubs.csv,
us:cousub:3610173836,Thurston town,township,us,NY,,,,,,Thurston,us_cousubs.csv,
us:cousub:3610304000,Babylon town,township,us,NY,,,,,,"Town of Babylon, NY",us_cousubs.csv,
us:cousub:3610310000,Brookhaven town,township,us,NY,,,,,,Brookhaven|Town of Brookhaven NY,us_cousubs.csv,
us:cousub:3610337000,Huntington town,township,us,NY,,,,,,Town of Huntington,us_cousubs.csv,
us:cousub:3610361984,Riverhead town,township,us,NY,,,,,,"Riverhead, NY",us_cousubs.csv,
us:cousub:3610368000,Smithtown town,township,us,NY,,,,,,"SMITHTOWN, NY",us_cousubs.csv,
us:cousub:3611905320,Bedford town,township,us,NY,,,,,,"Town of Bedford, NY",us_cousubs.csv,
us:cousub:3611930367,Greenburgh town,township,us,NY,,,,,,"Greenburgh, NY",us_cousubs.csv,
us:cousub:3611951693,North Castle town,township,us,NY,,,,,,"North Castle, NY|Town of North Castle, NY",us_cousubs.csv,
us:cousub:3611964320,Rye town,township,us,NY,,,,,,Town of Rye,us_cousubs.csv,
us:cousub:3611984077,Yorktown town,township,us,NY,,,,,,"Town of Yorktown, NY",us_cousubs.csv,
us:cousub:3612127980,Gainesville town,township,us,NY,,,,,,City of Gainesville,us_cousubs.csv,
us:cousub:3612155222,Orangeville town,township,us,NY,,,,,,Town of Orangeville,us_cousubs.csv,
us:cousub:3800540220,Irvine township,township,us,ND,,,,,,City of Irvine,us_cousubs.csv,
us:cousub:3801530900,Glenview township,township,us,ND,,,,,,Glenview,us_cousubs.csv,
us:cousub:3803147900,Longview township,township,us,ND,,,,,,City of Longview,us_cousubs.csv,
us:cousub:3809370180,St. Paul township,township,us,ND,,,,,,City of Saint Paul,us_cousubs.csv,
us:cousub:3809371860,Severn township,township,us,ND,,,,,,Township of Severn,us_cousubs.csv,
us:cousub:3904379730,Vermilion township,township,us,OH,,,,,,Vermilion,us_cousubs.csv,
us:cousub:4200351696,Mount Lebanon township,township,us,PA,,,,,,"Mt. Lebanon, PA",us_cousubs.csv,
us:cousub:4201719792,Doylestown township,township,us,PA,,,,,,"Doylestown Township, PA",us_cousubs.csv,
us:cousub:4209179008,Upper Dublin township,township,us,PA,,,,,,"Upper Dublin, PA",us_cousubs.csv,
us:cousub:4213333728,Hellam township,township,us,PA,,,,,,"Hellam Township, PA",us_cousubs.csv,
us:cousub:4400109280,Bristol town,township,us,RI,,,,,,Town of Bristol,us_cousubs.csv,
us:cousub:4400318640,Coventry town,township,us,RI,,,,,,Town of Coventry,us_cousubs.csv,
us:cousub:4400322240,East Greenwich town,township,us,RI,,,,,,"East Greenwich, RI",us_cousubs.csv,
us:cousub:4400711800,Burrillville town,township,us,RI,,,,,,"Town of Burrillville, RI",us_cousubs.csv,
us:cousub:4400741500,Lincoln town,township,us,RI,,,,,,"Lincoln, RI|Town of Lincoln, RI",us_cousubs.csv,
us:cousub:4400751760,North Providence town,township,us,RI,,,,,,"North Providence Town, RI",us_cousubs.csv,
us:cousub:4400914500,Charlestown town,township,us,RI,,,,,,"Charlestown, RI",us_cousubs.csv,
us:cousub:4600501300,Altoona township,township,us,SD,,,,,,City of Altoona,us_cousubs.csv,
us:cousub:4605924340,Gilbert township,township,us,SD,,,,,,Town of Gilbert,us_cousubs.csv,
us:cousub:4606150140,Plano township,township,us,SD,,,,,,City of Plano,us_cousubs.csv,
us:cousub:4611172740,Woonsocket township,township,us,SD,,,,,,City of Woonsocket,us_cousubs.csv,
us:cousub:5001917350,Derby town,township,us,VT,,,,,,City of Derby,us_cousubs.csv,
us:cousub:5002107750,Brandon town,township,us,VT,,,,,,"Brandon, VT",us_cousubs.csv,
us:cousub:5500541600,Lakeland town,township,us,WI,,,,,,City of Lakeland,us_cousubs.csv,
us:cousub:5500719662,Delta town,township,us,WI,,,,,,Delta,us_cousubs.csv,
us:cousub:5502517200,Cottage Grove town,township,us,WI,,,,,,"Town of Cottage Grove, WI",us_cousubs.csv,
us:cousub:5503178675,Superior town,township,us,WI,,,,,,"Superior, WI",us_cousubs.csv,
us:cousub:5505541700,Lake Mills town,township,us,WI,,,,,,City of Lake Mills,us_cousubs.csv,
us:cousub:5511322625,Edgewater town,township,us,WI,,,,,,City of Edgewater,us_cousubs.csv,
us:cousub:5514112775,Cary town,township,us,WI,,,,,,Cary,us_cousubs.csv,
us:place:0107000,Birmingham city,municipality,us,AL,0107000,,,,,City of Birmingham,us_places.csv,
us:place:0137000,Huntsville city,municipality,us,AL,0137000,,,,,"City of Huntsville.Ordinance No.|Huntsville, AL",us_places.csv,
us:place:0145784,Madison city,municipality,us,AL,0145784,,,,,"Madison, AL",us_places.csv,
us:place:0151000,Montgomery city,municipality,us,AL,0151000,,,,,"Montgomery, AL",us_places.csv,
us:place:0157504,Owens Cross Roads city,municipality,us,AL,0157504,,,,,"City of Owens Cross Roads, AL",us_places.csv,
us:place:0203000,Anchorage municipality,municipality,us,AK,0203000,,,,,"Anchorage, AK",us_places.csv,
us:place:0224230,Fairbanks city,municipality,us,AK,0224230,,,,,"Fairbanks, AK",us_places.csv,
us:place:0238970,Ketchikan city,municipality,us,AK,0238970,,,,,"City of Ketchikan, AK",us_places.csv,
us:place:0282200,Valdez city,municipality,us,AK,0282200,,,,,"City of Valdez, AK",us_places.csv,
us:place:0283080,Wasilla city,municipality,us,AK,0283080,,,,,"City of Wasilla, AK",us_places.csv,
us:place:0402830,Apache Junction city,municipality,us,AZ,0402830,,,,,"City of Apache Junction, AZ",us_places.csv,
us:place:0404720,Avondale city,municipality,us,AZ,0404720,,,,,"Avondale, AZ",us_places.csv,
us:place:0408220,Bullhead City city,municipality,us,AZ,0408220,,,,,"Bullhead City, AZ",us_places.csv,
us:place:0410530,Casa Grande city,municipality,us,AZ,0410530,,,,,"Casa Grande, AZ",us_places.csv,
us:place:0412000,Chandler city,municipality,us,AZ,0412000,,,,,"Chandler, AZ",us_places.csv,
us:place:0412840,Chino Valley town,municipality,us,AZ,0412840,,,,,"Chino Valley, AZ",us_places.csv,
us:place:0419145,Dewey-Humboldt town,municipality,us,AZ,0419145,,,,,"Town of Dewey-Humboldt, AZ",us_places.csv,
us:place:0423620,Flagstaff city,municipality,us,AZ,0423620,,,,,"Flagstaff, AZ",us_places.csv,
us:place:0427400,Gilbert town,municipality,us,AZ,0427400,,,,,"Gilbert, AZ",us_places.csv,
us:place:0427820,Glendale city,municipality,us,AZ,0427820,,,,,"City of Glendale, AZ|Glendale, AZ",us_places.csv,
us:place:0441330,Litchfield Park city,municipality,us,AZ,0441330,,,,,"Litchfield Park, AZ",us_places.csv,
us:place:0444270,Marana town,municipality,us,AZ,0444270,,,,,"Marana, AZ",us_places.csv,
us:place:0444410,Maricopa city,municipality,us,AZ,0444410,,,,,"City of Maricopa|City of Maricopa, AZ|Maricopa, AZ",us_places.csv,
us:place:0446000,Mesa city,municipality,us,AZ,0446000,,,,,City of Mesa,us_places.csv,
us:place:0449640,Nogales city,municipality,us,AZ,0449640,,,,,"City of Nogales, AZ",us_places.csv,
us:place:0451600,Oro Valley town,municipality,us,AZ,0451600,,,,,"Oro Valley, AZ",us_places.csv,
us:place:0452930,Paradise Valley town,municipality,us,AZ,0452930,,,,,"Paradise Valley|Paradise Valley, AZ",us_places.csv,
us:place:0453700,Payson town,municipality,us,AZ,0453700,,,,,"Payson, AZ|Town of Payson",us_places.csv,
us:place:0454050,Peoria city,municipality,us,AZ,0454050,,,,,"City of Peoria, AZ",us_places.csv,
us:place:0455000,Phoenix city,municipality,us,AZ,0455000,,,,,"Phoenix, AZ",us_places.csv,
us:place:0455980,Pinetop-Lakeside town,municipality,us,AZ,0455980,,,,,"Town of Pinetop-Lakeside, AZ",us_places.csv,
us:place:0457380,Prescott city,municipality,us,AZ,0457380,,,,,"Prescott, AZ",us_places.csv,
us:place:0457450,Prescott Valley town,municipality,us,AZ,0457450,,,,,"Town of Prescott Valley, AZ",us_places.csv,
us:place:0458150,Queen Creek town,municipality,us,AZ,0458150,,,,,"Queen Creek, AZ",us_places.csv,
us:place:0462140,Sahuarita town,municipality,us,AZ,0462140,,,,,"Sahuarita, AZ|Town of Sahuarita, AZ",us_places.csv,
us:place:0465000,Scottsdale city,municipality,us,AZ,0465000,,,,,"City of Scottsdale, AZ",us_places.csv,
us:place:0465350,Sedona city,municipality,us,AZ,0465350,,,,,"Sedona, AZ",us_places.csv,
us:place:0471510,Surprise city,municipality,us,AZ,0471510,,,,,"Surprise, AZ",us_places.csv,
us:place:0473000,Tempe city,municipality,us,AZ,0473000,,,,,"City of Tempe, AZ|Tempe, AZ",us_places.csv,
us:place:0477000,Tucson city,municipality,us,AZ,0477000,,,,,"Tucson, AZ",us_places.csv,
us:place:0505320,Bentonville city,municipality,us,AR,0505320,,,,,"Bentonville, AR",us_places.csv,
us:place:0523290,Fayetteville city,municipality,us,AR,0523290,,,,,City of Fayetteville,us_places.csv,
us:place:0531090,Heber Springs city,municipality,us,AR,0531090,,,,,"Heber Springs, AR",us_places.csv,
us:place:0534750,Jacksonville city,municipality,us,AR,0534750,,,,,"City of Jacksonville, AR",us_places.csv,
us:place:0535710,Jonesboro city,municipality,us,AR,0535710,,,,,City of Jonesboro,us_places.csv,
us:place:0544600,Maumelle city,municipality,us,AR,0544600,,,,,"City of Maumelle, AR|Maumelle, AR",us_places.csv,
us:place:0574360,West Fork city,municipality,us,AR,0574360,,,,,"West Fork, AR",us_places.csv,
us:place:0600394,Agoura Hills city,municipality,us,CA,0600394,,,,,"City of Agoura Hills, CA",us_places.csv,
us:place:0600562,Alameda city,municipality,us,CA,0600562,,,,,"Alameda, CA|City of Alameda",us_places.csv,
us:place:0600674,Albany city,municipality,us,CA,0600674,,,,,"Albany, CA|City of Albany, CA",us_places.csv,
us:place:0601640,American Canyon city,municipality,us,CA,0601640,,,,,"American Canyon, CA|City of American Canyon, CA",us_places.csv,
us:place:0602000,Anaheim city,municipality,us,CA,0602000,,,,,"City of Anaheim, CA",us_places.csv,
us:place:0602252,Antioch city,municipality,us,CA,0602252,,,,,"Antioch|Antioch, CA",us_places.csv,
us:place:0602476,Arcata city,municipality,us,CA,0602476,,,,,"Arcata, CA|City of Arcata, CA",us_places.csv,
us:place:0602868,Arroyo Grande city,municipality,us,CA,0602868,,,,,"City of Arroyo Grande, CA",us_places.csv,
us:place:0602896,Artesia city,municipality,us,CA,0602896,,,,,"Artesia|Artesia, CA",us_places.csv,
us:place:0602924,Arvin city,municipality,us,CA,0602924,,,,,"Arvin, CA",us_places.csv,
us:place:0603092,Atherton town,municipality,us,CA,0603092,,,,,"Atherton, CA|Town of Atherton, CA",us_places.csv,
us:place:0603302,Avenal city,municipality,us,CA,0603302,,,,,"City Of Avenal, CA",us_places.csv,
us:place:0603386,Azusa city,municipality,us,CA,0603386,,,,,"Azusa, CA",us_places.csv,
us:place:0603526,Bakersfield city,municipality,us,CA,0603526,,,,,"Bakersfield, CA|City of Bakersfield, CA",us_places.csv,
us:place:0603666,Baldwin Park city,municipality,us,CA,0603666,,,,,"Baldwin Park, CA",us_places.csv,
us:place:0604030,Barstow city,municipality,us,CA,0604030,,,,,"City of Barstow, CA",us_places.csv,
us:place:0605108,Belmont city,municipality,us,CA,0605108,,,,,"Belmont, CA|City of Belmont, CA",us_places.csv,
us:place:0605164,Belvedere city,municipality,us,CA,0605164,,,,,"Belvedere, CA",us_places.csv,
us:place:0605290,Benicia city,municipality,us,CA,0605290,,,,,Benicia CA,us_places.csv,
us:place:0606000,Berkeley city,municipality,us,CA,0606000,,,,,"Berkeley, CA|City of Berkeley, CA",us_places.csv,
us:place:0606308,Beverly Hills city,municipality,us,CA,0606308,,,,,"Beverly Hills, CA|City of Beverly Hills",us_places.csv,
us:place:0608058,Brawley city,municipality,us,CA,0608058,,,,,"Brawley, CA",us_places.csv,
us:place:0608100,Brea city,municipality,us,CA,0608100,,,,,"Brea, CA",us_places.csv,
us:place:0608142,Brentwood city,municipality,us,CA,0608142,,,,,"Brentwood, CA|City of Brentwood, CA",us_places.csv,
us:place:0608310,Brisbane city,municipality,us,CA,0608310,,,,,"Brisbane, CA",us_places.csv,
us:place:0608786,Buena Park city,municipality,us,CA,0608786,,,,,"Buena Park, CA",us_places.csv,
us:place:0608954,Burbank city,municipality,us,CA,0608954,,,,,City of Burbank,us_places.csv,
us:place:0609066,Burlingame city,municipality,us,CA,0609066,,,,,"Burlingame, CA|City of Burlingame, CA",us_places.csv,
us:place:0609780,California City city,municipality,us,CA,0609780,,,,,"California City, CA",us_places.csv,
us:place:0609892,Calistoga city,municipality,us,CA,0609892,,,,,"Calistoga, CA|City of Calistoga, CA",us_places.csv,
us:place:0610046,Camarillo city,municipality,us,CA,0610046,,,,,"City of Camarillo, CA",us_places.csv,
us:place:0610345,Campbell city,municipality,us,CA,0610345,,,,,"Campbell, CA|City of Campbell",us_places.csv,
us:place:0611040,Capitola city,municipality,us,CA,0611040,,,,,"Capitola, CA",us_places.csv,
us:place:0611194,Carlsbad city,municipality,us,CA,0611194,,,,,"Carlsbad, CA",us_places.csv,
us:place:0611446,Carpinteria city,municipality,us,CA,0611446,,,,,"City of Carpinteria, CA",us_places.csv,
us:place:0611530,Carson city,municipality,us,CA,0611530,,,,,"Carson|Carson, CA",us_places.csv,
us:place:0612048,Cathedral City city,municipality,us,CA,0612048,,,,,"Cathedral City, CA",us_places.csv,
us:place:0612524,Ceres city,municipality,us,CA,0612524,,,,,"Ceres, CA",us_places.csv,
us:place:0612552,Cerritos city,municipality,us,CA,0612552,,,,,"Cerritos, CA|City of Cerritos, CA",us_places.csv,
us:place:0613014,Chico city,municipality,us,CA,0613014,,,,,"City of Chico, CA",us_places.csv,
us:place:0613210,Chino city,municipality,us,CA,0613210,,,,,"City of Chino, CA",us_places.csv,
us:place:0613214,Chino Hills city,municipality,us,CA,0613214,,,,,"Chino Hills, CA|City of Chino Hills, CA",us_places.csv,
us:place:0613392,Chula Vista city,municipality,us,CA,0613392,,,,,"Chula Vista Public Comments|City of Chula Vista, CA",us_places.csv,
us:place:0613756,Claremont city,municipality,us,CA,0613756,,,,,"City of Claremont, CA",us_places.csv,
us:place:0613882,Clayton city,municipality,us,CA,0613882,,,,,Clayton CA,us_places.csv,
us:place:0613945,Clearlake city,municipality,us,CA,0613945,,,,,"City of Clearlake, CA|Clearlake, CA",us_places.csv,
us:place:0614190,Cloverdale city,municipality,us,CA,0614190,,,,,"Cloverdale, CA",us_places.csv,
us:place:0614218,Clovis city,municipality,us,CA,0614218,,,,,"Clovis, CA",us_places.csv,
us:place:0614260,Coachella city,municipality,us,CA,0614260,,,,,"Coachella, CA",us_places.csv,
us:place:0614736,Colma town,municipality,us,CA,0614736,,,,,"Colma, CA|Town of Colma, CA",us_places.csv,
us:place:0615044,Compton city,municipality,us,CA,0615044,,,,,"Compton, CA",us_places.csv,
us:place:0616000,Concord city,municipality,us,CA,0616000,,,,,"City of Concord|Concord|Concord, CA",us_places.csv,
us:place:0616350,Corona city,municipality,us,CA,0616350,,,,,"City of Corona|Corona|Corona, CA",us_places.csv,
us:place:0616462,Corte Madera town,municipality,us,CA,0616462,,,,,"Town of Corte Madera, CA",us_places.csv,
us:place:0616532,Costa Mesa city,municipality,us,CA,0616532,,,,,"City of Costa Mesa, CA",us_places.csv,
us:place:0616560,Cotati city,municipality,us,CA,0616560,,,,,"Cotati, CA",us_places.csv,
us:place:0617568,Culver City city,municipality,us,CA,0617568,,,,,"Culver City, CA",us_places.csv,
us:place:0617610,Cupertino city,municipality,us,CA,0617610,,,,,"City of Cupertino, CA|Cupertino, CA",us_places.csv,
us:place:0617750,Cypress city,municipality,us,CA,0617750,,,,,"Cypress, CA",us_places.csv,
us:place:0617918,Daly City city,municipality,us,CA,0617918,,,,,"Daly City, CA",us_places.csv,
us:place:0617988,Danville town,municipality,us,CA,0617988,,,,,"Danville, CA|Town of Danville, CA",us_places.csv,
us:place:0618100,Davis city,municipality,us,CA,0618100,,,,,"City of Davis|City of Davis, CA",us_places.csv,
us:place:0618996,Desert Hot Springs city,municipality,us,CA,0618996,,,,,"City of Desert Hot Springs, CA",us_places.csv,
us:place:0619192,Diamond Bar city,municipality,us,CA,0619192,,,,,"City of Diamond Bar, CA",us_places.csv,
us:place:0619402,Dixon city,municipality,us,CA,0619402,,,,,"City of Dixon|Dixon, CA",us_places.csv,
us:place:0619990,Duarte city,municipality,us,CA,0619990,,,,,"Duarte, CA",us_places.csv,
us:place:0620018,Dublin city,municipality,us,CA,0620018,,,,,"Dublin, CA",us_places.csv,
us:place:0620956,East Palo Alto city,municipality,us,CA,0620956,,,,,"City of East Palo Alto, CA|East Palo Alto, CA|Unknown Jurisdiction",us_places.csv,
us:place:0621712,El Cajon city,municipality,us,CA,0621712,,,,,"El Cajon, CA",us_places.csv,
us:place:0621796,El Cerrito city,municipality,us,CA,0621796,,,,,"City of El Cerrito, CA|El Cerrito, CA",us_places.csv,
us:place:0622020,Elk Grove city,municipality,us,CA,0622020,,,,,"City of Elk Grove, CA|Elk Grove, CA",us_places.csv,
us:place:0622230,El Monte city,municipality,us,CA,0622230,,,,,"City of El Monte, CA",us_places.csv,
us:place:0622412,El Segundo city,municipality,us,CA,0622412,,,,,"City of El Segundo, CA",us_places.csv,
us:place:0622594,Emeryville city,municipality,us,CA,0622594,,,,,"City of Emeryville, CA|Emeryville, CA",us_places.csv,
us:place:0622678,Encinitas city,municipality,us,CA,0622678,,,,,"City of Encinitas, CA",us_places.csv,
us:place:0622790,Escalon city,municipality,us,CA,0622790,,,,,"City of Escalon, CA|Escalon, CA",us_places.csv,
us:place:0623168,Fairfax town,municipality,us,CA,0623168,,,,,"Fairfax, CA|Town of Fairfax, CA",us_places.csv,
us:place:0623616,Farmersville city,municipality,us,CA,0623616,,,,,Farmersville,us_places.csv,
us:place:0624638,Folsom city,municipality,us,CA,0624638,,,,,City of Folsom,us_places.csv,
us:place:0624680,Fontana city,municipality,us,CA,0624680,,,,,Fontana,us_places.csv,
us:place:0625058,Fort Bragg city,municipality,us,CA,0625058,,,,,"City of Fort Bragg, CA",us_places.csv,
us:place:0625338,Foster City city,municipality,us,CA,0625338,,,,,"Foster City, CA",us_places.csv,
us:place:0625380,Fountain Valley city,municipality,us,CA,0625380,,,,,"City of Fountain Valley, CA|Fountain Valley, CA",us_places.csv,
us:place:0627000,Fresno city,municipality,us,CA,0627000,,,,,"City of Fresno, CA",us_places.csv,
us:place:0628112,Galt city,municipality,us,CA,0628112,,,,,"City of Galt, CA",us_places.csv,
us:place:0629504,Gilroy city,municipality,us,CA,0629504,,,,,"Gilroy, CA",us_places.csv,
us:place:0630000,Glendale city,municipality,us,CA,0630000,,,,,"City of Glendale, CA",us_places.csv,
us:place:0630014,Glendora city,municipality,us,CA,0630014,,,,,"City of Glendora|Glendora|Glendora, CA",us_places.csv,
us:place:0630378,Goleta city,municipality,us,CA,0630378,,,,,"City of Goleta, CA",us_places.csv,
us:place:0630392,Gonzales city,municipality,us,CA,0630392,,,,,City of Gonzales,us_places.csv,
us:place:0630658,Grand Terrace city,municipality,us,CA,0630658,,,,,"City of Grand Terrace, CA|Grand Terrace, CA",us_places.csv,
us:place:0631708,Half Moon Bay city,municipality,us,CA,0631708,,,,,"City of Half Moon Bay|Half Moon Bay, CA",us_places.csv,
us:place:0631960,Hanford city,municipality,us,CA,0631960,,,,,"Hanford, CA",us_places.csv,
us:place:0632506,Hawaiian Gardens city,municipality,us,CA,0632506,,,,,"City of Hawaiian Gardens, CA",us_places.csv,
us:place:0632548,Hawthorne city,municipality,us,CA,0632548,,,,,"City of Hawthorne, CA",us_places.csv,
us:place:0633000,Hayward city,municipality,us,CA,0633000,,,,,"Hayward|Hayward, CA",us_places.csv,
us:place:0633056,Healdsburg city,municipality,us,CA,0633056,,,,,"City of Healdsburg, CA|Healdsburg, CA",us_places.csv,
us:place:0633308,Hercules city,municipality,us,CA,0633308,,,,,"City of Hercules, CA|Hercules, CA",us_places.csv,
us:place:0633364,Hermosa Beach city,municipality,us,CA,0633364,,,,,"City of Hermosa Beach, CA",us_places.csv,
us:place:0633434,Hesperia city,municipality,us,CA,0633434,,,,,City of Hesperia,us_places.csv,
us:place:0633588,Highland city,municipality,us,CA,0633588,,,,,"Highland, CA",us_places.csv,
us:place:0634120,Hollister city,municipality,us,CA,0634120,,,,,"City of Hollister, CA|Hollister, CA",us_places.csv,
us:place:0636000,Huntington Beach city,municipality,us,CA,0636000,,,,,"City of Huntington Beach, CA",us_places.csv,
us:place:0636294,Imperial Beach city,municipality,us,CA,0636294,,,,,"City of Imperial Beach, CA",us_places.csv,
us:place:0636434,Indian Wells city,municipality,us,CA,0636434,,,,,"City of Indian Wells, CA",us_places.csv,
us:place:0636448,Indio city,municipality,us,CA,0636448,,,,,"City of Indio, CA|Indio, CA",us_places.csv,
us:place:0636546,Inglewood city,municipality,us,CA,0636546,,,,,"Inglewood, CA",us_places.csv,
us:place:0637692,Jurupa Valley city,municipality,us,CA,0637692,,,,,"Jurupa Valley, CA",us_places.csv,
us:place:0639122,Lafayette city,municipality,us,CA,0639122,,,,,"City of Lafayette|Lafayette, CA",us_places.csv,
us:place:0639178,Laguna Beach city,municipality,us,CA,0639178,,,,,"City of Laguna Beach, CA",us_places.csv,
us:place:0639220,Laguna Hills city,municipality,us,CA,0639220,,,,,"Laguna Hills, CA",us_places.csv,
us:place:0639259,Laguna Woods city,municipality,us,CA,0639259,,,,,"Laguna Woods, CA",us_places.csv,
us:place:0639290,La Habra city,municipality,us,CA,0639290,,,,,"La Habra, CA",us_places.csv,
us:place:0639304,La Habra Heights city,municipality,us,CA,0639304,,,,,"City of La Habra Heights, CA",us_places.csv,
us:place:0639486,Lake Elsinore city,municipality,us,CA,0639486,,,,,"City of Lake Elsinore, CA|Lake Elsinore, CA",us_places.csv,
us:place:0640004,La Mesa city,municipality,us,CA,0640004,,,,,"La Mesa, CA",us_places.csv,
us:place:0640032,La Mirada city,municipality,us,CA,0640032,,,,,"City of La Mirada, CA",us_places.csv,
us:place:0640130,Lancaster city,municipality,us,CA,0640130,,,,,"Lancaster, CA",us_places.csv,
us:place:0640256,La Palma city,municipality,us,CA,0640256,,,,,"La Palma, CA",us_places.csv,
us:place:0640340,La Puente city,municipality,us,CA,0640340,,,,,"City of La Puente, CA",us_places.csv,
us:place:0640354,La Quinta city,municipality,us,CA,0640354,,,,,"La|La Quinta, CA",us_places.csv,
us:place:0640830,La Verne city,municipality,us,CA,0640830,,,,,"La Verne, CA",us_places.csv,
us:place:0641474,Lincoln city,municipality,us,CA,0641474,,,,,"City of Lincoln, CA",us_places.csv,
us:place:0641936,Live Oak city,municipality,us,CA,0641936,,,,,"City of Live Oak, CA",us_places.csv,
us:place:0641992,Livermore city,municipality,us,CA,0641992,,,,,"Livermore, CA",us_places.csv,
us:place:0642202,Lodi city,municipality,us,CA,0642202,,,,,"City of Lodi|City of Lodi, CA",us_places.csv,
us:place:0643000,Long Beach city,municipality,us,CA,0643000,,,,,"City of Long Beach, CA|Long Beach, CA",us_places.csv,
us:place:0643224,Los Alamitos city,municipality,us,CA,0643224,,,,,"Los Alamitos, CA",us_places.csv,
us:place:0643280,Los Altos city,municipality,us,CA,0643280,,,,,"City of Los Altos, CA|Los Altos, CA",us_places.csv,
us:place:0643294,Los Altos Hills town,municipality,us,CA,0643294,,,,,"LOS ALTOS HILLS, CA|Los Altos Hills, CA",us_places.csv,
us:place:0644000,Los Angeles city,municipality,us,CA,0644000,,,,,"City of Los Angeles, CA|Los Angeles, CA",us_places.csv,
us:place:0644112,Los Gatos town,municipality,us,CA,0644112,,,,,"Los Gatos, CA|Town of Los Gatos, CA",us_places.csv,
us:place:0645246,Malibu city,municipality,us,CA,0645246,,,,,"City of Malibu, CA|Malibu, CA",us_places.csv,
us:place:0645358,Mammoth Lakes town,municipality,us,CA,0645358,,,,,"City of Mammoth Lakes, CA|Town of Mammoth Lakes, CA",us_places.csv,
us:place:0645400,Manhattan Beach city,municipality,us,CA,0645400,,,,,"City of Manhattan Beach|Manhattan Beach, CA",us_places.csv,
us:place:0645484,Manteca city,municipality,us,CA,0645484,,,,,"City of Manteca, CA",us_places.csv,
us:place:0646114,Martinez city,municipality,us,CA,0646114,,,,,"City of Martinez, CA|Martinez, CA",us_places.csv,
us:place:0646170,Marysville city,municipality,us,CA,0646170,,,,,"City of Marysville, CA",us_places.csv,
us:place:0646842,Menifee city,municipality,us,CA,0646842,,,,,"City of Menifee, CA|Menifee, CA",us_places.csv,
us:place:0646870,Menlo Park city,municipality,us,CA,0646870,,,,,"City of Menlo Park, CA|Menlo Park, CA",us_places.csv,
us:place:0646898,Merced city,municipality,us,CA,0646898,,,,,"City of Merced, CA",us_places.csv,
us:place:0647486,Millbrae city,municipality,us,CA,0647486,,,,,"Millbrae, CA",us_places.csv,
us:place:0647710,Mill Valley city,municipality,us,CA,0647710,,,,,"City of Mill Valley, CA|Mill Valley, CA",us_places.csv,
us:place:0647766,Milpitas city,municipality,us,CA,0647766,,,,,"Milpitas, CA",us_places.csv,
us:place:0648256,Mission Viejo city,municipality,us,CA,0648256,,,,,"City of Mission Viejo, CA|Mission Viejo, CA",us_places.csv,
us:place:0648354,Modesto city,municipality,us,CA,0648354,,,,,"Modesto, CA",us_places.csv,
us:place:0648788,Montclair city,municipality,us,CA,0648788,,,,,"Montclair, CA",us_places.csv,
us:place:0648872,Monterey city,municipality,us,CA,0648872,,,,,"Monterey, CA",us_places.csv,
us:place:0648914,Monterey Park city,municipality,us,CA,0648914,,,,,"City of Monterey Park, CA",us_places.csv,
us:place:0648956,Monte Sereno city,municipality,us,CA,0648956,,,,,"City of Monte Sereno, CA|Monte Sereno, CA",us_places.csv,
us:place:0649138,Moorpark city,municipality,us,CA,0649138,,,,,"City of Moorpark, CA",us_places.csv,
us:place:0649187,Moraga town,municipality,us,CA,0649187,,,,,"Moraga, CA|Town of Moraga, CA",us_places.csv,
us:place:0649270,Moreno Valley city,municipality,us,CA,0649270,,,,,"City of Moreno Valley, CA|Moreno Valley, CA",us_places.csv,
us:place:0649278,Morgan Hill city,municipality,us,CA,0649278,,,,,"City of Morgan Hill, CA|MORGAN HILL, CA - California|Morgan Hill, CA",us_places.csv,
us:place:0649362,Morro Bay city,municipality,us,CA,0649362,,,,,"City of Morro Bay, CA|Morro Bay, CA",us_places.csv,
us:place:0649670,Mountain View city,municipality,us,CA,0649670,,,,,"City of Mountain View, CA|Mountain View|Mountain View, CA",us_places.csv,
us:place:0650076,Murrieta city,municipality,us,CA,0650076,,,,,"City of Murrieta, CA",us_places.csv,
us:place:0650258,Napa city,municipality,us,CA,0650258,,,,,"City of Napa, CA|Napa, CA",us_places.csv,
us:place:0650398,National City city,municipality,us,CA,0650398,,,,,"National City, CA",us_places.csv,
us:place:0650734,Needles city,municipality,us,CA,0650734,,,,,"Needles, CA",us_places.csv,
us:place:0650874,Nevada City city,municipality,us,CA,0650874,,,,,"County of Nevada|Nevada City, CA|Nevada County",us_places.csv,
us:place:0650916,Newark city,municipality,us,CA,0650916,,,,,"Newark, CA",us_places.csv,
us:place:0651182,Newport Beach city,municipality,us,CA,0651182,,,,,"Newport Beach, CA",us_places.csv,
us:place:0651560,Norco city,municipality,us,CA,0651560,,,,,"City of Norco, CA",us_places.csv,
us:place:0652582,Novato city,municipality,us,CA,0652582,,,,,"City of Novato, CA|Novato, CA",us_places.csv,
us:place:0653000,Oakland city,municipality,us,CA,0653000,,,,,"City of Oakland, CA|Oakland, CA",us_places.csv,
us:place:0653070,Oakley city,municipality,us,CA,0653070,,,,,"City of Oakley, CA|Oakley, CA",us_places.csv,
us:place:0653476,Ojai city,municipality,us,CA,0653476,,,,,"Ojai, CA",us_places.csv,
us:place:0653980,Orange city,municipality,us,CA,0653980,,,,,City of Orange,us_places.csv,
us:place:0654232,Orinda city,municipality,us,CA,0654232,,,,,"City of Orinda, CA|Orinda, CA",us_places.csv,
us:place:0654274,Orland city,municipality,us,CA,0654274,,,,,"Orland, CA",us_places.csv,
us:place:0654652,Oxnard city,municipality,us,CA,0654652,,,,,"Oxnard, CA",us_places.csv,
us:place:0654806,Pacifica city,municipality,us,CA,0654806,,,,,"Pacifica, CA",us_places.csv,
us:place:0655156,Palmdale city,municipality,us,CA,0655156,,,,,"City of Palmdale, CA",us_places.csv,
us:place:0655184,Palm Desert city,municipality,us,CA,0655184,,,,,"City of Palm Desert, CA|Palm Desert City Negotiator|Palm Desert, CA",us_places.csv,
us:place:0655254,Palm Springs city,municipality,us,CA,0655254,,,,,"City of Palm Springs|Palm Springs, CA",us_places.csv,
us:place:0655618,Paramount city,municipality,us,CA,0655618,,,,,"Paramount, CA",us_places.csv,
us:place:0656700,Perris city,municipality,us,CA,0656700,,,,,"City of Perris, CA",us_places.csv,
us:place:0656784,Petaluma city,municipality,us,CA,0656784,,,,,"City of Petaluma, CA|Petaluma, CA",us_places.csv,
us:place:0656938,Piedmont city,municipality,us,CA,0656938,,,,,"City of Piedmont|Piedmont, CA",us_places.csv,
us:place:0657288,Pinole city,municipality,us,CA,0657288,,,,,"City of Pinole, CA|Pinole, CA",us_places.csv,
us:place:0657414,Pismo Beach city,municipality,us,CA,0657414,,,,,"City of Pismo Beach, CA",us_places.csv,
us:place:0657456,Pittsburg city,municipality,us,CA,0657456,,,,,"City of Pittsburg, CA|Pittsburg, CA",us_places.csv,
us:place:0657764,Pleasant Hill city,municipality,us,CA,0657764,,,,,"City of Pleasant Hill, CA|Pleasant Hill, CA",us_places.csv,
us:place:0657792,Pleasanton city,municipality,us,CA,0657792,,,,,"Pleasanton, CA",us_places.csv,
us:place:0658380,Portola Valley town,municipality,us,CA,0658380,,,,,"Portola Valley, CA",us_places.csv,
us:place:0658520,Poway city,municipality,us,CA,0658520,,,,,"Poway, CA",us_places.csv,
us:place:0659444,Rancho Cordova city,municipality,us,CA,0659444,,,,,"Rancho Cordova, CA",us_places.csv,
us:place:0659451,Rancho Cucamonga city,municipality,us,CA,0659451,,,,,"City of Rancho Cucamonga, CA",us_places.csv,
us:place:0659514,Rancho Palos Verdes city,municipality,us,CA,0659514,,,,,"City of Rancho Palos Verdes, CA",us_places.csv,
us:place:0659587,Rancho Santa Margarita city,municipality,us,CA,0659587,,,,,"City of Rancho Santa Margarita, CA",us_places.csv,
us:place:0659892,Red Bluff city,municipality,us,CA,0659892,,,,,"Red Bluff, CA",us_places.csv,
us:place:0659920,Redding city,municipality,us,CA,0659920,,,,,"City of Redding, CA|Redding, CA",us_places.csv,
us:place:0659962,Redlands city,municipality,us,CA,0659962,,,,,"Redlands, CA",us_places.csv,
us:place:0660018,Redondo Beach city,municipality,us,CA,0660018,,,,,"City of Redondo Beach, CA",us_places.csv,
us:place:0660102,Redwood City city,municipality,us,CA,0660102,,,,,"Redwood City, CA",us_places.csv,
us:place:0660466,Rialto city,municipality,us,CA,0660466,,,,,"City of Rialto, CA|Rialto, CA",us_places.csv,
us:place:0660620,Richmond city,municipality,us,CA,0660620,,,,,"City of Richmond, CA|Richmond, CA",us_places.csv,
us:place:0660704,Ridgecrest city,municipality,us,CA,0660704,,,,,"City of Ridgecrest|Ridgecrest, CA",us_places.csv,
us:place:0660900,Rio Dell city,municipality,us,CA,0660900,,,,,"Rio Dell, CA",us_places.csv,
us:place:0660984,Rio Vista city,municipality,us,CA,0660984,,,,,"City of Rio Vista, CA|Rio Vista, CA",us_places.csv,
us:place:0662000,Riverside city,municipality,us,CA,0662000,,,,,City of Riverside|Riverside,us_places.csv,
us:place:0662546,Rohnert Park city,municipality,us,CA,0662546,,,,,"City of Rohnert Park, CA|Rohnert Park, CA",us_places.csv,
us:place:0662644,Rolling Hills Estates city,municipality,us,CA,0662644,,,,,"Rolling Hills Estates, CA",us_places.csv,
us:place:0662896,Rosemead city,municipality,us,CA,0662896,,,,,"City of Rosemead, CA",us_places.csv,
us:place:0662938,Roseville city,municipality,us,CA,0662938,,,,,"Roseville, CA",us_places.csv,
us:place:0664000,Sacramento city,municipality,us,CA,0664000,,,,,"City of Sacramento, CA|Sacramento, CA",us_places.csv,
us:place:0664140,St. Helena city,municipality,us,CA,0664140,,,,,"St. Helena, CA",us_places.csv,
us:place:0664434,San Anselmo town,municipality,us,CA,0664434,,,,,"San Anselmo, CA|Town of San Anselmo, CA",us_places.csv,
us:place:0665000,San Bernardino city,municipality,us,CA,0665000,,,,,"City of San Bernardino, CA",us_places.csv,
us:place:0665028,San Bruno city,municipality,us,CA,0665028,,,,,"San Bruno, CA",us_places.csv,
us:place:0665070,San Carlos city,municipality,us,CA,0665070,,,,,"City of San Carlos, CA|San Carlos, CA",us_places.csv,
us:place:0665084,San Clemente city,municipality,us,CA,0665084,,,,,"City of San Clemente, CA|San Clemente, CA",us_places.csv,
us:place:0666000,San Diego city,municipality,us,CA,0666000,,,,,"City of San Diego, CA|San Diego, CA",us_places.csv,
us:place:0667000,San Francisco city,municipality,us,CA,0667000,,,,,"Ccs F|City and County of San Francisco|City and County of San Francisco, CA|San Francisco, CA",us_places.csv,
us:place:0668000,San Jose city,municipality,us,CA,0668000,,,,,"City of San Jose, CA|San Jose, CA",us_places.csv,
us:place:0668028,San Juan Capistrano city,municipality,us,CA,0668028,,,,,"City of San Juan Capistrano, CA",us_places.csv,
us:place:0668084,San Leandro city,municipality,us,CA,0668084,,,,,"San Leandro, CA|The City of San Leandro, CA",us_places.csv,
us:place:0668154,San Luis Obispo city,municipality,us,CA,0668154,,,,,"City of San Luis Obispo, CA",us_places.csv,
us:place:0668252,San Mateo city,municipality,us,CA,0668252,,,,,"City of San Mateo, CA|San Mateo, CA",us_places.csv,
us:place:0668294,San Pablo city,municipality,us,CA,0668294,,,,,"City of San Pablo, CA|San Pablo, CA",us_places.csv,
us:place:0668364,San Rafael city,municipality,us,CA,0668364,,,,,"San Rafael, CA",us_places.csv,
us:place:0668378,San Ramon city,municipality,us,CA,0668378,,,,,"San Ramon, CA",us_places.csv,
us:place:0669070,Santa Barbara city,municipality,us,CA,0669070,,,,,"City of Santa Barbara, CA|Santa Barbara, CA",us_places.csv,
us:place:0669084,Santa Clara city,municipality,us,CA,0669084,,,,,"City of Santa Clara|City of Santa Clara, CA|Santa Clara, CA",us_places.csv,
us:place:0669112,Santa Cruz city,municipality,us,CA,0669112,,,,,"Santa Cruz, CA",us_places.csv,
us:place:0669196,Santa Maria city,municipality,us,CA,0669196,,,,,"City of Santa Maria, CA",us_places.csv,
us:place:0670000,Santa Monica city,municipality,us,CA,0670000,,,,,"City of Santa Monica, CA",us_places.csv,
us:place:0670042,Santa Paula city,municipality,us,CA,0670042,,,,,"City of Santa Paula, CA|Santa Paula, CA",us_places.csv,
us:place:0670098,Santa Rosa city,municipality,us,CA,0670098,,,,,"City of Santa Rosa|City of Santa Rosa, CA|Santa Rosa, CA",us_places.csv,
us:place:0670280,Saratoga city,municipality,us,CA,0670280,,,,,"City of Saratoga|City of Saratoga, CA|Saratoga, CA",us_places.csv,
us:place:0670364,Sausalito city,municipality,us,CA,0670364,,,,,"City of Sausalito, CA|Sausalito, CA",us_places.csv,
us:place:0670686,Seal Beach city,municipality,us,CA,0670686,,,,,"City of Seal Beach, CA",us_places.csv,
us:place:0670770,Sebastopol city,municipality,us,CA,0670770,,,,,City of Sebastopol,us_places.csv,
us:place:0671876,Signal Hill city,municipality,us,CA,0671876,,,,,"City of Signal Hill, CA",us_places.csv,
us:place:0672016,Simi Valley city,municipality,us,CA,0672016,,,,,"City of Simi Valley, CA",us_places.csv,
us:place:0672576,Solvang city,municipality,us,CA,0672576,,,,,"Solvang, CA",us_places.csv,
us:place:0672646,Sonoma city,municipality,us,CA,0672646,,,,,"City of Sonoma, CA|Sonoma, CA",us_places.csv,
us:place:0672996,South El Monte city,municipality,us,CA,0672996,,,,,"South El Monte, CA",us_places.csv,
us:place:0673262,South San Francisco city,municipality,us,CA,0673262,,,,,"City of South San Francisco, CA|South San Francisco, CA",us_places.csv,
us:place:0675630,Suisun City city,municipality,us,CA,0675630,,,,,"City of Suisun City, CA",us_places.csv,
us:place:0677000,Sunnyvale city,municipality,us,CA,0677000,,,,,"City of Sunnyvale|City of Sunnyvale, CA|Sunnyvale, CA",us_places.csv,
us:place:0678120,Temecula city,municipality,us,CA,0678120,,,,,"Temecula, CA",us_places.csv,
us:place:0678582,Thousand Oaks city,municipality,us,CA,0678582,,,,,"City of Thousand Oaks, CA",us_places.csv,
us:place:0678666,Tiburon town,municipality,us,CA,0678666,,,,,"Tiburon, CA|Town of Tiburon, CA",us_places.csv,
us:place:0680000,Torrance city,municipality,us,CA,0680000,,,,,"City of Torrance, CA",us_places.csv,
us:place:0680238,Tracy city,municipality,us,CA,0680238,,,,,City of Tracy|Tracy,us_places.csv,
us:place:0680588,Truckee town,municipality,us,CA,0680588,,,,,"Truckee, CA",us_places.csv,
us:place:0680812,Turlock city,municipality,us,CA,0680812,,,,,"Turlock, CA",us_places.csv,
us:place:0680854,Tustin city,municipality,us,CA,0680854,,,,,"City of Tustin|City of Tustin, CA",us_places.csv,
us:place:0680994,Twentynine Palms city,municipality,us,CA,0680994,,,,,"City of Twentynine Palms, CA",us_places.csv,
us:place:0681134,Ukiah city,municipality,us,CA,0681134,,,,,Ukiah,us_places.csv,
us:place:0681204,Union City city,municipality,us,CA,0681204,,,,,"Union City|Union City, CA",us_places.csv,
us:place:0681344,Upland city,municipality,us,CA,0681344,,,,,"Upland, CA",us_places.csv,
us:place:0681554,Vacaville city,municipality,us,CA,0681554,,,,,"City of Vacaville, CA|Vacaville, CA",us_places.csv,
us:place:0681666,Vallejo city,municipality,us,CA,0681666,,,,,"Vallejo, CA",us_places.csv,
us:place:0682422,Vernon city,municipality,us,CA,0682422,,,,,"Vernon, CA",us_places.csv,
us:place:0682590,Victorville city,municipality,us,CA,0682590,,,,,"City of Victorville, CA",us_places.csv,
us:place:0682954,Visalia city,municipality,us,CA,0682954,,,,,"Visalia, CA",us_places.csv,
us:place:0682996,Vista city,municipality,us,CA,0682996,,,,,City of Vista,us_places.csv,
us:place:0683346,Walnut Creek city,municipality,us,CA,0683346,,,,,"City of Walnut Creek|City of Walnut Creek, CA|Walnut Creek, CA",us_places.csv,
us:place:0683542,Wasco city,municipality,us,CA,0683542,,,,,"Wasco, CA",us_places.csv,
us:place:0683668,Watsonville city,municipality,us,CA,0683668,,,,,"City of Watsonville, CA|Watsonville, CA",us_places.csv,
us:place:0684200,West Covina city,municipality,us,CA,0684200,,,,,"West Covina, CA",us_places.csv,
us:place:0684410,West Hollywood city,municipality,us,CA,0684410,,,,,"City of West Hollywood, CA",us_places.csv,
us:place:0684438,Westlake Village city,municipality,us,CA,0684438,,,,,"Westlake Village, CA",us_places.csv,
us:place:0684550,Westminster city,municipality,us,CA,0684550,,,,,City of Westminster,us_places.csv,
us:place:0685292,Whittier city,municipality,us,CA,0685292,,,,,"Whittier, CA",us_places.csv,
us:place:0685600,Willits city,municipality,us,CA,0685600,,,,,"Willits, CA",us_places.csv,
us:place:0685922,Windsor town,municipality,us,CA,0685922,,,,,"Town of Windsor|Windsor, CA",us_places.csv,
us:place:0686328,Woodland city,municipality,us,CA,0686328,,,,,"Woodland|Woodland, CA",us_places.csv,
us:place:0686440,Woodside town,municipality,us,CA,0686440,,,,,"Woodside, CA",us_places.csv,
us:place:0686832,Yorba Linda city,municipality,us,CA,0686832,,,,,"City of Yorba Linda, CA",us_places.csv,
us:place:0686930,Yountville city,municipality,us,CA,0686930,,,,,"Yountville, CA",us_places.csv,
us:place:0686944,Yreka city,municipality,us,CA,0686944,,,,,"Yreka, CA",us_places.csv,
us:place:0686972,Yuba City city,municipality,us,CA,0686972,,,,,"Yuba City, CA",us_places.csv,
us:place:0687056,Yucca Valley town,municipality,us,CA,0687056,,,,,"Yucca Valley, CA",us_places.csv,
us:place:0804000,Aurora city,municipality,us,CO,0804000,,,,,"Aurora, CO",us_places.csv,
us:place:0807410,Blue River town,municipality,us,CO,0807410,,,,,"Blue River, CO",us_places.csv,
us:place:0808675,Brighton city,municipality,us,CO,0808675,,,,,Brighton|City of Brighton,us_places.csv,
us:place:0809280,Broomfield city,municipality,us,CO,0809280,,,,,"Broomfield, CO",us_places.csv,
us:place:0812387,Castle Pines city,municipality,us,CO,0812387,,,,,"City of Castle Pines, CO",us_places.csv,
us:place:0812415,Castle Rock town,municipality,us,CO,0812415,,,,,Town of Castle Rock,us_places.csv,
us:place:0812815,Centennial city,municipality,us,CO,0812815,,,,,"Centennial, CO",us_places.csv,
us:place:0816000,Colorado Springs city,municipality,us,CO,0816000,,,,,"City of Colorado Springs, CO",us_places.csv,
us:place:0820000,Denver city,municipality,us,CO,0820000,,,,,"City and County of Denver|Denver, CO",us_places.csv,
us:place:0822035,Durango city,municipality,us,CO,0822035,,,,,"Durango, CO",us_places.csv,
us:place:0822200,Eagle town,municipality,us,CO,0822200,,,,,"Eagle, CO",us_places.csv,
us:place:0823740,Elizabeth town,municipality,us,CO,0823740,,,,,"Elizabeth, CO",us_places.csv,
us:place:0824950,Erie town,municipality,us,CO,0824950,,,,,"Town of Erie, CO",us_places.csv,
us:place:0825280,Evans city,municipality,us,CO,0825280,,,,,"City of Evans, CO|Evans, CO",us_places.csv,
us:place:0826600,Firestone town,municipality,us,CO,0826600,,,,,"Firestone, CO",us_places.csv,
us:place:0827700,Fort Lupton city,municipality,us,CO,0827700,,,,,"Fort Lupton, CO",us_places.csv,
us:place:0828305,Fraser town,municipality,us,CO,0828305,,,,,"Fraser, CO|Town of Fraser",us_places.csv,
us:place:0828360,Frederick town,municipality,us,CO,0828360,,,,,Frederick,us_places.csv,
us:place:0828690,Frisco town,municipality,us,CO,0828690,,,,,"Frisco, CO|Town of Frisco|Town of Frisco, CO",us_places.csv,
us:place:0828745,Fruita city,municipality,us,CO,0828745,,,,,"City of Fruita, CO|Fruita, CO",us_places.csv,
us:place:0830835,Golden city,municipality,us,CO,0830835,,,,,City of Golden,us_places.csv,
us:place:0831660,Grand Junction city,municipality,us,CO,0831660,,,,,"Grand Junction, CO",us_places.csv,
us:place:0832155,Greeley city,municipality,us,CO,0832155,,,,,"Greeley|Greeley , CO",us_places.csv,
us:place:0839855,Johnstown town,municipality,us,CO,0839855,,,,,"Johnstown, CO",us_places.csv,
us:place:0841835,Lafayette city,municipality,us,CO,0841835,,,,,City of Lafayette,us_places.csv,
us:place:0845970,Longmont city,municipality,us,CO,0845970,,,,,"City of Longmont, CO",us_places.csv,
us:place:0846355,Louisville city,municipality,us,CO,0846355,,,,,"Louisville, CO",us_places.csv,
us:place:0850480,Milliken town,municipality,us,CO,0850480,,,,,"Milliken, CO",us_places.csv,
us:place:0851745,Montrose city,municipality,us,CO,0851745,,,,,"Montrose, CO",us_places.csv,
us:place:0856860,Pagosa Springs town,municipality,us,CO,0856860,,,,,"Pagosa Springs, CO",us_places.csv,
us:place:0857025,Palmer Lake town,municipality,us,CO,0857025,,,,,"Palmer Lake, CO|Town of Palmer Lake, CO",us_places.csv,
us:place:0857630,Parker town,municipality,us,CO,0857630,,,,,"Parker|Parker, CO",us_places.csv,
us:place:0862000,Pueblo city,municipality,us,CO,0862000,,,,,"City of Pueblo, CO",us_places.csv,
us:place:0866895,Rye town,municipality,us,CO,0866895,,,,,Town of Rye,us_places.csv,
us:place:0870525,Silverthorne town,municipality,us,CO,0870525,,,,,"Town of Silverthorne, CO",us_places.csv,
us:place:0871755,Snowmass Village town,municipality,us,CO,0871755,,,,,"Town of Snowmass Village, CO",us_places.csv,
us:place:0873825,Steamboat Springs city,municipality,us,CO,0873825,,,,,"Steamboat Springs, CO",us_places.csv,
us:place:0880040,Vail town,municipality,us,CO,0880040,,,,,"Vail, CO",us_places.csv,
us:place:0884440,Wheat Ridge city,municipality,us,CO,0884440,,,,,"City of Wheat Ridge, CO|Wheat Ridge, CO",us_places.csv,
us:place:0886090,Woodland Park city,municipality,us,CO,0886090,,,,,"Woodland Park, CO",us_places.csv,
us:place:0918430,Danbury city,municipality,us,CT,0918430,,,,,"City of Danbury, CT",us_places.csv,
us:place:0956200,Norwich city,municipality,us,CT,0956200,,,,,"Norwich, CT",us_places.csv,
us:place:0973000,Stamford city,municipality,us,CT,0973000,,,,,"City of Stamford, CT",us_places.csv,
us:place:0976500,Torrington city,municipality,us,CT,0976500,,,,,"Torrington, CT",us_places.csv,
us:place:1021200,Dover city,municipality,us,DE,1021200,,,,,"Dover, DE",us_places.csv,
us:place:1041830,Lewes city,municipality,us,DE,1041830,,,,,"City of Lewes, DE",us_places.csv,
us:place:1060290,Rehoboth Beach city,municipality,us,DE,1060290,,,,,Rehoboth Beach|the City of Rehoboth Beach,us_places.csv,
us:place:1077580,Wilmington city,municipality,us,DE,1077580,,,,,"Wilmington, DE",us_places.csv,
us:place:1150000,Washington city,municipality,us,DC,1150000,,,,,"District of Columbia|Washington|Washington DC|Washington, DC",curated_alias,Census codes DC FUNCSTAT 'N' as a *place* because its government is state-level; build_gov_registry_data.py keeps this one row by GEOID for that reason. 14 real archived pages resolve here.
us:place:1201700,Apopka city,municipality,us,FL,1201700,,,,,"Apopka, FL",us_places.csv,
us:place:1202400,Atlantic Beach city,municipality,us,FL,1202400,,,,,"Atlantic Beach, FL",us_places.csv,
us:place:1202681,Aventura city,municipality,us,FL,1202681,,,,,"Aventura, FL|City of Aventura, FL",us_places.csv,
us:place:1203275,Bal Harbour village,municipality,us,FL,1203275,,,,,"Bal Harbour, FL",us_places.csv,
us:place:1203975,Bay Harbor Islands town,municipality,us,FL,1203975,,,,,"Bay Harbor Islands, FL",us_places.csv,
us:place:1207300,Boca Raton city,municipality,us,FL,1207300,,,,,"City of Boca Raton, FL",us_places.csv,
us:place:1208800,Brooksville city,municipality,us,FL,1208800,,,,,"Brooksville, FL",us_places.csv,
us:place:1210275,Cape Coral city,municipality,us,FL,1210275,,,,,"Cape Coral, FL|City of Cape Coral, FL",us_places.csv,
us:place:1211050,Casselberry city,municipality,us,FL,1211050,,,,,"Casselberry, FL",us_places.csv,
us:place:1212875,Clearwater city,municipality,us,FL,1212875,,,,,"Clearwater, FL",us_places.csv,
us:place:1213175,Cocoa Beach city,municipality,us,FL,1213175,,,,,"City of Cocoa Beach, FL",us_places.csv,
us:place:1213275,Coconut Creek city,municipality,us,FL,1213275,,,,,"Coconut Creek, FL",us_places.csv,
us:place:1214125,Cooper City city,municipality,us,FL,1214125,,,,,"Cooper City, FL",us_places.csv,
us:place:1214250,Coral Gables city,municipality,us,FL,1214250,,,,,"City of Coral Gables, FL",us_places.csv,
us:place:1215475,Crestview city,municipality,us,FL,1215475,,,,,"City of Crestview|Crestview, FL",us_places.csv,
us:place:1215968,Cutler Bay town,municipality,us,FL,1215968,,,,,"Town of Cutler Bay, FL",us_places.csv,
us:place:1216475,Davie town,municipality,us,FL,1216475,,,,,"Town of Davie, FL",us_places.csv,
us:place:1216525,Daytona Beach city,municipality,us,FL,1216525,,,,,"City of Daytona Beach, FL",us_places.csv,
us:place:1216875,DeLand city,municipality,us,FL,1216875,,,,,"DeLand, FL",us_places.csv,
us:place:1217100,Delray Beach city,municipality,us,FL,1217100,,,,,"City of Delray Beach, FL",us_places.csv,
us:place:1217200,Deltona city,municipality,us,FL,1217200,,,,,"City of Deltona, FL",us_places.csv,
us:place:1217935,Doral city,municipality,us,FL,1217935,,,,,"City of Doral, FL",us_places.csv,
us:place:1218575,Dunedin city,municipality,us,FL,1218575,,,,,"City of Dunedin, FL",us_places.csv,
us:place:1218675,Dunnellon city,municipality,us,FL,1218675,,,,,"Dunnellon, FL",us_places.csv,
us:place:1219650,Eatonville town,municipality,us,FL,1219650,,,,,"Eatonville, FL",us_places.csv,
us:place:1219825,Edgewater city,municipality,us,FL,1219825,,,,,"City of Edgewater|City of Edgewater, FL",us_places.csv,
us:place:1221150,Estero village,municipality,us,FL,1221150,,,,,"Estero, FL",us_places.csv,
us:place:1221350,Eustis city,municipality,us,FL,1221350,,,,,"City of Eustis|City of Eustis, FL|Eustis, FL",us_places.csv,
us:place:1222175,Fernandina Beach city,municipality,us,FL,1222175,,,,,"Fernandina Beach, FL",us_places.csv,
us:place:1224000,Fort Lauderdale city,municipality,us,FL,1224000,,,,,"City of Fort Lauderdale, FL",us_places.csv,
us:place:1224125,Fort Myers city,municipality,us,FL,1224125,,,,,"Ft Myers, FL",us_places.csv,
us:place:1224150,Fort Myers Beach town,municipality,us,FL,1224150,,,,,"Town of Fort Myers Beach, FL",us_places.csv,
us:place:1224300,Fort Pierce city,municipality,us,FL,1224300,,,,,"Fort Pierce, FL",us_places.csv,
us:place:1224475,Fort Walton Beach city,municipality,us,FL,1224475,,,,,"City of Fort Walton Beach, FL",us_places.csv,
us:place:1225175,Gainesville city,municipality,us,FL,1225175,,,,,"City of Gainesville|City of Gainesville, FL|Gainesville, FL",us_places.csv,
us:place:1228400,Haines City city,municipality,us,FL,1228400,,,,,"Haines City  Settlement, FL|Haines City, FL",us_places.csv,
us:place:1228452,Hallandale Beach city,municipality,us,FL,1228452,,,,,"City of Hallandale Beach, FL|Hallandale Beach, FL",us_places.csv,
us:place:1230200,Highland Beach town,municipality,us,FL,1230200,,,,,"Highland Beach, FL",us_places.csv,
us:place:1232000,Hollywood city,municipality,us,FL,1232000,,,,,"City of Hollywood|Hollywood, FL",us_places.csv,
us:place:1232150,Holmes Beach city,municipality,us,FL,1232150,,,,,"City of Holmes Beach, FL",us_places.csv,
us:place:1233950,Inverness city,municipality,us,FL,1233950,,,,,"Inverness, FL",us_places.csv,
us:place:1235000,Jacksonville city,municipality,us,FL,1235000,,,,,"City of Jacksonville, FL|Jacksonville, FL",us_places.csv,
us:place:1235875,Jupiter town,municipality,us,FL,1235875,,,,,"Jupiter, FL",us_places.csv,
us:place:1235900,Jupiter Inlet Colony town,municipality,us,FL,1235900,,,,,"Jupiter Inlet Colony, FL",us_places.csv,
us:place:1236300,Key Biscayne village,municipality,us,FL,1236300,,,,,"Key Biscayne, FL",us_places.csv,
us:place:1236550,Key West city,municipality,us,FL,1236550,,,,,"City of Key West, FL|Key West, FL",us_places.csv,
us:place:1236950,Kissimmee city,municipality,us,FL,1236950,,,,,"Kissimmee, FL",us_places.csv,
us:place:1237375,Lady Lake town,municipality,us,FL,1237375,,,,,"Lady Lake, FL",us_places.csv,
us:place:1239425,Largo city,municipality,us,FL,1239425,,,,,"Largo, FL",us_places.csv,
us:place:1239475,Lauderdale-by-the-Sea town,municipality,us,FL,1239475,,,,,"Town of Lauderdale-By-The-Sea, FL",us_places.csv,
us:place:1239525,Lauderdale Lakes city,municipality,us,FL,1239525,,,,,"Lauderdale Lakes, FL",us_places.csv,
us:place:1240450,Lighthouse Point city,municipality,us,FL,1240450,,,,,"Lighthouse Point, FL",us_places.csv,
us:place:1241577,Loxahatchee Groves town,municipality,us,FL,1241577,,,,,"Loxahatchee Groves, FL|Town of Loxahatchee Groves, FL",us_places.csv,
us:place:1242400,Madeira Beach city,municipality,us,FL,1242400,,,,,"Madeira Beach, FL",us_places.csv,
us:place:1242575,Maitland city,municipality,us,FL,1242575,,,,,"City of Maitland, FL",us_places.csv,
us:place:1243083,Marco Island city,municipality,us,FL,1243083,,,,,"Marco Island, FL",us_places.csv,
us:place:1243125,Margate city,municipality,us,FL,1243125,,,,,"Margate, FL",us_places.csv,
us:place:1245000,Miami city,municipality,us,FL,1245000,,,,,"City of Miami|City of Miami, FL|Miami, FL",us_places.csv,
us:place:1245025,Miami Beach city,municipality,us,FL,1245025,,,,,"Miami Beach, FL",us_places.csv,
us:place:1245060,Miami Gardens city,municipality,us,FL,1245060,,,,,"City of Miami Gardens, FL",us_places.csv,
us:place:1245750,Milton city,municipality,us,FL,1245750,,,,,"Milton, FL",us_places.csv,
us:place:1245975,Miramar city,municipality,us,FL,1245975,,,,,"Miramar, FL",us_places.csv,
us:place:1247050,Mount Dora city,municipality,us,FL,1247050,,,,,"Mount Dora, FL",us_places.csv,
us:place:1247625,Naples city,municipality,us,FL,1247625,,,,,"City of Naples|Naples, FL",us_places.csv,
us:place:1248500,New Port Richey city,municipality,us,FL,1248500,,,,,"New Port Richey, FL",us_places.csv,
us:place:1248625,New Smyrna Beach city,municipality,us,FL,1248625,,,,,"New Smyrna Beach, FL|Nsb",us_places.csv,
us:place:1249225,North Bay Village city,municipality,us,FL,1249225,,,,,"City of Miami|North Bay Village, FL",us_places.csv,
us:place:1249425,North Lauderdale city,municipality,us,FL,1249425,,,,,N Lauderdale,us_places.csv,
us:place:1249475,North Miami Beach city,municipality,us,FL,1249475,,,,,"City of North Miami Beach, FL",us_places.csv,
us:place:1249600,North Palm Beach village,municipality,us,FL,1249600,,,,,"North Palm Beach, FL",us_places.csv,
us:place:1249675,North Port city,municipality,us,FL,1249675,,,,,"City of North Port, FL|North Port, FL",us_places.csv,
us:place:1250525,Oakland town,municipality,us,FL,1250525,,,,,"Oakland, FL|Town of Oakland, FL",us_places.csv,
us:place:1250575,Oakland Park city,municipality,us,FL,1250575,,,,,"City of Oakland Park, FL",us_places.csv,
us:place:1250750,Ocala city,municipality,us,FL,1250750,,,,,"Ocala, FL",us_places.csv,
us:place:1253000,Orlando city,municipality,us,FL,1253000,,,,,"City of Orlando, FL|Orlando, FL",us_places.csv,
us:place:1253575,Oviedo city,municipality,us,FL,1253575,,,,,"City of Oviedo, FL",us_places.csv,
us:place:1253800,Pahokee city,municipality,us,FL,1253800,,,,,"Pahokee, FL",us_places.csv,
us:place:1254000,Palm Bay city,municipality,us,FL,1254000,,,,,"Palm Bay, FL",us_places.csv,
us:place:1254025,Palm Beach town,municipality,us,FL,1254025,,,,,"Palm Beach, FL",us_places.csv,
us:place:1254075,Palm Beach Gardens city,municipality,us,FL,1254075,,,,,"Palm Beach Gardens, FL",us_places.csv,
us:place:1254725,Panama City Beach city,municipality,us,FL,1254725,,,,,"Panama City Beach, FL|Pcb Gov",us_places.csv,
us:place:1255125,Parkland city,municipality,us,FL,1255125,,,,,"Parkland, FL",us_places.csv,
us:place:1255775,Pembroke Pines city,municipality,us,FL,1255775,,,,,"City of Pembroke Pines, FL",us_places.csv,
us:place:1255925,Pensacola city,municipality,us,FL,1255925,,,,,City of Pensacola|Pensacola,us_places.csv,
us:place:1256625,Pinecrest village,municipality,us,FL,1256625,,,,,"Village of Pinecrest, FL",us_places.csv,
us:place:1257425,Plantation city,municipality,us,FL,1257425,,,,,City of Plantation,us_places.csv,
us:place:1258050,Pompano Beach city,municipality,us,FL,1258050,,,,,"Pompano Beach, FL",us_places.csv,
us:place:1258575,Port Orange city,municipality,us,FL,1258575,,,,,"Port Orange, FL",us_places.csv,
us:place:1259200,Punta Gorda city,municipality,us,FL,1259200,,,,,"City of Punta Gorda, FL",us_places.csv,
us:place:1262425,Safety Harbor city,municipality,us,FL,1262425,,,,,"City of Safety Harbor, FL",us_places.csv,
us:place:1262500,St. Augustine city,municipality,us,FL,1262500,,,,,"St. Augustine, FL",us_places.csv,
us:place:1262885,St. Pete Beach city,municipality,us,FL,1262885,,,,,"St. Pete Beach, FL",us_places.csv,
us:place:1263000,St. Petersburg city,municipality,us,FL,1263000,,,,,"City of St. Petersburg|St. Petersburg, FL",us_places.csv,
us:place:1263700,Sanibel city,municipality,us,FL,1263700,,,,,"City of Sanibel, FL",us_places.csv,
us:place:1264175,Sarasota city,municipality,us,FL,1264175,,,,,"City of Sarasota, FL|Sarasota, FL",us_places.csv,
us:place:1264400,Satellite Beach city,municipality,us,FL,1264400,,,,,"City of Satellite Beach, FL|Satellite Beach, FL",us_places.csv,
us:place:1264975,Seminole city,municipality,us,FL,1264975,,,,,City of Seminole,us_places.csv,
us:place:1268875,Stuart city,municipality,us,FL,1268875,,,,,"Stuart, FL",us_places.csv,
us:place:1269555,Sunny Isles Beach city,municipality,us,FL,1269555,,,,,"City of Sunny Isles Beach, FL",us_places.csv,
us:place:1269700,Sunrise city,municipality,us,FL,1269700,,,,,"City of Sunrise, FL",us_places.csv,
us:place:1270075,Surfside town,municipality,us,FL,1270075,,,,,"Surfside, FL|Town of Surfside, FL",us_places.csv,
us:place:1270675,Tamarac city,municipality,us,FL,1270675,,,,,"Tamarac, FL",us_places.csv,
us:place:1271000,Tampa city,municipality,us,FL,1271000,,,,,"Tampa, FL",us_places.csv,
us:place:1271225,Tavares city,municipality,us,FL,1271225,,,,,"TAVARES, FL|Tavares, FL",us_places.csv,
us:place:1271525,Tequesta village,municipality,us,FL,1271525,,,,,"Village of Tequesta, FL",us_places.csv,
us:place:1272325,Treasure Island city,municipality,us,FL,1272325,,,,,"Treasure Island, FL",us_places.csv,
us:place:1273900,Venice city,municipality,us,FL,1273900,,,,,"Venice|Venice, FL",us_places.csv,
us:place:1275812,Wellington village,municipality,us,FL,1275812,,,,,"Village of Wellington, FL|Wellington",us_places.csv,
us:place:1276500,West Melbourne city,municipality,us,FL,1276500,,,,,"City of West Melbourne, FL",us_places.csv,
us:place:1278000,Wilton Manors city,municipality,us,FL,1278000,,,,,"Wilton Manors, FL",us_places.csv,
us:place:1278300,Winter Park city,municipality,us,FL,1278300,,,,,"Winter Park|Winter Park, FL",us_places.csv,
us:place:1278325,Winter Springs city,municipality,us,FL,1278325,,,,,"City of Winter Springs, FL",us_places.csv,
us:place:1301696,Alpharetta city,municipality,us,GA,1301696,,,,,"Alpharetta, GA|City of Alpharetta, GA",us_places.csv,
us:place:1304000,Atlanta city,municipality,us,GA,1304000,,,,,"Atlanta, GA|City of Atlanta, GA",us_places.csv,
us:place:1304644,Avondale Estates city,municipality,us,GA,1304644,,,,,"City of Avondale Estates, GA",us_places.csv,
us:place:1310944,Brookhaven city,municipality,us,GA,1310944,,,,,"City of Brookhaven, GA",us_places.csv,
us:place:1312988,Canton city,municipality,us,GA,1312988,,,,,"Canton, GA",us_places.csv,
us:place:1315172,Chamblee city,municipality,us,GA,1315172,,,,,"Chamblee, GA",us_places.csv,
us:place:1316544,Clarkston city,municipality,us,GA,1316544,,,,,"Clarkston City, GA",us_places.csv,
us:place:1322052,Decatur city,municipality,us,GA,1322052,,,,,"Decatur, GA",us_places.csv,
us:place:1323536,Doraville city,municipality,us,GA,1323536,,,,,"Doraville, GA",us_places.csv,
us:place:1323900,Douglasville city,municipality,us,GA,1323900,,,,,"City of Douglasville, GA",us_places.csv,
us:place:1324768,Dunwoody city,municipality,us,GA,1324768,,,,,"Dunwoody, GA",us_places.csv,
us:place:1336472,Hapeville city,municipality,us,GA,1336472,,,,,"Hapeville, GA",us_places.csv,
us:place:1339524,Holly Springs city,municipality,us,GA,1339524,,,,,"Holly Springs, GA",us_places.csv,
us:place:1342604,Jonesboro city,municipality,us,GA,1342604,,,,,"Jonesboro, GA",us_places.csv,
us:place:1343192,Kennesaw city,municipality,us,GA,1343192,,,,,"Kennesaw, GA",us_places.csv,
us:place:1347196,Loganville city,municipality,us,GA,1347196,,,,,"Loganville, GA",us_places.csv,
us:place:1348624,McDonough city,municipality,us,GA,1348624,,,,,"McDonough, GA|Mcdonough, GA",us_places.csv,
us:place:1349756,Marietta city,municipality,us,GA,1349756,,,,,"City of Marietta|City of Marietta, GA",us_places.csv,
us:place:1355776,Norcross city,municipality,us,GA,1355776,,,,,"Norcross, GA|Norcross,GA",us_places.csv,
us:place:1359735,Peachtree Corners city,municipality,us,GA,1359735,,,,,"Peachtree Corners, GA",us_places.csv,
us:place:1362104,Pooler city,municipality,us,GA,1362104,,,,,"Pooler, GA",us_places.csv,
us:place:1365324,Ringgold city,municipality,us,GA,1365324,,,,,"Ringgold, GA",us_places.csv,
us:place:1366668,Rome city,municipality,us,GA,1366668,,,,,"City of Rome|Rome, GA",us_places.csv,
us:place:1367284,Roswell city,municipality,us,GA,1367284,,,,,"City of Roswell, GA",us_places.csv,
us:place:1368516,Sandy Springs city,municipality,us,GA,1368516,,,,,"Sandy Springs, GA",us_places.csv,
us:place:1371492,Smyrna city,municipality,us,GA,1371492,,,,,"City of Smyrna|City of Smyrna, GA",us_places.csv,
us:place:1373704,Stockbridge city,municipality,us,GA,1373704,,,,,"STOCKBRIDGE, GA|Stockbridge|Stockbridge, GA",us_places.csv,
us:place:1373784,Stonecrest city,municipality,us,GA,1373784,,,,,"City of Stonecrest, GA|Stonecrest, GA",us_places.csv,
us:place:1377652,Tucker city,municipality,us,GA,1377652,,,,,"Tucker, GA",us_places.csv,
us:place:1380228,Walnut Grove city,municipality,us,GA,1380228,,,,,"Walnut Grove, GA",us_places.csv,
us:place:1380788,Watkinsville city,municipality,us,GA,1380788,,,,,"Watkinsville, GA",us_places.csv,
us:place:1384176,Woodstock city,municipality,us,GA,1384176,,,,,"City of Woodstock, GA",us_places.csv,
us:place:1608830,Boise,municipality,us,ID,1608830,,,,,"Boise|Boise City|City of Boise|City of Boise, ID",curated_alias,"Census official name is 'Boise City city' (grep us_places.csv 2026-09-02) -- Boise's legal name is City of Boise City. No page writes it that way, and the miss sent 'City of Boise, ID' to Boise County and a bare 'Boise, ID' there too. gov_name is set to the name the city and every page actually use, so the hub reads 'Boise, ID' and keeps its existing /j/boise-id URL rather than becoming /j/boise-city-id over a Census spelling quirk."
us:place:1639700,Idaho Falls city,municipality,us,ID,1639700,,,,,"Idaho Falls, ID",us_places.csv,
us:place:1656260,Nampa city,municipality,us,ID,1656260,,,,,City of Nampa,us_places.csv,
us:place:1664090,Pocatello city,municipality,us,ID,1664090,,,,,"Pocatello, ID",us_places.csv,
us:place:1671650,Salmon city,municipality,us,ID,1671650,,,,,"Salmon, ID",us_places.csv,
us:place:1678850,Sun Valley city,municipality,us,ID,1678850,,,,,City of Sun Valley,us_places.csv,
us:place:1682810,Twin Falls city,municipality,us,ID,1682810,,,,,"City of Twin Falls, ID|Twin Falls, ID",us_places.csv,
us:place:1700243,Addison village,municipality,us,IL,1700243,,,,,"Village of Addison, IL",us_places.csv,
us:place:1702154,Arlington Heights village,municipality,us,IL,1702154,,,,,"Arlington Heights|Arlington Heights, IL",us_places.csv,
us:place:1703012,Aurora city,municipality,us,IL,1703012,,,,,"Aurora, IL",us_places.csv,
us:place:1703883,Barrington Hills village,municipality,us,IL,1703883,,,,,"Village of Barrington Hills, IL",us_places.csv,
us:place:1708576,Brookfield village,municipality,us,IL,1708576,,,,,Village of Brookfield,us_places.csv,
us:place:1709447,Buffalo Grove village,municipality,us,IL,1709447,,,,,"Buffalo Grove Village, IL|Buffalo Grove, IL",us_places.csv,
us:place:1711163,Carbondale city,municipality,us,IL,1711163,,,,,"Carbondale, IL",us_places.csv,
us:place:1711358,Carpentersville village,municipality,us,IL,1711358,,,,,"Village of Carpentersville, IL",us_places.csv,
us:place:1712385,Champaign city,municipality,us,IL,1712385,,,,,"Champaign, IL",us_places.csv,
us:place:1714000,Chicago city,municipality,us,IL,1714000,,,,,"Chicago, IL",us_places.csv,
us:place:1715599,Collinsville city,municipality,us,IL,1715599,,,,,City of Collinsville,us_places.csv,
us:place:1717458,Crest Hill city,municipality,us,IL,1717458,,,,,"Crest Hill, IL",us_places.csv,
us:place:1718823,Decatur city,municipality,us,IL,1718823,,,,,"Decatur, IL",us_places.csv,
us:place:1719642,Des Plaines city,municipality,us,IL,1719642,,,,,"Des Plaines, IL",us_places.csv,
us:place:1722736,Effingham city,municipality,us,IL,1722736,,,,,"Effingham, IL",us_places.csv,
us:place:1723074,Elgin city,municipality,us,IL,1723074,,,,,"City of Elgin, IL|Elgin, IL",us_places.csv,
us:place:1728326,Galesburg city,municipality,us,IL,1728326,,,,,"Gales Burg|Galesburg, IL",us_places.csv,
us:place:1729652,Glencoe village,municipality,us,IL,1729652,,,,,"Glencoe Village, IL",us_places.csv,
us:place:1729756,Glen Ellyn village,municipality,us,IL,1729756,,,,,"Glen Ellyn, IL|Village of Glen Ellyn, IL",us_places.csv,
us:place:1732746,Hanover Park village,municipality,us,IL,1732746,,,,,"Hanover Park, IL|Village of Hanover Park, IL",us_places.csv,
us:place:1734722,Highland Park city,municipality,us,IL,1734722,,,,,"Highland Park, IL",us_places.csv,
us:place:1735879,Homewood village,municipality,us,IL,1735879,,,,,"Homewood, IL",us_places.csv,
us:place:1737257,Indian Head Park village,municipality,us,IL,1737257,,,,,"Indian Head Park, IL",us_places.csv,
us:place:1738570,Joliet city,municipality,us,IL,1738570,,,,,City of Joliet,us_places.csv,
us:place:1738934,Kankakee city,municipality,us,IL,1738934,,,,,"Kankakee, IL",us_places.csv,
us:place:1743744,Lincolnwood village,municipality,us,IL,1743744,,,,,"Lincolnwood, IL",us_places.csv,
us:place:1744407,Lombard village,municipality,us,IL,1744407,,,,,"Lombard, IL",us_places.csv,
us:place:1745811,McLean village,municipality,us,IL,1745811,,,,,"McLean, IL",us_places.csv,
us:place:1747007,Markham city,municipality,us,IL,1747007,,,,,"City of Markham|City of Markham, IL|Markham|Markham, IL",us_places.csv,
us:place:1749854,Mokena village,municipality,us,IL,1749854,,,,,"Village of Mokena, IL",us_places.csv,
us:place:1749945,Monee village,municipality,us,IL,1749945,,,,,"Monee, IL|Village of Monee, IL",us_places.csv,
us:place:1751349,Mundelein village,municipality,us,IL,1751349,,,,,"Mundelein Village, IL",us_places.csv,
us:place:1751622,Naperville city,municipality,us,IL,1751622,,,,,"City of Naperville, IL",us_places.csv,
us:place:1753663,Northfield village,municipality,us,IL,1753663,,,,,"Northfield, IL|Village of Northfield",us_places.csv,
us:place:1754885,Oak Park village,municipality,us,IL,1754885,,,,,"Oak Park|Oak Park, IL",us_places.csv,
us:place:1755353,Oglesby city,municipality,us,IL,1755353,,,,,"Oglesby, IL",us_places.csv,
us:place:1757225,Palatine village,municipality,us,IL,1757225,,,,,"Palatine Village, IL|Palatine, IL",us_places.csv,
us:place:1757407,Palos Park village,municipality,us,IL,1757407,,,,,"Palos Park, IL",us_places.csv,
us:place:1757875,Park Ridge city,municipality,us,IL,1757875,,,,,City of Park Ridge,us_places.csv,
us:place:1758447,Pekin city,municipality,us,IL,1758447,,,,,"Pekin|Pekin, IL",us_places.csv,
us:place:1759000,Peoria city,municipality,us,IL,1759000,,,,,City of Peoria,us_places.csv,
us:place:1760287,Plainfield village,municipality,us,IL,1760287,,,,,Plainfield,us_places.csv,
us:place:1764421,Riverside village,municipality,us,IL,1764421,,,,,"Riverside, IL",us_places.csv,
us:place:1765000,Rockford city,municipality,us,IL,1765000,,,,,"Rockford, IL",us_places.csv,
us:place:1770122,Skokie village,municipality,us,IL,1770122,,,,,"Skokie, IL|Village of Skokie, IL",us_places.csv,
us:place:1776935,University Park village,municipality,us,IL,1776935,,,,,Village Of University Park,us_places.csv,
us:place:1777005,Urbana city,municipality,us,IL,1777005,,,,,"Urbana, IL",us_places.csv,
us:place:1780047,Westchester village,municipality,us,IL,1780047,,,,,"Westchester, IL",us_places.csv,
us:place:1781048,Wheaton city,municipality,us,IL,1781048,,,,,"Wheaton, IL",us_places.csv,
us:place:1782530,Winnetka village,municipality,us,IL,1782530,,,,,"Winnetka, IL",us_places.csv,
us:place:1783349,Woodstock city,municipality,us,IL,1783349,,,,,"City of Woodstock, IL",us_places.csv,
us:place:1801468,Anderson city,municipality,us,IN,1801468,,,,,"Anderson, IN|City of Anderson, IN",us_places.csv,
us:place:1802908,Avon town,municipality,us,IN,1802908,,,,,"Avon, IN",us_places.csv,
us:place:1806220,Bluffton city,municipality,us,IN,1806220,,,,,"Bluffton, IN",us_places.csv,
us:place:1807750,Bristol town,municipality,us,IN,1807750,,,,,"Bristol, IN|Town of Bristol",us_places.csv,
us:place:1808416,Brownsburg town,municipality,us,IN,1808416,,,,,"Brownsburg, IN",us_places.csv,
us:place:1810342,Carmel city,municipality,us,IN,1810342,,,,,"Carmel, IN",us_places.csv,
us:place:1812124,Charlestown city,municipality,us,IN,1812124,,,,,"Charlestown, IN",us_places.csv,
us:place:1814734,Columbus city,municipality,us,IN,1814734,,,,,"City of Columbus, IN",us_places.csv,
us:place:1836003,Indianapolis city (balance),municipality,us,IN,1836003,,,,,"City of Indianapolis, IN",us_places.csv,
us:place:1840788,Lafayette city,municipality,us,IN,1840788,,,,,"City of Lafayette, IN|Lafayette, IN",us_places.csv,
us:place:1845990,Madison city,municipality,us,IN,1845990,,,,,"Madison, IN",us_places.csv,
us:place:1852776,New Chicago town,municipality,us,IN,1852776,,,,,"New Chicago, IN",us_places.csv,
us:place:1861092,Portage city,municipality,us,IN,1861092,,,,,"City of Portage|Portage, IN",us_places.csv,
us:place:1869318,Shelbyville city,municipality,us,IN,1869318,,,,,"Shelbyville, IN",us_places.csv,
us:place:1871000,South Bend city,municipality,us,IN,1871000,,,,,"City of South Bend, IN",us_places.csv,
us:place:1885184,Woodburn city,municipality,us,IN,1885184,,,,,"City of Woodburn, IN|Woodburn, IN",us_places.csv,
us:place:1886372,Zionsville town,municipality,us,IN,1886372,,,,,"Town of Zionsville, IN|Zionsville, IN",us_places.csv,
us:place:1912000,Cedar Rapids city,municipality,us,IA,1912000,,,,,"Cedar Rapids, IA",us_places.csv,
us:place:1916230,Coralville city,municipality,us,IA,1916230,,,,,"City of Coralville, IA|Coralville, IA",us_places.csv,
us:place:1916860,Council Bluffs city,municipality,us,IA,1916860,,,,,"Council Bluffs, IA",us_places.csv,
us:place:1919000,Davenport city,municipality,us,IA,1919000,,,,,"Davenport, IA",us_places.csv,
us:place:1922395,Dubuque city,municipality,us,IA,1922395,,,,,"City of Dubuque, IA|Dubuque , IA|Dubuque, IA",us_places.csv,
us:place:1933465,Guttenberg city,municipality,us,IA,1933465,,,,,City of Guttenberg,us_places.csv,
us:place:1935265,Hawarden city,municipality,us,IA,1935265,,,,,"City of Hawarden|Hawarden, IA",us_places.csv,
us:place:1938100,Independence city,municipality,us,IA,1938100,,,,,"Independence, IA",us_places.csv,
us:place:1949215,Maquoketa city,municipality,us,IA,1949215,,,,,"City of Maquoketa, IA|Maquoketa, IA",us_places.csv,
us:place:1950160,Mason City city,municipality,us,IA,1950160,,,,,"Mason City, IA",us_places.csv,
us:place:1960555,Owasa city,municipality,us,IA,1960555,,,,,"Owasa, IA",us_places.csv,
us:place:1971625,Sergeant Bluff city,municipality,us,IA,1971625,,,,,"City of Sergeant Bluff, IA",us_places.csv,
us:place:1973335,Sioux City city,municipality,us,IA,1973335,,,,,"City of Sioux City, IA",us_places.csv,
us:place:1978285,Tipton city,municipality,us,IA,1978285,,,,,"City of Tipton, IA|Tipton, IA",us_places.csv,
us:place:1980580,Ventura city,municipality,us,IA,1980580,,,,,City of Ventura,us_places.csv,
us:place:1982695,Waukee city,municipality,us,IA,1982695,,,,,"Waukee, IA",us_places.csv,
us:place:1986520,Winterset city,municipality,us,IA,1986520,,,,,"City of Winterset, IA|Winterset, IA",us_places.csv,
us:place:2001800,Andover city,municipality,us,KS,2001800,,,,,Andover,us_places.csv,
us:place:2004400,Basehor city,municipality,us,KS,2004400,,,,,"Basehor, KS|City of Basehor, KS",us_places.csv,
us:place:2005337,Bel Aire city,municipality,us,KS,2005337,,,,,"Bel Aire, KS|City of Bel Aire, KS",us_places.csv,
us:place:2017800,Derby city,municipality,us,KS,2017800,,,,,"Derby, KS",us_places.csv,
us:place:2020075,El Dorado city,municipality,us,KS,2020075,,,,,Eldorado,us:place (spacing-insensitive match),
us:place:2021275,Emporia city,municipality,us,KS,2021275,,,,,"Emporia, KS",us_places.csv,
us:place:2026725,Goddard city,municipality,us,KS,2026725,,,,,"City of Goddard, KS",us_places.csv,
us:place:2031100,Hays city,municipality,us,KS,2031100,,,,,"Hays, KS",us_places.csv,
us:place:2033875,Independence city,municipality,us,KS,2033875,,,,,"Independence|Independence, KS",us_places.csv,
us:place:2034300,Iola city,municipality,us,KS,2034300,,,,,"City of Iola, KS|Iola, KS",us_places.csv,
us:place:2035750,Junction City city,municipality,us,KS,2035750,,,,,"Junction City, KS",us_places.csv,
us:place:2036225,Kechi city,municipality,us,KS,2036225,,,,,"City of Kechi, KS",us_places.csv,
us:place:2038900,Lawrence city,municipality,us,KS,2038900,,,,,City of Lawrence,us_places.csv,
us:place:2039075,Leawood city,municipality,us,KS,2039075,,,,,City of Leawood,us_places.csv,
us:place:2039350,Lenexa city,municipality,us,KS,2039350,,,,,"Lenexa, KS",us_places.csv,
us:place:2052575,Olathe city,municipality,us,KS,2052575,,,,,"City of Olathe|City of Olathe, KS|Olathe, KS",us_places.csv,
us:place:2053225,Osawatomie city,municipality,us,KS,2053225,,,,,"City of Osawatomie, KS|Osawatomie, KS",us_places.csv,
us:place:2053550,Ottawa city,municipality,us,KS,2053550,,,,,"City of Ottawa, KS",us_places.csv,
us:place:2053775,Overland Park city,municipality,us,KS,2053775,,,,,"Overland Park, KS",us_places.csv,
us:place:2057625,Pratt city,municipality,us,KS,2057625,,,,,"City of Pratt|Pratt, KS",us_places.csv,
us:place:2063800,Sedgwick city,municipality,us,KS,2063800,,,,,"Sedgwick, KS",us_places.csv,
us:place:2067625,Spring Hill city,municipality,us,KS,2067625,,,,,"City of Spring Hill, KS",us_places.csv,
us:place:2079000,Wichita city,municipality,us,KS,2079000,,,,,"City of Wichita, KS|Wichita, KS",us_places.csv,
us:place:2123968,Edmonton city,municipality,us,KY,2123968,,,,,"Edmonton|Edmonton, KY",us_places.csv,
us:place:2125300,Erlanger city,municipality,us,KY,2125300,,,,,"City Of Erlanger, KY",us_places.csv,
us:place:2135866,Henderson city,municipality,us,KY,2135866,,,,,Henderson,us_places.csv,
us:place:2148006,Louisville/Jefferson County metro government (balance),municipality,us,KY,2148006,,,,,"City of Louisville|Louisville|Louisville Metro|Louisville, KY|Louisville/Jefferson County",curated_alias,"Consolidated city-county. Census keys it as a place with the '(balance)' suffix; the separate 'Louisville city' row (2148000) is FUNCSTAT N, the defunct pre-merger government, and is deliberately excluded from us_places.csv."
us:place:2205000,Baton Rouge city,municipality,us,LA,2205000,,,,,"Baton Rouge, LA",us_places.csv,
us:place:2208920,Bossier City city,municipality,us,LA,2208920,,,,,"Bossier City, LA",us_places.csv,
us:place:2255000,New Orleans city,municipality,us,LA,2255000,,,,,"City of New Orleans, LA",us_places.csv,
us:place:2273640,Sulphur city,municipality,us,LA,2273640,,,,,"Sulphur|Sulphur, LA",us_places.csv,
us:place:2303950,Belfast city,municipality,us,ME,2303950,,,,,"Belfast, ME",us_places.csv,
us:place:2304860,Biddeford city,municipality,us,ME,2304860,,,,,"Biddeford, ME",us_places.csv,
us:place:2321730,Eastport city,municipality,us,ME,2321730,,,,,"Eastport, ME",us_places.csv,
us:place:2338740,Lewiston city,municipality,us,ME,2338740,,,,,"Lewiston, ME",us_places.csv,
us:place:2360545,Portland city,municipality,us,ME,2360545,,,,,Portland,us_places.csv,
us:place:2363590,Rockland city,municipality,us,ME,2363590,,,,,"Rockland, ME",us_places.csv,
us:place:2401600,Annapolis city,municipality,us,MD,2401600,,,,,City of Annapolis,us_places.csv,
us:place:2404000,Baltimore city,municipality,us,MD,2404000,,,,,"Baltimore, MD",us_places.csv,
us:place:2406925,Berwyn Heights town,municipality,us,MD,2406925,,,,,"Berwyn Heights, MD",us_places.csv,
us:place:2407850,Bladensburg town,municipality,us,MD,2407850,,,,,"Bladensburg, MD",us_places.csv,
us:place:2408775,Bowie city,municipality,us,MD,2408775,,,,,"City of Bowie, MD",us_places.csv,
us:place:2410900,Brunswick city,municipality,us,MD,2410900,,,,,"City of Brunswick, MD",us_places.csv,
us:place:2414950,Centreville town,municipality,us,MD,2414950,,,,,"Centreville, MD",us_places.csv,
us:place:2415925,Chesapeake Beach town,municipality,us,MD,2415925,,,,,"Chesapeake Beach, MD|Town of Chesapeake Beach, MD",us_places.csv,
us:place:2416550,Cheverly town,municipality,us,MD,2416550,,,,,"Cheverly, MD",us_places.csv,
us:place:2418750,College Park city,municipality,us,MD,2418750,,,,,"College Park, MD|The City of College Park, MD",us_places.csv,
us:place:2424475,Easton town,municipality,us,MD,2424475,,,,,Easton,us_places.csv,
us:place:2428725,Forest Heights town,municipality,us,MD,2428725,,,,,"Town of Forest Heights, MD",us_places.csv,
us:place:2430325,Frederick city,municipality,us,MD,2430325,,,,,City of Frederick,us_places.csv,
us:place:2430900,Frostburg city,municipality,us,MD,2430900,,,,,"City of Frostburg, MD|Frostburg, MD",us_places.csv,
us:place:2431175,Gaithersburg city,municipality,us,MD,2431175,,,,,"Gaithersburg, MD",us_places.csv,
us:place:2434775,Greenbelt city,municipality,us,MD,2434775,,,,,"City of Greenbelt, MD|Greenbelt, MD",us_places.csv,
us:place:2441250,Hyattsville city,municipality,us,MD,2441250,,,,,"City of Hyattsville, MD",us_places.csv,
us:place:2445750,La Plata town,municipality,us,MD,2445750,,,,,"La Plata, MD",us_places.csv,
us:place:2445900,Laurel city,municipality,us,MD,2445900,,,,,"Laurel, MD",us_places.csv,
us:place:2454275,Mount Rainier city,municipality,us,MD,2454275,,,,,"Mount Rainier, MD",us_places.csv,
us:place:2458225,Ocean City town,municipality,us,MD,2458225,,,,,"Ocean City, MD",us_places.csv,
us:place:2467675,Rockville city,municipality,us,MD,2467675,,,,,"City of Rockville|City of Rockville, MD",us_places.csv,
us:place:2476550,Sykesville town,municipality,us,MD,2476550,,,,,"Sykesville, MD",us_places.csv,
us:place:2476650,Takoma Park city,municipality,us,MD,2476650,,,,,"City of Takoma Park, MD|Takoma Park, MD",us_places.csv,
us:place:2477825,Thurmont town,municipality,us,MD,2477825,,,,,"City of Thurmont, MD",us_places.csv,
us:place:2479875,Upper Marlboro town,municipality,us,MD,2479875,,,,,"Upper Marlboro, MD",us_places.csv,
us:place:2505595,Beverly city,municipality,us,MA,2505595,,,,,"City of Beverly, MA",us_places.csv,
us:place:2507000,Boston city,municipality,us,MA,2507000,,,,,"Boston, MA|City of Boston, MA",us_places.csv,
us:place:2509000,Brockton city,municipality,us,MA,2509000,,,,,"Brockton|Brockton, MA|Port Colborne Resolution",us_places.csv,
us:place:2511000,Cambridge city,municipality,us,MA,2511000,,,,,"Cambridge|Cambridge City, MA|Cambridge, MA",us_places.csv,
us:place:2519365,Easthampton city,municipality,us,MA,2519365,,,,,"Easthampton, MA",us_places.csv,
us:place:2521990,Everett city,municipality,us,MA,2521990,,,,,"Everett, MA",us_places.csv,
us:place:2525485,Gardner city,municipality,us,MA,2525485,,,,,"Gardner, MA",us_places.csv,
us:place:2526150,Gloucester city,municipality,us,MA,2526150,,,,,"Gloucester, MA",us_places.csv,
us:place:2530840,Holyoke city,municipality,us,MA,2530840,,,,,"City of Holyoke, MA",us_places.csv,
us:place:2537875,Malden city,municipality,us,MA,2537875,,,,,"City of Malden, MA",us_places.csv,
us:place:2538715,Marlborough city,municipality,us,MA,2538715,,,,,"City of Marlborough, MA",us_places.csv,
us:place:2539835,Medford city,municipality,us,MA,2539835,,,,,"Medford, MA",us_places.csv,
us:place:2559105,Salem city,municipality,us,MA,2559105,,,,,"Salem, MA",us_places.csv,
us:place:2562535,Somerville city,municipality,us,MA,2562535,,,,,"City of Somerville, MA|Somerville",us_places.csv,
us:place:2603000,Ann Arbor city,municipality,us,MI,2603000,,,,,"City of Ann Arbor, MI",us_places.csv,
us:place:2612060,Burton city,municipality,us,MI,2612060,,,,,"Burton, MI|City of Burton",us_places.csv,
us:place:2622000,Detroit city,municipality,us,MI,2622000,,,,,"City of Detroit, MI|Detroit, MI",us_places.csv,
us:place:2622740,Douglas city,municipality,us,MI,2622740,,,,,"Douglas, MI",us_places.csv,
us:place:2624120,East Lansing city,municipality,us,MI,2624120,,,,,"City of East Lansing, MI",us_places.csv,
us:place:2634000,Grand Rapids city,municipality,us,MI,2634000,,,,,"Grand Rapids, MI",us_places.csv,
us:place:2640680,Inkster city,municipality,us,MI,2640680,,,,,"Inkster, MI",us_places.csv,
us:place:2642160,Kalamazoo city,municipality,us,MI,2642160,,,,,"City of Kalamazoo, MI",us_places.csv,
us:place:2647800,Lincoln Park city,municipality,us,MI,2647800,,,,,"City of Lincoln Park|Lincoln Park, MI",us_places.csv,
us:place:2656320,Muskegon city,municipality,us,MI,2656320,,,,,"Muskegon, MI",us_places.csv,
us:place:2665560,Portage city,municipality,us,MI,2665560,,,,,"Portage|Portage, MI",us_places.csv,
us:place:2665800,Port Hope village,municipality,us,MI,2665800,,,,,Port Hope,us_places.csv,
us:place:2668880,Riverview city,municipality,us,MI,2668880,,,,,City of Riverview|Riverview,us_places.csv,
us:place:2670520,Saginaw city,municipality,us,MI,2670520,,,,,"City of Saginaw, MI|Saginaw, MI",us_places.csv,
us:place:2672840,Shelby village,municipality,us,MI,2672840,,,,,"Shelby, MI",us_places.csv,
us:place:2674980,South Haven city,municipality,us,MI,2674980,,,,,"City of South Haven, MI",us_places.csv,
us:place:2676960,Sturgis city,municipality,us,MI,2676960,,,,,"City of Sturgis, MI|Sturgis, MI",us_places.csv,
us:place:2679000,Taylor city,municipality,us,MI,2679000,,,,,"City of Taylor, MI|Taylor, MI|Taylor, MI City",us_places.csv,
us:place:2684940,Wayne city,municipality,us,MI,2684940,,,,,"City of Wayne|Wayne, MI",us_places.csv,
us:place:2689140,Ypsilanti city,municipality,us,MI,2689140,,,,,"City of Ypsilanti, MI|Ypsilanti, MI",us_places.csv,
us:place:2701900,Apple Valley city,municipality,us,MN,2701900,,,,,"Apple Valley, MN",us_places.csv,
us:place:2704834,Belle Plaine city,municipality,us,MN,2704834,,,,,"Belle Plaine, MN",us_places.csv,
us:place:2706382,Blaine city,municipality,us,MN,2706382,,,,,"Blaine, MN|City of Blaine, MN",us_places.csv,
us:place:2707300,Brainerd city,municipality,us,MN,2707300,,,,,"Brainerd, MN",us_places.csv,
us:place:2707948,Brooklyn Center city,municipality,us,MN,2707948,,,,,"City of Brooklyn Center, MN",us_places.csv,
us:place:2707966,Brooklyn Park city,municipality,us,MN,2707966,,,,,"City of Brooklyn Park, MN",us_places.csv,
us:place:2708794,Burnsville city,municipality,us,MN,2708794,,,,,City of Burnsville,us_places.csv,
us:place:2709730,Cannon Falls city,municipality,us,MN,2709730,,,,,"Cannon Falls, MN",us_places.csv,
us:place:2710144,Carver city,municipality,us,MN,2710144,,,,,"City of Carver, MN",us_places.csv,
us:place:2710918,Chanhassen city,municipality,us,MN,2710918,,,,,"Chanhassen, MN",us_places.csv,
us:place:2712160,Cloquet city,municipality,us,MN,2712160,,,,,"Cloquet, MN",us_places.csv,
us:place:2712700,Columbia Heights city,municipality,us,MN,2712700,,,,,"Columbia Heights, MN",us_places.csv,
us:place:2713006,Cook city,municipality,us,MN,2713006,,,,,"Cook, MN",us_places.csv,
us:place:2713114,Coon Rapids city,municipality,us,MN,2713114,,,,,"Coon Rapids, MN",us_places.csv,
us:place:2713870,Crookston city,municipality,us,MN,2713870,,,,,"City of Crookston|Crookston, MN",us_places.csv,
us:place:2717000,Duluth city,municipality,us,MN,2717000,,,,,"City of Duluth|City of Duluth, MN",us_places.csv,
us:place:2717288,Eagan city,municipality,us,MN,2717288,,,,,"City of Eagan, MN",us_places.csv,
us:place:2717612,East Grand Forks city,municipality,us,MN,2717612,,,,,"City of East Grand Forks, MN",us_places.csv,
us:place:2718116,Eden Prairie city,municipality,us,MN,2718116,,,,,"City of Eden Prairie, MN",us_places.csv,
us:place:2718188,Edina city,municipality,us,MN,2718188,,,,,Edina,us_places.csv,
us:place:2721770,Forest Lake city,municipality,us,MN,2721770,,,,,"Forest Lake, MN",us_places.csv,
us:place:2730140,Hopkins city,municipality,us,MN,2730140,,,,,"Hopkins, MN",us_places.csv,
us:place:2732174,Jordan city,municipality,us,MN,2732174,,,,,"City of Jordan, MN",us_places.csv,
us:place:2739878,Mankato city,municipality,us,MN,2739878,,,,,"Mankato, MN",us_places.csv,
us:place:2740166,Maple Grove city,municipality,us,MN,2740166,,,,,"City of Maple Grove, MN|Maple Grove, MN",us_places.csv,
us:place:2743000,Minneapolis city,municipality,us,MN,2743000,,,,,"City of Minneapolis, MN|Minneapolis, MN",us_places.csv,
us:place:2743864,Moorhead city,municipality,us,MN,2743864,,,,,"Moorhead, MN",us_places.csv,
us:place:2745628,New Hope city,municipality,us,MN,2745628,,,,,"City of New Hope, MN",us_places.csv,
us:place:2745808,New Prague city,municipality,us,MN,2745808,,,,,"New Prague, MN",us_places.csv,
us:place:2746798,North Branch city,municipality,us,MN,2746798,,,,,"North Branch, MN",us_places.csv,
us:place:2746924,Northfield city,municipality,us,MN,2746924,,,,,City of Northfield,us_places.csv,
us:place:2748580,Orono city,municipality,us,MN,2748580,,,,,"City of Orono, MN|Orono, MN",us_places.csv,
us:place:2749012,Osseo city,municipality,us,MN,2749012,,,,,"City of Osseo, MN",us_places.csv,
us:place:2751388,Pipestone city,municipality,us,MN,2751388,,,,,"Pipestone, MN",us_places.csv,
us:place:2751730,Plymouth city,municipality,us,MN,2751730,,,,,City of Plymouth,us_places.csv,
us:place:2753620,Red Wing city,municipality,us,MN,2753620,,,,,"City of Red Wing, MN|Red Wing, MN",us_places.csv,
us:place:2754880,Rochester city,municipality,us,MN,2754880,,,,,"Rochester, MN",us_places.csv,
us:place:2755186,Rogers city,municipality,us,MN,2755186,,,,,"City of Rogers, MN",us_places.csv,
us:place:2755726,Rosemount city,municipality,us,MN,2755726,,,,,"Rosemount, MN",us_places.csv,
us:place:2757040,St. James city,municipality,us,MN,2757040,,,,,"St James, MN",us:place (spacing-insensitive match),
us:place:2757220,St. Louis Park city,municipality,us,MN,2757220,,,,,"St. Louis Park, MN",us_places.csv,
us:place:2759998,Shoreview city,municipality,us,MN,2759998,,,,,"Shoreview, MN",us_places.csv,
us:place:2762824,Stillwater city,municipality,us,MN,2762824,,,,,City of Stillwater,us_places.csv,
us:place:2763130,Strathcona city,municipality,us,MN,2763130,,,,,"Strathcona|Strathcona, MN",us_places.csv,
us:place:2767036,Victoria city,municipality,us,MN,2767036,,,,,"City of Victoria, MN",us_places.csv,
us:place:2771032,Winona city,municipality,us,MN,2771032,,,,,City of Winona|Winona,us_places.csv,
us:place:2803980,Bay St. Louis city,municipality,us,MS,2803980,,,,,"City of Bay St. Louis, MS",us_places.csv,
us:place:2808820,Brookhaven city,municipality,us,MS,2808820,,,,,"Brookhaven, MS",us_places.csv,
us:place:2836000,Jackson city,municipality,us,MS,2836000,,,,,"Jackson, MS",us_places.csv,
us:place:2854040,Olive Branch city,municipality,us,MS,2854040,,,,,"City of Olive Branch, MS|Olive Branch, MS",us_places.csv,
us:place:2908236,Brentwood city,municipality,us,MO,2908236,,,,,"Brentwood, MO",us_places.csv,
us:place:2908398,Bridgeton city,municipality,us,MO,2908398,,,,,"Bridgeton, MO",us_places.csv,
us:place:2914554,Claycomo village,municipality,us,MO,2914554,,,,,"Claycomo, MO",us_places.csv,
us:place:2915670,Columbia city,municipality,us,MO,2915670,,,,,"City of Columbia, MO",us_places.csv,
us:place:2917218,Crestwood city,municipality,us,MO,2917218,,,,,"City of Crestwood, MO",us_places.csv,
us:place:2917272,Creve Coeur city,municipality,us,MO,2917272,,,,,"Creve Coeur, MO",us_places.csv,
us:place:2924094,Festus city,municipality,us,MO,2924094,,,,,"Festus, MO",us_places.csv,
us:place:2926182,Fulton city,municipality,us,MO,2926182,,,,,"Fulton|Fulton, MO",us_places.csv,
us:place:2937592,Joplin city,municipality,us,MO,2937592,,,,,"City of Joplin, MO",us_places.csv,
us:place:2938000,Kansas City city,municipality,us,MO,2938000,,,,,"Kansas City|Kansas City, MO",us_places.csv,
us:place:2942032,Liberty city,municipality,us,MO,2942032,,,,,"Liberty, MO",us_places.csv,
us:place:2951572,Neosho city,municipality,us,MO,2951572,,,,,"Neosho, MO",us_places.csv,
us:place:2954650,Olivette city,municipality,us,MO,2954650,,,,,"City of Olivette, MO|Olivette, MO",us_places.csv,
us:place:2956288,Parkville city,municipality,us,MO,2956288,,,,,"Parkville, MO",us_places.csv,
us:place:2957404,Pickering city,municipality,us,MO,2957404,,,,,"City of Pickering|Pickering, MO",us_places.csv,
us:place:2960788,Raytown city,municipality,us,MO,2960788,,,,,"Raytown, MO",us_places.csv,
us:place:2964082,St. Charles city,municipality,us,MO,2964082,,,,,"St. Charles, MO",us_places.csv,
us:place:2965000,St. Louis city,municipality,us,MO,2965000,,,,,"Saint Louis, MO|St. Louis, MO",us_places.csv,
us:place:2971746,Sunset Hills city,municipality,us,MO,2971746,,,,,"City of Sunset Hills, MO|Sunset Hills, MO",us_places.csv,
us:place:2977092,Warrensburg city,municipality,us,MO,2977092,,,,,"Warrensburg, MO",us_places.csv,
us:place:2978442,Wentzville city,municipality,us,MO,2978442,,,,,"City of Wentzville, MO",us_places.csv,
us:place:2979882,Willard city,municipality,us,MO,2979882,,,,,"Willard, MO",us_places.csv,
us:place:3004975,Belgrade city,municipality,us,MT,3004975,,,,,"Belgrade, MT",us_places.csv,
us:place:3016600,Columbia Falls city,municipality,us,MT,3016600,,,,,"City of Columbia Falls, MT|Columbia Falls, MT",us_places.csv,
us:place:3050200,Missoula city,municipality,us,MT,3050200,,,,,"Missoula, MT",us_places.csv,
us:place:3061525,Red Lodge city,municipality,us,MT,3061525,,,,,"City of Red Lodge, MT|Red Lodge, MT",us_places.csv,
us:place:3079825,Whitefish city,municipality,us,MT,3079825,,,,,"City of Whitefish, MT|Whitefish, MT",us_places.csv,
us:place:3105350,Blair city,municipality,us,NE,3105350,,,,,"City of Blair, NE",us_places.csv,
us:place:3108605,Chadron city,municipality,us,NE,3108605,,,,,"Chadron, NE",us_places.csv,
us:place:3121415,Hastings city,municipality,us,NE,3121415,,,,,Hastings,us_places.csv,
us:place:3206500,Boulder City city,municipality,us,NV,3206500,,,,,"City of Boulder City, NV",us_places.csv,
us:place:3231900,Henderson city,municipality,us,NV,3231900,,,,,"Henderson, NV",us_places.csv,
us:place:3251800,North Las Vegas city,municipality,us,NV,3251800,,,,,"North Las Vegas, NV",us_places.csv,
us:place:3260600,Reno city,municipality,us,NV,3260600,,,,,"City of Reno, NV",us_places.csv,
us:place:3268400,Sparks city,municipality,us,NV,3268400,,,,,"City of Sparks, NV|Sparks, NV",us_places.csv,
us:place:3283730,West Wendover city,municipality,us,NV,3283730,,,,,"West Wendover, NV",us_places.csv,
us:place:3312900,Claremont city,municipality,us,NH,3312900,,,,,"Claremont, NH",us_places.csv,
us:place:3339300,Keene city,municipality,us,NH,3339300,,,,,Keene,us_places.csv,
us:place:3341300,Lebanon city,municipality,us,NH,3341300,,,,,"Lebanon, NH",us_places.csv,
us:place:3350260,Nashua city,municipality,us,NH,3350260,,,,,"Nashua|Nashua, NH",us_places.csv,
us:place:3362900,Portsmouth city,municipality,us,NH,3362900,,,,,"City of Portsmouth, NH",us_places.csv,
us:place:3406610,Boonton town,municipality,us,NJ,3406610,,,,,"Boonton, NJ",us_places.csv,
us:place:3422440,Fair Haven borough,municipality,us,NJ,3422440,,,,,Borough of Fair Haven,us_places.csv,
us:place:3422470,Fair Lawn borough,municipality,us,NJ,3422470,,,,,"Fair Lawn, NJ",us_places.csv,
us:place:3430570,Hawthorne borough,municipality,us,NJ,3430570,,,,,"Hawthorne, NJ",us_places.csv,
us:place:3431500,Highlands borough,municipality,us,NJ,3431500,,,,,"Highlands, NJ",us_places.csv,
us:place:3440020,Leonia borough,municipality,us,NJ,3440020,,,,,"Borough of Leonia, NJ",us_places.csv,
us:place:3441100,Lodi borough,municipality,us,NJ,3441100,,,,,"Lodi, NJ",us_places.csv,
us:place:3442510,Madison borough,municipality,us,NJ,3442510,,,,,"Madison, NJ",us_places.csv,
us:place:3451000,Newark city,municipality,us,NJ,3451000,,,,,"City of Newark, NJ",us_places.csv,
us:place:3451210,New Brunswick city,municipality,us,NJ,3451210,,,,,"City of New Brunswick, NJ",us_places.csv,
us:place:3451810,New Providence borough,municipality,us,NJ,3451810,,,,,"Borough of New Providence, NJ|New Providence, NJ",us_places.csv,
us:place:3453850,Oakland borough,municipality,us,NJ,3453850,,,,,"Oakland, NJ",us_places.csv,
us:place:3459190,Plainfield city,municipality,us,NJ,3459190,,,,,"City of Plainfield, NJ",us_places.csv,
us:place:3460090,Pompton Lakes borough,municipality,us,NJ,3460090,,,,,"Borough of Pompton Lakes, NJ",us_places.csv,
us:place:3460900,Princeton,municipality,us,NJ,3460900,,,,,"Princeton, NJ",us_places.csv,
us:place:3463000,Ridgewood village,municipality,us,NJ,3463000,,,,,"Ridgewood, NJ",us_places.csv,
us:place:3463150,Ringwood borough,municipality,us,NJ,3463150,,,,,"Ringwood, NJ",us_places.csv,
us:place:3464050,Rockaway borough,municipality,us,NJ,3464050,,,,,"Rockaway, NJ",us_places.csv,
us:place:3464590,Roseland borough,municipality,us,NJ,3464590,,,,,"Borough of Roseland, NJ|Roseland, NJ",us_places.csv,
us:place:3466450,Seaside Heights borough,municipality,us,NJ,3466450,,,,,"Seaside Heights, NJ",us_places.csv,
us:place:3466570,Secaucus town,municipality,us,NJ,3466570,,,,,"Town of Secaucus, NJ",us_places.csv,
us:place:3468460,Somerville borough,municipality,us,NJ,3468460,,,,,"Somerville, NJ",us_places.csv,
us:place:3472420,Tenafly borough,municipality,us,NJ,3472420,,,,,"Tenafly Borough, NJ|Tenafly, NJ",us_places.csv,
us:place:3473020,Tinton Falls borough,municipality,us,NJ,3473020,,,,,"Tinton Falls, NJ",us_places.csv,
us:place:3479040,Westfield town,municipality,us,NJ,3479040,,,,,"Westfield|Westfield, NJ",us_places.csv,
us:place:3501780,Alamogordo city,municipality,us,NM,3501780,,,,,"City of Alamogordo, NM",us_places.csv,
us:place:3502000,Albuquerque city,municipality,us,NM,3502000,,,,,"City of Albuquerque, NM",us_places.csv,
us:place:3503400,Angel Fire village,municipality,us,NM,3503400,,,,,"Angel Fire, NM",us_places.csv,
us:place:3516420,Clovis city,municipality,us,NM,3516420,,,,,"City of Clovis, NM",us_places.csv,
us:place:3517960,Corrales village,municipality,us,NM,3517960,,,,,"Corrales, NM",us_places.csv,
us:place:3539380,Las Cruces city,municipality,us,NM,3539380,,,,,"City of Las Cruces, NM",us_places.csv,
us:place:3563460,Rio Rancho city,municipality,us,NM,3563460,,,,,"City of Rio Rancho, NM",us_places.csv,
us:place:3573260,Silver City town,municipality,us,NM,3573260,,,,,"Town of Silver City, NM.",us_places.csv,
us:place:3601000,Albany city,municipality,us,NY,3601000,,,,,"Albany, NY|City of Albany, NY",us_places.csv,
us:place:3602066,Amsterdam city,municipality,us,NY,3602066,,,,,"Amsterdam, NY|City of Amsterdam, NY",us_places.csv,
us:place:3603078,Auburn city,municipality,us,NY,3603078,,,,,"Auburn, NY",us_places.csv,
us:place:3604253,Ballston Spa village,municipality,us,NY,3604253,,,,,"Ballston Spa, NY",us_places.csv,
us:place:3612144,Canandaigua city,municipality,us,NY,3612144,,,,,"Canandaigua, NY",us_places.csv,
us:place:3616936,Cold Spring village,municipality,us,NY,3616936,,,,,"Cold Spring, NY",us_places.csv,
us:place:3617332,Colonie village,municipality,us,NY,3617332,,,,,"Colonie, NY",us_places.csv,
us:place:3618047,Cooperstown village,municipality,us,NY,3618047,,,,,Village of Cooperstown,us_places.csv,
us:place:3618388,Cortland city,municipality,us,NY,3618388,,,,,"Cortland, NY",us_places.csv,
us:place:3632402,Harrison village,municipality,us,NY,3632402,,,,,"Harrison|Harrison, NY",us_places.csv,
us:place:3635969,Hudson city,municipality,us,NY,3635969,,,,,"Hudson, NY",us_places.csv,
us:place:3650034,Newburgh city,municipality,us,NY,3650034,,,,,"Newburgh|Newburgh, NY",us_places.csv,
us:place:3650617,New Rochelle city,municipality,us,NY,3650617,,,,,"City of New Rochelle, NY",us_places.csv,
us:place:3651000,New York city,municipality,us,NY,3651000,,,,,"New York, NY",us_places.csv,
us:place:3651055,Niagara Falls city,municipality,us,NY,3651055,,,,,"City of Niagara Falls|City of Niagara Falls, NY",us_places.csv,
us:place:3654837,Oneida city,municipality,us,NY,3654837,,,,,"Oneida, NY",us_places.csv,
us:place:3656660,Patchogue village,municipality,us,NY,3656660,,,,,"Patchogue, NY|Village of Patchogue, NY",us_places.csv,
us:place:3656979,Peekskill city,municipality,us,NY,3656979,,,,,"City of Peekskill, NY|Peekskill, NY",us_places.csv,
us:place:3657001,Pelham village,municipality,us,NY,3657001,,,,,"PELHAM, NY",us_places.csv,
us:place:3659223,Port Chester village,municipality,us,NY,3659223,,,,,"Port Chester, NY",us_places.csv,
us:place:3660895,Red Hook village,municipality,us,NY,3660895,,,,,"Red Hook, NY",us_places.csv,
us:place:3664309,Rye city,municipality,us,NY,3664309,,,,,"Rye, NY",us_places.csv,
us:place:3664325,Rye Brook village,municipality,us,NY,3664325,,,,,"Village of Rye Brook, NY",us_places.csv,
us:place:3664452,Sagaponack village,municipality,us,NY,3664452,,,,,"Sagaponack Village, NY|Sagaponack, NY",us_places.csv,
us:place:3665431,Scarsdale village,municipality,us,NY,3665431,,,,,"Scarsdale, NY",us_places.csv,
us:place:3665508,Schenectady city,municipality,us,NY,3665508,,,,,"Schenectady, NY",us_places.csv,
us:place:3666993,Sherrill city,municipality,us,NY,3666993,,,,,"Sherrill, NY",us_places.csv,
us:place:3668462,Southampton village,municipality,us,NY,3668462,,,,,"Southampton|Southampton, NY",us_places.csv,
us:place:3675484,Troy city,municipality,us,NY,3675484,,,,,"City of Troy, NY|Troy, NY",us_places.csv,
us:place:3677376,Victor village,municipality,us,NY,3677376,,,,,"Victor, NY",us_places.csv,
us:place:3680181,Westhampton Beach village,municipality,us,NY,3680181,,,,,"Westhampton Beach, NY",us_places.csv,
us:place:3681677,White Plains city,municipality,us,NY,3681677,,,,,"White Plains, NY",us_places.csv,
us:place:3702140,Asheville city,municipality,us,NC,3702140,,,,,"City of Asheville, NC",us_places.csv,
us:place:3706500,Blowing Rock town,municipality,us,NC,3706500,,,,,"Blowing Rock, NC|Town of Blowing Rock, NC",us_places.csv,
us:place:3708960,Burgaw town,municipality,us,NC,3708960,,,,,"Burgaw, NC",us_places.csv,
us:place:3710500,Carolina Beach town,municipality,us,NC,3710500,,,,,"Carolina Beach, NC",us_places.csv,
us:place:3710620,Carrboro town,municipality,us,NC,3710620,,,,,"Town of Carrboro, NC",us_places.csv,
us:place:3710740,Cary town,municipality,us,NC,3710740,,,,,"Cary|Town of Cary, NC",us_places.csv,
us:place:3712000,Charlotte city,municipality,us,NC,3712000,,,,,"Charlotte, NC|City of Charlotte, NC",us_places.csv,
us:place:3712860,Clayton town,municipality,us,NC,3712860,,,,,"Clayton, NC",us_places.csv,
us:place:3719000,Durham city,municipality,us,NC,3719000,,,,,"City of Durham, NC|Durham, NC",us_places.csv,
us:place:3720120,Edenton town,municipality,us,NC,3720120,,,,,"Edenton, NC|Town of Edenton, NC",us_places.csv,
us:place:3721160,Emerald Isle town,municipality,us,NC,3721160,,,,,"Emerald Isle, NC|Town of Emerald Isle, NC",us_places.csv,
us:place:3722920,Fayetteville city,municipality,us,NC,3722920,,,,,"City of Fayetteville|City of Fayetteville, NC",us_places.csv,
us:place:3725300,Fuquay-Varina town,municipality,us,NC,3725300,,,,,"Town of Fuquay-Varina, NC",us_places.csv,
us:place:3725580,Gastonia city,municipality,us,NC,3725580,,,,,"City of Gastonia, NC",us_places.csv,
us:place:3728000,Greensboro city,municipality,us,NC,3728000,,,,,"City of Greensboro|City of Greensboro, NC",us_places.csv,
us:place:3730720,Hendersonville city,municipality,us,NC,3730720,,,,,"City of Hendersonville, NC|Hendersonville, NC",us_places.csv,
us:place:3731620,Hillsborough town,municipality,us,NC,3731620,,,,,"Hillsborough, NC",us_places.csv,
us:place:3732260,Holly Springs town,municipality,us,NC,3732260,,,,,Holly Springs,us_places.csv,
us:place:3733560,Indian Trail town,municipality,us,NC,3733560,,,,,"Indian Trail, NC",us_places.csv,
us:place:3734200,Jacksonville city,municipality,us,NC,3734200,,,,,"City of Jacksonville, NC",us_places.csv,
us:place:3735760,King city,municipality,us,NC,3735760,,,,,King,us_places.csv,
us:place:3737680,Leland town,municipality,us,NC,3737680,,,,,Town of Leland,us_places.csv,
us:place:3738060,Lexington city,municipality,us,NC,3738060,,,,,Lexington,us_places.csv,
us:place:3741720,Marvin village,municipality,us,NC,3741720,,,,,"Marvin|Marvin, NC",us_places.csv,
us:place:3743260,Mills River town,municipality,us,NC,3743260,,,,,"Mills River, NC|Town of Mills River, NC",us_places.csv,
us:place:3744220,Mooresville town,municipality,us,NC,3744220,,,,,"Mooresville, NC",us_places.csv,
us:place:3744520,Morrisville town,municipality,us,NC,3744520,,,,,"Morrisville, NC",us_places.csv,
us:place:3745880,Nags Head town,municipality,us,NC,3745880,,,,,"Nags Head, NC",us_places.csv,
us:place:3746340,New Bern city,municipality,us,NC,3746340,,,,,"New Bern, NC",us_places.csv,
us:place:3747880,North Wilkesboro town,municipality,us,NC,3747880,,,,,"North Wilkesboro, NC",us_places.csv,
us:place:3751940,Pinehurst village,municipality,us,NC,3751940,,,,,"Pinehurst, NC",us_places.csv,
us:place:3753820,Princeton town,municipality,us,NC,3753820,,,,,Town of Princeton,us_places.csv,
us:place:3755000,Raleigh city,municipality,us,NC,3755000,,,,,"City of Raleigh|City of Raleigh, NC|Raleigh",us_places.csv,
us:place:3757640,Rolesville town,municipality,us,NC,3757640,,,,,"Rolesville, NC",us_places.csv,
us:place:3763130,Southern Shores town,municipality,us,NC,3763130,,,,,"Southern Shores, NC",us_places.csv,
us:place:3766360,Swansboro town,municipality,us,NC,3766360,,,,,"Swansboro, NC",us_places.csv,
us:place:3766500,Sylva town,municipality,us,NC,3766500,,,,,"Sylva, NC",us_places.csv,
us:place:3768040,Topsail Beach town,municipality,us,NC,3768040,,,,,"Town of Topsail Beach, NC",us_places.csv,
us:place:3768500,Troutman town,municipality,us,NC,3768500,,,,,"Town of Troutman, NC",us_places.csv,
us:place:3771460,Waxhaw town,municipality,us,NC,3771460,,,,,"Town of Waxhaw, NC",us_places.csv,
us:place:3771500,Waynesville town,municipality,us,NC,3771500,,,,,Town of Waynesville,us_places.csv,
us:place:3771600,Webster town,municipality,us,NC,3771600,,,,,Town of Webster,us_places.csv,
us:place:3774440,Wilmington city,municipality,us,NC,3774440,,,,,"City of Wilmington|Wilmington|Wilmington, NC",us_places.csv,
us:place:3775000,Winston-Salem city,municipality,us,NC,3775000,,,,,"City of Lees Summit|City of Winston-Salem, NC",us_places.csv,
us:place:3807200,Bismarck city,municipality,us,ND,3807200,,,,,"Bismarck, ND",us_places.csv,
us:place:3816380,Courtenay city,municipality,us,ND,3816380,,,,,"Courtenay, ND",us_places.csv,
us:place:3825700,Fargo city,municipality,us,ND,3825700,,,,,"Fargo|Fargo, ND",us_places.csv,
us:place:3884780,West Fargo city,municipality,us,ND,3884780,,,,,"West Fargo, ND",us_places.csv,
us:place:3901000,Akron city,municipality,us,OH,3901000,,,,,"Akron, OH",us_places.csv,
us:place:3901798,Amherst city,municipality,us,OH,3901798,,,,,"Amherst, OH",us_places.csv,
us:place:3902736,Athens city,municipality,us,OH,3902736,,,,,"Athens, OH",us_places.csv,
us:place:3904500,Beachwood city,municipality,us,OH,3904500,,,,,"Beachwood, OH",us_places.csv,
us:place:3904720,Beavercreek city,municipality,us,OH,3904720,,,,,"City of Beavercreek, OH",us_places.csv,
us:place:3904878,Bedford city,municipality,us,OH,3904878,,,,,"Bedford, OH",us_places.csv,
us:place:3904920,Bedford Heights city,municipality,us,OH,3904920,,,,,"City of Bedford Heights, OH",us_places.csv,
us:place:3905102,Bellbrook city,municipality,us,OH,3905102,,,,,"Bellbrook, OH",us_places.csv,
us:place:3911332,Canal Winchester city,municipality,us,OH,3911332,,,,,"Canal Winchester, OH",us_places.csv,
us:place:3911360,Canfield city,municipality,us,OH,3911360,,,,,"Canfield, OH",us_places.csv,
us:place:3915000,Cincinnati city,municipality,us,OH,3915000,,,,,"Cincinnati, OH",us_places.csv,
us:place:3915210,Clarington village,municipality,us,OH,3915210,,,,,"Clarington|Clarington, OH",us_places.csv,
us:place:3918070,Commercial Point village,municipality,us,OH,3918070,,,,,"Commercial Point, OH",us_places.csv,
us:place:3922694,Dublin city,municipality,us,OH,3922694,,,,,"Dublin, OH",us_places.csv,
us:place:3925970,Fairfield city,municipality,us,OH,3925970,,,,,"City of Fairfield, OH",us_places.csv,
us:place:3926446,Fairview Park city,municipality,us,OH,3926446,,,,,"City of Fairview Park, OH|Fairview Park, OH",us_places.csv,
us:place:3928014,Fostoria city,municipality,us,OH,3928014,,,,,"Fostoria, OH",us_places.csv,
us:place:3929148,Galena village,municipality,us,OH,3929148,,,,,Village of Galena,us_places.csv,
us:place:3931860,Green city,municipality,us,OH,3931860,,,,,City of Green,us_places.csv,
us:place:3932592,Grove City city,municipality,us,OH,3932592,,,,,"Grove City, OH",us_places.csv,
us:place:3933012,Hamilton city,municipality,us,OH,3933012,,,,,"Hamilton, OH",us_places.csv,
us:place:3936610,Huber Heights city,municipality,us,OH,3936610,,,,,"Huber Heights, OH",us_places.csv,
us:place:3936651,Hudson city,municipality,us,OH,3936651,,,,,City of Hudson,us_places.csv,
us:place:3939872,Kent city,municipality,us,OH,3939872,,,,,"Kent, OH",us_places.csv,
us:place:3943554,Lima city,municipality,us,OH,3943554,,,,,"Lima, OH",us_places.csv,
us:place:3945094,Louisville city,municipality,us,OH,3945094,,,,,"Louisville, OH",us_places.csv,
us:place:3945108,Loveland city,municipality,us,OH,3945108,,,,,"Loveland, OH",us_places.csv,
us:place:3945276,Lucas village,municipality,us,OH,3945276,,,,,"Lucas, OH",us_places.csv,
us:place:3948160,Marysville city,municipality,us,OH,3948160,,,,,"Marysville, OH",us_places.csv,
us:place:3949056,Mentor city,municipality,us,OH,3949056,,,,,"Mentor, OH",us_places.csv,
us:place:3949434,Miamisburg city,municipality,us,OH,3949434,,,,,"Miamisburg, OH",us_places.csv,
us:place:3951310,Monroe city,municipality,us,OH,3951310,,,,,"Monroe, OH",us_places.csv,
us:place:3952010,Moraine city,municipality,us,OH,3952010,,,,,"City of Moraine, OH",us_places.csv,
us:place:3952052,Moreland Hills village,municipality,us,OH,3952052,,,,,"Village of Moreland Hills, OH",us_places.csv,
us:place:3953886,Nelsonville city,municipality,us,OH,3953886,,,,,"Nelsonville, OH",us_places.csv,
us:place:3953970,New Albany city,municipality,us,OH,3953970,,,,,"New Albany, OH",us_places.csv,
us:place:3954334,New Carlisle city,municipality,us,OH,3954334,,,,,City of New Carlisle,us_places.csv,
us:place:3954562,New Franklin city,municipality,us,OH,3954562,,,,,"City of New Franklin|New Franklin, OH",us_places.csv,
us:place:3956154,North Baltimore village,municipality,us,OH,3956154,,,,,"North Baltimore, OH",us_places.csv,
us:place:3956294,North Canton city,municipality,us,OH,3956294,,,,,"City of North Canton, OH",us_places.csv,
us:place:3957260,Norton city,municipality,us,OH,3957260,,,,,"City of Norton, OH|Norton, OH",us_places.csv,
us:place:3957834,Oberlin city,municipality,us,OH,3957834,,,,,"Oberlin, OH",us_places.csv,
us:place:3957918,Octa village,municipality,us,OH,3957918,,,,,"Octa, OH",us_places.csv,
us:place:3959234,Oxford city,municipality,us,OH,3959234,,,,,"City of Oxford, OH|Oxford, OH",us_places.csv,
us:place:3959416,Painesville city,municipality,us,OH,3959416,,,,,"Painesville, OH",us_places.csv,
us:place:3962148,Perrysburg city,municipality,us,OH,3962148,,,,,"Perrysburg, OH",us_places.csv,
us:place:3966390,Reynoldsburg city,municipality,us,OH,3966390,,,,,"Reynoldsburg, OH",us_places.csv,
us:place:3969680,St. Marys city,municipality,us,OH,3969680,,,,,City of St. Marys,us_places.csv,
us:place:3971682,Shaker Heights city,municipality,us,OH,3971682,,,,,"Shaker Heights, OH",us_places.csv,
us:place:3975602,Sunbury city,municipality,us,OH,3975602,,,,,"Sunbury, OH|Village of Galena",us_places.csv,
us:place:3976106,Tallmadge city,municipality,us,OH,3976106,,,,,"City of Tallmadge, OH|Tallmadge, OH",us_places.csv,
us:place:3977000,Toledo city,municipality,us,OH,3977000,,,,,City of Toledo,us_places.csv,
us:place:3978050,Twinsburg city,municipality,us,OH,3978050,,,,,"Twinsburg, OH",us_places.csv,
us:place:3979002,Upper Arlington city,municipality,us,OH,3979002,,,,,"Upper Arlington, OH",us_places.csv,
us:place:3979492,Vandalia city,municipality,us,OH,3979492,,,,,"City of Vandalia, OH",us_places.csv,
us:place:3983342,Westerville city,municipality,us,OH,3983342,,,,,"Westerville, OH",us_places.csv,
us:place:3984742,Whitehall city,municipality,us,OH,3984742,,,,,"Whitehall, OH",us_places.csv,
us:place:3985792,Wilmington city,municipality,us,OH,3985792,,,,,"Wilmington, OH",us_places.csv,
us:place:3986604,Worthington city,municipality,us,OH,3986604,,,,,"Worthington, OH",us_places.csv,
us:place:3986940,Yellow Springs village,municipality,us,OH,3986940,,,,,"Yellow Springs, OH",us_places.csv,
us:place:4001700,Altus city,municipality,us,OK,4001700,,,,,"Altus, OK",us_places.csv,
us:place:4004450,Bartlesville city,municipality,us,OK,4004450,,,,,"Bartlesville, OK",us_places.csv,
us:place:4009050,Broken Arrow city,municipality,us,OK,4009050,,,,,"City of Broken Arrow, OK",us_places.csv,
us:place:4023200,Edmond city,municipality,us,OK,4023200,,,,,"Edmond, OK",us_places.csv,
us:place:4023950,Enid city,municipality,us,OK,4023950,,,,,"City of Enid, OK",us_places.csv,
us:place:4037100,Inola town,municipality,us,OK,4037100,,,,,"Inola, OK",us_places.csv,
us:place:4037800,Jenks city,municipality,us,OK,4037800,,,,,"City of Jenks, OK|Jenks, OK",us_places.csv,
us:place:4041850,Lawton city,municipality,us,OK,4041850,,,,,"City of Lawton, OK|Lawton, OK",us_places.csv,
us:place:4055000,Oklahoma City city,municipality,us,OK,4055000,,,,,"City of Oklahoma City, OK",us_places.csv,
us:place:4061000,Pryor Creek city,municipality,us,OK,4061000,,,,,"City of Pryor Creek, OK|Pryor Creek, OK",us_places.csv,
us:place:4072100,Tahlequah city,municipality,us,OK,4072100,,,,,"City of Tahlequah, OK|Tahlequah, OK",us_places.csv,
us:place:4075000,Tulsa city,municipality,us,OK,4075000,,,,,"City of Tulsa, OK",us_places.csv,
us:place:4082950,Yukon city,municipality,us,OK,4082950,,,,,"Yukon, OK",us_places.csv,
us:place:4103650,Baker City city,municipality,us,OR,4103650,,,,,"Baker City, OR",us_places.csv,
us:place:4105800,Bend city,municipality,us,OR,4105800,,,,,"City of Bend, OR",us_places.csv,
us:place:4115350,Coquille city,municipality,us,OR,4115350,,,,,"City Of Coquille, OR|Coquille, OR",us_places.csv,
us:place:4118250,Dayton city,municipality,us,OR,4118250,,,,,"City of Dayton, OR",us_places.csv,
us:place:4119100,Detroit city,municipality,us,OR,4119100,,,,,"Detroit, OR",us_places.csv,
us:place:4126050,Florence city,municipality,us,OR,4126050,,,,,"City of Florence|Florence, OR",us_places.csv,
us:place:4126200,Forest Grove city,municipality,us,OR,4126200,,,,,"Forest Grove , OR|Forest Grove, OR",us_places.csv,
us:place:4128450,Gearhart city,municipality,us,OR,4128450,,,,,"Gearhart, OR",us_places.csv,
us:place:4131250,Gresham city,municipality,us,OR,4131250,,,,,"City of Gresham|Gresham, OR",us_places.csv,
us:place:4131750,Halsey city,municipality,us,OR,4131750,,,,,"Halsey, OR",us_places.csv,
us:place:4132050,Happy Valley city,municipality,us,OR,4132050,,,,,"Happy Valley, OR",us_places.csv,
us:place:4138500,Keizer city,municipality,us,OR,4138500,,,,,"Keizer, OR",us_places.csv,
us:place:4140350,La Grande city,municipality,us,OR,4140350,,,,,"La Grande, OR",us_places.csv,
us:place:4141050,La Pine city,municipality,us,OR,4141050,,,,,"City of La Pine, OR",us_places.csv,
us:place:4141650,Lebanon city,municipality,us,OR,4141650,,,,,"Lebanon|Lebanon, OR",us_places.csv,
us:place:4142600,Lincoln City city,municipality,us,OR,4142600,,,,,"Lincoln City, OR",us_places.csv,
us:place:4145250,Madras city,municipality,us,OR,4145250,,,,,"City of Madras, OR|Madras, OR",us_places.csv,
us:place:4148300,Millersburg city,municipality,us,OR,4148300,,,,,"City of Millersburg|Millersburg, OR",us_places.csv,
us:place:4149600,Monroe city,municipality,us,OR,4149600,,,,,"Monroe, OR",us_places.csv,
us:place:4152100,Newberg city,municipality,us,OR,4152100,,,,,"City of Newberg, OR",us_places.csv,
us:place:4155200,Oregon City city,municipality,us,OR,4155200,,,,,"Oregon City, OR",us_places.csv,
us:place:4159850,Prineville city,municipality,us,OR,4159850,,,,,"City of Prineville, OR|Prineville, OR",us_places.csv,
us:place:4161200,Redmond city,municipality,us,OR,4161200,,,,,"Redmond, OR",us_places.csv,
us:place:4165250,Sandy city,municipality,us,OR,4165250,,,,,"City of Sandy, OR",us_places.csv,
us:place:4165500,Scappoose city,municipality,us,OR,4165500,,,,,"City of Scappoose, OR|Scappoose, OR",us_places.csv,
us:place:4165950,Seaside city,municipality,us,OR,4165950,,,,,"Seaside, OR",us_places.csv,
us:place:4173700,Tillamook city,municipality,us,OR,4173700,,,,,"Tillamook, OR",us_places.csv,
us:place:4180150,West Linn city,municipality,us,OR,4180150,,,,,"West Linn, OR",us_places.csv,
us:place:4202264,Ambler borough,municipality,us,PA,4202264,,,,,"Ambler, PA",us_places.csv,
us:place:4216256,Cornwall borough,municipality,us,PA,4216256,,,,,"City of Cornwall|Cornwall|Cornwall, PA",us_places.csv,
us:place:4219576,Dormont borough,municipality,us,PA,4219576,,,,,"Dormont Borough, PA",us_places.csv,
us:place:4221648,Easton city,municipality,us,PA,4221648,,,,,"City of Easton|Easton, PA",us_places.csv,
us:place:4228960,Gettysburg borough,municipality,us,PA,4228960,,,,,"Gettysburg, PA",us_places.csv,
us:place:4237955,Jefferson Hills borough,municipality,us,PA,4237955,,,,,"Borough of Jefferson Hills, PA|Jefferson Hills, PA",us_places.csv,
us:place:4243816,Lititz borough,municipality,us,PA,4243816,,,,,"Lititz, PA",us_places.csv,
us:place:4246792,Malvern borough,municipality,us,PA,4246792,,,,,Malvern Borough,us_places.csv,
us:place:4248480,Media borough,municipality,us,PA,4248480,,,,,"Media Borough|Media Borough, PA",us_places.csv,
us:place:4250528,Monroeville municipality,municipality,us,PA,4250528,,,,,"Monroeville, PA",us_places.csv,
us:place:4254184,Newtown borough,municipality,us,PA,4254184,,,,,"Newtown, PA",us_places.csv,
us:place:4254656,Norristown borough,municipality,us,PA,4254656,,,,,"Norristown, PA",us_places.csv,
us:place:4261000,Pittsburgh city,municipality,us,PA,4261000,,,,,"City of Pittsburgh, PA",us_places.csv,
us:place:4273808,State College borough,municipality,us,PA,4273808,,,,,State College Borough,us_places.csv,
us:place:4275816,Swissvale borough,municipality,us,PA,4275816,,,,,"Swissvale, PA",us_places.csv,
us:place:4422960,East Providence city,municipality,us,RI,4422960,,,,,"East Providence, RI",us_places.csv,
us:place:4449960,Newport city,municipality,us,RI,4449960,,,,,"City of Newport, RI",us_places.csv,
us:place:4459000,Providence city,municipality,us,RI,4459000,,,,,City of Providence,us_places.csv,
us:place:4480780,Woonsocket city,municipality,us,RI,4480780,,,,,City of Woonsocket,us_places.csv,
us:place:4500550,Aiken city,municipality,us,SC,4500550,,,,,"Aiken, SC",us_places.csv,
us:place:4504690,Beaufort city,municipality,us,SC,4504690,,,,,"Beaufort|Beaufort, SC",us_places.csv,
us:place:4507210,Bluffton town,municipality,us,SC,4507210,,,,,"Beaufort County, SC",us_places.csv,
us:place:4514950,Clemson city,municipality,us,SC,4514950,,,,,"Clemson, SC",us_places.csv,
us:place:4515295,Clinton city,municipality,us,SC,4515295,,,,,"Clinton|Clinton, SC",us_places.csv,
us:place:4525810,Florence city,municipality,us,SC,4525810,,,,,"Florence, SC",us_places.csv,
us:place:4526890,Fort Mill town,municipality,us,SC,4526890,,,,,"Fort Mill, SC",us_places.csv,
us:place:4527070,Fountain Inn city,municipality,us,SC,4527070,,,,,"City of Fountain Inn, SC|Fountain Inn, SC",us_places.csv,
us:place:4534495,Hollywood town,municipality,us,SC,4534495,,,,,"Hollywood|Hollywood, SC",us_places.csv,
us:place:4536430,James Island town,municipality,us,SC,4536430,,,,,"James Island, SC",us_places.csv,
us:place:4541335,Lexington town,municipality,us,SC,4541335,,,,,"Lexington, SC",us_places.csv,
us:place:4551280,North Myrtle Beach city,municipality,us,SC,4551280,,,,,"City of North Myrtle Beach, SC|North Myrtle Beach, SC",us_places.csv,
us:place:4568290,Spartanburg city,municipality,us,SC,4568290,,,,,"Spartanburg, SC",us_places.csv,
us:place:4570585,Surfside Beach town,municipality,us,SC,4570585,,,,,Town of Surfside Beach,us_places.csv,
us:place:4607580,Brookings city,municipality,us,SD,4607580,,,,,"City of Brookings, SD",us_places.csv,
us:place:4615980,Dell Rapids city,municipality,us,SD,4615980,,,,,"City of Dell Rapids, SD",us_places.csv,
us:place:4621540,Flandreau city,municipality,us,SD,4621540,,,,,"Flandreau, SD",us_places.csv,
us:place:4635820,Langford town,municipality,us,SD,4635820,,,,,City of Langford|Langford,us_places.csv,
us:place:4640220,Madison city,municipality,us,SD,4640220,,,,,"Madison|Madison, SD",us_places.csv,
us:place:4643100,Mitchell city,municipality,us,SD,4643100,,,,,"Mitchell, SD",us_places.csv,
us:place:4649600,Pierre city,municipality,us,SD,4649600,,,,,"Pierre, SD",us_places.csv,
us:place:4659020,Sioux Falls city,municipality,us,SD,4659020,,,,,"Sioux Falls, SD",us_places.csv,
us:place:4660020,Spearfish city,municipality,us,SD,4660020,,,,,"City of Spearfish, SD|Spearfish, SD",us_places.csv,
us:place:4662100,Sturgis city,municipality,us,SD,4662100,,,,,City of Sturgis,us_places.csv,
us:place:4666700,Vermillion city,municipality,us,SD,4666700,,,,,"Vermillion, SD",us_places.csv,
us:place:4671380,White Rock town,municipality,us,SD,4671380,,,,,City of White Rock,us_places.csv,
us:place:4703440,Bartlett city,municipality,us,TN,4703440,,,,,"City of Bartlett, TN",us_places.csv,
us:place:4704620,Belle Meade city,municipality,us,TN,4704620,,,,,"Belle Meade, TN",us_places.csv,
us:place:4707860,Bradford town,municipality,us,TN,4707860,,,,,Town of Bradford,us_places.csv,
us:place:4708280,Brentwood city,municipality,us,TN,4708280,,,,,"Brentwood, TN",us_places.csv,
us:place:4715160,Clarksville city,municipality,us,TN,4715160,,,,,"Clarksville, TN",us_places.csv,
us:place:4716540,Columbia city,municipality,us,TN,4716540,,,,,"Columbia|Columbia, TN",us_places.csv,
us:place:4716920,Cookeville city,municipality,us,TN,4716920,,,,,"City of Cookeville, TN",us_places.csv,
us:place:4722200,Dyersburg city,municipality,us,TN,4722200,,,,,"Dyersburg, TN",us_places.csv,
us:place:4724320,Erin city,municipality,us,TN,4724320,,,,,"Erin, TN|Town of Erin",us_places.csv,
us:place:4725440,Fairview city,municipality,us,TN,4725440,,,,,"Fairview, TN",us_places.csv,
us:place:4727740,Franklin city,municipality,us,TN,4727740,,,,,Franklin,us_places.csv,
us:place:4728960,Germantown city,municipality,us,TN,4728960,,,,,City of Germantown,us_places.csv,
us:place:4733280,Hendersonville city,municipality,us,TN,4733280,,,,,"City of Hendersonville, TN|Hendersonville, TN",us_places.csv,
us:place:4739560,Kingsport city,municipality,us,TN,4739560,,,,,"Kingsport, TN",us_places.csv,
us:place:4740000,Knoxville city,municipality,us,TN,4740000,,,,,"City of Knoxville|Knoxville, TN",us_places.csv,
us:place:4740350,Lakeland city,municipality,us,TN,4740350,,,,,"Lakeland, TN",us_places.csv,
us:place:4748000,Memphis city,municipality,us,TN,4748000,,,,,"City of Memphis, TN|Memphis, TN",us_places.csv,
us:place:4748980,Millersville city,municipality,us,TN,4748980,,,,,"Millersville, TN",us_places.csv,
us:place:4750580,Mount Carmel town,municipality,us,TN,4750580,,,,,"Mount Carmel, TN",us_places.csv,
us:place:4750780,Mount Juliet city,municipality,us,TN,4750780,,,,,"Mt Juliet City, TN",us_places.csv,
us:place:4751080,Mount Pleasant city,municipality,us,TN,4751080,,,,,"Mt Pleasant, TN",us_places.csv,
us:place:4752006,Nashville-Davidson metropolitan government (balance),municipality,us,TN,4752006,,,,,"City of Nashville|Metropolitan Government of Nashville and Davidson County|Nashville|Nashville-Davidson|Nashville-Davidson County, TN",curated_alias,"Consolidated city-county. Both real archived tenants ('Nashville' and 'Nashville-Davidson County, TN') must land here; before this they minted two different rtr: ids for one government."
us:place:4753460,Nolensville town,municipality,us,TN,4753460,,,,,"Nolensville, TN",us_places.csv,
us:place:4754780,Oak Hill city,municipality,us,TN,4754780,,,,,"Oak Hill, TN",us_places.csv,
us:place:4760280,Portland city,municipality,us,TN,4760280,,,,,"Portland|Portland, TN",us_places.csv,
us:place:4769420,Smyrna town,municipality,us,TN,4769420,,,,,"Smyrna, TN",us_places.csv,
us:place:4770500,Springfield city,municipality,us,TN,4770500,,,,,"Springfield, TN",us_places.csv,
us:place:4770580,Spring Hill city,municipality,us,TN,4770580,,,,,"Spring Hill, TN",us_places.csv,
us:place:4801000,Abilene city,municipality,us,TX,4801000,,,,,"Abilene, TX",us_places.csv,
us:place:4801240,Addison town,municipality,us,TX,4801240,,,,,"Addison, TX",us_places.csv,
us:place:4801924,Allen city,municipality,us,TX,4801924,,,,,"Allen, TX",us_places.csv,
us:place:4802284,Alvord town,municipality,us,TX,4802284,,,,,"Alvord, TX",us_places.csv,
us:place:4803000,Amarillo city,municipality,us,TX,4803000,,,,,"Amarillo, TX",us_places.csv,
us:place:4803264,Angleton city,municipality,us,TX,4803264,,,,,"Angleton, TX",us_places.csv,
us:place:4803300,Anna city,municipality,us,TX,4803300,,,,,"Anna, TX",us_places.csv,
us:place:4803768,Argyle city,municipality,us,TX,4803768,,,,,"Argyle, TX",us_places.csv,
us:place:4805000,Austin city,municipality,us,TX,4805000,,,,,"Austin, TX",us_places.csv,
us:place:4805984,Bay City city,municipality,us,TX,4805984,,,,,"Bay City, TX",us_places.csv,
us:place:4806128,Baytown city,municipality,us,TX,4806128,,,,,"Baytown, TX",us_places.csv,
us:place:4807000,Beaumont city,municipality,us,TX,4807000,,,,,"Beaumont, TX",us_places.csv,
us:place:4807132,Bedford city,municipality,us,TX,4807132,,,,,"Bedford, TX",us_places.csv,
us:place:4807156,Bee Cave city,municipality,us,TX,4807156,,,,,"Bee Cave, TX",us_places.csv,
us:place:4807300,Bellaire city,municipality,us,TX,4807300,,,,,"Bellaire, TX|City of Bellaire",us_places.csv,
us:place:4807408,Bellmead city,municipality,us,TX,4807408,,,,,"Bellmead, TX",us_places.csv,
us:place:4807552,Benbrook city,municipality,us,TX,4807552,,,,,"Benbrook, TX",us_places.csv,
us:place:4808236,Big Spring city,municipality,us,TX,4808236,,,,,"Big Spring, TX",us_places.csv,
us:place:4809160,Boerne city,municipality,us,TX,4809160,,,,,"Boerne, TX",us_places.csv,
us:place:4809556,Borger city,municipality,us,TX,4809556,,,,,"City of Borger, TX",us_places.csv,
us:place:4809640,Bowie city,municipality,us,TX,4809640,,,,,City of Bowie,us_places.csv,
us:place:4810132,Breckenridge city,municipality,us,TX,4810132,,,,,"Breckenridge, TX|City of Breckenridge, TX",us_places.csv,
us:place:4810912,Bryan city,municipality,us,TX,4810912,,,,,"Bryan, TX|City of Bryan, TX",us_places.csv,
us:place:4811080,Buda city,municipality,us,TX,4811080,,,,,"City of Buda, TX",us_places.csv,
us:place:4811428,Burleson city,municipality,us,TX,4811428,,,,,"Burleson, TX",us_places.csv,
us:place:4813024,Carrollton city,municipality,us,TX,4813024,,,,,"Carrollton, TX|City of Carrollton",us_places.csv,
us:place:4813492,Cedar Hill city,municipality,us,TX,4813492,,,,,"Cedar Hill, TX",us_places.csv,
us:place:4813552,Cedar Park city,municipality,us,TX,4813552,,,,,"Cedar Park, TX|City of Cedar Park, TX",us_places.csv,
us:place:4813684,Celina city,municipality,us,TX,4813684,,,,,"Celina, TX",us_places.csv,
us:place:4815364,Cleburne city,municipality,us,TX,4815364,,,,,"Cleburne, TX",us_places.csv,
us:place:4815976,College Station city,municipality,us,TX,4815976,,,,,"College Station, TX",us_places.csv,
us:place:4815988,Colleyville city,municipality,us,TX,4815988,,,,,"Colleyville, TX",us_places.csv,
us:place:4816432,Conroe city,municipality,us,TX,4816432,,,,,"Conroe, TX",us_places.csv,
us:place:4816468,Converse city,municipality,us,TX,4816468,,,,,City of Converse,us_places.csv,
us:place:4816564,Cooper city,municipality,us,TX,4816564,,,,,"Cooper, TX",us_places.csv,
us:place:4816612,Coppell city,municipality,us,TX,4816612,,,,,"City of Coppell, TX",us_places.csv,
us:place:4816696,Corinth city,municipality,us,TX,4816696,,,,,"Corinth, TX",us_places.csv,
us:place:4817000,Corpus Christi city,municipality,us,TX,4817000,,,,,"City of Corpus Christi, TX",us_places.csv,
us:place:4818524,Dalhart city,municipality,us,TX,4818524,,,,,"City of Dalhart, TX",us_places.csv,
us:place:4819000,Dallas city,municipality,us,TX,4819000,,,,,"Dallas, TX",us_places.csv,
us:place:4819528,Decatur city,municipality,us,TX,4819528,,,,,"Decatur, TX",us_places.csv,
us:place:4819624,Deer Park city,municipality,us,TX,4819624,,,,,"City of Deer Park, TX",us_places.csv,
us:place:4819792,Del Rio city,municipality,us,TX,4819792,,,,,"Del Rio, TX",us_places.csv,
us:place:4819900,Denison city,municipality,us,TX,4819900,,,,,"Denison, TX",us_places.csv,
us:place:4819972,Denton city,municipality,us,TX,4819972,,,,,"City of Denton|Denton, TX",us_places.csv,
us:place:4820092,DeSoto city,municipality,us,TX,4820092,,,,,"DeSoto, TX",us_places.csv,
us:place:4820344,Dickinson city,municipality,us,TX,4820344,,,,,"Dickinson, TX",us_places.csv,
us:place:4821424,Dripping Springs city,municipality,us,TX,4821424,,,,,"City of Dripping Springs, TX|Dripping Springs, TX",us_places.csv,
us:place:4821628,Duncanville city,municipality,us,TX,4821628,,,,,"City of Duncanville, TX|Duncanville, TX",us_places.csv,
us:place:4824000,El Paso city,municipality,us,TX,4824000,,,,,"El Paso, TX",us_places.csv,
us:place:4824348,Ennis city,municipality,us,TX,4824348,,,,,City of Ennis,us_places.csv,
us:place:4824768,Euless city,municipality,us,TX,4824768,,,,,"Euless, TX",us_places.csv,
us:place:4825168,Fair Oaks Ranch city,municipality,us,TX,4825168,,,,,"City of Fair Oaks Ranch, TX",us_places.csv,
us:place:4825452,Farmers Branch city,municipality,us,TX,4825452,,,,,"Farmers Branch, TX",us_places.csv,
us:place:4825572,Fate city,municipality,us,TX,4825572,,,,,"Fate, TX",us_places.csv,
us:place:4826232,Flower Mound town,municipality,us,TX,4826232,,,,,"Flower Mound, TX",us_places.csv,
us:place:4826604,Forney city,municipality,us,TX,4826604,,,,,"Forney, TX",us_places.csv,
us:place:4827000,Fort Worth city,municipality,us,TX,4827000,,,,,"City of Fort Worth, TX",us_places.csv,
us:place:4827348,Fredericksburg city,municipality,us,TX,4827348,,,,,"Fredericksburg, TX",us_places.csv,
us:place:4827684,Frisco city,municipality,us,TX,4827684,,,,,"Frisco, TX",us_places.csv,
us:place:4827876,Fulshear city,municipality,us,TX,4827876,,,,,"Fulshear, TX",us_places.csv,
us:place:4828068,Galveston city,municipality,us,TX,4828068,,,,,"Galveston, TX",us_places.csv,
us:place:4829000,Garland city,municipality,us,TX,4829000,,,,,"Garland, TX",us_places.csv,
us:place:4829336,Georgetown city,municipality,us,TX,4829336,,,,,"Georgetown, TX",us_places.csv,
us:place:4830464,Grand Prairie city,municipality,us,TX,4830464,,,,,"City of Grand Prairie, TX|Grand Prairie, TX",us_places.csv,
us:place:4830584,Granite Shoals city,municipality,us,TX,4830584,,,,,"Granite Shoals, TX",us_places.csv,
us:place:4830644,Grapevine city,municipality,us,TX,4830644,,,,,"Grapevine, TX",us_places.csv,
us:place:4832372,Harlingen city,municipality,us,TX,4832372,,,,,"City of Harlingen, TX",us_places.csv,
us:place:4832720,Haslet city,municipality,us,TX,4832720,,,,,"City of Haslet, TX",us_places.csv,
us:place:4833848,Highland Village city,municipality,us,TX,4833848,,,,,"Highland Village, TX",us_places.csv,
us:place:4835000,Houston city,municipality,us,TX,4835000,,,,,"Houston, TX",us_places.csv,
us:place:4835528,Huntsville city,municipality,us,TX,4835528,,,,,"Huntsville, TX",us_places.csv,
us:place:4835576,Hurst city,municipality,us,TX,4835576,,,,,"Hurst, TX",us_places.csv,
us:place:4835624,Hutto city,municipality,us,TX,4835624,,,,,"Hutto, TX",us_places.csv,
us:place:4837000,Irving city,municipality,us,TX,4837000,,,,,"Irving, TX",us_places.csv,
us:place:4837252,Jamaica Beach city,municipality,us,TX,4837252,,,,,"Jamaica Beach, TX",us_places.csv,
us:place:4837612,Jersey Village city,municipality,us,TX,4837612,,,,,"Jersey Village, TX",us_places.csv,
us:place:4837780,Johnson City city,municipality,us,TX,4837780,,,,,"City of Johnson City, TX",us_places.csv,
us:place:4838476,Katy city,municipality,us,TX,4838476,,,,,"Katy, TX",us_places.csv,
us:place:4838632,Keller city,municipality,us,TX,4838632,,,,,"City of Keller, TX",us_places.csv,
us:place:4838776,Kemah city,municipality,us,TX,4838776,,,,,"Kemah, TX",us_places.csv,
us:place:4839040,Kerrville city,municipality,us,TX,4839040,,,,,"City of Kerrville, TX|Kerrville, TX",us_places.csv,
us:place:4839148,Killeen city,municipality,us,TX,4839148,,,,,"City of Killeen, TX",us_places.csv,
us:place:4839952,Kyle city,municipality,us,TX,4839952,,,,,"Kyle, TX",us_places.csv,
us:place:4840264,Lago Vista city,municipality,us,TX,4840264,,,,,"Lago Vista, TX",us_places.csv,
us:place:4840984,Lakeway city,municipality,us,TX,4840984,,,,,"Lakeway, TX",us_places.csv,
us:place:4841056,Lake Worth city,municipality,us,TX,4841056,,,,,"Lake Worth, TX",us_places.csv,
us:place:4841164,Lamesa city,municipality,us,TX,4841164,,,,,"Lamesa, TX",us_places.csv,
us:place:4841212,Lancaster city,municipality,us,TX,4841212,,,,,"Lancaster, TX",us_places.csv,
us:place:4841464,Laredo city,municipality,us,TX,4841464,,,,,"Laredo, TX",us_places.csv,
us:place:4841980,League City city,municipality,us,TX,4841980,,,,,"League City, TX",us_places.csv,
us:place:4842016,Leander city,municipality,us,TX,4842016,,,,,"Leander, TX",us_places.csv,
us:place:4842388,Leon Valley city,municipality,us,TX,4842388,,,,,"Leon Valley, TX",us_places.csv,
us:place:4842508,Lewisville city,municipality,us,TX,4842508,,,,,"City of Lewisville, TX",us_places.csv,
us:place:4842664,Liberty Hill city,municipality,us,TX,4842664,,,,,"Liberty Hill, TX",us_places.csv,
us:place:4843012,Little Elm city,municipality,us,TX,4843012,,,,,"Little Elm, TX",us_places.csv,
us:place:4843096,Live Oak city,municipality,us,TX,4843096,,,,,"Live Oak, TX",us_places.csv,
us:place:4843240,Lockhart city,municipality,us,TX,4843240,,,,,"Lockhart, TX",us_places.csv,
us:place:4845000,Lubbock city,municipality,us,TX,4845000,,,,,"Lubbock, TX",us_places.csv,
us:place:4845012,Lucas city,municipality,us,TX,4845012,,,,,"Lucas, TX",us_places.csv,
us:place:4845288,Lytle city,municipality,us,TX,4845288,,,,,"City of Lytle, TX",us_places.csv,
us:place:4845384,McAllen city,municipality,us,TX,4845384,,,,,"City of McAllen, TX|McAllen, TX",us_places.csv,
us:place:4845744,McKinney city,municipality,us,TX,4845744,,,,,"City of McKinney, TX|McKinney, TX",us_places.csv,
us:place:4845804,McLendon-Chisholm city,municipality,us,TX,4845804,,,,,"City of McLendon-Chisholm, TX",us_places.csv,
us:place:4846452,Mansfield city,municipality,us,TX,4846452,,,,,"City of Mansfield|Mansfield, TX",us_places.csv,
us:place:4847337,Meadows Place city,municipality,us,TX,4847337,,,,,"Meadows Place, TX",us_places.csv,
us:place:4847892,Mesquite city,municipality,us,TX,4847892,,,,,"Mesquite, TX",us_places.csv,
us:place:4848072,Midland city,municipality,us,TX,4848072,,,,,"Midland, TX",us_places.csv,
us:place:4848096,Midlothian city,municipality,us,TX,4848096,,,,,"Midlothian|Midlothian, TX",us_places.csv,
us:place:4848804,Missouri City city,municipality,us,TX,4848804,,,,,"Missouri City, TX",us_places.csv,
us:place:4849128,Montgomery city,municipality,us,TX,4849128,,,,,"City of Montgomery, TX|Montgomery, TX",us_places.csv,
us:place:4849392,Morgan's Point Resort city,municipality,us,TX,4849392,,,,,"City of Morgan's Point Resort, TX",us_places.csv,
us:place:4849860,Mount Vernon town,municipality,us,TX,4849860,,,,,"Mount Vernon, TX",us_places.csv,
us:place:4850100,Murphy city,municipality,us,TX,4850100,,,,,"Murphy, TX",us_places.csv,
us:place:4850820,New Braunfels city,municipality,us,TX,4850820,,,,,"City of New Braunfels, TX",us_places.csv,
us:place:4852212,Northlake town,municipality,us,TX,4852212,,,,,"Northlake, TX",us_places.csv,
us:place:4852356,North Richland Hills city,municipality,us,TX,4852356,,,,,"North Richland Hills, TX|Unknown Jurisdiction",us_places.csv,
us:place:4853388,Odessa city,municipality,us,TX,4853388,,,,,"Odessa, TX",us_places.csv,
us:place:4855152,Parker city,municipality,us,TX,4855152,,,,,"Parker, TX",us_places.csv,
us:place:4856348,Pearland city,municipality,us,TX,4856348,,,,,"City of Pearland, TX",us_places.csv,
us:place:4857176,Pflugerville city,municipality,us,TX,4857176,,,,,"City of Pflugerville, TX|City of Pflugerville.",us_places.csv,
us:place:4857200,Pharr city,municipality,us,TX,4857200,,,,,"Pharr, TX",us_places.csv,
us:place:4857476,Pilot Point city,municipality,us,TX,4857476,,,,,"City of Pilot Point|Pilot Point, TX",us_places.csv,
us:place:4858016,Plano city,municipality,us,TX,4858016,,,,,"Plano, TX",us_places.csv,
us:place:4858820,Port Arthur city,municipality,us,TX,4858820,,,,,"Port Arthur, TX",us_places.csv,
us:place:4858904,Portland city,municipality,us,TX,4858904,,,,,City of Portland,us_places.csv,
us:place:4859336,Prairie View city,municipality,us,TX,4859336,,,,,"Prairie View, TX",us_places.csv,
us:place:4859576,Princeton city,municipality,us,TX,4859576,,,,,"Princeton, TX",us_places.csv,
us:place:4859696,Prosper town,municipality,us,TX,4859696,,,,,"Prosper, TX",us_places.csv,
us:place:4861796,Richardson city,municipality,us,TX,4861796,,,,,"Richardson, TX",us_places.csv,
us:place:4861892,Richmond city,municipality,us,TX,4861892,,,,,Richmond,us_places.csv,
us:place:4861904,Richwood city,municipality,us,TX,4861904,,,,,"Richwood, TX",us_places.csv,
us:place:4862672,Rockdale city,municipality,us,TX,4862672,,,,,"City of Rockdale, TX",us_places.csv,
us:place:4862828,Rockwall city,municipality,us,TX,4862828,,,,,"Rockwall, TX",us_places.csv,
us:place:4863284,Rosenberg city,municipality,us,TX,4863284,,,,,"Rosenberg, TX",us_places.csv,
us:place:4863500,Round Rock city,municipality,us,TX,4863500,,,,,"City of Round Rock, TX",us_places.csv,
us:place:4863572,Rowlett city,municipality,us,TX,4863572,,,,,"Rowlett, TX",us_places.csv,
us:place:4864064,Sachse city,municipality,us,TX,4864064,,,,,"Sachse, TX",us_places.csv,
us:place:4865000,San Antonio city,municipality,us,TX,4865000,,,,,"San Antonio, TX",us_places.csv,
us:place:4865036,San Benito city,municipality,us,TX,4865036,,,,,"San Benito, TX",us_places.csv,
us:place:4865408,Sanger city,municipality,us,TX,4865408,,,,,"Sanger, TX",us_places.csv,
us:place:4865600,San Marcos city,municipality,us,TX,4865600,,,,,"City of San Marcos, TX",us_places.csv,
us:place:4866128,Schertz city,municipality,us,TX,4866128,,,,,"Schertz, TX",us_places.csv,
us:place:4866644,Seguin city,municipality,us,TX,4866644,,,,,"City of Seguin, TX",us_places.csv,
us:place:4867400,Shenandoah city,municipality,us,TX,4867400,,,,,"City of Shenandoah, TX|Shenandoah, TX",us_places.csv,
us:place:4867496,Sherman city,municipality,us,TX,4867496,,,,,Sherman,us_places.csv,
us:place:4869032,Southlake city,municipality,us,TX,4869032,,,,,"Southlake, TX",us_places.csv,
us:place:4869140,South Padre Island town,municipality,us,TX,4869140,,,,,"South Padre Island, TX",us_places.csv,
us:place:4869908,Stafford city,municipality,us,TX,4869908,,,,,"Stafford, TX",us_places.csv,
us:place:4871156,Sunnyvale town,municipality,us,TX,4871156,,,,,"Sunnyvale, TX",us_places.csv,
us:place:4871324,Sunset Valley city,municipality,us,TX,4871324,,,,,"City of Sunset Valley, Travis County, TX",us_places.csv,
us:place:4871948,Taylor city,municipality,us,TX,4871948,,,,,"Taylor, TX",us_places.csv,
us:place:4872368,Texarkana city,municipality,us,TX,4872368,,,,,"Texarkana, TX",us_places.csv,
us:place:4872392,Texas City city,municipality,us,TX,4872392,,,,,"City of Texas City, TX",us_places.csv,
us:place:4872530,The Colony city,municipality,us,TX,4872530,,,,,"City of The Colony, TX",us_places.csv,
us:place:4873316,Tomball city,municipality,us,TX,4873316,,,,,"Tomball, TX",us_places.csv,
us:place:4873710,Trophy Club town,municipality,us,TX,4873710,,,,,"Trophy Club, TX",us_places.csv,
us:place:4874144,Tyler city,municipality,us,TX,4874144,,,,,"City of Tyler, TX|Tyler, TX",us_places.csv,
us:place:4874408,Universal City city,municipality,us,TX,4874408,,,,,"Universal City, TX",us_places.csv,
us:place:4874492,University Park city,municipality,us,TX,4874492,,,,,"City of University Park, TX",us_places.csv,
us:place:4874588,Uvalde city,municipality,us,TX,4874588,,,,,"City of Uvalde, TX",us_places.csv,
us:place:4874912,Van city,municipality,us,TX,4874912,,,,,"Van, TX",us_places.csv,
us:place:4875428,Victoria city,municipality,us,TX,4875428,,,,,"Victoria, TX",us_places.csv,
us:place:4876000,Waco city,municipality,us,TX,4876000,,,,,"Waco, TX",us_places.csv,
us:place:4876672,Watauga city,municipality,us,TX,4876672,,,,,"Watauga, TX",us_places.csv,
us:place:4876816,Waxahachie city,municipality,us,TX,4876816,,,,,"Waxahachie, TX",us_places.csv,
us:place:4877272,Weslaco city,municipality,us,TX,4877272,,,,,"Weslaco, TX",us_places.csv,
us:place:4877620,Westlake town,municipality,us,TX,4877620,,,,,"Westlake, TX",us_places.csv,
us:place:4878388,Whitehouse city,municipality,us,TX,4878388,,,,,City of Whitehouse,us_places.csv,
us:place:4879000,Wichita Falls city,municipality,us,TX,4879000,,,,,"Wichita Falls, TX",us_places.csv,
us:place:4879492,Willow Park city,municipality,us,TX,4879492,,,,,"Willow Park, TX",us_places.csv,
us:place:4879672,Windcrest city,municipality,us,TX,4879672,,,,,"City of Windcrest, TX",us_places.csv,
us:place:4880058,Woodcreek city,municipality,us,TX,4880058,,,,,"City of Woodcreek, TX",us_places.csv,
us:place:4900540,Alpine city,municipality,us,UT,4900540,,,,,"Alpine|Alpine, UT",us_places.csv,
us:place:4906810,Bluffdale city,municipality,us,UT,4906810,,,,,"Bluffdale, UT",us_places.csv,
us:place:4911980,Centerville city,municipality,us,UT,4911980,,,,,"Centerville, UT",us_places.csv,
us:place:4920810,Eagle Mountain city,municipality,us,UT,4920810,,,,,"Eagle Mountain, UT",us_places.csv,
us:place:4927490,Fruit Heights city,municipality,us,UT,4927490,,,,,"Fruit Heights, UT",us_places.csv,
us:place:4934200,Heber city,municipality,us,UT,4934200,,,,,"Heber, UT",us_places.csv,
us:place:4938710,Ivins city,municipality,us,UT,4938710,,,,,"Ivins, UT",us_places.csv,
us:place:4940360,Kaysville city,municipality,us,UT,4940360,,,,,"KAYSVILLE, UT|Kaysville, UT",us_places.csv,
us:place:4943660,Layton city,municipality,us,UT,4943660,,,,,"Layton, UT",us_places.csv,
us:place:4944320,Lehi city,municipality,us,UT,4944320,,,,,"Lehi, UT",us_places.csv,
us:place:4945090,Lindon city,municipality,us,UT,4945090,,,,,"Lindon, UT",us_places.csv,
us:place:4950150,Millcreek city,municipality,us,UT,4950150,,,,,Mill Creek,us:place (spacing-insensitive match),
us:place:4950700,Moab city,municipality,us,UT,4950700,,,,,"Moab, UT",us_places.csv,
us:place:4955980,Ogden city,municipality,us,UT,4955980,,,,,"Ogden, UT",us_places.csv,
us:place:4957300,Orem city,municipality,us,UT,4957300,,,,,"Orem, UT",us_places.csv,
us:place:4958070,Park City city,municipality,us,UT,4958070,,,,,"Park City, UT",us_places.csv,
us:place:4958510,Parowan city,municipality,us,UT,4958510,,,,,"PAROWAN city, UT|Parowan, UT",us_places.csv,
us:place:4958730,Payson city,municipality,us,UT,4958730,,,,,"Payson|Payson, UT",us_places.csv,
us:place:4962360,Providence city,municipality,us,UT,4962360,,,,,"Providence, UT",us_places.csv,
us:place:4962470,Provo city,municipality,us,UT,4962470,,,,,"Provo, UT",us_places.csv,
us:place:4964340,Riverton city,municipality,us,UT,4964340,,,,,"Riverton, UT",us_places.csv,
us:place:4967000,Salt Lake City city,municipality,us,UT,4967000,,,,,"Salt Lake City, UT",us_places.csv,
us:place:4967770,Santaquin city,municipality,us,UT,4967770,,,,,"Santaquin, UT",us_places.csv,
us:place:4982950,West Jordan city,municipality,us,UT,4982950,,,,,"West Jordan, UT",us_places.csv,
us:place:4983470,West Valley City city,municipality,us,UT,4983470,,,,,"West Valley City, UT",us_places.csv,
us:place:4985370,Woods Cross city,municipality,us,UT,4985370,,,,,"Woods Cross, UT",us_places.csv,
us:place:5010675,Burlington city,municipality,us,VT,5010675,,,,,"Burlington|Burlington, VT",us_places.csv,
us:place:5046000,Montpelier city,municipality,us,VT,5046000,,,,,"City of Montpelier, VT",us_places.csv,
us:place:5101000,Alexandria city,municipality,us,VA,5101000,,,,,"Alexandria, VA|City of Alexandria, VA",us_places.csv,
us:place:5101528,Altavista town,municipality,us,VA,5101528,,,,,"Altavista, VA",us_places.csv,
us:place:5101672,Amherst town,municipality,us,VA,5101672,,,,,Town of Amherst,us_places.csv,
us:place:5103368,Ashland town,municipality,us,VA,5103368,,,,,Town of Ashland,us_places.csv,
us:place:5105544,Bedford town,municipality,us,VA,5105544,,,,,"Bedford, VA|Town of Bedford, VA",us_places.csv,
us:place:5107784,Blacksburg town,municipality,us,VA,5107784,,,,,"Blacksburg, VA|Town of Blacksburg",us_places.csv,
us:place:5109816,Bristol city,municipality,us,VA,5109816,,,,,"City of Bristol, VA",us_places.csv,
us:place:5114968,Charlottesville city,municipality,us,VA,5114968,,,,,"Charlottesville, VA",us_places.csv,
us:place:5116000,Chesapeake city,municipality,us,VA,5116000,,,,,"City of Chesapeake, VA",us_places.csv,
us:place:5120160,Crewe town,municipality,us,VA,5120160,,,,,"Crewe, VA",us_places.csv,
us:place:5121344,Danville city,municipality,us,VA,5121344,,,,,"Danville, VA",us_places.csv,
us:place:5126496,Fairfax city,municipality,us,VA,5126496,,,,,"City of Fairfax, VA",us_places.csv,
us:place:5127200,Falls Church city,municipality,us,VA,5127200,,,,,"Falls Church, VA",us_places.csv,
us:place:5129968,Front Royal town,municipality,us,VA,5129968,,,,,"Front Royal, VA",us_places.csv,
us:place:5135000,Hampton city,municipality,us,VA,5135000,,,,,"City of Hampton|City of Hampton, VA",us_places.csv,
us:place:5135976,Haymarket town,municipality,us,VA,5135976,,,,,"Town of Haymarket, VA",us_places.csv,
us:place:5136648,Herndon town,municipality,us,VA,5136648,,,,,"Herndon|Herndon, VA|Town of Herndon",us_places.csv,
us:place:5138424,Hopewell city,municipality,us,VA,5138424,,,,,"Hopewell Borough, VA|Hopewell, VA",us_places.csv,
us:place:5144984,Leesburg town,municipality,us,VA,5144984,,,,,"Leesburg, VA",us_places.csv,
us:place:5147672,Lynchburg city,municipality,us,VA,5147672,,,,,"City of Lynchburg|Lynchburg, VA",us_places.csv,
us:place:5148968,Manassas Park city,municipality,us,VA,5148968,,,,,"City of Manassas Park, VA",us_places.csv,
us:place:5151448,Middleburg town,municipality,us,VA,5151448,,,,,"Middleburg, VA",us_places.csv,
us:place:5156000,Newport News city,municipality,us,VA,5156000,,,,,"Newport News, VA",us_places.csv,
us:place:5157000,Norfolk city,municipality,us,VA,5157000,,,,,"City of Norfolk, VA|Norfolk|Norfolk, VA",us_places.csv,
us:place:5161832,Petersburg city,municipality,us,VA,5161832,,,,,"Petersburg, VA",us_places.csv,
us:place:5165008,Purcellville town,municipality,us,VA,5165008,,,,,"Purcellville, VA",us_places.csv,
us:place:5165392,Radford city,municipality,us,VA,5165392,,,,,"Radford, VA",us_places.csv,
us:place:5167000,Richmond city,municipality,us,VA,5167000,,,,,"City of Richmond, VA",us_places.csv,
us:place:5176000,Strasburg town,municipality,us,VA,5176000,,,,,"Strasburg, VA",us_places.csv,
us:place:5176432,Suffolk city,municipality,us,VA,5176432,,,,,"City of Suffolk, VA",us_places.csv,
us:place:5181072,Vienna town,municipality,us,VA,5181072,,,,,"Vienna, VA",us_places.csv,
us:place:5182000,Virginia Beach city,municipality,us,VA,5182000,,,,,"Virginia Beach, VA",us_places.csv,
us:place:5186720,Winchester city,municipality,us,VA,5186720,,,,,"Winchester, VA",us_places.csv,
us:place:5301990,Anacortes city,municipality,us,WA,5301990,,,,,"Anacortes, WA",us_places.csv,
us:place:5303736,Bainbridge Island city,municipality,us,WA,5303736,,,,,"Bainbridge|Bainbridge Island, WA|Bainbridge, WA",curated_alias,"One real archived page stores 'Bainbridge, WA' while three store 'Bainbridge Island, WA' -- same government, and the short form matches no table key."
us:place:5307380,Bothell city,municipality,us,WA,5307380,,,,,"Bothell, WA",us_places.csv,
us:place:5307695,Bremerton city,municipality,us,WA,5307695,,,,,"Bremerton, WA",us_places.csv,
us:place:5308570,Buckley city,municipality,us,WA,5308570,,,,,"Buckley, WA|City of Buckley",us_places.csv,
us:place:5311615,Chelan city,municipality,us,WA,5311615,,,,,"Chelan, WA",us_places.csv,
us:place:5314870,Cosmopolis city,municipality,us,WA,5314870,,,,,"Cosmopolis, WA",us_places.csv,
us:place:5315710,Creston town,municipality,us,WA,5315710,,,,,Town of Creston,us_places.csv,
us:place:5317635,Des Moines city,municipality,us,WA,5317635,,,,,City of Des Moines WA|Des Moines WA,us_places.csv,
us:place:5319035,Duvall city,municipality,us,WA,5319035,,,,,"City of Duvall, WA|Duvall, WA",us_places.csv,
us:place:5320750,Edmonds city,municipality,us,WA,5320750,,,,,"City of Edmonds, WA|Edmonds, WA",us_places.csv,
us:place:5322640,Everett city,municipality,us,WA,5322640,,,,,City of Everett,us_places.csv,
us:place:5326735,Gig Harbor city,municipality,us,WA,5326735,,,,,"Gig Harbor, WA",us_places.csv,
us:place:5335275,Kennewick city,municipality,us,WA,5335275,,,,,"Kennewick, WA",us_places.csv,
us:place:5335415,Kent city,municipality,us,WA,5335415,,,,,"City of Kent, WA",us_places.csv,
us:place:5335940,Kirkland city,municipality,us,WA,5335940,,,,,"City of Kirkland|Kirkland, WA",us_places.csv,
us:place:5336745,Lacey city,municipality,us,WA,5336745,,,,,"Lacey, WA",us_places.csv,
us:place:5336780,La Conner town,municipality,us,WA,5336780,,,,,"La Conner, WA",us_places.csv,
us:place:5337270,Lake Forest Park city,municipality,us,WA,5337270,,,,,"Lake Forest Park, WA",us_places.csv,
us:place:5338355,Langley city,municipality,us,WA,5338355,,,,,City of Langley,us_places.csv,
us:place:5339335,Liberty Lake city,municipality,us,WA,5339335,,,,,"Liberty Lake, WA",us_places.csv,
us:place:5340245,Longview city,municipality,us,WA,5340245,,,,,"Longview, WA",us_places.csv,
us:place:5340840,Lynnwood city,municipality,us,WA,5340840,,,,,"Lynnwood, WA",us_places.csv,
us:place:5343955,Marysville city,municipality,us,WA,5343955,,,,,"Marysville, WA",us_places.csv,
us:place:5345865,Mill Creek city,municipality,us,WA,5345865,,,,,"Mill Creek, WA",us_places.csv,
us:place:5346020,Milton city,municipality,us,WA,5346020,,,,,"City of Milton, WA|Milton, WA",us_places.csv,
us:place:5347735,Mukilteo city,municipality,us,WA,5347735,,,,,"City of Mukilteo, WA",us_places.csv,
us:place:5350360,Oak Harbor city,municipality,us,WA,5350360,,,,,"City of Oak Harbor|Oak Harbor, WA",us_places.csv,
us:place:5351300,Olympia city,municipality,us,WA,5351300,,,,,"City of Olympia, WA",us_places.csv,
us:place:5353545,Pasco city,municipality,us,WA,5353545,,,,,"Pasco, WA",us_places.csv,
us:place:5355855,Port Townsend city,municipality,us,WA,5355855,,,,,"City of Port Townsend, WA",us_places.csv,
us:place:5358235,Richland city,municipality,us,WA,5358235,,,,,"Richland, WA",us_places.csv,
us:place:5363000,Seattle city,municipality,us,WA,5363000,,,,,"Seattle, WA",us_places.csv,
us:place:5363210,Sedro-Woolley city,municipality,us,WA,5363210,,,,,"Sedro-Woolley, WA",us_places.csv,
us:place:5363385,Sequim city,municipality,us,WA,5363385,,,,,"City of Sequim, WA",us_places.csv,
us:place:5363960,Shoreline city,municipality,us,WA,5363960,,,,,"City of Shoreline, WA",us_places.csv,
us:place:5365205,Snoqualmie city,municipality,us,WA,5365205,,,,,"Snoqualmie, WA",us_places.csv,
us:place:5370000,Tacoma city,municipality,us,WA,5370000,,,,,"City of Tacoma, WA",us_places.csv,
us:place:5372905,Tumwater city,municipality,us,WA,5372905,,,,,"Tumwater, WA",us_places.csv,
us:place:5377665,West Richland city,municipality,us,WA,5377665,,,,,"City of West Richland, WA|West Richland, WA",us_places.csv,
us:place:5414600,Charleston city,municipality,us,WV,5414600,,,,,Charleston,us_places.csv,
us:place:5414610,Charles Town city,municipality,us,WV,5414610,,,,,"Charles Town, WV",us_places.csv,
us:place:5500100,Abbotsford city,municipality,us,WI,5500100,,,,,"Abbotsford|Abbotsford, WI",us_places.csv,
us:place:5501550,Altoona city,municipality,us,WI,5501550,,,,,City of Altoona,us_places.csv,
us:place:5502375,Appleton city,municipality,us,WI,5502375,,,,,City of Appleton,us_places.csv,
us:place:5503225,Ashland city,municipality,us,WI,5503225,,,,,"Ashland, WI",us_places.csv,
us:place:5504625,Baraboo city,municipality,us,WI,5504625,,,,,"City of Baraboo, WI",us_places.csv,
us:place:5510375,Brown Deer village,municipality,us,WI,5510375,,,,,"Brown Deer, WI|Village of Brown Deer, WI",us_places.csv,
us:place:5516450,Columbus city,municipality,us,WI,5516450,,,,,"City of Columbus, WI|Columbus, WI",us_places.csv,
us:place:5517175,Cottage Grove village,municipality,us,WI,5517175,,,,,"Cottage Grove, WI|Village of Cottage Grove, WI",us_places.csv,
us:place:5517775,Cross Plains village,municipality,us,WI,5517775,,,,,"Cross Plains, WI|Village of Cross Plains, WI",us_places.csv,
us:place:5519775,De Pere city,municipality,us,WI,5519775,,,,,"City of De Pere, WI",us_places.csv,
us:place:5522300,Eau Claire city,municipality,us,WI,5522300,,,,,City of Eau Claire,us_places.csv,
us:place:5525950,Fitchburg city,municipality,us,WI,5525950,,,,,"Fitchburg, WI",us_places.csv,
us:place:5526275,Fond du Lac city,municipality,us,WI,5526275,,,,,"Fond du Lac, WI",us_places.csv,
us:place:5526675,Fort Atkinson city,municipality,us,WI,5526675,,,,,"Fort Atkinson, WI",us_places.csv,
us:place:5527550,Fredonia village,municipality,us,WI,5527550,,,,,"Fredonia, WI|Village of Fredonia, WI",us_places.csv,
us:place:5531000,Green Bay city,municipality,us,WI,5531000,,,,,"Green Bay, WI",us_places.csv,
us:place:5538675,Juneau city,municipality,us,WI,5538675,,,,,"Juneau, WI",us_places.csv,
us:place:5539225,Kenosha city,municipality,us,WI,5539225,,,,,"Kenosha, WI",us_places.csv,
us:place:5541450,Lake Geneva city,municipality,us,WI,5541450,,,,,"Lake Geneva, WI",us_places.csv,
us:place:5541675,Lake Mills city,municipality,us,WI,5541675,,,,,City of Lake Mills,us_places.csv,
us:place:5544847,Lisbon village,municipality,us,WI,5544847,,,,,"Lisbon, WI",us_places.csv,
us:place:5548500,Manitowoc city,municipality,us,WI,5548500,,,,,"City of Manitowoc, WI",us_places.csv,
us:place:5551000,Menomonee Falls village,municipality,us,WI,5551000,,,,,"Menomonee Falls, WI",us_places.csv,
us:place:5551150,Mequon city,municipality,us,WI,5551150,,,,,"City of Mequon, WI",us_places.csv,
us:place:5551250,Merrill city,municipality,us,WI,5551250,,,,,"Merrill, WI",us_places.csv,
us:place:5553000,Milwaukee city,municipality,us,WI,5553000,,,,,"City of Milwaukee.|Milwaukee.|The City of Milwaukee, WI",us_places.csv,
us:place:5557700,North Bay village,municipality,us,WI,5557700,,,,,North Bay,us_places.csv,
us:place:5560825,Owen city,municipality,us,WI,5560825,,,,,"Owen, WI",us_places.csv,
us:place:5564100,Portage city,municipality,us,WI,5564100,,,,,Portage,us_places.csv,
us:place:5565375,Prescott city,municipality,us,WI,5565375,,,,,Prescott,us_places.csv,
us:place:5572975,Sheboygan city,municipality,us,WI,5572975,,,,,"Sheboygan, WI",us_places.csv,
us:place:5577200,Stevens Point city,municipality,us,WI,5577200,,,,,"City of Stevens Point, WI",us_places.csv,
us:place:5577675,Stoughton city,municipality,us,WI,5577675,,,,,"Stoughton, WI",us_places.csv,
us:place:5578650,Superior city,municipality,us,WI,5578650,,,,,City of Superior,us_places.csv,
us:place:5582600,Verona city,municipality,us,WI,5582600,,,,,"City of Verona|Verona, WI",us_places.csv,
us:place:5583250,Walworth village,municipality,us,WI,5583250,,,,,"Walworth, WI",us_places.csv,
us:place:5584250,Waukesha city,municipality,us,WI,5584250,,,,,"City of Waukesha, WI",us_places.csv,
us:place:5584675,Wauwatosa city,municipality,us,WI,5584675,,,,,"City of Wauwatosa, WI",us_places.csv,
us:place:5586025,Weston village,municipality,us,WI,5586025,,,,,"Town of Weston, WI",us_places.csv,
us:place:5586700,Whitefish Bay village,municipality,us,WI,5586700,,,,,"Village of Whitefish Bay, WI|Whitefish Bay, WI",us_places.csv,
us:place:5586925,Whitewater city,municipality,us,WI,5586925,,,,,"Whitewater, WI",us_places.csv,
us:place:5613900,Cheyenne city,municipality,us,WY,5613900,,,,,City of Cheyenne,us_places.csv,
us:place:5615760,Cody city,municipality,us,WY,5615760,,,,,"Cody, WY",us_places.csv,
us:place:5621125,Douglas city,municipality,us,WY,5621125,,,,,"Douglas, WY",us_places.csv,
us:place:5640120,Jackson town,municipality,us,WY,5640120,,,,,"Jackson, WY",us_places.csv,
us:sd:0509000,Little Rock School District,school_district,us,AR,,,,09000,,Little Rock School District,us_school_districts.csv,
us:sd:0600036,Natomas Unified School District,school_district,us,CA,,,,00036,,"Natomas Unified School District, CA",us_school_districts.csv,
us:sd:0605610,Bonita Unified School District,school_district,us,CA,,,,05610,,"Bonita USD, CA",us_school_districts.csv,
us:sd:0606450,Burbank Unified School District,school_district,us,CA,,,,06450,,"Burbank Unified School District, CA|City of Burbank",us_school_districts.csv,
us:sd:0609640,Conejo Valley Unified School District,school_district,us,CA,,,,09640,,"Conejo Valley USD, CA",us_school_districts.csv,
us:sd:0609870,Coronado Unified School District,school_district,us,CA,,,,09870,,"Coronado USD, CA",us_school_districts.csv,
us:sd:0613920,Fontana Unified School District,school_district,us,CA,,,,13920,,"Fontana USD, CA",us_school_districts.csv,
us:sd:0622710,Los Angeles Unified School District,school_district,us,CA,,,,22710,,"Los Angeles USD, CA",us_school_districts.csv,
us:sd:0629270,Oxnard Union High School District,school_district,us,CA,,,,29270,,"Oxnard Union High School District, CA",us_school_districts.csv,
us:sd:0629940,Pasadena Unified School District,school_district,us,CA,,,,29940,,Pasadena Unified School District,us_school_districts.csv,
us:sd:0637500,South Pasadena Unified School District,school_district,us,CA,,,,37500,,South Pasadena Unified School District,us_school_districts.csv,
us:sd:0640590,Vacaville Unified School District,school_district,us,CA,,,,40590,,Vacaville Unified School District,us_school_districts.csv,
us:sd:0902160,Ledyard School District,school_district,us,CT,,,,02160,,"Ledyard Public Schools, CT",us_school_districts.csv,
us:sd:0904170,South Windsor School District,school_district,us,CT,,,,04170,,"South Windsor Public Schools, CT",us_school_districts.csv,
us:sd:1200180,Broward County School District,school_district,us,FL,,,,00180,,"Broward County Public Schools, FL",us_school_districts.csv,
us:sd:1200810,Hernando County School District,school_district,us,FL,,,,00810,,Hernando County School District,us_school_districts.csv,
us:sd:1201230,Manatee County School District,school_district,us,FL,,,,01230,,"Manatee County Public Schools, FL",us_school_districts.csv,
us:sd:1201560,Pinellas County School District,school_district,us,FL,,,,01560,,"Pinellas County School District, FL",us_school_districts.csv,
us:sd:1302820,Henry County School District,school_district,us,GA,,,,02820,,"Henry County Schools, GA",us_school_districts.csv,
us:sd:1810650,Hamilton Southeastern Schools,school_district,us,IN,,,,10650,,"Hamilton Southeastern Schools, IN",us_school_districts.csv,
us:sd:2305670,Falmouth,school_district,us,ME,,,,05670,,"Falmouth Schools, ME",us_school_districts.csv,
us:sd:2400120,Baltimore County Public Schools,school_district,us,MD,,,,00120,,"Baltimore County Schools, MD",us_school_districts.csv,
us:sd:2400150,Calvert County Public Schools,school_district,us,MD,,,,00150,,"Calvert County Public Schools, MD",us_school_districts.csv,
us:sd:2400240,Cecil County Public Schools,school_district,us,MD,,,,00240,,"Cecil County Public Schools, MD",us_school_districts.csv,
us:sd:2400390,Harford County Public Schools,school_district,us,MD,,,,00390,,"Harford County Public Schools, MD",us_school_districts.csv,
us:sd:2400480,Montgomery County Public Schools,school_district,us,MD,,,,00480,,"Montgomery County Public Schools, MD",us_school_districts.csv,
us:sd:2400690,Wicomico County Public Schools,school_district,us,MD,,,,00690,,"Wicomico County Public Schools, MD",us_school_districts.csv,
us:sd:4107230,Lake Oswego School District 7J,school_district,us,OR,,,,07230,,"L Oswego K 12|Lake Oswego School District, OR",us_school_districts.csv,
us:sd:4500720,Aiken County School District,school_district,us,SC,,,,00720,,"Aiken County Public Schools, SC",us_school_districts.csv,
us:sd:4502490,Horry County School District,school_district,us,SC,,,,02490,,"Horry County Schools|Horry County Schools, SC|Horry County, SC",us_school_districts.csv,
us:sd:4704550,Wilson County School District,school_district,us,TN,,,,04550,,"Wilson County Schools, TN",us_school_districts.csv,
us:sd:4818300,El Paso Independent School District,school_district,us,TX,,,,18300,,El Paso Independent School District,us_school_districts.csv,
us:sd:4823640,Houston Independent School District,school_district,us,TX,,,,23640,,"Houston Independent School District, TX",us_school_districts.csv,
us:sd:4828920,Mansfield Independent School District,school_district,us,TX,,,,28920,,"Mansfield Independent School District, TX",us_school_districts.csv,
us:sd:5100120,Alexandria City Public Schools,school_district,us,VA,,,,00120,,"Alexandria City Public Schools, VA",us_school_districts.csv,
us:sd:5100840,Chesterfield County Public Schools,school_district,us,VA,,,,00840,,"Chesterfield County Public Schools, VA",us_school_districts.csv,
us:sd:5103870,Warren County Public Schools,school_district,us,VA,,,,03870,,"Warren County Public Schools, VA",us_school_districts.csv,
us:sd:5300380,Battle Ground School District,school_district,us,WA,,,,00380,,"Battle Ground Public Schools, WA",us_school_districts.csv,
us:sd:5300810,Camas School District,school_district,us,WA,,,,00810,,"Camas School District, WA",us_school_districts.csv,
us:sd:5302400,Edmonds School District,school_district,us,WA,,,,02400,,"Edmonds School District, WA",us_school_districts.csv,
us:sd:5302850,Ferndale School District,school_district,us,WA,,,,02850,,"Ferndale School District, WA",us_school_districts.csv,
us:sd:5304230,Lake Washington School District,school_district,us,WA,,,,04230,,"Lake Washington School District, WA",us_school_districts.csv,
us:sd:5400720,Marion County School District,school_district,us,WV,,,,00720,,"Marion County Public Schools, WV",us_school_districts.csv,
us:state:06,California,state,us,CA,,,,,,California State Senate,us_states.csv,
us:state:27,Minnesota,state,us,MN,,,,,,"Minnesota Senate, MN|Mn Senate",us_states.csv,
us:state:32,Nevada,state,us,NV,,,,,,"Nevada Legislature|Nevada Legislature, NV",us_states.csv,
us:state:51,Virginia,state,us,VA,,,,,,"Virginia|Virginia House of Delegates, VA|Virginia Senate",us_states.csv,
