name,state
Abbeville city,AL
Abbeville city,GA
Abbeville city,LA
Abbeville city,SC
Abbeville town,MS
Abbotsford city,WI
Abbott city,TX
Abbottstown borough,PA
Abbyville city,KS
Abercrombie city,ND
Aberdeen city,ID
Aberdeen city,MD
Aberdeen city,MS
Aberdeen city,SD
Aberdeen city,WA
Aberdeen town,NC
Aberdeen village,OH
Abernathy city,TX
Abie village,NE
Abilene city,KS
Abilene city,TX
Abingdon city,IL
Abingdon town,VA
Abita Springs town,LA
Absecon city,NJ
Accident town,MD
Accomac town,VA
Acequia city,ID
Achille town,OK
Ackerly city,TX
Ackerman town,MS
Ackley city,IA
Ackworth city,IA
Acworth city,GA
Ada city,MN
Ada city,OK
Ada village,OH
Adair Village city,OR
Adair city,IA
Adair town,OK
Adairsville city,GA
Adairville city,KY
Adak city,AK
Adams city,MN
Adams city,ND
Adams city,OR
Adams city,TN
Adams city,WI
Adams village,NE
Adams village,NY
Adamsburg borough,PA
Adamstown borough,PA
Adamsville city,AL
Adamsville town,TN
Adamsville village,OH
Addieville village,IL
Addington town,OK
Addis town,LA
Addison (Webster Springs) town,WV
Addison borough,PA
Addison town,AL
Addison town,TX
Addison village,IL
Addison village,MI
Addison village,NY
Addyston village,OH
Adel city,GA
Adel city,IA
Adelanto city,CA
Adeline village,IL
Adell village,WI
Adelphi village,OH
Adena village,OH
Admire city,KS
Adona city,AR
Adrian city,GA
Adrian city,MI
Adrian city,MN
Adrian city,MO
Adrian city,OR
Adrian city,TX
Advance city,MO
Advance town,IN
Afton city,IA
Afton city,MN
Afton town,OK
Afton town,WY
Afton village,NY
Agar town,SD
Agawam Town city,MA
Agency city,IA
Agency village,MO
Agenda city,KS
Agoura Hills city,CA
Agra city,KS
Agra town,OK
Agua Dulce city,TX
Aguilar town,CO
Ahmeek village,MI
Ahoskie town,NC
Aiken city,SC
Ailey city,GA
Ainsworth city,IA
Ainsworth city,NE
Airmont village,NY
Airport Drive village,MO
Airway Heights city,WA
Aitkin city,MN
Akaska town,SD
Akeley city,MN
Akhiok city,AK
Akiak city,AK
Akron borough,PA
Akron city,IA
Akron city,OH
Akron town,AL
Akron town,CO
Akron town,IN
Akron village,MI
Akron village,NY
Akutan city,AK
Alabaster city,AL
Alachua city,FL
Alakanuk city,AK
Alamance village,NC
Alameda city,CA
Alamo Heights city,TX
Alamo city,ND
Alamo city,TX
Alamo town,GA
Alamo town,IN
Alamo town,TN
Alamogordo city,NM
Alamosa city,CO
Alanson village,MI
Alapaha town,GA
Alba borough,PA
Alba city,MO
Alba town,TX
Albany city,CA
Albany city,GA
Albany city,KY
Albany city,MN
Albany city,MO
Albany city,NY
Albany city,OR
Albany city,TX
Albany town,IN
Albany town,LA
Albany village,IL
Albany village,OH
Albany village,VT
Albany village,WI
Albee town,SD
Albemarle city,NC
Albers village,IL
Albert City city,IA
Albert Lea city,MN
Albert city,KS
Alberta city,MN
Alberta town,VA
Alberton town,MT
Albertville city,AL
Albertville city,MN
Albia city,IA
Albin town,WY
Albion borough,PA
Albion city,IA
Albion city,ID
Albion city,IL
Albion city,MI
Albion city,NE
Albion town,IN
Albion town,OK
Albion town,WA
Albion village,NY
Albright town,WV
Albuquerque city,NM
Alburgh village,VT
Alburnett city,IA
Alburtis borough,PA
Alcester city,SD
Alcoa city,TN
Alda village,NE
Aldan borough,PA
Alden city,IA
Alden city,KS
Alden city,MN
Alden village,NY
Alderson town,OK
Alderson town,WV
Aldora town,GA
Aldrich city,MN
Aldrich village,MO
Aledo city,IL
Aledo city,TX
Aleknagik city,AK
Alex town,OK
Alexander City city,AL
Alexander city,AR
Alexander city,IA
Alexander city,KS
Alexander city,ND
Alexander village,NY
Alexandria Bay village,NY
Alexandria borough,PA
Alexandria city,IN
Alexandria city,KY
Alexandria city,LA
Alexandria city,MN
Alexandria city,MO
Alexandria city,SD
Alexandria city,VA
Alexandria town,TN
Alexandria village,NE
Alexandria village,OH
Alexis village,IL
Alford town,FL
Alfordsville town,IN
Alfred village,NY
Alger village,OH
Algoma city,WI
Algoma town,MS
Algona city,IA
Algona city,WA
Algonac city,MI
Algonquin village,IL
Algood city,TN
Alhambra city,CA
Alhambra village,IL
Alice city,ND
Alice city,TX
Aliceville city,AL
Alicia town,AR
Aline town,OK
Aliquippa city,PA
Aliso Viejo city,CA
Allakaket city,AK
Allardt city,TN
Allegan city,MI
Allegany village,NY
Alleman city,IA
Allen Park city,MI
Allen city,KS
Allen city,KY
Allen city,TX
Allen town,OK
Allen village,MI
Allen village,NE
Allendale borough,NJ
Allendale town,SC
Allendale village,IL
Allendale village,MO
Allenhurst borough,NJ
Allenhurst city,GA
Allenport borough,PA
Allentown borough,NJ
Allentown city,GA
Allentown city,PA
Allenville village,IL
Allenville village,MO
Allerton city,IA
Allerton village,IL
Allgood town,AL
Alliance city,NE
Alliance city,OH
Alliance town,NC
Alligator town,MS
Allison city,IA
Allouez village,WI
Allport town,AR
Alma Center village,WI
Alma city,AR
Alma city,GA
Alma city,KS
Alma city,MI
Alma city,MO
Alma city,NE
Alma city,WI
Alma town,CO
Alma town,TX
Alma village,IL
Almena city,KS
Almena village,WI
Almira town,WA
Almond village,NY
Almond village,WI
Almont city,ND
Almont village,MI
Almyra town,AR
Alpena city,MI
Alpena town,AR
Alpena town,SD
Alpha borough,NJ
Alpha city,MN
Alpha village,IL
Alpha village,MI
Alpharetta city,GA
Alpine borough,NJ
Alpine city,TX
Alpine city,UT
Alpine town,WY
Alsen city,ND
Alsey village,IL
Alsip village,IL
Alston town,GA
Alta Vista city,IA
Alta Vista city,KS
Alta city,IA
Alta town,UT
Altamont city,IL
Altamont city,KS
Altamont town,SD
Altamont town,TN
Altamont town,UT
Altamont village,MO
Altamont village,NY
Altamonte Springs city,FL
Altavista town,VA
Altenburg city,MO
Altha town,FL
Altheimer city,AR
Alto Pass village,IL
Alto town,GA
Alto town,TX
Alton city,IA
Alton city,IL
Alton city,KS
Alton city,MO
Alton city,TX
Alton town,IN
Alton town,UT
Altona town,IN
Altona village,IL
Altoona city,IA
Altoona city,KS
Altoona city,PA
Altoona city,WI
Altoona town,AL
Altura city,MN
Alturas city,CA
Altus city,AR
Altus city,OK
Alva city,OK
Alvan (Alvin) village,IL
Alvarado city,MN
Alvarado city,TX
Alvin city,TX
Alvo village,NE
Alvord city,IA
Alvord town,TX
Amador City city,CA
Amagon town,AR
Amalga town,UT
Amanda village,OH
Amarillo city,TX
Amazonia village,MO
Amber town,OK
Amberley village,OH
Ambia town,IN
Ambler borough,PA
Ambler city,AK
Amboy city,IL
Amboy city,MN
Amboy town,IN
Ambridge borough,PA
Ambrose city,GA
Ambrose city,ND
Amenia city,ND
American Canyon city,CA
American Falls city,ID
American Fork city,UT
Americus city,GA
Americus city,KS
Amery city,WI
Ames city,IA
Ames city,TX
Ames town,OK
Ames village,NY
Amesbury city,MA
Amesville village,OH
Amherst Junction village,WI
Amherst Town city,MA
Amherst city,OH
Amherst city,TX
Amherst town,VA
Amherst village,NE
Amherst village,WI
Amidon city,ND
Amite City town,LA
Amity city,AR
Amity city,OR
Amity town,MO
Amityville village,NY
Ammon city,ID
Amo town,IN
Amoret city,MO
Amorita town,OK
Amory city,MS
Amsterdam city,MO
Amsterdam city,NY
Amsterdam village,OH
Anacoco village,LA
Anaconda-Deer Lodge County,MT
Anacortes city,WA
Anadarko city,OK
Anaheim city,CA
Anahuac city,TX
Anaktuvuk Pass city,AK
Anamoose city,ND
Anamosa city,IA
Anawalt town,WV
Anchor village,IL
Anchorage city,KY
Anchorage municipality,AK
Andale city,KS
Andalusia city,AL
Andalusia village,IL
Anderson city,AK
Anderson city,CA
Anderson city,IN
Anderson city,MO
Anderson city,SC
Anderson city,TX
Anderson town,AL
Andersonville city,GA
Andover borough,NJ
Andover city,IA
Andover city,KS
Andover city,MN
Andover town,SD
Andover village,IL
Andover village,NY
Andover village,OH
Andrew city,IA
Andrews city,TX
Andrews town,IN
Andrews town,NC
Andrews town,SC
Aneta city,ND
Angel Fire village,NM
Angelica village,NY
Angels city,CA
Angie village,LA
Angier town,NC
Angleton city,TX
Angola city,IN
Angola village,NY
Angoon city,AK
Anguilla town,MS
Angus city,TX
Aniak city,AK
Anita city,IA
Aniwa village,WI
Ankeny city,IA
Anmoore town,WV
Ann Arbor city,MI
Anna Maria city,FL
Anna city,IL
Anna city,TX
Anna village,OH
Annabella town,UT
Annada village,MO
Annandale city,MN
Annapolis city,MD
Annapolis city,MO
Annawan town,IL
Annetta North town,TX
Annetta South town,TX
Annetta town,TX
Anniston city,AL
Anniston town,MO
Annona town,TX
Anoka city,MN
Anoka village,NE
Anselmo village,NE
Ansley village,NE
Anson city,TX
Ansonia city,CT
Ansonia village,OH
Ansonville town,NC
Ansted town,WV
Antelope city,OR
Anthon city,IA
Anthony city,KS
Anthony city,NM
Anthony town,TX
Anthonyville town,AR
Antigo city,WI
Antimony town,UT
Antioch city,CA
Antioch village,IL
Antioch village,OH
Antler city,ND
Antlers city,OK
Antoine town,AR
Anton city,TX
Antonito town,CO
Antwerp village,NY
Antwerp village,OH
Anvik city,AK
Apache Junction city,AZ
Apache town,OK
Apalachicola city,FL
Apex town,NC
Aplington city,IA
Apollo borough,PA
Apopka city,FL
Appalachia town,VA
Apple Creek village,OH
Apple River village,IL
Apple Valley city,MN
Apple Valley town,CA
Apple Valley town,UT
Appleby city,TX
Applegate village,MI
Appleton City city,MO
Appleton city,MN
Appleton city,WI
Applewold borough,PA
Appomattox town,VA
Aquilla city,TX
Aquilla village,OH
Arab city,AL
Arabi town,GA
Aragon city,GA
Aransas Pass city,TX
Arapaho town,OK
Arapahoe city,NE
Arapahoe town,NC
Arbela town,MO
Arbyrd city,MO
Arcade city,GA
Arcade village,NY
Arcadia Lakes town,SC
Arcadia city,CA
Arcadia city,FL
Arcadia city,IA
Arcadia city,KS
Arcadia city,MO
Arcadia city,WI
Arcadia town,IN
Arcadia town,LA
Arcadia town,OK
Arcadia village,NE
Arcadia village,OH
Arcanum village,OH
Arcata city,CA
Archbald borough,PA
Archbold village,OH
Archdale city,NC
Archer City city,TX
Archer Lodge town,NC
Archer city,FL
Archer city,IA
Archie city,MO
Arco city,ID
Arco city,MN
Arcola city,IL
Arcola city,TX
Arcola town,MS
Arcola village,MO
Arden Hills city,MN
Arden village,DE
Ardencroft village,DE
Ardentown village,DE
Ardmore city,OK
Ardmore city,TN
Ardmore town,AL
Ardoch city,ND
Ardsley village,NY
Aredale city,IA
Arena village,WI
Arendtsville borough,PA
Arenzville village,IL
Argenta village,IL
Argo city,AL
Argonia city,KS
Argos town,IN
Argusville city,ND
Argyle city,MN
Argyle city,TX
Argyle town,GA
Argyle town,MO
Argyle village,NY
Argyle village,WI
Arimo city,ID
Arion city,IA
Arispe city,IA
Ariton town,AL
Arkadelphia city,AR
Arkansas City city,AR
Arkansas City city,KS
Arkoe town,MO
Arkoma town,OK
Arkport village,NY
Arley town,AL
Arlington Heights village,IL
Arlington Heights village,OH
Arlington city,GA
Arlington city,IA
Arlington city,KS
Arlington city,KY
Arlington city,MN
Arlington city,OR
Arlington city,SD
Arlington city,TX
Arlington city,WA
Arlington town,TN
Arlington village,IL
Arlington village,NE
Arlington village,OH
Arlington village,WI
Arma city,KS
Armada village,MI
Armagh borough,PA
Armington village,IL
Armour city,SD
Armstrong city,IA
Armstrong city,MO
Armstrong town,OK
Arnaudville town,LA
Arnegard city,ND
Arnett town,OK
Arnold city,MO
Arnold city,PA
Arnold village,NE
Arnolds Park city,IA
Arnoldsville city,GA
Aroma Park village,IL
Arona borough,PA
Arp city,TX
Arpin village,WI
Arriba town,CO
Arrow Point village,MO
Arrow Rock town,MO
Arrowsmith village,IL
Arroyo Grande city,CA
Artas town,SD
Artesia city,CA
Artesia city,NM
Artesia town,MS
Artesian town,SD
Arthur city,IA
Arthur city,ND
Arthur village,IL
Arthur village,NE
Arvada city,CO
Arvin city,CA
Asbury Park city,NJ
Asbury city,IA
Asbury city,MO
Ash Flat city,AR
Ash Grove city,MO
Asharoken village,NY
Ashburn city,GA
Ashby city,MN
Ashdown city,AR
Asheboro city,NC
Asher town,OK
Asherton city,TX
Asheville city,NC
Ashford city,AL
Ashkum village,IL
Ashland City town,TN
Ashland borough,PA
Ashland city,KS
Ashland city,KY
Ashland city,MO
Ashland city,NE
Ashland city,OH
Ashland city,OR
Ashland city,WI
Ashland town,AL
Ashland town,MS
Ashland town,OK
Ashland town,VA
Ashland village,IL
Ashland village,LA
Ashley borough,PA
Ashley city,IL
Ashley city,ND
Ashley town,IN
Ashley village,MI
Ashley village,OH
Ashmore village,IL
Ashtabula city,OH
Ashton city,IA
Ashton city,ID
Ashton city,SD
Ashton village,IL
Ashton village,NE
Ashville borough,PA
Ashville city,AL
Ashville village,OH
Ashwaubenon village,WI
Askewville town,NC
Askov city,MN
Asotin city,WA
Aspen city,CO
Aspermont town,TX
Aspinwall borough,PA
Aspinwall city,IA
Assaria city,KS
Assumption city,IL
Astatula town,FL
Astoria city,OR
Astoria town,IL
Astoria town,SD
Atalissa city,IA
Atascadero city,CA
Atchison city,KS
Atglen borough,PA
Athalia village,OH
Athena city,OR
Athens borough,PA
Athens city,AL
Athens city,IL
Athens city,OH
Athens city,TN
Athens city,TX
Athens town,WV
Athens village,LA
Athens village,MI
Athens village,NY
Athens village,WI
Atherton town,CA
Athol city,ID
Athol city,KS
Atka city,AK
Atkins city,AR
Atkins city,IA
Atkinson city,NE
Atkinson town,IL
Atkinson town,NC
Atlanta city,GA
Atlanta city,IL
Atlanta city,KS
Atlanta city,MO
Atlanta city,TX
Atlanta town,IN
Atlanta village,LA
Atlanta village,NE
Atlantic Beach city,FL
Atlantic Beach town,NC
Atlantic Beach town,SC
Atlantic Beach village,NY
Atlantic City city,NJ
Atlantic Highlands borough,NJ
Atlantic city,IA
Atlantis city,FL
Atmore city,AL
Atoka city,OK
Atoka town,TN
Atqasuk city,AK
Attalla city,AL
Attapulgus city,GA
Attica city,IN
Attica city,KS
Attica village,NY
Attica village,OH
Attleboro city,MA
Atwater city,CA
Atwater city,MN
Atwood borough,PA
Atwood city,KS
Atwood town,OK
Atwood town,TN
Atwood village,IL
Au Gres city,MI
Aubrey city,TX
Aubrey town,AR
Auburn Hills city,MI
Auburn borough,PA
Auburn city,AL
Auburn city,CA
Auburn city,GA
Auburn city,IA
Auburn city,IL
Auburn city,IN
Auburn city,KS
Auburn city,KY
Auburn city,ME
Auburn city,MI
Auburn city,NE
Auburn city,NY
Auburn city,WA
Auburn town,WV
Auburndale city,FL
Auburndale village,WI
Auburntown town,TN
Audubon Park borough,NJ
Audubon Park city,KY
Audubon borough,NJ
Audubon city,IA
Audubon city,MN
Augusta city,AR
Augusta city,KS
Augusta city,KY
Augusta city,ME
Augusta city,WI
Augusta town,MO
Augusta village,IL
Augusta village,MI
Aulander town,NC
Aullville village,MO
Ault town,CO
Aumsville city,OR
Aurelia city,IA
Aurora city,CO
Aurora city,IA
Aurora city,IL
Aurora city,IN
Aurora city,KS
Aurora city,MN
Aurora city,MO
Aurora city,NE
Aurora city,OH
Aurora city,OR
Aurora city,TX
Aurora city,UT
Aurora town,NC
Aurora town,SD
Aurora village,NY
Austell city,GA
Austin borough,PA
Austin city,AR
Austin city,IN
Austin city,MN
Austin city,TX
Austwell city,TX
Autaugaville town,AL
Autryville town,NC
Auxvasse city,MO
Ava city,IL
Ava city,MO
Avalon borough,NJ
Avalon borough,PA
Avalon city,CA
Avalon town,GA
Avant town,OK
Avenal city,CA
Aventura city,FL
Avera city,GA
Avery town,TX
Avilla town,IN
Avilla town,MO
Avinger town,TX
Avis borough,PA
Aviston village,IL
Avoca borough,PA
Avoca city,IA
Avoca city,MN
Avoca town,AR
Avoca village,NE
Avoca village,NY
Avoca village,WI
Avon Lake city,OH
Avon Park city,FL
Avon city,MN
Avon city,OH
Avon city,SD
Avon town,AL
Avon town,CO
Avon town,IN
Avon village,IL
Avon village,NY
Avon-by-the-Sea borough,NJ
Avondale Estates city,GA
Avondale borough,PA
Avondale city,AZ
Avondale city,MO
Avonmore borough,PA
Awendaw town,SC
Axtell city,KS
Axtell village,NE
Ayden town,NC
Aynor town,SC
Ayr city,ND
Ayr village,NE
Ayrshire city,IA
Azle city,TX
Aztec city,NM
Azusa city,CA
Babbie town,AL
Babbitt city,MN
Babylon village,NY
Backus city,MN
Baconton city,GA
Bad Axe city,MI
Baden borough,PA
Badger city,IA
Badger city,MN
Badger town,SD
Badin town,NC
Baggs town,WY
Bagley city,IA
Bagley city,MN
Bagley village,WI
Bagnell town,MO
Bailey Lakes village,OH
Bailey city,TX
Bailey town,NC
Bailey's Prairie village,TX
Baileyton town,AL
Baileyton town,TN
Bainbridge Island city,WA
Bainbridge city,GA
Bainbridge town,IN
Bainbridge village,NY
Bainbridge village,OH
Bainville town,MT
Baird city,TX
Bairdstown village,OH
Bairoil town,WY
Baker City city,OR
Baker city,LA
Baker city,MT
Bakerhill town,AL
Bakersfield city,CA
Bakersfield village,MO
Bakersville town,NC
Bal Harbour village,FL
Balaton city,MN
Balch Springs city,TX
Balcones Heights city,TX
Bald Head Island village,NC
Bald Knob city,AR
Baldwin City city,KS
Baldwin Park city,CA
Baldwin Park village,MO
Baldwin borough,PA
Baldwin city,GA
Baldwin city,IA
Baldwin town,FL
Baldwin town,LA
Baldwin village,IL
Baldwin village,MI
Baldwin village,WI
Baldwinsville village,NY
Baldwyn city,MS
Balfour city,ND
Ball Ground city,GA
Ball town,LA
Ballard town,UT
Ballinger city,TX
Ballston Spa village,NY
Balltown city,IA
Ballwin city,MO
Bally borough,PA
Balmorhea city,TX
Balsam Lake village,WI
Balta city,ND
Baltic city,SD
Baltic village,OH
Baltimore city,MD
Baltimore village,OH
Bamberg town,SC
Bancroft city,IA
Bancroft city,ID
Bancroft city,KY
Bancroft town,SD
Bancroft town,WV
Bancroft village,MI
Bancroft village,NE
Bandera city,TX
Bandon city,OR
Baneberry city,TN
Bangor borough,PA
Bangor city,ME
Bangor city,MI
Bangor village,WI
Bangs city,TX
Banks city,OR
Banks town,AL
Banks town,AR
Bankston city,IA
Banner Elk town,NC
Banner village,IL
Banning city,CA
Bannockburn village,IL
Bantam borough,CT
Bar Nunn town,WY
Baraboo city,WI
Barada village,NE
Baraga village,MI
Barberton city,OH
Barbourmeade city,KY
Barboursville village,WV
Barbourville city,KY
Barclay town,MD
Bardolph village,IL
Bardstown city,KY
Bardwell city,KY
Bardwell city,TX
Bargersville town,IN
Baring city,MO
Barker village,NY
Barkeyville borough,PA
Barling city,AR
Barlow city,KY
Barlow city,OR
Barnard city,KS
Barnard city,MO
Barnegat Light borough,NJ
Barnes City city,IA
Barnes city,KS
Barneston village,NE
Barnesville city,GA
Barnesville city,MN
Barnesville town,MD
Barnesville village,OH
Barnett city,MO
Barneveld village,WI
Barney city,ND
Barnhill village,OH
Barnsdall city,OK
Barnstable Town city,MA
Barnum city,IA
Barnum city,MN
Barnwell city,SC
Baroda village,MI
Barrackville town,WV
Barre city,VT
Barrett city,MN
Barrington Hills village,IL
Barrington borough,NJ
Barrington village,IL
Barron city,WI
Barry city,IL
Barry city,MN
Barry city,TX
Barryton village,MI
Barstow city,CA
Barstow city,TX
Bartelso village,IL
Bartlesville city,OK
Bartlett city,KS
Bartlett city,TN
Bartlett city,TX
Bartlett village,IL
Bartlett village,NE
Bartley village,NE
Barton Hills village,MI
Barton town,MD
Barton village,VT
Bartonville town,TX
Bartonville village,IL
Bartow city,FL
Bartow town,GA
Barwick city,GA
Basalt city,ID
Basalt town,CO
Basco village,IL
Bascom town,FL
Basehor city,KS
Basile town,LA
Basin town,WY
Baskin village,LA
Bassett city,IA
Bassett city,KS
Bassett city,NE
Bassett town,AR
Bassfield town,MS
Bastrop city,LA
Bastrop city,TX
Batavia city,IA
Batavia city,IL
Batavia city,NY
Batavia village,OH
Batchtown village,IL
Bates City city,MO
Batesburg-Leesville town,SC
Batesland town,SD
Batesville city,AR
Batesville city,IN
Batesville city,MS
Batesville village,OH
Bath (Berkeley Springs) town,WV
Bath borough,PA
Bath city,ME
Bath town,NC
Bath village,IL
Bath village,NY
Bathgate city,ND
Battle Creek city,IA
Battle Creek city,MI
Battle Creek city,NE
Battle Ground city,WA
Battle Ground town,IN
Battle Lake city,MN
Battlefield city,MO
Baudette city,MN
Bauxite town,AR
Baxley city,GA
Baxter Estates village,NY
Baxter Springs city,KS
Baxter city,IA
Baxter city,MN
Baxter town,TN
Bay City city,MI
Bay City city,OR
Bay City city,TX
Bay City village,WI
Bay Harbor Islands town,FL
Bay Head borough,NJ
Bay Lake city,FL
Bay Minette city,AL
Bay Springs city,MS
Bay St. Louis city,MS
Bay View Gardens village,IL
Bay View village,OH
Bay Village city,OH
Bay city,AR
Bayard city,IA
Bayard city,NE
Bayard city,NM
Bayard town,WV
Bayboro town,NC
Bayfield city,WI
Bayfield town,CO
Baylis village,IL
Bayonne city,NJ
Bayou La Batre city,AL
Bayou Vista city,TX
Bayport city,MN
Bayside town,TX
Bayside village,WI
Baytown city,TX
Bayview town,TX
Bayville village,NY
Bazile Mills village,NE
Bazine city,KS
Beach City city,TX
Beach City village,OH
Beach Haven borough,NJ
Beach Park village,IL
Beach city,ND
Beachwood borough,NJ
Beachwood city,OH
Beacon city,IA
Beacon city,NY
Beaconsfield city,IA
Beallsville borough,PA
Beallsville village,OH
Beaman city,IA
Bean Station city,TN
Bear Creek Village borough,PA
Bear Creek town,AL
Bear Creek village,TX
Bear Creek village,WI
Bear Grass town,NC
Bear Lake borough,PA
Bear Lake village,MI
Bear River City city,UT
Bear River town,WY
Bearcreek town,MT
Bearden city,AR
Bearden town,OK
Beardsley city,MN
Beardstown city,IL
Beasley city,TX
Beatrice city,NE
Beatrice town,AL
Beattie city,KS
Beattyville city,KY
Beaufort city,SC
Beaufort town,NC
Beaumont city,CA
Beaumont city,TX
Beaumont town,MS
Beauregard village,MS
Beaux Arts Village town,WA
Beaver Bay city,MN
Beaver City city,NE
Beaver Creek city,MN
Beaver Crossing village,NE
Beaver Dam city,KY
Beaver Dam city,WI
Beaver Falls city,PA
Beaver Meadows borough,PA
Beaver borough,PA
Beaver city,IA
Beaver city,UT
Beaver town,AR
Beaver town,OK
Beaver village,OH
Beavercreek city,OH
Beaverdam village,OH
Beaverton city,MI
Beaverton city,OR
Beaverton town,AL
Beavertown borough,PA
Beaverville village,IL
Bechtelsville borough,PA
Beckemeyer village,IL
Becker city,MN
Beckley city,WV
Beckville city,TX
Bedford Heights city,OH
Bedford Park village,IL
Bedford borough,PA
Bedford city,IA
Bedford city,IN
Bedford city,KY
Bedford city,OH
Bedford city,TX
Bedford town,VA
Bedias city,TX
Bee Cave city,TX
Bee village,NE
Beebe city,AR
Beech Bottom village,WV
Beech Creek borough,PA
Beech Grove city,IN
Beech Mountain town,NC
Beecher City village,IL
Beecher village,IL
Beechwood Village city,KY
Beedeville town,AR
Beemer village,NE
Beersheba Springs town,TN
Beeville city,TX
Beggs city,OK
Bejou city,MN
Bel Air town,MD
Bel Aire city,KS
Bel-Nor village,MO
Bel-Ridge village,MO
Belcher village,LA
Belden village,NE
Belding city,MI
Belen city,NM
Belfast city,ME
Belfield city,ND
Belgium village,IL
Belgium village,WI
Belgrade city,MN
Belgrade city,MT
Belgrade village,NE
Belhaven town,NC
Belington town,WV
Belk town,AL
Belknap village,IL
Bell Acres borough,PA
Bell Buckle town,TN
Bell Center village,WI
Bell City city,MO
Bell Gardens city,CA
Bell city,CA
Bell town,FL
Bella Villa city,MO
Bella Vista city,AR
Bellaire city,TX
Bellaire village,MI
Bellaire village,OH
Bellbrook city,OH
Belle Center village,OH
Belle Fourche city,SD
Belle Glade city,FL
Belle Haven town,VA
Belle Isle city,FL
Belle Meade city,TN
Belle Plaine city,IA
Belle Plaine city,KS
Belle Plaine city,MN
Belle Prairie City town,IL
Belle Rive village,IL
Belle Terre village,NY
Belle Valley village,OH
Belle Vernon borough,PA
Belle city,MO
Belle town,WV
Belleair Beach city,FL
Belleair Bluffs city,FL
Belleair Shore town,FL
Belleair town,FL
Bellechester city,MN
Bellefontaine Neighbors city,MO
Bellefontaine city,OH
Bellefonte borough,PA
Bellefonte city,KY
Bellefonte town,AR
Bellefonte town,DE
Bellemeade city,KY
Bellerive Acres city,MO
Bellerose village,NY
Belleview city,FL
Belleville city,AR
Belleville city,IL
Belleville city,KS
Belleville city,MI
Belleville village,WI
Bellevue borough,PA
Bellevue city,IA
Bellevue city,ID
Bellevue city,KY
Bellevue city,NE
Bellevue city,OH
Bellevue city,TX
Bellevue city,WA
Bellevue village,IL
Bellevue village,MI
Bellevue village,WI
Bellewood city,KY
Bellflower city,CA
Bellflower city,MO
Bellflower village,IL
Bellingham city,MN
Bellingham city,WA
Bellmawr borough,NJ
Bellmead city,TX
Bellmont village,IL
Bellows Falls village,VT
Bellport village,NY
Bells city,TN
Bells town,TX
Bellville city,GA
Bellville city,TX
Bellville village,OH
Bellwood borough,PA
Bellwood village,IL
Bellwood village,NE
Belmar borough,NJ
Belmond city,IA
Belmont city,CA
Belmont city,NC
Belmont city,WV
Belmont town,MS
Belmont village,NY
Belmont village,OH
Belmont village,WI
Belmore village,OH
Beloit city,KS
Beloit city,WI
Beloit village,OH
Belpre city,KS
Belpre city,OH
Belt town,MT
Belton city,MO
Belton city,SC
Belton city,TX
Beltrami city,MN
Belvedere city,CA
Belvidere city,IL
Belvidere town,NJ
Belvidere town,SD
Belvidere village,NE
Belview city,MN
Belville town,NC
Belvue city,KS
Belwood town,NC
Belzoni city,MS
Bement village,IL
Bemidji city,MN
Bemus Point village,NY
Ben Avon Heights borough,PA
Ben Avon borough,PA
Ben Lomond town,AR
Bena city,MN
Benavides city,TX
Benbrook city,TX
Bend city,OR
Bendersville borough,PA
Benedict city,KS
Benedict city,ND
Benedict village,NE
Benham city,KY
Benicia city,CA
Benjamin city,TX
Benkelman city,NE
Benld city,IL
Bennet village,NE
Bennett city,IA
Bennett town,CO
Bennettsville city,SC
Bennington city,KS
Bennington city,NE
Bennington town,OK
Benoit town,MS
Bensenville village,IL
Benson borough,PA
Benson city,AZ
Benson city,MN
Benson town,NC
Benson village,IL
Bentley city,KS
Bentley town,IL
Bentleyville borough,PA
Bentleyville village,OH
Benton City city,WA
Benton City village,MO
Benton Harbor city,MI
Benton Ridge village,OH
Benton borough,PA
Benton city,AR
Benton city,IA
Benton city,IL
Benton city,KS
Benton city,KY
Benton city,MO
Benton town,AL
Benton town,LA
Benton town,TN
Benton village,WI
Bentonia town,MS
Bentonville city,AR
Benwood city,WV
Benzonia village,MI
Berea city,KY
Berea city,OH
Beresford city,SD
Bergen city,ND
Bergen village,NY
Bergenfield borough,NJ
Berger city,MO
Bergholz village,OH
Bergman town,AR
Berkeley Lake city,GA
Berkeley city,CA
Berkeley city,MO
Berkeley village,IL
Berkey village,OH
Berkley city,IA
Berkley city,MI
Berlin Heights village,OH
Berlin borough,NJ
Berlin borough,PA
Berlin city,GA
Berlin city,ND
Berlin city,NH
Berlin city,WI
Berlin town,AL
Berlin town,MD
Berlin village,IL
Bermuda Run town,NC
Bern city,KS
Bernalillo town,NM
Bernard city,IA
Bernardsville borough,NJ
Berne city,IN
Bernice town,LA
Bernice town,OK
Bernie city,MO
Bernville borough,PA
Berrien Springs village,MI
Berry Hill city,TN
Berry city,KY
Berry town,AL
Berrysburg borough,PA
Berryville city,AR
Berryville town,TX
Berryville town,VA
Bertha city,MN
Berthold city,ND
Berthoud town,CO
Bertram city,IA
Bertram city,TX
Bertrand city,MO
Bertrand village,NE
Berwick borough,PA
Berwick town,LA
Berwyn Heights town,MD
Berwyn city,IL
Berwyn village,NE
Bessemer City city,NC
Bessemer borough,PA
Bessemer city,AL
Bessemer city,MI
Bessie town,OK
Bethalto village,IL
Bethania town,NC
Bethany Beach town,DE
Bethany borough,PA
Bethany city,MO
Bethany city,OK
Bethany town,IN
Bethany town,WV
Bethany village,IL
Bethel Acres town,OK
Bethel Park municipality,PA
Bethel Springs town,TN
Bethel city,AK
Bethel city,MN
Bethel town,DE
Bethel town,NC
Bethel village,MO
Bethel village,OH
Bethesda village,OH
Bethlehem city,PA
Bethlehem town,GA
Bethlehem village,WV
Bethune town,CO
Bethune town,SC
Bettendorf city,IA
Betterton town,MD
Bettles city,AK
Bettsville village,OH
Between town,GA
Beulah city,ND
Beulah town,MS
Beulah village,MI
Beulaville town,NC
Beverly Beach town,FL
Beverly Hills city,CA
Beverly Hills city,MO
Beverly Hills city,TX
Beverly Hills village,MI
Beverly Shores town,IN
Beverly city,KS
Beverly city,MA
Beverly city,NJ
Beverly town,WV
Beverly village,OH
Bevier city,MO
Bevil Oaks city,TX
Bevington city,IA
Bexley city,OH
Bicknell city,IN
Bicknell town,UT
Biddeford city,ME
Bienville village,LA
Big Bear Lake city,CA
Big Beaver borough,PA
Big Bend village,WI
Big Cabin town,OK
Big Creek village,MS
Big Falls city,MN
Big Falls village,WI
Big Flat town,AR
Big Lake city,MN
Big Lake city,TX
Big Lake village,MO
Big Piney town,WY
Big Rapids city,MI
Big Rock village,IL
Big Run borough,PA
Big Sandy town,MT
Big Sandy town,TN
Big Sandy town,TX
Big Spring city,TX
Big Springs village,NE
Big Stone City city,SD
Big Stone Gap town,VA
Big Timber city,MT
Big Water town,UT
Big Wells city,TX
Bigelow city,MN
Bigelow town,AR
Bigelow village,MO
Bigfork city,MN
Biggers town,AR
Biggs city,CA
Biggsville village,IL
Biglerville borough,PA
Billings city,MO
Billings city,MT
Billings town,OK
Billingsley town,AL
Biloxi city,MS
Biltmore Forest town,NC
Binford city,ND
Bingen city,WA
Binger town,OK
Bingham Farms village,MI
Bingham Lake city,MN
Bingham village,IL
Binghamton city,NY
Birch Run village,MI
Birch Tree city,MO
Birchwood Village city,MN
Birchwood village,WI
Bird City city,KS
Bird Island city,MN
Birdsboro borough,PA
Birdseye town,IN
Birdsong town,AR
Birmingham borough,PA
Birmingham city,AL
Birmingham city,IA
Birmingham city,MI
Birmingham village,MO
Birnamwood village,WI
Biron village,WI
Bisbee city,AZ
Bisbee city,ND
Biscay city,MN
Biscayne Park village,FL
Biscoe town,NC
Bishop Hill village,IL
Bishop Hills town,TX
Bishop city,CA
Bishop city,TX
Bishop town,GA
Bishopville city,SC
Bismarck city,MO
Bismarck city,ND
Bismarck village,IL
Bison city,KS
Bison town,SD
Biwabik city,MN
Bixby city,OK
Black Creek town,NC
Black Creek village,WI
Black Diamond city,WA
Black Earth village,WI
Black Hawk city,CO
Black Jack city,MO
Black Mountain town,NC
Black Oak town,AR
Black River Falls city,WI
Black River village,NY
Black Rock city,AR
Black Springs town,AR
Black town,AL
Blackburn city,MO
Blackburn town,OK
Blackduck city,MN
Blackfoot city,ID
Blacksburg town,SC
Blacksburg town,VA
Blackshear city,GA
Blackstone town,VA
Blacksville town,WV
Blackville town,SC
Blackwater city,MO
Blackwell city,OK
Blackwell city,TX
Bladen village,NE
Bladenboro town,NC
Bladensburg town,MD
Blades town,DE
Blain borough,PA
Blaine city,KY
Blaine city,MN
Blaine city,TN
Blaine city,WA
Blair city,NE
Blair city,WI
Blair town,OK
Blairsburg city,IA
Blairstown city,IA
Blairstown city,MO
Blairsville borough,PA
Blairsville city,GA
Blakely borough,PA
Blakely city,GA
Blakesburg city,IA
Blakeslee village,OH
Blanca town,CO
Blanchard city,IA
Blanchard city,OK
Blanchard town,LA
Blanchardville village,WI
Blanchester village,OH
Blanco city,TX
Bland city,MO
Blanding city,UT
Blandinsville village,IL
Blandville city,KY
Blanket town,TX
Blasdell village,NY
Blawnox borough,PA
Blencoe city,IA
Blenheim town,SC
Blevins city,AR
Bliss city,ID
Blissfield village,MI
Blockton city,IA
Blodgett city,MO
Blomkest city,MN
Bloomburg town,TX
Bloomdale village,OH
Bloomer city,WI
Bloomfield Hills city,MI
Bloomfield borough,PA
Bloomfield city,IA
Bloomfield city,KY
Bloomfield city,MO
Bloomfield city,NE
Bloomfield city,NM
Bloomfield town,IN
Bloomfield village,NY
Bloomfield village,WI
Blooming Grove town,TX
Blooming Prairie city,MN
Blooming Valley borough,PA
Bloomingburg village,NY
Bloomingburg village,OH
Bloomingdale borough,NJ
Bloomingdale city,GA
Bloomingdale town,IN
Bloomingdale village,IL
Bloomingdale village,MI
Bloomingdale village,OH
Bloomington city,ID
Bloomington city,IL
Bloomington city,IN
Bloomington city,MN
Bloomington village,NE
Bloomington village,WI
Bloomsburg town,PA
Bloomsbury borough,NJ
Bloomsdale city,MO
Bloomville village,OH
Blossburg borough,PA
Blossom city,TX
Blountstown city,FL
Blountsville town,AL
Blountsville town,IN
Blowing Rock town,NC
Bloxom town,VA
Blue Ash city,OH
Blue Earth city,MN
Blue Eye town,AR
Blue Eye town,MO
Blue Grass city,IA
Blue Hill city,NE
Blue Island city,IL
Blue Lake city,CA
Blue Mound city,KS
Blue Mound city,TX
Blue Mound village,IL
Blue Mounds village,WI
Blue Mountain town,AR
Blue Mountain town,MS
Blue Rapids city,KS
Blue Ridge Manor city,KY
Blue Ridge city,GA
Blue Ridge city,TX
Blue River town,CO
Blue River village,WI
Blue Springs city,MO
Blue Springs city,NE
Blue Springs town,AL
Blue Springs village,MS
Bluefield city,WV
Bluefield town,VA
Bluejacket town,OK
Bluff City city,KS
Bluff City city,TN
Bluff City town,AR
Bluff town,UT
Bluffdale city,UT
Bluffs village,IL
Bluffton city,IN
Bluffton city,MN
Bluffton town,GA
Bluffton town,SC
Bluffton village,OH
Bluford village,IL
Blum town,TX
Blunt city,SD
Blythe city,CA
Blythe city,GA
Blythedale village,MO
Blytheville city,AR
Blythewood town,SC
Boardman city,OR
Boardman town,NC
Boaz city,AL
Boaz village,WI
Boca Raton city,FL
Bock city,MN
Bodcaw town,AR
Bode city,IA
Boerne city,TX
Bogalusa city,LA
Bogard city,MO
Bogart town,GA
Bogata city,TX
Bogota borough,NJ
Bogue city,KS
Bogue town,NC
Boiling Spring Lakes city,NC
Boiling Springs town,NC
Boise City city,ID
Boise City city,OK
Bokchito town,OK
Bokoshe town,OK
Bolckow city,MO
Boley town,OK
Boligee town,AL
Bolingbrook village,IL
Bolivar borough,PA
Bolivar city,MO
Bolivar city,TN
Bolivar town,WV
Bolivar village,NY
Bolivar village,OH
Bolivia town,NC
Bolton town,MS
Bolton town,NC
Bon Air town,AL
Bonanza city,AR
Bonanza town,OR
Bonaparte city,IA
Bonduel village,WI
Bondurant city,IA
Bondville village,IL
Bone Gap village,IL
Bonesteel city,SD
Bonfield village,IL
Bonham city,TX
Bonifay city,FL
Bonita Springs city,FL
Bonita village,LA
Bonne Terre city,MO
Bonneau town,SC
Bonneauville borough,PA
Bonner Springs city,KS
Bonners Ferry city,ID
Bonney Lake city,WA
Bonney village,TX
Bonnie village,IL
Bonnieville city,KY
Bono city,AR
Booker town,TX
Boone city,IA
Boone town,CO
Boone town,NC
Boones Mill town,VA
Booneville city,AR
Booneville city,KY
Booneville city,MS
Boonsboro town,MD
Boonton town,NJ
Boonville city,IN
Boonville city,MO
Boonville town,NC
Boonville village,NY
Borden town,IN
Bordentown city,NJ
Borger city,TX
Borup city,MN
Boscobel city,WI
Bosque Farms village,NM
Bossier City city,LA
Bostic town,NC
Boston Heights village,OH
Boston city,GA
Boston city,MA
Boston town,IN
Bostwick city,GA
Boswell borough,PA
Boswell town,IN
Boswell town,OK
Bosworth city,MO
Bothell city,WA
Botkins village,OH
Bottineau city,ND
Boulder City city,NV
Boulder city,CO
Boulder city,MT
Boulder town,UT
Bound Brook borough,NJ
Bountiful city,UT
Bourbon city,MO
Bourbon town,IN
Bourbonnais village,IL
Bouton city,IA
Bovey city,MN
Bovill city,ID
Bovina city,TX
Bow Mar town,CO
Bowbells city,ND
Bowdle city,SD
Bowdon city,GA
Bowdon city,ND
Bowen village,IL
Bowers town,DE
Bowerston village,OH
Bowersville town,GA
Bowersville village,OH
Bowie city,MD
Bowie city,TX
Bowlegs town,OK
Bowler village,WI
Bowling Green city,FL
Bowling Green city,KY
Bowling Green city,MO
Bowling Green city,OH
Bowling Green town,VA
Bowlus city,MN
Bowman city,GA
Bowman city,ND
Bowman town,SC
Bowmanstown borough,PA
Box Elder city,SD
Boxholm city,IA
Boy River city,MN
Boyce town,LA
Boyce town,VA
Boyceville village,WI
Boyd city,MN
Boyd town,TX
Boyd village,WI
Boyden city,IA
Boydton town,VA
Boyertown borough,PA
Boykins town,VA
Boyle town,MS
Boyne City city,MI
Boyne Falls village,MI
Boynton Beach city,FL
Boynton town,OK
Boys Town village,NE
Bozeman city,MT
Braceville village,IL
Brackenridge borough,PA
Brackettville city,TX
Bradbury city,CA
Braddock Hills borough,PA
Braddock borough,PA
Braddock city,ND
Braddyville city,IA
Braden town,TN
Bradenton Beach city,FL
Bradenton city,FL
Bradford Woods borough,PA
Bradford city,AR
Bradford city,PA
Bradford town,TN
Bradford village,IL
Bradford village,OH
Bradfordsville city,KY
Bradgate city,IA
Bradley Beach borough,NJ
Bradley city,AR
Bradley town,OK
Bradley town,SD
Bradley village,IL
Bradner village,OH
Bradshaw town,WV
Bradshaw village,NE
Brady city,TX
Brady village,NE
Bragg City town,MO
Braggs town,OK
Braham city,MN
Braidwood city,IL
Brainard village,NE
Brainerd city,MN
Braintree Town city,MA
Braman town,OK
Bramwell town,WV
Branch city,AR
Branchville borough,NJ
Branchville town,SC
Branchville town,VA
Brandenburg city,KY
Brandon city,IA
Brandon city,MN
Brandon city,MS
Brandon city,SD
Brandon village,WI
Brandonville town,WV
Brandsville city,MO
Brandt town,SD
Branford town,FL
Branson West city,MO
Branson city,MO
Branson town,CO
Brant Lake city,SD
Brantley town,AL
Braselton town,GA
Brashear city,MO
Braswell town,GA
Bratenahl village,OH
Brawley city,CA
Braxton village,MS
Bray town,OK
Braymer city,MO
Brayton city,IA
Brazil city,IN
Brazoria city,TX
Brazos Country city,TX
Brea city,CA
Breaux Bridge city,LA
Breckenridge Hills city,MO
Breckenridge city,MN
Breckenridge city,MO
Breckenridge city,TX
Breckenridge town,CO
Breckenridge town,OK
Breckenridge village,MI
Brecksville city,OH
Breda city,IA
Breedsville village,MI
Breese city,IL
Breezy Point city,MN
Bremen city,GA
Bremen city,KY
Bremen town,IN
Bremen village,OH
Bremerton city,WA
Bremond city,TX
Brenham city,TX
Brent city,AL
Brentford town,SD
Brentwood borough,PA
Brentwood city,CA
Brentwood city,MO
Brentwood city,TN
Brentwood town,MD
Brevard city,NC
Brevig Mission city,AK
Brewer city,ME
Brewster city,KS
Brewster city,MN
Brewster city,WA
Brewster village,NE
Brewster village,NY
Brewster village,OH
Brewton city,AL
Brian Head town,UT
Briar Creek borough,PA
Briarcliff Manor village,NY
Briarcliff city,AR
Briarcliff village,TX
Briarcliffe Acres town,SC
Briaroaks city,TX
Briarwood city,KY
Briarwood city,ND
Brice village,OH
Bricelyn city,MN
Bridge City city,TX
Bridge Creek town,OK
Bridgeport borough,PA
Bridgeport city,AL
Bridgeport city,CT
Bridgeport city,IL
Bridgeport city,NE
Bridgeport city,OK
Bridgeport city,TX
Bridgeport city,WA
Bridgeport city,WV
Bridgeport village,OH
Bridger town,MT
Bridgeton city,MO
Bridgeton city,NJ
Bridgeton town,NC
Bridgeview village,IL
Bridgeville borough,PA
Bridgeville town,DE
Bridgewater Town city,MA
Bridgewater borough,PA
Bridgewater city,IA
Bridgewater city,SD
Bridgewater town,VA
Bridgman city,MI
Brielle borough,NJ
Brier city,WA
Brigantine city,NJ
Brigham City city,UT
Brighton city,AL
Brighton city,CO
Brighton city,IA
Brighton city,MI
Brighton town,TN
Brighton town,UT
Brighton village,IL
Brightwaters village,NY
Brilliant town,AL
Brillion city,WI
Brimfield village,IL
Brimson village,MO
Brinkley city,AR
Brinsmade city,ND
Brinson town,GA
Briny Breezes town,FL
Brisbane city,CA
Brisbin borough,PA
Bristol borough,PA
Bristol city,CT
Bristol city,FL
Bristol city,SD
Bristol city,TN
Bristol city,VA
Bristol town,IN
Bristol village,WI
Bristow city,IA
Bristow city,OK
Bristow village,NE
Britt city,IA
Britton city,SD
Britton village,MI
Broad Top City borough,PA
Broadalbin village,NY
Broaddus town,TX
Broadland town,SD
Broadlands village,IL
Broadus town,MT
Broadview Heights city,OH
Broadview town,MT
Broadview village,IL
Broadwater village,NE
Broadway town,NC
Broadway town,VA
Broadwell village,IL
Brock village,NE
Brocket city,ND
Brockport village,NY
Brockton city,MA
Brockway borough,PA
Brocton village,IL
Brocton village,NY
Brodhead city,KY
Brodhead city,WI
Brodnax town,VA
Broeck Pointe city,KY
Broken Arrow city,OK
Broken Bow city,NE
Broken Bow city,OK
Bromide town,OK
Bromley city,KY
Bronaugh city,MO
Bronson city,IA
Bronson city,KS
Bronson city,MI
Bronson town,FL
Bronte town,TX
Bronwood town,GA
Bronxville village,NY
Brook Park city,MN
Brook Park city,OH
Brook town,IN
Brooker town,FL
Brookeville town,MD
Brookfield city,MO
Brookfield city,WI
Brookfield village,IL
Brookford town,NC
Brookhaven borough,PA
Brookhaven city,GA
Brookhaven city,MS
Brookings city,OR
Brookings city,SD
Brookland city,AR
Brooklawn borough,NJ
Brooklet city,GA
Brooklyn Center city,MN
Brooklyn Heights town,MO
Brooklyn Heights village,OH
Brooklyn Park city,MN
Brooklyn city,IA
Brooklyn city,OH
Brooklyn town,IN
Brooklyn village,IL
Brooklyn village,MI
Brooklyn village,WI
Brookneal town,VA
Brookport city,IL
Brooks city,MN
Brooks town,GA
Brooksburg town,IN
Brookshire city,TX
Brookside Village city,TX
Brookside town,AL
Brookside town,CO
Brookside village,OH
Brookston city,MN
Brookston town,IN
Brooksville city,FL
Brooksville city,KY
Brooksville town,MS
Brooksville town,OK
Brookview town,MD
Brookville borough,PA
Brookville city,KS
Brookville city,OH
Brookville town,IN
Brookville village,NY
Brookwood town,AL
Broomfield city,CO
Brooten city,MN
Broughton village,IL
Broughton village,OH
Broussard city,LA
Browerville city,MN
Brown City city,MI
Brown Deer village,WI
Browndell city,TX
Brownell city,KS
Brownfield city,TX
Browning city,MO
Browning village,IL
Brownington town,MO
Browns Valley city,MN
Browns village,IL
Brownsboro Farm city,KY
Brownsboro Village city,KY
Brownsboro city,TX
Brownsburg town,IN
Brownsdale city,MN
Brownstown borough,PA
Brownstown town,IN
Brownstown village,IL
Brownsville borough,PA
Brownsville city,KY
Brownsville city,MN
Brownsville city,OR
Brownsville city,TN
Brownsville city,TX
Brownsville village,WI
Brownton city,MN
Browntown village,WI
Brownville village,NE
Brownville village,NY
Brownwood city,TX
Broxton city,GA
Bruce city,SD
Bruce town,MS
Bruce village,WI
Bruceton Mills town,WV
Bruceton town,TN
Bruceville town,IN
Bruceville-Eddy city,TX
Bruin borough,PA
Brule village,NE
Brumley town,MO
Brundidge city,AL
Bruning village,NE
Bruno city,MN
Bruno village,NE
Brunson town,SC
Brunsville city,IA
Brunswick city,GA
Brunswick city,MD
Brunswick city,MO
Brunswick city,OH
Brunswick town,NC
Brunswick village,NE
Brush city,CO
Brushton village,NY
Brusly town,LA
Brussels village,IL
Bryan city,OH
Bryan city,TX
Bryant city,AR
Bryant city,SD
Bryant town,IN
Bryant village,IL
Bryce Canyon City town,UT
Bryceland village,LA
Bryn Athyn borough,PA
Bryson City town,NC
Bryson city,TX
Buchanan city,GA
Buchanan city,MI
Buchanan city,ND
Buchanan town,VA
Buchanan village,NY
Buchtel village,OH
Buck Grove city,IA
Buckeye Lake village,OH
Buckeye city,AZ
Buckeye city,IA
Buckhannon city,WV
Buckhead town,GA
Buckholts town,TX
Buckhorn city,KY
Buckingham village,IL
Buckland city,AK
Buckland village,OH
Buckley city,WA
Buckley village,IL
Buckley village,MI
Bucklin city,KS
Bucklin city,MO
Buckman city,MN
Buckner city,AR
Buckner city,MO
Buckner village,IL
Bucoda town,WA
Bucyrus city,ND
Bucyrus city,OH
Buda city,TX
Buda village,IL
Bude town,MS
Buellton city,CA
Buena Park city,CA
Buena Vista city,GA
Buena Vista city,VA
Buena Vista town,CO
Buena borough,NJ
Buffalo Center city,IA
Buffalo City city,WI
Buffalo Gap town,SD
Buffalo Gap town,TX
Buffalo Grove village,IL
Buffalo Lake city,MN
Buffalo Springs Lake village,TX
Buffalo city,IA
Buffalo city,KS
Buffalo city,MN
Buffalo city,MO
Buffalo city,ND
Buffalo city,NY
Buffalo city,TX
Buffalo city,WY
Buffalo town,OK
Buffalo town,SD
Buffalo town,WV
Buffalo village,IL
Buford city,GA
Buhl city,ID
Buhl city,MN
Buhler city,KS
Bull Creek village,MO
Bull Shoals city,AR
Bull Valley village,IL
Bullard town,TX
Bullhead City city,AZ
Bulls Gap town,TN
Bulpitt village,IL
Bulverde city,TX
Bunceton city,MO
Buncombe village,IL
Bunker Hill Village city,TX
Bunker Hill city,IL
Bunker Hill city,KS
Bunker Hill town,IN
Bunker city,MO
Bunkie city,LA
Bunn town,NC
Bunnell city,FL
Burbank city,CA
Burbank city,IL
Burbank town,OK
Burbank village,OH
Burchard village,NE
Burden city,KS
Burdett city,KS
Burdett village,NY
Burdette town,AR
Bureau Junction village,IL
Burgaw town,NC
Burgettstown borough,PA
Burgin city,KY
Burgoon village,OH
Burien city,WA
Burkburnett city,TX
Burke city,SD
Burke city,TX
Burke village,NY
Burkesville city,KY
Burket town,IN
Burkettsville village,OH
Burkeville town,VA
Burkittsville town,MD
Burleson city,TX
Burley city,ID
Burlingame city,CA
Burlingame city,KS
Burlington Junction city,MO
Burlington borough,PA
Burlington city,CO
Burlington city,IA
Burlington city,KS
Burlington city,NC
Burlington city,ND
Burlington city,NJ
Burlington city,VT
Burlington city,WA
Burlington city,WI
Burlington town,IN
Burlington town,OK
Burlington town,WY
Burlington village,IL
Burlington village,MI
Burlison town,TN
Burnet city,TX
Burnettown town,SC
Burnettsville town,IN
Burnham borough,PA
Burnham village,IL
Burns Flat town,OK
Burns Harbor town,IN
Burns city,KS
Burns city,OR
Burns town,TN
Burns town,WY
Burnside borough,PA
Burnside city,KY
Burnsville city,MN
Burnsville town,MS
Burnsville town,NC
Burnsville town,WV
Burnt Prairie village,IL
Burr Oak city,KS
Burr Oak village,MI
Burr Ridge village,IL
Burr village,NE
Burrton city,KS
Burt city,IA
Burton city,MI
Burton city,TX
Burton village,NE
Burton village,OH
Burtrum city,MN
Burwell city,NE
Bush village,IL
Bushnell city,FL
Bushnell city,IL
Bushnell town,SD
Bushnell village,NE
Bushong city,KS
Bushton city,KS
Bussey city,IA
Butler borough,NJ
Butler city,GA
Butler city,IN
Butler city,KY
Butler city,MO
Butler city,PA
Butler town,AL
Butler town,OK
Butler town,SD
Butler village,IL
Butler village,OH
Butler village,WI
Butlerville village,OH
Butner town,NC
Butte City city,ID
Butte Falls town,OR
Butte city,ND
Butte village,NE
Butterfield city,MN
Butterfield city,MO
Butternut village,WI
Buxton city,ND
Byars town,OK
Byers city,KS
Byers city,TX
Byesville village,OH
Byhalia town,MS
Byng town,OK
Bynum town,TX
Byram city,MS
Byrdstown town,TN
Byrnes Mill city,MO
Byromville town,GA
Byron city,GA
Byron city,IL
Byron city,MN
Byron town,OK
Byron town,WY
Byron village,MI
Byron village,NE
Cabery village,IL
Cabool city,MO
Cabot city,AR
Cache city,OK
Cactus city,TX
Caddo Mills city,TX
Caddo Valley town,AR
Caddo town,OK
Cadillac city,MI
Cadiz city,KY
Cadiz town,IN
Cadiz village,OH
Cadott village,WI
Cadwell town,GA
Cahokia Heights city,IL
Cainsville city,MO
Cairo city,GA
Cairo city,IL
Cairo town,WV
Cairo village,MO
Cairo village,NE
Cairo village,OH
Cajah's Mountain town,NC
Calabasas city,CA
Calabash town,NC
Calais city,ME
Calamus city,IA
Caldwell borough,NJ
Caldwell city,ID
Caldwell city,KS
Caldwell city,TX
Caldwell town,AR
Caldwell village,OH
Cale town,AR
Caledonia city,MN
Caledonia town,MS
Caledonia village,IL
Caledonia village,MI
Caledonia village,MO
Caledonia village,NY
Caledonia village,OH
Caledonia village,WI
Calera city,AL
Calera town,OK
Calexico city,CA
Calhan town,CO
Calhoun City town,MS
Calhoun Falls town,SC
Calhoun city,GA
Calhoun city,KY
Calhoun city,MO
Calhoun town,TN
Calhoun village,IL
Calico Rock city,AR
Caliente city,NV
Califon borough,NJ
California City city,CA
California borough,PA
California city,KY
California city,MO
Calimesa city,CA
Calio city,ND
Calion city,AR
Calipatria city,CA
Calistoga city,CA
Callahan town,FL
Callao city,MO
Callaway city,FL
Callaway city,MN
Callaway village,NE
Callender city,IA
Callensburg borough,PA
Callery borough,PA
Callimont borough,PA
Callisburg city,TX
Calmar city,IA
Calumet City city,IL
Calumet Park village,IL
Calumet city,IA
Calumet city,MN
Calumet town,OK
Calumet village,MI
Calvert City city,KY
Calvert city,TX
Calverton Park city,MO
Calvin city,ND
Calvin town,OK
Calvin village,LA
Calypso town,NC
Camak town,GA
Camanche city,IA
Camargo city,KY
Camargo town,OK
Camargo village,IL
Camarillo city,CA
Camas city,WA
Cambria village,IL
Cambria village,WI
Cambridge City town,IN
Cambridge Springs borough,PA
Cambridge city,IA
Cambridge city,ID
Cambridge city,KS
Cambridge city,KY
Cambridge city,MA
Cambridge city,MD
Cambridge city,MN
Cambridge city,NE
Cambridge city,OH
Cambridge village,IL
Cambridge village,NY
Cambridge village,VT
Cambridge village,WI
Camden Point city,MO
Camden city,AL
Camden city,AR
Camden city,MO
Camden city,NJ
Camden city,SC
Camden city,TN
Camden town,DE
Camden town,IN
Camden village,IL
Camden village,MI
Camden village,NY
Camden village,OH
Camden-on-Gauley town,WV
Camdenton city,MO
Cameron city,MO
Cameron city,TX
Cameron city,WV
Cameron town,NC
Cameron town,OK
Cameron town,SC
Cameron village,WI
Camilla city,GA
Camillus village,NY
Cammack Village city,AR
Camp Crook town,SD
Camp Douglas village,WI
Camp Hill borough,PA
Camp Hill town,AL
Camp Point village,IL
Camp Verde town,AZ
Camp Wood city,TX
Campbell Hill village,IL
Campbell Station city,AR
Campbell city,CA
Campbell city,MN
Campbell city,MO
Campbell city,OH
Campbell city,TX
Campbell village,NE
Campbellsburg city,KY
Campbellsburg town,IN
Campbellsport village,WI
Campbellsville city,KY
Campbellton town,FL
Campo town,CO
Campobello town,SC
Campti town,LA
Campton Hills village,IL
Campton city,KY
Campus village,IL
Canadian city,TX
Canadian town,OK
Canajoharie village,NY
Canal Fulton city,OH
Canal Winchester city,OH
Canalou city,MO
Canandaigua city,NY
Canaseraga village,NY
Canastota village,NY
Canby city,MN
Canby city,OR
Cando city,ND
Candor town,NC
Candor village,NY
Caney City town,TX
Caney city,KS
Caney town,OK
Caneyville city,KY
Canfield city,OH
Canisteo village,NY
Canistota city,SD
Cankton village,LA
Cannelburg town,IN
Cannelton city,IN
Cannon Beach city,OR
Cannon Falls city,MN
Cannonville town,UT
Canon city,GA
Canonsburg borough,PA
Canova town,SD
Canton City (Hensel) city,ND
Canton borough,PA
Canton city,GA
Canton city,IL
Canton city,KS
Canton city,MN
Canton city,MO
Canton city,MS
Canton city,OH
Canton city,SD
Canton city,TX
Canton town,NC
Canton town,OK
Canton village,NY
Cantrall village,IL
Cantril city,IA
Canute town,OK
Canyon City town,OR
Canyon Lake city,CA
Canyon city,TX
Canyonville city,OR
Capac village,MI
Cape Canaveral city,FL
Cape Carteret town,NC
Cape Charles town,VA
Cape Coral city,FL
Cape Girardeau city,MO
Cape May Point borough,NJ
Cape May city,NJ
Cape Vincent village,NY
Capitan village,NM
Capitol Heights town,MD
Capitola city,CA
Capon Bridge town,WV
Capron town,VA
Capron village,IL
Caraway city,AR
Carbon Cliff village,IL
Carbon Hill city,AL
Carbon Hill village,IL
Carbon city,IA
Carbon town,IN
Carbon town,TX
Carbonado town,WA
Carbonate town,CO
Carbondale city,IL
Carbondale city,KS
Carbondale city,PA
Carbondale town,CO
Cardiff town,AL
Cardington village,OH
Cardwell city,MO
Carefree town,AZ
Carencro city,LA
Carey city,ID
Carey village,OH
Caribou city,ME
Carl Junction city,MO
Carl town,GA
Carl's Corner town,TX
Carleton village,MI
Carleton village,NE
Carlin city,NV
Carlinville city,IL
Carlisle borough,PA
Carlisle city,AR
Carlisle city,IA
Carlisle city,KY
Carlisle city,OH
Carlisle town,IN
Carlisle town,SC
Carlock village,IL
Carlos city,MN
Carlsbad city,CA
Carlsbad city,NM
Carlstadt borough,NJ
Carlton Landing town,OK
Carlton city,GA
Carlton city,KS
Carlton city,MN
Carlton city,OR
Carlyle city,IL
Carmel city,IN
Carmel-by-the-Sea city,CA
Carmen town,OK
Carmi city,IL
Carmichaels borough,PA
Carmine city,TX
Carnation city,WA
Carnegie borough,PA
Carnegie town,OK
Carnesville city,GA
Carney town,OK
Carney village,MI
Caro city,MI
Carol Stream village,IL
Carolina Beach town,NC
Carolina Shores town,NC
Carolina town,AL
Carpendale town,WV
Carpenter city,IA
Carpentersville village,IL
Carpinteria city,CA
Carpio city,ND
Carrabelle city,FL
Carrboro town,NC
Carrier Mills village,IL
Carrier town,OK
Carrington city,ND
Carrizo Springs city,TX
Carrizozo town,NM
Carroll Valley borough,PA
Carroll city,IA
Carroll village,NE
Carroll village,OH
Carrollton city,GA
Carrollton city,IL
Carrollton city,KY
Carrollton city,MO
Carrollton city,TX
Carrollton town,AL
Carrollton town,MS
Carrollton village,OH
Carrolltown borough,PA
Carrsville city,KY
Carson City,NV
Carson City city,MI
Carson city,CA
Carson city,IA
Carson city,ND
Carsonville village,MI
Carter Lake city,IA
Carter town,OK
Carteret borough,NJ
Cartersville city,GA
Carterville city,IL
Carterville city,MO
Carthage city,AR
Carthage city,IL
Carthage city,MO
Carthage city,MS
Carthage city,SD
Carthage city,TX
Carthage town,IN
Carthage town,NC
Carthage town,TN
Carthage village,NY
Caruthersville city,MO
Carver city,MN
Cary town,MS
Cary town,NC
Cary village,IL
Carytown city,MO
Caryville town,FL
Caryville town,TN
Casa Grande city,AZ
Casa town,AR
Casar town,NC
Cascade Locks city,OR
Cascade city,IA
Cascade city,ID
Cascade town,MT
Cascade village,WI
Casco village,WI
Caseville city,MI
Casey city,IA
Casey city,IL
Caseyville village,IL
Cash town,AR
Cashion Community city,TX
Cashion town,OK
Cashmere city,WA
Cashton village,WI
Casnovia village,MI
Casper city,WY
Caspian city,MI
Cass City village,MI
Cass Lake city,MN
Cassadaga village,NY
Cassandra borough,PA
Casselberry city,FL
Casselman borough,PA
Casselton city,ND
Cassoday city,KS
Cassopolis village,MI
Casstown village,OH
Cassville borough,PA
Cassville city,MO
Cassville village,WI
Castalia city,IA
Castalia town,NC
Castalia village,OH
Castana city,IA
Castile village,NY
Castine village,OH
Castle Dale city,UT
Castle Hills city,TX
Castle Pines city,CO
Castle Rock city,WA
Castle Rock town,CO
Castle Shannon borough,PA
Castle Valley town,UT
Castle town,OK
Castleberry town,AL
Castleford city,ID
Castleton-on-Hudson village,NY
Castlewood city,SD
Castor village,LA
Castorland village,NY
Castroville city,TX
Caswell Beach town,NC
Catasauqua borough,PA
Catawba town,NC
Catawba village,OH
Catawba village,WI
Catawissa borough,PA
Cathay city,ND
Cathedral City city,CA
Cathlamet town,WA
Catlettsburg city,KY
Catlin village,IL
Cato village,NY
Catoosa city,OK
Catron town,MO
Catskill village,NY
Cattaraugus village,NY
Caulksville town,AR
Causey village,NM
Cavalier city,ND
Cave City city,AR
Cave City city,KY
Cave Creek town,AZ
Cave Junction city,OR
Cave Spring city,GA
Cave Springs city,AR
Cave-In-Rock village,IL
Cavour town,SD
Cawker City city,KS
Cayce city,SC
Cayuga Heights village,NY
Cayuga city,ND
Cayuga town,IN
Cayuga village,NY
Cazenovia village,NY
Cazenovia village,WI
CaÃ±on City city,CO
Cecil city,GA
Cecil village,OH
Cecil village,WI
Cecilton town,MD
Cedar Bluff town,AL
Cedar Bluff town,VA
Cedar Bluffs village,NE
Cedar City city,UT
Cedar Creek village,NE
Cedar Falls city,IA
Cedar Fort town,UT
Cedar Grove town,IN
Cedar Grove town,WV
Cedar Grove village,WI
Cedar Hill Lakes village,MO
Cedar Hill city,TN
Cedar Hill city,TX
Cedar Hills city,UT
Cedar Key city,FL
Cedar Lake town,IN
Cedar Mills city,MN
Cedar Park city,TX
Cedar Point city,KS
Cedar Point town,NC
Cedar Point village,IL
Cedar Rapids city,IA
Cedar Rapids village,NE
Cedar Rock village,NC
Cedar Springs city,MI
Cedar Vale city,KS
Cedar Valley city,OK
Cedar city,KS
Cedarburg city,WI
Cedaredge town,CO
Cedarhurst village,NY
Cedartown city,GA
Cedarville city,AR
Cedarville village,IL
Cedarville village,OH
Celeste city,TX
Celina city,OH
Celina city,TN
Celina city,TX
Celoron village,NY
Cement City village,MI
Cement town,OK
Centennial city,CO
Center City city,MN
Center Hill city,FL
Center Line city,MI
Center Point city,AL
Center Point city,IA
Center Point town,IN
Center city,MO
Center city,ND
Center city,TX
Center town,CO
Center village,NE
Centerburg village,OH
Centerfield town,UT
Centerport borough,PA
Centerton city,AR
Centertown city,KY
Centertown town,MO
Centertown town,TN
Centerview city,MO
Centerville (Thurman) village,OH
Centerville borough,PA
Centerville borough,PA
Centerville city,GA
Centerville city,IA
Centerville city,MN
Centerville city,MO
Centerville city,OH
Centerville city,SD
Centerville city,TX
Centerville city,UT
Centerville town,IN
Centerville town,TN
Centrahoma city,OK
Central City borough,PA
Central City city,IA
Central City city,KY
Central City city,NE
Central City city,SD
Central City town,AR
Central City village,IL
Central Falls city,RI
Central High town,OK
Central Lake village,MI
Central Pacolet town,SC
Central Point city,OR
Central Square village,NY
Central Valley town,UT
Central city,CO
Central city,LA
Central town,SC
Centralhatchee town,GA
Centralia borough,PA
Centralia city,IA
Centralia city,IL
Centralia city,KS
Centralia city,MO
Centralia city,WA
Centre Hall borough,PA
Centre Island village,NY
Centre city,AL
Centreville city,AL
Centreville town,MD
Centreville town,MS
Centreville village,MI
Centuria village,WI
Century town,FL
Ceredo city,WV
Ceres city,CA
Ceresco village,NE
Cerritos city,CA
Cerro Gordo town,NC
Cerro Gordo village,IL
Ceylon city,MN
Chadbourn town,NC
Chadron city,NE
Chadwick village,IL
Chaffee city,MO
Chagrin Falls village,OH
Chain of Rocks village,MO
Chain-O-Lakes village,MO
Chalfant borough,PA
Chalfont borough,PA
Challis city,ID
Chalmers town,IN
Chama village,NM
Chamberlain city,SD
Chambers village,NE
Chambersburg borough,PA
Chamblee city,GA
Chamois city,MO
Champ village,MO
Champaign city,IL
Champlain village,NY
Champlin city,MN
Chancellor town,SD
Chandler city,AZ
Chandler city,MN
Chandler city,OK
Chandler city,TX
Chandler town,IN
Chandlerville village,IL
Chanhassen city,MN
Channahon village,IL
Channing city,TX
Chanute city,KS
Chapel Hill town,NC
Chapel Hill town,TN
Chapin town,SC
Chapin village,IL
Chapman borough,PA
Chapman city,KS
Chapman village,NE
Chapmanville town,WV
Chappell city,NE
Chardon city,OH
Chariton city,IA
Charlack city,MO
Charleroi borough,PA
Charles City city,IA
Charles Town city,WV
Charleston city,AR
Charleston city,IL
Charleston city,MO
Charleston city,MS
Charleston city,SC
Charleston city,TN
Charleston city,WV
Charleston town,UT
Charlestown city,IN
Charlestown town,MD
Charlevoix city,MI
Charlotte Court House town,VA
Charlotte city,IA
Charlotte city,MI
Charlotte city,NC
Charlotte city,TX
Charlotte town,TN
Charlottesville city,VA
Charmwood town,MO
Charter Oak city,IA
Chase City town,VA
Chase city,KS
Chaseburg village,WI
Chaska city,MN
Chataignier village,LA
Chateaugay village,NY
Chatfield city,MN
Chatfield village,OH
Chatham borough,NJ
Chatham town,LA
Chatham town,VA
Chatham village,IL
Chatham village,MI
Chatham village,NY
Chatom town,AL
Chatsworth city,GA
Chatsworth city,IA
Chatsworth town,IL
Chattahoochee Hills city,GA
Chattahoochee city,FL
Chattanooga city,TN
Chattanooga town,OK
Chaumont village,NY
Chauncey city,GA
Chauncey village,OH
Chautauqua city,KS
Chebanse village,IL
Cheboygan city,MI
Checotah city,OK
Chefornak city,AK
Chehalis city,WA
Chelan city,WA
Chelsea city,AL
Chelsea city,IA
Chelsea city,MA
Chelsea city,MI
Chelsea town,OK
Chelsea town,SD
Chenequa village,WI
Cheney city,KS
Cheney city,WA
Cheneyville town,LA
Chenoa city,IL
Cheraw town,CO
Cheraw town,SC
Cheriton town,VA
Cherokee Ridge town,AL
Cherokee Village city,AR
Cherokee city,IA
Cherokee city,KS
Cherokee city,OK
Cherokee town,AL
Cherry Hills Village city,CO
Cherry Tree borough,PA
Cherry Valley borough,PA
Cherry Valley city,AR
Cherry Valley village,IL
Cherry Valley village,NY
Cherry village,IL
Cherryvale city,KS
Cherryville city,NC
Chesaning village,MI
Chesapeake Beach town,MD
Chesapeake City town,MD
Chesapeake city,VA
Chesapeake town,WV
Chesapeake village,OH
Cheshire village,OH
Chesilhurst borough,NJ
Chesnee city,SC
Chest Springs borough,PA
Chester Heights borough,PA
Chester Hill borough,PA
Chester borough,NJ
Chester city,IA
Chester city,IL
Chester city,PA
Chester city,SC
Chester city,WV
Chester town,AR
Chester town,GA
Chester town,MT
Chester town,TX
Chester village,NE
Chester village,NY
Chesterfield city,MO
Chesterfield town,IN
Chesterfield town,SC
Chesterfield village,IL
Chesterhill village,OH
Chesterton town,IN
Chestertown town,MD
Chesterville village,OH
Chestnut Ridge village,NY
Cheswick borough,PA
Cheswold town,DE
Chetek city,WI
Chetopa city,KS
Chevak city,AK
Cheverly town,MD
Cheviot city,OH
Chevy Chase Section Five village,MD
Chevy Chase Section Three village,MD
Chevy Chase View town,MD
Chevy Chase Village town,MD
Chevy Chase town,MD
Chewelah city,WA
Cheyenne Wells town,CO
Cheyenne city,WY
Cheyenne town,OK
Chicago Heights city,IL
Chicago Ridge village,IL
Chicago city,IL
Chickamauga city,GA
Chickamaw Beach city,MN
Chickasaw city,AL
Chickasaw village,OH
Chickasha city,OK
Chico city,CA
Chico city,TX
Chicopee city,MA
Chicora borough,PA
Chidester city,AR
Chiefland city,FL
Chignik city,AK
Childersburg city,AL
Childress city,TX
Chilhowee town,MO
Chilhowie town,VA
Chillicothe city,IA
Chillicothe city,IL
Chillicothe city,MO
Chillicothe city,OH
Chillicothe city,TX
Chilo village,OH
Chiloquin city,OR
Chilton city,WI
Chimney Rock Village village,NC
China Grove town,NC
China Grove town,TX
China city,TX
Chincoteague town,VA
Chino Hills city,CA
Chino Valley town,AZ
Chino city,CA
Chinook city,MT
Chipley city,FL
Chippewa Falls city,WI
Chippewa Lake village,OH
Chireno city,TX
Chisago City city,MN
Chisholm city,MN
Chittenango village,NY
Chocowinity town,NC
Choctaw city,OK
Chokio city,MN
Choteau city,MT
Choudrant village,LA
Chouteau town,OK
Chowchilla city,CA
Chrisman city,IL
Chrisney town,IN
Christiana borough,PA
Christiansburg town,VA
Christiansburg village,OH
Christine city,ND
Christine town,TX
Christopher city,IL
Chuathbaluk city,AK
Chubbuck city,ID
Chugwater town,WY
Chula Vista city,CA
Chula city,MO
Chunky town,MS
Church Creek town,MD
Church Hill city,TN
Church Hill town,MD
Church Point town,LA
Churchill borough,PA
Churchville village,NY
Churdan city,IA
Churubusco town,IN
Cibolo city,TX
Cicero town,IL
Cicero town,IN
Cimarron City town,OK
Cimarron city,KS
Cimarron village,NM
Cincinnati city,IA
Cincinnati city,OH
Cinco Bayou town,FL
Circle Pines city,MN
Circle town,MT
Circleville city,KS
Circleville city,OH
Circleville town,UT
Cisco city,TX
Cisco village,IL
Cisne village,IL
Cissna Park village,IL
Citronelle city,AL
Citrus Heights city,CA
City of Creede town,CO
Claflin city,KS
Claire City town,SD
Clairton city,PA
Clanton city,AL
Clara City city,MN
Clare city,IA
Clare city,MI
Claremont city,CA
Claremont city,MN
Claremont city,NC
Claremont city,NH
Claremont town,SD
Claremont town,VA
Claremont village,IL
Claremore city,OK
Clarence city,IA
Clarence city,MO
Clarence village,LA
Clarendon Hills village,IL
Clarendon borough,PA
Clarendon city,AR
Clarendon city,TX
Clarinda city,IA
Clarington village,OH
Clarion borough,PA
Clarion city,IA
Clarissa city,MN
Clark Fork city,ID
Clark borough,PA
Clark city,MO
Clark city,SD
Clark's Point city,AK
Clarkdale town,AZ
Clarkedale city,AR
Clarkesville city,GA
Clarkfield city,MN
Clarks Green borough,PA
Clarks Grove city,MN
Clarks Hill town,IN
Clarks Summit borough,PA
Clarks village,LA
Clarks village,NE
Clarksburg city,MO
Clarksburg city,WV
Clarksburg town,TN
Clarksburg village,OH
Clarksdale city,MO
Clarksdale city,MS
Clarkson Valley city,MO
Clarkson city,KY
Clarkson city,NE
Clarkston city,GA
Clarkston city,WA
Clarkston town,UT
Clarksville City city,TX
Clarksville borough,PA
Clarksville city,AR
Clarksville city,IA
Clarksville city,MO
Clarksville city,TN
Clarksville city,TX
Clarksville town,IN
Clarksville town,VA
Clarksville village,MI
Clarksville village,OH
Clarkton city,MO
Clarkton town,NC
Clatonia village,NE
Clatskanie city,OR
Claude city,TX
Clawson city,MI
Clawson town,UT
Claxton city,GA
Clay Center city,KS
Clay Center city,NE
Clay Center village,OH
Clay City city,KY
Clay City town,IN
Clay City village,IL
Clay city,AL
Clay city,KY
Clay town,WV
Claycomo village,MO
Clayhatchee town,AL
Claypool town,IN
Claysville borough,PA
Clayton borough,NJ
Clayton city,AL
Clayton city,CA
Clayton city,GA
Clayton city,IA
Clayton city,ID
Clayton city,KS
Clayton city,MO
Clayton city,OH
Clayton town,DE
Clayton town,IN
Clayton town,LA
Clayton town,NC
Clayton town,NM
Clayton town,OK
Clayton village,IL
Clayton village,MI
Clayton village,NY
Clayton village,WI
Clayville village,NY
Cle Elum city,WA
Clear Lake Shores city,TX
Clear Lake city,IA
Clear Lake city,MN
Clear Lake city,SD
Clear Lake town,IN
Clear Lake village,WI
Clear Spring town,MD
Clearbrook city,MN
Clearfield borough,PA
Clearfield city,IA
Clearfield city,UT
Clearlake city,CA
Clearmont city,MO
Clearmont town,WY
Clearview town,OK
Clearview village,WV
Clearwater city,FL
Clearwater city,KS
Clearwater city,MN
Clearwater village,NE
Cleburne city,TX
Cleghorn city,IA
Clementon borough,NJ
Clements city,MN
Clemmons village,NC
Clemons city,IA
Clemson city,SC
Clendenin town,WV
Cleo Springs town,OK
Cleona borough,PA
Clermont city,FL
Clermont city,IA
Clermont town,GA
Clermont town,IN
Cleveland Heights city,OH
Cleveland city,GA
Cleveland city,MN
Cleveland city,MO
Cleveland city,MS
Cleveland city,ND
Cleveland city,OH
Cleveland city,OK
Cleveland city,TN
Cleveland city,TX
Cleveland town,AL
Cleveland town,NC
Cleveland town,UT
Cleveland town,VA
Cleveland village,IL
Cleveland village,NY
Cleveland village,WI
Clever city,MO
Cleves village,OH
Clewiston city,FL
Cliff Village village,MO
Clifford city,ND
Clifford town,IN
Clifford village,MI
Cliffside Park borough,NJ
Clifton Forge town,VA
Clifton Heights borough,PA
Clifton Hill city,MO
Clifton Springs village,NY
Clifton city,ID
Clifton city,KS
Clifton city,NJ
Clifton city,TN
Clifton city,TX
Clifton town,AZ
Clifton town,VA
Clifton village,IL
Clifton village,OH
Climax city,GA
Climax city,KS
Climax city,MN
Climax village,MI
Clinchco town,VA
Clinchport town,VA
Clint town,TX
Clinton city,AR
Clinton city,IA
Clinton city,IL
Clinton city,IN
Clinton city,KY
Clinton city,MN
Clinton city,MO
Clinton city,MS
Clinton city,NC
Clinton city,OK
Clinton city,SC
Clinton city,TN
Clinton city,UT
Clinton town,LA
Clinton town,NJ
Clinton village,MI
Clinton village,NE
Clinton village,NY
Clinton village,OH
Clinton village,WI
Clintonville borough,PA
Clintonville city,WI
Clintwood town,VA
Clio city,AL
Clio city,IA
Clio city,MI
Clio town,SC
Clitherall city,MN
Clive city,IA
Clontarf city,MN
Cloquet city,MN
Closter borough,NJ
Cloud Lake town,FL
Cloudcroft village,NM
Clover town,SC
Cloverdale city,CA
Cloverdale town,IN
Cloverdale village,OH
Cloverport city,KY
Clovis city,CA
Clovis city,NM
Clute city,TX
Clutier city,IA
Clyde Hill city,WA
Clyde Park town,MT
Clyde city,KS
Clyde city,OH
Clyde city,TX
Clyde town,NC
Clyde village,MO
Clyde village,NY
Clyman village,WI
Clymer borough,PA
Coachella city,CA
Coahoma town,MS
Coahoma town,TX
Coal Center borough,PA
Coal City village,IL
Coal Creek town,CO
Coal Grove village,OH
Coal Hill city,AR
Coal Run Village city,KY
Coal Valley village,IL
Coaldale borough,PA
Coaldale borough,PA
Coalgate city,OK
Coaling city,AL
Coalinga city,CA
Coalmont borough,PA
Coalmont city,TN
Coalport borough,PA
Coalton village,IL
Coalton village,OH
Coalville city,UT
Coates city,MN
Coatesville city,PA
Coatesville town,IN
Coats city,KS
Coats town,NC
Coatsburg village,IL
Cobalt village,MO
Cobb village,WI
Cobbtown city,GA
Cobden city,MN
Cobden village,IL
Cobleskill village,NY
Coburg city,IA
Coburg city,OR
Cochran city,GA
Cochrane village,WI
Cochranton borough,PA
Cockrell Hill city,TX
Cocoa Beach city,FL
Cocoa city,FL
Coconut Creek city,FL
Cody city,WY
Cody village,NE
Coeburn town,VA
Coeur d'Alene city,ID
Coffee City town,TX
Coffee Springs town,AL
Coffeen city,IL
Coffeeville town,AL
Coffeeville town,MS
Coffey city,MO
Coffeyville city,KS
Coffman Cove city,AK
Cofield village,NC
Coggon city,IA
Cogswell city,ND
Cohasset city,MN
Cohocton village,NY
Cohoes city,NY
Cohutta city,GA
Coin city,IA
Cokato city,MN
Cokeburg borough,PA
Cokedale town,CO
Coker town,AL
Cokeville town,WY
Colbert city,GA
Colbert town,OK
Colby city,KS
Colby city,WI
Colchester city,IL
Colcord town,OK
Cold Bay city,AK
Cold Brook village,NY
Cold Spring city,KY
Cold Spring city,MN
Cold Spring village,NY
Coldspring city,TX
Coldstream city,KY
Coldwater city,KS
Coldwater city,MI
Coldwater town,MS
Coldwater village,OH
Cole Camp city,MO
Cole town,OK
Coleharbor city,ND
Coleman city,FL
Coleman city,MI
Coleman city,TX
Coleman village,WI
Colerain town,NC
Coleraine city,MN
Coleridge village,NE
Colesburg city,IA
Coleta village,IL
Colfax city,CA
Colfax city,IA
Colfax city,ND
Colfax city,WA
Colfax town,IN
Colfax town,LA
Colfax village,IL
Colfax village,WI
Collbran town,CO
College Corner village,OH
College Park city,GA
College Park city,MD
College Place city,WA
College Springs city,IA
College Station city,TX
Collegedale city,TN
Collegeville borough,PA
Colleyville city,TX
Collierville town,TN
Collingdale borough,PA
Collingswood borough,NJ
Collins city,GA
Collins city,IA
Collins city,MS
Collins village,MO
Collinston village,LA
Collinsville city,AL
Collinsville city,IL
Collinsville city,OK
Collinsville town,TX
Collinwood city,TN
Collyer city,KS
Colma town,CA
Colman city,SD
Colmar Manor town,MD
Colmesneil city,TX
Colo city,IA
Cologne city,MN
Coloma city,MI
Coloma village,WI
Colome city,SD
Colon village,MI
Colon village,NE
Colona city,IL
Colonial Beach town,VA
Colonial Heights city,VA
Colonie village,NY
Colony city,KS
Colony town,AL
Colony town,OK
Colorado City city,TX
Colorado City town,AZ
Colorado Springs city,CO
Colp village,IL
Colquitt city,GA
Colstrip city,MT
Colt city,AR
Colton city,CA
Colton city,SD
Colton town,WA
Columbia City city,IN
Columbia City city,OR
Columbia Falls city,MT
Columbia Heights city,MN
Columbia borough,PA
Columbia city,IL
Columbia city,KY
Columbia city,MO
Columbia city,MS
Columbia city,SC
Columbia city,SD
Columbia city,TN
Columbia town,AL
Columbia town,LA
Columbia town,NC
Columbiana city,AL
Columbiana city,OH
Columbiaville village,MI
Columbine Valley town,CO
Columbus City city,IA
Columbus Grove village,OH
Columbus Junction city,IA
Columbus city,GA
Columbus city,IN
Columbus city,KS
Columbus city,KY
Columbus city,MN
Columbus city,MS
Columbus city,ND
Columbus city,NE
Columbus city,OH
Columbus city,TX
Columbus city,WI
Columbus town,MT
Columbus town,NC
Columbus village,IL
Columbus village,NM
Colusa city,CA
Colville city,WA
Colwell city,IA
Colwich city,KS
Colwyn borough,PA
Comanche city,OK
Comanche city,TX
Combes town,TX
Combine city,TX
Combined Locks village,WI
Comer city,GA
Comfrey city,MN
Commerce City city,CO
Commerce city,CA
Commerce city,GA
Commerce city,OK
Commerce city,TX
Commerce village,MO
Commercial Point village,OH
Como town,MS
Como town,NC
Como town,TX
Compton city,CA
Compton village,IL
Comstock city,MN
Comstock village,NE
Conception Junction town,MO
Conconully town,WA
Concord city,CA
Concord city,GA
Concord city,KY
Concord city,NC
Concord city,NH
Concord town,AR
Concord village,IL
Concord village,MI
Concord village,NE
Concordia city,KS
Concordia city,MO
Concrete town,WA
Conde city,SD
Condon city,OR
Conesville city,IA
Conesville village,OH
Conetoe town,NC
Coney Island village,MO
Confluence borough,PA
Conger city,MN
Congerville village,IL
Congress village,OH
Conneaut Lake borough,PA
Conneaut city,OH
Conneautville borough,PA
Connell city,WA
Connellsville city,PA
Connelly Springs town,NC
Connersville city,IN
Connoquenessing borough,PA
Conover city,NC
Conrad city,IA
Conrad city,MT
Conrath village,WI
Conroe city,TX
Conshohocken borough,PA
Constableville village,NY
Constantine village,MI
Continental village,OH
Converse city,TX
Converse town,IN
Converse village,LA
Convoy village,OH
Conway Springs city,KS
Conway borough,PA
Conway city,AR
Conway city,IA
Conway city,MO
Conway city,ND
Conway city,SC
Conway town,NC
Conyers city,GA
Conyngham borough,PA
Cook city,MN
Cook village,NE
Cookeville city,TN
Cooksville village,IL
Cool Valley city,MO
Cool city,TX
Cooleemee town,NC
Coolidge city,AZ
Coolidge city,GA
Coolidge city,KS
Coolidge town,TX
Coolville village,OH
Coon Rapids city,IA
Coon Rapids city,MN
Coon Valley village,WI
Cooper City city,FL
Cooper city,TX
Coopersburg borough,PA
Cooperstown borough,PA
Cooperstown city,ND
Cooperstown village,NY
Coopersville city,MI
Cooperton town,OK
Coopertown town,TN
Coos Bay city,OR
Coosada town,AL
Cooter city,MO
Copan town,OK
Cope town,SC
Copeland city,KS
Copemish village,MI
Copenhagen village,NY
Coplay borough,PA
Coppell city,TX
Copper Canyon town,TX
Copper City village,MI
Copperas Cove city,TX
Copperhill city,TN
Copperton metro township,UT
Coppock city,IA
Coquille city,OR
Coral Gables city,FL
Coral Springs city,FL
Coralville city,IA
Coraopolis borough,PA
Corbin City city,NJ
Corbin city,KY
Corcoran city,CA
Corcoran city,MN
Cordele city,GA
Corder city,MO
Cordova city,AK
Cordova town,AL
Cordova town,SC
Cordova village,IL
Cordova village,NE
Corfu village,NY
Corinne city,UT
Corinth city,KY
Corinth city,MS
Corinth city,TX
Corinth town,AR
Corinth village,NY
Corn town,OK
Cornelia city,GA
Cornelius city,OR
Cornelius town,NC
Cornell city,WI
Cornell village,IL
Cornersville town,TN
Corning city,AR
Corning city,CA
Corning city,IA
Corning city,KS
Corning city,NY
Corning town,MO
Corning village,OH
Cornish town,OK
Cornish town,UT
Cornlea village,NE
Cornwall borough,PA
Cornwall-on-Hudson village,NY
Corona city,CA
Corona town,SD
Corona village,NM
Coronado city,CA
Corpus Christi city,TX
Corral City town,TX
Corrales village,NM
Correctionville city,IA
Correll city,MN
Corrigan town,TX
Corry city,PA
Corsica borough,PA
Corsica city,SD
Corsicana city,TX
Corte Madera town,CA
Cortez city,CO
Cortland city,NY
Cortland city,OH
Cortland town,IL
Cortland village,NE
Corunna city,MI
Corunna town,IN
Corvallis city,OR
Corwin village,OH
Corwith city,IA
Corydon city,IA
Corydon city,KY
Corydon town,IN
Cosby village,MO
Coshocton city,OH
Cosmopolis city,WA
Cosmos city,MN
Costa Mesa city,CA
Cotati city,CA
Cotesfield village,NE
Cottage City town,MD
Cottage Grove city,MN
Cottage Grove city,OR
Cottage Grove town,TN
Cottage Grove village,WI
Cottageville town,SC
Cotter city,AR
Cotter city,IA
Cottleville city,MO
Cotton Plant city,AR
Cotton Valley town,LA
Cottondale town,FL
Cottonport town,LA
Cottonwood Falls city,KS
Cottonwood Heights city,UT
Cottonwood Shores city,TX
Cottonwood city,AZ
Cottonwood city,ID
Cottonwood city,MN
Cottonwood city,TX
Cottonwood town,AL
Cottonwood town,SD
Cotulla city,TX
Couderay village,WI
Coudersport borough,PA
Coulee City town,WA
Coulee Dam town,WA
Coulter city,IA
Coulterville village,IL
Council Bluffs city,IA
Council Grove city,KS
Council Hill town,OK
Council city,ID
Country Club Heights town,IN
Country Club Hills city,IL
Country Club Hills city,MO
Country Club village,MO
Country Life Acres village,MO
Countryside city,IL
County Line town,AL
Coupeville town,WA
Coupland city,TX
Courtdale borough,PA
Courtenay city,ND
Courtland city,KS
Courtland city,MN
Courtland town,AL
Courtland town,MS
Courtland town,VA
Coushatta town,LA
Cove City town,NC
Cove Neck village,NY
Cove city,OR
Cove city,TX
Cove town,AR
Covina city,CA
Covington city,GA
Covington city,IN
Covington city,KY
Covington city,LA
Covington city,TN
Covington city,TX
Covington city,VA
Covington city,WA
Covington town,OK
Covington village,OH
Cowan city,TN
Coward town,SC
Cowarts town,AL
Cowden village,IL
Cowen town,WV
Coweta city,OK
Cowgill city,MO
Cowles village,NE
Cowley town,WY
Cowpens town,SC
Coxsackie village,NY
Coy town,AR
Coyle town,OK
Coyote Flats city,TX
Coyville city,KS
Cozad city,NE
Crab Orchard city,KY
Crab Orchard city,TN
Crab Orchard village,NE
Crafton borough,PA
Craig Beach village,OH
Craig city,AK
Craig city,CO
Craig city,IA
Craig city,MO
Craig village,NE
Craigmont city,ID
Craigsville town,VA
Crainville village,IL
Cramerton town,NC
Crandall city,TX
Crandall town,IN
Crandon city,WI
Crane city,MO
Crane city,TX
Crane town,IN
Cranesville borough,PA
Cranfills Gap city,TX
Cranston city,RI
Crary city,ND
Crawford city,GA
Crawford city,NE
Crawford town,CO
Crawford town,MS
Crawford town,TX
Crawfordsville city,IA
Crawfordsville city,IN
Crawfordsville town,AR
Crawfordville city,GA
Creal Springs city,IL
Credit River city,MN
Creedmoor city,NC
Creedmoor city,TX
Creekside borough,PA
Creekside city,KY
Creighton city,MO
Creighton city,NE
Crenshaw town,MS
Creola town,AL
Creola village,LA
Cresbard town,SD
Crescent City city,CA
Crescent City city,FL
Crescent City village,IL
Crescent Springs city,KY
Crescent city,IA
Crescent city,OK
Cresco city,IA
Cresskill borough,NJ
Cresson borough,PA
Cresson city,TX
Cressona borough,PA
Crest Hill city,IL
Crested Butte town,CO
Crestline village,OH
Creston city,IA
Creston town,WA
Creston village,IL
Creston village,NE
Creston village,OH
Crestone town,CO
Crestview Hills city,KY
Crestview city,FL
Crestview city,KY
Crestwood city,KY
Crestwood city,MO
Crestwood village,IL
Creswell city,OR
Creswell town,NC
Crete city,NE
Crete village,IL
Creve Coeur city,MO
Creve Coeur village,IL
Crewe town,VA
Cridersville village,OH
Cripple Creek city,CO
Crisfield city,MD
Crittenden city,KY
Crivitz village,WI
Crocker city,MO
Crockett city,TX
Crofton city,KY
Crofton city,NE
Croghan village,NY
Cromwell city,IA
Cromwell city,MN
Cromwell town,IN
Cromwell town,OK
Crook town,CO
Crooks city,SD
Crookston city,MN
Crookston village,NE
Crooksville village,OH
Crosby city,MN
Crosby city,ND
Crosby town,MS
Crosbyton city,TX
Cross City town,FL
Cross Hill town,SC
Cross Plains city,TN
Cross Plains town,TX
Cross Plains village,WI
Cross Roads borough,PA
Cross Roads town,TX
Cross Timber town,TX
Cross Timbers city,MO
Crossett city,AR
Crossgate city,KY
Crosslake city,MN
Crossnore town,NC
Crossville city,TN
Crossville town,AL
Crossville village,IL
Croswell city,MI
Crothersville town,IN
Croton-on-Hudson village,NY
Crouch city,ID
Crowder town,MS
Crowder town,OK
Crowell city,TX
Crowley city,LA
Crowley city,TX
Crowley town,CO
Crown City village,OH
Crown Point city,IN
Crows Nest town,IN
Cruger town,MS
Crump city,TN
Crystal City city,MO
Crystal City city,TX
Crystal Falls city,MI
Crystal Lake Park city,MO
Crystal Lake city,IA
Crystal Lake city,IL
Crystal Lakes city,MO
Crystal River city,FL
Crystal Springs city,MS
Crystal city,MN
Crystal city,ND
Cuba City city,WI
Cuba city,IL
Cuba city,KS
Cuba city,MO
Cuba town,AL
Cuba village,NM
Cuba village,NY
Cudahy city,CA
Cudahy city,WI
Cuero city,TX
Culbertson town,MT
Culbertson village,NE
Culdesac city,ID
Cullen town,LA
Cullison city,KS
Cullman city,AL
Culloden city,GA
Cullom village,IL
Culpeper town,VA
Culver City city,CA
Culver city,KS
Culver city,OR
Culver town,IN
Cumberland City town,TN
Cumberland Gap town,TN
Cumberland city,IA
Cumberland city,KY
Cumberland city,MD
Cumberland city,WI
Cumberland town,IN
Cumberland village,OH
Cumby city,TX
Cumming city,GA
Cumming city,IA
Cuney town,TX
Cunningham city,KS
Cupertino city,CA
Curlew city,IA
Curran village,IL
Currie city,MN
Curryville city,MO
Curtis city,NE
Curtiss village,WI
Curwensville borough,PA
Cushing city,IA
Cushing city,OK
Cushing city,TX
Cushing village,NE
Cushman city,AR
Cusick town,WA
Cusseta town,AL
Cusseta-Chattahoochee County unified government,GA
Custar village,OH
Custer City town,OK
Custer city,SD
Custer village,MI
Cut Bank city,MT
Cut and Shoot city,TX
Cuthbert city,GA
Cutler Bay town,FL
Cutler village,IL
Cuyahoga Falls city,OH
Cuyahoga Heights village,OH
Cuyuna city,MN
Cygnet village,OH
Cylinder city,IA
Cynthiana city,KY
Cynthiana town,IN
Cypress city,CA
Cypress village,IL
Cyril town,OK
Cyrus city,MN
D'Iberville city,MS
D'Lo town,MS
DISH town,TX
Dacoma town,OK
Dacono city,CO
Dacula city,GA
Dade City city,FL
Dadeville city,AL
Dadeville village,MO
Daggett village,MI
Dagsboro town,DE
Dahlgren village,IL
Dahlonega city,GA
Daingerfield city,TX
Daisetta city,TX
Daisy city,GA
Daisy town,AR
Daisytown borough,PA
Dakota City city,IA
Dakota City city,NE
Dakota city,MN
Dakota village,IL
Dale borough,PA
Dale town,IN
Daleville city,AL
Daleville town,IN
Dalhart city,TX
Dallas Center city,IA
Dallas City city,IL
Dallas borough,PA
Dallas city,GA
Dallas city,OR
Dallas city,TX
Dallas town,NC
Dallas town,SD
Dallas village,WI
Dallastown borough,PA
Dalton City village,IL
Dalton Gardens city,ID
Dalton borough,PA
Dalton city,GA
Dalton city,MN
Dalton town,MO
Dalton village,NE
Dalton village,OH
Dalworthington Gardens city,TX
Daly City city,CA
Dalzell village,IL
Damar city,KS
Damascus city,GA
Damascus town,AR
Damascus town,VA
Damiansville village,IL
Dana Point city,CA
Dana city,IA
Dana town,IN
Dana village,IL
Danbury city,CT
Danbury city,IA
Danbury city,TX
Danbury town,NC
Danbury village,NE
Dandridge town,TN
Dane village,WI
Danforth village,IL
Dania Beach city,FL
Daniel town,UT
Danielson borough,CT
Danielsville city,GA
Dannebrog village,NE
Dannemora village,NY
Dansville village,MI
Dansville village,NY
Dante town,SD
Danube city,MN
Danvers city,MN
Danvers village,IL
Danville borough,PA
Danville city,AR
Danville city,IA
Danville city,IL
Danville city,KS
Danville city,KY
Danville city,VA
Danville town,CA
Danville town,GA
Danville town,IN
Danville town,WV
Danville village,OH
Daphne city,AL
Darby borough,PA
Darby town,MT
Darbyville village,OH
Dardanelle city,AR
Dardenne Prairie city,MO
Darfur city,MN
Darien city,GA
Darien city,IL
Darien village,WI
Darlington borough,PA
Darlington city,SC
Darlington city,WI
Darlington town,IN
Darlington village,MO
Darmstadt town,IN
Darrington town,WA
Darrouzett town,TX
Darwin city,MN
Dasher town,GA
Dassel city,MN
Datto town,AR
Dauphin Island town,AL
Dauphin borough,PA
Davenport city,FL
Davenport city,IA
Davenport city,ND
Davenport city,WA
Davenport town,OK
Davenport village,NE
Davey village,NE
David City city,NE
Davidson town,NC
Davidson town,OK
Davie town,FL
Davis City city,IA
Davis Junction village,IL
Davis city,CA
Davis city,OK
Davis town,SD
Davis town,WV
Davis village,IL
Davisboro city,GA
Davison city,MI
Daviston town,AL
Davy town,WV
Dawson Springs city,KY
Dawson borough,PA
Dawson city,GA
Dawson city,IA
Dawson city,MN
Dawson city,ND
Dawson town,TX
Dawson village,IL
Dawson village,NE
Dawsonville city,GA
Daykin village,NE
Dayton Lakes city,TX
Dayton borough,PA
Dayton city,IA
Dayton city,ID
Dayton city,KY
Dayton city,MN
Dayton city,OH
Dayton city,OR
Dayton city,TN
Dayton city,TX
Dayton city,WA
Dayton town,AL
Dayton town,IN
Dayton town,VA
Dayton town,WY
Daytona Beach Shores city,FL
Daytona Beach city,FL
Dayville town,OR
Dazey city,ND
De Beque town,CO
De Graff city,MN
De Graff village,OH
De Kalb city,TX
De Kalb town,MO
De Kalb town,MS
De Land village,IL
De Leon city,TX
De Pere city,WI
De Pue village,IL
De Queen city,AR
De Smet city,SD
De Soto city,GA
De Soto city,IA
De Soto city,KS
De Soto city,MO
De Soto village,IL
De Soto village,WI
De Tour Village village,MI
De Valls Bluff city,AR
De Witt city,MO
De Witt village,IL
De Witt village,NE
DeBary city,FL
DeCordova city,TX
DeForest village,WI
DeFuniak Springs city,FL
DeKalb city,IL
DeLand city,FL
DeMotte town,IN
DeQuincy city,LA
DeRidder city,LA
DeRuyter village,NY
DeSoto city,TX
DeWitt city,AR
DeWitt city,IA
DeWitt city,MI
Deadwood city,SD
Deal borough,NJ
Dean city,TX
Dearborn Heights city,MI
Dearborn city,MI
Dearborn city,MO
Dearing city,KS
Dearing town,GA
Deary city,ID
Deatsville town,AL
Deaver town,WY
Decatur city,AL
Decatur city,AR
Decatur city,GA
Decatur city,IA
Decatur city,IL
Decatur city,IN
Decatur city,TX
Decatur town,MS
Decatur town,TN
Decatur village,MI
Decatur village,NE
Decaturville town,TN
Decherd city,TN
Decker town,IN
Deckerville village,MI
Declo city,ID
Decorah city,IA
Dedham city,IA
Deemston borough,PA
Deep River city,IA
Deephaven city,MN
Deepstep town,GA
Deepwater city,MO
Deer Creek city,MN
Deer Creek town,OK
Deer Creek village,IL
Deer Grove village,IL
Deer Lake borough,PA
Deer Lodge city,MT
Deer Park city,OH
Deer Park city,TX
Deer Park city,WA
Deer Park town,MD
Deer Park village,IL
Deer Park village,WI
Deer River city,MN
Deer Trail town,CO
Deerfield Beach city,FL
Deerfield city,KS
Deerfield village,IL
Deerfield village,MI
Deerfield village,MO
Deerfield village,WI
Deering city,AK
Deering city,ND
Deersville village,OH
Deerwood city,MN
Deferiet village,NY
Defiance city,IA
Defiance city,OH
Del City city,OK
Del Mar city,CA
Del Norte town,CO
Del Rey Oaks city,CA
Del Rio city,TX
Delafield city,WI
Delano city,CA
Delano city,MN
Delanson village,NY
Delaplaine town,AR
Delavan city,IL
Delavan city,MN
Delavan city,WI
Delaware City city,DE
Delaware Water Gap borough,PA
Delaware city,IA
Delaware city,OH
Delaware town,OK
Delbarton town,WV
Delcambre town,LA
Delevan village,NY
Delhi city,IA
Delhi city,MN
Delhi town,LA
Delhi village,NY
Delia city,KS
Delight city,AR
Dell City city,TX
Dell Rapids city,SD
Dell town,AR
Dellroy village,OH
Dellwood city,MN
Dellwood city,MO
Delmar city,IA
Delmar town,DE
Delmar town,MD
Delmont borough,PA
Delmont city,SD
Deloit city,IA
Delphi city,IN
Delphos city,KS
Delphos city,OH
Delray Beach city,FL
Delta Junction city,AK
Delta borough,PA
Delta city,CO
Delta city,IA
Delta city,MO
Delta city,UT
Delta village,LA
Delta village,OH
Deltona city,FL
Demarest borough,NJ
Deming city,NM
Demopolis city,AL
Demorest city,GA
Dendron town,VA
Denham Springs city,LA
Denham city,MN
Denison city,IA
Denison city,KS
Denison city,TX
Denmark city,SC
Denmark village,WI
Denning town,AR
Dennis Acres village,MO
Dennis town,TX
Dennison city,MN
Dennison village,OH
Dent city,MN
Denton city,GA
Denton city,KS
Denton city,TX
Denton town,MD
Denton town,MT
Denton town,NC
Denton village,NE
Denver City town,TX
Denver borough,PA
Denver city,CO
Denver city,IA
Denver town,IN
Denver village,MO
Depew town,OK
Depew village,NY
Depoe Bay city,OR
Deport city,TX
Deposit village,NY
Derby Center village,VT
Derby Line village,VT
Derby city,CT
Derby city,IA
Derby city,KS
Dering Harbor village,NY
Derma town,MS
Dermott city,AR
Derry borough,PA
Des Arc city,AR
Des Arc village,MO
Des Lacs city,ND
Des Moines city,IA
Des Moines city,WA
Des Moines village,NM
Des Peres city,MO
Des Plaines city,IL
Desert Hot Springs city,CA
Deshler city,NE
Deshler village,OH
Desloge city,MO
Destin city,FL
Detroit Lakes city,MN
Detroit city,MI
Detroit city,OR
Detroit town,AL
Detroit town,TX
Detroit village,IL
Devers city,TX
Devils Lake city,ND
Devine city,TX
Devol town,OK
Dewar town,OK
Deweese village,NE
Dewey Beach town,DE
Dewey city,OK
Dewey-Humboldt town,AZ
Deweyville town,UT
Dexter City village,OH
Dexter city,IA
Dexter city,KS
Dexter city,MI
Dexter city,MN
Dexter city,MO
Dexter town,GA
Dexter town,NM
Dexter village,NY
Diagonal city,IA
Diamond Bar city,CA
Diamond City city,AR
Diamond town,MO
Diamond village,IL
Diamondhead city,MS
Diamondville town,WY
Diaz city,AR
Dibble town,OK
Diboll city,TX
Dickens city,IA
Dickens city,TX
Dickey city,ND
Dickeyville village,WI
Dickinson city,ND
Dickinson city,TX
Dickson City borough,PA
Dickson city,TN
Dickson town,OK
Diehlstadt village,MO
Dierks city,AR
Dieterich village,IL
Dietrich city,ID
Diggins village,MO
Dighton city,KS
Dike city,IA
Dill City town,OK
Dillard city,GA
Diller village,NE
Dilley city,TX
Dillingham city,AK
Dillon city,MT
Dillon city,SC
Dillon town,CO
Dillonvale village,OH
Dillsboro town,IN
Dillsboro town,NC
Dillsburg borough,PA
Dillwyn town,VA
Dilworth city,MN
Dimmitt city,TX
Dimock town,SD
Dimondale village,MI
Dinosaur town,CO
Dinuba city,CA
Diomede city,AK
Disney town,OK
District Heights city,MD
Divernon village,IL
Dix village,IL
Dix village,NE
Dixie Inn village,LA
Dixmoor village,IL
Dixon city,CA
Dixon city,IA
Dixon city,IL
Dixon city,KY
Dixon city,MO
Dixon town,WY
Dixon village,NE
Dobbins Heights town,NC
Dobbs Ferry village,NY
Dobson town,NC
Dodd City town,TX
Doddsville town,MS
Dodge Center city,MN
Dodge City city,KS
Dodge City town,AL
Dodge city,ND
Dodge village,NE
Dodgeville city,WI
Dodson town,MT
Dodson town,TX
Dodson village,LA
Doerun city,GA
Doland city,SD
Dolgeville village,NY
Dolliver city,IA
Dolores town,CO
Dolton town,SD
Dolton village,IL
Domino town,TX
Donahue city,IA
Donald city,OR
Donalds town,SC
Donaldson city,MN
Donaldson town,AR
Donaldsonville city,LA
Donalsonville city,GA
Donegal borough,PA
Dongola village,IL
Doniphan city,MO
Doniphan village,NE
Donna city,TX
Donnellson city,IA
Donnellson village,IL
Donnelly city,ID
Donnelly city,MN
Donnelsville village,OH
Donnybrook city,ND
Donora borough,PA
Donovan village,IL
Dooling town,GA
Doolittle city,MO
Doon city,IA
Dora city,AL
Dora village,NM
Doral city,FL
Doran city,MN
Doraville city,GA
Dorchester city,TX
Dorchester village,IL
Dorchester village,NE
Dorchester village,WI
Dormont borough,PA
Dorrance city,KS
Dorris city,CA
Dortches town,NC
Dos Palos city,CA
Dothan city,AL
Double Horn city,TX
Double Oak town,TX
Double Springs town,AL
Dougherty city,IA
Dougherty town,OK
Douglas city,AZ
Douglas city,GA
Douglas city,MI
Douglas city,ND
Douglas city,WY
Douglas town,AL
Douglas town,OK
Douglas village,NE
Douglass Hills city,KY
Douglass city,KS
Douglassville town,TX
Douglasville city,GA
Dousman village,WI
Dove Creek town,CO
Dover borough,PA
Dover city,AR
Dover city,DE
Dover city,ID
Dover city,KY
Dover city,MN
Dover city,NH
Dover city,OH
Dover city,TN
Dover town,MO
Dover town,NC
Dover town,NJ
Dover town,OK
Dover village,IL
Dovray city,MN
Dow City city,IA
Dowagiac city,MI
Dowell village,IL
Dowelltown town,TN
Downers Grove village,IL
Downey city,CA
Downey city,ID
Downing city,MO
Downing village,WI
Downingtown borough,PA
Downs city,KS
Downs village,IL
Downsville village,LA
Dows city,IA
Doyle town,TN
Doylestown borough,PA
Doylestown village,OH
Doylestown village,WI
Doyline village,LA
Dozier town,AL
Drain city,OR
Drake city,ND
Drakes Branch town,VA
Drakesboro city,KY
Drakesville city,IA
Draper city,UT
Draper town,SD
Dravosburg borough,PA
Drayton city,ND
Dresden city,KS
Dresden town,TN
Dresden village,NY
Dresden village,OH
Dresser village,WI
Drew city,MS
Drexel city,MO
Drexel town,NC
Driftwood borough,PA
Driggs city,ID
Dripping Springs city,TX
Driscoll city,TX
Druid Hills city,KY
Drummond city,ID
Drummond town,MT
Drummond town,OK
Drumright city,OK
Dry Prong village,LA
Dry Ridge city,KY
Dryden village,MI
Dryden village,NY
Du Bois village,IL
Du Bois village,NE
Du Pont town,GA
Du Quoin city,IL
DuBois city,PA
DuPont city,WA
Duarte city,CA
Dubach town,LA
Dubberly village,LA
Dublin borough,PA
Dublin city,CA
Dublin city,GA
Dublin city,OH
Dublin city,TX
Dublin town,IN
Dublin town,NC
Dublin town,VA
Dubois city,ID
Dubois town,WY
Duboistown borough,PA
Dubuque city,IA
Duchesne city,UT
Duck Hill town,MS
Duck town,NC
Ducktown city,TN
Dudley borough,PA
Dudley city,GA
Dudley city,MO
Due West town,SC
Duenweg city,MO
Duffield town,VA
Dufur city,OR
Dugger town,IN
Duluth city,GA
Duluth city,MN
Dumas city,AR
Dumas city,TX
Dumas town,MS
Dumfries town,VA
Dumont borough,NJ
Dumont city,IA
Dumont city,MN
Dunbar borough,PA
Dunbar city,WV
Dunbar village,NE
Duncan city,OK
Duncan town,AZ
Duncan town,MS
Duncan town,SC
Duncan village,NE
Duncannon borough,PA
Duncansville borough,PA
Duncanville city,TX
Duncombe city,IA
Dundas city,MN
Dundee city,IA
Dundee city,MN
Dundee city,OR
Dundee town,FL
Dundee village,MI
Dundee village,NY
Dune Acres town,IN
Dunedin city,FL
Dunellen borough,NJ
Dunes City city,OR
Dunfermline village,IL
Dungannon town,VA
Dunkerton city,IA
Dunkirk city,IN
Dunkirk city,NY
Dunkirk village,OH
Dunlap city,IA
Dunlap city,KS
Dunlap city,TN
Dunlap village,IL
Dunlevy borough,PA
Dunmore borough,PA
Dunn Center city,ND
Dunn city,NC
Dunnell city,MN
Dunnellon city,FL
Dunning village,NE
Dunreith town,IN
Dunseith city,ND
Dunsmuir city,CA
Dunwoody city,GA
Dupo village,IL
Dupont borough,PA
Dupont town,IN
Dupont village,OH
Dupree city,SD
Duquesne city,PA
Duquesne village,MO
Durand city,MI
Durand city,WI
Durand village,IL
Durango city,CO
Durango city,IA
Durant city,IA
Durant city,MS
Durant city,OK
Durbin town,WV
Durham city,KS
Durham city,NC
Durham city,OR
Duryea borough,PA
Dushore borough,PA
Duson town,LA
Dustin town,OK
Dutch John town,UT
Dutton town,AL
Dutton town,MT
Duvall city,WA
Dwight city,KS
Dwight city,ND
Dwight village,IL
Dwight village,NE
Dyer city,AR
Dyer city,TN
Dyer town,IN
Dyersburg city,TN
Dyersville city,IA
Dyess town,AR
Dysart city,IA
Eads town,CO
Eagan city,MN
Eagar town,AZ
Eagarville village,IL
Eagle Bend city,MN
Eagle Butte city,SD
Eagle Grove city,IA
Eagle Harbor town,MD
Eagle Lake city,FL
Eagle Lake city,MN
Eagle Lake city,TX
Eagle Mountain city,UT
Eagle Nest village,NM
Eagle Pass city,TX
Eagle Point city,OR
Eagle River city,WI
Eagle city,AK
Eagle city,ID
Eagle town,CO
Eagle village,MI
Eagle village,NE
Eagle village,WI
Eagles Mere borough,PA
Eagleville city,TN
Eagleville town,MO
Eakly town,OK
Earl Park town,IN
Earl town,NC
Earle city,AR
Earlham city,IA
Earling city,IA
Earlington city,KY
Earlsboro town,OK
Earlton city,KS
Earlville city,IA
Earlville city,IL
Earlville village,NY
Early city,IA
Early city,TX
Earth city,TX
Easley city,SC
East Alton village,IL
East Arcadia town,NC
East Aurora village,NY
East Bangor borough,PA
East Bank town,WV
East Bend town,NC
East Berlin borough,PA
East Bernard city,TX
East Bethel city,MN
East Brady borough,PA
East Brewton city,AL
East Brooklyn village,IL
East Butler borough,PA
East Camden town,AR
East Canton village,OH
East Cape Girardeau village,IL
East Carbon city,UT
East Carondelet village,IL
East Chicago city,IN
East Cleveland city,OH
East Conemaugh borough,PA
East Dublin city,GA
East Dubuque city,IL
East Duke town,OK
East Dundee village,IL
East Ellijay city,GA
East Galesburg village,IL
East Germantown town,IN
East Gillespie village,IL
East Grand Forks city,MN
East Grand Rapids city,MI
East Greenville borough,PA
East Gull Lake city,MN
East Hampton village,NY
East Hazel Crest village,IL
East Helena city,MT
East Hills village,NY
East Hodge village,LA
East Hope city,ID
East Jordan city,MI
East Lansdowne borough,PA
East Lansing city,MI
East Liverpool city,OH
East Lynne city,MO
East McKeesport borough,PA
East Moline city,IL
East Mountain city,TX
East Nassau village,NY
East New Market town,MD
East Newark borough,NJ
East Orange city,NJ
East Palestine village,OH
East Palo Alto city,CA
East Peoria city,IL
East Peru city,IA
East Petersburg borough,PA
East Pittsburgh borough,PA
East Point city,GA
East Prairie city,MO
East Prospect borough,PA
East Providence city,RI
East Ridge city,TN
East Rochester borough,PA
East Rochester village,NY
East Rockaway village,NY
East Rutherford borough,NJ
East Side borough,PA
East Sparta village,OH
East Spencer town,NC
East St. Louis city,IL
East Stroudsburg borough,PA
East Syracuse village,NY
East Tawakoni city,TX
East Tawas city,MI
East Thermopolis town,WY
East Troy village,WI
East Vandergrift borough,PA
East Washington borough,PA
East Wenatchee city,WA
East Williston village,NY
Eastborough city,KS
Easthampton city,MA
Eastlake city,OH
Eastlake village,MI
Eastland city,TX
Eastman city,GA
Eastman village,WI
Easton city,KS
Easton city,MN
Easton city,MO
Easton city,PA
Easton city,TX
Easton town,MD
Easton village,IL
Eastover town,NC
Eastover town,SC
Eastpointe city,MI
Eastport city,ME
Eastvale borough,PA
Eastvale city,CA
Eastview town,TN
Eastville town,VA
Eaton Rapids city,MI
Eaton city,OH
Eaton town,CO
Eaton town,IN
Eatonton city,GA
Eatontown borough,NJ
Eatonville town,FL
Eatonville town,WA
Eau Claire borough,PA
Eau Claire city,WI
Eau Claire village,MI
Ebensburg borough,PA
Ebro town,FL
Echo city,MN
Echo city,OR
Echols County consolidated government,GA
Eckley town,CO
Eclectic town,AL
Economy borough,PA
Economy town,IN
Ecorse city,MI
Ecru town,MS
Ector city,TX
Edcouch city,TX
Eddystone borough,PA
Eddyville city,IA
Eddyville city,KY
Eddyville village,IL
Eddyville village,NE
Eden Prairie city,MN
Eden Valley city,MN
Eden city,ID
Eden city,NC
Eden city,TX
Eden town,SD
Eden village,MS
Eden village,WI
Edenton town,NC
Edgar Springs city,MO
Edgar city,NE
Edgar village,WI
Edge Hill city,GA
Edgecliff Village town,TX
Edgefield town,SC
Edgefield village,LA
Edgeley city,ND
Edgemont city,SD
Edgerton city,KS
Edgerton city,MN
Edgerton city,MO
Edgerton city,WI
Edgerton town,WY
Edgerton village,OH
Edgewater borough,NJ
Edgewater city,CO
Edgewater city,FL
Edgewood borough,PA
Edgewood city,FL
Edgewood city,IA
Edgewood city,KY
Edgewood city,WA
Edgewood town,IN
Edgewood town,NM
Edgewood town,TX
Edgewood village,IL
Edgeworth borough,PA
Edina city,MN
Edina city,MO
Edinboro borough,PA
Edinburg city,ND
Edinburg city,TX
Edinburg town,VA
Edinburg village,IL
Edinburgh town,IN
Edison city,GA
Edison village,NE
Edison village,OH
Edisto Beach town,SC
Edmond city,KS
Edmond city,OK
Edmonds city,WA
Edmondson town,AR
Edmonson town,TX
Edmonston town,MD
Edmonton city,KY
Edmore city,ND
Edmore village,MI
Edmundson city,MO
Edna Bay city,AK
Edna city,KS
Edna city,TX
Edom city,TX
Edon village,OH
Edwards town,MS
Edwardsburg village,MI
Edwardsport town,IN
Edwardsville borough,PA
Edwardsville city,IL
Edwardsville city,KS
Edwardsville town,AL
Eek city,AK
Effie city,MN
Effingham city,IL
Effingham city,KS
Egan city,SD
Egegik city,AK
Egeland city,ND
Egg Harbor City city,NJ
Egg Harbor village,WI
Egypt town,AR
Ehrenfeld borough,PA
Ehrhardt town,SC
Eitzen city,MN
Ekalaka town,MT
Ekron city,KY
Ekwok city,AK
El Cajon city,CA
El Campo city,TX
El Cenizo city,TX
El Centro city,CA
El Cerrito city,CA
El Dara village,IL
El Dorado Springs city,MO
El Dorado city,AR
El Dorado city,KS
El Lago city,TX
El Mirage city,AZ
El Monte city,CA
El Paso city,IL
El Paso city,TX
El Paso de Robles (Paso Robles) city,CA
El Portal village,FL
El Reno city,OK
El Segundo city,CA
Elaine city,AR
Eland village,WI
Elba city,AL
Elba city,MN
Elba village,NE
Elba village,NY
Elberfeld town,IN
Elberon city,IA
Elberta town,AL
Elberta village,MI
Elberton city,GA
Elbing city,KS
Elbow Lake city,MN
Elbridge village,NY
Elburn village,IL
Elco borough,PA
Elderon village,WI
Elderton borough,PA
Eldon city,IA
Eldon city,MO
Eldora city,IA
Eldorado city,IL
Eldorado city,TX
Eldorado town,MD
Eldorado town,OK
Eldorado village,OH
Eldred borough,PA
Eldred village,IL
Eldridge city,IA
Eldridge town,AL
Eleanor town,WV
Electra city,TX
Electric City city,WA
Elephant Butte city,NM
Eleva village,WI
Elgin borough,PA
Elgin city,IA
Elgin city,IL
Elgin city,KS
Elgin city,MN
Elgin city,ND
Elgin city,NE
Elgin city,OK
Elgin city,OR
Elgin city,TX
Elgin town,SC
Elgin village,OH
Elida town,NM
Elida village,OH
Elim city,AK
Elizabeth City city,NC
Elizabeth borough,PA
Elizabeth city,MN
Elizabeth city,NJ
Elizabeth town,CO
Elizabeth town,IN
Elizabeth town,WV
Elizabeth village,IL
Elizabeth village,LA
Elizabethton city,TN
Elizabethtown borough,PA
Elizabethtown city,KY
Elizabethtown town,IN
Elizabethtown town,NC
Elizabethtown village,IL
Elizabethville borough,PA
Elk City city,KS
Elk City city,OK
Elk Creek village,NE
Elk Falls city,KS
Elk Garden town,WV
Elk Grove Village village,IL
Elk Grove city,CA
Elk Horn city,IA
Elk Mound village,WI
Elk Mountain town,WY
Elk Park town,NC
Elk Point city,SD
Elk Rapids village,MI
Elk Ridge city,UT
Elk River city,ID
Elk River city,MN
Elk Run Heights city,IA
Elkader city,IA
Elkhart Lake village,WI
Elkhart city,IA
Elkhart city,IN
Elkhart city,KS
Elkhart town,TX
Elkhart village,IL
Elkhorn City city,KY
Elkhorn city,WI
Elkin town,NC
Elkins city,AR
Elkins city,WV
Elkland borough,PA
Elkmont town,AL
Elko New Market city,MN
Elko city,NV
Elko town,SC
Elkport city,IA
Elkton city,KY
Elkton city,MN
Elkton city,OR
Elkton city,SD
Elkton city,TN
Elkton town,MD
Elkton town,VA
Elkton village,MI
Elkville village,IL
Ellaville city,GA
Ellenboro town,NC
Ellenboro town,WV
Ellendale city,MN
Ellendale city,ND
Ellendale town,DE
Ellensburg city,WA
Ellenton town,GA
Ellenville village,NY
Ellerbe town,NC
Ellettsville town,IN
Ellicottville village,NY
Ellijay city,GA
Ellinger city,TX
Ellington city,MO
Ellinwood city,KS
Elliott city,IA
Elliott city,ND
Elliott village,IL
Ellis Grove village,IL
Ellis city,KS
Ellisburg village,NY
Ellisville city,MO
Ellisville city,MS
Ellisville village,IL
Elloree town,SC
Ellport borough,PA
Ellsinore city,MO
Ellston city,IA
Ellsworth borough,PA
Ellsworth city,IA
Ellsworth city,KS
Ellsworth city,ME
Ellsworth city,MN
Ellsworth village,IL
Ellsworth village,MI
Ellsworth village,WI
Ellwood City borough,PA
Elm City town,NC
Elm Creek village,NE
Elm Grove village,WI
Elm Springs city,AR
Elma city,IA
Elma city,WA
Elmdale city,KS
Elmdale city,MN
Elmendorf city,TX
Elmer City town,WA
Elmer borough,NJ
Elmer city,MO
Elmer town,OK
Elmhurst city,IL
Elmira Heights village,NY
Elmira city,NY
Elmira village,MO
Elmo city,MO
Elmo town,UT
Elmore City town,OK
Elmore city,MN
Elmore town,AL
Elmore village,OH
Elmsford village,NY
Elmwood Park borough,NJ
Elmwood Park village,IL
Elmwood Park village,WI
Elmwood Place village,OH
Elmwood city,IL
Elmwood village,NE
Elmwood village,WI
Elnora town,IN
Elon town,NC
Eloy city,AZ
Elrosa city,MN
Elroy city,WI
Elsa city,TX
Elsah village,IL
Elsberry city,MO
Elsie village,MI
Elsie village,NE
Elsinore town,UT
Elsmere city,KY
Elsmere town,DE
Elsmore city,KS
Elton town,LA
Elvaston village,IL
Elverson borough,PA
Elwood city,IN
Elwood city,KS
Elwood town,UT
Elwood village,IL
Elwood village,NE
Ely city,IA
Ely city,MN
Ely city,NV
Elyria city,OH
Elyria village,NE
Elysian city,MN
Embarrass village,WI
Emden village,IL
Emelle town,AL
Emerado city,ND
Emerald Beach village,MO
Emerald Isle town,NC
Emerson borough,NJ
Emerson city,GA
Emerson city,IA
Emerson town,AR
Emerson village,NE
Emery city,SD
Emery town,UT
Emeryville city,CA
Emhouse town,TX
Emigration Canyon metro township,UT
Emily city,MN
Eminence city,KY
Eminence city,MO
Emington village,IL
Emlenton borough,PA
Emma city,MO
Emmaus borough,PA
Emmet city,AR
Emmet village,NE
Emmetsburg city,IA
Emmett city,ID
Emmett city,KS
Emmett village,MI
Emmitsburg town,MD
Emmonak city,AK
Emmons city,MN
Emory city,TX
Empire City town,OK
Empire city,MN
Empire town,CO
Empire village,MI
Empire village,OH
Emporia city,KS
Emporia city,VA
Emporium borough,PA
Emsworth borough,PA
Encampment town,WY
Enchanted Oaks town,TX
Encinal city,TX
Encinitas city,CA
Encino village,NM
Endeavor village,WI
Enderlin city,ND
Endicott town,WA
Endicott village,NE
Endicott village,NY
Energy village,IL
Enfield town,NC
Enfield village,IL
England city,AR
Englewood Cliffs borough,NJ
Englewood city,CO
Englewood city,KS
Englewood city,NJ
Englewood city,OH
Englewood town,TN
English town,IN
Englishtown borough,NJ
Enid city,OK
Enigma town,GA
Ennis city,TX
Ennis town,MT
Enoch city,UT
Enola town,AR
Enon Valley borough,PA
Enon village,OH
Enosburg Falls village,VT
Ensign city,KS
Enterprise city,AL
Enterprise city,KS
Enterprise city,OR
Enterprise city,UT
Enterprise town,MS
Entiat city,WA
Enumclaw city,WA
Enville town,TN
Eolia village,MO
Epes town,AL
Ephesus city,GA
Ephraim city,UT
Ephraim village,WI
Ephrata borough,PA
Ephrata city,WA
Epping city,ND
Epps village,LA
Epworth city,IA
Equality village,IL
Erath town,LA
Erda city,UT
Erhard city,MN
Erick city,OK
Ericson village,NE
Erie city,KS
Erie city,PA
Erie town,CO
Erie village,IL
Erin city,TN
Erlanger city,KY
Ernest borough,PA
Eros town,LA
Erskine city,MN
Erwin town,NC
Erwin town,SD
Erwin town,TN
Esbon city,KS
Escalante city,UT
Escalon city,CA
Escanaba city,MI
Escobares city,TX
Escondido city,CA
Eskridge city,KS
Esmond city,ND
EspaÃ±ola city,NM
Esperance village,NY
Essex Fells borough,NJ
Essex Junction city,VT
Essex city,IA
Essex city,MO
Essex village,IL
Essexville city,MI
Estacada city,OR
Estancia town,NM
Estell Manor city,NJ
Estelline city,SD
Estelline town,TX
Estero village,FL
Estes Park town,CO
Estherville city,IA
Estherwood village,LA
Estill Springs town,TN
Estill town,SC
Esto town,FL
Estral Beach village,MI
Ethan town,SD
Ethel town,MO
Ethel town,MS
Ethelsville town,AL
Ethridge town,TN
Etna Green town,IN
Etna borough,PA
Etna city,CA
Eton city,GA
Etowah city,TN
Etowah town,AR
Etowah town,OK
Ettrick village,WI
Eubank city,KY
Euclid city,OH
Eudora city,AR
Eudora city,KS
Eufaula city,AL
Eufaula city,OK
Eugene city,OR
Euharlee city,GA
Euless city,TX
Eunice city,LA
Eunice city,NM
Eupora city,MS
Eureka Springs city,AR
Eureka city,CA
Eureka city,IL
Eureka city,KS
Eureka city,MO
Eureka city,SD
Eureka city,TX
Eureka city,UT
Eureka town,MT
Eustace city,TX
Eustis city,FL
Eustis village,NE
Eutaw city,AL
Eutawville town,SC
Eva town,AL
Evan city,MN
Evans City borough,PA
Evans Mills village,NY
Evans city,CO
Evansdale city,IA
Evanston city,IL
Evanston city,WY
Evansville city,IN
Evansville city,MN
Evansville city,WI
Evansville town,WY
Evansville village,IL
Evant town,TX
Evart city,MI
Evarts city,KY
Eveleth city,MN
Evendale village,OH
Evening Shade city,AR
Everest city,KS
Everett borough,PA
Everett city,MA
Everett city,WA
Everetts town,NC
Everglades city,FL
Evergreen Park village,IL
Evergreen city,AL
Evergreen town,LA
Evergreen village,MO
Everly city,IA
Everman city,TX
Everson borough,PA
Everson city,WA
Everton city,MO
Everton town,AR
Ewing city,KY
Ewing city,MO
Ewing village,IL
Ewing village,NE
Excel town,AL
Excelsior Estates village,MO
Excelsior Springs city,MO
Excelsior city,MN
Exeland village,WI
Exeter borough,PA
Exeter city,CA
Exeter city,MO
Exeter village,IL
Exeter village,NE
Exira city,IA
Exline city,IA
Exmore town,VA
Export borough,PA
Eyota city,MN
Fabius village,NY
Factoryville borough,PA
Fair Bluff town,NC
Fair Grove city,MO
Fair Haven borough,NJ
Fair Haven village,NY
Fair Lawn borough,NJ
Fair Oaks Ranch city,TX
Fair Oaks town,OK
Fair Play city,MO
Fairbank city,IA
Fairbanks city,AK
Fairborn city,OH
Fairburn city,GA
Fairburn town,SD
Fairbury city,IL
Fairbury city,NE
Fairchance borough,PA
Fairchild village,WI
Fairchilds village,TX
Fairdale city,ND
Fairfax city,IA
Fairfax city,MN
Fairfax city,MO
Fairfax city,VA
Fairfax town,CA
Fairfax town,OK
Fairfax town,SC
Fairfax town,SD
Fairfax village,OH
Fairfield Bay city,AR
Fairfield borough,PA
Fairfield city,AL
Fairfield city,CA
Fairfield city,IA
Fairfield city,ID
Fairfield city,IL
Fairfield city,KY
Fairfield city,NE
Fairfield city,OH
Fairfield city,TX
Fairfield town,MT
Fairfield town,UT
Fairfield town,WA
Fairgrove village,MI
Fairhope city,AL
Fairland town,IN
Fairland town,OK
Fairlawn city,OH
Fairmont City village,IL
Fairmont city,MN
Fairmont city,WV
Fairmont town,NC
Fairmont town,OK
Fairmont village,NE
Fairmount Heights town,MD
Fairmount city,GA
Fairmount city,ND
Fairmount town,IN
Fairmount village,IL
Fairplay town,CO
Fairport Harbor village,OH
Fairport village,NY
Fairview Heights city,IL
Fairview Park city,OH
Fairview Park town,IN
Fairview borough,NJ
Fairview borough,PA
Fairview city,KS
Fairview city,KY
Fairview city,OK
Fairview city,OR
Fairview city,TN
Fairview city,UT
Fairview town,AL
Fairview town,MO
Fairview town,MT
Fairview town,NC
Fairview town,SD
Fairview town,TX
Fairview town,WV
Fairview village,IL
Fairview village,OH
Fairwater village,WI
Fairway city,KS
Faison town,NC
Faith city,SD
Faith town,NC
Falcon Heights city,MN
Falcon town,MS
Falcon town,NC
Falconer village,NY
Falfurrias city,TX
Falkland town,NC
Falkner town,MS
Falkville town,AL
Fall Creek village,WI
Fall River city,KS
Fall River city,MA
Fall River village,WI
Falling Spring town,WV
Fallis town,OK
Fallon city,NV
Falls Church city,VA
Falls City city,NE
Falls City city,OR
Falls City city,TX
Falls Creek borough,PA
Fallston borough,PA
Fallston town,NC
Falmouth city,KY
False Pass city,AK
Fanning Springs city,FL
Fanshawe town,OK
Fanwood borough,NJ
Far Hills borough,NJ
Farber city,MO
Fargo city,GA
Fargo city,ND
Fargo town,AR
Fargo town,OK
Faribault city,MN
Farina village,IL
Farley city,IA
Farley village,MO
Farmer City city,IL
Farmer town,SD
Farmers Branch city,TX
Farmersburg city,IA
Farmersburg town,IN
Farmersville city,CA
Farmersville city,TX
Farmersville village,IL
Farmersville village,OH
Farmerville town,LA
Farmingdale borough,NJ
Farmingdale village,NY
Farmington Hills city,MI
Farmington city,AR
Farmington city,IA
Farmington city,IL
Farmington city,MI
Farmington city,MN
Farmington city,MO
Farmington city,NM
Farmington city,UT
Farmington town,DE
Farmington town,MS
Farmington town,WA
Farmington town,WV
Farmland town,IN
Farmville town,NC
Farmville town,VA
Farnam village,NE
Farnham village,NY
Farnhamville city,IA
Farr West city,UT
Farragut city,IA
Farragut town,TN
Farrell city,PA
Farwell city,MN
Farwell city,TX
Farwell village,MI
Farwell village,NE
Fate city,TX
Faulkton city,SD
Faunsdale town,AL
Fawn Grove borough,PA
Faxon town,OK
Fayette City borough,PA
Fayette city,AL
Fayette city,IA
Fayette city,MO
Fayette city,MS
Fayette town,UT
Fayette village,OH
Fayetteville city,AR
Fayetteville city,GA
Fayetteville city,NC
Fayetteville city,TN
Fayetteville city,TX
Fayetteville town,WV
Fayetteville village,IL
Fayetteville village,NY
Fayetteville village,OH
Federal Dam city,MN
Federal Heights city,CO
Federal Way city,WA
Federalsburg town,MD
Felicity village,OH
Fellsmere city,FL
Felsenthal town,AR
Felton borough,PA
Felton city,MN
Felton town,DE
Fennimore city,WI
Fennville city,MI
Fenton city,IA
Fenton city,MI
Fenton city,MO
Fenton village,LA
Fenwick Island town,DE
Fenwick borough,CT
Fenwood village,WI
Ferdinand city,ID
Ferdinand town,IN
Fergus Falls city,MN
Ferguson city,IA
Ferguson city,KY
Ferguson city,MO
Fernan Lake Village city,ID
Fernandina Beach city,FL
Ferndale borough,PA
Ferndale city,CA
Ferndale city,MI
Ferndale city,WA
Fernley city,NV
Ferrelview village,MO
Ferriday town,LA
Ferris city,TX
Ferris village,IL
Ferron city,UT
Ferrysburg city,MI
Ferryville village,WI
Fertile city,IA
Fertile city,MN
Fessenden city,ND
Festus city,MO
Fidelity town,MO
Fidelity village,IL
Fielding town,UT
Fieldon village,IL
Fieldsboro borough,NJ
Fife Lake village,MI
Fife city,WA
Fifty Lakes city,MN
Fifty-Six city,AR
Filer city,ID
Filley village,NE
Fillmore city,CA
Fillmore city,MO
Fillmore city,UT
Fillmore town,IN
Fillmore village,IL
Fincastle city,KY
Fincastle town,VA
Findlay city,OH
Findlay village,IL
Fingal city,ND
Finger city,TN
Finlayson city,MN
Finley city,ND
Finleyville borough,PA
Fircrest city,WA
Firebaugh city,CA
Firestone town,CO
Firth city,ID
Firth village,NE
Fisher city,AR
Fisher city,MN
Fisher village,IL
Fisher village,LA
Fishers city,IN
Fishkill village,NY
Fisk city,MO
Fitchburg city,MA
Fitchburg city,WI
Fithian village,IL
Fitzgerald city,GA
Fitzhugh town,OK
Five Points town,AL
Flagler Beach city,FL
Flagler town,CO
Flagstaff city,AZ
Flanagan village,IL
Flandreau city,SD
Flasher city,ND
Flat Rock city,MI
Flat Rock village,IL
Flat Rock village,NC
Flatonia town,TX
Flatwoods city,KY
Flatwoods town,WV
Flaxton city,ND
Flaxville town,MT
Fleetwood borough,PA
Fleischmanns village,NY
Fleming city,MO
Fleming town,CO
Fleming-Neon city,KY
Flemingsburg city,KY
Flemington borough,NJ
Flemington borough,PA
Flemington city,GA
Flemington town,WV
Flemington village,MO
Flensburg city,MN
Fletcher town,NC
Fletcher town,OK
Fletcher village,OH
Flint Hill city,MO
Flint city,MI
Flippin city,AR
Flomaton town,AL
Floodwood city,MN
Flora city,IL
Flora town,IN
Flora town,MS
Floral Park village,NY
Florala town,AL
Flordell Hills city,MO
Florence city,AL
Florence city,CO
Florence city,KS
Florence city,KY
Florence city,MN
Florence city,MS
Florence city,OR
Florence city,SC
Florence city,TX
Florence town,AZ
Florence town,SD
Florence village,IL
Floresville city,TX
Florham Park borough,NJ
Florida City city,FL
Florida village,NY
Florida village,OH
Florien village,LA
Floris city,IA
Florissant city,MO
Flossmoor village,IL
Flovilla city,GA
Flower Hill village,NY
Flower Mound town,TX
Flowery Branch city,GA
Flowood city,MS
Floyd city,IA
Floyd town,VA
Floyd village,NM
Floydada city,TX
Flushing city,MI
Flushing village,OH
Folcroft borough,PA
Foley city,AL
Foley city,MN
Foley city,MO
Folkston city,GA
Follansbee city,WV
Follett city,TX
Folly Beach city,SC
Folsom borough,NJ
Folsom city,CA
Folsom village,LA
Folsom village,NM
Fond du Lac city,WI
Fonda city,IA
Fonda village,NY
Fontana Dam town,NC
Fontana city,CA
Fontana city,KS
Fontana-on-Geneva Lake village,WI
Fontanelle city,IA
Foosland village,IL
Footville village,WI
Forada city,MN
Foraker town,OK
Forbes city,ND
Ford City borough,PA
Ford Cliff borough,PA
Ford Heights village,IL
Ford city,KS
Fordland city,MO
Fordoche town,LA
Fordsville city,KY
Fordville city,ND
Fordyce city,AR
Fordyce village,NE
Foreman city,AR
Forest Acres city,SC
Forest City borough,PA
Forest City city,IA
Forest City city,MO
Forest City town,NC
Forest City village,IL
Forest Grove city,OR
Forest Heights town,MD
Forest Hill city,TX
Forest Hill village,LA
Forest Hills borough,PA
Forest Hills city,KY
Forest Hills city,TN
Forest Hills village,NC
Forest Lake city,MN
Forest Park city,GA
Forest Park city,OH
Forest Park town,OK
Forest Park village,IL
Forest River city,ND
Forest View village,IL
Forest city,MS
Forest village,LA
Forest village,OH
Foreston city,MN
Forestville village,MI
Forestville village,WI
Forgan town,OK
Foristell city,MO
Forkland town,AL
Forks city,WA
Forksville borough,PA
Forman city,ND
Formoso city,KS
Forney city,TX
Forrest City city,AR
Forrest village,IL
Forreston village,IL
Forsan city,TX
Forsyth city,GA
Forsyth city,MO
Forsyth city,MT
Forsyth village,IL
Fort Ann village,NY
Fort Atkinson city,IA
Fort Atkinson city,WI
Fort Benton city,MT
Fort Bragg city,CA
Fort Branch town,IN
Fort Calhoun city,NE
Fort Cobb town,OK
Fort Coffee town,OK
Fort Collins city,CO
Fort Deposit town,AL
Fort Dodge city,IA
Fort Edward village,NY
Fort Gaines city,GA
Fort Gay town,WV
Fort Gibson town,OK
Fort Jennings village,OH
Fort Johnson village,NY
Fort Jones city,CA
Fort Laramie town,WY
Fort Lauderdale city,FL
Fort Lawn town,SC
Fort Lee borough,NJ
Fort Loramie village,OH
Fort Lupton city,CO
Fort Madison city,IA
Fort Meade city,FL
Fort Mill town,SC
Fort Mitchell city,KY
Fort Morgan city,CO
Fort Myers Beach town,FL
Fort Myers city,FL
Fort Oglethorpe city,GA
Fort Payne city,AL
Fort Peck town,MT
Fort Pierce city,FL
Fort Pierre city,SD
Fort Plain village,NY
Fort Ransom city,ND
Fort Recovery village,OH
Fort Ripley city,MN
Fort Scott city,KS
Fort Smith city,AR
Fort Stockton city,TX
Fort Sumner village,NM
Fort Supply town,OK
Fort Thomas city,KY
Fort Towson town,OK
Fort Valley city,GA
Fort Walton Beach city,FL
Fort Wayne city,IN
Fort White town,FL
Fort Worth city,TX
Fort Wright city,KY
Fort Yates city,ND
Fort Yukon city,AK
Fortescue town,MO
Fortuna city,CA
Fortuna city,ND
Fortville town,IN
Forty Fort borough,PA
Foss town,OK
Fossil city,OR
Fosston city,MN
Foster City city,CA
Foster town,OK
Foster village,MO
Foster village,NE
Fostoria city,IA
Fostoria city,OH
Fouke city,AR
Fountain City city,WI
Fountain City town,IN
Fountain Green city,UT
Fountain Hill borough,PA
Fountain Hill town,AR
Fountain Hills town,AZ
Fountain Inn city,SC
Fountain Lake town,AR
Fountain N' Lakes village,MO
Fountain Run city,KY
Fountain Valley city,CA
Fountain city,CO
Fountain city,MN
Fountain town,NC
Fountain village,MI
Four Oaks town,NC
Fourche town,AR
Fowler city,CA
Fowler city,KS
Fowler town,CO
Fowler town,IN
Fowler village,MI
Fowlerton town,IN
Fowlerville village,MI
Fox Chapel borough,PA
Fox Chase city,KY
Fox Crossing village,WI
Fox Lake city,WI
Fox Lake village,IL
Fox Point village,WI
Fox River Grove village,IL
Foxburg borough,PA
Foxfield town,CO
Foxfire village,NC
Foxhome city,MN
Foyil town,OK
Frackville borough,PA
Framingham city,MA
Francesville town,IN
Francis Creek village,WI
Francis town,OK
Francis town,UT
Francisco town,IN
Frankenmuth city,MI
Frankford city,MO
Frankford town,DE
Frankfort Springs borough,PA
Frankfort city,IN
Frankfort city,KS
Frankfort city,KY
Frankfort city,MI
Frankfort city,SD
Frankfort village,IL
Frankfort village,NY
Frankfort village,OH
Franklin Grove village,IL
Franklin Lakes borough,NJ
Franklin Park borough,PA
Franklin Park village,IL
Franklin Springs city,GA
Franklin Town city,MA
Franklin borough,NJ
Franklin borough,PA
Franklin city,GA
Franklin city,IA
Franklin city,ID
Franklin city,IN
Franklin city,KY
Franklin city,LA
Franklin city,MN
Franklin city,MO
Franklin city,NE
Franklin city,NH
Franklin city,OH
Franklin city,PA
Franklin city,TN
Franklin city,TX
Franklin city,VA
Franklin city,WI
Franklin town,AL
Franklin town,AR
Franklin town,NC
Franklin town,WV
Franklin village,IL
Franklin village,MI
Franklin village,NY
Franklinton town,LA
Franklinton town,NC
Franklintown borough,PA
Franklinville town,NC
Franklinville village,NY
Frankston town,TX
Frankton town,IN
Frannie town,WY
Fraser city,IA
Fraser city,MI
Fraser town,CO
Frazee city,MN
Frazeysburg village,OH
Frederic village,WI
Frederica town,DE
Frederick city,KS
Frederick city,MD
Frederick city,OK
Frederick town,CO
Frederick town,SD
Fredericksburg city,IA
Fredericksburg city,TX
Fredericksburg city,VA
Fredericksburg village,OH
Fredericktown city,MO
Fredericktown village,OH
Frederika city,IA
Fredonia (Biscoe) town,AR
Fredonia borough,PA
Fredonia city,IA
Fredonia city,KS
Fredonia city,KY
Fredonia city,ND
Fredonia town,AZ
Fredonia village,NY
Fredonia village,WI
Free Soil village,MI
Freeborn city,MN
Freeburg borough,PA
Freeburg village,IL
Freeburg village,MO
Freedom borough,PA
Freedom town,OK
Freehold borough,NJ
Freeland borough,PA
Freeman Spur village,IL
Freeman city,MO
Freeman city,SD
Freemansburg borough,PA
Freeport borough,PA
Freeport city,FL
Freeport city,IL
Freeport city,MN
Freeport city,TX
Freeport village,MI
Freeport village,NY
Freeport village,OH
Freer city,TX
Freeville village,NY
Freistatt village,MO
Fremont Hills city,MO
Fremont city,CA
Fremont city,IA
Fremont city,MI
Fremont city,NE
Fremont city,OH
Fremont town,IN
Fremont town,NC
Fremont village,WI
French Camp town,MS
French Lick town,IN
French Settlement village,LA
Frenchburg city,KY
Frenchtown borough,NJ
Fresno city,CA
Friars Point town,MS
Friday Harbor town,WA
Fridley city,MN
Friedenswald village,MO
Friend city,NE
Friendly town,WV
Friendship city,TN
Friendship town,AR
Friendship town,OK
Friendship village,WI
Friendsville borough,PA
Friendsville city,TN
Friendsville town,MD
Friendswood city,TX
Fries town,VA
Friesland village,WI
Friona city,TX
Frisco City town,AL
Frisco city,TX
Frisco town,CO
Fritch city,TX
Frohna city,MO
Froid town,MT
Fromberg town,MT
Front Royal town,VA
Frontenac city,KS
Frontenac city,MO
Frontier city,ND
Frost city,MN
Frost city,TX
Frostburg city,MD
Frostproof city,FL
Fruit Heights city,UT
Fruita city,CO
Fruitdale town,SD
Fruithurst town,AL
Fruitland Park city,FL
Fruitland city,IA
Fruitland city,ID
Fruitland city,MD
Fruitport village,MI
Fruitvale city,TX
Fulda city,MN
Fullerton city,CA
Fullerton city,ND
Fullerton city,NE
Fulshear city,TX
Fulton city,IL
Fulton city,KS
Fulton city,KY
Fulton city,MO
Fulton city,MS
Fulton city,NY
Fulton town,AL
Fulton town,AR
Fulton town,IN
Fulton town,SD
Fulton town,TX
Fulton village,OH
Fultondale city,AL
Fultonham village,OH
Fultonville village,NY
Fults village,IL
Funk village,NE
Funkley city,MN
Funkstown town,MD
Funston city,GA
Fuquay-Varina town,NC
Furman town,SC
Fyffe town,AL
Gaastra city,MI
Gackle city,ND
Gadsden city,AL
Gadsden town,TN
Gaffney city,SC
Gage town,OK
Gagetown village,MI
Gahanna city,OH
Gaines village,MI
Gainesboro town,TN
Gainesville city,FL
Gainesville city,GA
Gainesville city,MO
Gainesville city,TX
Gainesville town,AL
Gainesville village,NY
Gaithersburg city,MD
Galatia city,KS
Galatia village,IL
Galax city,VA
Galena Park city,TX
Galena city,AK
Galena city,IL
Galena city,KS
Galena city,MO
Galena town,MD
Galena village,OH
Galesburg city,IL
Galesburg city,KS
Galesburg city,MI
Galesburg city,ND
Galestown town,MD
Galesville city,WI
Galeton borough,PA
Galien village,MI
Galion city,OH
Gallatin city,MO
Gallatin city,TN
Gallatin city,TX
Gallaway city,TN
Gallipolis village,OH
Gallitzin borough,PA
Gallup city,NM
Galt city,CA
Galt city,IA
Galt city,MO
Galva city,IA
Galva city,IL
Galva city,KS
Galveston city,TX
Galveston town,IN
Galway village,NY
Gamaliel city,KY
Gambell city,AK
Gambier village,OH
Gamewell town,NC
Ganado city,TX
Gandy village,NE
Gann (Brinkhaven) village,OH
Gans town,OK
Gantt town,AL
Garber city,IA
Garber city,OK
Garden City city,GA
Garden City city,ID
Garden City city,KS
Garden City city,MI
Garden City city,MO
Garden City town,AL
Garden City town,CO
Garden City town,SD
Garden City town,UT
Garden City village,NY
Garden Grove city,CA
Garden Grove city,IA
Garden Plain city,KS
Garden Ridge city,TX
Garden village,MI
Gardena city,CA
Gardena city,ND
Gardendale city,AL
Gardiner city,ME
Gardner city,KS
Gardner city,MA
Gardner city,ND
Gardner village,IL
Garfield Heights city,OH
Garfield city,GA
Garfield city,KS
Garfield city,MN
Garfield city,NJ
Garfield town,AR
Garfield town,WA
Garibaldi city,OR
Garland city,TX
Garland city,UT
Garland town,AR
Garland town,NC
Garland town,TN
Garland village,NE
Garnavillo city,IA
Garner city,IA
Garner town,AR
Garner town,NC
Garnett city,KS
Garretson city,SD
Garrett Park town,MD
Garrett borough,PA
Garrett city,IN
Garrett town,TX
Garrett village,IL
Garrettsville village,OH
Garrison city,IA
Garrison city,MN
Garrison city,ND
Garrison city,TX
Garrison village,NE
Garvin city,MN
Garvin town,OK
Garwin city,IA
Garwood borough,NJ
Gary City town,TX
Gary city,IN
Gary city,MN
Gary city,SD
Gary city,WV
Garysburg town,NC
Gas City city,IN
Gas city,KS
Gasconade city,MO
Gascoyne city,ND
Gassaway town,WV
Gassville city,AR
Gaston city,OR
Gaston town,IN
Gaston town,NC
Gaston town,SC
Gastonia city,NC
Gate City town,VA
Gate town,OK
Gates Mills village,OH
Gates city,OR
Gates town,TN
Gatesville city,TX
Gatesville town,NC
Gateway town,AR
Gatlinburg city,TN
Gattman village,MS
Gauley Bridge town,WV
Gautier city,MS
Gay town,GA
Gaylesville town,AL
Gaylord city,KS
Gaylord city,MI
Gaylord city,MN
Gays Mills village,WI
Gays village,IL
Gayville town,SD
Gearhart city,OR
Geary city,OK
Geddes city,SD
Geiger town,AL
Geistown borough,PA
Gem Lake city,MN
Gem city,KS
Gene Autry town,OK
Genesee city,ID
Geneseo city,IL
Geneseo city,KS
Geneseo village,NY
Geneva city,AL
Geneva city,IA
Geneva city,IL
Geneva city,MN
Geneva city,NE
Geneva city,NY
Geneva city,OH
Geneva town,GA
Geneva town,IN
Geneva-on-the-Lake village,OH
Genoa City village,WI
Genoa city,IL
Genoa city,NE
Genoa town,CO
Genoa village,OH
Genoa village,WI
Genola city,MN
Genola town,UT
Gentry city,AR
Gentry village,MO
Gentryville town,IN
George West city,TX
George city,IA
George city,WA
Georgetown borough,PA
Georgetown city,ID
Georgetown city,IL
Georgetown city,KY
Georgetown city,MN
Georgetown city,SC
Georgetown city,TX
Georgetown town,AR
Georgetown town,CO
Georgetown town,DE
Georgetown town,IN
Georgetown town,MS
Georgetown village,LA
Georgetown village,OH
Georgetown-Quitman County unified government,GA
Georgiana town,AL
Gerald city,MO
Geraldine town,AL
Geraldine town,MT
Gering city,NE
German Valley village,IL
Germantown Hills village,IL
Germantown city,KY
Germantown city,OH
Germantown city,TN
Germantown village,IL
Germantown village,WI
Geronimo town,OK
Gerster town,MO
Gerty town,OK
Gervais city,OR
Gettysburg borough,PA
Gettysburg city,SD
Gettysburg village,OH
Geuda Springs city,KS
Ghent city,KY
Ghent city,MN
Gholson city,TX
Gibbon city,MN
Gibbon city,NE
Gibbs village,MO
Gibbsboro borough,NJ
Gibraltar city,MI
Gibsland town,LA
Gibson City city,IL
Gibson city,GA
Gibson city,IA
Gibson town,NC
Gibson town,TN
Gibsonburg village,OH
Gibsonville town,NC
Giddings city,TX
Gideon city,MO
Gifford town,SC
Gifford village,IL
Gig Harbor city,WA
Gila Bend town,AZ
Gilbert city,IA
Gilbert city,MN
Gilbert town,AR
Gilbert town,AZ
Gilbert town,SC
Gilbert town,WV
Gilbert village,LA
Gilberton borough,PA
Gilbertown town,AL
Gilberts village,IL
Gilbertsville village,NY
Gilbertville city,IA
Gilboa village,OH
Gilby city,ND
Gilcrest town,CO
Gilead village,NE
Gillespie city,IL
Gillett Grove city,IA
Gillett city,AR
Gillett city,WI
Gillette city,WY
Gillham town,AR
Gilliam city,MO
Gilliam village,LA
Gillsville city,GA
Gilman City city,MO
Gilman city,IA
Gilman city,IL
Gilman city,MN
Gilman village,WI
Gilmer city,TX
Gilmore City city,IA
Gilmore city,AR
Gilroy city,CA
Gilt Edge city,TN
Giltner village,NE
Ginger Blue village,MO
Girard borough,PA
Girard city,IL
Girard city,KS
Girard city,OH
Girard town,GA
Girardville borough,PA
Gladbrook city,IA
Glade Spring town,VA
Glade city,KS
Gladewater city,TX
Gladstone city,MI
Gladstone city,MO
Gladstone city,ND
Gladstone city,OR
Gladstone village,IL
Gladwin city,MI
Glandorf village,OH
Glasco city,KS
Glasford village,IL
Glasgow borough,PA
Glasgow city,KY
Glasgow city,MO
Glasgow city,MT
Glasgow town,VA
Glasgow town,WV
Glasgow village,IL
Glassboro borough,NJ
Glassport borough,PA
Gleason town,TN
Glen Allen town,AL
Glen Allen town,MO
Glen Alpine town,NC
Glen Campbell borough,PA
Glen Carbon village,IL
Glen Cove city,NY
Glen Dale city,WV
Glen Echo Park village,MO
Glen Echo town,MD
Glen Elder city,KS
Glen Ellyn village,IL
Glen Flora village,WI
Glen Gardner borough,NJ
Glen Hope borough,PA
Glen Lyn town,VA
Glen Osborne borough,PA
Glen Park village,NY
Glen Ridge borough,NJ
Glen Ridge town,FL
Glen Rock borough,NJ
Glen Rock borough,PA
Glen Rose city,TX
Glen St. Mary town,FL
Glen Ullin city,ND
Glen town,MS
Glenaire city,MO
Glenarden city,MD
Glenbeulah village,WI
Glenburn city,ND
Glencoe city,AL
Glencoe city,KY
Glencoe city,MN
Glencoe town,OK
Glencoe village,IL
Glendale Heights village,IL
Glendale city,AZ
Glendale city,CA
Glendale city,CO
Glendale city,MO
Glendale city,OR
Glendale city,WI
Glendale town,UT
Glendale village,OH
Glendive city,MT
Glendo town,WY
Glendon borough,PA
Glendora city,CA
Glendora village,MS
Glenfield borough,PA
Glenfield city,ND
Glenford village,OH
Glenham town,SD
Glenmont village,OH
Glenmora town,LA
Glenn Heights city,TX
Glenns Ferry city,ID
Glennville city,GA
Glenolden borough,PA
Glenpool city,OK
Glenrock town,WY
Glens Falls city,NY
Glenview Hills city,KY
Glenview Manor city,KY
Glenview city,KY
Glenview village,IL
Glenvil village,NE
Glenville city,MN
Glenville town,WV
Glenwillow village,OH
Glenwood City city,WI
Glenwood Springs city,CO
Glenwood city,AR
Glenwood city,GA
Glenwood city,IA
Glenwood city,MN
Glenwood town,AL
Glenwood town,IN
Glenwood town,UT
Glenwood village,IL
Glenwood village,MO
Glidden city,IA
Globe city,AZ
Gloria Glens Park village,OH
Gloster town,MS
Gloucester City city,NJ
Gloucester city,MA
Glouster village,OH
Gloversville city,NY
Gluckstadt city,MS
Glyndon city,MN
Gnadenhutten village,OH
Gobles city,MI
Goddard city,KS
Godfrey village,IL
Godley city,TX
Godley village,IL
Godwin town,NC
Goehner village,NE
Goessel city,KS
Goff city,KS
Golconda city,IL
Gold Bar city,WA
Gold Beach city,OR
Gold Hill city,OR
Golden Beach town,FL
Golden City city,MO
Golden Gate village,IL
Golden Meadow town,LA
Golden Valley city,MN
Golden Valley city,ND
Golden city,CO
Golden town,MS
Golden village,IL
Goldendale city,WA
Goldfield city,IA
Goldonna village,LA
Goldsboro borough,PA
Goldsboro city,NC
Goldsboro town,MD
Goldsby town,OK
Goldsmith city,TX
Goldston town,NC
Goldthwaite city,TX
Goldville town,AL
Goleta city,CA
Golf Manor village,OH
Golf village,FL
Golf village,IL
Goliad city,TX
Golinda city,TX
Golovin city,AK
Goltry town,OK
Golva city,ND
Gonvick city,MN
Gonzales city,CA
Gonzales city,LA
Gonzales city,TX
Good Hope city,AL
Good Hope city,GA
Good Hope village,IL
Good Thunder city,MN
Goodell city,IA
Goodfield village,IL
Goodhue city,MN
Gooding city,ID
Goodland city,KS
Goodland town,IN
Goodlettsville city,TN
Goodlow city,TX
Goodman city,MO
Goodman town,MS
Goodnews Bay city,AK
Goodrich city,ND
Goodrich city,TX
Goodrich village,MI
Goodridge city,MN
Goodview city,MN
Goodwater town,AL
Goodwell town,OK
Goodwin town,SD
Goodyear city,AZ
Goose Creek city,KY
Goose Creek city,SC
Goose Lake city,IA
Gordo town,AL
Gordon borough,PA
Gordon city,GA
Gordon city,NE
Gordon city,TX
Gordon town,AL
Gordon village,OH
Gordonsville town,TN
Gordonsville town,VA
Gordonville town,AL
Gordonville village,MO
Gore town,OK
Goree city,TX
Goreville village,IL
Gorham city,KS
Gorham village,IL
Gorman city,TX
Goshen city,IN
Goshen city,KY
Goshen town,AL
Goshen town,AR
Goshen town,UT
Goshen town,VA
Goshen village,NY
Gosnell city,AR
Gosport town,IN
Gotebo town,OK
Gothenburg city,NE
Gould city,AR
Gould town,OK
Gouverneur village,NY
Govan town,SC
Gove City city,KS
Gowanda village,NY
Gower city,MO
Gowrie city,IA
Grabill town,IN
Grace City city,ND
Grace city,ID
Gracemont town,OK
Graceville city,FL
Graceville city,MN
Grady city,AR
Grady village,NM
Graettinger city,IA
Graf city,IA
Graford city,TX
Grafton city,IA
Grafton city,IL
Grafton city,ND
Grafton city,WV
Grafton village,NE
Grafton village,OH
Grafton village,WI
Graham city,GA
Graham city,NC
Graham city,TX
Graham town,MO
Grain Valley city,MO
Grainfield city,KS
Grainola town,OK
Grambling city,LA
Gramercy town,LA
Grampian borough,PA
Granada city,MN
Granada town,CO
Granbury city,TX
Granby city,MO
Granby town,CO
Grand Beach village,MI
Grand Blanc city,MI
Grand Cane village,LA
Grand Coteau town,LA
Grand Coulee city,WA
Grand Falls Plaza town,MO
Grand Forks city,ND
Grand Haven city,MI
Grand Island city,NE
Grand Isle town,LA
Grand Junction city,CO
Grand Junction city,IA
Grand Junction city,TN
Grand Lake Towne town,OK
Grand Lake town,CO
Grand Ledge city,MI
Grand Marais city,MN
Grand Meadow city,MN
Grand Mound city,IA
Grand Pass village,MO
Grand Prairie city,TX
Grand Rapids city,MI
Grand Rapids city,MN
Grand Rapids village,OH
Grand Ridge town,FL
Grand Ridge village,IL
Grand River city,IA
Grand River village,OH
Grand Rivers city,KY
Grand Saline city,TX
Grand Terrace city,CA
Grand Tower city,IL
Grand View city,ID
Grand View-on-Hudson village,NY
Grandfalls town,TX
Grandfather Village village,NC
Grandfield city,OK
Grandin city,MO
Grandin city,ND
Grandview Heights city,OH
Grandview Plaza city,KS
Grandview city,IA
Grandview city,MO
Grandview city,TX
Grandview city,WA
Grandview town,IN
Grandview village,IL
Grandville city,MI
Granger city,IA
Granger city,TX
Granger city,WA
Granger town,WY
Granger village,MO
Grangeville city,ID
Granite City city,IL
Granite Falls city,MN
Granite Falls city,WA
Granite Falls town,NC
Granite Quarry town,NC
Granite Shoals city,TX
Granite city,OR
Granite town,OK
Granjeno city,TX
Grannis city,AR
Grano city,ND
Grant City town,MO
Grant Park village,IL
Grant Town town,WV
Grant city,IA
Grant city,MI
Grant city,MN
Grant city,NE
Grant town,AL
Grant-Valkaria town,FL
Grantfork village,IL
Granton village,WI
Grants Pass city,OR
Grants city,NM
Grantsboro town,NC
Grantsburg village,WI
Grantsville city,UT
Grantsville town,MD
Grantsville town,WV
Grantville city,GA
Grantwood Village town,MO
Granville city,IA
Granville city,ND
Granville town,WV
Granville village,IL
Granville village,NY
Granville village,OH
Grapeland city,TX
Grapevine city,TX
Grass Lake village,MI
Grass Range town,MT
Grass Valley city,CA
Grass Valley city,OR
Grasston city,MN
Gratiot village,OH
Gratiot village,WI
Gratis village,OH
Gratz borough,PA
Gratz city,KY
Gravette city,AR
Gravity city,IA
Gravois Mills town,MO
Gray Court town,SC
Gray city,GA
Gray city,IA
Grayling city,AK
Grayling city,MI
Graymoor-Devondale city,KY
Grays Prairie village,TX
Grayslake village,IL
Grayson city,GA
Grayson city,KY
Grayson town,OK
Grayson village,LA
Graysville city,AL
Graysville town,TN
Graysville village,OH
Grayville city,IL
Great Bend borough,PA
Great Bend city,KS
Great Bend city,ND
Great Falls city,MT
Great Falls town,SC
Great Neck Estates village,NY
Great Neck Plaza village,NY
Great Neck village,NY
Greeley Center village,NE
Greeley city,CO
Greeley city,IA
Greeley city,KS
Greeleyville town,SC
Green Bay city,WI
Green Camp village,OH
Green Castle city,MO
Green City city,MO
Green Cove Springs city,FL
Green Forest city,AR
Green Hills borough,PA
Green Island village,NY
Green Isle city,MN
Green Lake city,WI
Green Lane borough,PA
Green Level town,NC
Green Mountain Falls town,CO
Green Oaks village,IL
Green Park city,MO
Green Ridge city,MO
Green River city,UT
Green River city,WY
Green Spring city,KY
Green Springs village,OH
Green Tree borough,PA
Green Valley village,IL
Green city,KS
Green city,OH
Greenacres city,FL
Greenback city,TN
Greenbelt city,MD
Greenbrier city,AR
Greenbrier town,TN
Greenbush city,MN
Greencastle borough,PA
Greencastle city,IN
Greendale city,IN
Greendale city,MO
Greendale village,WI
Greene city,IA
Greene village,NY
Greenevers town,NC
Greeneville town,TN
Greenfield city,CA
Greenfield city,IA
Greenfield city,IL
Greenfield city,IN
Greenfield city,MA
Greenfield city,MN
Greenfield city,MO
Greenfield city,TN
Greenfield city,WI
Greenfield town,OK
Greenfield village,OH
Greenhills village,OH
Greenland city,AR
Greenleaf city,ID
Greenleaf city,KS
Greenport village,NY
Greens Fork town,IN
Greensboro borough,PA
Greensboro city,AL
Greensboro city,GA
Greensboro city,NC
Greensboro town,FL
Greensboro town,IN
Greensboro town,MD
Greensburg city,IN
Greensburg city,KS
Greensburg city,KY
Greensburg city,PA
Greensburg town,LA
Greentop city,MO
Greentown town,IN
Greenup city,KY
Greenup village,IL
Greenview village,IL
Greenville borough,PA
Greenville city,AL
Greenville city,GA
Greenville city,IA
Greenville city,IL
Greenville city,KY
Greenville city,MI
Greenville city,MO
Greenville city,MS
Greenville city,NC
Greenville city,OH
Greenville city,SC
Greenville city,TX
Greenville town,FL
Greenville town,IN
Greenville village,WI
Greenwald city,MN
Greenway city,AR
Greenwich village,NY
Greenwich village,OH
Greenwood Lake village,NY
Greenwood Village city,CO
Greenwood city,AR
Greenwood city,IN
Greenwood city,MN
Greenwood city,MO
Greenwood city,MS
Greenwood city,SC
Greenwood city,WI
Greenwood town,DE
Greenwood town,FL
Greenwood town,LA
Greenwood village,IL
Greenwood village,NE
Greer city,SC
Greers Ferry city,AR
Gregory city,SD
Gregory city,TX
Grenada city,MS
Grenola city,KS
Grenora city,ND
Grenville town,SD
Grenville village,NM
Gresham city,OR
Gresham village,NE
Gresham village,WI
Gretna city,FL
Gretna city,LA
Gretna city,NE
Gretna town,VA
Grey Eagle city,MN
Grey Forest city,TX
Greybull town,WY
Gridley city,CA
Gridley city,KS
Gridley village,IL
Griffin city,GA
Griffin town,IN
Griffith town,IN
Griffithville town,AR
Grifton town,NC
Griggsville city,IL
Grimes city,IA
Grimes town,AL
Grimesland town,NC
Grinnell city,IA
Grinnell city,KS
Griswold city,IA
Groesbeck city,TX
Groom town,TX
Gross village,NE
Grosse Pointe Farms city,MI
Grosse Pointe Park city,MI
Grosse Pointe Woods city,MI
Grosse Pointe city,MI
Grosse Tete village,LA
Groton Long Point borough,CT
Groton city,CT
Groton city,SD
Groton village,NY
Grottoes town,VA
Grove City borough,PA
Grove City city,MN
Grove City city,OH
Grove Hill town,AL
Grove city,OK
Groveland city,FL
Groveport city,OH
Grover Beach city,CA
Grover Hill village,OH
Grover town,CO
Grover town,NC
Groves city,TX
Groveton city,TX
Grovetown city,GA
Grubbs city,AR
Gruetli-Laager city,TN
Grundy Center city,IA
Grundy town,VA
Gruver city,IA
Gruver city,TX
Grygla city,MN
Gu-Win town,AL
Guadalupe city,CA
Guadalupe town,AZ
Guernsey city,IA
Guernsey town,WY
Gueydan town,LA
Guide Rock village,NE
Guilford town,MO
Guin city,AL
Guion town,AR
Gulf Breeze city,FL
Gulf Shores city,AL
Gulf Stream town,FL
Gulfport city,FL
Gulfport city,MS
Gulfport village,IL
Gully city,MN
Gum Springs town,AR
Gumbranch city,GA
Gun Barrel City city,TX
Gunn City village,MO
Gunnison city,CO
Gunnison city,UT
Gunnison town,MS
Gunter city,TX
Guntersville city,AL
Guntown town,MS
Gurdon city,AR
Gurley town,AL
Gurley village,NE
Gurnee village,IL
Gustavus city,AK
Gustine city,CA
Gustine town,TX
Guthrie Center city,IA
Guthrie city,KY
Guthrie city,OK
Guttenberg city,IA
Guttenberg town,NJ
Guy city,AR
Guymon city,OK
Guys town,TN
Guyton city,GA
Gwinner city,ND
Gypsum city,KS
Gypsum town,CO
Hackberry town,TX
Hackensack city,MN
Hackensack city,NJ
Hackett city,AR
Hackettstown town,NJ
Hackleburg town,AL
Hadar village,NE
Haddam city,KS
Haddon Heights borough,NJ
Haddonfield borough,NJ
Hadley city,MN
Hagaman village,NY
Hagan city,GA
Hagerman city,ID
Hagerman town,NM
Hagerstown city,MD
Hagerstown town,IN
Hague city,ND
Hahira city,GA
Haigler village,NE
Hailey city,ID
Haileyville city,OK
Haines City city,FL
Haines city,OR
Hainesville village,IL
Halbur city,IA
Hale Center city,TX
Hale city,MO
Haleburg town,AL
Haledon borough,NJ
Hales Corners village,WI
Haleyville city,AL
Half Moon Bay city,CA
Halfway city,OR
Halfway village,MO
Halifax borough,PA
Halifax town,NC
Halifax town,VA
Hall Summit village,LA
Hallam borough,PA
Hallam village,NE
Hallandale Beach city,FL
Hallett town,OK
Hallettsville city,TX
Halliday city,ND
Hallock city,MN
Hallowell city,ME
Halls town,TN
Hallsburg city,TX
Hallstead borough,PA
Hallsville city,MO
Hallsville city,TX
Halltown village,MO
Hallwood town,VA
Halma city,MN
Halsey city,OR
Halsey village,NE
Halstad city,MN
Halstead city,KS
Haltom City city,TX
Ham Lake city,MN
Hamberg city,ND
Hambleton town,WV
Hamburg borough,NJ
Hamburg borough,PA
Hamburg city,AR
Hamburg city,IA
Hamburg city,MN
Hamburg village,IL
Hamburg village,NY
Hamden village,OH
Hamel village,IL
Hamersville village,OH
Hamilton city,AL
Hamilton city,GA
Hamilton city,IA
Hamilton city,IL
Hamilton city,KS
Hamilton city,MO
Hamilton city,MT
Hamilton city,ND
Hamilton city,OH
Hamilton city,TX
Hamilton town,IN
Hamilton town,NC
Hamilton town,VA
Hamilton town,WA
Hamilton village,NY
Hamler village,OH
Hamlet city,NC
Hamlet town,IN
Hamlet village,NE
Hamlin city,KS
Hamlin city,TX
Hamlin town,WV
Hammon town,OK
Hammond city,IN
Hammond city,LA
Hammond city,MN
Hammond village,IL
Hammond village,NY
Hammond village,WI
Hammondsport village,NY
Hammondville town,AL
Hammonton town,NJ
Hampden city,ND
Hampshire village,IL
Hampstead town,MD
Hampton borough,NJ
Hampton city,AR
Hampton city,FL
Hampton city,GA
Hampton city,IA
Hampton city,MN
Hampton city,VA
Hampton town,SC
Hampton village,IL
Hampton village,NE
Hamtramck city,MI
Hanaford village,IL
Hanahan city,SC
Hanceville city,AL
Hancock city,IA
Hancock city,MI
Hancock city,MN
Hancock town,MD
Hancock village,NY
Hancock village,WI
Handley town,WV
Hanford city,CA
Hanging Rock village,OH
Hankinson city,ND
Hanksville town,UT
Hanley Falls city,MN
Hanley Hills village,MO
Hanlontown city,IA
Hanna City village,IL
Hanna town,OK
Hanna town,WY
Hannaford city,ND
Hannah city,ND
Hannibal city,MO
Hannibal village,NY
Hanover Park village,IL
Hanover borough,PA
Hanover city,KS
Hanover city,MN
Hanover town,IN
Hanover village,IL
Hanover village,MI
Hanover village,OH
Hanoverton village,OH
Hansboro city,ND
Hansell city,IA
Hansen city,ID
Hanska city,MN
Hanson city,KY
Hanston city,KS
Hapeville city,GA
Happy Valley city,OR
Happy town,TX
Harahan city,LA
Haralson town,GA
Harbine village,NE
Harbor Beach city,MI
Harbor Springs city,MI
Harbor View village,OH
Harcourt city,IA
Hardeeville city,SC
Hardesty town,OK
Hardin city,KY
Hardin city,MO
Hardin city,MT
Hardin city,TX
Hardin village,IL
Harding city,MN
Hardinsburg city,KY
Hardtner city,KS
Hardwick city,MN
Hardy city,AR
Hardy city,IA
Hardy village,NE
Harker Heights city,TX
Harlan city,IA
Harlan city,KY
Harlem city,GA
Harlem city,MT
Harleyville town,SC
Harlingen city,TX
Harlowton city,MT
Harman town,WV
Harmon village,IL
Harmony borough,PA
Harmony city,MN
Harmony town,IN
Harmony town,NC
Harper Woods city,MI
Harper city,IA
Harper city,KS
Harpers Ferry city,IA
Harpers Ferry town,WV
Harpersville town,AL
Harpster village,OH
Harrah city,OK
Harrah town,WA
Harrell town,AR
Harrells town,NC
Harrellsville town,NC
Harrietta village,MI
Harriman city,TN
Harriman village,NY
Harrington Park borough,NJ
Harrington city,DE
Harrington city,WA
Harris city,IA
Harris city,MN
Harris town,MO
Harrisburg city,AR
Harrisburg city,IL
Harrisburg city,OR
Harrisburg city,PA
Harrisburg city,SD
Harrisburg town,MO
Harrisburg town,NC
Harrisburg village,OH
Harrison city,AR
Harrison city,ID
Harrison city,MI
Harrison city,OH
Harrison town,GA
Harrison town,NJ
Harrison village,NE
Harrison village,NY
Harrison village,WI
Harrisonburg city,VA
Harrisonburg village,LA
Harrisonville city,MO
Harristown village,IL
Harrisville borough,PA
Harrisville city,MI
Harrisville city,UT
Harrisville town,WV
Harrisville village,OH
Harrod village,OH
Harrodsburg city,KY
Harrogate city,TN
Harrold town,SD
Hart city,MI
Hart city,TX
Hartford (Croton) village,OH
Hartford City city,IN
Hartford City town,WV
Hartford city,AL
Hartford city,AR
Hartford city,CT
Hartford city,IA
Hartford city,KS
Hartford city,KY
Hartford city,MI
Hartford city,SD
Hartford city,WI
Hartford village,IL
Hartington city,NE
Hartland city,MN
Hartland village,WI
Hartleton borough,PA
Hartley city,IA
Hartline town,WA
Hartly town,DE
Hartman city,AR
Hartman town,CO
Hartsburg town,MO
Hartsburg village,IL
Hartselle city,AL
Hartshorne city,OK
Hartsville city,SC
Hartsville town,IN
Hartsville/Trousdale County,TN
Hartville city,MO
Hartville town,WY
Hartville village,OH
Hartwell city,GA
Hartwick city,IA
Harvard city,IL
Harvard city,NE
Harvel village,IL
Harvey Cedars borough,NJ
Harvey city,IA
Harvey city,IL
Harvey city,ND
Harveys Lake borough,PA
Harveysburg village,OH
Harveyville city,KS
Harwood Heights village,IL
Harwood city,ND
Harwood village,MO
Hasbrouck Heights borough,NJ
Haskell city,AR
Haskell city,TX
Haskell town,OK
Haskins village,OH
Haslet city,TX
Hassell town,NC
Hastings borough,PA
Hastings city,IA
Hastings city,MI
Hastings city,MN
Hastings city,NE
Hastings town,OK
Hastings-on-Hudson village,NY
Haswell town,CO
Hatboro borough,PA
Hatch town,UT
Hatch village,NM
Hatfield borough,PA
Hatfield city,MN
Hatfield town,AR
Hatley town,MS
Hatley village,WI
Hattiesburg city,MS
Hatton city,ND
Hatton town,WA
Haubstadt town,IN
Haugen village,WI
Haughton town,LA
Hauser city,ID
Havana city,AR
Havana city,IL
Havana city,KS
Havana city,ND
Havana town,FL
Havelock city,IA
Havelock city,NC
Haven city,KS
Havensville city,KS
Haverhill city,IA
Haverhill city,MA
Haverhill town,FL
Haverstraw village,NY
Haviland city,KS
Haviland village,OH
Havre city,MT
Havre de Grace city,MD
Haw River town,NC
Hawaiian Gardens city,CA
Hawarden city,IA
Hawesville city,KY
Hawk Cove city,TX
Hawk Point city,MO
Hawkeye city,IA
Hawkins city,TX
Hawkins village,WI
Hawkinsville city,GA
Hawley borough,PA
Hawley city,MN
Hawley city,TX
Haworth borough,NJ
Haworth town,OK
Hawthorn Woods village,IL
Hawthorn borough,PA
Hawthorne borough,NJ
Hawthorne city,CA
Hawthorne city,FL
Haxtun town,CO
Hay Springs village,NE
Hayden Lake city,ID
Hayden city,ID
Hayden town,AL
Hayden town,AZ
Hayden town,CO
Hayes Center village,NE
Hayesville city,IA
Hayesville town,NC
Hayesville village,OH
Hayfield city,MN
Haymarket town,VA
Haynes city,ND
Haynes town,AR
Haynesville town,LA
Hayneville town,AL
Hays city,KS
Hays city,TX
Haysi town,VA
Haysville borough,PA
Haysville city,KS
Hayti Heights city,MO
Hayti city,MO
Hayti town,SD
Hayward city,CA
Hayward city,MN
Hayward city,WI
Haywood City village,MO
Hazard city,KY
Hazard village,NE
Hazel Crest village,IL
Hazel Green village,WI
Hazel Park city,MI
Hazel Run city,MN
Hazel city,KY
Hazel town,SD
Hazelton city,ID
Hazelton city,KS
Hazelton city,ND
Hazelwood city,MO
Hazen city,AR
Hazen city,ND
Hazlehurst city,GA
Hazlehurst city,MS
Hazleton city,IA
Hazleton city,PA
Hazleton town,IN
Head of the Harbor village,NY
Headland city,AL
Headrick town,OK
Healdsburg city,CA
Healdton city,OK
Hearne city,TX
Heartwell village,NE
Heath Springs town,SC
Heath city,OH
Heath city,TX
Heath town,AL
Heavener city,OK
Heber Springs city,AR
Heber city,UT
Hebron Estates city,KY
Hebron city,ND
Hebron city,NE
Hebron town,IN
Hebron town,MD
Hebron town,TX
Hebron village,IL
Hebron village,OH
Hecker village,IL
Hecla city,SD
Hector city,MN
Hector town,AR
Hedgesville town,WV
Hedley city,TX
Hedrick city,IA
Hedwig Village city,TX
Heflin city,AL
Heflin village,LA
Heidelberg borough,PA
Heidelberg city,MN
Heidelberg town,MS
Helen city,GA
Helena city,AL
Helena city,MT
Helena town,OK
Helena village,OH
Helena-West Helena city,AR
Helix city,OR
Hellertown borough,PA
Helmetta borough,NJ
Helotes city,TX
Helper city,UT
Hemby Bridge town,NC
Hemet city,CA
Hemingford village,NE
Hemingway town,SC
Hemlock village,OH
Hemphill city,TX
Hempstead city,TX
Hempstead village,NY
Henagar city,AL
Henderson city,IA
Henderson city,KY
Henderson city,MN
Henderson city,NC
Henderson city,NE
Henderson city,NV
Henderson city,TN
Henderson city,TX
Henderson town,LA
Henderson town,MD
Henderson town,WV
Henderson village,IL
Hendersonville city,NC
Hendersonville city,TN
Hendley village,NE
Hendricks city,MN
Hendricks town,WV
Hendrix town,OK
Hendrum city,MN
Henefer town,UT
Henlopen Acres town,DE
Hennepin village,IL
Hennessey town,OK
Henning city,MN
Henning town,TN
Henning village,IL
Henrietta city,MO
Henrietta city,TX
Henriette city,MN
Henrieville town,UT
Henry city,IL
Henry town,SD
Henry town,TN
Henry village,NE
Henryetta city,OK
Hephzibah city,GA
Hepler city,KS
Heppner city,OR
Herculaneum city,MO
Hercules city,CA
Hereford city,TX
Herington city,KS
Heritage Creek city,KY
Herkimer village,NY
Herman city,MN
Herman village,NE
Hermann city,MO
Hermantown city,MN
Hermiston city,OR
Hermitage city,AR
Hermitage city,MO
Hermitage city,PA
Hermosa Beach city,CA
Hermosa town,SD
Hernando city,MS
Herndon borough,PA
Herndon city,KS
Herndon town,VA
Heron Lake city,MN
Herreid city,SD
Herrick town,SD
Herrick village,IL
Herriman city,UT
Herrin city,IL
Herscher village,IL
Hersey village,MI
Hershey village,NE
Hertford town,NC
Hesperia city,CA
Hesperia village,MI
Hessmer village,LA
Hesston city,KS
Hetland town,SD
Hettick village,IL
Hettinger city,ND
Heuvelton village,NY
Hewitt city,MN
Hewitt city,TX
Hewitt village,WI
Hewlett Bay Park village,NY
Hewlett Harbor village,NY
Hewlett Neck village,NY
Heyburn city,ID
Heyworth village,IL
Hi-Nella borough,NJ
Hialeah Gardens city,FL
Hialeah city,FL
Hiawassee city,GA
Hiawatha city,IA
Hiawatha city,KS
Hibbing city,MN
Hickman city,KY
Hickman city,NE
Hickory Creek town,TX
Hickory Flat town,MS
Hickory Grove town,SC
Hickory Hill city,KY
Hickory Hills city,IL
Hickory Ridge city,AR
Hickory Valley town,TN
Hickory city,NC
Hickory town,MS
Hickory town,OK
Hicksville village,OH
Hico city,TX
Hidalgo city,TX
Hidalgo village,IL
Hidden Hills city,CA
Hideaway city,TX
Hideout town,UT
Higbee city,MO
Higden town,AR
Higgins city,TX
Higginson town,AR
Higginsport village,OH
Higginsville city,MO
Higgston town,GA
High Bridge borough,NJ
High Hill city,MO
High Point city,NC
High Shoals city,NC
High Springs city,FL
Highfill town,AR
Highland Beach town,FL
Highland Beach town,MD
Highland Falls village,NY
Highland Haven city,TX
Highland Heights city,KY
Highland Heights city,OH
Highland Hills village,OH
Highland Lake town,AL
Highland Park borough,NJ
Highland Park city,IL
Highland Park city,MI
Highland Park town,TX
Highland Park village,FL
Highland Village city,TX
Highland city,AR
Highland city,CA
Highland city,IL
Highland city,KS
Highland city,UT
Highland town,IN
Highland village,OH
Highland village,WI
Highlands borough,NJ
Highlands town,NC
Highlandville city,MO
Highmore city,SD
Highspire borough,PA
Hightstown borough,NJ
Highwood city,IL
Hilbert village,WI
Hilda town,SC
Hildale city,UT
Hildebran town,NC
Hildreth village,NE
Hill City city,KS
Hill City city,MN
Hill City city,SD
Hill Country Village city,TX
Hillburn village,NY
Hillcrest Heights town,FL
Hillcrest Village city,TX
Hillcrest village,IL
Hilliard city,OH
Hilliard town,FL
Hillman city,MN
Hillman village,MI
Hillrose town,CO
Hills and Dales city,KY
Hills and Dales village,OH
Hills city,IA
Hills city,MN
Hillsboro Beach town,FL
Hillsboro city,IA
Hillsboro city,IL
Hillsboro city,KS
Hillsboro city,MO
Hillsboro city,ND
Hillsboro city,OH
Hillsboro city,OR
Hillsboro city,TX
Hillsboro city,WI
Hillsboro town,AL
Hillsboro town,IN
Hillsboro town,MD
Hillsboro town,VA
Hillsboro town,WV
Hillsborough town,CA
Hillsborough town,NC
Hillsdale borough,NJ
Hillsdale city,MI
Hillsdale town,OK
Hillsdale village,IL
Hillsdale village,MO
Hillside village,IL
Hillsview town,SD
Hillsville town,VA
Hilltop city,MN
Hillview city,KY
Hillview village,IL
Hilshire Village city,TX
Hilton Head Island town,SC
Hilton village,NY
Hiltonia town,GA
Hinckley city,MN
Hinckley town,UT
Hinckley village,IL
Hindman city,KY
Hindsboro village,IL
Hindsville town,AR
Hines city,OR
Hinesville city,GA
Hingham town,MT
Hinsdale village,IL
Hinton city,IA
Hinton city,WV
Hinton town,OK
Hiram city,GA
Hiram village,OH
Hitchcock city,TX
Hitchcock town,OK
Hitchcock town,SD
Hitchita town,OK
Hitterdal city,MN
Hixton village,WI
Ho-Ho-Kus borough,NJ
Hobart city,IN
Hobart city,OK
Hobart village,NY
Hobart village,WI
Hobbs city,NM
Hoberg village,MO
Hobgood town,NC
Hoboken city,GA
Hoboken city,NJ
Hobson City town,AL
Hobson city,MT
Hochatown town,OK
Hodge village,LA
Hodgenville city,KY
Hodges town,AL
Hodges town,SC
Hodgkins village,IL
Hoffman Estates village,IL
Hoffman city,MN
Hoffman town,NC
Hoffman town,OK
Hoffman village,IL
Hogansville city,GA
Hohenwald city,TN
Hoisington city,KS
Hokah city,MN
Hokes Bluff city,AL
Holbrook city,AZ
Holbrook village,NE
Holcomb city,KS
Holcomb city,MO
Holden Beach town,NC
Holden city,MO
Holden town,UT
Holdenville city,OK
Holdingford city,MN
Holdrege city,NE
Holgate village,OH
Holiday City village,OH
Holiday Hills village,IL
Holiday Island city,AR
Holiday Lakes town,TX
Holladay city,UT
Holland Patent village,NY
Holland city,AR
Holland city,IA
Holland city,MI
Holland city,MN
Holland town,IN
Holland town,MO
Holland town,TX
Holland village,OH
Hollandale city,MN
Hollandale city,MS
Hollandale village,WI
Hollansburg village,OH
Hollenberg city,KS
Holley village,NY
Holliday city,TX
Holliday village,MO
Hollidaysburg borough,PA
Hollis city,OK
Hollister city,CA
Hollister city,ID
Hollister city,MO
Hollister town,OK
Hollow Creek city,KY
Hollow Rock town,TN
Holloway city,MN
Holloway village,OH
Hollowayville village,IL
Holly Grove city,AR
Holly Hill city,FL
Holly Hill town,SC
Holly Pond town,AL
Holly Ridge town,NC
Holly Springs city,GA
Holly Springs city,MS
Holly Springs town,NC
Holly town,CO
Holly village,MI
Hollyvilla city,KY
Hollywood Park town,TX
Hollywood city,FL
Hollywood town,AL
Hollywood town,SC
Holmen village,WI
Holmes Beach city,FL
Holmesville village,OH
Holstein city,IA
Holstein village,NE
Holt city,MN
Holt city,MO
Holton city,KS
Holton town,IN
Holts Summit city,MO
Holtville city,CA
Holy Cross city,AK
Holy Cross city,IA
Holyoke city,CO
Holyoke city,MA
Holyrood city,KS
Homecroft town,IN
Homedale city,ID
Homeland city,GA
Homer City borough,PA
Homer Glen village,IL
Homer city,AK
Homer town,GA
Homer town,LA
Homer village,IL
Homer village,MI
Homer village,NE
Homer village,NY
Homerville city,GA
Homestead borough,PA
Homestead city,FL
Homestead village,MO
Homestown city,MO
Hometown city,IL
Homewood borough,PA
Homewood city,AL
Homewood village,IL
Hominy city,OK
Honaker town,VA
Hondo city,TX
Honea Path town,SC
Honeoye Falls village,NY
Honesdale borough,PA
Honey Brook borough,PA
Honey Grove city,TX
Honeyville city,UT
Honor village,MI
Hood River city,OR
Hooker city,OK
Hookerton town,NC
Hooks city,TX
Hookstown borough,PA
Hoonah city,AK
Hooper Bay city,AK
Hooper city,NE
Hooper city,UT
Hooper town,CO
Hoopeston city,IL
Hoople city,ND
Hooppole village,IL
Hoosick Falls village,NY
Hoover city,AL
Hooversville borough,PA
Hop Bottom borough,PA
Hopatcong borough,NJ
Hope Mills town,NC
Hope city,AR
Hope city,ID
Hope city,KS
Hope city,ND
Hope town,IN
Hope village,NM
Hopedale village,IL
Hopedale village,OH
Hopewell borough,NJ
Hopewell borough,PA
Hopewell city,VA
Hopewell village,IL
Hopkins Park village,IL
Hopkins city,MN
Hopkins city,MO
Hopkins village,MI
Hopkinsville city,KY
Hopkinton city,IA
Hoquiam city,WA
Horace city,KS
Horace city,ND
Horatio city,AR
Hordville village,NE
Horicon city,WI
Horizon City city,TX
Horn Hill town,AL
Horn Lake city,MS
Hornbeak town,TN
Hornbeck town,LA
Hornell city,NY
Hornersville city,MO
Hornick city,IA
Hornsby town,TN
Horntown town,OK
Horse Cave city,KY
Horseheads village,NY
Horseshoe Bay city,TX
Horseshoe Beach town,FL
Horseshoe Bend city,AR
Horseshoe Bend city,ID
Horseshoe Lake town,AR
Horton city,KS
Hortonville village,WI
Hoschton city,GA
Hoskins village,NE
Hosmer city,SD
Hospers city,IA
Hosston village,LA
Hot Springs city,AR
Hot Springs city,SD
Hot Springs town,MT
Hot Springs town,NC
Hot Sulphur Springs town,CO
Hotchkiss town,CO
Houghton city,IA
Houghton city,MI
House village,NM
Houston Acres city,KY
Houston Lake city,MO
Houston borough,PA
Houston city,AK
Houston city,MN
Houston city,MO
Houston city,MS
Houston city,TX
Houston town,AR
Houston town,DE
Houstonia city,MO
Houtzdale borough,PA
Hoven town,SD
Howard City (Boelus) village,NE
Howard City village,MI
Howard Lake city,MN
Howard borough,PA
Howard city,KS
Howard city,SD
Howard village,WI
Howards Grove village,WI
Howardville city,MO
Howardwick city,TX
Howe town,OK
Howe town,TX
Howell city,MI
Howell town,UT
Howells village,NE
Howey-in-the-Hills town,FL
Hoxie city,AR
Hoxie city,KS
Hoyleton village,IL
Hoyt Lakes city,MN
Hoyt city,KS
Hoytville village,OH
Huachuca City town,AZ
Hubbard city,IA
Hubbard city,OH
Hubbard city,OR
Hubbard city,TX
Hubbard village,NE
Hubbardston village,MI
Hubbell village,NE
Huber Heights city,OH
Hudson Falls village,NY
Hudson Oaks city,TX
Hudson city,IA
Hudson city,KS
Hudson city,MI
Hudson city,NY
Hudson city,OH
Hudson city,TX
Hudson city,WI
Hudson town,CO
Hudson town,IN
Hudson town,NC
Hudson town,SD
Hudson town,WY
Hudson village,IL
Hudsonville city,MI
Huetter city,ID
Huey village,IL
Hueytown city,AL
Hughes Springs city,TX
Hughes city,AK
Hughes city,AR
Hughestown borough,PA
Hughesville borough,PA
Hughesville village,MO
Hughson city,CA
Hugo city,MN
Hugo city,OK
Hugo town,CO
Hugoton city,KS
Hulbert town,OK
Hulett town,WY
Hull city,GA
Hull city,IA
Hull village,IL
Hulmeville borough,PA
Humansville city,MO
Humble city,TX
Humboldt city,IA
Humboldt city,KS
Humboldt city,MN
Humboldt city,NE
Humboldt city,TN
Humboldt town,SD
Humboldt village,IL
Hume town,MO
Hume village,IL
Humeston city,IA
Hummelstown borough,PA
Humnoke city,AR
Humphrey city,AR
Humphrey city,NE
Humphreys village,MO
Hundred town,WV
Hunker borough,PA
Hunnewell city,KS
Hunnewell city,MO
Hunter city,KS
Hunter city,ND
Hunter town,AR
Hunter town,OK
Hunter village,NY
Hunters Creek Village city,TX
Hunters Hollow city,KY
Huntersville town,NC
Huntertown town,IN
Hunting Valley village,OH
Huntingburg city,IN
Huntingdon borough,PA
Huntingdon town,TN
Huntington Bay village,NY
Huntington Beach city,CA
Huntington Park city,CA
Huntington Woods city,MI
Huntington city,AR
Huntington city,IN
Huntington city,OR
Huntington city,TX
Huntington city,UT
Huntington city,WV
Huntland town,TN
Huntleigh city,MO
Huntley village,IL
Huntley village,NE
Hunts Point town,WA
Huntsdale town,MO
Huntsville city,AL
Huntsville city,AR
Huntsville city,MO
Huntsville city,TX
Huntsville town,TN
Huntsville town,UT
Huntsville village,OH
Hurdland city,MO
Hurdsfield city,ND
Hurley city,MO
Hurley city,SD
Hurley city,WI
Hurley town,NM
Hurlock town,MD
Huron city,CA
Huron city,KS
Huron city,OH
Huron city,SD
Hurricane city,UT
Hurricane city,WV
Hurst city,IL
Hurst city,TX
Hurstbourne Acres city,KY
Hurstbourne city,KY
Hurt town,VA
Hurtsboro town,AL
Huslia city,AK
Hustisford village,WI
Hustler village,WI
Hustonville city,KY
Hutchins city,TX
Hutchinson city,KS
Hutchinson city,MN
Hutsonville village,IL
Huttig city,AR
Hutto city,TX
Huttonsville town,WV
Huxley city,IA
Huxley city,TX
Hyannis village,NE
Hyattsville city,MD
Hydaburg city,AK
Hyde Park borough,PA
Hyde Park city,UT
Hyde Park village,VT
Hyden city,KY
Hydetown borough,PA
Hydro town,OK
Hymera town,IN
Hyndman borough,PA
Hypoluxo town,FL
Hyrum city,UT
Hysham town,MT
Hytop town,AL
IXL town,OK
Iaeger town,WV
Iatan village,MO
Iberia city,MO
Ida Grove city,IA
Ida village,LA
Idabel city,OK
Idaho City city,ID
Idaho Falls city,ID
Idaho Springs city,CO
Idalou city,TX
Idanha city,OR
Ideal city,GA
Ider town,AL
Ignacio town,CO
Ihlen city,MN
Ila city,GA
Iliff town,CO
Ilion village,NY
Illiopolis village,IL
Ilwaco city,WA
Imbler city,OR
Imboden town,AR
Imlay City city,MI
Imogene city,IA
Impact town,TX
Imperial Beach city,CA
Imperial city,CA
Imperial city,NE
Ina village,IL
Independence city,IA
Independence city,KS
Independence city,KY
Independence city,MN
Independence city,MO
Independence city,OH
Independence city,OR
Independence city,WI
Independence town,LA
Independence town,UT
Independence town,VA
Index town,WA
Indiahoma town,OK
Indialantic town,FL
Indian Beach town,NC
Indian Creek village,FL
Indian Creek village,IL
Indian Harbour Beach city,FL
Indian Head Park village,IL
Indian Head town,MD
Indian Hills city,KY
Indian Lake borough,PA
Indian Lake town,TX
Indian Point village,MO
Indian River Shores town,FL
Indian Rocks Beach city,FL
Indian Shores town,FL
Indian Springs Village city,AL
Indian Trail town,NC
Indian Village town,IN
Indian Wells city,CA
Indiana borough,PA
Indianola city,IA
Indianola city,MS
Indianola city,NE
Indianola town,OK
Indianola village,IL
Indiantown village,FL
Indio city,CA
Industry borough,PA
Industry city,CA
Industry city,TX
Industry village,IL
Inez city,KY
Ingalls city,KS
Ingalls town,IN
Ingleside city,TX
Ingleside on the Bay city,TX
Inglewood city,CA
Inglewood village,NE
Inglis town,FL
Ingram borough,PA
Ingram city,TX
Ingram village,WI
Inkom city,ID
Inkster city,MI
Inkster city,ND
Inman city,KS
Inman city,SC
Inman village,NE
Innsbrook village,MO
Inola town,OK
Interior town,SD
Interlachen town,FL
Interlaken borough,NJ
Interlaken town,UT
Interlaken village,NY
International Falls city,MN
Inver Grove Heights city,MN
Inverness city,FL
Inverness town,MS
Inverness village,IL
Inwood city,IA
Iola city,KS
Iola city,TX
Iola village,IL
Iola village,WI
Iona city,ID
Iona city,MN
Ione city,CA
Ione city,OR
Ione town,WA
Ionia city,IA
Ionia city,MI
Ionia town,MO
Iota town,LA
Iowa City city,IA
Iowa Colony village,TX
Iowa Falls city,IA
Iowa Park city,TX
Iowa town,LA
Ipava village,IL
Ipswich city,SD
Iraan city,TX
Iredell city,TX
Irena village,MO
Irene city,SD
Ireton city,IA
Irmo town,SC
Iron City town,GA
Iron Gate town,VA
Iron Junction city,MN
Iron Mountain Lake city,MO
Iron Mountain city,MI
Iron Ridge village,WI
Iron River city,MI
Irondale city,AL
Irondale city,MO
Irondale village,OH
Ironton city,MN
Ironton city,MO
Ironton city,OH
Ironton village,WI
Ironwood city,MI
Iroquois city,SD
Iroquois village,IL
Irrigon city,OR
Irvine city,CA
Irvine city,KY
Irving city,TX
Irving village,IL
Irvington city,KY
Irvington town,VA
Irvington village,IL
Irvington village,NY
Irvona borough,PA
Irwin borough,PA
Irwin city,IA
Irwin city,ID
Irwin village,IL
Irwindale city,CA
Irwinton city,GA
Isabel city,KS
Isabel town,SD
Isanti city,MN
Ishpeming city,MI
"Islamorada, Village of Islands village",FL
Island City city,OR
Island Heights borough,NJ
Island Lake village,IL
Island Park city,ID
Island Park village,NY
Island city,KY
Islandia village,NY
Isle city,MN
Isle of Palms city,SC
Isleton city,CA
Ismay town,MT
Isola town,MS
Issaquah city,WA
Italy town,TX
Itasca city,TX
Itasca village,IL
Ithaca city,MI
Ithaca city,NY
Ithaca village,NE
Ithaca village,OH
Itta Bena city,MS
Iuka city,KS
Iuka city,MS
Iuka village,IL
Iva town,SC
Ivanhoe city,MN
Ivanhoe city,TX
Ivesdale village,IL
Ivey city,GA
Ivins city,UT
Ivor town,VA
Ivyland borough,PA
Jacinto City city,TX
Jacksboro city,TX
Jacksboro town,TN
Jackson Center borough,PA
Jackson Center village,OH
Jackson Junction city,IA
Jackson city,AL
Jackson city,CA
Jackson city,GA
Jackson city,KY
Jackson city,MI
Jackson city,MN
Jackson city,MO
Jackson city,MS
Jackson city,OH
Jackson city,TN
Jackson town,LA
Jackson town,NC
Jackson town,SC
Jackson town,WY
Jackson village,NE
Jackson village,WI
Jacksonburg village,OH
Jacksonport town,AR
Jacksons' Gap town,AL
Jacksonville Beach city,FL
Jacksonville city,AL
Jacksonville city,AR
Jacksonville city,FL
Jacksonville city,GA
Jacksonville city,IL
Jacksonville city,NC
Jacksonville city,OR
Jacksonville city,TX
Jacksonville village,MO
Jacksonville village,OH
Jacksonville village,VT
Jacob City city,FL
Jacobus borough,PA
Jakin city,GA
Jal city,NM
Jamaica Beach city,TX
Jamaica city,IA
James Island town,SC
Jamesburg borough,NJ
Jameson town,MO
Jamesport city,MO
Jamestown borough,PA
Jamestown city,KS
Jamestown city,KY
Jamestown city,ND
Jamestown city,NY
Jamestown city,TN
Jamestown town,CO
Jamestown town,IN
Jamestown town,MO
Jamestown town,NC
Jamestown town,SC
Jamestown village,LA
Jamestown village,OH
Jamesville town,NC
Jane Lew town,WV
Jane town,MO
Janesville city,IA
Janesville city,MN
Janesville city,WI
Jansen village,NE
Jarratt town,VA
Jarrell city,TX
Jasonville city,IN
Jasper city,AL
Jasper city,AR
Jasper city,FL
Jasper city,GA
Jasper city,IN
Jasper city,MN
Jasper city,MO
Jasper city,TX
Jasper town,TN
Java town,SD
Jay city,OK
Jay town,FL
Jayton city,TX
Jean Lafitte town,LA
Jeanerette city,LA
Jeannette city,PA
Jeddo borough,PA
Jeffers city,MN
Jefferson City city,MO
Jefferson City city,TN
Jefferson Hills borough,PA
Jefferson borough,PA
Jefferson borough,PA
Jefferson city,GA
Jefferson city,IA
Jefferson city,OR
Jefferson city,SD
Jefferson city,TX
Jefferson city,WI
Jefferson town,NC
Jefferson town,OK
Jefferson town,SC
Jefferson village,OH
Jeffersontown city,KY
Jeffersonville city,GA
Jeffersonville city,IN
Jeffersonville city,KY
Jeffersonville village,IL
Jeffersonville village,NY
Jeffersonville village,OH
Jeffersonville village,VT
Jeisyville village,IL
Jellico city,TN
Jemez Springs village,NM
Jemison city,AL
Jena town,LA
Jenera village,OH
Jenkins city,KY
Jenkins city,MN
Jenkinsburg city,GA
Jenkinsville town,SC
Jenkintown borough,PA
Jenks city,OK
Jennerstown borough,PA
Jennette town,AR
Jennings city,KS
Jennings city,LA
Jennings city,MO
Jennings town,FL
Jennings town,OK
Jericho town,AR
Jerico Springs village,MO
Jermyn borough,PA
Jerome city,ID
Jerome town,AZ
Jerome village,IL
Jeromesville village,OH
Jerry City village,OH
Jersey City city,NJ
Jersey Shore borough,PA
Jersey Village city,TX
Jersey city,GA
Jerseyville city,IL
Jerusalem village,OH
Jessup borough,PA
Jesup city,GA
Jesup city,IA
Jet town,OK
Jetmore city,KS
Jewell Junction city,IA
Jewell city,KS
Jewett City borough,CT
Jewett city,TX
Jewett village,IL
Jewett village,OH
Jim Thorpe borough,PA
Joaquin city,TX
John Day city,OR
Johns Creek city,GA
Johnsburg village,IL
Johnson City city,KS
Johnson City city,OR
Johnson City city,TN
Johnson City city,TX
Johnson City village,NY
Johnson Creek village,WI
Johnson city,AR
Johnson city,MN
Johnson town,OK
Johnson village,NE
Johnson village,VT
Johnsonburg borough,PA
Johnsonville city,SC
Johnsonville village,IL
Johnston City city,IL
Johnston city,IA
Johnston town,SC
Johnstown city,NY
Johnstown city,OH
Johnstown city,PA
Johnstown town,CO
Johnstown village,NE
Joice city,IA
Joiner city,AR
Joliet city,IL
Joliet town,MT
Jolley city,IA
Jolly city,TX
Jones Creek village,TX
Jones town,OK
Jonesboro city,AR
Jonesboro city,GA
Jonesboro city,IL
Jonesboro city,IN
Jonesboro town,LA
Jonesborough town,TN
Jonesburg city,MO
Jonestown borough,PA
Jonestown city,TX
Jonestown town,MS
Jonesville city,MI
Jonesville town,IN
Jonesville town,LA
Jonesville town,NC
Jonesville town,SC
Jonesville town,VA
Joplin city,MO
Joppa village,IL
Jordan Valley city,OR
Jordan city,MN
Jordan town,MT
Jordan village,NY
Joseph city,OR
Joseph town,UT
Josephine city,TX
Josephville village,MO
Joshua city,TX
Jourdanton city,TX
Joy village,IL
Jud city,ND
Judith Gap city,MT
Judsonia city,AR
Julesburg town,CO
Juliaetta city,ID
Julian village,NE
Jumpertown town,MS
Junction City city,AR
Junction City city,KS
Junction City city,KY
Junction City city,OR
Junction City town,GA
Junction City village,IL
Junction City village,LA
Junction City village,MO
Junction City village,OH
Junction City village,WI
Junction city,TX
Junction town,UT
Junction village,IL
Juneau city,WI
Juneau city and borough,AK
Juniata Terrace borough,PA
Juniata village,NE
Junior town,WV
Juno Beach town,FL
Jupiter Inlet Colony town,FL
Jupiter Island town,FL
Jupiter town,FL
Jurupa Valley city,CA
Justice village,IL
Justin city,TX
Kachemak city,AK
Kadoka city,SD
Kahlotus city,WA
Kahoka city,MO
Kake city,AK
Kaktovik city,AK
Kalama city,WA
Kalamazoo city,MI
Kaleva village,MI
Kalida village,OH
Kalispell city,MT
Kalkaska village,MI
Kalona city,IA
Kaltag city,AK
Kamas city,UT
Kamiah city,ID
Kampsville village,IL
Kamrar city,IA
Kanab city,UT
Kanarraville town,UT
Kanawha city,IA
Kandiyohi city,MN
Kane borough,PA
Kane village,IL
Kaneville village,IL
Kangley village,IL
Kankakee city,IL
Kannapolis city,NC
Kanopolis city,KS
Kanorado city,KS
Kanosh town,UT
Kansas City city,KS
Kansas City city,MO
Kansas town,AL
Kansas town,OK
Kansas village,IL
Kaplan city,LA
Kappa village,IL
Karlsruhe city,ND
Karlstad city,MN
Karnak village,IL
Karnes City city,TX
Karns City borough,PA
Kasaan city,AK
Kaser village,NY
Kaskaskia village,IL
Kasota city,MN
Kasson city,MN
Kathryn city,ND
Katie town,OK
Katy city,TX
Kaufman city,TX
Kaukauna city,WI
Kaw City city,OK
Kaycee town,WY
Kaysville city,UT
Keachi town,LA
Keansburg borough,NJ
Kearney city,MO
Kearney city,NE
Kearns metro township,UT
Kearny town,AZ
Kearny town,NJ
Kechi city,KS
Keedysville town,MD
Keego Harbor city,MI
Keene city,KY
Keene city,NH
Keene city,TX
Keenes village,IL
Keenesburg town,CO
Keensburg village,IL
Keewatin city,MN
Keiser city,AR
Keithsburg city,IL
Keizer city,OR
Kekoskee village,WI
Kelford town,NC
Kell village,IL
Keller city,TX
Keller town,VA
Kellerton city,IA
Kelley city,IA
Kelleys Island village,OH
Kelliher city,MN
Kellnersville village,WI
Kellogg city,IA
Kellogg city,ID
Kellogg city,MN
Kellyton town,AL
Kellyville town,OK
Kelso city,WA
Kelso village,MO
Kemah city,TX
Kemmerer city,WY
Kemp city,TX
Kemp town,OK
Kempner city,TX
Kempton town,IN
Kempton village,IL
Kenai city,AK
Kenansville town,NC
Kenbridge town,VA
Kendall village,WI
Kendallville city,IN
Kendleton city,TX
Kendrick city,ID
Kendrick town,OK
Kenedy city,TX
Kenefic town,OK
Kenefick town,TX
Kenesaw village,NE
Kenhorst borough,PA
Kenilworth borough,NJ
Kenilworth village,IL
Kenly town,NC
Kenmare city,ND
Kenmore city,WA
Kenmore village,NY
Kennan village,WI
Kennard city,TX
Kennard town,IN
Kennard village,NE
Kennebec town,SD
Kennedale city,TX
Kennedy city,MN
Kennedy town,AL
Kenner city,LA
Kennesaw city,GA
Kenneth City town,FL
Kenneth city,MN
Kennett Square borough,PA
Kennett city,MO
Kennewick city,WA
Kenney village,IL
Kenosha city,WI
Kenova city,WV
Kensal city,ND
Kensett city,AR
Kensett city,IA
Kensington city,KS
Kensington city,MN
Kensington town,MD
Kensington village,NY
Kent City village,MI
Kent city,MN
Kent city,OH
Kent city,WA
Kentland town,IN
Kenton Vale city,KY
Kenton city,OH
Kenton town,DE
Kenton town,TN
Kentwood city,MI
Kentwood town,LA
Kenyon city,MN
Keo town,AR
Keokuk city,IA
Keomah Village city,IA
Keosauqua city,IA
Keota city,IA
Keota town,OK
Kerens city,TX
Kerkhoven city,MN
Kerman city,CA
Kermit city,TX
Kermit town,WV
Kernersville town,NC
Kerrick city,MN
Kerrville city,TX
Kersey town,CO
Kershaw town,SC
Keswick city,IA
Ketchikan city,AK
Ketchum city,ID
Ketchum town,OK
Kettering city,OH
Kettle Falls city,WA
Kettle River city,MN
Kettlersville village,OH
Kevil city,KY
Kevin town,MT
Kewanee city,IL
Kewanna town,IN
Kewaskum village,WI
Kewaunee city,WI
Key Biscayne village,FL
Key Colony Beach city,FL
Key West city,FL
Keyes town,OK
Keyesport village,IL
Keyport borough,NJ
Keyser city,WV
Keystone Heights city,FL
Keystone city,IA
Keystone city,WV
Keystone town,SD
Keysville city,GA
Keysville town,VA
Keytesville city,MO
Kiana city,AK
Kiawah Island town,SC
Kibler city,AR
Kidder city,MO
Kief city,ND
Kiefer town,OK
Kiel city,WI
Kiester city,MN
Kilbourne village,IL
Kilbourne village,LA
Kildare town,OK
Kildeer village,IL
Kilgore city,TX
Kilgore village,NE
Kilkenny city,MN
Kill Devil Hills town,NC
Killbuck village,OH
Killdeer city,ND
Killeen city,TX
Killen town,AL
Killian town,LA
Kilmarnock town,VA
Kilmichael town,MS
Kim town,CO
Kimball city,MN
Kimball city,NE
Kimball city,SD
Kimball town,TN
Kimball town,WV
Kimballton city,IA
Kimberling City city,MO
Kimberly city,AL
Kimberly city,ID
Kimberly village,WI
Kimmswick city,MO
Kinbrae city,MN
Kincaid city,KS
Kincaid village,IL
Kinde village,MI
Kinder town,LA
Kinderhook village,IL
Kinderhook village,NY
Kindred city,ND
King City city,CA
King City city,MO
King City city,OR
King Cove city,AK
King city,NC
Kingdom City village,MO
Kingfisher city,OK
Kingman city,AZ
Kingman city,KS
Kingman town,IN
Kings Mountain city,NC
Kings Point village,NY
Kingsburg city,CA
Kingsbury city,TX
Kingsbury town,IN
Kingsford Heights town,IN
Kingsford city,MI
Kingsland city,AR
Kingsland city,GA
Kingsley city,IA
Kingsley city,KY
Kingsley village,MI
Kingsport city,TN
Kingston Mines village,IL
Kingston Springs town,TN
Kingston borough,PA
Kingston city,GA
Kingston city,MN
Kingston city,MO
Kingston city,NY
Kingston city,TN
Kingston town,OK
Kingston town,UT
Kingston village,IL
Kingston village,MI
Kingston village,OH
Kingston village,WI
Kingstown town,NC
Kingstree town,SC
Kingsville city,MO
Kingsville city,TX
Kingwood city,WV
Kinloch city,MO
Kinmundy city,IL
Kinnelon borough,NJ
Kinney city,MN
Kinross city,IA
Kinsey city,AL
Kinsley city,KS
Kinsman village,IL
Kinston city,NC
Kinston town,AL
Kinta town,OK
Kiowa city,KS
Kiowa town,CO
Kiowa town,OK
Kipton village,OH
Kirby city,TX
Kirby town,WY
Kirby village,OH
Kirbyville city,TX
Kirbyville village,MO
Kirkersville village,OH
Kirkland city,WA
Kirkland village,IL
Kirklin town,IN
Kirkman city,IA
Kirksville city,MO
Kirkville city,IA
Kirkwood city,MO
Kirkwood village,IL
Kiron city,IA
Kirtland Hills village,OH
Kirtland city,OH
Kirtland town,NM
Kirvin town,TX
Kirwin city,KS
Kiryas Joel village,NY
Kismet city,KS
Kissimmee city,FL
Kistler borough,PA
Kit Carson town,CO
Kite city,GA
Kittanning borough,PA
Kittitas city,WA
Kittrell town,NC
Kitty Hawk town,NC
Kitzmiller town,MD
Kivalina city,AK
Klamath Falls city,OR
Klawock city,AK
Klemme city,IA
Kline town,SC
Knapp village,WI
Knierim city,IA
Knightdale town,NC
Knightstown town,IN
Knightsville town,IN
Knob Noster city,MO
Knobel city,AR
Knollwood city,TX
Knowles town,OK
Knox City city,MO
Knox City town,TX
Knox borough,PA
Knox city,IN
Knox city,ND
Knoxville borough,PA
Knoxville city,IA
Knoxville city,IL
Knoxville city,TN
Knoxville town,AR
Kobuk city,AK
Kodiak city,AK
Kohler village,WI
Kokomo city,IN
Konawa city,OK
Koosharem town,UT
Kooskia city,ID
Kootenai city,ID
Koppel borough,PA
Kosciusko city,MS
Koshkonong town,MO
Kosse town,TX
Kossuth village,MS
Kotlik city,AK
Kotzebue city,AK
Kountze city,TX
Kouts town,IN
Koyuk city,AK
Koyukuk city,AK
Kramer city,ND
Kranzburg town,SD
Krebs city,OK
Kremlin town,OK
Kremmling town,CO
Kress city,TX
Kronenwetter village,WI
Krotz Springs town,LA
Krugerville city,TX
Krum city,TX
Krupp town,WA
Kulm city,ND
Kulpmont borough,PA
Kuna city,ID
Kupreanof city,AK
Kure Beach town,NC
Kurten town,TX
Kuttawa city,KY
Kutztown borough,PA
Kwethluk city,AK
Kyle city,TX
L'Anse village,MI
La Barge town,WY
La Belle city,MO
La Bolt town,SD
La CaÃ±ada Flintridge city,CA
La Center city,KY
La Center city,WA
La Conner town,WA
La Crescent city,MN
La Crosse city,KS
La Crosse city,WI
La Crosse town,FL
La Crosse town,IN
La Crosse town,VA
La Cygne city,KS
La Farge village,WI
La Fayette city,AL
La Fayette village,IL
La Feria city,TX
La Follette city,TN
La Fontaine town,IN
La Grande city,OR
La Grange Park village,IL
La Grange city,KY
La Grange city,MO
La Grange city,TX
La Grange town,NC
La Grange town,TN
La Grange village,IL
La Grulla city,TX
La Habra Heights city,CA
La Habra city,CA
La Harpe city,IL
La Harpe city,KS
La Jara town,CO
La Joya city,TX
La Junta city,CO
La Marque city,TX
La Mesa city,CA
La Mirada city,CA
La Moille village,IL
La Monte city,MO
La Motte city,IA
La Palma city,CA
La Paz town,IN
La Pine city,OR
La Plata city,MO
La Plata town,MD
La Porte City city,IA
La Porte city,IN
La Porte city,TX
La Prairie city,MN
La Prairie village,IL
La Puente city,CA
La Quinta city,CA
La Rose village,IL
La Rue village,OH
La Russell city,MO
La Salle city,MN
La Salle town,CO
La Valle village,WI
La Vergne city,TN
La Verkin city,UT
La Verne city,CA
La Vernia city,TX
La Veta town,CO
La Villa city,TX
La Vista city,NE
La Ward city,TX
LaBelle city,FL
LaCoste city,TX
LaCrosse town,WA
LaFayette city,GA
LaFayette city,KY
LaGrange city,GA
LaGrange town,AR
LaGrange town,WY
LaGrange village,OH
LaMoure city,ND
LaSalle city,IL
Labette city,KS
Lac La Belle village,WI
Lacey city,WA
Laceyville borough,PA
Lackawanna city,NY
Laclede city,MO
Lacon city,IL
Lacona city,IA
Lacona village,NY
Laconia city,NH
Laconia town,IN
Lacy-Lakeview city,TX
Ladd village,IL
Laddonia city,MO
Ladoga town,IN
Ladonia town,TX
Ladora city,IA
Ladue city,MO
Lady Lake town,FL
Ladysmith city,WI
Lafayette city,CA
Lafayette city,CO
Lafayette city,IN
Lafayette city,MN
Lafayette city,OR
Lafayette city,TN
Lafayette village,OH
Lafe town,AR
Laflin borough,PA
Lago Vista city,TX
Lagrange town,IN
Lagro town,IN
Laguna Beach city,CA
Laguna Hills city,CA
Laguna Niguel city,CA
Laguna Vista town,TX
Laguna Woods city,CA
Lahoma town,OK
Laingsburg city,MI
Lake Alfred city,FL
Lake Aluma town,OK
Lake Andes city,SD
Lake Angelus city,MI
Lake Ann village,MI
Lake Annette city,MO
Lake Arthur town,LA
Lake Arthur town,NM
Lake Barrington village,IL
Lake Benton city,MN
Lake Bluff village,IL
Lake Bridgeport city,TX
Lake Bronson city,MN
Lake Buena Vista city,FL
Lake Butler city,FL
Lake Charles city,LA
Lake City borough,PA
Lake City city,AR
Lake City city,FL
Lake City city,GA
Lake City city,IA
Lake City city,MI
Lake City city,MN
Lake City city,SC
Lake City town,CO
Lake City town,SD
Lake City town,TX
Lake Clarke Shores town,FL
Lake Como borough,NJ
Lake Crystal city,MN
Lake Dallas city,TX
Lake Delton village,WI
Lake Elmo city,MN
Lake Elsinore city,CA
Lake Forest Park city,WA
Lake Forest city,CA
Lake Forest city,IL
Lake Geneva city,WI
Lake George village,NY
Lake Grove village,NY
Lake Hallie village,WI
Lake Hamilton town,FL
Lake Havasu City city,AZ
Lake Helen city,FL
Lake Henry city,MN
Lake Isabella village,MI
Lake Jackson city,TX
Lake Ka-Ho village,IL
Lake Lafayette city,MO
Lake Lillian city,MN
Lake Linden village,MI
Lake Lotawana city,MO
Lake Lure town,NC
Lake Mary city,FL
Lake Mills city,IA
Lake Mills city,WI
Lake Nebagamon village,WI
Lake Norden city,SD
Lake Odessa village,MI
Lake Orion village,MI
Lake Oswego city,OR
Lake Ozark city,MO
Lake Park city,GA
Lake Park city,IA
Lake Park city,MN
Lake Park town,FL
Lake Park village,NC
Lake Placid town,FL
Lake Placid village,NY
Lake Point city,UT
Lake Preston city,SD
Lake Providence town,LA
Lake Quivira city,KS
Lake Santeetlah town,NC
Lake Shore city,MN
Lake St. Croix Beach city,MN
Lake St. Louis city,MO
Lake Station city,IN
Lake Stevens city,WA
Lake Success village,NY
Lake Tanglewood village,TX
Lake Tapawingo city,MO
Lake Tekakwitha village,MO
Lake View city,AL
Lake View city,AR
Lake View city,IA
Lake View town,SC
Lake Villa village,IL
Lake Village city,AR
Lake Waccamaw town,NC
Lake Wales city,FL
Lake Waukomis city,MO
Lake Wilson city,MN
Lake Winnebago city,MO
Lake Worth Beach city,FL
Lake Worth city,TX
Lake Zurich village,IL
Lake in the Hills village,IL
Lake town,MS
Lakefield city,MN
Lakehurst borough,NJ
Lakeland Shores city,MN
Lakeland city,FL
Lakeland city,GA
Lakeland city,MN
Lakeland city,TN
Lakeline village,OH
Lakemoor village,IL
Lakemore village,OH
Lakeport city,CA
Lakeport city,TX
Lakeshire city,MO
Lakeside City town,TX
Lakeside Park city,KY
Lakeside city,IA
Lakeside city,OR
Lakeside town,CO
Lakeside town,TX
Lakeside town,TX
Lakesite city,TN
Laketown town,UT
Lakeview Heights city,KY
Lakeview city,AR
Lakeview town,AL
Lakeview town,OR
Lakeview town,TX
Lakeview village,MI
Lakeview village,OH
Lakeville city,MN
Lakeville town,IN
Lakeway city,TX
Lakewood Club village,MI
Lakewood Village city,TX
Lakewood city,CA
Lakewood city,CO
Lakewood city,OH
Lakewood city,WA
Lakewood village,IL
Lakewood village,NY
Lakin city,KS
Lakota city,IA
Lakota city,ND
Lamar Heights city,MO
Lamar city,AR
Lamar city,CO
Lamar city,MO
Lamar town,OK
Lamar town,SC
Lamar village,NE
Lambert town,MS
Lambert town,OK
Lamberton city,MN
Lambertville city,NJ
Lambs Grove city,IA
Lamesa city,TX
Lamoni city,IA
Lamont city,IA
Lamont town,OK
Lamont town,WA
Lampasas city,TX
Lanagan town,MO
Lanark city,IL
Lancaster city,CA
Lancaster city,KS
Lancaster city,KY
Lancaster city,MN
Lancaster city,MO
Lancaster city,OH
Lancaster city,PA
Lancaster city,SC
Lancaster city,TX
Lancaster city,WI
Lancaster village,NY
Landa city,ND
Lander city,WY
Landfall city,MN
Landingville borough,PA
Landis town,NC
Landisburg borough,PA
Landover Hills town,MD
Landrum city,SC
Lane city,KS
Lane town,SC
Lane town,SD
Lanesboro borough,PA
Lanesboro city,IA
Lanesboro city,MN
Lanesville town,IN
Lanett city,AL
Langdon Place city,KY
Langdon city,KS
Langdon city,ND
Langford town,SD
Langhorne Manor borough,PA
Langhorne borough,PA
Langley city,WA
Langley town,OK
Langston town,AL
Langston town,OK
Lankin city,ND
Lannon village,WI
Lansdale borough,PA
Lansdowne borough,PA
Lansford borough,PA
Lansford city,ND
Lansing city,IA
Lansing city,KS
Lansing city,MI
Lansing town,NC
Lansing village,IL
Lansing village,NY
Lantana town,FL
Lapeer city,MI
Lapel town,IN
Laporte borough,PA
Laporte city,MN
Lapwai city,ID
Laramie city,WY
Larchmont village,NY
Larchwood city,IA
Laredo city,MO
Laredo city,TX
Largo city,FL
Larimore city,ND
Larkspur city,CA
Larkspur town,CO
Larksville borough,PA
Larned city,KS
Larrabee city,IA
Larsen Bay city,AK
Larwill town,IN
Las Animas city,CO
Las Cruces city,NM
Las Vegas city,NM
Las Vegas city,NV
Lasker town,NC
Lastrup city,MN
Latah town,WA
Latexo city,TX
Latham city,KS
Latham village,IL
Lathrop city,CA
Lathrop city,MO
Lathrup Village city,MI
Latimer city,IA
Latimer city,KS
Latrobe borough,PA
Latta town,SC
Lattimore town,NC
Lattingtown village,NY
Latty village,OH
Lauderdale Lakes city,FL
Lauderdale city,MN
Lauderdale-by-the-Sea town,FL
Lauderhill city,FL
Laura village,OH
Laurel Hill city,FL
Laurel Hollow village,NY
Laurel Mountain borough,PA
Laurel Park town,NC
Laurel Run borough,PA
Laurel Springs borough,NJ
Laurel city,IA
Laurel city,MD
Laurel city,MS
Laurel city,MT
Laurel city,NE
Laurel town,DE
Laurel town,IN
Laureldale borough,PA
Laurelville village,OH
Laurens city,IA
Laurens city,SC
Laurens village,NY
Laurie city,MO
Laurinburg city,NC
Laurium village,MI
Lava Hot Springs city,ID
Lavaca city,AR
Lavallette borough,NJ
Laverne town,OK
Lavina town,MT
Lavon city,TX
Lavonia city,GA
Lawler city,IA
Lawn town,TX
Lawndale city,CA
Lawndale town,NC
Lawnside borough,NJ
Lawrence Creek town,OK
Lawrence city,IN
Lawrence city,KS
Lawrence city,MA
Lawrence village,MI
Lawrence village,NE
Lawrence village,NY
Lawrenceburg city,IN
Lawrenceburg city,KY
Lawrenceburg city,TN
Lawrenceville borough,PA
Lawrenceville city,GA
Lawrenceville city,IL
Lawrenceville town,VA
Lawson city,MO
Lawtey city,FL
Lawton city,IA
Lawton city,ND
Lawton city,OK
Lawton village,MI
Layton city,FL
Layton city,UT
Laytonsville town,MD
Lazy Lake village,FL
Le Center city,MN
Le Claire city,IA
Le Flore town,OK
Le Grand city,IA
Le Mars city,IA
Le Roy city,IA
Le Roy city,IL
Le Roy city,MN
Le Roy village,MI
Le Roy village,NY
Le Sueur city,MN
LeRaysville borough,PA
LeRoy city,KS
Leachville city,AR
Lead Hill town,AR
Lead city,SD
Leadington city,MO
Leadore city,ID
Leadville city,CO
Leadwood city,MO
Leaf River village,IL
League City city,TX
Leakesville town,MS
Leakey city,TX
Leal city,ND
Leamington town,UT
Leander city,TX
Learned town,MS
Leary city,GA
Leary city,TX
Leasburg village,MO
Leavenworth city,KS
Leavenworth city,WA
Leavenworth town,IN
Leawood city,KS
Leawood village,MO
Lebanon Junction city,KY
Lebanon borough,NJ
Lebanon city,IL
Lebanon city,IN
Lebanon city,KS
Lebanon city,KY
Lebanon city,MO
Lebanon city,NH
Lebanon city,OH
Lebanon city,OR
Lebanon city,PA
Lebanon city,TN
Lebanon town,SD
Lebanon town,VA
Lebanon village,NE
Lebo city,KS
Lecompte town,LA
Lecompton city,KS
Ledyard city,IA
Lee town,FL
Lee village,IL
Lee's Summit city,MO
Leechburg borough,PA
Leedey town,OK
Leeds city,AL
Leeds city,ND
Leeds town,UT
Leesburg city,FL
Leesburg city,GA
Leesburg town,AL
Leesburg town,IN
Leesburg town,VA
Leesburg village,OH
Leesport borough,PA
Leesville city,LA
Leesville village,OH
Leeton city,MO
Leetonia village,OH
Leetsdale borough,PA
Lefors town,TX
Leggett town,NC
Lehi city,UT
Lehigh city,IA
Lehigh city,KS
Lehigh city,OK
Lehighton borough,PA
Lehr city,ND
Leicester village,NY
Leigh village,NE
Leighton city,IA
Leighton town,AL
Leipsic town,DE
Leipsic village,OH
Leitchfield city,KY
Leith city,ND
Leland Grove city,IL
Leland city,IA
Leland city,MS
Leland town,NC
Leland village,IL
Lemmon city,SD
Lemon Grove city,CA
Lemont village,IL
Lemoore city,CA
Lemoyne borough,PA
Lena town,MS
Lena village,IL
Lena village,WI
Lenapah town,OK
Lenexa city,KS
Lengby city,MN
Lenhartsville borough,PA
Lennon village,MI
Lennox city,SD
Lenoir City city,TN
Lenoir city,NC
Lenora city,KS
Lenox city,IA
Lenox town,GA
Lenzburg village,IL
Leo-Cedarville town,IN
Leola city,SD
Leola town,AR
Leominster city,MA
Leon Valley city,TX
Leon city,IA
Leon city,KS
Leon town,OK
Leon town,WV
Leona city,KS
Leona city,TX
Leonard city,MN
Leonard city,ND
Leonard city,TX
Leonard village,MI
Leonard village,MO
Leonardtown town,MD
Leonardville city,KS
Leonia borough,NJ
Leonidas city,MN
Leonore village,IL
Leonville town,LA
Leoti city,KS
Lepanto city,AR
Lerna village,IL
Leroy city,TX
Leshara village,NE
Leslie city,AR
Leslie city,GA
Leslie city,MI
Leslie village,MO
Lester Prairie city,MN
Lester city,IA
Lester town,AL
Lester town,WV
Lesterville town,SD
Letcher town,SD
Letona town,AR
Letts city,IA
Levan town,UT
Levasy city,MO
Level Plains town,AL
Levelland city,TX
Lewellen village,NE
Lewes city,DE
Lewis Run borough,PA
Lewis and Clark Village town,MO
Lewis city,IA
Lewis city,KS
Lewisberry borough,PA
Lewisburg borough,PA
Lewisburg city,KY
Lewisburg city,TN
Lewisburg city,WV
Lewisburg village,OH
Lewisport city,KY
Lewiston Woodville town,NC
Lewiston city,ID
Lewiston city,ME
Lewiston city,MN
Lewiston city,UT
Lewiston village,NE
Lewiston village,NY
Lewistown borough,PA
Lewistown city,IL
Lewistown city,MT
Lewistown town,MO
Lewisville city,AR
Lewisville city,ID
Lewisville city,MN
Lewisville city,TX
Lewisville town,IN
Lewisville town,NC
Lexa town,AR
Lexington city,GA
Lexington city,IL
Lexington city,MN
Lexington city,MO
Lexington city,MS
Lexington city,NC
Lexington city,NE
Lexington city,OK
Lexington city,TN
Lexington city,VA
Lexington town,AL
Lexington town,OR
Lexington town,SC
Lexington town,TX
Lexington village,MI
Lexington village,OH
Lexington-Fayette urban county,KY
Libby city,MT
Liberal city,KS
Liberal city,MO
Liberty Center village,OH
Liberty Hill city,TX
Liberty Lake city,WA
Liberty borough,PA
Liberty borough,PA
Liberty city,KS
Liberty city,KY
Liberty city,MO
Liberty city,SC
Liberty city,TX
Liberty town,IN
Liberty town,MS
Liberty town,NC
Liberty town,OK
Liberty town,TN
Liberty village,IL
Liberty village,NE
Liberty village,NY
Libertyville city,IA
Libertyville town,AL
Libertyville village,IL
Licking city,MO
Lidderdale city,IA
Lidgerwood city,ND
Liebenthal city,KS
Lighthouse Point city,FL
Lignite city,ND
Ligonier borough,PA
Ligonier city,IN
Lilbourn city,MO
Lilburn city,GA
Lilesville town,NC
Lillie village,LA
Lillington town,NC
Lilly borough,PA
Lilly city,GA
Lily Lake village,IL
Lilydale city,MN
Lima city,OH
Lima town,MT
Lima town,OK
Lima village,IL
Lima village,NY
Lime Ridge village,WI
Lime Springs city,IA
Limestone village,IL
Limon town,CO
Lincoln Center city,KS
Lincoln City city,OR
Lincoln Heights village,OH
Lincoln Park borough,NJ
Lincoln Park city,MI
Lincoln borough,PA
Lincoln city,AL
Lincoln city,AR
Lincoln city,CA
Lincoln city,IA
Lincoln city,IL
Lincoln city,MO
Lincoln city,ND
Lincoln city,NE
Lincoln village,MI
Lincolnshire city,KY
Lincolnshire village,IL
Lincolnton city,GA
Lincolnton city,NC
Lincolnville city,KS
Lincolnville town,SC
Lincolnwood village,IL
Lind town,WA
Lindale city,TX
Linden city,IA
Linden city,MI
Linden city,NJ
Linden city,TX
Linden town,AL
Linden town,IN
Linden town,NC
Linden town,TN
Linden village,WI
Lindenhurst village,IL
Lindenhurst village,NY
Lindenwold borough,NJ
Lindon city,UT
Lindsay city,CA
Lindsay city,OK
Lindsay city,TX
Lindsay village,NE
Lindsborg city,KS
Lindsey village,OH
Lindstrom city,MN
Linesville borough,PA
Lineville city,AL
Lineville city,IA
Lingle town,WY
Linn Creek city,MO
Linn Grove city,IA
Linn Valley city,KS
Linn city,KS
Linn city,MO
Linndale village,OH
Linneus city,MO
Lino Lakes city,MN
Linton city,IN
Linton city,ND
Linwood city,KS
Linwood city,NJ
Linwood village,NE
Lipan city,TX
Lipscomb city,AL
Lisbon city,IA
Lisbon city,ND
Lisbon village,IL
Lisbon village,LA
Lisbon village,OH
Lisbon village,WI
Liscomb city,IA
Lisle village,IL
Lisle village,NY
Lisman town,AL
Lismore city,MN
Litchfield Park city,AZ
Litchfield borough,CT
Litchfield city,IL
Litchfield city,MI
Litchfield city,MN
Litchfield village,NE
Litchville city,ND
Lithonia city,GA
Lithopolis village,OH
Lititz borough,PA
Little Canada city,MN
Little Chute village,WI
Little Creek town,DE
Little Elm city,TX
Little Falls city,MN
Little Falls city,NY
Little Ferry borough,NJ
Little Flock city,AR
Little Meadows borough,PA
Little Mountain town,SC
Little River city,KS
Little River-Academy city,TX
Little Rock city,AR
Little Rock city,IA
Little Silver borough,NJ
Little Sioux city,IA
Little Valley village,NY
Little York town,IN
Little York village,IL
Littlefield city,TX
Littlefork city,MN
Littlestown borough,PA
Littleton city,CO
Littleton town,NC
Littleton village,IL
Littleville town,AL
Live Oak city,CA
Live Oak city,FL
Live Oak city,TX
Livermore city,CA
Livermore city,IA
Livermore city,KY
Liverpool borough,PA
Liverpool city,TX
Liverpool village,IL
Liverpool village,NY
Livingston city,AL
Livingston city,CA
Livingston city,KY
Livingston city,MT
Livingston town,LA
Livingston town,SC
Livingston town,TN
Livingston town,TX
Livingston village,IL
Livingston village,WI
Livonia city,MI
Livonia town,IN
Livonia town,LA
Livonia village,MO
Livonia village,NY
Lizton town,IN
Llano city,TX
Lloyd Harbor village,NY
Loa town,UT
Loachapoka town,AL
Loami village,IL
Lobelville city,TN
Loch Arbour village,NJ
Loch Lloyd village,MO
Loch Lynn Heights town,MD
Lochbuie town,CO
Lock Haven city,PA
Lock Springs village,MO
Lockbourne village,OH
Lockesburg city,AR
Lockhart city,TX
Lockhart town,AL
Lockhart town,SC
Lockington village,OH
Lockland village,OH
Lockney town,TX
Lockport city,IL
Lockport city,NY
Lockport town,LA
Lockridge city,IA
Lockwood city,MO
Loco town,OK
Locust Fork town,AL
Locust Grove city,GA
Locust Grove town,OK
Locust city,NC
Loda village,IL
Lodge Grass town,MT
Lodge town,SC
Lodgepole village,NE
Lodi borough,NJ
Lodi city,CA
Lodi city,WI
Lodi village,NY
Lodi village,OH
Log Cabin city,TX
Log Lane Village town,CO
Logan city,IA
Logan city,KS
Logan city,OH
Logan city,UT
Logan city,WV
Logan village,NM
Logansport city,IN
Logansport town,LA
Loganton borough,PA
Loganville borough,PA
Loganville city,GA
Loganville village,WI
Lohman city,MO
Lohrville city,IA
Lohrville village,WI
Loma Linda city,CA
Loma Linda town,MO
Loma city,ND
Lomax village,IL
Lombard village,IL
Lometa city,TX
Lomira village,WI
Lomita city,CA
Lompoc city,CA
Lonaconing town,MD
London Mills village,IL
London city,AR
London city,KY
London city,OH
Lone Chimney town,OK
Lone Elm city,KS
Lone Grove city,OK
Lone Jack city,MO
Lone Oak city,TX
Lone Oak town,GA
Lone Rock city,IA
Lone Rock village,WI
Lone Star city,TX
Lone Tree city,CO
Lone Tree city,IA
Lone Wolf town,OK
Lonerock city,OR
Long Beach city,CA
Long Beach city,MN
Long Beach city,MS
Long Beach city,NY
Long Beach city,WA
Long Beach town,IN
Long Branch borough,PA
Long Branch city,NJ
Long Creek city,OR
Long Creek village,IL
Long Grove city,IA
Long Grove village,IL
Long Island city,KS
Long Lake city,MN
Long Lake town,SD
Long Pine city,NE
Long Point village,IL
Long Prairie city,MN
Long View town,NC
Longboat Key town,FL
Longdale town,OK
Longford city,KS
Longmont city,CO
Longport borough,NJ
Longstreet village,LA
Longton city,KS
Longtown town,MO
Longview city,TX
Longview city,WA
Longview village,IL
Longville city,MN
Longwood city,FL
Lonoke city,AR
Lonsdale city,MN
Lonsdale town,AR
Loogootee city,IN
Lookeba town,OK
Lookout Mountain city,GA
Lookout Mountain town,TN
Loomis town,CA
Loomis village,NE
Lorain borough,PA
Lorain city,OH
Loraine city,ND
Loraine town,TX
Loraine village,IL
Lordsburg city,NM
Lordstown village,OH
Lore City village,OH
Loreauville village,LA
Lorena city,TX
Lorenzo city,TX
Loretto borough,PA
Loretto city,KY
Loretto city,MN
Loretto city,TN
Lorimor city,IA
Loris city,SC
Lorraine city,KS
Lorton village,NE
Los Alamitos city,CA
Los Altos Hills town,CA
Los Altos city,CA
Los Angeles city,CA
Los Banos city,CA
Los Fresnos city,TX
Los Gatos town,CA
Los Indios town,TX
Los Lunas village,NM
Los Ranchos de Albuquerque village,NM
Los Ybanez city,TX
Losantville town,IN
Lost Creek town,WV
Lost Nation city,IA
Lost Springs city,KS
Lost Springs town,WY
Lostant village,IL
Lostine city,OR
Lotsee town,OK
Lott city,TX
Louann town,AR
Loudon city,TN
Loudonville village,OH
Louin town,MS
Louisa city,KY
Louisa town,VA
Louisburg city,KS
Louisburg city,MN
Louisburg town,NC
Louisburg village,MO
Louise town,MS
Louisiana city,MO
Louisville city,CO
Louisville city,GA
Louisville city,KS
Louisville city,MS
Louisville city,NE
Louisville city,OH
Louisville city,TN
Louisville town,AL
Louisville village,IL
Loup City city,NE
Love Valley town,NC
Lovejoy city,GA
Lovelady city,TX
Loveland city,CO
Loveland city,OH
Loveland town,OK
Lovell town,WY
Lovelock city,NV
Loves Park city,IL
Lovettsville town,VA
Lovilia city,IA
Loving village,NM
Lovington city,NM
Lovington village,IL
Low Moor city,IA
Lowden city,IA
Lowell city,AR
Lowell city,MA
Lowell city,MI
Lowell city,NC
Lowell city,OR
Lowell town,IN
Lowell village,OH
Lowell village,WI
Lowellville village,OH
Lower Burrell city,PA
Lower Kalskag city,AK
Lower Salem village,OH
Lowndesboro town,AL
Lowndesville town,SC
Lowry City city,MO
Lowry Crossing city,TX
Lowry city,MN
Lowry town,SD
Lowrys town,SC
Lowville village,NY
Loxahatchee Groves town,FL
Loxley city,AL
Loyal city,WI
Loyal town,OK
Loyall city,KY
Loyalton city,CA
Lu Verne city,IA
Luana city,IA
Lubbock city,TX
Lublin village,WI
Lucama town,NC
Lucan city,MN
Lucas city,IA
Lucas city,KS
Lucas city,TX
Lucas village,OH
Lucedale city,MS
Lucerne village,MO
Luck village,WI
Luckey village,OH
Lucky village,LA
Ludden city,ND
Ludington city,MI
Ludlow Falls village,OH
Ludlow city,KY
Ludlow town,MO
Ludlow village,IL
Ludlow village,VT
Ludowici city,GA
Lueders city,TX
Lufkin city,TX
Luke town,MD
Lula city,GA
Lula town,MS
Luling city,TX
Lumber Bridge town,NC
Lumber City city,GA
Lumberport town,WV
Lumberton city,MS
Lumberton city,NC
Lumberton city,TX
Lumpkin city,GA
Luna Pier city,MI
Lupus town,MO
Luray city,KS
Luray town,SC
Luray town,VA
Luray village,MO
Lushton village,NE
Lusk town,WY
Lutcher town,LA
Luther city,IA
Luther town,OK
Luther village,MI
Luthersville city,GA
Luttrell town,TN
Luverne city,AL
Luverne city,MN
Luverne city,ND
Luxemburg city,IA
Luxemburg village,WI
Luxora city,AR
Luzerne borough,PA
Luzerne city,IA
Lyerly town,GA
Lyford city,TX
Lykens borough,PA
Lyle city,MN
Lyman town,SC
Lyman town,UT
Lyman town,WA
Lyman town,WY
Lyman village,NE
Lynbrook village,NY
Lynch city,KY
Lynch village,NE
Lynchburg city,VA
Lynchburg town,SC
Lynchburg village,OH
"Lynchburg, Moore County metropolitan government",TN
Lynd city,MN
Lynden city,WA
Lyndhurst city,OH
Lyndon Station village,WI
Lyndon city,KS
Lyndon city,KY
Lyndon village,IL
Lyndonville village,NY
Lynn Haven city,FL
Lynn city,MA
Lynn town,AL
Lynn town,AR
Lynn town,IN
Lynndyl town,UT
Lynnview city,KY
Lynnville city,IA
Lynnville town,IN
Lynnville town,TN
Lynnville village,IL
Lynnwood city,WA
Lynwood city,CA
Lynwood village,IL
Lynxville village,WI
Lyon town,MS
Lyons Falls village,NY
Lyons borough,PA
Lyons city,GA
Lyons city,KS
Lyons city,NE
Lyons city,OR
Lyons town,CO
Lyons town,IN
Lyons village,IL
Lyons village,MI
Lyons village,OH
Lytle city,TX
Lytton city,IA
Mabank town,TX
Mabel city,MN
Maben town,MS
Mableton city,GA
Mabscott town,WV
Mabton city,WA
Macclenny city,FL
Macclesfield town,NC
Macedonia city,IA
Macedonia city,OH
Macedonia village,IL
Machesney Park village,IL
Mackay city,ID
Mackey town,IN
Mackinac Island city,MI
Mackinaw City village,MI
Mackinaw village,IL
Macksburg city,IA
Macksburg village,OH
Macksville city,KS
Mackville city,KY
Macomb city,IL
Macomb town,OK
Macon city,IL
Macon city,MO
Macon city,MS
Macon town,NC
Macon-Bibb County,GA
Macungie borough,PA
Macy town,IN
Maddock city,ND
Madeira Beach city,FL
Madeira city,OH
Madelia city,MN
Madera city,CA
Madill city,OK
Madison Heights city,MI
Madison Lake city,MN
Madison borough,NJ
Madison borough,PA
Madison city,AL
Madison city,AR
Madison city,FL
Madison city,GA
Madison city,IL
Madison city,IN
Madison city,KS
Madison city,MN
Madison city,MO
Madison city,MS
Madison city,NE
Madison city,SD
Madison city,WI
Madison city,WV
Madison town,NC
Madison town,VA
Madison village,NY
Madison village,OH
Madisonville city,KY
Madisonville city,TN
Madisonville city,TX
Madisonville town,LA
Madras city,OR
Madrid city,IA
Madrid town,AL
Madrid village,NE
Maeystown village,IL
Magazine city,AR
Magdalena village,NM
Magee city,MS
Maggie Valley town,NC
Magna metro township,UT
Magness town,AR
Magnet village,NE
Magnetic Springs village,OH
Magnolia Springs town,AL
Magnolia borough,NJ
Magnolia city,AR
Magnolia city,IA
Magnolia city,MN
Magnolia city,MS
Magnolia city,TX
Magnolia town,DE
Magnolia town,NC
Magnolia village,IL
Magnolia village,OH
Mahaffey borough,PA
Mahanoy City borough,PA
Maharishi Vedic City city,IA
Mahaska city,KS
Mahnomen city,MN
Mahomet village,IL
Mahtomedi city,MN
Maiden Rock village,WI
Maiden town,NC
Maine village,WI
Maineville village,OH
Maitland city,FL
Maitland city,MO
Maize city,KS
Makanda village,IL
Makoti city,ND
Malabar town,FL
Malad City city,ID
Malakoff city,TX
Malcolm village,NE
Malcom city,IA
Malden city,MA
Malden city,MO
Malden town,WA
Malden village,IL
Malibu city,CA
Malin city,OR
Malinta village,OH
Mallard city,IA
Malmo village,NE
Malone town,FL
Malone town,TX
Malone village,NY
Maloy city,IA
Malta Bend town,MO
Malta city,ID
Malta city,MT
Malta village,IL
Malta village,OH
Malvern borough,PA
Malvern city,AR
Malvern city,IA
Malvern town,AL
Malvern village,OH
Malverne village,NY
Mamaroneck village,NY
Mammoth Lakes town,CA
Mammoth Spring city,AR
Mammoth town,AZ
Mamou town,LA
Man town,WV
Manalapan town,FL
Manasquan borough,NJ
Manassa town,CO
Manassas Park city,VA
Manassas city,GA
Manassas city,VA
Manawa city,WI
Mancelona village,MI
Manchester borough,PA
Manchester city,GA
Manchester city,IA
Manchester city,KS
Manchester city,KY
Manchester city,MN
Manchester city,MO
Manchester city,NH
Manchester city,TN
Manchester town,MD
Manchester town,OK
Manchester village,IL
Manchester village,MI
Manchester village,NY
Manchester village,OH
Manchester village,VT
Mancos town,CO
Mandan city,ND
Manderson town,WY
Mandeville city,LA
Mangham town,LA
Mangonia Park town,FL
Mangum city,OK
Manhattan Beach city,CA
Manhattan Beach city,MN
Manhattan city,KS
Manhattan town,MT
Manhattan village,IL
Manheim borough,PA
Manila city,AR
Manila town,UT
Manilla city,IA
Manistee city,MI
Manistique city,MI
Manito village,IL
Manitou Springs city,CO
Manitou town,OK
Manitowoc city,WI
Mankato city,KS
Mankato city,MN
Manley village,NE
Manlius village,IL
Manlius village,NY
Manly city,IA
Mannford town,OK
Manning city,IA
Manning city,SC
Mannington city,WV
Manns Choice borough,PA
Mannsville town,OK
Mannsville village,NY
Manokotak city,AK
Manor Creek city,KY
Manor borough,PA
Manor city,TX
Manorhaven village,NY
Manorville borough,PA
Mansfield borough,PA
Mansfield city,AR
Mansfield city,GA
Mansfield city,LA
Mansfield city,MO
Mansfield city,OH
Mansfield city,TX
Mansfield town,WA
Mansfield village,IL
Manson city,IA
Mansura town,LA
Mantachie town,MS
Mantador city,ND
Manteca city,CA
Mantee village,MS
Manteno village,IL
Manteo town,NC
Manter city,KS
Manti city,UT
Mantoloking borough,NJ
Manton city,MI
Mantorville city,MN
Mantua town,UT
Mantua village,OH
Manvel city,ND
Manvel city,TX
Manville borough,NJ
Manville town,WY
Many town,LA
Manzanita city,OR
Manzanola town,CO
Maple Bluff village,WI
Maple Grove city,MN
Maple Heights city,OH
Maple Hill city,KS
Maple Lake city,MN
Maple Park village,IL
Maple Plain city,MN
Maple Rapids village,MI
Maple Valley city,WA
Maplesville town,AL
Mapleton borough,PA
Mapleton city,IA
Mapleton city,KS
Mapleton city,MN
Mapleton city,ND
Mapleton city,UT
Mapleton village,IL
Mapleview city,MN
Maplewood city,MN
Maplewood city,MO
Maquoketa city,IA
Maquon village,IL
Maramec town,OK
Marana town,AZ
Marathon City village,WI
Marathon city,FL
Marathon city,IA
Marathon village,NY
Marble City town,OK
Marble Cliff village,OH
Marble Falls city,TX
Marble Hill city,MO
Marble Rock city,IA
Marble city,MN
Marble town,CO
Marblehead village,OH
Marbleton town,WY
Marceline city,MO
Marcellus village,MI
Marcellus village,NY
Marco Island city,FL
Marcus Hook borough,PA
Marcus city,IA
Marcus town,WA
Mardela Springs town,MD
Marengo city,IA
Marengo city,IL
Marengo town,IN
Marengo village,OH
Marfa city,TX
Margaret city,AL
Margaretville village,NY
Margate City city,NJ
Margate city,FL
Marianna borough,PA
Marianna city,AR
Marianna city,FL
Maribel village,WI
Maricopa city,AZ
Maricopa city,CA
Marie town,AR
Mariemont village,OH
Marietta borough,PA
Marietta city,GA
Marietta city,MN
Marietta city,OH
Marietta city,OK
Marietta town,MS
Marietta town,NC
Marietta town,TX
Marietta village,IL
Marina city,CA
Marine City city,MI
Marine on St. Croix city,MN
Marine village,IL
Marineland town,FL
Marinette city,WI
Maringouin town,LA
Marion Center borough,PA
Marion Heights borough,PA
Marion city,AL
Marion city,AR
Marion city,IA
Marion city,IL
Marion city,IN
Marion city,KS
Marion city,KY
Marion city,NC
Marion city,ND
Marion city,OH
Marion city,SC
Marion city,SD
Marion city,TX
Marion city,WI
Marion town,LA
Marion town,MS
Marion town,VA
Marion village,MI
Marionville city,MO
Marissa village,IL
Mark village,IL
Marked Tree city,AR
Markesan city,WI
Markham city,IL
Markle town,IN
Marklesburg borough,PA
Markleville town,IN
Markleysburg borough,PA
Marks city,MS
Marksville city,LA
Marland town,OK
Marlborough city,MA
Marlborough village,MO
Marlette city,MI
Marlin city,TX
Marlinton town,WV
Marlow city,OK
Marmaduke city,AR
Marmarth city,ND
Marmet city,WV
Marne city,IA
Maroa city,IL
Marquand city,MO
Marquette Heights city,IL
Marquette city,IA
Marquette city,KS
Marquette city,MI
Marquette village,NE
Marquette village,WI
Marquez city,TX
Marriott-Slaterville city,UT
Mars Hill town,NC
Mars borough,PA
Marseilles city,IL
Marseilles village,OH
Marshall city,AK
Marshall city,AR
Marshall city,IL
Marshall city,MI
Marshall city,MN
Marshall city,MO
Marshall city,TX
Marshall town,IN
Marshall town,NC
Marshall town,OK
Marshall village,WI
Marshalltown city,IA
Marshallville city,GA
Marshallville village,OH
Marshfield city,MO
Marshfield city,WI
Marshfield village,VT
Marshville town,NC
Marsing city,ID
Marston city,MO
Mart city,TX
Martelle city,IA
Martensdale city,IA
Martha town,OK
Marthasville city,MO
Martin city,KY
Martin city,ND
Martin city,SD
Martin city,TN
Martin town,GA
Martin village,LA
Martin village,MI
Martin's Additions village,MD
Martindale city,TX
Martinez city,CA
Martins Ferry city,OH
Martinsburg borough,PA
Martinsburg city,IA
Martinsburg city,WV
Martinsburg town,MO
Martinsburg village,NE
Martinsburg village,OH
Martinsville city,IL
Martinsville city,IN
Martinsville city,VA
Martinsville village,OH
Martinton village,IL
Marvell city,AR
Marvin town,SD
Marvin village,NC
Mary Esther city,FL
Marydel town,MD
Maryhill Estates city,KY
Maryland Heights city,MO
Marysvale town,UT
Marysville borough,PA
Marysville city,CA
Marysville city,IA
Marysville city,KS
Marysville city,MI
Marysville city,OH
Marysville city,WA
Maryville city,MO
Maryville city,TN
Maryville village,IL
Mascotte city,FL
Mascoutah city,IL
Maskell village,NE
Mason City city,IA
Mason City city,IL
Mason City village,NE
Mason city,MI
Mason city,OH
Mason city,TX
Mason town,IL
Mason town,TN
Mason town,WV
Mason village,WI
Masontown borough,PA
Masontown town,WV
Masonville city,IA
Massapequa Park village,NY
Massena city,IA
Massena village,NY
Massillon city,OH
Matador town,TX
Matamoras (New Matamoras) village,OH
Matamoras borough,PA
Matawan borough,NJ
Matewan town,WV
Matfield Green city,KS
Matherville village,IL
Mathis city,TX
Mathiston town,MS
Matinecock village,NY
Matlock city,IA
Mattawa city,WA
Mattawan village,MI
Matteson village,IL
Matthews city,MO
Matthews town,IN
Matthews town,NC
Mattoon city,IL
Mattoon village,WI
Mauckport town,IN
Maud city,OK
Maud city,TX
Mauldin city,SC
Maumee city,OH
Maumelle city,AR
Maunie village,IL
Maupin city,OR
Maurice city,IA
Maurice village,LA
Maury City town,TN
Mauston city,WI
Max city,ND
Maxbass city,ND
Maxeys town,GA
Maxton town,NC
Maxwell city,IA
Maxwell village,NE
Maxwell village,NM
May town,OK
Maybee village,MI
Maybrook village,NY
Mayer city,MN
Mayersville town,MS
Mayesville town,SC
Mayetta city,KS
Mayfield Heights city,OH
Mayfield borough,PA
Mayfield city,KS
Mayfield city,KY
Mayfield town,UT
Mayfield village,NY
Mayfield village,OH
Mayflower city,AR
Maynard city,IA
Maynard city,MN
Maynard town,AR
Maynardville city,TN
Mayo town,FL
Mayodan town,NC
Maypearl city,TX
Maysville city,IA
Maysville city,KY
Maysville city,MO
Maysville town,GA
Maysville town,NC
Maysville town,OK
Maytown town,AL
Mayview city,MO
Mayville city,ND
Mayville city,WI
Mayville village,MI
Mayville village,NY
Maywood Park city,OR
Maywood borough,NJ
Maywood city,CA
Maywood village,IL
Maywood village,NE
Mazeppa city,MN
Mazomanie village,WI
Mazon village,IL
McAdenville town,NC
McAdoo borough,PA
McAlester city,OK
McAllen city,TX
McArthur village,OH
McBain city,MI
McBaine town,MO
McBee town,SC
McBride village,MI
McCall city,ID
McCallsburg city,IA
McCamey city,TX
McCammon city,ID
McCaskill town,AR
McCausland city,IA
McCaysville city,GA
McCleary city,WA
McClelland city,IA
McClellanville town,SC
McClure borough,PA
McClure village,IL
McClure village,OH
McClusky city,ND
McColl town,SC
McComb city,MS
McComb village,OH
McConnells town,SC
McConnellsburg borough,PA
McConnelsville village,OH
McCook city,NE
McCook village,IL
McCool Junction village,NE
McCool town,MS
McCord Bend village,MO
McCordsville town,IN
McCormick town,SC
McCracken city,KS
McCrory city,AR
McCullom Lake village,IL
McCune city,KS
McCurtain town,OK
McDonald borough,PA
McDonald city,KS
McDonald town,NC
McDonald village,OH
McDonough city,GA
McDougal town,AR
McEwen city,TN
McEwensville borough,PA
McFall city,MO
McFarlan town,NC
McFarland city,CA
McFarland city,KS
McFarland village,WI
McGehee city,AR
McGrath city,AK
McGrath city,MN
McGraw village,NY
McGregor city,IA
McGregor city,MN
McGregor city,TX
McGrew village,NE
McGuffey village,OH
McHenry city,IL
McHenry city,KY
McHenry city,ND
McIntire city,IA
McIntosh city,MN
McIntosh city,SD
McIntosh town,AL
McIntosh town,FL
McIntyre town,GA
McKean borough,PA
McKee city,KY
McKees Rocks borough,PA
McKeesport city,PA
McKenney town,VA
McKenzie city,TN
McKenzie town,AL
McKinley city,MN
McKinney city,TX
McKittrick town,MO
McLain town,MS
McLaughlin city,SD
McLean town,TX
McLean village,IL
McLean village,NE
McLeansboro city,IL
McLemoresville town,TN
McLendon-Chisholm city,TX
McLoud city,OK
McLouth city,KS
McMechen city,WV
McMinnville city,OR
McMinnville city,TN
McMullen town,AL
McNab town,AR
McNabb village,IL
McNary village,LA
McNeil city,AR
McPherson city,KS
McRae city,AR
McRae-Helena city,GA
McSherrystown borough,PA
McVeytown borough,PA
McVille city,ND
Mead town,CO
Mead town,OK
Mead village,NE
Meade city,KS
Meadow Bridge town,WV
Meadow Grove village,NE
Meadow Vale city,KY
Meadow town,TX
Meadow town,UT
Meadowbrook Farm city,KY
Meadowlakes city,TX
Meadowlands city,MN
Meadows Place city,TX
Meadowview Estates city,KY
Meadville city,MO
Meadville city,PA
Meadville town,MS
Meansville city,GA
Mebane city,NC
Mecca town,IN
Mechanicsburg borough,PA
Mechanicsburg village,IL
Mechanicsburg village,OH
Mechanicsville borough,PA
Mechanicsville city,IA
Mechanicville city,NY
Mecosta village,MI
Medaryville town,IN
Medford Lakes borough,NJ
Medford city,MA
Medford city,MN
Medford city,OK
Medford city,OR
Medford city,WI
Media borough,PA
Media village,IL
Mediapolis city,IA
Medical Lake city,WA
Medicine Bow town,WY
Medicine Lake city,MN
Medicine Lake town,MT
Medicine Lodge city,KS
Medicine Park town,OK
Medina city,MN
Medina city,ND
Medina city,OH
Medina city,TN
Medina city,WA
Medina village,NY
Medley town,FL
Medon city,TN
Medora city,ND
Medora town,IN
Medora village,IL
Meeker town,CO
Meeker town,OK
Meeteetse town,WY
Megargel town,TX
Meggett town,SC
Meigs city,GA
Meire Grove city,MN
Mekoryuk city,AK
Melba city,ID
Melbeta village,NE
Melbourne Beach town,FL
Melbourne Village town,FL
Melbourne city,AR
Melbourne city,FL
Melbourne city,IA
Melbourne city,KY
Melcher-Dallas city,IA
Melfa town,VA
Melissa city,TX
Mellen city,WI
Mellette city,SD
Mellott town,IN
Melrose Park village,IL
Melrose city,IA
Melrose city,MA
Melrose city,MN
Melrose village,NM
Melrose village,OH
Melrose village,WI
Melstone town,MT
Melvern city,KS
Melville town,LA
Melvin city,IA
Melvin town,TX
Melvin village,IL
Melvin village,MI
Melvina village,WI
Melvindale city,MI
Memphis city,MI
Memphis city,MO
Memphis city,TN
Memphis city,TX
Memphis town,AL
Memphis village,NE
Mena city,AR
Menahga city,MN
Menan city,ID
Menands village,NY
Menard city,TX
Menasha city,WI
Mendenhall city,MS
Mendham borough,NJ
Mendon city,MO
Mendon city,UT
Mendon village,IL
Mendon village,MI
Mendon village,OH
Mendota Heights city,MN
Mendota city,CA
Mendota city,IL
Mendota city,MN
Menifee city,CA
Menifee town,AR
Menlo Park city,CA
Menlo city,GA
Menlo city,IA
Menlo city,KS
Menno city,SD
Meno town,OK
Menominee city,MI
Menominee village,IL
Menomonee Falls village,WI
Menomonie city,WI
Mentone town,AL
Mentone town,IN
Mentor city,KY
Mentor city,MN
Mentor city,OH
Mentor-on-the-Lake city,OH
Mequon city,WI
Mer Rouge village,LA
Merced city,CA
Mercedes city,TX
Mercer Island city,WA
Mercer borough,PA
Mercer city,ND
Mercer town,MO
Mercersburg borough,PA
Merchantville borough,NJ
Meredosia village,IL
Meriden city,CT
Meriden city,IA
Meriden city,KS
Meridian Hills town,IN
Meridian city,ID
Meridian city,MS
Meridian city,TX
Meridian town,OK
Meridian village,NY
Merigold town,MS
Merino town,CO
Merkel town,TX
Mermentau village,LA
Merna village,NE
Merom town,IN
Merriam Woods city,MO
Merriam city,KS
Merrill city,IA
Merrill city,OR
Merrill city,WI
Merrill village,MI
Merrillan village,WI
Merrillville town,IN
Merrimac village,WI
Merriman village,NE
Merrionette Park village,IL
Merryville town,LA
Mertens town,TX
Merton village,WI
Mertzon city,TX
Merwin village,MO
Mesa city,AZ
Mesa city,WA
Meservey city,IA
Meshoppen borough,PA
Mesic town,NC
Mesick village,MI
Mesilla town,NM
Mesquite city,NV
Mesquite city,TX
Meta city,MO
Metaline Falls town,WA
Metaline town,WA
Metamora village,IL
Metamora village,MI
Metamora village,OH
Metcalf village,IL
Metcalfe town,MS
Methuen city,MA
Metolius city,OR
Metropolis city,IL
Mettawa village,IL
Metter city,GA
Metuchen borough,NJ
Metz town,MO
Mexia city,TX
Mexico Beach city,FL
Mexico city,MO
Mexico village,NY
Meyers Lake village,OH
Meyersdale borough,PA
Miami Beach city,FL
Miami Gardens city,FL
Miami Lakes town,FL
Miami Shores village,FL
Miami Springs city,FL
Miami city,FL
Miami city,MO
Miami city,OK
Miami city,TX
Miami town,AZ
Miamisburg city,OH
Micanopy town,FL
Michiana Shores town,IN
Michiana village,MI
Michie town,TN
Michigan City city,IN
Michigan City city,ND
Michigantown town,IN
Micro town,NC
Middle Point village,OH
Middle River city,MN
Middlebourne town,WV
Middleburg Heights city,OH
Middleburg borough,PA
Middleburg town,NC
Middleburg town,VA
Middleburgh village,NY
Middlebury town,IN
Middlefield village,OH
Middleport borough,PA
Middleport village,NY
Middleport village,OH
Middlesborough city,KY
Middlesex borough,NJ
Middlesex town,NC
Middleton city,ID
Middleton city,TN
Middleton city,WI
Middletown borough,PA
Middletown city,CT
Middletown city,IA
Middletown city,KY
Middletown city,NY
Middletown city,OH
Middletown town,DE
Middletown town,IN
Middletown town,MD
Middletown town,MO
Middletown town,VA
Middletown village,IL
Middleville village,MI
Middleville village,NY
Midfield city,AL
Midland City city,AL
Midland Park borough,NJ
Midland borough,PA
Midland city,MI
Midland city,TX
Midland town,AR
Midland town,MD
Midland town,NC
Midland town,SD
Midland village,OH
Midlothian city,TX
Midlothian village,IL
Midvale city,ID
Midvale city,UT
Midvale village,OH
Midville city,GA
Midway borough,PA
Midway city,FL
Midway city,GA
Midway city,KY
Midway city,TX
Midway city,UT
Midway town,AL
Midway town,AR
Midway town,NC
Midway village,OH
Midwest City city,OK
Midwest town,WY
Miesville city,MN
Mifflin borough,PA
Mifflin village,OH
Mifflinburg borough,PA
Mifflintown borough,PA
Milaca city,MN
Milan city,GA
Milan city,KS
Milan city,MI
Milan city,MN
Milan city,MO
Milan city,TN
Milan town,IN
Milan village,IL
Milan village,NM
Milan village,OH
Milano city,TX
Milbank city,SD
Milburn town,OK
Mildred town,TX
Miles City city,MT
Miles city,IA
Miles city,TX
Milesburg borough,PA
Milford Center village,OH
Milford borough,NJ
Milford borough,PA
Milford city,DE
Milford city,IA
Milford city,KS
Milford city,NE
Milford city,OH
Milford city,UT
Milford town,IN
Milford town,TX
Milford village,IL
Milford village,MI
Milford village,MO
Milford village,NY
Mill City city,OR
Mill Creek borough,PA
Mill Creek city,WA
Mill Creek town,OK
Mill Creek town,WV
Mill Creek village,IL
Mill Hall borough,PA
Mill Neck village,NY
Mill Shoals village,IL
Mill Spring village,MO
Mill Valley city,CA
Mill Village borough,PA
Milladore village,WI
Millard village,MO
Millbourne borough,PA
Millbrae city,CA
Millbrook city,AL
Millbrook village,IL
Millbrook village,NY
Millbury village,OH
Millcreek city,UT
Milledgeville city,GA
Milledgeville town,TN
Milledgeville village,IL
Milledgeville village,OH
Millen city,GA
Miller City village,OH
Miller city,MO
Miller city,SD
Miller village,NE
Miller's Cove town,TX
Millersburg borough,PA
Millersburg city,IA
Millersburg city,KY
Millersburg city,OR
Millersburg town,IN
Millersburg village,MI
Millersburg village,OH
Millersport village,OH
Millerstown borough,PA
Millersville borough,PA
Millersville city,TN
Millerton city,IA
Millerton town,OK
Millerton village,NY
Millerville city,MN
Millheim borough,PA
Millhousen town,IN
Milligan village,NE
Milliken town,CO
Millington city,TN
Millington town,MD
Millington village,IL
Millington village,MI
Millport town,AL
Millport village,NY
Millry town,AL
Mills River town,NC
Mills town,WY
Millsap town,TX
Millsboro town,DE
Millstadt village,IL
Millstone borough,NJ
Milltown borough,NJ
Milltown town,IN
Milltown village,WI
Millvale borough,PA
Millville borough,PA
Millville city,MN
Millville city,NJ
Millville city,UT
Millville town,DE
Millville village,OH
Millwood city,WA
Milner city,GA
Milnor city,ND
Milo city,IA
Milo village,MO
Milpitas city,CA
Milroy city,MN
Milton Center village,OH
Milton borough,PA
Milton city,FL
Milton city,GA
Milton city,IA
Milton city,KY
Milton city,ND
Milton city,WA
Milton city,WI
Milton town,DE
Milton town,IN
Milton town,NC
Milton town,WV
Milton village,IL
Milton-Freewater city,OR
Miltona city,MN
Miltonsburg village,OH
Miltonvale city,KS
Milwaukee city,WI
Milwaukie city,OR
Minatare city,NE
Minburn city,IA
Minco city,OK
Minden City village,MI
Minden city,IA
Minden city,LA
Minden city,NE
Mindenmines city,MO
Mineola city,TX
Mineola village,NY
Miner city,MO
Mineral City village,OH
Mineral Point city,WI
Mineral Point town,MO
Mineral Springs city,AR
Mineral Springs town,NC
Mineral Wells city,TX
Mineral town,VA
Mineral village,IL
Minersville borough,PA
Minersville town,UT
Minerva Park village,OH
Minerva village,OH
Mingo Junction village,OH
Mingo city,IA
Mingus city,TX
Minidoka city,ID
Minier village,IL
Minneapolis city,KS
Minneapolis city,MN
Minneiska city,MN
Minneola city,FL
Minneola city,KS
Minneota city,MN
Minnesota City city,MN
Minnesota Lake city,MN
Minnesott Beach town,NC
Minnetonka city,MN
Minnetrista city,MN
Minnewaukan city,ND
Minoa village,NY
Minong village,WI
Minonk city,IL
Minooka village,IL
Minor Hill city,TN
Minot city,ND
Minster village,OH
Mint Hill town,NC
Minto city,ND
Minturn town,AR
Minturn town,CO
Miramar city,FL
Miramiguoa Park village,MO
Misenheimer village,NC
Mishawaka city,IN
Mishicot village,WI
Mission Hill town,SD
Mission Hills city,KS
Mission Viejo city,CA
Mission Woods city,KS
Mission city,KS
Mission city,SD
Mission city,TX
Missoula city,MT
Missouri City city,MO
Missouri City city,TX
Missouri Valley city,IA
Mitchell Heights town,WV
Mitchell city,IA
Mitchell city,IN
Mitchell city,NE
Mitchell city,OR
Mitchell city,SD
Mitchell town,GA
Mitchellville city,AR
Mitchellville city,IA
Mitchellville city,TN
Mize town,MS
Mizpah city,MN
Moab city,UT
Mobeetie city,TX
Moberly city,MO
Mobile City city,TX
Mobile city,AL
Mobridge city,SD
Mockingbird Valley city,KY
Mocksville town,NC
Modale city,IA
Modena borough,PA
Modesto city,CA
Modesto village,IL
Modoc town,IN
Moffat town,CO
Moffett town,OK
Mogadore village,OH
Mohall city,ND
Mohawk village,NY
Mohnton borough,PA
Mokane city,MO
Mokena village,IL
Molalla city,OR
Molena city,GA
Moline Acres city,MO
Moline city,IL
Moline city,KS
Momence city,IL
Momeyer town,NC
Mona city,UT
Monaca borough,PA
Monahans city,TX
Monango city,ND
Moncks Corner town,SC
Mondamin city,IA
Mondovi city,WI
Monee village,IL
Monessen city,PA
Monett city,MO
Monetta town,SC
Monette city,AR
Monmouth Beach borough,NJ
Monmouth city,IA
Monmouth city,IL
Monmouth city,OR
Monon town,IN
Monona city,IA
Monona city,WI
Monongah town,WV
Monongahela city,PA
Monowi village,NE
Monroe Center village,IL
Monroe City city,MO
Monroe City town,IN
Monroe borough,PA
Monroe city,GA
Monroe city,IA
Monroe city,LA
Monroe city,MI
Monroe city,NC
Monroe city,OH
Monroe city,OR
Monroe city,UT
Monroe city,WA
Monroe city,WI
Monroe town,IN
Monroe town,SD
Monroe village,NE
Monroe village,NY
Monroeville city,AL
Monroeville municipality,PA
Monroeville town,IN
Monroeville village,OH
Monrovia city,CA
Monrovia town,IN
Mont Alto borough,PA
Mont Belvieu city,TX
Montague city,CA
Montague city,MI
Montclair city,CA
Monte Sereno city,CA
Monte Vista city,CO
Monteagle town,TN
Montebello city,CA
Montebello village,NY
Montello city,WI
Monterey Park city,CA
Monterey city,CA
Monterey city,KY
Monterey town,IN
Monterey town,TN
Monterey town,VA
Montesano city,WA
Montevallo city,AL
Montevideo city,MN
Montezuma city,GA
Montezuma city,IA
Montezuma city,KS
Montezuma town,CO
Montezuma town,IN
Montezuma village,OH
Montfort village,WI
Montgomery City city,MO
Montgomery borough,PA
Montgomery city,AL
Montgomery city,MN
Montgomery city,OH
Montgomery city,TX
Montgomery city,WV
Montgomery town,IN
Montgomery town,LA
Montgomery village,IL
Montgomery village,MI
Montgomery village,NY
Monticello city,AR
Monticello city,FL
Monticello city,GA
Monticello city,IA
Monticello city,IL
Monticello city,IN
Monticello city,KY
Monticello city,MN
Monticello city,UT
Monticello town,MS
Monticello village,MO
Monticello village,NY
Monticello village,WI
Montour Falls village,NY
Montour city,IA
Montoursville borough,PA
Montpelier city,ID
Montpelier city,IN
Montpelier city,ND
Montpelier city,VT
Montpelier village,LA
Montpelier village,OH
Montreal city,WI
Montreat town,NC
Montrose borough,PA
Montrose city,AR
Montrose city,CO
Montrose city,IA
Montrose city,MI
Montrose city,MN
Montrose city,MO
Montrose city,SD
Montrose town,GA
Montrose town,MS
Montrose town,WV
Montrose village,IL
Montross town,VA
Montvale borough,NJ
Montverde town,FL
Monument city,OR
Monument town,CO
Moody city,AL
Moody city,TX
Moonachie borough,NJ
Moorcroft town,WY
Moore Haven city,FL
Moore Station city,TX
Moore city,ID
Moore city,OK
Moore town,MT
Moorefield town,AR
Moorefield town,WV
Moorefield village,NE
Mooreland town,IN
Mooreland town,OK
Moores Hill town,IN
Mooresboro town,NC
Mooresville town,AL
Mooresville town,IN
Mooresville town,NC
Mooresville village,MO
Mooreton city,ND
Moorhead city,IA
Moorhead city,MN
Moorhead city,MS
Mooringsport town,LA
Moorland city,IA
Moorland city,KY
Moorpark city,CA
Moose Lake city,MN
Moosic borough,PA
Mora city,MN
Moraga town,CA
Moraine city,OH
Moran city,KS
Moran city,TX
Moravia city,IA
Moravia village,NY
Moreauville village,LA
Morehead City town,NC
Morehead city,KY
Morehouse city,MO
Moreland Hills village,OH
Moreland town,GA
Morenci city,MI
Moreno Valley city,CA
Morgan City city,LA
Morgan City town,MS
Morgan Hill city,CA
Morgan city,GA
Morgan city,MN
Morgan city,TX
Morgan city,UT
Morgan's Point Resort city,TX
Morgan's Point city,TX
Morganfield city,KY
Morganton city,GA
Morganton city,NC
Morgantown city,KY
Morgantown city,WV
Morgantown town,IN
Morganville city,KS
Morganza village,LA
Moriarty city,NM
Morland city,KS
Morley city,IA
Morley city,MO
Morley village,MI
Morning Sun city,IA
Morningside town,MD
Moro city,OR
Moro town,AR
Morocco town,IN
Moroni city,UT
Morral village,OH
Morrice village,MI
Morrill city,KS
Morrill village,NE
Morrilton city,AR
Morris Plains borough,NJ
Morris city,AL
Morris city,IL
Morris city,MN
Morris city,OK
Morris village,NY
Morrison Bluff town,AR
Morrison city,IA
Morrison city,IL
Morrison city,MO
Morrison town,CO
Morrison town,OK
Morrison town,TN
Morrisonville village,IL
Morristown city,MN
Morristown city,TN
Morristown town,IN
Morristown town,NJ
Morristown town,SD
Morristown village,OH
Morrisville borough,PA
Morrisville town,MO
Morrisville town,NC
Morrisville village,NY
Morrisville village,VT
Morro Bay city,CA
Morrow city,GA
Morrow village,OH
Morrowville city,KS
Morse Bluff village,NE
Morse village,LA
Morton Grove village,IL
Morton borough,PA
Morton city,MN
Morton city,MS
Morton city,TX
Morton city,WA
Morton village,IL
Mortons Gap city,KY
Morven city,GA
Morven town,NC
Mosby city,MO
Moscow Mills city,MO
Moscow borough,PA
Moscow city,ID
Moscow city,KS
Moscow city,TN
Moscow village,OH
Moses Lake city,WA
Mosheim town,TN
Mosier city,OR
Mosinee city,WI
Mosquero village,NM
Moss Point city,MS
Mosses town,AL
Mossyrock city,WA
Motley city,MN
Mott city,ND
Moulton city,AL
Moulton city,IA
Moulton town,TX
Moultrie city,GA
Mound Bayou city,MS
Mound City city,IL
Mound City city,KS
Mound City city,MO
Mound City town,SD
Mound Station village,IL
Mound Valley city,KS
Mound city,MN
Mound village,LA
Moundridge city,KS
Mounds View city,MN
Mounds city,IL
Mounds town,OK
Moundsville city,WV
Moundville town,AL
Moundville town,MO
Mount Airy city,NC
Mount Airy town,GA
Mount Airy town,MD
Mount Angel city,OR
Mount Arlington borough,NJ
Mount Auburn city,IA
Mount Auburn town,IN
Mount Auburn village,IL
Mount Ayr city,IA
Mount Ayr town,IN
Mount Blanchard village,OH
Mount Calm city,TX
Mount Calvary village,WI
Mount Carbon borough,PA
Mount Carmel borough,PA
Mount Carmel city,IL
Mount Carmel town,IN
Mount Carmel town,TN
Mount Carroll city,IL
Mount Clare village,IL
Mount Clemens city,MI
Mount Cory village,OH
Mount Crawford town,VA
Mount Crested Butte town,CO
Mount Croghan town,SC
Mount Dora city,FL
Mount Eaton village,OH
Mount Enterprise city,TX
Mount Ephraim borough,NJ
Mount Erie village,IL
Mount Etna town,IN
Mount Gilead town,NC
Mount Gilead village,OH
Mount Gretna borough,PA
Mount Healthy city,OH
Mount Holly Springs borough,PA
Mount Holly city,NC
Mount Hope city,KS
Mount Hope city,WV
Mount Hope village,WI
Mount Horeb village,WI
Mount Ida city,AR
Mount Jackson town,VA
Mount Jewett borough,PA
Mount Joy borough,PA
Mount Juliet city,TN
Mount Kisco village,NY
Mount Lebanon town,LA
Mount Leonard town,MO
Mount Moriah town,MO
Mount Morris city,MI
Mount Morris village,IL
Mount Morris village,NY
Mount Olive city,IL
Mount Olive town,MS
Mount Olive town,NC
Mount Oliver borough,PA
Mount Olivet city,KY
Mount Orab village,OH
Mount Penn borough,PA
Mount Pleasant borough,PA
Mount Pleasant city,IA
Mount Pleasant city,MI
Mount Pleasant city,TN
Mount Pleasant city,TX
Mount Pleasant city,UT
Mount Pleasant town,AR
Mount Pleasant town,NC
Mount Pleasant town,SC
Mount Pleasant village,OH
Mount Pleasant village,WI
Mount Pocono borough,PA
Mount Prospect village,IL
Mount Pulaski city,IL
Mount Rainier city,MD
Mount Shasta city,CA
Mount Sterling city,IL
Mount Sterling city,KY
Mount Sterling village,OH
Mount Sterling village,WI
Mount Summit town,IN
Mount Union borough,PA
Mount Vernon city,GA
Mount Vernon city,IA
Mount Vernon city,IL
Mount Vernon city,IN
Mount Vernon city,KY
Mount Vernon city,MO
Mount Vernon city,NY
Mount Vernon city,OH
Mount Vernon city,OR
Mount Vernon city,SD
Mount Vernon city,WA
Mount Vernon town,AL
Mount Vernon town,AR
Mount Vernon town,TX
Mount Victory village,OH
Mount Washington city,KY
Mount Wolf borough,PA
Mount Zion city,GA
Mount Zion village,IL
Mountain Brook city,AL
Mountain City city,TX
Mountain City town,GA
Mountain City town,TN
Mountain Grove city,MO
Mountain Home city,AR
Mountain Home city,ID
Mountain Iron city,MN
Mountain Lake Park town,MD
Mountain Lake city,MN
Mountain Lakes borough,NJ
Mountain Park city,GA
Mountain Park town,OK
Mountain Pine city,AR
Mountain View city,AR
Mountain View city,CA
Mountain View city,MO
Mountain View town,CO
Mountain View town,OK
Mountain View town,WY
Mountain Village city,AK
Mountain Village town,CO
Mountain city,ND
Mountainair town,NM
Mountainburg city,AR
Mountainside borough,NJ
Mountlake Terrace city,WA
Mountville borough,PA
Moville city,IA
Moweaqua village,IL
Mowrystown village,OH
Moxee city,WA
Moyie Springs city,ID
Mud Lake city,ID
Muddy village,IL
Muenster city,TX
Muir village,MI
Mukilteo city,WA
Mukwonago village,WI
Mulberry Grove village,IL
Mulberry city,AR
Mulberry city,FL
Mulberry city,KS
Mulberry town,IN
Muldraugh city,KY
Muldrow town,OK
Mule Barn town,OK
Muleshoe city,TX
Mulga town,AL
Mulhall town,OK
Mullan city,ID
Mullen village,NE
Mullens city,WV
Mulliken village,MI
Mullin town,TX
Mullins city,SC
Mullinville city,KS
Mulvane city,KS
Muncie city,IN
Muncie village,IL
Muncy borough,PA
Munday city,TX
Mundelein village,IL
Munden city,KS
Munford city,TN
Munford town,AL
Munfordville city,KY
Munhall borough,PA
Munich city,ND
Munising city,MI
Munnsville village,NY
Munroe Falls city,OH
Munsey Park village,NY
Munster town,IN
Murchison city,TX
Murdo city,SD
Murdock city,MN
Murdock village,NE
Murfreesboro city,AR
Murfreesboro city,TN
Murfreesboro town,NC
Murphy city,TX
Murphy town,NC
Murphysboro city,IL
Murray City village,OH
Murray Hill city,KY
Murray city,IA
Murray city,KY
Murray city,UT
Murray village,NE
Murrayville village,IL
Murrieta city,CA
Murrysville municipality,PA
Murtaugh city,ID
Muscatine city,IA
Muscle Shoals city,AL
Muscoda village,WI
Muscotah city,KS
Muskego city,WI
Muskegon Heights city,MI
Muskegon city,MI
Muskogee city,OK
Mustang Ridge city,TX
Mustang city,OK
Muttontown village,NY
Mutual town,OK
Mutual village,OH
Myerstown borough,PA
Myersville town,MD
Mylo city,ND
Myrtle Beach city,SC
Myrtle Creek city,OR
Myrtle Point city,OR
Myrtle city,MN
Myrtle town,MS
Myrtlewood town,AL
Mystic city,IA
Myton city,UT
Naches town,WA
Nacogdoches city,TX
Nags Head town,NC
Nahunta city,GA
Nampa city,ID
Nanticoke city,PA
Nanty-Glo borough,PA
Napa city,CA
Napakiak city,AK
Napaskiak city,AK
Napavine city,WA
Naper village,NE
Naperville city,IL
Napier Field town,AL
Naplate village,IL
Naples city,FL
Naples city,TX
Naples city,UT
Naples town,IL
Naples town,SD
Naples village,NY
Napoleon city,MO
Napoleon city,ND
Napoleon city,OH
Napoleon town,IN
Napoleonville village,LA
Naponee village,NE
Nappanee city,IN
Narberth borough,PA
Narka city,KS
Narrows town,VA
Nash city,TX
Nash town,OK
Nashotah village,WI
Nashua city,IA
Nashua city,MN
Nashua city,NH
Nashua town,MT
Nashville city,AR
Nashville city,GA
Nashville city,IL
Nashville city,KS
Nashville town,IN
Nashville town,NC
Nashville village,MI
Nashville village,OH
Nashwauk city,MN
Nason city,IL
Nassau Bay city,TX
Nassau city,MN
Nassau village,NY
Nassawadox town,VA
Natalia city,TX
Natchez city,MS
Natchez village,LA
Natchitoches city,LA
National City city,CA
National Park borough,NJ
Natoma city,KS
Natural Bridge town,AL
Naturita town,CO
Naugatuck borough,CT
Nauvoo city,IL
Nauvoo town,AL
Navarre village,OH
Navarro town,TX
Navasota city,TX
Navassa town,NC
Naylor city,MO
Nazareth borough,PA
Nazareth city,TX
Nebo city,KY
Nebo village,IL
Nebraska City city,NE
Necedah village,WI
Neche city,ND
Neck City city,MO
Nectar town,AL
Nederland city,TX
Nederland town,CO
Needham town,AL
Needles city,CA
Needville city,TX
Neelyville city,MO
Neenah city,WI
Neeses town,SC
Negaunee city,MI
Nehalem city,OR
Nehawka village,NE
Neihart town,MT
Neillsville city,WI
Nekoma city,ND
Nekoosa city,WI
Neligh city,NE
Nellie village,OH
Nelliston village,NY
Nelson city,GA
Nelson city,MN
Nelson city,MO
Nelson city,NE
Nelson village,IL
Nelson village,WI
Nelsonville city,OH
Nelsonville village,NY
Nelsonville village,WI
Nemaha city,IA
Nemaha village,NE
Nenana city,AK
Nenzel village,NE
Neodesha city,KS
Neoga city,IL
Neola city,IA
Neosho Falls city,KS
Neosho Rapids city,KS
Neosho city,MO
Neosho village,WI
Nephi city,UT
Neponset village,IL
Neptune Beach city,FL
Neptune City borough,NJ
Nerstrand city,MN
Nescopeck borough,PA
Neshkoro village,WI
Nespelem town,WA
Nesquehoning borough,PA
Ness City city,KS
Netawaka city,KS
Netcong borough,NJ
Nettleton city,MS
Nevada City city,CA
Nevada city,IA
Nevada city,MO
Nevada city,TX
Nevada village,OH
Neville village,OH
Nevis city,MN
New Albany borough,PA
New Albany city,IN
New Albany city,KS
New Albany city,MS
New Albany city,OH
New Albin city,IA
New Alexandria borough,PA
New Alexandria village,OH
New Alluwe town,OK
New Amsterdam town,IN
New Athens village,IL
New Athens village,OH
New Auburn city,MN
New Auburn village,WI
New Augusta town,MS
New Baden village,IL
New Baltimore borough,PA
New Baltimore city,MI
New Bavaria village,OH
New Beaver borough,PA
New Bedford city,MA
New Bedford village,IL
New Berlin borough,PA
New Berlin city,TX
New Berlin city,WI
New Berlin village,IL
New Berlin village,NY
New Bern city,NC
New Bethlehem borough,PA
New Bloomfield city,MO
New Bloomington village,OH
New Boston city,IL
New Boston city,TX
New Boston village,OH
New Braunfels city,TX
New Bremen village,OH
New Brighton borough,PA
New Brighton city,MN
New Britain borough,PA
New Britain city,CT
New Brockton town,AL
New Brunswick city,NJ
New Buffalo borough,PA
New Buffalo city,MI
New Burnside village,IL
New Cambria city,KS
New Cambria city,MO
New Canton town,IL
New Carlisle city,OH
New Carlisle town,IN
New Carrollton city,MD
New Castle city,DE
New Castle city,IN
New Castle city,KY
New Castle city,PA
New Castle town,CO
New Castle town,VA
New Centerville borough,PA
New Chapel Hill city,TX
New Chicago town,IN
New Columbus borough,PA
New Concord village,OH
New Cordell city,OK
New Cumberland borough,PA
New Cumberland city,WV
New Deal town,TX
New Douglas village,IL
New Eagle borough,PA
New Effington town,SD
New Ellenton town,SC
New England city,ND
New Era village,MI
New Fairview city,TX
New Florence borough,PA
New Florence city,MO
New Franklin city,MO
New Franklin city,OH
New Freedom borough,PA
New Galilee borough,PA
New Germany city,MN
New Glarus village,WI
New Grand Chain village,IL
New Hampton city,IA
New Hampton city,MO
New Harmony town,IN
New Harmony town,UT
New Hartford city,IA
New Hartford village,NY
New Haven city,CT
New Haven city,IN
New Haven city,KY
New Haven city,MO
New Haven town,WV
New Haven village,IL
New Haven village,MI
New Hebron town,MS
New Hempstead village,NY
New Holland borough,PA
New Holland village,IL
New Holland village,OH
New Holstein city,WI
New Home city,TX
New Hope borough,PA
New Hope city,AL
New Hope city,MN
New Hope city,TN
New Hope town,TX
New Houlka town,MS
New Hyde Park village,NY
New Iberia city,LA
New Johnsonville city,TN
New Kensington city,PA
New Knoxville village,OH
New Lebanon borough,PA
New Lebanon village,OH
New Leipzig city,ND
New Lenox village,IL
New Lexington village,OH
New Liberty city,IA
New Lisbon city,WI
New Llano town,LA
New London city,CT
New London city,IA
New London city,MN
New London city,MO
New London city,TX
New London city,WI
New London town,NC
New London village,OH
New Lothrop village,MI
New Madison village,OH
New Madrid city,MO
New Market city,IA
New Market town,IN
New Market town,MD
New Market town,TN
New Market town,VA
New Martinsville city,WV
New Meadows city,ID
New Melle city,MO
New Miami village,OH
New Middletown town,IN
New Middletown village,OH
New Milford borough,NJ
New Milford borough,PA
New Milford village,IL
New Minden village,IL
New Morgan borough,PA
New Munich city,MN
New Orleans city,LA
New Oxford borough,PA
New Palestine town,IN
New Paltz village,NY
New Paris borough,PA
New Paris village,OH
New Pekin town,IN
New Philadelphia borough,PA
New Philadelphia city,OH
New Plymouth city,ID
New Point town,IN
New Port Richey city,FL
New Prague city,MN
New Providence borough,NJ
New Providence city,IA
New Richland city,MN
New Richmond city,WI
New Richmond town,IN
New Richmond village,OH
New Riegel village,OH
New Ringgold borough,PA
New Roads city,LA
New Rochelle city,NY
New Rockford city,ND
New Ross town,IN
New Salem borough,PA
New Salem city,ND
New Salem village,IL
New Sharon city,IA
New Site town,AL
New Smyrna Beach city,FL
New Square village,NY
New Stanton borough,PA
New Straitsville village,OH
New Strawn city,KS
New Stuyahok city,AK
New Summerfield city,TX
New Tazewell town,TN
New Town city,ND
New Trier city,MN
New Ulm city,MN
New Underwood city,SD
New Vienna city,IA
New Vienna village,OH
New Virginia city,IA
New Washington borough,PA
New Washington village,OH
New Waterford village,OH
New Waverly city,TX
New Weston village,OH
New Whiteland town,IN
New Wilmington borough,PA
New Windsor town,MD
New Witten town,SD
New York Mills city,MN
New York Mills village,NY
New York city,NY
Newark Valley village,NY
Newark city,AR
Newark city,CA
Newark city,DE
Newark city,NJ
Newark city,OH
Newark city,TX
Newark village,IL
Newark village,MO
Newark village,NY
Newaygo city,MI
Newberg city,OR
Newbern town,AL
Newbern town,TN
Newberry city,FL
Newberry city,SC
Newberry town,IN
Newberry village,MI
Newborn town,GA
Newburg borough,PA
Newburg borough,PA
Newburg city,MO
Newburg city,ND
Newburg town,WV
Newburg village,WI
Newburgh Heights village,OH
Newburgh city,NY
Newburgh town,IN
Newbury village,VT
Newburyport city,MA
Newcastle city,OK
Newcastle city,TX
Newcastle city,WA
Newcastle city,WY
Newcastle village,NE
Newcomerstown village,OH
Newdale city,ID
Newell borough,PA
Newell city,IA
Newell city,SD
Newellton town,LA
Newfane village,VT
Newfield borough,NJ
Newfolden city,MN
Newhalen city,AK
Newhall city,IA
Newington town,GA
Newkirk city,OK
Newland town,NC
Newman Grove city,NE
Newman city,CA
Newman city,IL
Newnan city,GA
Newport Beach city,CA
Newport News city,VA
Newport borough,PA
Newport city,AR
Newport city,KY
Newport city,MN
Newport city,OR
Newport city,RI
Newport city,TN
Newport city,VT
Newport city,WA
Newport town,DE
Newport town,IN
Newport town,NC
Newport village,NE
Newport village,NY
Newry borough,PA
Newsoms town,VA
Newton Falls village,OH
Newton Grove town,NC
Newton Hamilton borough,PA
Newton city,GA
Newton city,IA
Newton city,IL
Newton city,KS
Newton city,MA
Newton city,MS
Newton city,NC
Newton city,TX
Newton town,AL
Newton town,NJ
Newton town,UT
Newtonia town,MO
Newtown borough,CT
Newtown borough,PA
Newtown town,IN
Newtown town,MO
Newtown village,OH
Newville borough,PA
Newville town,AL
Ney village,OH
Neylandville town,TX
Nezperce city,ID
Niagara Falls city,NY
Niagara city,ND
Niagara city,WI
Niangua city,MO
Niantic village,IL
Nibley city,UT
Niceville city,FL
Nicholasville city,KY
Nicholls city,GA
Nichols Hills city,OK
Nichols city,IA
Nichols town,SC
Nichols village,NY
Nichols village,WI
Nicholson borough,PA
Nicholson city,GA
Nickelsville town,VA
Nickerson city,KS
Nickerson village,NE
Nicollet city,MN
Nicoma Park city,OK
Niederwald city,TX
Nielsville city,MN
Nightmute city,AK
Nikolai city,AK
Niles city,MI
Niles city,OH
Niles village,IL
Nilwood town,IL
Nimmons town,AR
Nimrod city,MN
Ninety Six town,SC
Ninnekah town,OK
Niobrara village,NE
Niota city,TN
Niotaze city,KS
Nisland town,SD
Nissequogue village,NY
Nisswa city,MN
Nitro city,WV
Nixa city,MO
Nixon city,TX
Noble city,OK
Noble village,IL
Noble village,LA
Noblesville city,IN
Nocona city,TX
Nodaway city,IA
Noel city,MO
Nogales city,AZ
Nokomis city,IL
Nolanville city,TX
Nolensville town,TN
Noma town,FL
Nome city,AK
Nome city,ND
Nome city,TX
Nondalton city,AK
Nooksack city,WA
Noonan city,ND
Noonday city,TX
Noorvik city,AK
Nora Springs city,IA
Nora village,IL
Nora village,NE
Norborne city,MO
Norbourne Estates city,KY
Norcatur city,KS
Norco city,CA
Norcross city,GA
Norcross city,MN
Nordheim city,TX
Norfolk city,NE
Norfolk city,VA
Norfork city,AR
Norge town,OK
Norlina town,NC
Normal town,IL
Norman Park city,GA
Norman city,OK
Norman town,AR
Norman town,NC
Norman village,NE
Normandy Park city,WA
Normandy city,MO
Normandy town,TN
Normangee town,TX
Norphlet city,AR
Norridge village,IL
Norris City village,IL
Norris city,TN
Norris town,SC
Norris village,IL
Norristown borough,PA
North Adams city,MA
North Adams village,MI
North Apollo borough,PA
North Arlington borough,NJ
North Attleborough Town city,MA
North Augusta city,SC
North Aurora village,IL
North Baltimore village,OH
North Barrington village,IL
North Bay Village city,FL
North Bay village,WI
North Beach town,MD
North Belle Vernon borough,PA
North Bend city,NE
North Bend city,OR
North Bend city,WA
North Bend village,OH
North Bennington village,VT
North Bonneville city,WA
North Braddock borough,PA
North Branch city,MN
North Branch village,MI
North Brentwood town,MD
North Buena Vista city,IA
North Caldwell borough,NJ
North Canton city,OH
North Carrollton town,MS
North Catasauqua borough,PA
North Charleroi borough,PA
North Charleston city,SC
North Chevy Chase village,MD
North Chicago city,IL
North City village,IL
North Cleveland city,TX
North College Hill city,OH
North Collins village,NY
North Courtland town,AL
North Crows Nest town,IN
North East borough,PA
North East town,MD
North English city,IA
North Enid town,OK
North Fairfield village,OH
North Fond du Lac village,WI
North Freedom village,WI
North Haledon borough,NJ
North Hampton village,OH
North Haven village,NY
North Henderson village,IL
North High Shoals town,GA
North Hills town,WV
North Hills village,NY
North Hodge village,LA
North Hornell village,NY
North Hudson village,WI
North Irwin borough,PA
North Johns town,AL
North Judson town,IN
North Kansas City city,MO
North Kingsville village,OH
North Las Vegas city,NV
North Lauderdale city,FL
North Lewisburg village,OH
North Liberty city,IA
North Liberty town,IN
North Lilbourn village,MO
North Little Rock city,AR
North Logan city,UT
North Loup village,NE
North Manchester town,IN
North Mankato city,MN
North Miami Beach city,FL
North Miami city,FL
North Miami town,OK
North Middletown city,KY
North Muskegon city,MI
North Myrtle Beach city,SC
North Newton city,KS
North Oaks city,MN
North Ogden city,UT
North Olmsted city,OH
North Palm Beach village,FL
North Pekin village,IL
North Perry village,OH
North Plainfield borough,NJ
North Plains city,OR
North Platte city,NE
North Pole city,AK
North Port city,FL
North Powder city,OR
North Prairie village,WI
North Randall village,OH
North Redington Beach town,FL
North Richland Hills city,TX
North Ridgeville city,OH
North River city,ND
North Riverside village,IL
North Robinson village,OH
North Royalton city,OH
North Salem town,IN
North Salt Lake city,UT
North Sioux City city,SD
North St. Paul city,MN
North Star village,OH
North Syracuse village,NY
North Tonawanda city,NY
North Topsail Beach town,NC
North Troy village,VT
North Utica village,IL
North Vernon city,IN
North Wales borough,PA
North Washington city,IA
North Webster town,IN
North Wildwood city,NJ
North Wilkesboro town,NC
North York borough,PA
North town,SC
Northampton borough,PA
Northampton city,MA
Northboro city,IA
Northbrook village,IL
Northern Cambria borough,PA
Northfield city,KY
Northfield city,MN
Northfield city,NJ
Northfield village,IL
Northfield village,OH
Northfork town,WV
Northglenn city,CO
Northlake city,IL
Northlake town,TX
Northmoor city,MO
Northome city,MN
Northport city,AL
Northport town,WA
Northport village,MI
Northport village,NY
Northrop city,MN
Northumberland borough,PA
Northvale borough,NJ
Northville city,MI
Northville town,SD
Northville village,NY
Northwest city,NC
Northwood city,IA
Northwood city,ND
Northwood city,OH
Northwoods city,MO
Norton Shores city,MI
Norton city,KS
Norton city,OH
Norton city,VA
Nortonville city,KS
Nortonville city,KY
Norwalk city,CA
Norwalk city,CT
Norwalk city,IA
Norwalk city,OH
Norwalk village,WI
Norway city,IA
Norway city,MI
Norway town,SC
Norwich city,CT
Norwich city,KS
Norwich city,NY
Norwich village,OH
Norwood Court town,MO
Norwood Young America city,MN
Norwood borough,NJ
Norwood borough,PA
Norwood city,GA
Norwood city,KY
Norwood city,MO
Norwood city,OH
Norwood town,CO
Norwood town,NC
Norwood village,IL
Norwood village,LA
Norwood village,NY
Notasulga town,AL
Notus city,ID
Novato city,CA
Novelty village,MO
Novi city,MI
Novice city,TX
Novinger city,MO
Nowata city,OK
Nowthen city,MN
Noxapater town,MS
Nuangola borough,PA
Nucla town,CO
Nuiqsut city,AK
Nulato city,AK
Numa city,IA
Nunam Iqua city,AK
Nunapitchuk city,AK
Nunda town,SD
Nunda village,NY
Nunez city,GA
Nunn town,CO
Nutter Fort town,WV
Nyack village,NY
Nyssa city,OR
O'Brien city,TX
O'Donnell city,TX
O'Fallon city,IL
O'Fallon city,MO
O'Kean town,AR
O'Neill city,NE
Oacoma town,SD
Oak Brook village,IL
Oak City town,NC
Oak City town,UT
Oak Creek city,WI
Oak Creek town,CO
Oak Forest city,IL
Oak Grove Heights town,AR
Oak Grove Village village,MO
Oak Grove city,KY
Oak Grove city,MN
Oak Grove city,MO
Oak Grove town,AL
Oak Grove town,AR
Oak Grove town,LA
Oak Grove town,TX
Oak Grove village,IL
Oak Harbor city,WA
Oak Harbor village,OH
Oak Hill city,FL
Oak Hill city,KS
Oak Hill city,TN
Oak Hill city,WV
Oak Hill town,AL
Oak Hill village,OH
Oak Island town,NC
Oak Lawn village,IL
Oak Leaf city,TX
Oak Park Heights city,MN
Oak Park city,MI
Oak Park town,GA
Oak Park village,IL
Oak Point city,TX
Oak Ridge North city,TX
Oak Ridge city,TN
Oak Ridge town,MO
Oak Ridge town,NC
Oak Ridge town,TX
Oak Ridge town,TX
Oak Ridge village,LA
Oak Valley town,TX
Oak village,NE
Oakboro town,NC
Oakbrook Terrace city,IL
Oakdale borough,PA
Oakdale city,CA
Oakdale city,LA
Oakdale city,MN
Oakdale town,TN
Oakdale village,IL
Oakdale village,NE
Oakdale village,WI
Oakes city,ND
Oakesdale town,WA
Oakfield village,NY
Oakfield village,WI
Oakford village,IL
Oakhaven town,AR
Oakland Acres city,IA
Oakland City city,IN
Oakland Park city,FL
Oakland borough,NJ
Oakland borough,PA
Oakland city,CA
Oakland city,IA
Oakland city,IL
Oakland city,KY
Oakland city,MO
Oakland city,NE
Oakland city,OR
Oakland town,FL
Oakland town,MD
Oakland town,MS
Oakland town,OK
Oakland town,TN
Oakley city,CA
Oakley city,ID
Oakley city,KS
Oakley city,UT
Oakley village,MI
Oaklyn borough,NJ
Oakman town,AL
Oakmont borough,PA
Oakridge city,OR
Oaks town,OK
Oaks village,MO
Oaktown town,IN
Oakvale town,WV
Oakview village,MO
Oakville city,IA
Oakville city,WA
Oakwood Hills village,IL
Oakwood Park village,MO
Oakwood city,GA
Oakwood city,OH
Oakwood town,OK
Oakwood town,TX
Oakwood village,IL
Oakwood village,MO
Oakwood village,OH
Oakwood village,OH
Oberlin city,KS
Oberlin city,OH
Oberlin town,LA
Oberon city,ND
Obert village,NE
Obetz city,OH
Obion town,TN
Oblong village,IL
Ocala city,FL
Occoquan town,VA
Ocean Beach village,NY
Ocean Breeze town,FL
Ocean City city,NJ
Ocean City town,MD
Ocean Gate borough,NJ
Ocean Isle Beach town,NC
Ocean Ridge town,FL
Ocean Shores city,WA
Ocean Springs city,MS
Ocean View town,DE
Oceana town,WV
Oceanport borough,NJ
Oceanside city,CA
Ochelata town,OK
Ocheyedan city,IA
Ochlocknee town,GA
Ocilla city,GA
Ocoee city,FL
Oconee city,GA
Oconee village,IL
Oconomowoc Lake village,WI
Oconomowoc city,WI
Oconto Falls city,WI
Oconto city,WI
Oconto village,NE
Octa village,OH
Octavia village,NE
Odebolt city,IA
Odell village,IL
Odell village,NE
Odem city,TX
Oden town,AR
Odenville city,AL
Odessa city,MN
Odessa city,MO
Odessa city,TX
Odessa town,DE
Odessa town,WA
Odessa village,NY
Odin city,MN
Odin village,IL
Odon town,IN
Odum city,GA
Oelrichs town,SD
Oelwein city,IA
Offerle city,KS
Offerman city,GA
Ogallala city,NE
Ogden Dunes town,IN
Ogden city,AR
Ogden city,IA
Ogden city,KS
Ogden city,UT
Ogden village,IL
Ogdensburg borough,NJ
Ogdensburg city,NY
Ogdensburg village,WI
Ogema city,MN
Ogilvie city,MN
Oglesby city,IL
Oglesby city,TX
Oglethorpe city,GA
Ohatchee town,AL
Ohio City village,OH
Ohio village,IL
Ohiopyle borough,PA
Ohioville borough,PA
Ohiowa village,NE
Ohlman village,IL
Oil City city,PA
Oil City town,LA
Oil Trough town,AR
Oilton city,OK
Ojai city,CA
Okabena city,MN
Okanogan city,WA
Okarche town,OK
Okawville village,IL
Okay town,OK
Okeechobee city,FL
Okeene town,OK
Okemah city,OK
Oketo city,KS
Oklahoma City city,OK
Oklahoma borough,PA
Oklee city,MN
Okmulgee city,OK
Okoboji city,IA
Okolona city,MS
Okolona town,AR
Oktaha town,OK
Ola city,AR
Olanta town,SC
Olar town,SC
Olathe city,KS
Olathe town,CO
Old Appleton town,MO
Old Bennington village,VT
Old Brookville village,NY
Old Brownsboro Place city,KY
Old Field village,NY
Old Forge borough,PA
Old Fort town,NC
Old Harbor city,AK
Old Mill Creek village,IL
Old Monroe city,MO
Old Ripley village,IL
Old River-Winfree city,TX
Old Shawneetown village,IL
Old Tappan borough,NJ
Old Town city,ME
Old Washington village,OH
Old Westbury village,NY
Oldenburg town,IN
Oldham city,SD
Olds city,IA
Oldsmar city,FL
Oldtown city,ID
Olean city,NY
Olean town,MO
Olin city,IA
Olive Branch city,MS
Olive Hill city,KY
Oliver Springs town,TN
Oliver city,GA
Oliver village,WI
Olivet city,KS
Olivet city,MI
Olivet town,SD
Olivette city,MO
Olivia city,MN
Olla town,LA
Ollie city,IA
Olmitz city,KS
Olmos Park city,TX
Olmsted Falls city,OH
Olmsted village,IL
Olney Springs town,CO
Olney city,IL
Olney city,TX
Olpe city,KS
Olsburg city,KS
Olton city,TX
Olustee town,OK
Olympia Fields village,IL
Olympia city,WA
Olympian Village city,MO
Olyphant borough,PA
Omaha city,NE
Omaha city,TX
Omaha town,AR
Omaha village,IL
Omak city,WA
Omega city,GA
Omer city,MI
Omro city,WI
Onaga city,KS
Onaka town,SD
Onalaska city,TX
Onalaska city,WI
Onamia city,MN
Onancock town,VA
Onarga village,IL
Onawa city,IA
Onaway city,ID
Onaway city,MI
Oneida Castle village,NY
Oneida city,IL
Oneida city,KS
Oneida city,NY
Oneida town,TN
Onekama village,MI
Oneonta city,AL
Oneonta city,NY
Ong village,NE
Onida city,SD
Onley town,VA
Onslow city,IA
Onsted village,MI
Ontario city,CA
Ontario city,OH
Ontario city,OR
Ontario village,WI
Ontonagon village,MI
Onward town,IN
Onycha town,AL
Oolitic town,IN
Oologah town,OK
Oostburg village,WI
Opa-locka city,FL
Opal town,WY
Opdyke West town,TX
Opelika city,AL
Opelousas city,LA
Opheim town,MT
Ophir town,CO
Opp city,AL
Oppelo city,AR
Optima town,OK
Oquawka village,IL
Oradell borough,NJ
Oran city,MO
Orange Beach city,AL
Orange City city,FL
Orange City city,IA
Orange Cove city,CA
Orange Grove city,TX
Orange Park town,FL
Orange city,CA
Orange city,TX
Orange town,VA
Orange village,OH
Orangeburg city,SC
Orangeville borough,PA
Orangeville city,UT
Orangeville village,IL
Orangeville village,OH
Orbisonia borough,PA
Orchard City town,CO
Orchard Grass Hills city,KY
Orchard Hill town,GA
Orchard Lake Village city,MI
Orchard Park village,NY
Orchard city,IA
Orchard city,TX
Orchard village,NE
Orchid town,FL
Ord city,NE
Orderville town,UT
Ordway town,CO
Ore City city,TX
Oreana village,IL
Oregon City city,OR
Oregon city,IL
Oregon city,MO
Oregon city,OH
Oregon village,WI
Orem city,UT
Orestes town,IN
Orfordville village,WI
Orient city,IA
Orient city,IL
Orient town,SD
Oriental town,NC
Orinda city,CA
Orion village,IL
Oriska city,ND
Oriskany Falls village,NY
Oriskany village,NY
Orland Hills village,IL
Orland Park village,IL
Orland city,CA
Orland town,IN
Orlando city,FL
Orlando town,OK
Orleans city,IA
Orleans town,IN
Orleans village,NE
Orleans village,VT
Orlinda city,TN
Orme town,TN
Ormond Beach city,FL
Ormsby city,MN
Oro Valley town,AZ
Orofino city,ID
Orono city,MN
Oronoco city,MN
Oronogo city,MO
Oroville city,CA
Oroville city,WA
Orr city,MN
Orrick city,MO
Orrstown borough,PA
Orrum town,NC
Orrville city,OH
Orrville town,AL
Orting city,WA
Ortley town,SD
Ortonville city,MN
Ortonville village,MI
Orwell village,OH
Orwigsburg borough,PA
Osage Beach city,MO
Osage City city,KS
Osage city,IA
Osage town,OK
Osakis city,MN
Osawatomie city,KS
Osborn city,MO
Osborne city,KS
Osburn city,ID
Osceola Mills borough,PA
Osceola city,AR
Osceola city,IA
Osceola city,MO
Osceola city,NE
Osceola town,IN
Osceola village,WI
Osgood town,IN
Osgood village,MO
Osgood village,OH
Oshkosh city,NE
Oshkosh city,WI
Oskaloosa city,IA
Oskaloosa city,KS
Oslo city,MN
Osmond city,NE
Osnabrock city,ND
Osseo city,MN
Osseo city,WI
Ossian city,IA
Ossian town,IN
Ossining village,NY
Ossipee town,NC
Osterdock city,IA
Ostrander city,MN
Ostrander village,OH
Oswayo borough,PA
Oswego city,KS
Oswego city,NY
Oswego village,IL
Osyka town,MS
Otego village,NY
Othello city,WA
Otho city,IA
Otis city,KS
Otis town,CO
Otisville village,MI
Otisville village,NY
Oto city,IA
Otoe village,NE
Otsego city,MI
Otsego city,MN
Ottawa Hills village,OH
Ottawa city,IL
Ottawa city,KS
Ottawa village,OH
Otter Creek town,FL
Otter Lake village,MI
Otterbein town,IN
Ottertail city,MN
Otterville city,MO
Otterville town,IL
Ottosen city,IA
Ottoville village,OH
Ottumwa city,IA
Otway village,OH
Ouray city,CO
Outlook town,MT
Ouzinkie city,AK
Overbrook city,KS
Overland Park city,KS
Overland city,MO
Overly city,ND
Overton city,TX
Overton village,NE
Ovid city,MI
Ovid town,CO
Ovid village,NY
Oviedo city,FL
Ovilla city,TX
Owaneco village,IL
Owasa city,IA
Owasso city,OK
Owatonna city,MN
Owego village,NY
Owen city,WI
Owendale village,MI
Owens Cross Roads city,AL
Owensboro city,KY
Owensville city,MO
Owensville town,IN
Owensville village,OH
Owenton city,KY
Owingsville city,KY
Owosso city,MI
Oxbow city,ND
Oxford Junction city,IA
Oxford borough,PA
Oxford city,AL
Oxford city,AR
Oxford city,GA
Oxford city,IA
Oxford city,ID
Oxford city,KS
Oxford city,MS
Oxford city,NC
Oxford city,OH
Oxford town,IN
Oxford town,MD
Oxford village,MI
Oxford village,NE
Oxford village,NY
Oxford village,WI
Oxnard city,CA
Oyens city,IA
Oyster Bay Cove village,NY
Oyster Creek city,TX
Ozan town,AR
Ozark city,AL
Ozark city,AR
Ozark city,MO
Ozawkie city,KS
Pace town,MS
Pachuta town,MS
Pacific Grove city,CA
Pacific Junction city,IA
Pacific city,MO
Pacific city,WA
Pacifica city,CA
Packwood city,IA
Pacolet town,SC
Paddock Lake village,WI
Paden City city,WV
Paden town,OK
Paden village,MS
Paducah city,KY
Paducah town,TX
Page city,AZ
Page city,ND
Page village,NE
Pagedale city,MO
Pageland town,SC
Pagosa Springs town,CO
Pahokee city,FL
Painesville city,OH
Paint Rock town,AL
Paint Rock town,TX
Paint borough,PA
Painted Post village,NY
Painter town,VA
Paintsville city,KY
Paisley city,OR
Palacios city,TX
Palatine Bridge village,NY
Palatine village,IL
Palatka city,FL
Palco city,KS
Palermo city,ND
Palestine city,AR
Palestine city,TX
Palestine village,IL
Palestine village,OH
Palisade city,MN
Palisade town,CO
Palisade village,NE
Palisades Park borough,NJ
Palisades village,TX
Palm Bay city,FL
Palm Beach Gardens city,FL
Palm Beach Shores town,FL
Palm Beach town,FL
Palm Coast city,FL
Palm Desert city,CA
Palm Shores town,FL
Palm Springs city,CA
Palm Springs village,FL
Palm Valley city,TX
Palmdale city,CA
Palmer Lake town,CO
Palmer Town city,MA
Palmer city,AK
Palmer city,IA
Palmer city,KS
Palmer town,TN
Palmer town,TX
Palmer village,IL
Palmer village,NE
Palmerton borough,PA
Palmetto Bay village,FL
Palmetto city,FL
Palmetto city,GA
Palmetto village,LA
Palmhurst city,TX
Palmview city,TX
Palmyra borough,NJ
Palmyra borough,PA
Palmyra city,MO
Palmyra town,IN
Palmyra village,IL
Palmyra village,NE
Palmyra village,NY
Palmyra village,WI
Palo Alto borough,PA
Palo Alto city,CA
Palo city,IA
Palos Heights city,IL
Palos Hills city,IL
Palos Park village,IL
Palos Verdes Estates city,CA
Palouse city,WA
Pampa city,TX
Pamplico town,SC
Pamplin City town,VA
Pana city,IL
Panama City Beach city,FL
Panama City city,FL
Panama city,IA
Panama town,OK
Panama village,IL
Panama village,NE
Panama village,NY
Pandora village,OH
Pangburn city,AR
Panguitch city,UT
Panhandle town,TX
Panola village,IL
Panora city,IA
Panorama Park city,IA
Panorama Village city,TX
Pantego town,NC
Pantego town,TX
Paola city,KS
Paoli town,CO
Paoli town,IN
Paoli town,OK
Paonia town,CO
Papillion city,NE
Papineau village,IL
Parachute town,CO
Paradise Hill town,OK
Paradise Valley town,AZ
Paradise city,KS
Paradise city,TX
Paradise town,CA
Paradise town,UT
Paragon town,IN
Paragonah town,UT
Paragould city,AR
Paramount city,CA
Paramus borough,NJ
Parchment city,MI
Pardeeville village,WI
Paris city,AR
Paris city,ID
Paris city,IL
Paris city,KY
Paris city,MO
Paris city,TN
Paris city,TX
Parish village,NY
Park City city,IL
Park City city,KS
Park City city,KY
Park City city,UT
Park Falls city,WI
Park Forest village,IL
Park Hills city,KY
Park Hills city,MO
Park Rapids city,MN
Park Ridge borough,NJ
Park Ridge city,IL
Park Ridge village,WI
Park River city,ND
Park city,KS
Parkdale city,AR
Parkdale village,MO
Parker City town,IN
Parker city,FL
Parker city,ID
Parker city,KS
Parker city,PA
Parker city,SD
Parker city,TX
Parker town,AZ
Parker town,CO
Parker's Crossroads city,TN
Parkerfield city,KS
Parkers Prairie city,MN
Parkersburg city,IA
Parkersburg city,WV
Parkersburg village,IL
Parkerville city,KS
Parkesburg borough,PA
Parkin city,AR
Parkland city,FL
Parks village,LA
Parkside borough,PA
Parksley town,VA
Parkston city,SD
Parksville town,SC
Parkton town,NC
Parkville city,MO
Parkway Village city,KY
Parkway village,MO
Parlier city,CA
Parma Heights city,OH
Parma city,ID
Parma city,MO
Parma city,OH
Parma village,MI
Parmele town,NC
Parnell city,IA
Parnell city,MO
Parowan city,UT
Parral village,OH
Parrish town,AL
Parrott town,GA
Parrottsville town,TN
Parryville borough,PA
Parshall city,ND
Parsons city,KS
Parsons city,TN
Parsons city,WV
Partridge city,KS
Pasadena Hills city,MO
Pasadena Park village,MO
Pasadena city,CA
Pasadena city,TX
Pascagoula city,MS
Pasco city,WA
Pascola village,MO
Pass Christian city,MS
Passaic city,NJ
Passaic town,MO
Patagonia town,AZ
Pataskala city,OH
Patch Grove village,WI
Patchogue village,NY
Pateros city,WA
Paterson city,NJ
Patmos town,AR
Patoka town,IN
Patoka village,IL
Paton city,IA
Patrick town,SC
Patriot town,IN
Patterson Heights borough,PA
Patterson Springs town,NC
Patterson city,AR
Patterson city,CA
Patterson city,GA
Patterson city,IA
Patterson city,LA
Patterson village,OH
Pattison city,TX
Patton Village city,TX
Patton borough,PA
Pattonsburg city,MO
Paul city,ID
Paulding village,OH
Paullina city,IA
Pauls Valley city,OK
Paulsboro borough,NJ
Pavillion town,WY
Pavo city,GA
Paw Paw town,WV
Paw Paw village,IL
Paw Paw village,MI
Pawhuska city,OK
Pawleys Island town,SC
Pawling village,NY
Pawnee City city,NE
Pawnee Rock city,KS
Pawnee city,OK
Pawnee village,IL
Pawtucket city,RI
Pax town,WV
Paxico city,KS
Paxtang borough,PA
Paxton city,IL
Paxton town,FL
Paxton village,NE
Paxville town,SC
Payette city,ID
Payne Springs town,TX
Payne village,OH
Paynesville city,MN
Paynesville village,MO
Payson city,UT
Payson town,AZ
Payson village,IL
Pe Ell town,WA
Pea Ridge city,AR
Peabody city,KS
Peabody city,MA
Peaceful Village village,MO
Peach Orchard city,AR
Peachland town,NC
Peachtree City city,GA
Peachtree Corners city,GA
Peak town,SC
Peapack and Gladstone borough,NJ
Pearisburg town,VA
Pearl City village,IL
Pearl River town,LA
Pearl city,MS
Pearl village,IL
Pearland city,TX
Pearsall city,TX
Pearson city,GA
Pease city,MN
Peaster town,TX
Pecan Gap city,TX
Pecan Hill city,TX
Pecatonica village,IL
Peck city,ID
Peck village,MI
Pecos village,NM
Peculiar city,MO
Peebles village,OH
Peekskill city,NY
Peetz town,CO
Peever town,SD
Pegram town,TN
Pekin city,IL
Pekin city,ND
Pelahatchie town,MS
Peletier town,NC
Pelham Manor village,NY
Pelham city,AL
Pelham city,GA
Pelham village,NY
Pelican Bay city,TX
Pelican Rapids city,MN
Pelican city,AK
Pelion town,SC
Pell City city,AL
Pella city,IA
Pellston village,MI
Pelzer town,SC
Pemberton borough,NJ
Pemberton city,MN
Pemberville village,OH
Pembina city,ND
Pembroke Park town,FL
Pembroke Pines city,FL
Pembroke city,GA
Pembroke city,KY
Pembroke town,NC
Pembroke town,VA
Pen Argyl borough,PA
Penalosa city,KS
Penbrook borough,PA
Pender village,NE
Pendergrass town,GA
Pendleton city,OR
Pendleton town,IN
Pendleton town,SC
Pendleton village,MO
Penelope town,TX
Penermon village,MO
Peninsula village,OH
Penitas city,TX
Penn Lake Park borough,PA
Penn Yan village,NY
Penn borough,PA
Penndel borough,PA
Penney Farms town,FL
Pennington Gap town,VA
Pennington borough,NJ
Pennington town,AL
Pennock city,MN
Penns Grove borough,NJ
Pennsboro city,WV
Pennsburg borough,PA
Pennsbury Village borough,PA
Pennville town,IN
Pensacola city,FL
Pensacola town,OK
Pentwater village,MI
Peoria Heights village,IL
Peoria city,AZ
Peoria city,IL
Peoria town,OK
Peosta city,IA
Peotone village,IL
Pepin village,WI
Pepper Pike city,OH
Pequot Lakes city,MN
Peralta town,NM
Percy village,IL
Perdido Beach town,AL
Perham city,MN
Perkasie borough,PA
Perkins city,OK
Perla town,AR
Perley city,MN
Perrinton village,MI
Perris city,CA
Perry city,FL
Perry city,GA
Perry city,IA
Perry city,KS
Perry city,MI
Perry city,MO
Perry city,OK
Perry city,UT
Perry town,AR
Perry town,SC
Perry village,IL
Perry village,NY
Perry village,OH
Perryopolis borough,PA
Perrysburg city,OH
Perrysville town,IN
Perrysville village,OH
Perryton city,TX
Perrytown town,AR
Perryville city,AR
Perryville city,KY
Perryville city,MO
Perryville town,MD
Persia city,IA
Perth Amboy city,NJ
Perth city,ND
Peru city,IL
Peru city,IN
Peru city,KS
Peru city,NE
Peshtigo city,WI
Pesotum village,IL
Petal city,MS
Petaluma city,CA
Petersburg borough,PA
Petersburg city,IL
Petersburg city,IN
Petersburg city,MI
Petersburg city,ND
Petersburg city,TX
Petersburg city,VA
Petersburg city,WV
Petersburg town,TN
Petersburg village,NE
Peterson city,IA
Peterson city,MN
Peterstown town,WV
Petoskey city,MI
Petrey town,AL
Petrolia borough,PA
Petrolia city,TX
Petronila city,TX
Pettibone city,ND
Pevely city,MO
Pewamo village,MI
Pewaukee city,WI
Pewaukee village,WI
Pewee Valley city,KY
Pflugerville city,TX
Pharr city,TX
Phelps village,NY
Phenix City city,AL
Phenix town,VA
Phil Campbell town,AL
Philadelphia city,MS
Philadelphia city,PA
Philadelphia city,TN
Philadelphia village,NY
Philip city,SD
Philippi city,WV
Philipsburg borough,PA
Philipsburg town,MT
Phillips city,WI
Phillips town,OK
Phillips village,NE
Phillipsburg city,KS
Phillipsburg town,NJ
Phillipsburg village,MO
Phillipsburg village,OH
Phillipstown village,IL
Philmont village,NY
Philo village,IL
Philo village,OH
Philomath city,OR
Phoenix city,AZ
Phoenix city,OR
Phoenix village,IL
Phoenix village,NY
Phoenixville borough,PA
Picayune city,MS
Pick City city,ND
Pickens city,SC
Pickens town,MS
Pickensville town,AL
Pickering city,MO
Pickerington city,OH
Pickrell village,NE
Pickstown town,SD
Pico Rivera city,CA
Picture Rocks borough,PA
Piedmont city,AL
Piedmont city,CA
Piedmont city,MO
Piedmont city,OK
Piedmont city,SD
Piedmont town,WV
Pierce City city,MO
Pierce city,ID
Pierce city,NE
Pierce town,CO
Pierceton town,IN
Piermont village,NY
Pierpont town,SD
Pierpont village,MO
Pierre city,SD
Pierron village,IL
Pierson city,IA
Pierson town,FL
Pierson village,MI
Pierz city,MN
Pigeon Falls village,WI
Pigeon Forge city,TN
Pigeon village,MI
Piggott city,AR
Pike Road city,AL
Piketon village,OH
Pikeville city,KY
Pikeville city,TN
Pikeville town,NC
Pilger village,NE
Pillager city,MN
Pillow borough,PA
Pillsbury city,ND
Pilot Grove city,MO
Pilot Knob city,MO
Pilot Mound city,IA
Pilot Mountain town,NC
Pilot Point city,AK
Pilot Point city,TX
Pilot Rock city,OR
Pilot Station city,AK
Pima town,AZ
Pinckard town,AL
Pinckney village,MI
Pinckneyville city,IL
Pinconning city,MI
Pindall town,AR
Pine Apple town,AL
Pine Beach borough,NJ
Pine Bluff city,AR
Pine Bluffs town,WY
Pine City city,MN
Pine Forest city,TX
Pine Grove borough,PA
Pine Grove town,WV
Pine Haven town,WY
Pine Hill borough,NJ
Pine Hill town,AL
Pine Island city,MN
Pine Island town,TX
Pine Knoll Shores town,NC
Pine Lake city,GA
Pine Lawn city,MO
Pine Level town,NC
Pine Mountain town,GA
Pine Prairie village,LA
Pine Ridge town,AL
Pine Ridge town,SC
Pine River city,MN
Pine Springs city,MN
Pine Village town,IN
Pinebluff town,NC
Pinecrest village,FL
Pinedale town,WY
Pinehurst city,GA
Pinehurst city,ID
Pinehurst city,TX
Pinehurst village,NC
Pineland city,TX
Pinellas Park city,FL
Pinesdale town,MT
Pinetop-Lakeside town,AZ
Pinetops town,NC
Pineview town,GA
Pineville city,KY
Pineville city,LA
Pineville city,MO
Pineville town,AR
Pineville town,NC
Pineville town,WV
Pinewood town,SC
Piney Point Village city,TX
Pingree Grove village,IL
Pingree city,ND
Pink Hill town,NC
Pink town,OK
Pinole city,CA
Pinson city,AL
Pioneer Village city,KY
Pioneer village,LA
Pioneer village,OH
Piper City village,IL
Piperton city,TN
Pipestone city,MN
Pippa Passes city,KY
Piqua city,OH
Pisek city,ND
Pisgah city,IA
Pisgah town,AL
Pismo Beach city,CA
Pitcairn borough,PA
Pitkin town,CO
Pitman borough,NJ
Pitsburg village,OH
Pittman Center town,TN
Pitts city,GA
Pittsboro town,IN
Pittsboro town,NC
Pittsboro village,MS
Pittsburg city,CA
Pittsburg city,KS
Pittsburg city,TX
Pittsburg town,OK
Pittsburg village,IL
Pittsburgh city,PA
Pittsfield city,IL
Pittsfield city,MA
Pittsford village,NY
Pittston city,PA
Pittsville city,WI
Pittsville town,MD
Placentia city,CA
Placerville city,CA
Placerville city,ID
Plain City city,UT
Plain City village,OH
Plain Dealing town,LA
Plain village,WI
Plainfield city,IA
Plainfield city,NJ
Plainfield town,IN
Plainfield village,IL
Plainfield village,OH
Plainfield village,WI
Plains city,GA
Plains city,KS
Plains town,MT
Plains town,TX
Plainview city,AR
Plainview city,MN
Plainview city,NE
Plainview city,TN
Plainview city,TX
Plainville city,GA
Plainville city,KS
Plainville town,IN
Plainville village,IL
Plainwell city,MI
Plandome Heights village,NY
Plandome Manor village,NY
Plandome village,NY
Plankinton city,SD
Plano city,IA
Plano city,IL
Plano city,TX
Plant City city,FL
Plantation city,FL
Plantation city,KY
Plantersville city,TX
Plantersville town,MS
Plaquemine city,LA
Platea borough,PA
Platinum city,AK
Plato city,MN
Plato village,MO
Platte Center village,NE
Platte City city,MO
Platte Woods city,MO
Platte city,SD
Platteville city,WI
Platteville town,CO
Plattsburg city,MO
Plattsburgh city,NY
Plattsmouth city,NE
Plattville village,IL
Plaucheville village,LA
Plaza city,ND
Pleak village,TX
Pleasant City village,OH
Pleasant Dale village,NE
Pleasant Garden town,NC
Pleasant Grove city,AL
Pleasant Grove city,UT
Pleasant Groves town,AL
Pleasant Hill city,CA
Pleasant Hill city,IA
Pleasant Hill city,MO
Pleasant Hill town,TN
Pleasant Hill village,IL
Pleasant Hill village,LA
Pleasant Hill village,OH
Pleasant Hills borough,PA
Pleasant Hope city,MO
Pleasant Plain city,IA
Pleasant Plain village,OH
Pleasant Plains town,AR
Pleasant Plains village,IL
Pleasant Prairie village,WI
Pleasant Ridge city,MI
Pleasant Valley city,MO
Pleasant Valley city,WV
Pleasant Valley town,TX
Pleasant View city,TN
Pleasant View city,UT
Pleasanton city,CA
Pleasanton city,IA
Pleasanton city,KS
Pleasanton city,TX
Pleasanton village,NE
Pleasantville borough,PA
Pleasantville borough,PA
Pleasantville city,IA
Pleasantville city,NJ
Pleasantville village,NY
Pleasantville village,OH
Pleasureville city,KY
Plentywood city,MT
Plevna city,KS
Plevna town,MT
Plover city,IA
Plover village,WI
Plum Branch town,SC
Plum City village,WI
Plum Grove city,TX
Plum Springs city,KY
Plum borough,PA
Plumerville city,AR
Plummer city,ID
Plummer city,MN
Plumville borough,PA
Plymouth borough,PA
Plymouth city,CA
Plymouth city,IA
Plymouth city,IN
Plymouth city,MI
Plymouth city,MN
Plymouth city,WI
Plymouth town,NC
Plymouth town,UT
Plymouth village,IL
Plymouth village,NE
Plymouth village,OH
Poca town,WV
Pocahontas city,AR
Pocahontas city,IA
Pocahontas town,MO
Pocahontas town,VA
Pocahontas village,IL
Pocasset town,OK
Pocatello city,ID
Pocola town,OK
Pocomoke City city,MD
Poetry town,TX
Point Arena city,CA
Point Blank city,TX
Point Comfort city,TX
Point Hope city,AK
Point Marion borough,PA
Point Pleasant Beach borough,NJ
Point Pleasant borough,NJ
Point Pleasant city,WV
Point Venture village,TX
Point city,TX
Poland village,NY
Poland village,OH
Polk City city,IA
Polk City town,FL
Polk borough,PA
Polk village,NE
Polk village,OH
Polkton town,NC
Polkville city,NC
Polkville town,MS
Pollard city,AR
Pollard town,AL
Pollock town,LA
Pollock town,SD
Pollock village,MO
Pollocksville town,NC
Polo city,IL
Polo city,MO
Polson city,MT
Pomaria town,SC
Pomeroy city,IA
Pomeroy city,WA
Pomeroy village,OH
Pomona Park town,FL
Pomona city,CA
Pomona city,KS
Pomona village,NY
Pompano Beach city,FL
Pompton Lakes borough,NJ
Ponca City city,OK
Ponca city,NE
Ponce Inlet town,FL
Ponce de Leon town,FL
Poncha Springs town,CO
Ponchatoula city,LA
Pond Creek city,OK
Ponder town,TX
Ponderay city,ID
Poneto town,IN
Pontiac city,IL
Pontiac city,MI
Pontoon Beach village,IL
Pontoosuc village,IL
Pontotoc city,MS
Pooler city,GA
Poolesville town,MD
Pope village,MS
Popejoy city,IA
Poplar Bluff city,MO
Poplar Grove village,IL
Poplar Hills city,KY
Poplar city,MT
Poplar village,WI
Poplarville city,MS
Poquoson city,VA
Poquott village,NY
Port Alexander city,AK
Port Allegany borough,PA
Port Allen city,LA
Port Angeles city,WA
Port Aransas city,TX
Port Arthur city,TX
Port Austin village,MI
Port Barre town,LA
Port Barrington village,IL
Port Byron village,IL
Port Byron village,NY
Port Carbon borough,PA
Port Chester village,NY
Port Clinton borough,PA
Port Clinton city,OH
Port Deposit town,MD
Port Dickinson village,NY
Port Edwards village,WI
Port Gibson city,MS
Port Heiden city,AK
Port Hope village,MI
Port Hueneme city,CA
Port Huron city,MI
Port Isabel city,TX
Port Jefferson village,NY
Port Jefferson village,OH
Port Jervis city,NY
Port Lavaca city,TX
Port Leyden village,NY
Port Lions city,AK
Port Matilda borough,PA
Port Neches city,TX
Port Orange city,FL
Port Orchard city,WA
Port Orford city,OR
Port Republic city,NJ
Port Richey city,FL
Port Royal borough,PA
Port Royal town,SC
Port Royal town,VA
Port Sanilac village,MI
Port St. Joe city,FL
Port St. Lucie city,FL
Port Tobacco Village town,MD
Port Townsend city,WA
Port Vincent village,LA
Port Vue borough,PA
Port Washington North village,NY
Port Washington city,WI
Port Washington village,OH
Port Wentworth city,GA
Port William village,OH
Portage Des Sioux city,MO
Portage borough,PA
Portage city,IN
Portage city,MI
Portage city,WI
Portage town,UT
Portage village,OH
Portageville city,MO
Portal city,ND
Portal town,GA
Portales city,NM
Porter city,MN
Porter town,IN
Porter town,OK
Porterdale city,GA
Portersville borough,PA
Porterville city,CA
Portia town,AR
Portis city,KS
Portland borough,PA
Portland city,AR
Portland city,IN
Portland city,ME
Portland city,MI
Portland city,ND
Portland city,OR
Portland city,TN
Portland city,TX
Portola Valley town,CA
Portola city,CA
Portsmouth city,IA
Portsmouth city,NH
Portsmouth city,OH
Portsmouth city,VA
Portville village,NY
Porum town,OK
Posen village,IL
Posen village,MI
Poseyville town,IN
Post Falls city,ID
Post Oak Bend city,TX
Post city,TX
Postville city,IA
Poteau city,OK
Poteet city,TX
Poth town,TX
Potlatch city,ID
Potomac village,IL
Potosi city,MO
Potosi village,WI
Potsdam village,NY
Potsdam village,OH
Pottawattamie Park town,IN
Potter village,NE
Potter village,WI
Potterville city,MI
Potts Camp town,MS
Pottsboro town,TX
Pottstown borough,PA
Pottsville city,AR
Pottsville city,PA
Potwin city,KS
Poughkeepsie city,NY
Poulan city,GA
Poulsbo city,WA
Poultney village,VT
Pound town,VA
Pound village,WI
Poway city,CA
Powder Springs city,GA
Powderly city,KY
Powell city,OH
Powell city,WY
Powell town,AL
Powell town,TX
Powells Crossroads town,TN
Powellsville town,NC
Powers Lake city,ND
Powers city,OR
Powers village,MI
Powersville village,MO
Powhatan Point village,OH
Powhatan town,AR
Powhatan village,LA
Powhattan city,KS
Poyen town,AR
Poynette village,WI
Poynor town,TX
Prague city,OK
Prague village,NE
Prairie City city,IA
Prairie City city,OR
Prairie City village,IL
Prairie Farm village,WI
Prairie Grove city,AR
Prairie Grove village,IL
Prairie Home city,MO
Prairie Rose city,ND
Prairie View city,KS
Prairie View city,TX
Prairie Village city,KS
Prairie du Chien city,WI
Prairie du Rocher village,IL
Prairie du Sac village,WI
Prairieburg city,IA
Prathersville village,MO
Pratt city,KS
Pratt town,WV
Prattsville town,AR
Prattville city,AL
Premont city,TX
Prentice village,WI
Prentiss town,MS
Prescott Valley town,AZ
Prescott city,AR
Prescott city,AZ
Prescott city,IA
Prescott city,KS
Prescott city,OR
Prescott city,WA
Prescott city,WI
Prescott village,MI
Presho city,SD
Presidio city,TX
Presque Isle city,ME
Preston city,IA
Preston city,ID
Preston city,KS
Preston city,MN
Preston town,MD
Preston village,MO
Prestonsburg city,KY
Prestonville city,KY
Pretty Prairie city,KS
Price city,UT
Priceville city,AL
Prichard city,AL
Priest River city,ID
Primera town,TX
Primghar city,IA
Primrose village,NE
Prince's Lakes town,IN
Princess Anne town,MD
Princeton,NJ
Princeton city,IA
Princeton city,IL
Princeton city,IN
Princeton city,KS
Princeton city,KY
Princeton city,MN
Princeton city,MO
Princeton city,TX
Princeton city,WI
Princeton city,WV
Princeton town,NC
Princeville town,NC
Princeville village,IL
Prineville city,OR
Pringle borough,PA
Pringle town,SD
Prinsburg city,MN
Prior Lake city,MN
Pritchett town,CO
Proctor city,MN
Proctorville town,NC
Proctorville village,OH
Progreso Lakes city,TX
Progreso city,TX
Promise City city,IA
Prompton borough,PA
Prophetstown city,IL
Prospect Heights city,IL
Prospect Park borough,NJ
Prospect Park borough,PA
Prospect borough,PA
Prospect city,KY
Prospect village,OH
Prosper town,TX
Prosperity town,SC
Prosser city,WA
Prosser village,NE
Protection city,KS
Protivin city,IA
Provencal village,LA
Providence Village town,TX
Providence city,KY
Providence city,RI
Providence city,UT
Providence town,AL
Provo city,UT
Prue town,OK
Pryor Creek city,OK
Puckett village,MS
Pueblo city,CO
Pukwana town,SD
Pulaski city,IA
Pulaski city,TN
Pulaski town,GA
Pulaski town,VA
Pulaski village,IL
Pulaski village,NY
Pulaski village,WI
Pullman city,WA
Pullman town,WV
Punta Gorda city,FL
Punxsutawney borough,PA
Purcell city,MO
Purcell city,OK
Purcellville town,VA
Purdin city,MO
Purdy city,MO
Purvis city,MS
Puryear city,TN
Put-in-Bay village,OH
Putnam town,OK
Putnam town,TX
Puxico city,MO
Puyallup city,WA
Pyatt town,AR
Pyote town,TX
Quaker City village,OH
Quakertown borough,PA
Quamba city,MN
Quanah city,TX
Quantico town,VA
Quapaw town,OK
Quarryville borough,PA
Quartzsite town,AZ
Quasqueton city,IA
Queen Anne town,MD
Queen City city,MO
Queen City city,TX
Queen Creek town,AZ
Queenstown town,MD
Quenemo city,KS
Questa village,NM
Quimby city,IA
Quinby town,SC
Quincy city,FL
Quincy city,IL
Quincy city,MA
Quincy city,WA
Quincy village,MI
Quincy village,OH
Quinhagak city,AK
Quinlan city,TX
Quinn town,SD
Quintana town,TX
Quinter city,KS
Quinton town,OK
Quinwood town,WV
Quitaque city,TX
Quitman city,AR
Quitman city,GA
Quitman city,MS
Quitman city,TX
Quitman village,LA
Qulin city,MO
Quogue village,NY
Raceland city,KY
Racine city,MN
Racine city,WI
Racine village,OH
Radcliff city,KY
Radcliffe city,IA
Radford city,VA
Radisson village,WI
Radium city,KS
Radom village,IL
Raeford city,NC
Ragan village,NE
Ragland town,AL
Rahway city,NJ
Raiford town,FL
Railroad borough,PA
Rainbow City city,AL
Rainelle town,WV
Rainier city,OR
Rainier city,WA
Rainsburg borough,PA
Rainsville city,AL
Rake city,IA
Raleigh city,NC
Raleigh town,MS
Raleigh village,IL
Ralls city,TX
Ralston city,IA
Ralston city,NE
Ralston town,OK
Ramah town,CO
Ramer city,TN
Ramey borough,PA
Ramona city,KS
Ramona town,OK
Ramona town,SD
Ramseur town,NC
Ramsey borough,NJ
Ramsey city,MN
Ramsey village,IL
Ranburne town,AL
Ranchester town,WY
Rancho Cordova city,CA
Rancho Cucamonga city,CA
Rancho Mirage city,CA
Rancho Palos Verdes city,CA
Rancho Santa Margarita city,CA
Rancho Viejo town,TX
Randalia city,IA
Randall city,IA
Randall city,KS
Randall city,MN
Randleman city,NC
Randlett town,OK
Randolph Town city,MA
Randolph city,IA
Randolph city,KS
Randolph city,MN
Randolph city,NE
Randolph town,UT
Randolph village,MO
Randolph village,WI
Random Lake village,WI
Rangely town,CO
Ranger city,TX
Ranier city,MN
Rankin borough,PA
Rankin city,TX
Rankin village,IL
Ranlo town,NC
Ransom Canyon town,TX
Ransom city,KS
Ransom village,IL
Ranson corporation,WV
Rantoul city,KS
Rantoul village,IL
Rapid City city,SD
Rapids City village,IL
Rarden village,OH
Raritan borough,NJ
Raritan village,IL
Ratcliff city,AR
Rathbun city,IA
Rathdrum city,ID
Ratliff City town,OK
Raton city,NM
Rattan town,OK
Ravena village,NY
Ravenden Springs town,AR
Ravenden town,AR
Ravenel town,SC
Ravenna city,KY
Ravenna city,NE
Ravenna city,OH
Ravenna city,TX
Ravenna village,MI
Ravenswood city,WV
Ravenwood town,MO
Ravia town,OK
Ravinia town,SD
Rawlins city,WY
Rawson village,OH
Ray City city,GA
Ray city,ND
Rayland village,OH
Rayle town,GA
Raymer (New Raymer) town,CO
Raymond city,IA
Raymond city,KS
Raymond city,MN
Raymond city,MS
Raymond city,WA
Raymond town,SD
Raymond village,IL
Raymond village,NE
Raymond village,WI
Raymondville city,TX
Raymondville town,MO
Raymore city,MO
Rayne city,LA
Raynham town,NC
Raytown city,MO
Rayville town,LA
Raywick city,KY
Rea city,MO
Reading city,KS
Reading city,MI
Reading city,OH
Reading city,PA
Readlyn city,IA
Readstown village,WI
Reardan town,WA
Reasnor city,IA
Rebecca town,GA
Rector city,AR
Red Bank borough,NJ
Red Bank city,TN
Red Bay city,AL
Red Bluff city,CA
Red Boiling Springs city,TN
Red Bud city,IL
Red Cliff town,CO
Red Cloud city,NE
Red Creek village,NY
Red Cross town,NC
Red Hill borough,PA
Red Hook village,NY
Red Lake Falls city,MN
Red Level town,AL
Red Lick city,TX
Red Lion borough,PA
Red Lodge city,MT
Red Oak city,IA
Red Oak city,TX
Red Oak town,NC
Red Oak town,OK
Red River town,NM
Red Rock town,OK
Red Springs town,NC
Red Wing city,MN
Redbird town,OK
Reddick town,FL
Reddick village,IL
Redding city,CA
Redding city,IA
Redfield city,AR
Redfield city,IA
Redfield city,KS
Redfield city,SD
Redgranite village,WI
Redings Mill village,MO
Redington Beach town,FL
Redington Shores town,FL
Redkey town,IN
Redlands city,CA
Redmon village,IL
Redmond city,OR
Redmond city,WA
Redmond town,UT
Redondo Beach city,CA
Redwater city,TX
Redwood City city,CA
Redwood Falls city,MN
Ree Heights town,SD
Reece City town,AL
Reed City city,MI
Reed town,AR
Reeder city,ND
Reedley city,CA
Reeds Spring city,MO
Reeds town,MO
Reedsburg city,WI
Reedsport city,OR
Reedsville town,WV
Reedsville village,WI
Reedy town,WV
Reese village,MI
Reeseville village,WI
Reeves village,LA
Reevesville town,SC
Reform town,AL
Refugio town,TX
Regal city,MN
Regan city,ND
Regent city,ND
Register town,GA
Rehobeth town,AL
Rehoboth Beach city,DE
Reidsville city,GA
Reidsville city,NC
Reidville town,SC
Reile's Acres city,ND
Reinbeck city,IA
Reklaw city,TX
Reliance town,SD
Rembrandt city,IA
Remer city,MN
Remerton city,GA
Reminderville city,OH
Remington town,IN
Remington town,VA
Remsen city,IA
Remsen village,NY
Renfrow town,OK
Renick village,MO
Rennert town,NC
Reno city,NV
Reno city,TX
Reno city,TX
Renova town,MS
Renovo borough,PA
Rensselaer Falls village,NY
Rensselaer city,IN
Rensselaer city,NY
Rensselaer village,MO
Rentiesville town,OK
Renton city,WA
Rentz city,GA
Renville city,MN
Renwick city,IA
Repton town,AL
Republic city,KS
Republic city,MO
Republic city,WA
Republic village,OH
Republican City village,NE
Resaca town,GA
Reserve city,KS
Reserve village,NM
Rest Haven town,GA
Retreat town,TX
Reubens city,ID
Revere city,MA
Revere city,MN
Revere town,MO
Revillo town,SD
Rewey village,WI
Rexburg city,ID
Rexford city,KS
Rexford town,MT
Reydon town,OK
Reyno city,AR
Reynolds city,GA
Reynolds city,ND
Reynolds town,IN
Reynolds village,IL
Reynolds village,NE
Reynoldsburg city,OH
Reynoldsville borough,PA
Rhame city,ND
Rhine town,GA
Rhinebeck village,NY
Rhineland town,MO
Rhinelander city,WI
Rhodes city,IA
Rhodhiss town,NC
Rhome city,TX
Rialto city,CA
Rib Lake village,WI
Rib Mountain village,WI
Rice Lake city,MN
Rice Lake city,WI
Rice city,MN
Rice city,TX
Riceboro city,GA
Rices Landing borough,PA
Riceville city,IA
Rich Creek town,VA
Rich Hill city,MO
Rich Square town,NC
Richards town,MO
Richardson city,TX
Richardton city,ND
Richburg town,SC
Richburg village,NY
Richey town,MT
Richfield Springs village,NY
Richfield city,ID
Richfield city,KS
Richfield city,MN
Richfield city,UT
Richfield town,NC
Richfield village,OH
Richfield village,WI
Richland Center city,WI
Richland Hills city,TX
Richland Springs town,TX
Richland borough,PA
Richland city,GA
Richland city,IA
Richland city,MO
Richland city,MS
Richland city,OR
Richland city,WA
Richland town,IN
Richland town,TX
Richland village,MI
Richland village,NE
Richlands town,NC
Richlands town,VA
Richlandtown borough,PA
Richlawn city,KY
Richmond Heights city,MO
Richmond Heights city,OH
Richmond Hill city,GA
Richmond city,CA
Richmond city,IN
Richmond city,KS
Richmond city,KY
Richmond city,MI
Richmond city,MN
Richmond city,MO
Richmond city,TX
Richmond city,UT
Richmond city,VA
Richmond village,IL
Richmond village,LA
Richmond village,OH
Richmondville village,NY
Richton Park village,IL
Richton town,MS
Richview village,IL
Richville city,MN
Richville village,NY
Richwood city,TX
Richwood city,WV
Richwood town,LA
Richwood village,OH
Rickardsville city,IA
Ricketts city,IA
Rico town,CO
Riddle city,OR
Riddleville town,GA
Ridge Farm village,IL
Ridge Spring town,SC
Ridgecrest city,CA
Ridgecrest town,LA
Ridgefield Park village,NJ
Ridgefield borough,NJ
Ridgefield city,WA
Ridgeland city,MS
Ridgeland town,SC
Ridgeland village,WI
Ridgeley town,WV
Ridgely town,MD
Ridgely town,TN
Ridgely village,MO
Ridgeside city,TN
Ridgetop city,TN
Ridgeville town,AL
Ridgeville town,IN
Ridgeville town,SC
Ridgeway city,IA
Ridgeway city,MO
Ridgeway town,SC
Ridgeway town,VA
Ridgeway village,OH
Ridgeway village,WI
Ridgewood village,NJ
Ridgway borough,PA
Ridgway town,CO
Ridgway village,IL
Ridley Park borough,PA
Ridott village,IL
Riegelsville borough,PA
Rienzi town,MS
Riesel city,TX
Rifle city,CO
Rigby city,ID
Riggins city,ID
Riley city,KS
Riley town,IN
Rimersburg borough,PA
Rinard city,IA
Rincon city,GA
Ringgold city,GA
Ringgold town,LA
Ringling town,OK
Ringsted city,IA
Ringtown borough,PA
Ringwood borough,NJ
Ringwood town,OK
Ringwood village,IL
Rio Bravo city,TX
Rio Communities city,NM
Rio Dell city,CA
Rio Grande City city,TX
Rio Grande village,OH
Rio Hondo city,TX
Rio Rancho city,NM
Rio Vista city,CA
Rio Vista city,TX
Rio village,IL
Rio village,WI
Ripley city,MS
Ripley city,TN
Ripley city,WV
Ripley town,OK
Ripley village,IL
Ripley village,OH
Ripon city,CA
Ripon city,WI
Rippey city,IA
Ririe city,ID
Risco city,MO
Rising City village,NE
Rising Star town,TX
Rising Sun city,IN
Rising Sun town,MD
Risingsun village,OH
Rison city,AR
Ritchey town,MO
Rittman city,OH
Ritzville city,WA
River Bend town,NC
River Bend village,MO
River Bluff city,KY
River Edge borough,NJ
River Falls city,WI
River Falls town,AL
River Forest town,IN
River Forest village,IL
River Grove village,IL
River Heights city,UT
River Hills village,WI
River Oaks city,TX
River Rouge city,MI
Riverbank city,CA
Riverdale Park town,MD
Riverdale borough,NJ
Riverdale city,GA
Riverdale city,IA
Riverdale city,ND
Riverdale city,UT
Riverdale village,IL
Riverdale village,NE
Rivergrove city,OR
Riverlea village,OH
Riverside borough,PA
Riverside city,AL
Riverside city,CA
Riverside city,IA
Riverside city,MO
Riverside city,OH
Riverside city,TX
Riverside town,WA
Riverside town,WY
Riverside village,IL
Riverside village,NY
Riverton borough,NJ
Riverton city,IA
Riverton city,MN
Riverton city,UT
Riverton city,WY
Riverton village,IL
Riverton village,NE
Riverview Estates village,MO
Riverview city,MI
Riverview town,AL
Riverview village,MO
Riverwood city,KY
Riverwoods village,IL
Rives town,MO
Rives town,TN
Rivesville town,WV
Riviera Beach city,FL
Roachdale town,IN
Road Runner town,TX
Roaming Shores village,OH
Roann town,IN
Roanoke Rapids city,NC
Roanoke city,AL
Roanoke city,TX
Roanoke city,VA
Roanoke town,IN
Roanoke village,IL
Roaring Spring borough,PA
Roaring Springs town,TX
Robards city,KY
Robbins town,NC
Robbins village,IL
Robbinsdale city,MN
Robbinsville town,NC
Robeline village,LA
Robersonville town,NC
Robert Lee city,TX
Roberta city,GA
Roberts city,ID
Roberts village,IL
Roberts village,WI
Robertsdale city,AL
Robesonia borough,PA
Robins city,IA
Robinson city,IL
Robinson city,KS
Robinson city,ND
Robinson city,TX
Robstown city,TX
Roby city,TX
Roca village,NE
Rochelle city,GA
Rochelle city,IL
Rocheport city,MO
Rochester Hills city,MI
Rochester borough,PA
Rochester city,IN
Rochester city,KY
Rochester city,MI
Rochester city,MN
Rochester city,NH
Rochester city,NY
Rochester town,TX
Rochester village,IL
Rochester village,OH
Rochester village,WI
Rock City village,IL
Rock Creek city,MN
Rock Creek village,OH
Rock Falls city,IA
Rock Falls city,IL
Rock Hall town,MD
Rock Hill city,MO
Rock Hill city,SC
Rock Island city,IL
Rock Island city,WA
Rock Island town,OK
Rock Port city,MO
Rock Rapids city,IA
Rock River town,WY
Rock Springs city,WY
Rock Springs village,WI
Rock Valley city,IA
Rockaway Beach city,MO
Rockaway Beach city,OR
Rockaway borough,NJ
Rockbridge village,IL
Rockdale city,TX
Rockdale village,IL
Rockdale village,WI
Rockford city,IA
Rockford city,IL
Rockford city,MI
Rockford city,MN
Rockford city,TN
Rockford town,AL
Rockford town,WA
Rockford village,OH
Rockham town,SD
Rockhill borough,PA
Rockingham city,NC
Rocklake city,ND
Rockland city,ID
Rockland city,ME
Rockland village,WI
Rockledge borough,PA
Rockledge city,FL
Rockleigh borough,NJ
Rocklin city,CA
Rockmart city,GA
Rockport city,AR
Rockport city,IN
Rockport city,KY
Rockport city,TX
Rocksprings town,TX
Rockton village,IL
Rockvale town,CO
Rockville Centre village,NY
Rockville city,MD
Rockville city,MN
Rockville city,MO
Rockville town,IN
Rockville town,SC
Rockville town,UT
Rockville village,NE
Rockwall city,TX
Rockwell City city,IA
Rockwell city,IA
Rockwell town,NC
Rockwood borough,PA
Rockwood city,MI
Rockwood city,TN
Rockwood village,IL
Rocky Ford city,CO
Rocky Ford town,GA
Rocky Hill borough,NJ
Rocky Mound town,TX
Rocky Mount city,NC
Rocky Mount town,VA
Rocky Ridge town,UT
Rocky Ridge village,OH
Rocky Ripple town,IN
Rocky River city,OH
Rocky Top city,TN
Rocky town,OK
Rodessa village,LA
Rodman city,IA
Rodney city,IA
Roe town,AR
Roeland Park city,KS
Roff town,OK
Rogers City city,MI
Rogers city,AR
Rogers city,MN
Rogers city,ND
Rogers town,TX
Rogers village,NE
Rogers village,OH
Rogersville city,MO
Rogersville town,AL
Rogersville town,TN
Rogue River city,OR
Rohnert Park city,CA
Roland city,IA
Roland town,OK
Rolesville town,NC
Rolette city,ND
Rolfe city,IA
Rolla city,KS
Rolla city,MO
Rolla city,ND
Rolling Fields city,KY
Rolling Fork city,MS
Rolling Hills Estates city,CA
Rolling Hills city,CA
Rolling Hills city,KY
Rolling Hills town,WY
Rolling Meadows city,IL
Rollingstone city,MN
Rollingwood city,TX
Roma city,TX
Roman Forest city,TX
Rome City town,IN
Rome borough,PA
Rome city,GA
Rome city,IA
Rome city,NY
Romeo town,CO
Romeo village,MI
Romeoville village,IL
Romney city,WV
Romulus city,MI
Ronan city,MT
Ronceverte city,WV
Ronda town,NC
Rondo town,AR
Roodhouse city,IL
Roopville town,GA
Roosevelt Park city,MI
Roosevelt borough,NJ
Roosevelt city,MN
Roosevelt city,UT
Roosevelt town,OK
Roper town,NC
Ropesville city,TX
Rosa town,AL
Rosalia town,WA
Rosalie village,NE
Roscoe borough,PA
Roscoe city,MN
Roscoe city,SD
Roscoe city,TX
Roscoe village,IL
Roscoe village,MO
Roscommon village,MI
Rose Bud town,AR
Rose City city,MI
Rose City city,TX
Rose Creek city,MN
Rose Hill Acres city,TX
Rose Hill city,IA
Rose Hill city,KS
Rose Hill town,NC
Rose Hill village,IL
Rose Valley borough,PA
Roseau city,MN
Roseboro town,NC
Rosebud city,MO
Rosebud city,TX
Roseburg city,OR
Rosebush village,MI
Rosedale city,MS
Rosedale town,IN
Rosedale town,OK
Rosedale village,LA
Roseland borough,NJ
Roseland city,KS
Roseland town,IN
Roseland town,LA
Roseland village,NE
Roselle Park borough,NJ
Roselle borough,NJ
Roselle village,IL
Rosemead city,CA
Rosemont village,IL
Rosemont village,MD
Rosemount city,MN
Rosenberg city,TX
Rosendale city,MO
Rosendale village,WI
Rosepine town,LA
Roseto borough,PA
Roseville borough,PA
Roseville city,CA
Roseville city,MI
Roseville city,MN
Roseville village,IL
Roseville village,OH
Rosholt town,SD
Rosholt village,WI
Rosiclare city,IL
Roslyn Estates village,NY
Roslyn Harbor village,NY
Roslyn city,WA
Roslyn town,SD
Roslyn village,NY
Rosman town,NC
Ross city,ND
Ross city,TX
Ross town,CA
Rossburg village,OH
Rosser village,TX
Rossford city,OH
Rossie city,IA
Rosslyn Farms borough,PA
Rosston town,AR
Rosston town,OK
Rossville city,GA
Rossville city,KS
Rossville town,IN
Rossville town,TN
Rossville village,IL
Roswell city,GA
Roswell city,NM
Roswell village,OH
Rotan city,TX
Rothbury village,MI
Rothsay city,MN
Rothschild village,WI
Rothville village,MO
Round Hill town,VA
Round Lake Beach village,IL
Round Lake Heights village,IL
Round Lake Park village,IL
Round Lake city,MN
Round Lake village,IL
Round Lake village,NY
Round Mountain town,TX
Round Rock city,TX
Round Top town,TX
Roundup city,MT
Rouses Point village,NY
Rouseville borough,PA
Rowan city,IA
Rowesville town,SC
Rowland town,NC
Rowlesburg town,WV
Rowlett city,TX
Rowley city,IA
Roxana village,IL
Roxboro city,NC
Roxie town,MS
Roxobel town,NC
Roxton city,TX
Roy city,UT
Roy city,WA
Roy village,NM
Royal Center town,IN
Royal City city,WA
Royal Lakes village,IL
Royal Oak city,MI
Royal Palm Beach village,FL
Royal city,IA
Royal village,IL
Royal village,NE
Royalton borough,PA
Royalton city,MN
Royalton village,IL
Royersford borough,PA
Royse City city,TX
Royston city,GA
Rozel city,KS
Ruby city,AK
Ruby town,SC
Rudd city,IA
Rudolph village,WI
Rudy town,AR
Rufus city,OR
Rugby city,ND
Ruidoso Downs city,NM
Ruidoso village,NM
Rule town,TX
Ruleville city,MS
Rulo village,NE
Ruma village,IL
Rumson borough,NJ
Runaway Bay city,TX
Runge town,TX
Runnells city,IA
Runnemede borough,NJ
Rupert city,ID
Rupert town,WV
Rural Hall town,NC
Rural Retreat town,VA
Rural Valley borough,PA
Rush Center city,KS
Rush City city,MN
Rush Hill village,MO
Rush Springs town,OK
Rush Valley town,UT
Rushford Village city,MN
Rushford city,MN
Rushmore city,MN
Rushsylvania village,OH
Rushville city,IL
Rushville city,IN
Rushville city,NE
Rushville village,MO
Rushville village,NY
Rushville village,OH
Rusk city,TX
Ruskin village,NE
Ruso city,ND
Russell Gardens village,NY
Russell Springs city,KS
Russell Springs city,KY
Russell city,IA
Russell city,KS
Russell city,KY
Russell city,MN
Russell town,AR
Russells Point village,OH
Russellville city,AL
Russellville city,AR
Russellville city,KY
Russellville city,MO
Russellville town,IN
Russellville village,IL
Russellville village,OH
Russia village,OH
Russian Mission city,AK
Russiaville town,IN
Ruston city,LA
Ruston city,WA
Ruth town,NC
Rutherford College town,NC
Rutherford borough,NJ
Rutherford town,TN
Rutherfordton town,NC
Ruthton city,MN
Ruthven city,IA
Rutland city,IA
Rutland city,ND
Rutland city,VT
Rutland village,IL
Rutland village,OH
Rutledge borough,PA
Rutledge city,GA
Rutledge city,MN
Rutledge town,AL
Rutledge town,MO
Rutledge town,TN
Ryan city,IA
Ryan town,OK
Ryder city,ND
Rye Brook village,NY
Rye city,NY
Rye town,CO
Ryegate town,MT
Ryland Heights city,KY
S.N.P.J. borough,PA
Sabetha city,KS
Sabin city,MN
Sabina village,OH
Sabinal city,TX
Sabula city,IA
Sac City city,IA
Sachse city,TX
Sackets Harbor village,NY
Saco city,ME
Saco town,MT
Sacramento city,CA
Sacramento city,KY
Sacred Heart city,MN
Saddle River borough,NJ
Saddle Rock village,NY
Saddlebrooke village,MO
Sadieville city,KY
Sadler city,TX
Sadorus village,IL
Saegertown borough,PA
Safety Harbor city,FL
Safford city,AZ
Sag Harbor village,NY
Sagaponack village,NY
Sageville city,IA
Saginaw city,MI
Saginaw city,TX
Saginaw village,MO
Saguache town,CO
Sahuarita town,AZ
Sailor Springs village,IL
Salado village,TX
Salamanca city,NY
Salamonia town,IN
Sale City city,GA
Salem Lakes village,WI
Salem city,AR
Salem city,IA
Salem city,IL
Salem city,IN
Salem city,KY
Salem city,MA
Salem city,MO
Salem city,NJ
Salem city,OH
Salem city,OR
Salem city,SD
Salem city,UT
Salem city,VA
Salem city,WV
Salem town,SC
Salem village,NE
Salemburg town,NC
Salesville city,AR
Salida city,CO
Salina city,KS
Salina city,UT
Salina town,OK
Salinas city,CA
Saline city,MI
Saline village,LA
Salineville village,OH
Salisbury borough,PA
Salisbury city,MD
Salisbury city,MO
Salisbury city,NC
Salix city,IA
Salladasburg borough,PA
Salley town,SC
Sallis town,MS
Sallisaw city,OK
Salmon city,ID
Salt Lake City city,UT
Salt Lick city,KY
Saltaire village,NY
Saltillo borough,PA
Saltillo city,MS
Saltillo town,IN
Saltillo town,TN
Saltsburg borough,PA
Saltville town,VA
Saluda city,NC
Saluda town,SC
Salyersville city,KY
Samburg town,TN
Sammamish city,WA
Sammons Point village,IL
Samson town,AL
San Angelo city,TX
San Anselmo town,CA
San Antonio city,FL
San Antonio city,TX
San Augustine city,TX
San Benito city,TX
San Bernardino city,CA
San Bruno city,CA
San Buenaventura (Ventura) city,CA
San Carlos city,CA
San Clemente city,CA
San Diego city,CA
San Diego city,TX
San Dimas city,CA
San Elizario city,TX
San Felipe town,TX
San Fernando city,CA
San Francisco city,CA
San Gabriel city,CA
San Jacinto city,CA
San Joaquin city,CA
San Jon village,NM
San Jose city,CA
San Jose village,IL
San Juan Bautista city,CA
San Juan Capistrano city,CA
San Juan city,TX
San Leandro city,CA
San Leanna village,TX
San Luis Obispo city,CA
San Luis city,AZ
San Luis town,CO
San Marcos city,CA
San Marcos city,TX
San Marino city,CA
San Mateo city,CA
San Pablo city,CA
San Patricio city,TX
San Perlita city,TX
San Rafael city,CA
San Ramon city,CA
San Saba city,TX
San Ysidro village,NM
Sanborn city,IA
Sanborn city,MN
Sanborn city,ND
Sanctuary town,TX
Sand City city,CA
Sand Fork town,WV
Sand Lake village,MI
Sand Point city,AK
Sand Rock town,AL
Sand Springs city,OK
Sandborn town,IN
Sanders city,KY
Sandersville city,GA
Sandersville town,MS
Sandoval village,IL
Sandpoint city,ID
Sands Point village,NY
Sandstone city,MN
Sandusky city,MI
Sandusky city,OH
Sandwich city,IL
Sandy Creek town,NC
Sandy Creek village,NY
Sandy Hook city,KY
Sandy Lake borough,PA
Sandy Oaks city,TX
Sandy Point city,TX
Sandy Springs city,GA
Sandy city,OR
Sandy city,UT
Sandyfield town,NC
Sandyville city,IA
Sanford city,FL
Sanford city,ME
Sanford city,NC
Sanford town,AL
Sanford town,CO
Sanford town,TX
Sanford village,MI
Sanger city,CA
Sanger city,TX
Sanibel city,FL
Sankertown borough,PA
Sansom Park city,TX
Santa Ana city,CA
Santa Anna town,TX
Santa Barbara city,CA
Santa Clara city,CA
Santa Clara city,TX
Santa Clara city,UT
Santa Clara village,NM
Santa Clarita city,CA
Santa Claus city,GA
Santa Claus town,IN
Santa Cruz city,CA
Santa Fe Springs city,CA
Santa Fe city,NM
Santa Fe city,TX
Santa Maria city,CA
Santa Monica city,CA
Santa Paula city,CA
Santa Rosa city,CA
Santa Rosa city,NM
Santa Rosa town,TX
Santaquin city,UT
Santee city,CA
Santee town,SC
Santee village,NE
Sapulpa city,OK
Sarahsville village,OH
Saraland city,AL
Saranac Lake village,NY
Saranac village,MI
Sarasota city,FL
Saratoga Springs city,NY
Saratoga Springs city,UT
Saratoga city,CA
Saratoga town,IN
Saratoga town,NC
Saratoga town,WY
Sarcoxie city,MO
Sardinia village,OH
Sardis City town,AL
Sardis city,GA
Sardis city,KY
Sardis town,MS
Sardis town,TN
Sarepta town,LA
Sargeant city,MN
Sargent city,NE
Sarles city,ND
Saronville village,NE
Sartell city,MN
Sasakwa town,OK
Sasser town,GA
Satanta city,KS
Satartia village,MS
Satellite Beach city,FL
Satsuma city,AL
Saugatuck city,MI
Saugerties village,NY
Sauget village,IL
Sauk Centre city,MN
Sauk City village,WI
Sauk Rapids city,MN
Sauk Village village,IL
Saukville village,WI
Saulsbury town,TN
Sault Ste. Marie city,MI
Saunemin village,IL
Sausalito city,CA
Savage city,MN
Savanna city,IL
Savanna town,OK
Savannah city,GA
Savannah city,MO
Savannah city,TN
Savannah village,OH
Savona village,NY
Savonburg city,KS
Savoonga city,AK
Savoy city,TX
Savoy village,IL
Sawmills town,NC
Sawpit town,CO
Sawyer city,KS
Sawyer city,ND
Sawyer town,OK
Sawyerville village,IL
Saxis town,VA
Saxman city,AK
Saxonburg borough,PA
Saxton borough,PA
Saxtons River village,VT
Saybrook village,IL
Sayre borough,PA
Sayre city,OK
Sayreville borough,NJ
Scales Mound village,IL
Scalp Level borough,PA
Scammon Bay city,AK
Scammon city,KS
Scandia city,KS
Scandia city,MN
Scandinavia village,WI
Scanlon city,MN
Scappoose city,OR
Scarsdale village,NY
Scarville city,IA
Schaghticoke village,NY
Schaller city,IA
Schaumburg village,IL
Schell City city,MO
Schellsburg borough,PA
Schenectady city,NY
Schererville town,IN
Schertz city,TX
Schiller Park village,IL
Schlater town,MS
Schleswig city,IA
Schneider town,IN
Schoenchen city,KS
Schofield city,WI
Schoharie village,NY
Schoolcraft village,MI
Schram City village,IL
Schulenburg city,TX
Schulter town,OK
Schuyler city,NE
Schuylerville village,NY
Schuylkill Haven borough,PA
Schwenksville borough,PA
Science Hill city,KY
Scio city,OR
Scio village,OH
Sciota village,IL
Scipio town,UT
Scobey city,MT
Scofield town,UT
Scooba town,MS
Scotia town,SC
Scotia village,NE
Scotia village,NY
Scotland Neck town,NC
Scotland city,GA
Scotland city,SD
Scotland city,TX
Scotsdale town,MO
Scott City city,KS
Scott City city,MO
Scott city,LA
Scott village,OH
Scottdale borough,PA
Scotts Hill town,TN
Scotts Mills city,OR
Scotts Valley city,CA
Scottsbluff city,NE
Scottsboro city,AL
Scottsburg city,IN
Scottsburg town,VA
Scottsdale city,AZ
Scottsville city,KS
Scottsville city,KY
Scottsville city,TX
Scottsville town,VA
Scottsville village,NY
Scottville city,MI
Scottville village,IL
Scranton city,AR
Scranton city,IA
Scranton city,KS
Scranton city,ND
Scranton city,PA
Scranton town,SC
Screven city,GA
Scribner city,NE
Scurry town,TX
Sea Bright borough,NJ
Sea Cliff village,NY
Sea Girt borough,NJ
Sea Isle City city,NJ
Sea Ranch Lakes village,FL
SeaTac city,WA
Seaboard town,NC
Seabrook Island town,SC
Seabrook city,TX
Seadrift city,TX
Seaford city,DE
Seaforth city,MN
Seagoville city,TX
Seagraves city,TX
Seagrove town,NC
Seal Beach city,CA
Sealy city,TX
Seaman village,OH
Searcy city,AR
Searsboro city,IA
Seaside Heights borough,NJ
Seaside Park borough,NJ
Seaside city,CA
Seaside city,OR
Seat Pleasant city,MD
Seaton village,IL
Seatonville village,IL
Seattle city,WA
Sebastian city,FL
Sebastopol city,CA
Sebastopol town,MS
Sebeka city,MN
Sebewaing village,MI
Sebree city,KY
Sebring city,FL
Sebring village,OH
Secaucus town,NJ
Secor village,IL
Secretary town,MD
Section town,AL
Sedalia city,MO
Sedalia town,NC
Sedan city,KS
Sedan city,MN
Sedgewickville village,MO
Sedgwick city,KS
Sedgwick town,AR
Sedgwick town,CO
Sedona city,AZ
Sedro-Woolley city,WA
Seelyville town,IN
Seguin city,TX
Seibert town,CO
Seiling city,OK
Selah city,WA
Selawik city,AK
Selby city,SD
Selbyville town,DE
Selden city,KS
Seldovia city,AK
Selfridge city,ND
Seligman city,MO
Selinsgrove borough,PA
Sellers town,SC
Sellersburg town,IN
Sellersville borough,PA
Selma city,AL
Selma city,CA
Selma city,TX
Selma town,IN
Selma town,NC
Selmer town,TN
Seminary town,MS
Seminole city,FL
Seminole city,OK
Seminole city,TX
Semmes city,AL
Senath city,MO
Senatobia city,MS
Seneca Gardens city,KY
Seneca city,KS
Seneca city,MO
Seneca city,OR
Seneca city,SC
Seneca town,SD
Seneca village,IL
Senecaville village,OH
Senoia city,GA
Sentinel Butte city,ND
Sentinel town,OK
Sequim city,WA
Sergeant Bluff city,IA
Sesser city,IL
Seven Devils town,NC
Seven Fields borough,PA
Seven Hills city,OH
Seven Mile village,OH
Seven Oaks city,TX
Seven Points city,TX
Seven Springs borough,PA
Seven Springs town,NC
Seven Valleys borough,PA
Severance city,KS
Severance town,CO
Severn town,NC
Severy city,KS
Sevierville city,TN
Seville village,OH
Sewall's Point town,FL
Seward borough,PA
Seward city,AK
Seward city,KS
Seward city,NE
Sewickley Heights borough,PA
Sewickley Hills borough,PA
Sewickley borough,PA
Seymour city,IA
Seymour city,IN
Seymour city,MO
Seymour city,TX
Seymour city,WI
Shabbona village,IL
Shade Gap borough,PA
Shadeland town,IN
Shady Cove city,OR
Shady Dale town,GA
Shady Point town,OK
Shady Shores town,TX
Shadyside village,OH
Shafer city,MN
Shafter city,CA
Shageluk city,AK
Shaker Heights city,OH
Shakopee city,MN
Shaktoolik city,AK
Shalimar town,FL
Shallotte town,NC
Shallowater city,TX
Shambaugh city,IA
Shamokin Dam borough,PA
Shamokin city,PA
Shamrock Lakes town,IN
Shamrock city,TX
Shaniko city,OR
Shanksville borough,PA
Shannon City city,IA
Shannon Hills city,AR
Shannon town,MS
Shannon village,IL
Sharon Hill borough,PA
Sharon Springs city,KS
Sharon Springs village,NY
Sharon city,GA
Sharon city,KS
Sharon city,ND
Sharon city,PA
Sharon town,OK
Sharon town,SC
Sharon town,TN
Sharon village,WI
Sharonville city,OH
Sharpsburg borough,PA
Sharpsburg city,IA
Sharpsburg city,KY
Sharpsburg town,GA
Sharpsburg town,MD
Sharpsburg town,NC
Sharpsville borough,PA
Sharpsville town,IN
Sharptown town,MD
Shasta Lake city,CA
Shattuck town,OK
Shavano Park city,TX
Shaw city,MS
Shawano city,WI
Shawnee Hills village,OH
Shawnee city,KS
Shawnee city,OK
Shawnee village,OH
Shawneetown city,IL
Sheakleyville borough,PA
Sheboygan Falls city,WI
Sheboygan city,WI
Sheffield Lake city,OH
Sheffield city,AL
Sheffield city,IA
Sheffield village,IL
Sheffield village,OH
Shelbina city,MO
Shelburn town,IN
Shelby city,IA
Shelby city,MS
Shelby city,MT
Shelby city,NC
Shelby city,OH
Shelby village,MI
Shelby village,NE
Shelbyville city,IL
Shelbyville city,IN
Shelbyville city,KY
Shelbyville city,MO
Shelbyville city,TN
Sheldahl city,IA
Sheldon city,IA
Sheldon city,MO
Sheldon city,ND
Sheldon village,IL
Sheldon village,WI
Shell Lake city,WI
Shell Rock city,IA
Shelley city,ID
Shellman city,GA
Shellsburg city,IA
Shelly city,MN
Shelocta borough,PA
Shelton city,CT
Shelton city,WA
Shelton village,NE
Shenandoah borough,PA
Shenandoah city,IA
Shenandoah city,TX
Shenandoah town,VA
Shepherd city,TX
Shepherd village,MI
Shepherdstown town,WV
Shepherdsville city,KY
Sherburn city,MN
Sherburne village,NY
Sheridan Lake town,CO
Sheridan city,AR
Sheridan city,CO
Sheridan city,OR
Sheridan city,WY
Sheridan town,IN
Sheridan town,MO
Sheridan town,MT
Sheridan village,IL
Sheridan village,MI
Sherman city,TX
Sherman town,MS
Sherman town,SD
Sherman village,IL
Sherman village,NY
Sherrard village,IL
Sherrill city,IA
Sherrill city,NY
Sherrill town,AR
Sherrodsville village,OH
Sherwood city,AR
Sherwood city,ND
Sherwood city,OR
Sherwood village,MI
Sherwood village,OH
Sherwood village,WI
Shevlin city,MN
Sheyenne city,ND
Shickley village,NE
Shickshinny borough,PA
Shidler city,OK
Shillington borough,PA
Shiloh borough,NJ
Shiloh city,GA
Shiloh town,AL
Shiloh village,IL
Shiloh village,OH
Shiner city,TX
Shinglehouse borough,PA
Shinnston city,WV
Shiocton village,WI
Ship Bottom borough,NJ
Shipman town,IL
Shippensburg borough,PA
Shippenville borough,PA
Shippingport borough,PA
Shipshewana town,IN
Shiremanstown borough,PA
Shirley town,AR
Shirley town,IN
Shirleysburg borough,PA
Shishmaref city,AK
Shively city,KY
Shoal Creek Drive village,MO
Shoal Creek Estates village,MO
Shoals town,IN
Shoemakersville borough,PA
Sholes village,NE
Shongaloo village,LA
Shoreacres city,TX
Shoreham village,MI
Shoreham village,NY
Shoreline city,WA
Shoreview city,MN
Shorewood Hills village,WI
Shorewood city,MN
Shorewood village,IL
Shorewood village,WI
Shorter town,AL
Shortsville village,NY
Shoshone city,ID
Shoshoni town,WY
Show Low city,AZ
Shreve village,OH
Shreveport city,LA
Shrewsbury borough,NJ
Shrewsbury borough,PA
Shrewsbury city,MO
Shubert village,NE
Shubuta town,MS
Shueyville city,IA
Shullsburg city,WI
Shumway village,IL
Shungnak city,AK
Shuqualak town,MS
Sibley city,IA
Sibley city,ND
Sibley town,LA
Sibley village,IL
Sibley village,MO
Sicily Island village,LA
Sidell village,IL
Sidney city,IA
Sidney city,MT
Sidney city,NE
Sidney city,OH
Sidney town,AR
Sidney town,IN
Sidney village,IL
Sidney village,NY
Sidon town,MS
Sierra Madre city,CA
Sierra Vista city,AZ
Sigel town,IL
Signal Hill city,CA
Signal Mountain town,TN
Sigourney city,IA
Sigurd town,UT
Sikes village,LA
Sikeston city,MO
Silas town,AL
Siler City town,NC
Silerton town,TN
Siletz city,OR
Silex city,MO
Silo town,OK
Siloam Springs city,AR
Siloam town,GA
Silsbee city,TX
Silt town,CO
Silver Bay city,MN
Silver City city,IA
Silver City town,MS
Silver City town,NM
Silver Cliff town,CO
Silver Creek town,MS
Silver Creek village,NE
Silver Creek village,NY
Silver Grove city,KY
Silver Lake city,KS
Silver Lake city,MN
Silver Lake town,IN
Silver Lake village,OH
Silver Plume town,CO
Silver Springs village,NY
Silverdale borough,PA
Silverhill town,AL
Silverstreet town,SC
Silverthorne town,CO
Silverton city,OR
Silverton city,TX
Silverton town,CO
Silverton village,OH
Silvis city,IL
Simi Valley city,CA
Simla town,CO
Simmesport town,LA
Simonton city,TX
Simpson city,KS
Simpson village,IL
Simpson village,LA
Simpson village,NC
Simpsonville city,KY
Simpsonville city,SC
Sims town,NC
Sims village,IL
Simsboro village,LA
Sinai town,SD
Sinclair town,WY
Sinclairville village,NY
Sinking Spring borough,PA
Sinking Spring village,OH
Sinton city,TX
Sioux Center city,IA
Sioux City city,IA
Sioux Falls city,SD
Sioux Rapids city,IA
Sipsey town,AL
Siren village,WI
Sisseton city,SD
Sister Bay village,WI
Sisters city,OR
Sistersville city,WV
Sitka city and borough,AK
Six Mile town,SC
Skaneateles village,NY
Skedee town,OK
Skellytown town,TX
Skiatook city,OK
Skidmore city,MO
Skokie village,IL
Sky Valley city,GA
Skykomish town,WA
Skyline city,MN
Skyline town,AL
Slate Springs village,MS
Slater city,IA
Slater city,MO
Slatington borough,PA
Slaton city,TX
Slaughter Beach town,DE
Slaughter town,LA
Slaughters city,KY
Slaughterville town,OK
Slayden town,TN
Slayton city,MN
Sledge town,MS
Sleepy Eye city,MN
Sleepy Hollow village,IL
Sleepy Hollow village,NY
Slick town,OK
Slidell city,LA
Sligo borough,PA
Slinger village,WI
Slippery Rock borough,PA
Sloan city,IA
Sloan village,NY
Sloatsburg village,NY
Slocomb city,AL
Smackover city,AR
Smelterville city,ID
Smethport borough,PA
Smicksburg borough,PA
Smiley city,TX
Smith Center city,KS
Smith Village town,OK
Smithboro village,IL
Smithers city,WV
Smithfield borough,PA
Smithfield city,KY
Smithfield city,UT
Smithfield town,NC
Smithfield town,VA
Smithfield town,WV
Smithfield village,IL
Smithfield village,NE
Smithland city,IA
Smithland city,KY
Smiths Grove city,KY
Smiths Station city,AL
Smithsburg town,MD
Smithton borough,PA
Smithton city,MO
Smithton village,IL
Smithville city,GA
Smithville city,MO
Smithville city,TN
Smithville city,TX
Smithville town,AR
Smithville town,MS
Smithville village,OH
Smoaks town,SC
Smolan city,KS
Smyer town,TX
Smyrna city,GA
Smyrna town,DE
Smyrna town,SC
Smyrna town,TN
Smyrna village,NY
Snead town,AL
Sneads town,FL
Sneedville town,TN
Snelling town,SC
Snellville city,GA
Snohomish city,WA
Snook city,TX
Snoqualmie city,WA
Snow Hill town,MD
Snow Hill town,NC
Snow Lake Shores town,MS
Snow Shoe borough,PA
Snowflake town,AZ
Snowmass Village town,CO
Snowville town,UT
Snyder city,OK
Snyder city,TX
Snyder village,NE
Snydertown borough,PA
Soap Lake city,WA
Sobieski city,MN
Social Circle city,GA
Society Hill town,SC
Socorro city,NM
Socorro city,TX
Soda Springs city,ID
Sodaville city,OR
Soddy-Daisy city,TN
Sodus Point village,NY
Sodus village,NY
Solana Beach city,CA
Soldier city,IA
Soldier city,KS
Soldiers Grove village,WI
Soldotna city,AK
Soledad city,CA
Solen city,ND
Solomon city,KS
Solon Springs village,WI
Solon city,IA
Solon city,OH
Solvang city,CA
Solvay village,NY
Solway city,MN
Somerdale borough,NJ
Somers Point city,NJ
Somers city,IA
Somers village,WI
Somerset borough,PA
Somerset city,KY
Somerset city,TX
Somerset town,MD
Somerset village,OH
Somerset village,WI
Somersworth city,NH
Somerton city,AZ
Somerville borough,NJ
Somerville city,MA
Somerville city,TX
Somerville town,AL
Somerville town,IN
Somerville town,TN
Somonauk village,IL
Sonoma city,CA
Sonora city,CA
Sonora city,KY
Sonora city,TX
Sopchoppy city,FL
Soper town,OK
Soperton city,GA
Sophia town,WV
Sorento village,IL
Sorrento town,LA
Soso town,MS
Souderton borough,PA
Sour Lake city,TX
Souris city,ND
South Amboy city,NJ
South Amherst village,OH
South Barrington village,IL
South Bay city,FL
South Beloit city,IL
South Bend city,IN
South Bend city,WA
South Bend village,NE
South Bethany town,DE
South Bethlehem borough,PA
South Bloomfield village,OH
South Blooming Grove village,NY
South Boston town,VA
South Bound Brook borough,NJ
South Burlington city,VT
South Carrollton city,KY
South Carthage town,TN
South Charleston city,WV
South Charleston village,OH
South Chicago Heights village,IL
South Cle Elum town,WA
South Coatesville borough,PA
South Coffeyville town,OK
South Congaree town,SC
South Connellsville borough,PA
South Corning village,NY
South Dayton village,NY
South Daytona city,FL
South El Monte city,CA
South Elgin village,IL
South English city,IA
South Euclid city,OH
South Floral Park village,NY
South Fork borough,PA
South Fork town,CO
South Frydek city,TX
South Fulton city,GA
South Fulton city,TN
South Gate city,CA
South Gifford village,MO
South Glens Falls village,NY
South Gorin town,MO
South Greenfield village,MO
South Greensburg borough,PA
South Haven city,KS
South Haven city,MI
South Haven city,MN
South Heart city,ND
South Heights borough,PA
South Hill town,VA
South Holland village,IL
South Houston city,TX
South Hutchinson city,KS
South Jacksonville village,IL
South Jordan city,UT
South Lake Tahoe city,CA
South Lead Hill town,AR
South Lebanon village,OH
South Lineville town,MO
South Lyon city,MI
South Mansfield village,LA
South Miami city,FL
South Milwaukee city,WI
South Mountain town,TX
South New Castle borough,PA
South Ogden city,UT
South Padre Island town,TX
South Palm Beach town,FL
South Park View city,KY
South Pasadena city,CA
South Pasadena city,FL
South Pekin village,IL
South Pittsburg city,TN
South Plainfield borough,NJ
South Point village,OH
South Portland city,ME
South Prairie town,WA
South Range village,MI
South Renovo borough,PA
South River borough,NJ
South Rockwood village,MI
South Roxana village,IL
South Russell village,OH
South Salem village,OH
South Salt Lake city,UT
South San Francisco city,CA
South Shore city,KY
South Shore town,SD
South Sioux City city,NE
South Solon village,OH
South St. Paul city,MN
South Toms River borough,NJ
South Tucson city,AZ
South Vienna village,OH
South Vinemont town,AL
South Waverly borough,PA
South Wayne village,WI
South Weber city,UT
South Webster village,OH
South Whitley town,IN
South Williamsport borough,PA
South Wilmington village,IL
South Zanesville village,OH
Southampton village,NY
Southaven city,MS
Southbridge Town city,MA
Southern Pines town,NC
Southern Shores town,NC
Southern View village,IL
Southfield city,MI
Southgate city,KY
Southgate city,MI
Southlake city,TX
Southmayd city,TX
Southmont borough,PA
Southport city,IN
Southport city,NC
Southside Place city,TX
Southside city,AL
Southside city,AR
Southwest City town,MO
Southwest Greensburg borough,PA
Southwest Ranches town,FL
Spalding village,NE
Spangle city,WA
Spanish Fork city,UT
Spanish Fort city,AL
Sparkman city,AR
Sparks city,NV
Sparks town,GA
Sparks town,OK
Sparland village,IL
Sparta city,GA
Sparta city,IL
Sparta city,KY
Sparta city,MO
Sparta city,TN
Sparta city,WI
Sparta town,NC
Sparta village,MI
Sparta village,OH
Spartanburg city,SC
Spartansburg borough,PA
Spaulding town,OK
Spaulding village,IL
Spavinaw town,OK
Spearfish city,SD
Spearman city,TX
Spearsville village,LA
Spearville city,KS
Speculator village,NY
Speed city,KS
Speed town,NC
Speedway town,IN
Speers borough,PA
Spencer city,IA
Spencer city,ID
Spencer city,OK
Spencer city,SD
Spencer city,TN
Spencer city,WV
Spencer town,IN
Spencer town,NC
Spencer village,NE
Spencer village,NY
Spencer village,OH
Spencer village,WI
Spencerport village,NY
Spencerville village,OH
Sperry town,OK
Spiceland town,IN
Spicer city,MN
Spickard city,MO
Spillertown village,IL
Spillville city,IA
Spindale town,NC
Spirit Lake city,IA
Spirit Lake city,ID
Spiritwood Lake city,ND
Spiro town,OK
Spivey city,KS
Splendora city,TX
Spofford city,TX
Spokane Valley city,WA
Spokane city,WA
Spooner city,WI
Sportsmen Acres town,OK
Spotswood borough,NJ
Sprague city,WA
Sprague village,NE
Spragueville city,IA
Spray town,OR
Spring Bay village,IL
Spring Branch city,TX
Spring City borough,PA
Spring City city,UT
Spring City town,TN
Spring Green village,WI
Spring Grove borough,PA
Spring Grove city,MN
Spring Grove town,IN
Spring Grove village,IL
Spring Hill city,IA
Spring Hill city,KS
Spring Hill city,MN
Spring Hill city,TN
Spring Hill town,IN
Spring Hope town,NC
Spring Lake Heights borough,NJ
Spring Lake Park city,MN
Spring Lake borough,NJ
Spring Lake town,IN
Spring Lake town,NC
Spring Lake village,MI
Spring Mill city,KY
Spring Park city,MN
Spring Valley Village city,TX
Spring Valley city,IL
Spring Valley city,KY
Spring Valley city,MN
Spring Valley village,NY
Spring Valley village,OH
Spring Valley village,WI
Springboro borough,PA
Springboro city,OH
Springbrook city,IA
Springbrook city,ND
Springdale borough,PA
Springdale city,AR
Springdale city,OH
Springdale town,SC
Springdale town,UT
Springdale town,WA
Springer town,NM
Springer town,OK
Springerton village,IL
Springerville town,AZ
Springfield city,FL
Springfield city,GA
Springfield city,IL
Springfield city,KY
Springfield city,MA
Springfield city,MI
Springfield city,MN
Springfield city,MO
Springfield city,NE
Springfield city,OH
Springfield city,OR
Springfield city,SD
Springfield city,TN
Springfield town,CO
Springfield town,LA
Springfield town,SC
Springhill city,LA
Springlake town,TX
Springport town,IN
Springport village,MI
Springtown city,TX
Springtown town,AR
Springview village,NE
Springville city,AL
Springville city,IA
Springville city,UT
Springville village,NY
Spruce Pine town,NC
Spur city,TX
Spurgeon town,IN
Squaw Lake city,MN
St. Albans city,VT
St. Albans city,WV
St. Ann city,MO
St. Anne village,IL
St. Ansgar city,IA
St. Anthony city,IA
St. Anthony city,ID
St. Anthony city,MN
St. Anthony city,MN
St. Augusta city,MN
St. Augustine Beach city,FL
St. Augustine city,FL
St. Augustine village,IL
St. Bernard village,OH
St. Bonifacius city,MN
St. Charles city,IA
St. Charles city,ID
St. Charles city,IL
St. Charles city,KY
St. Charles city,MN
St. Charles city,MO
St. Charles town,AR
St. Charles village,MI
St. Clair Shores city,MI
St. Clair borough,PA
St. Clair city,MI
St. Clair city,MN
St. Clair city,MO
St. Clairsville borough,PA
St. Clairsville city,OH
St. Cloud city,FL
St. Cloud city,MN
St. Cloud village,MO
St. Cloud village,WI
St. Croix Falls city,WI
St. David village,IL
St. Donatus city,IA
St. Edward city,NE
St. Elizabeth village,MO
St. Elmo city,IL
St. Florian town,AL
St. Francis city,AR
St. Francis city,KS
St. Francis city,MN
St. Francis city,WI
St. Francis town,SD
St. Francisville city,IL
St. Francisville town,LA
St. Gabriel city,LA
St. George city,AK
St. George city,KS
St. George city,UT
St. George town,SC
St. Hedwig town,TX
St. Helena city,CA
St. Helena village,NC
St. Helena village,NE
St. Helens city,OR
St. Henry village,OH
St. Hilaire city,MN
St. Ignace city,MI
St. Ignatius town,MT
St. Jacob village,IL
St. James city,MN
St. James city,MO
St. James town,NC
St. Jo city,TX
St. Joe town,AR
St. Joe town,IN
St. John city,KS
St. John city,MO
St. John city,ND
St. John town,IN
St. John town,WA
St. Johns city,AZ
St. Johns city,MI
St. Johns village,IL
St. Johnsville village,NY
St. Joseph city,MI
St. Joseph city,MN
St. Joseph city,MO
St. Joseph city,TN
St. Joseph town,LA
St. Joseph village,IL
St. Lawrence borough,PA
St. Lawrence town,SD
St. Leo city,MN
St. Leo town,FL
St. Leon town,IN
St. Libory village,IL
St. Louis Park city,MN
St. Louis city,MI
St. Louis city,MO
St. Louis town,OK
St. Louisville village,OH
St. Lucas city,IA
St. Lucie Village town,FL
St. Maries city,ID
St. Marks city,FL
St. Martin city,MN
St. Martins city,MO
St. Martinville city,LA
St. Mary city,KY
St. Mary city,MO
St. Mary's city,AK
St. Marys Point city,MN
St. Marys city,GA
St. Marys city,IA
St. Marys city,KS
St. Marys city,OH
St. Marys city,PA
St. Marys city,WV
St. Matthews city,KY
St. Matthews town,SC
St. Michael city,AK
St. Michael city,MN
St. Michaels town,MD
St. Nazianz village,WI
St. Olaf city,IA
St. Paris village,OH
St. Paul Park city,MN
St. Paul city,AK
St. Paul city,IA
St. Paul city,KS
St. Paul city,MN
St. Paul city,MO
St. Paul city,NE
St. Paul city,OR
St. Paul town,AR
St. Paul town,IN
St. Paul town,TX
St. Paul town,VA
St. Pauls town,NC
St. Pete Beach city,FL
St. Peter city,MN
St. Peter village,IL
St. Peters city,MO
St. Petersburg borough,PA
St. Petersburg city,FL
St. Regis Park city,KY
St. Robert city,MO
St. Rosa city,MN
St. Rose village,IL
St. Stephen city,MN
St. Stephen town,SC
St. Thomas city,ND
St. Thomas town,MO
St. Vincent city,MN
Stacy city,MN
Stacyville city,IA
Stafford city,KS
Stafford city,TX
Stafford village,OH
Stagecoach town,TX
Staley town,NC
Stallings town,NC
Stamford city,CT
Stamford city,TX
Stamford village,NE
Stamford village,NY
Stamping Ground city,KY
Stamps city,AR
Stanardsville town,VA
Stanberry city,MO
Standard City village,IL
Standard village,IL
Standish city,MI
Stanfield city,OR
Stanfield town,NC
Stanford city,KY
Stanford town,MT
Stanford village,IL
Stanhope borough,NJ
Stanhope city,IA
Stanley city,IA
Stanley city,ID
Stanley city,ND
Stanley city,WI
Stanley town,NC
Stanley town,VA
Stanley village,LA
Stanton city,CA
Stanton city,IA
Stanton city,KY
Stanton city,MI
Stanton city,ND
Stanton city,NE
Stanton city,TX
Stanton town,TN
Stantonsburg town,NC
Stantonville town,TN
Stanwood city,IA
Stanwood city,WA
Stanwood village,MI
Staplehurst village,NE
Staples city,MN
Staples city,TX
Stapleton city,GA
Stapleton village,NE
Star City city,AR
Star City town,WV
Star Harbor city,TX
Star Prairie village,WI
Star Valley Ranch town,WY
Star Valley town,AZ
Star city,ID
Star town,NC
Starbuck city,MN
Starbuck town,WA
Stark City town,MO
Stark city,KS
Starke city,FL
Starkville city,MS
Starkville town,CO
Starkweather city,ND
Starr town,SC
Starrucca borough,PA
State Center city,IA
State College borough,PA
State Line City town,IN
State Line city,ID
State Line town,MS
Statesboro city,GA
Statesville city,NC
Statham city,GA
Staunton city,IL
Staunton city,VA
Staunton town,IN
Stayton city,OR
Ste. Genevieve city,MO
Ste. Marie village,IL
Steamboat Rock city,IA
Steamboat Springs city,CO
Stebbins city,AK
Stedman town,NC
Steele City village,NE
Steele city,MO
Steele city,ND
Steele town,AL
Steeleville village,IL
Steelton borough,PA
Steelville city,MO
Steen city,MN
Steger village,IL
Steilacoom town,WA
Steinauer village,NE
Stella town,MO
Stella village,NE
Stem town,NC
Stephen city,MN
Stephens City town,VA
Stephens city,AR
Stephenson city,MI
Stephenville city,TX
Sterling City city,TX
Sterling Heights city,MI
Sterling city,CO
Sterling city,IL
Sterling city,KS
Sterling town,OK
Sterling town,UT
Sterling village,MI
Sterling village,NE
Sterlington town,LA
Stetsonville village,WI
Steuben village,WI
Steubenville city,OH
Stevens Point city,WI
Stevenson city,WA
Stevenson town,AL
Stevensville town,MT
Stevensville village,MI
Steward village,IL
Stewardson village,IL
Stewart Manor village,NY
Stewart city,MN
Stewartstown borough,PA
Stewartsville city,MO
Stewartville city,MN
Stickney town,SD
Stickney village,IL
Stidham town,OK
Stigler city,OK
Stilesville town,IN
Stillman Valley village,IL
Stillmore city,GA
Stillwater borough,PA
Stillwater city,MN
Stillwater city,OK
Stillwater village,NY
Stilwell city,OK
Stinesville town,IN
Stinnett city,TX
Stites city,ID
Stockbridge city,GA
Stockbridge village,MI
Stockbridge village,WI
Stockdale borough,PA
Stockdale city,TX
Stockertown borough,PA
Stockham village,NE
Stockholm town,SD
Stockholm village,WI
Stockport city,IA
Stockport village,OH
Stockton Bend city,TX
Stockton borough,NJ
Stockton city,CA
Stockton city,IA
Stockton city,KS
Stockton city,MN
Stockton city,MO
Stockton town,UT
Stockton village,IL
Stockville village,NE
Stoddard village,WI
Stokesdale town,NC
Stone Creek village,OH
Stone Harbor borough,NJ
Stone Mountain city,GA
Stone Park village,IL
Stoneboro borough,PA
Stonecrest city,GA
Stonefort village,IL
Stoneville town,NC
Stonewall town,LA
Stonewall town,MS
Stonewall town,NC
Stonewall town,OK
Stonewood city,WV
Stonington borough,CT
Stonington village,IL
Stony Creek town,VA
Storden city,MN
Storm Lake city,IA
Story City city,IA
Stotesbury town,MO
Stotts City city,MO
Stoughton city,WI
Stout city,IA
Stoutland city,MO
Stoutsville village,MO
Stoutsville village,OH
Stovall town,NC
Stover city,MO
Stow city,OH
Stoy village,IL
Stoystown borough,PA
Strafford city,MO
Strandburg town,SD
Strandquist city,MN
Strang town,OK
Strang village,NE
Strasburg borough,PA
Strasburg city,MO
Strasburg city,ND
Strasburg town,VA
Strasburg village,IL
Strasburg village,OH
Stratford borough,NJ
Stratford city,IA
Stratford city,TX
Stratford town,OK
Stratford town,SD
Stratford village,WI
Strathcona city,MN
Strathmoor Manor city,KY
Strathmoor Village city,KY
Strattanville borough,PA
Stratton town,CO
Stratton village,NE
Stratton village,OH
Straughn town,IN
Strawberry Point city,IA
Strawberry town,AR
Strawn city,TX
Strawn village,IL
Streamwood village,IL
Streator city,IL
Streeter city,ND
Streetman town,TX
Streetsboro city,OH
Stringtown town,OK
Stromsburg city,NE
Strong City city,KS
Strong City town,OK
Strong city,AR
Stronghurst village,IL
Strongsville city,OH
Stroud city,OK
Stroudsburg borough,PA
Struble city,IA
Strum village,WI
Struthers city,OH
Stryker village,OH
Stuart city,FL
Stuart city,IA
Stuart town,OK
Stuart town,VA
Stuart village,NE
Stuckey town,SC
Sturgeon Bay city,WI
Sturgeon Lake city,MN
Sturgeon city,MO
Sturgis city,KY
Sturgis city,MI
Sturgis city,SD
Sturgis town,MS
Sturtevant village,WI
Stuttgart city,AR
Suamico village,WI
Subiaco town,AR
Sublette city,KS
Sublette village,IL
Sublimity city,OR
Success town,AR
Sudan city,TX
Sudlersville town,MD
Suffern village,NY
Suffolk city,VA
Sugar Bush Knolls village,OH
Sugar City city,ID
Sugar City town,CO
Sugar Creek city,MO
Sugar Grove borough,PA
Sugar Grove village,IL
Sugar Grove village,OH
Sugar Hill city,GA
Sugar Land city,TX
Sugar Mountain village,NC
Sugar Notch borough,PA
Sugarcreek borough,PA
Sugarcreek village,OH
Sugden town,OK
Suisun City city,CA
Sulligent town,AL
Sullivan City city,TX
Sullivan city,IL
Sullivan city,IN
Sullivan city,MO
Sullivan village,WI
Sullivan's Island town,SC
Sully city,IA
Sulphur Rock town,AR
Sulphur Springs city,AR
Sulphur Springs city,TX
Sulphur Springs town,IN
Sulphur city,LA
Sulphur city,OK
Sultan city,WA
Sumas city,WA
Sumiton city,AL
Summerdale town,AL
Summerfield city,KS
Summerfield town,NC
Summerfield village,IL
Summerfield village,OH
Summerhill borough,PA
Summerset city,SD
Summersville city,MO
Summersville city,WV
Summerton town,SC
Summertown city,GA
Summerville borough,PA
Summerville city,GA
Summerville town,OR
Summerville town,SC
Summit Hill borough,PA
Summit city,AR
Summit city,NJ
Summit town,MS
Summit town,OK
Summit town,SC
Summit town,SD
Summit village,IL
Summit village,WI
Summitville town,IN
Summitville village,OH
Sumner city,IA
Sumner city,IL
Sumner city,WA
Sumner town,GA
Sumner town,MO
Sumner town,MS
Sumner village,NE
Sumpter city,OR
Sumrall town,MS
Sumter city,SC
Sun City city,KS
Sun Prairie city,WI
Sun River Terrace village,IL
Sun Valley city,ID
Sun Valley city,TX
Sun village,LA
Sunbright city,TN
Sunburg city,MN
Sunburst town,MT
Sunbury city,OH
Sunbury city,PA
Sundance town,WY
Sundown city,TX
Sunfield village,MI
Sunfish Lake city,MN
Sunflower town,MS
Sunland Park city,NM
Sunman town,IN
Sunny Isles Beach city,FL
Sunnyside city,WA
Sunnyvale city,CA
Sunnyvale town,TX
Sunray city,TX
Sunrise Beach Village city,TX
Sunrise Beach village,MO
Sunrise city,FL
Sunset Beach town,NC
Sunset Hills city,MO
Sunset Valley city,TX
Sunset city,UT
Sunset town,AR
Sunset town,LA
Superior city,IA
Superior city,NE
Superior city,WI
Superior town,AZ
Superior town,CO
Superior town,MT
Superior town,WY
Superior village,WI
Surf City borough,NJ
Surf City town,NC
Surfside Beach city,TX
Surfside Beach town,SC
Surfside town,FL
Surgoinsville town,TN
Suring village,WI
Surprise city,AZ
Surprise village,NE
Surrency town,GA
Surrey city,ND
Surry town,VA
Susan Moore town,AL
Susank city,KS
Susanville city,CA
Susquehanna Depot borough,PA
Sussex borough,NJ
Sussex village,WI
Sutersville borough,PA
Sutherland city,IA
Sutherland village,NE
Sutherlin city,OR
Sutter Creek city,CA
Sutton city,NE
Sutton town,WV
Suttons Bay village,MI
Suwanee city,GA
Swainsboro city,GA
Swaledale city,IA
Swan Valley city,ID
Swan city,IA
Swansboro town,NC
Swansea town,SC
Swansea village,IL
Swanton village,NE
Swanton village,OH
Swanton village,VT
Swanville city,MN
Swarthmore borough,PA
Swartz Creek city,MI
Swayzee town,IN
Swea City city,IA
Swedesboro borough,NJ
Sweeny city,TX
Sweet Home city,OR
Sweet Springs city,MO
Sweet Water town,AL
Sweetser town,IN
Sweetwater city,FL
Sweetwater city,TN
Sweetwater city,TX
Sweetwater town,OK
Swepsonville town,NC
Swifton city,AR
Swink town,CO
Swisher city,IA
Swissvale borough,PA
Switz City town,IN
Swoyersville borough,PA
Sycamore Hills village,MO
Sycamore city,GA
Sycamore city,IL
Sycamore city,KY
Sycamore town,SC
Sycamore village,OH
Sykeston city,ND
Sykesville borough,PA
Sykesville town,MD
Sylacauga city,AL
Sylva town,NC
Sylvan Beach village,NY
Sylvan Grove city,KS
Sylvan Lake city,MI
Sylvan Springs town,AL
Sylvania borough,PA
Sylvania city,GA
Sylvania city,OH
Sylvania town,AL
Sylvarena village,MS
Sylvester city,GA
Sylvester town,WV
Sylvia city,KS
Symerton village,IL
Syracuse city,KS
Syracuse city,MO
Syracuse city,NE
Syracuse city,NY
Syracuse city,UT
Syracuse town,IN
Syracuse village,OH
Tabiona town,UT
Table Grove village,IL
Table Rock village,NE
Tabor City town,NC
Tabor city,IA
Tabor town,SD
Tacoma city,WA
Taconite city,MN
Taft city,CA
Taft city,TX
Taft town,OK
Tahlequah city,OK
Tahoka city,TX
Takoma Park city,MD
Talala town,OK
Talbotton city,GA
Talco city,TX
Talent city,OR
Talihina town,OK
Talking Rock town,GA
Talladega Springs town,AL
Talladega city,AL
Tallahassee city,FL
Tallapoosa city,GA
Tallapoosa city,MO
Tallassee city,AL
Tallmadge city,OH
Tallula village,IL
Tallulah Falls town,GA
Tallulah city,LA
Talmage village,NE
Talmo town,GA
Taloga town,OK
Talty town,TX
Tama city,IA
Tamaha town,OK
Tamaqua borough,PA
Tamarac city,FL
Tamarack city,MN
Tamaroa village,IL
Tamms village,IL
Tampa city,FL
Tampa city,KS
Tampico village,IL
Tanana city,AK
Taneytown city,MD
Taneyville village,MO
Tangent city,OR
Tangier town,VA
Tangipahoa village,LA
Tannersville village,NY
Taopi city,MN
Taos Ski Valley village,NM
Taos city,MO
Taos town,NM
Tappahannock town,VA
Tappen city,ND
Tar Heel town,NC
Tarboro town,NC
Tarentum borough,PA
Tarkio city,MO
Tarlton village,OH
Tarnov village,NE
Tarpon Springs city,FL
Tarrant city,AL
Tarrytown town,GA
Tarrytown village,NY
Tatamy borough,PA
Tatum city,TX
Tatum town,NM
Tatum town,SC
Tatums town,OK
Taunton city,MA
Taunton city,MN
Tavares city,FL
Tavistock borough,NJ
Tawas City city,MI
Taylor Lake Village city,TX
Taylor Landing city,TX
Taylor Mill city,KY
Taylor Springs village,IL
Taylor borough,PA
Taylor city,AL
Taylor city,AR
Taylor city,MI
Taylor city,ND
Taylor city,TX
Taylor town,AZ
Taylor village,MS
Taylor village,NE
Taylor village,WI
Taylors Falls city,MN
Taylorsville city,KY
Taylorsville city,UT
Taylorsville town,GA
Taylorsville town,MS
Taylorsville town,NC
Taylortown town,NC
Taylorville city,IL
Tazewell town,TN
Tazewell town,VA
Tchula town,MS
Tea city,SD
Teachey town,NC
Teague city,TX
Tecumseh city,MI
Tecumseh city,NE
Tecumseh city,OK
Tega Cay city,SC
Tehachapi city,CA
Tehama city,CA
Tehuacana town,TX
Tekamah city,NE
Tekoa city,WA
Tekonsha village,MI
Telford borough,PA
Tell City city,IN
Teller city,AK
Tellico Plains town,TN
Telluride town,CO
Temecula city,CA
Tempe city,AZ
Temple City city,CA
Temple Terrace city,FL
Temple city,GA
Temple city,TX
Temple town,OK
Templeton city,IA
Templeville town,MD
Ten Broeck city,KY
Ten Sleep town,WY
Tenafly borough,NJ
Tenaha town,TX
Tenakee Springs city,AK
Tenino city,WA
Tennant city,IA
Tennessee Ridge town,TN
Tennessee village,IL
Tennille city,GA
Tennyson town,IN
Tennyson village,WI
Tensed city,ID
Tenstrike city,MN
Tequesta village,FL
Terlton town,OK
Terra Alta town,WV
Terrace Park village,OH
Terral town,OK
Terre Haute city,IN
Terre Hill borough,PA
Terrell Hills city,TX
Terrell city,TX
Terril city,IA
Terry town,MS
Terry town,MT
Terrytown city,NE
Tescott city,KS
Teterboro borough,NJ
Teton city,ID
Tetonia city,ID
Teutopolis village,IL
Texarkana city,AR
Texarkana city,TX
Texas City city,TX
Texhoma city,TX
Texhoma town,OK
Texico city,NM
Texline town,TX
Texola town,OK
Thackerville town,OK
Thatcher town,AZ
Thawville village,IL
Thaxton town,MS
Thayer city,IA
Thayer city,KS
Thayer city,MO
Thayer village,IL
Thayer village,NE
Thayne town,WY
The Colony city,TX
The Dalles city,OR
The Highlands city,KS
The Hills village,TX
The Plains town,VA
The Village city,OK
The Village of Indian Hill city,OH
Thebes village,IL
Thedford village,NE
Theodosia village,MO
Theresa village,NY
Theresa village,WI
Thermopolis town,WY
Thibodaux city,LA
Thief River Falls city,MN
Thiensville village,WI
Third Lake village,IL
Thomas city,OK
Thomas city,WV
Thomasboro village,IL
Thomaston city,GA
Thomaston town,AL
Thomaston village,NY
Thomasville city,AL
Thomasville city,GA
Thomasville city,NC
Thompson Falls city,MT
Thompson borough,PA
Thompson city,IA
Thompson city,ND
Thompson's Station town,TN
Thompsons town,TX
Thompsontown borough,PA
Thompsonville village,IL
Thompsonville village,MI
Thomson city,GA
Thomson village,IL
Thor city,IA
Thornburg borough,PA
Thornburg city,IA
Thorndale city,TX
Thorne Bay city,AK
Thornhill city,KY
Thornton city,AR
Thornton city,CO
Thornton city,IA
Thornton town,TX
Thornton village,IL
Thorntonville town,TX
Thorntown town,IN
Thornville village,OH
Thorp city,WI
Thorsby city,AL
Thousand Oaks city,CA
Thrall city,TX
Three Creeks village,MO
Three Forks city,MT
Three Oaks village,MI
Three Rivers city,MI
Three Rivers city,TX
Three Springs borough,PA
Three Way city,TN
Throckmorton town,TX
Throop borough,PA
Thunderbolt town,GA
Thurman city,IA
Thurmond town,WV
Thurmont town,MD
Thurston village,NE
Thurston village,OH
Tiburon town,CA
Tickfaw village,LA
Tidioute borough,PA
Tieton city,WA
Tiffin city,IA
Tiffin city,OH
Tifton city,GA
Tigard city,OR
Tiger town,GA
Tigerton village,WI
Tightwad village,MO
Tignall town,GA
Tijeras village,NM
Tiki Island village,TX
Tilden city,NE
Tilden village,IL
Tillamook city,OR
Tillar city,AR
Tilton village,IL
Tiltonsville village,OH
Timber Lake city,SD
Timbercreek Canyon village,TX
Timberlake village,OH
Timberlane village,IL
Timberville town,VA
Timblin borough,PA
Timken city,KS
Timmonsville town,SC
Timnath town,CO
Timpson city,TX
Tina village,MO
Tindall town,MO
Tingley city,IA
Tinley Park village,IL
Tinsman town,AR
Tintah city,MN
Tinton Falls borough,NJ
Tioga borough,PA
Tioga city,ND
Tioga town,TX
Tionesta borough,PA
Tipp City city,OH
Tipton city,IA
Tipton city,IN
Tipton city,KS
Tipton city,MO
Tipton town,OK
Tiptonville town,TN
Tira town,TX
Tiro village,OH
Tishomingo city,OK
Tishomingo town,MS
Tiskilwa village,IL
Titonka city,IA
Titusville city,FL
Titusville city,PA
Tivoli village,NY
Tobaccoville village,NC
Tobias village,NE
Toccoa city,GA
Toccopola town,MS
Toco city,TX
Todd Mission city,TX
Togiak city,AK
Toksook Bay city,AK
Tolar city,TX
Toledo city,IA
Toledo city,OH
Toledo city,OR
Toledo city,WA
Toledo village,IL
Tolleson city,AZ
Tollette town,AR
Tolley city,ND
Tolna city,ND
Tolono village,IL
Tolstoy town,SD
Toluca city,IL
Tom Bean city,TX
Tomah city,WI
Tomahawk city,WI
Tomball city,TX
Tombstone city,AZ
Tompkinsville city,KY
Toms Brook town,VA
Tonasket city,WA
Tonawanda city,NY
Tonganoxie city,KS
Tonica village,IL
Tonka Bay city,MN
Tonkawa city,OK
Tontitown city,AR
Tontogany village,OH
Tony village,WI
Tooele city,UT
Tool city,TX
Toomsboro city,GA
Toone town,TN
Topeka city,KS
Topeka town,IN
Topeka village,IL
Toppenish city,WA
Topsail Beach town,NC
Topton borough,PA
Toquerville city,UT
Toronto city,IA
Toronto city,KS
Toronto city,OH
Toronto town,SD
Torrance city,CA
Torrey town,UT
Torrington city,CT
Torrington city,WY
Totowa borough,NJ
Toulon city,IL
Tovey village,IL
Towanda borough,PA
Towanda city,KS
Towanda village,IL
Tower City borough,PA
Tower City city,ND
Tower Hill village,IL
Tower Lakes village,IL
Tower city,MN
Town Creek town,AL
Town and Country city,MO
Town of Pecos city,TX
Town of Pines town,IN
Towner city,ND
Townsend city,MT
Townsend city,TN
Townsend town,DE
Townville borough,PA
Toxey town,AL
Toyah town,TX
Tracy City town,TN
Tracy city,CA
Tracy city,MN
Tracy city,MO
Traer city,IA
Trafalgar town,IN
Trafford borough,PA
Trafford town,AL
Trail Creek town,IN
Trail city,MN
Trainer borough,PA
Trappe borough,PA
Trappe town,MD
Traskwood city,AR
Travelers Rest city,SC
Traverse City city,MI
Treasure Island city,FL
Tremont City village,OH
Tremont borough,PA
Tremont town,MS
Tremont village,IL
Tremonton city,UT
Trempealeau village,WI
Trent Woods town,NC
Trent town,SD
Trent town,TX
Trenton city,FL
Trenton city,GA
Trenton city,IL
Trenton city,KY
Trenton city,MI
Trenton city,MO
Trenton city,NJ
Trenton city,OH
Trenton city,TN
Trenton city,TX
Trenton town,NC
Trenton town,SC
Trenton town,UT
Trenton village,NE
Treynor city,IA
Trezevant town,TN
Triadelphia town,WV
Triana city,AL
Tribbey town,OK
Trimble city,MO
Trimble town,TN
Trimble village,OH
Trimont city,MN
Trinidad city,CA
Trinidad city,CO
Trinidad city,TX
Trinity city,AL
Trinity city,NC
Trinity city,TX
Trion town,GA
Triplett city,MO
Tripoli city,IA
Tripp city,SD
Trommald city,MN
Trophy Club town,TX
Tropic town,UT
Trosky city,MN
Trotwood city,OH
Troup city,TX
Trout Valley village,IL
Troutdale city,OR
Troutdale town,VA
Troutman town,NC
Troutville borough,PA
Troutville town,VA
Troy Grove village,IL
Troy borough,PA
Troy city,AL
Troy city,ID
Troy city,IL
Troy city,KS
Troy city,MI
Troy city,MO
Troy city,MT
Troy city,NY
Troy city,OH
Troy city,TX
Troy town,IN
Troy town,NC
Troy town,SC
Troy town,TN
Truckee town,CA
Truesdale city,IA
Truesdale city,MO
Truman city,MN
Trumann city,AR
Trumansburg village,NY
Trumbauersville borough,PA
Trumbull village,NE
Truro city,IA
Trussville city,AL
Truth or Consequences city,NM
Truxton village,MO
Tryon town,NC
Tryon town,OK
Tualatin city,OR
Tuckahoe village,NY
Tucker city,GA
Tuckerman city,AR
Tuckerton borough,NJ
Tucson city,AZ
Tucumcari city,NM
Tukwila city,WA
Tulare city,CA
Tulare town,SD
Tularosa village,NM
Tulelake city,CA
Tulia city,TX
Tull town,AR
Tullahassee town,OK
Tullahoma city,TN
Tullos town,LA
Tully village,NY
Tullytown borough,PA
Tulsa city,OK
Tumwater city,WA
Tunica town,MS
Tunkhannock borough,PA
Tunnel Hill city,GA
Tunnelhill borough,PA
Tunnelton town,WV
Tupelo city,MS
Tupelo city,OK
Tupelo town,AR
Tupper Lake village,NY
Turbeville town,SC
Turbotville borough,PA
Turin city,IA
Turin town,GA
Turin village,NY
Turkey Creek village,LA
Turkey city,TX
Turkey town,NC
Turlock city,CA
Turner city,OR
Turner village,MI
Turney village,MO
Turon city,KS
Turrell city,AR
Turtle Creek borough,PA
Turtle Lake city,ND
Turtle Lake village,WI
Turtle River city,MN
Turton town,SD
Tusayan town,AZ
Tuscaloosa city,AL
Tuscarawas village,OH
Tuscola city,IL
Tuscola city,TX
Tusculum city,TN
Tuscumbia city,AL
Tuscumbia town,MO
Tushka town,OK
Tuskegee city,AL
Tustin city,CA
Tustin village,MI
Tuttle city,ND
Tuttle city,OK
Tutwiler town,MS
Tuxedo Park village,NY
Tuxedo village,NY
Twentynine Palms city,CA
Twilight borough,PA
Twin Bridges town,MT
Twin Brooks town,SD
Twin City city,GA
Twin Falls city,ID
Twin Groves town,AR
Twin Lakes city,MN
Twin Lakes village,WI
Twin Oaks village,MO
Twin Valley city,MN
Twin town,AL
Twining village,MI
Twinsburg city,OH
Twisp town,WA
Two Buttes town,CO
Two Harbors city,MN
Two Rivers city,WI
Ty Ty city,GA
Tybee Island city,GA
Tye city,TX
Tyler city,MN
Tyler city,TX
Tylertown town,MS
Tyndall city,SD
Tyro city,KS
Tyrone borough,PA
Tyrone town,GA
Tyrone town,OK
Tyronza city,AR
Ubly village,MI
Ucon city,ID
Udall city,KS
Udell city,IA
Uehling village,NE
Uhland city,TX
Uhrichsville city,OH
Uintah town,UT
Ukiah city,CA
Ukiah city,OR
Ulen city,MN
Ulen town,IN
Ullin village,IL
Ulm town,AR
Ulmer town,SC
Ulysses borough,PA
Ulysses city,KS
Ulysses village,NE
Umatilla city,FL
Umatilla city,OR
Umber View Heights village,MO
Unadilla city,GA
Unadilla village,NE
Unadilla village,NY
Unalakleet city,AK
Unalaska city,AK
Uncertain city,TX
Underwood city,IA
Underwood city,MN
Underwood city,ND
Unicoi town,TN
Union Beach borough,NJ
Union Bridge town,MD
Union Center village,WI
Union City borough,PA
Union City city,CA
Union City city,GA
Union City city,IN
Union City city,NJ
Union City city,TN
Union City town,OK
Union City village,MI
Union City village,OH
Union Dale borough,PA
Union Gap city,WA
Union Grove city,TX
Union Grove town,AL
Union Grove village,WI
Union Hill village,IL
Union Point city,GA
Union Springs city,AL
Union Springs village,NY
Union Star town,MO
Union Valley city,TX
Union city,IA
Union city,KY
Union city,MO
Union city,OH
Union city,OR
Union city,SC
Union town,AL
Union town,MS
Union town,WV
Union village,IL
Union village,NE
Uniondale town,IN
Uniontown city,AL
Uniontown city,KS
Uniontown city,KY
Uniontown city,PA
Uniontown town,WA
Unionville Center village,OH
Unionville borough,PA
Unionville city,IA
Unionville city,MO
Unionville town,NC
Unionville village,MI
Unionville village,NY
Unity Village village,MO
Unity city,OR
Unity village,WI
Universal City city,TX
Universal town,IN
University City city,MO
University Heights city,IA
University Heights city,OH
University Park city,IA
University Park city,TX
University Park town,MD
University Park village,IL
University Place city,WA
Upham city,ND
Upland borough,PA
Upland city,CA
Upland town,IN
Upland village,NE
Uplands Park village,MO
Upper Arlington city,OH
Upper Brookville village,NY
Upper Kalskag city,AK
Upper Marlboro town,MD
Upper Nyack village,NY
Upper Saddle River borough,NJ
Upper Sandusky city,OH
Upsala city,MN
Upton city,KY
Upton town,WY
Urania town,LA
Urbana city,IA
Urbana city,IL
Urbana city,MO
Urbana city,OH
Urbancrest village,OH
Urbandale city,IA
Urbank city,MN
Urbanna town,VA
Urich city,MO
Ursa village,IL
Ursina borough,PA
Ute city,IA
Utica borough,PA
Utica city,KS
Utica city,MI
Utica city,MN
Utica city,NY
Utica town,IN
Utica town,MS
Utica town,SD
Utica village,MO
Utica village,NE
Utica village,OH
UtqiagÌvik city,AK
Uvalda city,GA
Uvalde city,TX
Vacaville city,CA
Vader city,WA
Vadnais Heights city,MN
Vaiden town,MS
Vail city,IA
Vail town,CO
Valatie village,NY
Valders village,WI
Valdese town,NC
Valdez city,AK
Valdosta city,GA
Vale city,OR
Valencia borough,PA
Valentine city,NE
Valentine town,TX
Valeria city,IA
Valier town,MT
Valier village,IL
Vallejo city,CA
Valley Brook town,OK
Valley Center city,KS
Valley City city,ND
Valley City village,IL
Valley Falls city,KS
Valley Falls village,NY
Valley Grande city,AL
Valley Grove village,WV
Valley Head town,AL
Valley Hi village,OH
Valley Mills city,TX
Valley Park city,MO
Valley Park town,OK
Valley Springs city,SD
Valley Springs town,AR
Valley Stream village,NY
Valley View city,TX
Valley View village,OH
Valley city,AL
Valley city,NE
Valley-Hi borough,PA
Valleyview village,OH
Valliant town,OK
Valmeyer village,IL
Valparaiso city,FL
Valparaiso city,IN
Valparaiso village,NE
Van Alstyne city,TX
Van Buren city,AR
Van Buren town,IN
Van Buren town,MO
Van Buren village,OH
Van Horn town,TX
Van Horne city,IA
Van Meter city,IA
Van Tassell town,WY
Van Wert city,IA
Van Wert city,OH
Van Wyck town,SC
Van city,TX
Vance city,AL
Vance town,SC
Vanceboro town,NC
Vanceburg city,KY
Vancouver city,WA
Vandalia city,IL
Vandalia city,MO
Vandalia city,OH
Vandalia village,MI
Vandemere town,NC
Vanderbilt borough,PA
Vanderbilt village,MI
Vandergrift borough,PA
Vandervoort town,AR
Vandiver village,MO
Vandling borough,PA
Vanduser village,MO
Vanleer town,TN
Vanlue village,OH
Vardaman town,MS
Varina city,IA
Varna village,IL
Varnado village,LA
Varnamtown town,NC
Varnell city,GA
Varnville town,SC
Vass town,NC
Vassar city,MI
Vaughn town,NM
Veblen city,SD
Veedersburg town,IN
Vega city,TX
Velda City city,MO
Velda Village Hills city,MO
Velma town,OK
Velva city,ND
Venango borough,PA
Venango village,NE
Venedocia village,OH
Venedy village,IL
Veneta city,OR
Venice city,FL
Venice city,IL
Ventnor City city,NJ
Ventura city,IA
Venturia city,ND
Venus town,TX
Vera Cruz town,IN
Vera town,OK
Verdel village,NE
Verden town,OK
Verdigre village,NE
Verdigris town,OK
Verdon town,SD
Verdon village,NE
Vergas city,MN
Vergennes city,VT
Vergennes village,IL
Vermilion city,OH
Vermilion village,IL
Vermillion city,KS
Vermillion city,MN
Vermillion city,SD
Vermont village,IL
Vermontville village,MI
Vernal city,UT
Verndale city,MN
Vernon Center city,MN
Vernon Hills village,IL
Vernon city,CA
Vernon city,FL
Vernon city,TX
Vernon town,AL
Vernon town,IN
Vernon town,OK
Vernon town,UT
Vernon village,IL
Vernon village,MI
Vernon village,NY
Vernon village,WI
Vernonburg town,GA
Vernonia city,OR
Vero Beach city,FL
Verona borough,PA
Verona city,MS
Verona city,ND
Verona city,WI
Verona town,MO
Verona village,IL
Verona village,OH
Versailles borough,PA
Versailles city,KY
Versailles city,MO
Versailles town,IN
Versailles village,IL
Versailles village,OH
Vesper village,WI
Vesta city,MN
Vestavia Hills city,AL
Vevay town,IN
Vian town,OK
Viborg city,SD
Viburnum city,MO
Vicco city,KY
Vici town,OK
Vicksburg city,MS
Vicksburg village,MI
Victor city,CO
Victor city,IA
Victor city,ID
Victor village,NY
Victoria city,KS
Victoria city,MN
Victoria city,TX
Victoria town,AR
Victoria town,VA
Victoria village,IL
Victorville city,CA
Victory Gardens borough,NJ
Victory village,NY
Vidalia city,GA
Vidalia town,LA
Vidette city,GA
Vidor city,TX
Vienna city,GA
Vienna city,IL
Vienna city,MO
Vienna city,WV
Vienna town,LA
Vienna town,MD
Vienna town,SD
Vienna town,VA
Viking city,MN
Vilas town,CO
Vilas town,SD
Villa Grove city,IL
Villa Hills city,KY
Villa Park city,CA
Villa Park village,IL
Villa Rica city,GA
Village of Clarkston city,MI
Village of Four Seasons village,MO
Village of Grosse Pointe Shores city,MI
Village of Minnetonka Beach city,MN
Village of the Branch village,NY
Villard city,MN
Ville Platte city,LA
Villisca city,IA
Vilonia city,AR
Vina town,AL
Vincennes city,IN
Vincent city,IA
Vincent town,AL
Vine Grove city,KY
Vineland city,NJ
Vineyard town,UT
Vining city,IA
Vining city,KS
Vining city,MN
Vinita Park city,MO
Vinita city,OK
Vinton city,IA
Vinton town,LA
Vinton town,VA
Vinton village,OH
Vinton village,TX
Vintondale borough,PA
Viola city,KS
Viola town,AR
Viola town,DE
Viola town,TN
Viola village,IL
Viola village,WI
Virden city,IL
Virden village,NM
Virgil city,KS
Virgil town,SD
Virgil village,IL
Virgilina town,VA
Virgin town,UT
Virginia Beach city,VA
Virginia City town,MT
Virginia Gardens village,FL
Virginia city,IL
Virginia city,MN
Virginia village,NE
Viroqua city,WI
Visalia city,CA
Vista city,CA
Vista village,MO
Vivian town,LA
Volant borough,PA
Volente village,TX
Volga city,IA
Volga city,SD
Volin town,SD
Volo village,IL
Voltaire city,ND
Von Ormy city,TX
Vona town,CO
Vonore town,TN
Voorheesville village,NY
Vredenburgh town,AL
WaKeeney city,KS
Wabash city,IN
Wabasha city,MN
Wabasso city,MN
Wabbaseka town,AR
Wachapreague town,VA
Waco city,GA
Waco city,MO
Waco city,TX
Waco town,NC
Waco village,NE
Waconia city,MN
Waddington village,NY
Wade town,NC
Wadena city,IA
Wadena city,MN
Wadesboro town,NC
Wadley city,GA
Wadley town,AL
Wadsworth city,OH
Wadsworth village,IL
Waelder city,TX
Wagener town,SC
Waggoner village,IL
Wagner city,SD
Wagon Mound village,NM
Wagoner city,OK
Wagram town,NC
Wahkon city,MN
Wahoo city,NE
Wahpeton city,IA
Wahpeton city,ND
Wainwright city,AK
Wainwright town,OK
Waite Hill village,OH
Waite Park city,MN
Waitsburg city,WA
Wakarusa town,IN
Wake Forest town,NC
Wake Village city,TX
Wakefield city,KS
Wakefield city,MI
Wakefield city,NE
Wakefield town,VA
Wakeman village,OH
Wakita town,OK
Wakonda town,SD
Walbridge village,OH
Walcott city,IA
Walcott city,ND
Walden town,CO
Walden town,TN
Walden village,NY
Waldenburg town,AR
Waldo city,AR
Waldo city,FL
Waldo city,KS
Waldo town,AL
Waldo village,OH
Waldo village,WI
Waldorf city,MN
Waldport city,OR
Waldron city,AR
Waldron city,KS
Waldron village,MI
Waldwick borough,NJ
Wales city,AK
Wales city,ND
Wales town,UT
Wales village,WI
Waleska city,GA
Walford city,IA
Walhalla city,ND
Walhalla city,SC
Walker city,IA
Walker city,MI
Walker city,MN
Walker city,MO
Walker town,LA
Walkersville town,MD
Walkerton town,IN
Walkertown town,NC
Walkerville town,MT
Walkerville village,MI
Wall Lake city,IA
Wall borough,PA
Wall town,SD
Walla Walla city,WA
Wallace city,ID
Wallace city,KS
Wallace town,IN
Wallace town,NC
Wallace town,SD
Wallace village,NE
Wallaceton borough,PA
Wallburg town,NC
Walled Lake city,MI
Waller city,TX
Wallingford city,IA
Wallington borough,NJ
Wallis city,TX
Wallowa city,OR
Walls town,MS
Wallsburg town,UT
Walnut Cove town,NC
Walnut Creek city,CA
Walnut Creek village,NC
Walnut Grove city,GA
Walnut Grove city,MN
Walnut Grove city,MO
Walnut Grove town,AL
Walnut Grove town,MS
Walnut Hill village,IL
Walnut Ridge city,AR
Walnut Springs city,TX
Walnut city,CA
Walnut city,IA
Walnut city,KS
Walnut town,MS
Walnut village,IL
Walnutport borough,PA
Walsenburg city,CO
Walsh town,CO
Walshville village,IL
Walstonburg town,NC
Walterboro city,SC
Walters city,MN
Walters city,OK
Walthall village,MS
Waltham city,MA
Waltham city,MN
Walthill village,NE
Walthourville city,GA
Walton Hills village,OH
Walton city,KS
Walton city,KY
Walton town,IN
Walton village,NY
Waltonville village,IL
Walworth village,WI
Wamac city,IL
Wamego city,KS
Wampsville village,NY
Wampum borough,PA
Wamsutter town,WY
Wanamingo city,MN
Wanaque borough,NJ
Wanatah town,IN
Wanda city,MN
Wanette town,OK
Wann town,OK
Wapakoneta city,OH
Wapanucka town,OK
Wapato city,WA
Wapella village,IL
Wapello city,IA
Wappingers Falls village,NY
War city,WV
Warba city,MN
Ward city,AR
Ward town,CO
Ward town,SC
Ward town,SD
Wardell town,MO
Warden city,WA
Wardensville town,WV
Wardner city,ID
Wardsville village,MO
Ware Shoals town,SC
Warfield city,KY
Warm River city,ID
Warm Springs city,GA
Warner Robins city,GA
Warner town,OK
Warner town,SD
Warr Acres city,OK
Warren City city,TX
Warren Park town,IN
Warren city,AR
Warren city,MI
Warren city,MN
Warren city,OH
Warren city,PA
Warren town,IN
Warren village,IL
Warrens village,WI
Warrensburg city,MO
Warrensburg village,IL
Warrensville Heights city,OH
Warrenton city,GA
Warrenton city,MO
Warrenton city,OR
Warrenton town,NC
Warrenton town,VA
Warrenville city,IL
Warrior Run borough,PA
Warrior city,AL
Warroad city,MN
Warsaw city,IL
Warsaw city,IN
Warsaw city,KY
Warsaw city,MO
Warsaw town,NC
Warsaw town,VA
Warsaw village,NY
Warsaw village,OH
Warson Woods city,MO
Wartburg city,TN
Wartrace town,TN
Warwick city,GA
Warwick city,ND
Warwick city,RI
Warwick town,OK
Warwick village,NY
Wasco city,CA
Wasco city,OR
Waseca city,MN
Washburn city,MO
Washburn city,ND
Washburn city,WI
Washburn village,IL
Washington Court House city,OH
Washington Grove town,MD
Washington Park town,NC
Washington Park village,IL
Washington Terrace city,UT
Washington borough,NJ
Washington city,AR
Washington city,GA
Washington city,IA
Washington city,IL
Washington city,IN
Washington city,KS
Washington city,MO
Washington city,NC
Washington city,PA
Washington city,UT
Washington town,LA
Washington town,OK
Washington town,VA
Washington village,NE
Washingtonville borough,PA
Washingtonville village,NY
Washingtonville village,OH
Washougal city,WA
Washta city,IA
Washtucna town,WA
Wasilla city,AK
Waskom city,TX
Wasta town,SD
Wataga village,IL
Watauga city,TN
Watauga city,TX
Watchung borough,NJ
Water Valley city,MS
Waterbury city,CT
Waterbury village,NE
Waterford borough,PA
Waterford city,CA
Waterford village,NY
Waterford village,WI
Waterloo city,IA
Waterloo city,IL
Waterloo city,WI
Waterloo town,AL
Waterloo town,IN
Waterloo town,OR
Waterloo town,SC
Waterloo village,NE
Waterloo village,NY
Waterman village,IL
Waterproof town,LA
Watertown city,MA
Watertown city,MN
Watertown city,NY
Watertown city,SD
Watertown city,TN
Watertown city,WI
Waterville city,IA
Waterville city,KS
Waterville city,ME
Waterville city,MN
Waterville city,OH
Waterville town,WA
Waterville village,NY
Watervliet city,MI
Watervliet city,NY
Watford City city,ND
Watha town,NC
Wathena city,KS
Watkins Glen village,NY
Watkins city,MN
Watkinsville city,GA
Watonga city,OK
Watseka city,IL
Watson city,AR
Watson city,MN
Watson village,IL
Watson village,MO
Watsontown borough,PA
Watsonville city,CA
Watterson Park city,KY
Watts town,OK
Wattsburg borough,PA
Waubay city,SD
Waubun city,MN
Wauchula city,FL
Waucoma city,IA
Wauconda village,IL
Waukee city,IA
Waukegan city,IL
Waukesha city,WI
Waukesha village,WI
Waukomis town,OK
Waukon city,IA
Waunakee village,WI
Wauneta village,NE
Waupaca city,WI
Waupun city,WI
Waurika city,OK
Wausa village,NE
Wausau city,WI
Wausau town,FL
Wausaukee village,WI
Wauseon city,OH
Wautoma city,WI
Wauwatosa city,WI
Wauzeka village,WI
Waveland city,MS
Waveland town,IN
Waverly Hall town,GA
Waverly city,IA
Waverly city,IL
Waverly city,KS
Waverly city,KY
Waverly city,MN
Waverly city,MO
Waverly city,NE
Waverly city,TN
Waverly town,AL
Waverly town,VA
Waverly town,WA
Waverly village,NY
Waverly village,OH
Waxahachie city,TX
Waxhaw town,NC
Waycross city,GA
Wayland city,IA
Wayland city,KY
Wayland city,MI
Wayland city,MO
Wayland village,NY
Waymart borough,PA
Wayne City village,IL
Wayne Lakes village,OH
Wayne city,MI
Wayne city,NE
Wayne town,OK
Wayne town,WV
Wayne village,IL
Wayne village,OH
Waynesboro borough,PA
Waynesboro city,GA
Waynesboro city,MS
Waynesboro city,TN
Waynesboro city,VA
Waynesburg borough,PA
Waynesburg village,OH
Waynesfield village,OH
Waynesville city,MO
Waynesville town,NC
Waynesville village,IL
Waynesville village,OH
Waynetown town,IN
Waynoka city,OK
Wayzata city,MN
Weatherby Lake city,MO
Weatherby town,MO
Weatherford city,OK
Weatherford city,TX
Weatherly borough,PA
Weaubleau city,MO
Weaver city,AL
Weaverville town,NC
Webb City city,MO
Webb City town,OK
Webb city,IA
Webb town,AL
Webb town,MS
Webber city,KS
Webbers Falls town,OK
Webberville village,MI
Webberville village,TX
Weber City town,VA
Webster City city,IA
Webster County unified government,GA
Webster Groves city,MO
Webster city,FL
Webster city,IA
Webster city,SD
Webster city,TX
Webster town,NC
Webster village,NY
Webster village,WI
Weddington town,NC
Wedowee town,AL
Weed city,CA
Weedsport village,NY
Weeping Water city,NE
Weimar city,TX
Weiner city,AR
Weinert city,TX
Weippe city,ID
Weir city,KS
Weir city,TX
Weir town,MS
Weirton city,WV
Weiser city,ID
Weissport borough,PA
Welaka town,FL
Welch city,WV
Welch town,OK
Welcome city,MN
Weldon Spring Heights town,MO
Weldon Spring city,MO
Weldon city,IA
Weldon town,AR
Weldon town,NC
Weldon village,IL
Weleetka town,OK
Wellersburg borough,PA
Wellfleet village,NE
Wellford city,SC
Wellington city,KS
Wellington city,KY
Wellington city,MO
Wellington city,TX
Wellington city,UT
Wellington town,CO
Wellington village,FL
Wellington village,IL
Wellington village,OH
Wellman city,IA
Wellman city,TX
Wells River village,VT
Wells city,MN
Wells city,NV
Wells town,TX
Wellsboro borough,PA
Wellsburg city,IA
Wellsburg city,WV
Wellsburg village,NY
Wellston city,MO
Wellston city,OH
Wellston town,OK
Wellsville borough,PA
Wellsville city,KS
Wellsville city,MO
Wellsville city,UT
Wellsville village,NY
Wellsville village,OH
Wellton town,AZ
Welsh town,LA
Welton city,IA
Wenatchee city,WA
Wendell city,ID
Wendell city,MN
Wendell town,NC
Wendover city,UT
Wenona city,IL
Wenonah borough,NJ
Wenonah village,IL
Wentworth town,NC
Wentworth village,MO
Wentworth village,SD
Wentzville city,MO
Wernersville borough,PA
Weslaco city,TX
Wesley Chapel village,NC
Wesley Hills village,NY
Wesley city,IA
Wesleyville borough,PA
Wessington Springs city,SD
Wessington city,SD
Wesson town,MS
West Alexandria village,OH
West Allis city,WI
West Alton city,MO
West Baden Springs town,IN
West Baraboo village,WI
West Bend city,IA
West Bend city,WI
West Blocton town,AL
West Bountiful city,UT
West Branch city,IA
West Branch city,MI
West Brooklyn village,IL
West Brownsville borough,PA
West Buechel city,KY
West Burke village,VT
West Burlington city,IA
West Cape May borough,NJ
West Carrollton city,OH
West Carthage village,NY
West Chester borough,PA
West Chester city,IA
West Chicago city,IL
West City village,IL
West College Corner town,IN
West Columbia city,SC
West Columbia city,TX
West Concord city,MN
West Conshohocken borough,PA
West Covina city,CA
West Des Moines city,IA
West Dundee village,IL
West Easton borough,PA
West Elizabeth borough,PA
West Elkton village,OH
West Fargo city,ND
West Farmington village,OH
West Fork city,AR
West Frankfort city,IL
West Grove borough,PA
West Hamlin town,WV
West Hampton Dunes village,NY
West Harrison town,IN
West Haven city,CT
West Haven city,UT
West Haverstraw village,NY
West Hazleton borough,PA
West Hollywood city,CA
West Homestead borough,PA
West Jefferson town,AL
West Jefferson town,NC
West Jefferson village,OH
West Jordan city,UT
West Kittanning borough,PA
West Lafayette city,IN
West Lafayette village,OH
West Lake Hills city,TX
West Lebanon town,IN
West Leechburg borough,PA
West Leipsic village,OH
West Liberty borough,PA
West Liberty city,IA
West Liberty city,KY
West Liberty town,WV
West Liberty village,OH
West Line village,MO
West Linn city,OR
West Logan town,WV
West Long Branch borough,NJ
West Manchester village,OH
West Mansfield village,OH
West Mayfield borough,PA
West Melbourne city,FL
West Memphis city,AR
West Miami city,FL
West Middlesex borough,PA
West Middletown borough,PA
West Mifflin borough,PA
West Milford town,WV
West Millgrove village,OH
West Milton village,OH
West Milwaukee village,WI
West Mineral city,KS
West Monroe city,LA
West New York town,NJ
West Newton borough,PA
West Okoboji city,IA
West Orange city,TX
West Palm Beach city,FL
West Park city,FL
West Pelzer town,SC
West Peoria city,IL
West Pittston borough,PA
West Plains city,MO
West Point city,GA
West Point city,IA
West Point city,KY
West Point city,MS
West Point city,NE
West Point city,UT
West Point town,AL
West Point town,AR
West Point town,VA
West Point village,IL
West Reading borough,PA
West Richland city,WA
West Rushville village,OH
West Sacramento city,CA
West Salem village,IL
West Salem village,OH
West Salem village,WI
West Siloam Springs town,OK
West Springfield Town city,MA
West St. Paul city,MN
West Sullivan town,MO
West Sunbury borough,PA
West Tawakoni city,TX
West Terre Haute town,IN
West Union city,IA
West Union city,MN
West Union town,SC
West Union town,WV
West Union village,OH
West Unity village,OH
West University Place city,TX
West Valley City city,UT
West View borough,PA
West Wendover city,NV
West Wildwood borough,NJ
West Winfield village,NY
West Wyoming borough,PA
West Yellowstone town,MT
West York borough,PA
West city,TX
West town,MS
Westboro city,MO
Westbrook city,ME
Westbrook city,MN
Westbrook city,TX
Westbury village,NY
Westby city,WI
Westby town,MT
Westchester village,IL
Westcliffe town,CO
Western Grove town,AR
Western Springs village,IL
Western village,NE
Westernport town,MD
Westerville city,OH
Westfield Center village,OH
Westfield borough,PA
Westfield city,IA
Westfield city,IN
Westfield city,MA
Westfield town,NJ
Westfield village,IL
Westfield village,NY
Westfield village,WI
Westfir city,OR
Westgate city,IA
Westhampton Beach village,NY
Westhope city,ND
Westlake Village city,CA
Westlake city,FL
Westlake city,LA
Westlake city,OH
Westlake town,TX
Westland city,MI
Westminster city,CA
Westminster city,CO
Westminster city,MD
Westminster city,SC
Westminster village,VT
Westmont borough,PA
Westmont village,IL
Westmoreland city,KS
Westmoreland town,TN
Westmorland city,CA
Weston Lakes city,TX
Weston city,FL
Weston city,ID
Weston city,MO
Weston city,OR
Weston city,TX
Weston city,WV
Weston village,NE
Weston village,OH
Weston village,WI
Westover Hills town,TX
Westover borough,PA
Westover city,WV
Westover town,AL
Westphalia city,IA
Westphalia city,KS
Westphalia city,MO
Westphalia village,MI
Westport city,MN
Westport city,WA
Westport town,IN
Westport town,OK
Westport town,SD
Westside city,IA
Westville borough,NJ
Westville town,FL
Westville town,IN
Westville town,OK
Westville village,IL
Westwego city,LA
Westwood Hills city,KS
Westwood borough,NJ
Westwood city,IA
Westwood city,KS
Westwood city,KY
Westwood village,MO
Westworth Village city,TX
Wetmore city,KS
Wetonka town,SD
Wetumka city,OK
Wetumpka city,AL
Wewahitchka city,FL
Wewoka city,OK
Weyauwega city,WI
Weyerhaeuser village,WI
Weymouth Town city,MA
Whalan city,MN
Whale Pass city,AK
Wharton borough,NJ
Wharton city,TX
Wharton village,OH
What Cheer city,IA
Wheat Ridge city,CO
Wheatcroft city,KY
Wheatfield town,IN
Wheatland borough,PA
Wheatland city,CA
Wheatland city,IA
Wheatland city,MO
Wheatland town,IN
Wheatland town,WY
Wheatley city,AR
Wheaton city,IL
Wheaton city,KS
Wheaton city,MN
Wheaton city,MO
Wheeler city,OR
Wheeler city,TX
Wheeler village,IL
Wheeler village,WI
Wheeling city,MO
Wheeling city,WV
Wheeling village,IL
Wheelwright city,KY
Whelen Springs town,AR
Whigham city,GA
Whispering Pines village,NC
Whitaker borough,PA
Whitakers town,NC
White Bear Lake city,MN
White Bird city,ID
White Bluff town,TN
White Castle town,LA
White City city,KS
White City metro township,UT
White City village,IL
White Cloud city,KS
White Cloud city,MI
White Deer town,TX
White Earth city,ND
White Hall city,AR
White Hall city,IL
White Hall town,AL
White Hall town,WV
White Haven borough,PA
White House city,TN
White Lake city,SD
White Lake town,NC
White Lake village,WI
White Mountain city,AK
White Oak borough,PA
White Oak city,TX
White Pigeon village,MI
White Pine town,TN
White Plains city,GA
White Plains city,KY
White Plains city,NY
White River city,SD
White Rock town,SD
White Salmon city,WA
White Settlement city,TX
White Springs town,FL
White Stone town,VA
White Sulphur Springs city,MT
White Sulphur Springs city,WV
White city,GA
White city,SD
Whiteface town,TX
Whitefield town,OK
Whitefish Bay village,WI
Whitefish city,MT
Whitehall borough,PA
Whitehall city,MI
Whitehall city,OH
Whitehall city,WI
Whitehall town,MT
Whitehall village,NY
Whitehouse city,TX
Whitehouse village,OH
Whiteland town,IN
Whitelaw village,WI
Whitesboro city,TX
Whitesboro village,NY
Whitesburg city,GA
Whitesburg city,KY
Whiteside village,MO
Whitestown town,IN
Whitesville city,KY
Whitesville town,WV
Whiteville city,NC
Whiteville town,TN
Whitewater city,KS
Whitewater city,WI
Whitewater town,IN
Whitewater town,MO
Whitewood city,SD
Whitewright town,TX
Whiting city,IA
Whiting city,IN
Whiting city,KS
Whiting village,WI
Whitmire town,SC
Whitney Point village,NY
Whitney town,TX
Whitney village,NE
Whitsett town,NC
Whittemore city,IA
Whittemore city,MI
Whitten city,IA
Whittier city,AK
Whittier city,CA
Whitwell city,TN
Wibaux town,MT
Wichita Falls city,TX
Wichita city,KS
Wickenburg town,AZ
Wickes town,AR
Wickett town,TX
Wickliffe city,KY
Wickliffe city,OH
Widener town,AR
Wiederkehr Village city,AR
Wiggins city,MS
Wiggins town,CO
Wilber city,NE
Wilbur Park village,MO
Wilbur town,WA
Wilburton city,OK
Wilcox village,NE
Wild Rose village,WI
Wilder city,ID
Wilder city,KY
Wilder city,MN
Wildomar city,CA
Wildrose city,ND
Wildwood Crest borough,NJ
Wildwood city,FL
Wildwood city,KY
Wildwood city,MO
Wildwood city,NJ
Wiley town,CO
Wilkes-Barre city,PA
Wilkesboro town,NC
Wilkeson town,WA
Wilkesville village,OH
Wilkinsburg borough,PA
Wilkinson town,IN
Willacoochee city,GA
Willamina city,OR
Willard city,KS
Willard city,MO
Willard city,OH
Willard city,UT
Willard village,NM
Willards town,MD
Willcox city,AZ
Willernie city,MN
Willey city,IA
Williams Bay village,WI
Williams Creek town,IN
Williams city,AZ
Williams city,CA
Williams city,IA
Williams city,MN
Williams town,SC
Williamsburg borough,PA
Williamsburg city,IA
Williamsburg city,KS
Williamsburg city,KY
Williamsburg city,VA
Williamsburg town,CO
Williamsburg village,NM
Williamsburg village,OH
Williamsfield village,IL
Williamson city,GA
Williamson city,IA
Williamson city,WV
Williamson village,IL
Williamsport city,PA
Williamsport town,IN
Williamsport town,MD
Williamsport village,OH
Williamston city,MI
Williamston town,NC
Williamston town,SC
Williamstown borough,PA
Williamstown city,KY
Williamstown city,WV
Williamsville city,MO
Williamsville village,IL
Williamsville village,NY
Williford town,AR
Willis city,KS
Willis city,TX
Willisburg city,KY
Williston Park village,NY
Williston city,FL
Williston city,ND
Williston city,TN
Williston town,SC
Willisville town,AR
Willisville village,IL
Willits city,CA
Willmar city,MN
Willoughby Hills city,OH
Willoughby city,OH
Willow City city,ND
Willow Hill village,IL
Willow Lake city,SD
Willow Park city,TX
Willow River city,MN
Willow Springs city,MO
Willow Springs village,IL
Willow town,OK
Willowbrook city,KS
Willowbrook village,IL
Willowick city,OH
Willows city,CA
Wills Point city,TX
Willshire village,OH
Wilmar city,AR
Wilmer city,TX
Wilmerding borough,PA
Wilmette village,IL
Wilmington city,DE
Wilmington city,IL
Wilmington city,NC
Wilmington city,OH
Wilmington village,IL
Wilmont city,MN
Wilmore borough,PA
Wilmore city,KS
Wilmore city,KY
Wilmot city,AR
Wilmot city,SD
Wilmot village,OH
Wilsey city,KS
Wilson City village,MO
Wilson Creek town,WA
Wilson borough,PA
Wilson city,AR
Wilson city,KS
Wilson city,NC
Wilson city,OK
Wilson city,TX
Wilson village,LA
Wilson village,NY
Wilson village,OH
Wilson village,WI
Wilson's Mills town,NC
Wilsonville city,OR
Wilsonville town,AL
Wilsonville village,IL
Wilsonville village,NE
Wilton Manors city,FL
Wilton city,AR
Wilton city,IA
Wilton city,MN
Wilton city,ND
Wilton town,AL
Wilton village,WI
Wimberley city,TX
Wimbledon city,ND
Winamac town,IN
Winchester city,ID
Winchester city,IL
Winchester city,IN
Winchester city,KS
Winchester city,KY
Winchester city,MO
Winchester city,TN
Winchester city,VA
Winchester town,AR
Winchester town,OK
Winchester village,OH
Wind Gap borough,PA
Wind Point village,WI
Windber borough,PA
Windcrest city,TX
Winder city,GA
Windermere town,FL
Windfall City town,IN
Windham village,OH
Windom city,KS
Windom city,MN
Windom town,TX
Windsor Heights city,IA
Windsor Heights village,WV
Windsor Place village,MO
Windsor borough,PA
Windsor city,IL
Windsor city,MO
Windsor town,CA
Windsor town,CO
Windsor town,NC
Windsor town,SC
Windsor town,VA
Windsor village,IL
Windsor village,NY
Windsor village,WI
Windthorst town,TX
Windy Hills city,KY
Winfall town,NC
Winfield city,AL
Winfield city,IA
Winfield city,KS
Winfield city,MO
Winfield city,TX
Winfield town,IN
Winfield town,TN
Winfield town,WV
Winfield village,IL
Wing city,ND
Wingate town,IN
Wingate town,NC
Winger city,MN
Wingo city,KY
Winifred town,MT
Wink city,TX
Winkelman town,AZ
Winlock city,WA
Winnebago city,MN
Winnebago village,IL
Winnebago village,NE
Winneconne village,WI
Winnemucca city,NV
Winner city,SD
Winnetka village,IL
Winnetoon village,NE
Winnett town,MT
Winnfield city,LA
Winnsboro city,LA
Winnsboro city,TX
Winnsboro town,SC
Winona Lake town,IN
Winona city,KS
Winona city,MN
Winona city,MO
Winona city,MS
Winona town,TX
Winooski city,VT
Winside village,NE
Winslow city,AR
Winslow city,AZ
Winslow town,IN
Winslow village,IL
Winslow village,NE
Winsted city,MN
Winston city,OR
Winston village,MO
Winston-Salem city,NC
Winstonville town,MS
Winter Garden city,FL
Winter Haven city,FL
Winter Park city,FL
Winter Park town,CO
Winter Springs city,FL
Winter village,WI
Winters city,CA
Winters city,TX
Winterset city,IA
Winterstown borough,PA
Wintersville village,OH
Winterville city,GA
Winterville town,NC
Winthrop Harbor village,IL
Winthrop Town city,MA
Winthrop city,AR
Winthrop city,IA
Winthrop city,MN
Winthrop town,WA
Winton city,MN
Winton town,NC
Wiota city,IA
Wisconsin Dells city,WI
Wisconsin Rapids city,WI
Wise town,VA
Wishek city,ND
Wisner city,NE
Wisner town,LA
Wister town,OK
Withee village,WI
Witt city,IL
Wittenberg village,WI
Wixom city,MI
Wixon Valley city,TX
Woburn city,MA
Woden city,IA
Wolbach village,NE
Wolcott town,IN
Wolcott village,NY
Wolcottville town,IN
Wolf Lake city,MN
Wolf Point city,MT
Wolfe City city,TX
Wolfforth city,TX
Wolford city,ND
Wolsey town,SD
Wolverine Lake village,MI
Wolverine village,MI
Wolverton city,MN
Womelsdorf (Coalton) town,WV
Womelsdorf borough,PA
Wonder Lake village,IL
Wonewoc village,WI
Wood Dale city,IL
Wood Heights city,MO
Wood Lake city,MN
Wood Lake village,NE
Wood River city,IL
Wood River city,NE
Wood Village city,OR
Wood town,SD
Wood-Ridge borough,NJ
Woodbine borough,NJ
Woodbine city,GA
Woodbine city,IA
Woodbine city,KS
Woodbranch city,TX
Woodburn city,IA
Woodburn city,IN
Woodburn city,KY
Woodburn city,OR
Woodbury Heights borough,NJ
Woodbury borough,PA
Woodbury city,GA
Woodbury city,KY
Woodbury city,MN
Woodbury city,NJ
Woodbury town,TN
Woodbury village,NY
Woodcliff Lake borough,NJ
Woodcock borough,PA
Woodcreek city,TX
Woodfin town,NC
Woodford town,SC
Woodhaven city,MI
Woodhull village,IL
Woodinville city,WA
Woodlake city,CA
Woodland Hills city,KY
Woodland Hills city,UT
Woodland Mills city,TN
Woodland Park borough,NJ
Woodland Park city,CO
Woodland city,CA
Woodland city,GA
Woodland city,MN
Woodland city,WA
Woodland town,AL
Woodland town,NC
Woodland village,IL
Woodland village,MI
Woodland village,MS
Woodlawn Heights town,IN
Woodlawn Park city,KY
Woodlawn Park town,OK
Woodlawn city,KY
Woodlawn village,IL
Woodlawn village,OH
Woodloch town,TX
Woodlynne borough,NJ
Woodman village,WI
Woodmere village,OH
Woodmont borough,CT
Woodridge village,IL
Woodridge village,NY
Woodruff city,SC
Woodruff town,UT
Woods Cross city,UT
Woodsboro town,MD
Woodsboro town,TX
Woodsburgh village,NY
Woodsfield village,OH
Woodside town,CA
Woodside town,DE
Woodson Terrace city,MO
Woodson town,TX
Woodson village,IL
Woodstock city,GA
Woodstock city,IL
Woodstock city,MN
Woodstock town,AL
Woodstock town,VA
Woodstock village,OH
Woodstock village,VT
Woodston city,KS
Woodstown borough,NJ
Woodville city,GA
Woodville town,AL
Woodville town,MS
Woodville town,TX
Woodville village,OH
Woodville village,WI
Woodward city,IA
Woodward city,OK
Woodway city,TX
Woodway city,WA
Woodworth city,ND
Woodworth town,LA
Wooldridge village,MO
Woolsey town,GA
Woolstock city,IA
Woonsocket city,RI
Woonsocket city,SD
Wooster city,OH
Wooster town,AR
Worcester city,MA
Worden village,IL
Worland city,WY
Worley city,ID
Wormleysburg borough,PA
Worth village,IL
Worth village,MO
Wortham town,TX
Worthing city,SD
Worthington Hills city,KY
Worthington Springs town,FL
Worthington borough,PA
Worthington city,IA
Worthington city,KY
Worthington city,MN
Worthington city,OH
Worthington town,IN
Worthington town,WV
Worthington village,MO
Worthville borough,PA
Worthville city,KY
Wrangell city and borough,AK
Wray city,CO
Wren village,OH
Wrens city,GA
Wrenshall city,MN
Wright City city,MO
Wright City town,OK
Wright city,MN
Wright town,WY
Wrightstown borough,NJ
Wrightstown village,WI
Wrightsville Beach town,NC
Wrightsville borough,PA
Wrightsville city,AR
Wrightsville city,GA
Wurtland city,KY
Wurtsboro village,NY
Wyaconda city,MO
Wyalusing borough,PA
Wyandotte city,MI
Wyandotte town,OK
Wyanet village,IL
Wyatt city,MO
Wyeville village,WI
Wykoff city,MN
Wylie city,TX
Wymore city,NE
Wyndmere city,ND
Wynne city,AR
Wynnedale town,IN
Wynnewood city,OK
Wynona town,OK
Wynot village,NE
Wyocena village,WI
Wyoming borough,PA
Wyoming city,IA
Wyoming city,IL
Wyoming city,MI
Wyoming city,MN
Wyoming city,OH
Wyoming town,DE
Wyoming village,NY
Wyomissing borough,PA
Wytheville town,VA
Xenia city,OH
Xenia village,IL
Yachats city,OR
Yacolt town,WA
Yadkinville town,NC
Yakima city,WA
Yale city,IA
Yale city,MI
Yale city,OK
Yale town,SD
Yale village,IL
Yamhill city,OR
Yampa town,CO
Yanceyville town,NC
Yankee Lake village,OH
Yankeetown town,FL
Yankton city,SD
Yantis town,TX
Yardley borough,PA
Yarrow Point town,WA
Yates Center city,KS
Yates City village,IL
Yatesville borough,PA
Yatesville town,GA
Yazoo City city,MS
Yeadon borough,PA
Yeager town,OK
Yellow Bluff town,AL
Yellow Springs village,OH
Yellville city,AR
Yelm city,WA
Yemassee town,SC
Yeoman town,IN
Yerington city,NV
Yetter city,IA
Yoakum city,TX
Yoder town,WY
Yoe borough,PA
Yoncalla city,OR
Yonkers city,NY
Yorba Linda city,CA
York Haven borough,PA
York Springs borough,PA
York city,AL
York city,ND
York city,NE
York city,PA
York city,SC
Yorkana borough,PA
Yorkshire village,OH
Yorktown city,IA
Yorktown city,TX
Yorktown town,IN
Yorkville city,IL
Yorkville city,TN
Yorkville village,NY
Yorkville village,OH
Yorkville village,WI
Young Harris city,GA
Youngstown borough,PA
Youngstown city,OH
Youngstown village,NY
Youngsville borough,PA
Youngsville city,LA
Youngsville town,NC
Youngtown town,AZ
Youngwood borough,PA
Yountville city,CA
Ypsilanti city,MI
Yreka city,CA
Yuba City city,CA
Yuba village,WI
Yucaipa city,CA
Yucca Valley town,CA
Yukon city,OK
Yuma city,AZ
Yuma city,CO
Yutan city,NE
Zachary city,LA
Zaleski village,OH
Zanesfield village,OH
Zanesville city,OH
Zanesville town,IN
Zap city,ND
Zavalla city,TX
Zearing city,IA
Zebulon city,GA
Zebulon town,NC
Zeeland city,MI
Zeeland city,ND
Zeigler city,IL
Zelienople borough,PA
Zemple city,MN
Zenda city,KS
Zephyrhills city,FL
Zillah city,WA
Zilwaukee city,MI
Zimmerman city,MN
Zinc town,AR
Zion city,IL
Zionsville town,IN
Zoar village,OH
Zolfo Springs town,FL
Zumbro Falls city,MN
Zumbrota city,MN
Zurich city,KS
Zwingle city,IA
Zwolle town,LA
