gov_id,government,state,lane,lead_url,kind,meeting_source_has_no_video,run,all_youtube_addresses_seen
us:sd:0612090,El Monte City School District,CA,youtube,https://www.youtube.com/channel/UCIqqpRRjnIJVSYRF764K30w,channel,yes,districts_combined,https://www.youtube.com/channel/UCIqqpRRjnIJVSYRF764K30w
us:sd:3904378,Cleveland Municipal School District,OH,youtube,https://www.youtube.com/user/CMSDCommunications,channel,yes,districts_combined,https://youtu.be/or35ACtxseg?si=24N1EdL1uqRTiEpW https://youtu.be/6-x6YjbtuN4?si=GGwcU6BBvfLeHTn9 https://www.youtube.com/user/CMSDCommunications https://www.youtube.com/playlist?list=PLrrxlj9LiKE4T35Cp1t0NNLHCqqkc6PXS https://www.youtube.com/embed/Cqu9BWugGcg?si=jjB6BYh7zkI95_4_ https://youtu.be/xWvQQ3RRVMo?si=WiuBXXIEwvYmRxaa
us:sd:1712570,Community High School District 99,IL,youtube,https://www.youtube.com/@DGNCable99,channel,yes,districts_combined,https://www.youtube.com/watch?v=-oJAwfJ69es https://youtu.be/XVUt3fjzPn0 https://www.youtube.com/watch?v=FBi04z3rV_E https://www.youtube.com/watch?v=GqSvXzqv_jE https://www.youtube.com/@csd99media https://www.youtube.com/@DGNCable99 https://www.youtube.com/c/99South/videos https://www.youtube.com/user/csd99media https://www.youtube.com/csd99media
us:sd:1712570,Community High School District 99,IL,youtube,https://www.youtube.com/c/99South/videos,channel,yes,districts_combined,https://www.youtube.com/watch?v=-oJAwfJ69es https://youtu.be/XVUt3fjzPn0 https://www.youtube.com/watch?v=FBi04z3rV_E https://www.youtube.com/watch?v=GqSvXzqv_jE https://www.youtube.com/@csd99media https://www.youtube.com/@DGNCable99 https://www.youtube.com/c/99South/videos https://www.youtube.com/user/csd99media https://www.youtube.com/csd99media
us:sd:1000230,Colonial School District,DE,youtube,https://www.youtube.com/@ColonialSchoolDistrictde,channel,no,districts_combined,https://www.youtube.com/@ColonialSchoolDistrictde https://www.youtube.com/live/IlC-9yHxTrk?si=7gUIwyV6zoUkUm03 https://www.youtube.com/watch?v=n9R1w7cRni4 https://www.youtube.com/watch?v=D6cVzgJ9rrk https://youtu.be/dTefEYnzzfY https://youtu.be/BmVLZv_jZaM https://youtu.be/PZCIEBkydNg https://youtu.be/1US1bVdcBNI https://youtu.be/XczG2aQks0s https://youtu.be/Lm2pzotgoIQ https://youtu.be/V_aMrt0HOd0 https://youtu.be/mQXg_8MFHbc https://youtu.be/EBgW6XEu0Uw https://youtu.be/NZ_6ghdq61Y https://youtu.be/7jiZekJahIM https://youtu.be/k7fcH_H-hfo https://youtu.be/JG97lRuatb4 https://youtu.be/eUmEeIWummY https://youtu.be/riarE8-oEws https://youtu.be/42h_iq4xKV0 https://youtu.be/bb2-AjptEfg https://youtu.be/AEhnxFHPYnA https://youtu.be/qqnPzSpWTWQ https://youtu.be/LEYhKCDAGSs https://youtu.be/9EQjlWdo7Mo https://youtu.be/Cd-kU8TYxpI?t=307 https://youtu.be/8_-j_o3ZV2I https://youtu.be/WdcAS-rQyt4 https://youtu.be/Pi0gkaLzZyM https://youtu.be/U7hCLJGOt3I https://www.youtube.com/live/5wsg8WUw4Ys?feature=share https://www.youtube.com/live/se2PdiuUXWo?feature=share https://www.youtube.com/live/9lQyxkWN__0?feature=share https://www.youtube.com/live/u2m2asr2ibs?feature=share https://www.youtube.com/live/bMtM-fW-dQ0?feature=share https://www.youtube.com/live/LL9BADHPjOE?feature=share https://www.youtube.com/live/Pn-VvNkP8_s?feature=share https://www.youtube.com/live/9j1Wv_znSvA?feature=share https://www.youtube.com/live/Id_nBgSZXuc?si=HIvG4U-UAj7GLN-f https://youtu.be/tp-4_9shwwc https://www.youtube.com/live/NlP-_H3eGwY?feature=shared https://www.youtube.com/live/7I706LXomvY?feature=shared https://youtu.be/4tFfF_uj_sA https://www.youtube.com/live/tw3cbCB5p2s?si=GCB5tkokMxpElVy1 https://youtube.com/live/92ZxY2ZPzmY https://www.youtube.com/live/WeEdjG_nDVw?si=DZj2aVBlGKDHdA9Z https://youtube.com/live/ZGAbmaQtEsc https://www.youtube.com/live/YlwxGzZvwPI?si=6zV8kBCre4psTuDO&t=64 https://www.youtube.com/live/j5WpE4-9I14?si=n04k7Up2k2Xaf-38 https://youtu.be/QHNmAaI1Ijs https://www.youtube.com/live/zUyAuen7HW8?si=a_KAHPTVxja5ofm6 https://www.youtube.com/live/710vZYX-oYM?si=l52e8OVLcNWOaBjt https://www.youtube.com/live/JMxbj0vLcUs?si=5rJtPJP3lD7uq3BX https://www.youtube.com/live/ThBXY-4LA94?si=GCNr5T4UQuITeCtE
us:sd:3904513,Worthington City School District,OH,youtube,https://www.youtube.com/embed/JmEE1290hTE?si=EYKlVORhmz51ayTY,single_video,yes,districts_combined,https://www.youtube.com/WorthingtonCitySchoolsYouTube https://www.youtube.com/embed/JmEE1290hTE?si=EYKlVORhmz51ayTY https://www.youtube.com/embed/wSDDbaU95QQ?si=PMKauxDM4YPNI9Mf https://www.youtube.com/embed/t9o-W7sCPiU?si=8ak6QwKWBYrArrkh https://www.youtube.com/embed/PHiYr7GQ-cw?si=BZpW3PUPL02jXk8p https://www.youtube.com/embed/2X2V_yyYaDM?si=TBB21exSTy60kCxU https://www.youtube.com/embed/xLCSC89FNe0?si=_uWmCYl2SBNVpj4g https://www.youtube.com/embed/d1E7Szub-zE?si=a5Ttyv5sbDTiPtr3 https://www.youtube.com/embed/n2AOWZRNDVU?si=xVBpeq5XT4WNj8Ho https://www.youtube.com/embed/OzLQC3i0x4A?si=AVtqTTRi70h6EbIO https://www.youtube.com/embed/sGZ1M-3JDuA?si=RwVsqgdjuXJzOyDH https://www.youtube.com/embed/x3viyz5sMRQ?si=TcGUjkCwbGxD6qA6 https://www.youtube.com/embed/X86jx7S6ST4?si=xCo0n_4KPu1v730C https://www.youtube.com/embed/pBo4CmC9fXQ?si=gBjzgtw-zA4stivV https://www.youtube.com/embed/uqd1gG_HsLE?si=-zFLBcNSppnCgczr https://www.youtube.com/embed/8fX_fuaPh5Y https://www.youtube.com/embed/NnkK4XhYLoQ https://www.youtube.com/embed/LDXP71zt4Y0 https://www.youtube.com/embed/MFEfbm8cpYs https://www.youtube.com/embed/ow7pOR9P31E
us:sd:3403300,Clifton City School District,NJ,youtube,https://www.youtube.com/channel/UCENqN4iLRD0EVNluHeqtJOQ,channel,yes,districts_combined,https://www.youtube.com/channel/UCENqN4iLRD0EVNluHeqtJOQ
us:sd:0806480,Widefield School District 3,CO,youtube,https://www.youtube.com/@widefieldschooldistrict3197,channel,yes,districts_combined,https://www.youtube.com/@widefieldschooldistrict3197
us:sd:5507530,La Crosse School District,WI,youtube,https://www.youtube.com/@LaCrossePublicSchools,channel,yes,districts_combined,https://www.youtube.com/@LaCrossePublicSchools
us:sd:0600032,Redondo Beach Unified School District,CA,youtube,https://www.youtube.com/channel/UC8uNlwiae4_N0EYX4y8avFg/videos,channel,yes,districts_combined,https://www.youtube.com/@RedondoBeachUSD https://www.youtube.com/channel/UC8uNlwiae4_N0EYX4y8avFg/videos
us:sd:5513100,Rosendale-Brandon School District,WI,youtube,https://www.youtube.com/channel/UCQjaKoAH25FrehIg3y6Ei_w,channel,no,districts_combined,https://www.youtube.com/channel/UCQjaKoAH25FrehIg3y6Ei_w https://www.youtube.com/channel/UCoH7dJwZCAr2xFKWjveuWbw/featured https://www.youtube.com/channel/UCdsVKghmcSF7OMiLIcCl3sQ https://www.youtube.com/channel/UC6gLWPfDhwSyY7BgfoVCWzA https://www.youtube.com/channel/UCgOiDR4Oj5GNVna_FsXtodA/featured
us:sd:5104150,York County Public Schools,VA,youtube,https://www.youtube.com/@ycsdva,channel,yes,districts_combined,https://www.youtube.com/@ycsdva https://www.youtube.com/playlist?list=PL4SYfJL9ZZMMq_cL4Q83debuXLdyS3Kze
us:sd:3200390,Carson City School District,NV,youtube,https://www.youtube.com/user/CarsonCitySchools,channel,yes,districts_combined,https://www.youtube.com/user/CarsonCitySchools https://www.youtube.com/channel/UCQKo0hTFJZvsfkXeslPP4vg
us:sd:3200390,Carson City School District,NV,youtube,https://www.youtube.com/channel/UCQKo0hTFJZvsfkXeslPP4vg,channel,yes,districts_combined,https://www.youtube.com/user/CarsonCitySchools https://www.youtube.com/channel/UCQKo0hTFJZvsfkXeslPP4vg
us:sd:0200600,Fairbanks North Star Borough School District,AK,youtube,https://www.youtube.com/embed/live_stream?channel=UC9lOKtfD3zzNpkvXiTregQg,channel,yes,districts_combined,https://www.youtube.com/user/northstar907 https://youtube.com/playlist?list=PL3XJ2wnDsijN7HQaLMz0iA80N_adlheKi https://www.youtube.com/embed/live_stream?channel=UC9lOKtfD3zzNpkvXiTregQg
us:sd:5301080,Central Kitsap School District,WA,youtube,https://www.youtube.com/channel/UCgxYu1Hs3Ck3GWbAKVFMv1w/videos,channel,yes,districts_combined,https://www.youtube.com/channel/UCgxYu1Hs3Ck3GWbAKVFMv1w/videos
us:sd:3904549,Mentor Exempted Village School District,OH,youtube,https://www.youtube.com/user/CARDINALTVMENTOROHIO,channel,yes,districts_combined,https://www.youtube.com/user/CARDINALTVMENTOROHIO
us:sd:1812720,Washington Township Metropolitan School District,IN,youtube,https://www.youtube.com/@msdwt,channel,yes,districts_combined,https://youtu.be/OtP7c_FxGts https://youtu.be/wZGL80bXMXs https://www.youtube.com/@msdwt https://youtu.be/V0LHdDoIUKc https://youtu.be/OriP5Pru8xs https://youtu.be/bhMb4RjupSk https://youtu.be/fwZLEB0G_0w https://youtu.be/pdX4PWtpO1I https://youtu.be/-KOVcculE-s
us:sd:1300120,Atlanta City School District,GA,youtube,http://youtube.com/@apsinstructionalTechnology,channel,yes,districts_combined,http://youtube.com/@apsinstructionalTechnology https://www.youtube.com/@apsupdate https://www.youtube.com/@aboetv8227
us:sd:1300120,Atlanta City School District,GA,youtube,https://www.youtube.com/@apsupdate,channel,yes,districts_combined,http://youtube.com/@apsinstructionalTechnology https://www.youtube.com/@apsupdate https://www.youtube.com/@aboetv8227
us:sd:1300120,Atlanta City School District,GA,youtube,https://www.youtube.com/@aboetv8227,channel,yes,districts_combined,http://youtube.com/@apsinstructionalTechnology https://www.youtube.com/@apsupdate https://www.youtube.com/@aboetv8227
us:sd:4207710,Downingtown Area School District,PA,youtube,https://www.youtube.com/channel/UCPAr0Oghq794v73XqPs5M1g?app=desktop,channel,yes,districts_combined,https://www.youtube.com/playlist?list=PLYxKHqaRBcMUeKRWbtCvlQ3boHBdXUHL- https://youtube.com/playlist?list=PLYxKHqaRBcMUckxYQwTcK7jCavgt7ZLob&si=P5o-8J9e2_t75iIg https://www.youtube.com/channel/UCPAr0Oghq794v73XqPs5M1g?app=desktop https://www.youtube.com/channel/UCfAtFmI6NTkhzFDTVpxtm8A https://www.youtube.com/@DASDTVPA
us:sd:4207710,Downingtown Area School District,PA,youtube,https://www.youtube.com/channel/UCfAtFmI6NTkhzFDTVpxtm8A,channel,yes,districts_combined,https://www.youtube.com/playlist?list=PLYxKHqaRBcMUeKRWbtCvlQ3boHBdXUHL- https://youtube.com/playlist?list=PLYxKHqaRBcMUckxYQwTcK7jCavgt7ZLob&si=P5o-8J9e2_t75iIg https://www.youtube.com/channel/UCPAr0Oghq794v73XqPs5M1g?app=desktop https://www.youtube.com/channel/UCfAtFmI6NTkhzFDTVpxtm8A https://www.youtube.com/@DASDTVPA
us:sd:4207710,Downingtown Area School District,PA,youtube,https://www.youtube.com/@DASDTVPA,channel,yes,districts_combined,https://www.youtube.com/playlist?list=PLYxKHqaRBcMUeKRWbtCvlQ3boHBdXUHL- https://youtube.com/playlist?list=PLYxKHqaRBcMUckxYQwTcK7jCavgt7ZLob&si=P5o-8J9e2_t75iIg https://www.youtube.com/channel/UCPAr0Oghq794v73XqPs5M1g?app=desktop https://www.youtube.com/channel/UCfAtFmI6NTkhzFDTVpxtm8A https://www.youtube.com/@DASDTVPA
us:sd:1807650,Noblesville Schools,IN,youtube,https://www.youtube.com/playlist?list=PLJe-egSEmDt4mSmRP4qKTNd7tyC4qMi5D,playlist,no,districts_combined,https://www.youtube.com/playlist?list=PLJe-egSEmDt4mSmRP4qKTNd7tyC4qMi5D https://www.youtube.com/embed/YIn2pIt7Nqc?si=cZZFG08rrWcKYMpo https://www.youtube.com/live/SAP7rwavDX4
us:sd:0601950,Alisal Union Elementary School District,CA,youtube,https://www.youtube.com/channel/UCM49_jTzedCpczBvj1WOGcg,channel,yes,districts_combined,https://www.youtube.com/channel/UCM49_jTzedCpczBvj1WOGcg https://www.youtube.com/embed/L_03ZMj62ao?si=xXXeh0_P0S0gjRYS https://www.youtube.com/embed/H3TiR5TO0sU?si=nbpb7hG-TMHhLE48
us:sd:1600815,Plummer-Worley Joint School District 44,ID,youtube,https://www.youtube.com/embed/ECuDpOtH3Jo?si=d5IH_ZKJ8O5vwzsR,single_video,yes,districts_combined,https://www.youtube.com/embed/ECuDpOtH3Jo?si=d5IH_ZKJ8O5vwzsR https://www.youtube.com/embed/t_QGYripvcU?si=kJgV1bK1-bcx3ReD https://www.youtube.com/embed/NoEsoMBu9NI?si=r88ya5Oi0gkAWxMa https://www.youtube.com/embed/-pUYfckH9II?si=WHZBLupCKKwgIJEl
us:sd:1812090,Vigo County School Corporation,IN,youtube,https://www.youtube.com/channel/UCNDbt-bQ4y7Mn5_TkmFY2Nw,channel,yes,districts_combined,https://www.youtube.com/channel/UCNDbt-bQ4y7Mn5_TkmFY2Nw https://www.youtube.com/@vigocountyschoolcorporatio8520/streams
us:sd:1812090,Vigo County School Corporation,IN,youtube,https://www.youtube.com/@vigocountyschoolcorporatio8520/streams,channel,yes,districts_combined,https://www.youtube.com/channel/UCNDbt-bQ4y7Mn5_TkmFY2Nw https://www.youtube.com/@vigocountyschoolcorporatio8520/streams
us:sd:3303660,Haverhill Cooperative School District,NH,youtube,https://www.youtube.com/@SAU23NH,channel,no,districts_combined,https://www.youtube.com/@SAU23NH https://www.youtube.com/channel/UCUTJVQp_zBPwtscZs2Kw2xg
us:sd:5302940,Franklin Pierce School District,WA,youtube,https://www.youtube.com/user/FranklinPierceSD,channel,yes,districts_combined,https://www.youtube.com/user/FranklinPierceSD
us:sd:1812390,Warrick County School Corporation,IN,youtube,https://www.youtube.com/@warrickcountyschoolcorp4790/streams,channel,yes,districts_combined,https://www.youtube.com/embed/vbcxdt7SgJ4 https://www.youtube.com/embed/U9NZdq5hQ1s https://www.youtube.com/embed/ygCAL0VZKGQ https://www.youtube.com/@warrickcountyschoolcorp4790/streams https://www.youtube.com/watch?v=srjnNZSNvRY&list=PLC-bte8zoQEWC30X-SxTH5ADtVfohCuPs
us:sd:3904375,Cincinnati City School District,OH,youtube,https://www.youtube.com/@cpspublicaffairs9354,channel,yes,districts_combined,https://www.youtube.com/embed/lQjSAh8qVwY?si=EGSD2-nlQwQqkmJ3 https://www.youtube.com/embed/zDjumQ71oyc?si=BaNM5H9OM78wz9_w https://www.youtube.com/embed/IzaSSBTe6_s?si=FNabsWLHVICi_0h- https://www.youtube.com/embed/FgcPY1fVVAA?si=ndUvGb-MA8CHHv8C https://www.youtube.com/embed/t7dc_lJhrmE?si=wNpBHWG8xP0IHl10 https://www.youtube.com/embed/X8aPpmwS0ps?si=LMqQ114_Gd6opXvJ https://www.youtube.com/embed/MhEPlZW-UHw?si=f-O0SjQNZSLweXU5 https://www.youtube.com/embed/hFATZ41NETU?si=dMUlKG3ToIgYS6tA https://www.youtube.com/embed/7BDMa1d0e2M?si=llmy-lgKaa-Lh-S5 https://www.youtube.com/embed/ToBuu6NZEGo?si=0h9WmWzq1r_aQO1w https://www.youtube.com/embed/rM-wJ441_Q4?si=1yqQIy8r1ps1Iou5 https://www.youtube.com/embed/PtZuH8UHWSg?si=MWQbcKm6CrieLWij https://www.youtube.com/embed/wG2XmwKZIAQ?si=K9lq68xOnhOJFFdF https://www.youtube.com/embed/Qw12FBq_q44?si=zqZn3tjQV0i_64Ct https://www.youtube.com/embed/fRURCaBchm8?si=5UhS9N6Z-ZyNO6Ys https://www.youtube.com/embed/W9fm5nWxUkg?si=qQ_4Spf29BSY67qF https://www.youtube.com/embed/M0BnLlwvIo8?si=1S9GQOdN3jC2xiVr https://www.youtube.com/embed/7fCTc_RT4H4?si=SeIhFHGdkgdffIw9 https://www.youtube.com/embed/y0zBtw7F81k?si=RzZuazpTzgwopJX2 https://www.youtube.com/embed/i-zmE3WgNMk?si=KB0-gGu39QL5qUkK https://www.youtube.com/embed/bCMVX2ONAdM?si=ovL8dudjHCa_z539 https://www.youtube.com/embed/S1BvCJFEHzU?si=hBr4cFARoHVG9_8j https://www.youtube.com/embed/5bDanCz28CE?si=A4gWZzAsvNwSzfiA https://www.youtube.com/embed/vTfONG3ilV4?si=BeXtAzJziCDIZns_ https://www.youtube.com/embed/kvn0hJKZu4Q?si=1Z9TvvGl8eDXUWhJ https://www.youtube.com/embed/wWxKXfwV5FE?si=PPFdCQV0G594ocCS https://www.youtube.com/embed/xA3wOaZI_mw?si=yFeXTXn-SE7mo0Rw https://www.youtube.com/embed/sssXUEt3JPo?si=BXo0Uime6K5C0xp5 https://www.youtube.com/embed/4tqqM_XsbPc?si=21wBbTEOP4Mh9rwB https://www.youtube.com/embed/OhwwXngqDa8?si=pU4hgpTmu53VD9zq https://www.youtube.com/embed/YwwfQF10IZk?si=cYRqXN5XyMdFKFyz https://www.youtube.com/embed/wTpX5QNKR-I?si=Snu4-G84E41hHo4P https://www.youtube.com/@cpspublicaffairs9354 https://www.youtube.com/playlist?list=PLMccFkqH5eIwVKfkiwxC4ozNzrVe4kznw https://www.youtube.com/playlist?list=PLMccFkqH5eIz57Sn6q-G3I3P6d7e7gYwb https://youtube.com/playlist?list=PLMccFkqH5eIxT0yv_ctJnrjOEk1vmn2mE&feature=shared https://youtube.com/playlist?list=PLMccFkqH5eIyjWvqQtbT3q2vgOLrTjuhd&feature=shared https://youtube.com/playlist?list=PLMccFkqH5eIw1prDs4iHrFmXGQNPBBCAT&feature=shared https://youtube.com/playlist?list=PLMccFkqH5eIxBVuJSRw0V7WjL3a-ha-5g&feature=shared https://youtube.com/playlist?list=PLMccFkqH5eIzb1y2gU4LLMSoO_tp_Pc4w&feature=shared https://youtube.com/playlist?list=PLMccFkqH5eIyEwLB52b7EGV7ZiltG3kxv&feature=shared https://www.youtube.com/embed/CkYvT4z6g40 https://www.youtube.com/embed/GH9iCwPvLM4 https://www.youtube.com/embed/6zt_LlKUheM https://www.youtube.com/embed/chVm64ZQQQg https://www.youtube.com/embed/nGORwetcMjk https://www.youtube.com/embed/R4B9MGx5-TE https://www.youtube.com/embed/utSgAJ6CqFc https://www.youtube.com/embed/hINbJ4aNPxw https://www.youtube.com/embed/z3SakDOEM3M https://www.youtube.com/embed/e19Gftz6_xo https://www.youtube.com/embed/e6yhwLZNo7I https://www.youtube.com/embed/it_j9jS0Ar4 https://www.youtube.com/embed/tuqkOTW_Ofs https://www.youtube.com/embed/ygD3n_jFLtM https://www.youtube.com/embed/fqBcsqVfBFQ https://www.youtube.com/embed/Yc9-6PMYsCw https://www.youtube.com/embed/tHvmlIsl6EU https://www.youtube.com/embed/G89XsCphWn4 https://www.youtube.com/embed/bYEEsibuGuQ https://www.youtube.com/embed/-9kR80LvPFw https://www.youtube.com/embed/K2LKPPuhVvc https://www.youtube.com/embed/ALDbxjD5zBE https://www.youtube.com/embed/xIwPDvb3VzQ https://www.youtube.com/embed/5jJTGZhPSLs https://www.youtube.com/embed/t0fY6QE0oLc https://www.youtube.com/embed/grzU8AouR_c https://www.youtube.com/embed/quzM_swRgtA https://www.youtube.com/embed/RqeD28c3R_s https://www.youtube.com/embed/_IbURNY0DLs https://www.youtube.com/embed/L4jX6smoKyk https://www.youtube.com/embed/phI8psi2AaM https://www.youtube.com/embed/CuUxzLQ_bJk https://www.youtube.com/embed/Cjdx9FyfxB0 https://www.youtube.com/embed/tmwxK2vmQQk https://www.youtube.com/embed/SXMtVC0RPbY https://www.youtube.com/embed/_rk5HcgWBYo https://www.youtube.com/embed/T6tjFbflee0 https://www.youtube.com/embed/iTJcEJt2e94 https://www.youtube.com/embed/IcBy0_r4NSA https://www.youtube.com/embed/YOBwk6IGacw https://www.youtube.com/embed/Mdu6QA5LD0o https://www.youtube.com/embed/MyfqKujqTQo https://www.youtube.com/embed/YQCjReJcEeo https://www.youtube.com/embed/nHB6qTVP0Fk https://www.youtube.com/embed/uG2lpCvxh6Y https://www.youtube.com/embed/X1h4nBuY1-o https://www.youtube.com/embed/TVH-6mdHur0 https://www.youtube.com/embed/r_eGOZEy4Is https://www.youtube.com/embed/xGLyLl_ZbBM https://www.youtube.com/embed/h7ouHzXz-9k https://www.youtube.com/embed/MzlxexALKoI https://www.youtube.com/embed/VAf0YeN7Vj8 https://www.youtube.com/embed/1aY4jNQotwI?t=2s https://www.youtube.com/embed/WziBtHJY-G4 https://www.youtube.com/embed/TYeBjziMnGA https://www.youtube.com/embed/oVn3YGX_LKY https://www.youtube.com/watch?v=ghzBeADL1y8 https://www.youtube.com/embed/mV7NR8MKVRw https://www.youtube.com/embed/kR38_4A1qbc https://www.youtube.com/embed/H4Z-_VFIUqk https://www.youtube.com/embed/a0GmHh5e-AA https://www.youtube.com/embed/Zyx7rVWO8Kw https://www.youtube.com/embed/xrqdre0iMrE https://www.youtube.com/embed/xdoxwpeAsJA https://www.youtube.com/embed/u6tKFJbbNxc https://www.youtube.com/embed/4k03Y1lhIhs https://www.youtube.com/embed/WyvR_3WujX8 https://www.youtube.com/embed/Yf_SwAArmPU https://www.youtube.com/embed/JhMTxhMfTF8 https://www.youtube.com/embed/oXrXciWyy2U https://www.youtube.com/embed/dfUUhkzHYko https://www.youtube.com/embed/aImGsswasdU https://www.youtube.com/embed/ukRrj0RM5fM https://www.youtube.com/embed/FAvEc3zffMI https://www.youtube.com/embed/v6eFxIIUdxA https://www.youtube.com/embed/d9ELYZSRzes https://www.youtube.com/embed/u0SJl_k5T5Y https://www.youtube.com/embed/6f-Pr65uGUM https://www.youtube.com/embed/id9pUyOTeyo https://www.youtube.com/embed/xuVvxleHE5U https://www.youtube.com/embed/B6qbGzKvrbg https://www.youtube.com/embed/IQOxTeMBBw8 https://www.youtube.com/embed/ISaEc7W0G9M https://www.youtube.com/embed/H9jbfzpRscc https://www.youtube.com/embed/jz_z-pYB_i4 https://www.youtube.com/embed/0yqqAnS37q8?t=35s https://www.youtube.com/embed/mzWys8FF2QI https://www.youtube.com/embed/J6rlSKkRcuw https://www.youtube.com/embed/AE2bpCMmM_o https://www.youtube.com/embed/kRjqkHRbqV0?t=3373s https://www.youtube.com/embed/FO4AnjpgDBY https://www.youtube.com/embed/WVgIBptvOYc https://www.youtube.com/embed/MEqVC-faLIM https://www.youtube.com/embed/Q7W_MPvdtqA https://www.youtube.com/embed/3kg6vdN5x0o https://www.youtube.com/embed/avPugtynUGQ?list=PLMccFkqH5eIwVKfkiwxC4ozNzrVe4kznw&index=4 https://www.youtube.com/embed/3LiMR5zohtE?list=PLMccFkqH5eIwVKfkiwxC4ozNzrVe4kznw&index=9 https://www.youtube.com/embed/VkBNjDkCZtA?list=PLMccFkqH5eIwVKfkiwxC4ozNzrVe4kznw&index=6 https://www.youtube.com/embed/thX3BWFBcjw?list=PLMccFkqH5eIwVKfkiwxC4ozNzrVe4kznw&index=13 https://www.youtube.com/embed/7KGJuJ5nKE0?list=PLMccFkqH5eIwVKfkiwxC4ozNzrVe4kznw&index=14 https://www.youtube.com/embed/hFX3NyKJLX8?list=PLMccFkqH5eIwVKfkiwxC4ozNzrVe4kznw&index=10 https://www.youtube.com/embed/sUAKO4sBnaI?list=PLMccFkqH5eIwVKfkiwxC4ozNzrVe4kznw&index=15 https://www.youtube.com/embed/10B64Des67E?list=PLMccFkqH5eIwVKfkiwxC4ozNzrVe4kznw&index=9 https://www.youtube.com/embed/V5GKLJ2JoS4?list=PLMccFkqH5eIwVKfkiwxC4ozNzrVe4kznw&index=12 https://www.youtube.com/embed/hRn8BjCQux4 https://www.youtube.com/embed/q5YNgGXIqys https://www.youtube.com/embed/xIU-fn04pG4 https://www.youtube.com/embed/sHSuuE3nPRo https://www.youtube.com/embed/RHdkbfa04RY https://www.youtube.com/embed/79c8H3VWeg0 https://www.youtube.com/embed/r9grIBPogZ0 https://www.youtube.com/embed/SRj2-tj1xJk?list=PLMccFkqH5eIwVKfkiwxC4ozNzrVe4kznw&index=20 https://www.youtube.com/embed/HNYqdvAGy0o?list=PLMccFkqH5eIwVKfkiwxC4ozNzrVe4kznw&index=7 https://www.youtube.com/embed/73R-5RC-V84 https://www.youtube.com/embed/_h-psR6D9Cw https://www.youtube.com/embed/z-4KBZ_h7c0 https://www.youtube.com/embed/GLy-wD6fz-I?list=PLMccFkqH5eIwVKfkiwxC4ozNzrVe4kznw&index=6 https://www.youtube.com/embed/py2SgWRwU8E?list=PLMccFkqH5eIwVKfkiwxC4ozNzrVe4kznw&index=8 https://www.youtube.com/embed/R-jl_UiVUFw?list=PLMccFkqH5eIwVKfkiwxC4ozNzrVe4kznw&index=9 https://www.youtube.com/embed/xwLV-pd_DyU?list=PLMccFkqH5eIwVKfkiwxC4ozNzrVe4kznw&index=10 https://www.youtube.com/embed/IPY-F4mlIq4?list=PLMccFkqH5eIwVKfkiwxC4ozNzrVe4kznw&index=11 https://www.youtube.com/embed/6QcU87eoGWI?list=PLMccFkqH5eIwVKfkiwxC4ozNzrVe4kznw&index=17 https://www.youtube.com/embed/Na83f9UIWd0?list=PLMccFkqH5eIwVKfkiwxC4ozNzrVe4kznw&index=13 https://www.youtube.com/embed/Roh0IB31aqk?list=PLMccFkqH5eIwVKfkiwxC4ozNzrVe4kznw&index=14 https://www.youtube.com/embed/AO2H4_a2-MA?list=PLMccFkqH5eIwVKfkiwxC4ozNzrVe4kznw&index=15 https://www.youtube.com/embed/u2OafeC2zbI https://www.youtube.com/embed/R5m8ME8vwgU?list=PLMccFkqH5eIwVKfkiwxC4ozNzrVe4kznw&index=16 https://www.youtube.com/embed/YmWqRqFbZJQ https://www.youtube.com/embed/xdSwekia-UU?list=PLMccFkqH5eIwVKfkiwxC4ozNzrVe4kznw&index=12 https://www.youtube.com/embed/US5KvUUOFZc https://www.youtube.com/embed/hfoXNmoAHWQ https://www.youtube.com/embed/4nT4tEhfqvg https://www.youtube.com/embed/B5PjOP51HDI https://www.youtube.com/embed/KdLc8sriSbM https://www.youtube.com/embed/VnmqxmBzfn0 https://www.youtube.com/embed/8wsT_-_yXcg https://www.youtube.com/embed/p_7DMePQsiA https://www.youtube.com/embed/ocjkgP2lKig https://www.youtube.com/embed/vif5xY8unUU https://www.youtube.com/embed/3j2sdPewH34 https://www.youtube.com/embed/PUKLFskI7r4 https://www.youtube.com/embed/IH46mU170lQ https://www.youtube.com/embed/Rayv_hNBD5A https://www.youtube.com/embed/4eLnsibWiU4 https://www.youtube.com/embed/8IIm_PXMmz8 https://www.youtube.com/embed/GUNokjfNXrU https://www.youtube.com/embed/SE8rK2dXbws https://www.youtube.com/embed/ASPBoc-y9TM https://www.youtube.com/embed/8eX13tVzCa4 https://www.youtube.com/embed/uHKW_skY46c https://www.youtube.com/embed/SkSjNYLFxEc https://www.youtube.com/embed/DIg3aw48x2M https://www.youtube.com/embed/8QNv7K0TN0E https://www.youtube.com/embed/MgP4MgNouCg https://www.youtube.com/embed/cKnbFCXt05M https://www.youtube.com/embed/4H5LNA0wF04 https://www.youtube.com/embed/ccxdnGrqNFk#action=share https://www.youtube.com/embed/SiS5rOJ-6dg https://www.youtube.com/embed/I5UpWWRg6AA https://www.youtube.com/embed/0u5O3BFD9c4#action=share https://www.youtube.com/embed/rna5taU0Tf8 https://www.youtube.com/embed/mgPLCejx1eQ https://www.youtube.com/embed/oJT9KJ_COng https://www.youtube.com/embed/4jCPE8Cp04g https://www.youtube.com/embed/9odHi7VU5Ww https://www.youtube.com/embed/LoT6K2WR98w https://www.youtube.com/embed/buVoWYwu-iE https://www.youtube.com/embed/OriARE5ka5k https://www.youtube.com/embed/TJgEWTm0Pwg https://www.youtube.com/embed/3Q2kiU1r5zk https://www.youtube.com/embed/84ElFZVy5XQ https://www.youtube.com/embed/tgUkpwzdnRI https://www.youtube.com/embed/gnGsTdR1-ps https://www.youtube.com/embed/Kj-cYykgfac https://www.youtube.com/embed/-bGUgt-xxQs https://www.youtube.com/embed/x4KrAe5Z91s https://www.youtube.com/embed/5aIcDwQb3dw https://www.youtube.com/embed/VoirnPiOFic https://www.youtube.com/embed/DIl0KiflYD4 https://www.youtube.com/embed/cYTVSWuIYjg https://www.youtube.com/embed/xF6uiBAtBKQ https://www.youtube.com/embed/Qg7OPYxAvaU https://www.youtube.com/embed/EqIL0GxD65w https://www.youtube.com/embed/lnDK8tNaKic https://www.youtube.com/embed/7sYISuWJ7m8 https://www.youtube.com/embed/7Va1pn-80Zo https://www.youtube.com/embed/Ob7i5WPFENM https://www.youtube.com/embed/HaP5Fn4UQ7U https://www.youtube.com/embed/DIke7fKq9Hk https://www.youtube.com/embed/yhHW1aC6eow https://www.youtube.com/embed/isNysL4tfX4 https://www.youtube.com/embed/MgwHeMWe-sk https://www.youtube.com/embed/IwLwOqjF-Xg https://www.youtube.com/embed/lDSqO14MkYk https://www.youtube.com/embed/TomzaoU3UQQ#action=share https://www.youtube.com/embed/yT3WosAdI54 https://www.youtube.com/embed/1pamKk41tUw https://www.youtube.com/embed/pE3so8JnFTM https://www.youtube.com/embed/wG-IeC3SUn0 https://www.youtube.com/embed/sP--jnhz858 https://www.youtube.com/embed/3KdWBknF440 https://www.youtube.com/embed/ZAULjOjQi90#action=share https://www.youtube.com/embed/agRlS4M4xCc https://www.youtube.com/embed/uURO9j4zPRU https://www.youtube.com/embed/Igsn7b4WQcA https://www.youtube.com/embed/LI5whO_n_tc https://www.youtube.com/embed/6VF3j2Sj37M https://www.youtube.com/embed/NOIX_4ydL4Q https://www.youtube.com/embed/JL6BUk6zvdY https://www.youtube.com/embed/WbmwiD1UdYo https://www.youtube.com/embed/0sStU4EUagA https://www.youtube.com/embed/S6FiRxZy67Y https://www.youtube.com/embed/sb0-bpP_RS8 https://www.youtube.com/embed/f3Vla3BloCo https://www.youtube.com/embed/2visfB5AOaU https://www.youtube.com/embed/MoVLDNx_mt8 https://www.youtube.com/embed/dp3yjqQRD44 https://www.youtube.com/embed/aLbwN62F0UQ https://www.youtube.com/embed/NNXZYpHpZpA https://www.youtube.com/embed/_RQZPgnIvdo https://www.youtube.com/embed/95xttUBqXPg https://www.youtube.com/embed/JA6LWTPt7cM https://www.youtube.com/embed/a1lzJi_Nc78 https://www.youtube.com/embed/fYLvbht4M-Y https://www.youtube.com/embed/ymWtEp5C-Gc https://www.youtube.com/embed/K7b_5hFLZxo https://www.youtube.com/embed/rzcULPuO58U https://www.youtube.com/embed/GHq6i1-UFuQ https://www.youtube.com/embed/r6LaR-EckVg https://www.youtube.com/embed/DMtxO2l3hDU https://www.youtube.com/embed/Z-erbhlIExs https://www.youtube.com/embed/kFwyvBRximY https://www.youtube.com/embed/UahpTRUpdM8 https://www.youtube.com/embed/cmLA1qloxvM https://www.youtube.com/embed/2YSYOVG4GKY https://www.youtube.com/embed/dz0J9psUdcc https://www.youtube.com/embed/ygEAvdScIPA
us:sd:5510770,Norwalk-Ontario-Wilton School District,WI,youtube,https://www.youtube.com/channel/UCrk3fBY_I4qkrewvJew1xXQ,channel,no,districts_combined,https://www.youtube.com/channel/UCrk3fBY_I4qkrewvJew1xXQ
us:sd:3404890,Evesham Township School District,NJ,youtube,https://www.youtube.com/@eveshamboeadministration6824,channel,yes,districts_combined,https://www.youtube.com/@eveshamboeadministration6824
us:sd:4215330,Millcreek Township School District,PA,youtube,https://www.youtube.com/c/MillcreekTownshipSchoolDistrict/videos,channel,yes,districts_combined,https://www.youtube.com/channel/UCM_9AgXoffGfyso3Fr0g-Rg https://www.youtube.com/embed/CfctNt86ndw https://www.youtube.com/c/MillcreekTownshipSchoolDistrict/videos
us:sd:1806570,Michigan City Area Schools,IN,youtube,http://www.youtube.com/@MCASnetwork,channel,no,districts_combined,http://www.youtube.com/@MCASnetwork
us:sd:0634880,San Marcos Unified School District,CA,youtube,https://www.youtube.com/channel/UC6o1cGihNFxUG2zkuvgl2Tg,channel,no,districts_combined,https://www.youtube.com/channel/UC6o1cGihNFxUG2zkuvgl2Tg
us:sd:3904394,Elyria City School District,OH,youtube,https://www.youtube.com/channel/UCde2sWwb6pSapK6xi371nJQ,channel,yes,districts_combined,https://www.youtube.com/channel/UCde2sWwb6pSapK6xi371nJQ
us:sd:0807230,Westminster Public School District,CO,youtube,https://www.youtube.com/@WestminsterPublicSchools,channel,yes,districts_combined,https://www.youtube.com/@WestminsterPublicSchools
us:sd:5306690,Peninsula School District,WA,youtube,https://www.youtube.com/c/PeninsulaSchoolDistrict401GigHarbor,channel,yes,districts_combined,https://www.youtube.com/c/PeninsulaSchoolDistrict401GigHarbor https://www.youtube.com/channel/UCziGt9xSKb9BZvayuXcm15Q
us:sd:5306690,Peninsula School District,WA,youtube,https://www.youtube.com/channel/UCziGt9xSKb9BZvayuXcm15Q,channel,yes,districts_combined,https://www.youtube.com/c/PeninsulaSchoolDistrict401GigHarbor https://www.youtube.com/channel/UCziGt9xSKb9BZvayuXcm15Q
us:sd:4218510,Parkland School District,PA,youtube,https://www.youtube.com/c/ParklandTV/videos,channel,yes,districts_combined,https://www.youtube.com/channel/UC7PBoxHyuZp1EC2qzgLK71Q https://www.youtube.com/c/ParklandTV/videos https://youtube.com/live/ykRLy5Tl6ik?feature=share https://www.youtube.com/live/JBJ-7s8gfpA?feature=share https://youtube.com/live/UHm8kVMJ-GM?feature=share https://youtube.com/live/quBon1KdJl4?feature=share https://www.youtube.com/live/PC3htpg9Qkw https://youtube.com/live/A3TE-56wxy8?feature=share https://www.youtube.com/live/QAmDYFXlvgA https://youtube.com/live/f3-26wWFQFI?feature=share https://youtube.com/live/Cuo43h65JmU?feature=share https://www.youtube.com/live/rfF7Rw3yNjA https://www.youtube.com/live/BQTAFmAAteA https://youtube.com/live/VJzhKA8AjRo?feature=share https://www.youtube.com/live/-nEipJCJTCo https://youtube.com/live/wvtNsocwX20?feature=share https://youtube.com/live/jfHIT1-hldU?feature=share https://youtube.com/live/yDxxQohm754?feature=share https://youtube.com/live/YZZ3f4zyfe8?feature=share https://youtube.com/live/JlIdJSQa2Sw?feature=share https://youtube.com/live/Tq-kYvJ4jlM?feature=share https://youtube.com/live/1bsGYZ5b3sY?feature=share https://youtube.com/live/z_-Qjp_6BZQ?feature=share https://youtube.com/live/J51Ly169SPM?feature=share https://youtube.com/live/YTJJJnon6NQ?feature=share https://youtube.com/live/o7QJLUmwASI?feature=share https://youtube.com/live/XIsw99Y4Yhg?feature=share https://www.youtube.com/live/dXY3TYnXLRU https://youtube.com/live/vTxVXfqbJvQ?feature=share https://youtube.com/live/ZtYLVGubHqI?feature=share https://youtube.com/live/KkQkD1m70b8?feature=share https://www.youtube.com/live/cjUxrF-7tiw
us:sd:3600012,Bolivar-Richburg Central School District,NY,youtube,https://www.youtube.com/@BRWolverines,channel,yes,districts_combined,https://www.youtube.com/@BRWolverines
us:sd:1712120,Des Plaines Community Consolidated School District 62,IL,youtube,https://www.youtube.com/@district62media21/featured,channel,yes,districts_combined,https://www.youtube.com/@district62media21/featured https://www.youtube.com/watch?v=-Mhp5xt70eQ https://www.youtube.com/watch?v=Jm6nudUpEmE&list=PLJ4WOn-JXAeRbgmOzRQqNGKb0n2TdN5CE&index=4 https://www.youtube.com/watch?v=BB2v2XnTJWQ&list=PLJ4WOn-JXAeRbgmOzRQqNGKb0n2TdN5CE&index=3 https://www.youtube.com/watch?v=PR0tx99gOiE&list=PLJ4WOn-JXAeRbgmOzRQqNGKb0n2TdN5CE&index=5 https://www.youtube.com/watch?v=H4gJjpckp6g&list=PLJ4WOn-JXAeRbgmOzRQqNGKb0n2TdN5CE&index=5 https://www.youtube.com/watch?v=H4gJjpckp6g https://www.youtube.com/watch?v=sJ8uwC3vTfw https://www.youtube.com/watch?v=taM_N1a0sUQ https://www.youtube.com/watch?v=Yrpf9s5O8tg https://www.youtube.com/watch?v=PR0tx99gOiE https://www.youtube.com/watch?v=VDO4oTKVoww https://www.youtube.com/watch?v=X82cD4jGKWk https://www.youtube.com/watch?v=z2hyN_d0_04 https://www.youtube.com/watch?v=egQMA7tOxDA https://www.youtube.com/playlist?list=PLJ4WOn-JXAeQisEPV9Qqir4XS2cbQq03q
us:sd:0621210,Lawndale Elementary School District,CA,youtube,https://www.youtube.com/@lesdyoutube5774/streams,channel,yes,districts_combined,https://www.youtube.com/channel/UC9V66TVy3eqJwG4Rnfch2KA/playlists?view_as=subscriber https://www.youtube.com/@lesdyoutube5774/streams
us:sd:4824060,Hurst-Euless-Bedford Independent School District,TX,youtube,https://www.youtube.com/user/ShadyBrookElementary,channel,yes,districts_combined,https://www.youtube.com/hebisd https://www.youtube-nocookie.com/embed/Gcz-ivquM5o https://www.youtube-nocookie.com/embed/bgM-nyvgIrw https://www.youtube-nocookie.com/embed/4q2IaJBECKc https://www.youtube-nocookie.com/embed/lK_y0db7b7A https://www.youtube-nocookie.com/embed/2jvYyWEenIM https://www.youtube-nocookie.com/embed/B8E4LA5hCIA https://www.youtube-nocookie.com/embed/uL9aLjv2FzY https://www.youtube-nocookie.com/embed/PMwB1yXCNG8 https://www.youtube-nocookie.com/embed/hFEapw1NKxI https://www.youtube-nocookie.com/embed/PAHls3fVtqA https://www.youtube-nocookie.com/embed/LZhI6dTJYec https://www.youtube-nocookie.com/embed/ZLO8YjJmUmg?si=M8CAavfHIYdvey6R https://www.youtube-nocookie.com/embed/tF2Efn4TeJk https://www.youtube-nocookie.com/embed/EpqSMZ8nLbU https://www.youtube.com/playlist?list=PLK_YCvAytuGOfhkAYGCXsmevkCUEdGNue https://www.youtube-nocookie.com/embed/tENVuMJrsKI https://www.youtube-nocookie.com/embed/Dssqgn4565E https://www.youtube-nocookie.com/embed/x0VtI_Cs-XA https://www.youtube-nocookie.com/embed/AJsBUJ8fU1I https://www.youtube-nocookie.com/embed/2gDUqLw63B0 https://www.youtube-nocookie.com/embed/XQt22G7kfwc https://www.youtube.com/hebisdweb https://www.youtube.com/user/ShadyBrookElementary https://www.youtube.com/channel/UC9kgObl2BlZXzcEW4z1b78w
us:sd:4824060,Hurst-Euless-Bedford Independent School District,TX,youtube,https://www.youtube.com/channel/UC9kgObl2BlZXzcEW4z1b78w,channel,yes,districts_combined,https://www.youtube.com/hebisd https://www.youtube-nocookie.com/embed/Gcz-ivquM5o https://www.youtube-nocookie.com/embed/bgM-nyvgIrw https://www.youtube-nocookie.com/embed/4q2IaJBECKc https://www.youtube-nocookie.com/embed/lK_y0db7b7A https://www.youtube-nocookie.com/embed/2jvYyWEenIM https://www.youtube-nocookie.com/embed/B8E4LA5hCIA https://www.youtube-nocookie.com/embed/uL9aLjv2FzY https://www.youtube-nocookie.com/embed/PMwB1yXCNG8 https://www.youtube-nocookie.com/embed/hFEapw1NKxI https://www.youtube-nocookie.com/embed/PAHls3fVtqA https://www.youtube-nocookie.com/embed/LZhI6dTJYec https://www.youtube-nocookie.com/embed/ZLO8YjJmUmg?si=M8CAavfHIYdvey6R https://www.youtube-nocookie.com/embed/tF2Efn4TeJk https://www.youtube-nocookie.com/embed/EpqSMZ8nLbU https://www.youtube.com/playlist?list=PLK_YCvAytuGOfhkAYGCXsmevkCUEdGNue https://www.youtube-nocookie.com/embed/tENVuMJrsKI https://www.youtube-nocookie.com/embed/Dssqgn4565E https://www.youtube-nocookie.com/embed/x0VtI_Cs-XA https://www.youtube-nocookie.com/embed/AJsBUJ8fU1I https://www.youtube-nocookie.com/embed/2gDUqLw63B0 https://www.youtube-nocookie.com/embed/XQt22G7kfwc https://www.youtube.com/hebisdweb https://www.youtube.com/user/ShadyBrookElementary https://www.youtube.com/channel/UC9kgObl2BlZXzcEW4z1b78w
us:sd:1909120,Dike-New Hartford Community School District,IA,youtube,https://www.youtube.com/@DNHWolverines,channel,no,districts_combined,https://www.youtube.com/@DNHWolverines https://www.youtube.com/dnhwolverines
us:sd:0623160,Lynwood Unified School District,CA,youtube,https://www.youtube.com/@LynwoodUnified,channel,yes,districts_combined,https://www.youtube.com/@LynwoodUnified https://www.youtube.com/watch?v=Q69QPARD-lI&list=PLxobCXG1wiSoSTmaBAymZH2SXfKcI4SRI&index=1 https://www.youtube.com/c/LynwoodTV https://www.youtube.com/playlist?list=PLBclY1iaUoVqxFjaRipOwM_2focC2EW6q https://www.youtube.com/embed/Hr3SIjnJpoc?si=nhph_Dh5BBdac-0B https://www.youtube.com/embed/bDHMXRol6Zc https://www.youtube.com/embed/vLlEkcZeLI8 https://www.youtube.com/embed/OmiSR0TfJEU https://www.youtube.com/embed/Ira6IYQycD4 https://www.youtube.com/embed/cavqm3e7BTQ https://www.youtube.com/playlist?list=PLxobCXG1wiSoSTmaBAymZH2SXfKcI4SRI https://www.youtube.com/playlist?list=PLBclY1iaUoVo1Ao_K1JsgWcsV1n6XJ5DW
us:sd:0623160,Lynwood Unified School District,CA,youtube,https://www.youtube.com/c/LynwoodTV,channel,yes,districts_combined,https://www.youtube.com/@LynwoodUnified https://www.youtube.com/watch?v=Q69QPARD-lI&list=PLxobCXG1wiSoSTmaBAymZH2SXfKcI4SRI&index=1 https://www.youtube.com/c/LynwoodTV https://www.youtube.com/playlist?list=PLBclY1iaUoVqxFjaRipOwM_2focC2EW6q https://www.youtube.com/embed/Hr3SIjnJpoc?si=nhph_Dh5BBdac-0B https://www.youtube.com/embed/bDHMXRol6Zc https://www.youtube.com/embed/vLlEkcZeLI8 https://www.youtube.com/embed/OmiSR0TfJEU https://www.youtube.com/embed/Ira6IYQycD4 https://www.youtube.com/embed/cavqm3e7BTQ https://www.youtube.com/playlist?list=PLxobCXG1wiSoSTmaBAymZH2SXfKcI4SRI https://www.youtube.com/playlist?list=PLBclY1iaUoVo1Ao_K1JsgWcsV1n6XJ5DW
us:sd:3624930,Romulus Central School District,NY,youtube,https://www.youtube.com/@romuluscentralschool9651,channel,yes,districts_combined,https://www.youtube.com/@romuluscentralschool9651
us:sd:2802280,Jones County School District,MS,youtube,https://www.youtube.com/channel/UCB_j-Jxdj8tiamLk_Oc8CNg/featured?view_as=subscriber,channel,no,districts_combined,https://www.youtube.com/channel/UCB_j-Jxdj8tiamLk_Oc8CNg/featured?view_as=subscriber
us:sd:0100008,Madison City School District,AL,youtube,https://www.youtube.com/user/MadisonCitySchools,channel,no,districts_combined,https://www.youtube.com/user/MadisonCitySchools https://www.youtube.com/embed/Qy-ISTnziwA https://www.youtube.com/embed/EIxbfozdGv4 https://www.youtube.com/embed/rtWEN-xChwk
us:sd:1808250,Northwest Allen County Schools,IN,youtube,https://www.youtube.com/@northwestallencountyschools,channel,no,districts_combined,https://www.youtube.com/@northwestallencountyschools
us:sd:1705466,Marseilles Elementary School District 150,IL,youtube,https://www.youtube.com/@marseilles1505/featured,channel,no,districts_combined,https://www.youtube.com/@marseilles1505/featured
us:sd:1600510,Caldwell School District 132,ID,youtube,https://www.youtube.com/channel/UCIdemKydDK9AYMWfyAIZ2DA,channel,no,districts_combined,https://www.youtube.com/channel/UCIdemKydDK9AYMWfyAIZ2DA
us:sd:4202340,Altoona Area School District,PA,youtube,https://www.youtube.com/user/AltoonaSD/videos,channel,yes,districts_combined,https://www.youtube.com/user/AltoonaSD/videos
us:sd:0805790,Montrose County School District RE-1J,CO,youtube,https://www.youtube.com/@mcsd_re1j,channel,yes,districts_combined,https://www.youtube.com/@mcsd_re1j
us:sd:1713140,East Maine School District 63,IL,youtube,https://www.youtube.com/@eastmaineschooldistrict6396,channel,yes,districts_combined,https://www.youtube.com/@eastmaineschooldistrict6396
us:sd:3617520,Liverpool Central School District,NY,youtube,https://www.youtube.com/live/w-c_QirLSik?si=wCLUGECv5Yh_tCoK,single_video,yes,districts_combined,https://www.youtube.com/live/w-c_QirLSik?si=wCLUGECv5Yh_tCoK https://www.youtube.com/live/oL_aIt1Q70g?si=zO1BfZUPqFaPYpmj https://www.youtube.com/live/MZmSWeXho_M?si=bm167QbRwIDjSpb3 https://youtube.com/live/tVacMPA0Zd0?feature=share https://youtube.com/live/xHmKeJ_Dv_8?feature=share https://www.youtube.com/live/assWE2EUoGs?si=9mya2AmuwTJHaQlg https://www.youtube.com/live/LlCQ4sX2l2s?si=k17tONZGeoYzYQHj https://youtube.com/live/kZbdLNgWrLY https://youtube.com/live/7t7DnOH8oDg https://youtube.com/live/y2CHjTbUBOs https://youtube.com/live/QVDOXoJfLw0 https://www.youtube.com/live/vzsWKGGuAVU?si=mpJ-gT7iQ56gI6Aw https://youtu.be/LsoUOjZmpqc?si=4EWIZtRMjuJ-Ofgu https://youtu.be/xJ1iaefSLo8?si=YXx0uNel3T3u29H2 https://www.youtube.com/live/8Yn6PW_W3N8?si=ferZSeWW8izpHcyv https://youtu.be/7ayIDNzkjlU?si=QJ_DrdlaKKAZdTNh https://www.youtube.com/live/IzMAC4vc-0c?si=i91o1OhmY1a6P65Q https://www.youtube.com/live/RUL1ep4kXX8?si=GcyMMRGon8Kdt5V1 https://www.youtube.com/live/Cu99ZK5BXyw?si=iNSnfn2tfEGHVuGC https://www.youtube.com/live/pTJh_Gx_zaw?si=AVbI8jfCVXoc3Upw https://www.youtube.com/live/-asUYRXeySI?si=Vj7LlW4owXZuav_R https://www.youtube.com/live/MKutL6cpeYM?si=KXn8J66HpgjWjWZ1 https://www.youtube.com/live/2Ctv_wWGp9M?si=pFDWCONQ57_hCTK9 https://www.youtube.com/live/rTUpvamBA84?si=r3X3NrKyveHuPUdc https://www.youtube.com/live/BLfdKreKNOI?si=B_MzpFYbe0Y-hNul https://www.youtube.com/live/xY2xGbLgAP0?si=Eg-aKPvuHVKSYyvw https://www.youtube.com/live/GrKc_ZJx0LA?si=GilxAHnymAvP7sdq https://youtube.com/live/tHwu7KPgwxk https://www.youtube.com/live/i4wgnRpmeL4?si=aHyOuL_lgAd535kX https://www.youtube.com/live/GTEMfzd7c2g?si=9_KCTYIzo8t6-Aiq https://www.youtube.com/live/h-v7OLOUUVw?si=df55MAqMWiKy_NZs https://www.youtube.com/live/51B2nWV-UIw?si=E-VPnLxAli601CWU https://www.youtube.com/live/0J4s2_l-cV0?si=hrnuHto-AdfmhpDm https://www.youtube.com/live/NNK8VvtceVk?si=ikTPL60c7zjoP84z https://www.youtube.com/live/nLLSzPlWAyw?si=VRL_-cY1gtpX7fxY https://www.youtube.com/live/-51fCHyHpV0?si=vmINIE861YwZ-D4F https://youtube.com/live/F2HePVo2npI?feature=share https://youtube.com/live/pAvLIXkM79Y?feature=share https://youtube.com/live/hUiexDji6V0?feature=share https://youtube.com/live/TZuyAvXz3go?feature=share
us:sd:3027840,Whitehall High School District,MT,youtube,https://youtube.com/@whitehallmtschooldistrict?si=-cP94uWG0PpAwd76,channel,no,districts_combined,https://youtube.com/@whitehallmtschooldistrict?si=-cP94uWG0PpAwd76 https://youtube.com/live/f4rgnO-VJS8 https://youtu.be/R-fQseO6zfI https://youtube.com/live/4Qjng2SBM4c https://youtube.com/live/lXVW1MgAg9s?feature=share https://www.youtube.com/watch?v=wbbwlY3TVY0 https://www.youtube.com/live/jR-F3wCD7AA?si=0X9P7XcdGvBb2JtR https://youtube.com/live/jv9kCSH_dfI https://youtube.com/live/xvA9PrlU8Mg https://www.youtube.com/live/OpHmrUjV6_M https://www.youtube.com/live/FBQD-8qwLgw https://www.youtube.com/live/8dpZRGzhudM https://youtu.be/aMUcrleuUXo https://www.youtube.com/watch?v=8k1qm0BjWEc https://youtu.be/fzMHC83Dhew https://www.youtube.com/watch?v=ujah0h4yRXs https://youtu.be/r8btmUQ8mEw https://youtu.be/5w_2cjsVjR8 https://youtu.be/eVMZ2w1DPns https://youtu.be/zbEf2_I4CaU https://www.youtube.com/watch?v=rxEj2qc58Yw https://www.youtube.com/watch?v=_4UnPzNyriE https://www.youtube.com/watch?v=4MLu0EfCqcM https://www.youtube.com/watch?v=T2d9Bl2Bfrc https://www.youtube.com/watch?v=TVTIpVIA4TU https://www.youtube.com/embed/bG5KriodGck?si=YTE9_4NkdYgkLqpO
us:sd:3904487,Sylvania City School District,OH,youtube,https://www.youtube.com/channel/UC74LUMV4HQspBVT44aetf6g,channel,yes,districts_combined,https://www.youtube.com/@districtboard4638/videos https://youtu.be/wx57fbXQEN4?si=d1PALzHmxyPJIbkn https://youtu.be/8qM81Coqy84?si=NXc-Ld5WTHItjwPr&t=263 https://www.youtube.com/watch?v=Jpr_pBrHihk https://www.youtube.com/channel/UC74LUMV4HQspBVT44aetf6g https://www.youtube.com/embed/i57CsXdJEjI?controls=0&mute=1&autoplay=1&loop=1&playlist=i57CsXdJEjI https://youtu.be/P4upCiorZCY https://youtu.be/0O9yT47Sn2Q https://youtu.be/ggCV8jMTlmQ
us:sd:5514970,Flambeau School District,WI,youtube,https://www.youtube.com/user/FlambeauSchool,channel,yes,districts_combined,https://www.youtube.com/user/FlambeauSchool
us:sd:1907980,Columbus Community School District,IA,youtube,https://www.youtube.com/@csdwildcatcast7313,channel,no,districts_combined,https://www.youtube.com/@csdwildcatcast7313
us:sd:1809510,Richmond Community School Corporation,IN,youtube,https://www.youtube.com/user/WeRrichmond,channel,yes,districts_combined,https://www.youtube.com/user/WeRrichmond
us:sd:3904547,Marysville Exempted Village School District,OH,youtube,https://www.youtube.com/watch?v=kIHUPSlOT8U,single_video,yes,districts_combined,https://www.youtube.com/watch?v=kIHUPSlOT8U https://youtu.be/Oi-PEaVduXw https://www.youtube.com/embed/8fOqxQYtamE?si=25dFuomAM5Kb67BO https://www.youtube.com/embed/YbvWJstx6Rc?si=g6gHdF6oXYxXnK_h
us:sd:3622470,Patchogue-Medford Union Free School District,NY,youtube,https://www.youtube.com/@patchogue-medfordtechnolog8515,channel,no,districts_combined,https://www.pmschools.org/board-of-education/meeting-recordings https://www.pmschools.org/board-of-education/trustees https://www.youtube.com/watch?v=rnSMLuwMWcc https://www.youtube.com/@patchogue-medfordtechnolog8515 https://youtu.be/SaIhaUdLmbk https://youtu.be/MX7Ki7yks-I https://youtu.be/lMDl9mEI4Ss https://youtu.be/cDU2b_v00V0 https://youtu.be/EnO1-BEyrVI https://youtu.be/LR2jlBu7t8M https://youtu.be/-SRIbSDhMmU https://youtu.be/h7OCbcvvdTc https://youtu.be/KZVdHg-XrQE https://youtu.be/r6-2ImIlFsU https://youtu.be/fI3T-9K8p8o https://youtu.be/Ryl1pDOf1Gg https://youtu.be/LMPwAguq0QY https://youtu.be/_4J64efGjpI https://youtu.be/MtDI6sKrgiY https://youtu.be/OdAWDb-_wfU https://youtu.be/cvbofnRPcEY https://youtu.be/uqlqKaOhjvk https://youtu.be/uMgXIgp3K5Y https://youtu.be/S5qrbxf3v_I https://youtu.be/E5I6u4WYMZs https://youtu.be/hDJCETWNOFg https://youtu.be/eUbZ6Cp7c_4 https://youtu.be/2PC62mjP0mE https://youtu.be/xPyEk197ZGw https://www.youtube.com/watch?v=FsALY_c_Hh4 https://youtu.be/IKnJqy5RObM https://youtu.be/IpoCHa5hXJE https://youtu.be/xN9DHuXmnlQ https://youtu.be/aYuodSyjSNQ https://youtu.be/I8LtERWPejo?si=6Oi6sLW99-lqFu3p https://youtu.be/Cq5yCX-wzOY https://youtu.be/qXRxbCH_Ogc https://youtu.be/sEyV1_ycPKo https://youtu.be/5ri7THuKYmw https://youtu.be/1FvgQiFJwr0 https://youtu.be/Sjl-g7DbqwA https://youtu.be/XgxRL91TZ1A https://youtu.be/1vJInS8FdgU https://youtu.be/j5MSJI9o0wQ?feature=shared https://youtu.be/cEF_aE1PLPA https://youtu.be/mqzfui68zqg https://youtu.be/HQdvTH53wYY?feature=shared https://youtu.be/2_FzWrrEcwA?si=ejganBCCl2dGim-x https://youtu.be/Wo6LXIB7070 https://youtu.be/Hlk3_DE8vTs https://youtu.be/OuWSP3gfj3U https://youtu.be/yenPjzU9g6A https://youtu.be/JxG8WzlrHcw https://youtu.be/pekQtHm8znA https://youtu.be/Reb97YadPhk https://youtu.be/6WyWqzykgN4 https://youtu.be/BujOiYOjUP8 https://youtu.be/0OGaPZ98P_M https://youtu.be/WZnmTIQZZwY https://youtu.be/QqeDQotHyj4 https://youtu.be/PkhkCMllU64 https://www.youtube.com/watch?v=b4boT39p2lo https://youtu.be/AJhOB3zFfNc https://youtu.be/yFX2NO-ZlZQ https://youtu.be/OzxKLcjceEE https://www.youtube.com/watch?v=UjuvjIEux-U https://youtu.be/4kmR3-rmXCc https://youtu.be/X1n5BS9U6vo https://youtu.be/zseDBLdm7Dg https://youtu.be/ueQGt8zNfd4 https://youtu.be/fiT6kkepBBI https://youtu.be/ppBXdIc3xOk https://youtu.be/Zn2bZ29CzSw https://youtu.be/CFyu9-EBU1E https://youtu.be/2h4kvO1XTDc https://youtu.be/O_-_B1WP9HE https://youtu.be/vG4yq3xkPq0 https://youtu.be/Gh6PuiaXVk0 https://youtu.be/IVnJAT8vY-w https://youtu.be/S71pDbVLUoU https://youtu.be/dV4u-d43lKY https://youtu.be/krD48Kt4fTE https://youtu.be/55kzM6oFTU0 https://youtu.be/Ya0bYG-BuuA https://youtu.be/iG4pN7MKF8M https://youtu.be/828Cac0s1GA https://youtu.be/v0iwQl-pmJs https://youtu.be/dBlx1jjZ9Ts https://youtu.be/KTM_HT0KHdo https://youtu.be/RdhkNftiixI https://youtu.be/cZ1XA6Zpvgk https://youtu.be/7_SNYy8b7_0 https://youtu.be/JI3Uandz-CA https://youtu.be/I1HjJDTktxE https://youtu.be/lXV8bdY0mOY https://youtu.be/ty1VZk8mJ48 https://youtu.be/uqFF6-EmG0A https://youtu.be/d1o3G8Ysl48 https://youtu.be/WC9uWw24KsU https://youtu.be/FEAq1ZBiFMk https://youtu.be/-2MbQIWOwz0 https://youtu.be/SsvIOXxJDy4 https://youtu.be/qNKCqf04HNo https://youtu.be/YCcunznoBiY https://youtu.be/Og9og5LgSN8 https://youtu.be/xxaoH2YZvJE https://youtu.be/PWEpP2VeStQ https://youtu.be/eh91mpwirEY https://youtu.be/-LIj688UzXw https://youtu.be/cuFp3DiD4YY https://youtu.be/TNzI31nU-iY https://youtu.be/RGECfmYt6Tc https://youtu.be/q80n_3Y9i9M https://youtu.be/0w85pcYbfkM https://youtu.be/cumOMUCWM9w https://youtu.be/OzLWWVEe1AA https://youtu.be/gy00AutDgj0 https://youtu.be/2ZGIoZQlh2w https://youtu.be/6cWSu3_T5SQ https://youtu.be/1ATpTEs8oc8 https://youtu.be/st1O45m7wUQ
us:sd:1743890,Zion-Benton Township High School District 126,IL,youtube,https://www.youtube.com/@zbthsd126,channel,yes,districts_combined,https://www.youtube.com/@zbthsd126 https://www.youtube.com/playlist?list=PLih25sN3WXRF9KU_HoCxA2dbjfB4vJkaX
us:sd:1800270,Avon Community School Corporation,IN,youtube,https://www.youtube.com/c/AvonSchoolsIndiana,channel,yes,districts_combined,https://www.youtube.com/channel/UCHxnv5Gr5KSRnV2qWjR7Qyw https://www.youtube.com/@AvonSchoolsIndiana/streams https://www.youtube.com/c/AvonSchoolsIndiana
us:sd:2314791,Regional School Unit 20,ME,youtube,https://www.youtube.com/playlist?list=PL6cfBTT8h3gu6WOntHGQi3KZ8RbJxzJhA,playlist,no,districts_combined,https://www.youtube.com/playlist?list=PL6cfBTT8h3gu6WOntHGQi3KZ8RbJxzJhA
us:sd:5603310,Hot Springs County School District 1,WY,youtube,https://www.youtube.com/embed/videoseries?list=PL2MB1yKU8YW3TyC6nQ1SUzKbUikoKQZk_,playlist,yes,districts_combined,https://www.youtube.com/embed/videoseries?list=PL2MB1yKU8YW3TyC6nQ1SUzKbUikoKQZk_ https://www.youtube.com/embed/quR5QB62X9w https://www.youtube.com/embed/videoseries?list=PL2MB1yKU8YW1LqA0sKmRNhiwcgeJ28K9r
us:sd:1908940,Denver Community School District,IA,youtube,https://www.youtube.com/@denvercyclonesyoutube991,channel,no,districts_combined,https://www.youtube.com/@denvercyclonesyoutube991
us:sd:5516740,Williams Bay School District,WI,youtube,https://www.youtube.com/channel/UC4pblgimLlbR_DbJx1AWxWw,channel,no,districts_combined,https://www.youtube.com/channel/UC4pblgimLlbR_DbJx1AWxWw https://www.youtube.com/playlist?list=PLNY7e9miayEwHzhArSIewP74wKNJHcYKS
us:sd:0503960,Carlisle School District,AR,youtube,https://www.youtube.com/@CarlisleBison/streams,channel,no,districts_combined,https://www.youtube.com/@CarlisleBison/streams
us:sd:1801410,Caston School Corporation,IN,youtube,https://youtube.com/live/NW91tTcyBMM?feature=share,single_video,yes,districts_combined,https://youtube.com/live/NW91tTcyBMM?feature=share https://youtube.com/live/YiuY6GwAVRI https://youtube.com/live/ZUZ169eGcJw?feature=share https://youtube.com/live/kv0xQWWkyHk?feature=share https://youtube.com/live/q-rXKNPYbtE?feature=share https://youtube.com/live/2atawGOd8cA?feature=share https://youtube.com/live/ZzHa-FssLe8?feature=share https://youtube.com/live/ZGZQmbwHFek?feature=share https://youtube.com/live/1e8idgDh71c?feature=share https://youtube.com/live/wMDPX0ebG9Q?feature=share https://youtube.com/live/3Ssm9uZbqbU?feature=share https://youtu.be/SVs-NzVyD5c https://youtube.com/live/qdWkzv0GDh8 https://youtube.com/live/S3P7ioYxRWk?feature=share https://youtube.com/live/1YypJolFx4A?feature=share https://youtube.com/live/oke3_mwq3yc?feature=share https://youtube.com/live/MYIptVdVM_Q?feature=share https://youtube.com/live/legrEJ1dHO0?feature=share https://youtube.com/live/D9vZznmnmag?feature=share https://youtube.com/live/Po7G-_NZRJ0?feature=share
us:sd:3904419,Lakewood City School District,OH,youtube,https://www.youtube.com/channel/UC8X6Pcjqzt2OrjwiKAo-4fA/videos?view=2&flow=grid,channel,yes,districts_combined,https://youtu.be/osMGJdiXWUg https://www.youtube.com/@brentkallay5014 https://www.youtube.com/playlist?list=PL2Jzf4ui_XwBv2njKyD2ZssRa4r3xFGgE https://www.youtube.com/channel/UC8X6Pcjqzt2OrjwiKAo-4fA/videos?view=2&flow=grid
us:sd:2704470,Benson Public School District,MN,youtube,https://www.youtube.com/@bensonperformingartscenter,channel,yes,districts_combined,https://www.youtube.com/channel/UCk7eN_tUzbBotM8ybw7x4ZA https://www.youtube.com/@bensonperformingartscenter
us:sd:2711820,Farmington Public School District,MN,youtube,https://www.youtube.com/channel/UCX8LNx06r8kcM8Eh36WXtuA,channel,yes,districts_combined,https://www.youtube.com/@District192 https://www.youtube.com/c/District192/videos https://www.youtube.com/embed/videoseries?list=PL-1W-oBUFvK1sj4EwVSGSgH34AXrX7VM0 https://www.youtube.com/channel/UCX8LNx06r8kcM8Eh36WXtuA
us:sd:5513860,Silver Lake Joint No. 1 School District,WI,youtube,https://www.youtube.com/playlist?list=PL63hL7nhCgJsZ8vWVtPQyM-8ZDt5Y7d6G,playlist,no,districts_combined,https://www.youtube.com/playlist?list=PL63hL7nhCgJsZ8vWVtPQyM-8ZDt5Y7d6G https://www.youtube.com/embed/vi3s5g7GXxU?si=VkYHCxkVl7bdOql5 https://www.youtube.com/embed/l0h-XxWwTQo?si=mM-Ki1kaUDtFA64b https://www.youtube.com/embed/2QDNosF2_2E?si=GYKkDrlbVcpJaL6q https://www.youtube.com/embed/lVfCR_s_cFM?si=ErcAnrBfEVu67o3H https://www.youtube.com/embed/A9HTa7zDbGM?si=SmngcD6LcI6ZwKT8 https://www.youtube.com/embed/FayEDWZb_f4?si=JRl8ChYVHxR7DwQ9
us:sd:2801800,Hattiesburg Public School District,MS,youtube,https://www.youtube.com/channel/UCxckeF3KqgHvsYzAJzmwvEA,channel,no,districts_combined,https://www.youtube.com/channel/UCxckeF3KqgHvsYzAJzmwvEA
us:sd:1802190,South Central Community School Corporation,IN,youtube,https://www.youtube.com/@SouthCentralSchools,channel,no,districts_combined,https://www.youtube.com/@SouthCentralSchools https://www.youtube.com/live/NRWkee7ZpDw https://www.youtube.com/live/dIzaKnDo5xM https://www.youtube.com/live/PthZDFwU6x8
us:sd:2605850,Birmingham City School District,MI,youtube,https://www.youtube.com/@BirminghamPS,channel,yes,districts_combined,https://www.youtube.com/@BirminghamPS
us:sd:3620910,North Babylon Union Free School District,NY,youtube,https://www.youtube.com/@northbabufsd2854,channel,yes,districts_combined,https://www.youtube.com/@northbabufsd2854
us:sd:0510560,Norfork Schools,AR,youtube,https://www.youtube.com/channel/UCyRYe67VNR-c0IItGxI7NYg,channel,no,districts_combined,https://www.youtube.com/channel/UCyRYe67VNR-c0IItGxI7NYg
us:sd:5515540,Washburn School District,WI,youtube,https://www.youtube.com/@wsdk12administrator97,channel,no,districts_combined,https://www.youtube.com/@wsdk12administrator97
us:sd:0504980,Decatur School District,AR,youtube,https://www.youtube.com/@DecaturSchoolDistrict,channel,no,districts_combined,https://www.youtube.com/@DecaturSchoolDistrict
us:sd:1800180,Argos Community Schools,IN,youtube,https://www.youtube.com/@argoscommunityschools4011/streams,channel,no,districts_combined,https://www.youtube.com/@argoscommunityschools4011/streams https://www.youtube.com/channel/UCtztMGIc3-e2u4Jt1aYn5rQ
us:sd:0406300,Phoenix Elementary District,AZ,youtube,https://www.youtube.com/c/PhoenixElementarySchoolDistrict1,channel,yes,districts_combined,https://www.youtube.com/c/PhoenixElementarySchoolDistrict1 https://www.youtube.com/embed/live_stream?channel=UCbR3KvWnnwvKRqC3cle4fDA https://www.youtube.com/embed/8y8mZKArjT4?si=4-fSq5RHweMRqiB5 https://www.youtube.com/embed/mwqBclFhfvE?si=pv7XpRGjW-KPyVcu
us:sd:0406300,Phoenix Elementary District,AZ,youtube,https://www.youtube.com/embed/live_stream?channel=UCbR3KvWnnwvKRqC3cle4fDA,channel,yes,districts_combined,https://www.youtube.com/c/PhoenixElementarySchoolDistrict1 https://www.youtube.com/embed/live_stream?channel=UCbR3KvWnnwvKRqC3cle4fDA https://www.youtube.com/embed/8y8mZKArjT4?si=4-fSq5RHweMRqiB5 https://www.youtube.com/embed/mwqBclFhfvE?si=pv7XpRGjW-KPyVcu
us:sd:4503910,Orangeburg County School District,SC,youtube,https://www.youtube.com/@orangeburgcountyschools,channel,no,districts_combined,https://www.youtube.com/@orangeburgcountyschools https://www.youtube.com/watch?v=vPNYtuvV-Vc https://www.youtube.com/embed/4vL3kgCJLgM https://www.youtube.com/embed/BjL3UiOQE8s?si=4IyHjIopbQsLRgvh https://www.youtube.com/embed/DhBQ_6qFwnE https://www.youtube.com/embed/TBq-mAC74v4 https://www.youtube.com/embed/6JsPH7qoL0I https://www.youtube.com/embed/5GUwkwvf30A https://www.youtube.com/embed/8qBPlrUBj_8 https://www.youtube.com/playlist?list=PL1IFmeLSen1SM-gsFtuieYJFI-JzboJOE
us:sd:4701890,Hollow Rock-Bruceton Special School District,TN,youtube,https://www.youtube.com/watch?v=2VvRMerxaWM,single_video,no,districts_combined,https://www.youtube.com/watch?v=2VvRMerxaWM
us:sd:1704140,Arlington Heights School District 25,IL,youtube,https://www.youtube.com/channel/UCIo1GmoJ6YBTtHDhf9EqHAA,channel,no,districts_combined,https://www.sd25.org/school-board/catchuponmeetings https://www.sd25.org/school-board/attendameeting https://www.youtube.com/channel/UCIo1GmoJ6YBTtHDhf9EqHAA https://www.youtube.com/AHSD25OnDemand https://www.youtube.com/playlist?list=PLH2ISELPlXWwHQ8SrSf6leKiaNOAt-EAY https://www.youtube.com/playlist?list=PLH2ISELPlXWwlzftrU29wzL9N9GgEJ6zm https://www.youtube.com/playlist?list=PLH2ISELPlXWxttfvMUnajOSRHP19R9Nf2 https://youtube.com/live/phJCb4PyGSY?feature=share https://youtube.com/live/PFWlrTYNgsE?feature=share https://youtube.com/live/FgBZnFr1oI8?feature=share https://youtube.com/live/p-X8gmTVWgQ?feature=share https://youtube.com/live/xnvi8XhCDJk?feature=share https://youtube.com/live/lmZcL8zffoo?feature=share https://youtube.com/live/Bm2IPk9b8e4?feature=share https://youtube.com/live/AGMCvPtFePY?feature=share https://youtube.com/live/YJluD9kzorY?feature=share https://youtube.com/live/L2SwHECztlM?feature=share https://youtube.com/live/kyY5bASjs_E?feature=share https://www.youtube.com/embed/gBOjQ3ym-rU?si=uGWgg0VSY2bRKLBL https://www.youtube.com/embed/bVitX9nbDvc?si=Tk701257n2R2HMwo https://www.youtube.com/embed/QQzuDYtxJ5w?si=AVuIcmFYlQ31v4XH https://www.youtube.com/embed/OZml7N18KoM?si=KMdQP0pYEhMK6VwV https://www.youtube.com/embed/FKkNJVqBljI?si=wK3Jj07irf5FeWGH https://www.youtube.com/embed/IvMd9K01Fx4?si=4Dz1Q88PO7ifE2rh https://www.youtube.com/@ahsd25boe2/videos
us:sd:4108550,Mount Angel School District 91,OR,youtube,https://www.youtube.com/embed/videoseries?list=PL6Sc485aEt8yEoqHlAWjeup8ljmrukYVc,playlist,yes,districts_combined,https://www.youtube.com/embed/videoseries?list=PL6Sc485aEt8yEoqHlAWjeup8ljmrukYVc
us:sd:3621570,Oceanside Union Free School District,NY,youtube,https://www.youtube.com/c/OceansideSchools,channel,yes,districts_combined,https://www.youtube.com/c/OceansideSchools https://www.youtube.com/@OceansideSchools/streams https://www.youtube.com/playlist?list=PLOylAPfMBafntT88SKHVvLGcace8uFZ6x
us:sd:3621570,Oceanside Union Free School District,NY,youtube,https://www.youtube.com/@OceansideSchools/streams,channel,yes,districts_combined,https://www.youtube.com/c/OceansideSchools https://www.youtube.com/@OceansideSchools/streams https://www.youtube.com/playlist?list=PLOylAPfMBafntT88SKHVvLGcace8uFZ6x
us:sd:5506120,Hartford Union High School District,WI,youtube,https://www.youtube.com/@HUHSDistrict,channel,yes,districts_combined,https://www.youtube.com/@HUHSDistrict https://www.youtube.com/channel/UCpUCAUZJpasnFzsxaLoQvsw https://www.youtube.com/watch?v=cgpYh2U53w4
us:sd:5506120,Hartford Union High School District,WI,youtube,https://www.youtube.com/channel/UCpUCAUZJpasnFzsxaLoQvsw,channel,yes,districts_combined,https://www.youtube.com/@HUHSDistrict https://www.youtube.com/channel/UCpUCAUZJpasnFzsxaLoQvsw https://www.youtube.com/watch?v=cgpYh2U53w4
us:sd:4207530,Delaware Valley School District,PA,youtube,https://www.youtube.com/channel/UC4CuWIjASFMz7alwoU8ahKQ,channel,yes,districts_combined,https://www.youtube.com/channel/UC4CuWIjASFMz7alwoU8ahKQ
us:sd:2732520,Royalton Public School District,MN,youtube,https://www.youtube.com/@RoyaltonPublicSchools,channel,yes,districts_combined,https://www.youtube.com/@RoyaltonPublicSchools
us:sd:1706960,Bradley-Bourbonnais Consolidated High School District 307,IL,youtube,https://www.youtube.com/channel/UCpWlR8xjyqhrIrkXiGs9ojw,channel,yes,districts_combined,https://www.youtube.com/@bbchs3073 https://www.youtube.com/channel/UCDvyj3jzg_Aw-TDVG9MeTuA/featured https://www.youtube.com/channel/UCpWlR8xjyqhrIrkXiGs9ojw
us:sd:3904479,South Euclid-Lyndhurst City School District,OH,youtube,http://www.youtube.com/@SELOnDemand,channel,yes,districts_combined,http://www.youtube.com/@SELOnDemand
us:sd:5301590,Columbia (Walla Walla) School District,WA,youtube,https://www.youtube.com/playlist?list=PLZcw58PH2PuLfcUHAa7m4uBiM0_L7RwLU,playlist,yes,districts_combined,https://www.youtube.com/playlist?list=PLZcw58PH2PuLfcUHAa7m4uBiM0_L7RwLU https://youtu.be/jF8f9qtbD4I https://youtu.be/cwO1PXeY_AE https://youtu.be/nKH30PLtltE https://youtu.be/Sblz0814nAk https://youtu.be/u0VzXBb0LZs https://youtu.be/gIOYGC9s4dg https://youtu.be/z7O77Yg-LX8 https://youtu.be/DA56VN3gWQM https://youtu.be/VV8lLUqkosA https://youtu.be/Pog9QZBXvqg https://youtu.be/cHOS6srqKx4 https://youtu.be/IIUXjoJLfJg https://youtu.be/gUgNORIuhNY https://youtu.be/PqU4IrQEauc https://youtu.be/u3TCFSmXJLA https://youtu.be/D-q4q7M8QvQ https://youtu.be/_5s8CsOXSn0 https://youtu.be/DtjzdyxnXbY https://youtu.be/WfFAVSIqqQc https://youtu.be/ZoOOqOoTMEo https://youtu.be/8h1yOKoVPgQ https://youtu.be/lX9z_sNCwYU https://youtu.be/B9esQRLaVlw https://youtu.be/bWv3DOqNOI4 https://youtu.be/6IDOybhCSgg https://youtu.be/rcPPj3lmY1U https://youtu.be/tzEzu1ymWEU https://youtu.be/Dycez04ZC1Y https://youtu.be/PPDvJBGIk20 https://youtu.be/EcyMfP_f-vo https://youtu.be/clCn8vI3Uvo
us:sd:3612510,Great Neck Union Free School District,NY,youtube,https://www.youtube.com/@gnpsboe5493/playlists,channel,no,districts_combined,https://www.youtube.com/@gnpsboe5493/playlists https://www.youtube.com/channel/UC_y7E5DWc4RYfhgaOqP9Hmw/playlists https://youtu.be/R9DmnE6y8A8 https://youtu.be/WRlqdG7clL8 https://www.youtube.com/watch?v=2dH5esXHrqI https://www.youtube.com/watch?v=dnUFSgYmhWA https://www.youtube.com/watch?v=sndkYzyP1Jk https://www.youtube.com/watch?v=bM6V09meMYI https://www.youtube.com/watch?v=5mSRUHToARI https://www.youtube.com/watch?v=hi2cjeD5Xfo&list=PLs7z1YhHvZT5fBu-SGnJ2U8cp7_yFsC7U&index=8 https://www.youtube.com/watch?v=pOrbTekpdBQ https://www.youtube.com/watch?v=Hu6HxbtjfRs https://www.youtube.com/watch?v=sXT13JO_hKc&list=PLs7z1YhHvZT5fBu-SGnJ2U8cp7_yFsC7U&index=11 https://www.youtube.com/watch?v=J08SAstHNa0 https://www.youtube.com/watch?v=VzlKDBrwjn4 https://www.youtube.com/watch?v=Wk88B7zDI3E&list=PLs7z1YhHvZT5fBu-SGnJ2U8cp7_yFsC7U&index=14 https://www.youtube.com/watch?v=nQujCt0Uiq0 https://www.youtube.com/watch?v=X7FhygAP4mw https://www.youtube.com/playlist?list=PLs7z1YhHvZT4Q1bQ5XAp79Imb4vEYm5_R https://www.youtube.com/watch?v=HWa9BkCDxtw https://www.youtube.com/watch?v=nwEzcYaJUPM https://www.youtube.com/watch?v=BMI13lUpp5c https://www.youtube.com/watch?v=YFCvpNxnZX4 https://www.youtube.com/watch?v=W6zJLsBe_fA https://www.youtube.com/watch?v=7k57zfZFQ50 https://www.youtube.com/watch?v=7y7IIIypAu8 https://www.youtube.com/watch?v=ZkpHLZpY1wU https://www.youtube.com/watch?v=2bBpmjwGfHg https://www.youtube.com/watch?v=kU3jUs_QuC8 https://www.youtube.com/watch?v=WqBIJjO7qLA https://www.youtube.com/watch?v=zIAosOO0g_0 https://www.youtube.com/watch?v=CEou8IUrCSg https://www.youtube.com/watch?v=2eDheOcaHVU https://www.youtube.com/watch?v=nNPzi0MEdjg https://www.youtube.com/watch?v=pIoNh_JL7eU https://youtu.be/ehNnaWrYV_U https://youtu.be/Lx2bd1bHB6c https://www.youtube.com/watch?v=8_GuWnP436E https://www.youtube.com/watch?v=8De5Qpmsdvw https://youtu.be/XkbqDoCafq0 https://www.youtube.com/watch?v=iekkan-OY80
us:sd:3612510,Great Neck Union Free School District,NY,youtube,https://www.youtube.com/channel/UC_y7E5DWc4RYfhgaOqP9Hmw/playlists,channel,no,districts_combined,https://www.youtube.com/@gnpsboe5493/playlists https://www.youtube.com/channel/UC_y7E5DWc4RYfhgaOqP9Hmw/playlists https://youtu.be/R9DmnE6y8A8 https://youtu.be/WRlqdG7clL8 https://www.youtube.com/watch?v=2dH5esXHrqI https://www.youtube.com/watch?v=dnUFSgYmhWA https://www.youtube.com/watch?v=sndkYzyP1Jk https://www.youtube.com/watch?v=bM6V09meMYI https://www.youtube.com/watch?v=5mSRUHToARI https://www.youtube.com/watch?v=hi2cjeD5Xfo&list=PLs7z1YhHvZT5fBu-SGnJ2U8cp7_yFsC7U&index=8 https://www.youtube.com/watch?v=pOrbTekpdBQ https://www.youtube.com/watch?v=Hu6HxbtjfRs https://www.youtube.com/watch?v=sXT13JO_hKc&list=PLs7z1YhHvZT5fBu-SGnJ2U8cp7_yFsC7U&index=11 https://www.youtube.com/watch?v=J08SAstHNa0 https://www.youtube.com/watch?v=VzlKDBrwjn4 https://www.youtube.com/watch?v=Wk88B7zDI3E&list=PLs7z1YhHvZT5fBu-SGnJ2U8cp7_yFsC7U&index=14 https://www.youtube.com/watch?v=nQujCt0Uiq0 https://www.youtube.com/watch?v=X7FhygAP4mw https://www.youtube.com/playlist?list=PLs7z1YhHvZT4Q1bQ5XAp79Imb4vEYm5_R https://www.youtube.com/watch?v=HWa9BkCDxtw https://www.youtube.com/watch?v=nwEzcYaJUPM https://www.youtube.com/watch?v=BMI13lUpp5c https://www.youtube.com/watch?v=YFCvpNxnZX4 https://www.youtube.com/watch?v=W6zJLsBe_fA https://www.youtube.com/watch?v=7k57zfZFQ50 https://www.youtube.com/watch?v=7y7IIIypAu8 https://www.youtube.com/watch?v=ZkpHLZpY1wU https://www.youtube.com/watch?v=2bBpmjwGfHg https://www.youtube.com/watch?v=kU3jUs_QuC8 https://www.youtube.com/watch?v=WqBIJjO7qLA https://www.youtube.com/watch?v=zIAosOO0g_0 https://www.youtube.com/watch?v=CEou8IUrCSg https://www.youtube.com/watch?v=2eDheOcaHVU https://www.youtube.com/watch?v=nNPzi0MEdjg https://www.youtube.com/watch?v=pIoNh_JL7eU https://youtu.be/ehNnaWrYV_U https://youtu.be/Lx2bd1bHB6c https://www.youtube.com/watch?v=8_GuWnP436E https://www.youtube.com/watch?v=8De5Qpmsdvw https://youtu.be/XkbqDoCafq0 https://www.youtube.com/watch?v=iekkan-OY80
us:sd:1716920,Glenview Community Consolidated School District 34,IL,youtube,https://www.youtube.com/@glenviewdistrict34video44/streams,channel,yes,districts_combined,https://www.youtube.com/watch?v=Ao5GR07r7Dc&list=PLbXXxvDIZ6DzAmqSokLXrhltzg5J_tFyp&pp=gAQB https://www.youtube.com/@glenviewdistrict34video44/streams https://youtube.com/live/wmVaC0Q2sEs?feature=share
us:sd:4824120,Idalou Independent School District,TX,youtube,https://www.youtube.com/@wildcatstream9390,channel,yes,districts_combined,https://www.youtube.com/@wildcatstream9390
us:sd:3410980,Mount Olive Township School District,NJ,youtube,https://www.youtube.com/channel/UCP5QqezT6GGCqPBvtDpaoTQ,channel,yes,districts_combined,https://www.youtube.com/channel/UCP5QqezT6GGCqPBvtDpaoTQ
us:sd:1713440,Lindop School District 92,IL,youtube,https://youtu.be/CZYUvZx30Es,single_video,no,districts_combined,https://youtu.be/CZYUvZx30Es
us:sd:3910012,Mount Vernon City School District,OH,youtube,https://www.youtube.com/channel/UCmot2j46ykyU5SmGlRb5N2g,channel,no,districts_combined,https://www.youtube.com/channel/UCmot2j46ykyU5SmGlRb5N2g
us:sd:4842810,Tidehaven Independent School District,TX,youtube,https://www.youtube.com/watch?v=cOnhcKZTBGQ,single_video,yes,districts_combined,https://www.youtube.com/watch?v=88idNZxeZbo https://www.youtube.com/watch?v=cOnhcKZTBGQ
us:sd:5504860,Frederic School District,WI,youtube,https://www.youtube.com/user/fredericschool,channel,yes,districts_combined,https://www.youtube.com/user/fredericschool
us:sd:2801740,Hancock County School District,MS,youtube,http://youtube.com/@HCSD,channel,yes,districts_combined,http://youtube.com/@HCSD
us:sd:3610890,Fairport Central School District,NY,youtube,https://www.youtube.com/@FairportCSD/videos,channel,yes,districts_combined,https://www.youtube.com/@FairportCSD/videos https://www.youtube.com/@Hudl https://www.youtube.com/user/FairportCSD/live
us:sd:3610890,Fairport Central School District,NY,youtube,https://www.youtube.com/user/FairportCSD/live,channel,yes,districts_combined,https://www.youtube.com/@FairportCSD/videos https://www.youtube.com/@Hudl https://www.youtube.com/user/FairportCSD/live
us:sd:3600017,Genesee Valley Central School District,NY,youtube,https://www.youtube.com/c/GeneseeValleyJaguars,channel,no,districts_combined,https://www.youtube.com/c/GeneseeValleyJaguars https://www.youtube.com/@GVJaguars/videos
us:sd:5515390,Wabeno Area School District,WI,youtube,https://www.youtube.com/watch?v=6ECNxaJ_jCA&feature=youtu.be,single_video,no,districts_combined,https://www.youtube.com/watch?v=6ECNxaJ_jCA&feature=youtu.be
us:sd:0600034,Windsor Unified School District,CA,youtube,https://www.youtube.com/channel/UCTC8qiAOAh8Qd77KSW7c8wA,channel,yes,districts_combined,https://www.youtube.com/channel/UCTC8qiAOAh8Qd77KSW7c8wA
us:sd:3408940,Long Branch City School District,NJ,youtube,https://www.youtube.com/channel/UCto2jFEiI05nyTx9L3CqTOQ,channel,yes,districts_combined,https://www.youtube.com/channel/UCto2jFEiI05nyTx9L3CqTOQ https://youtu.be/DKnbENYO--c https://youtu.be/nnJs-AnhQaY
us:sd:1921660,Ogden Community School District,IA,youtube,https://www.youtube.com/@ocsdyoutube7802,channel,no,districts_combined,https://www.youtube.com/@ocsdyoutube7802
us:sd:4004020,Berryhill Public Schools,OK,youtube,https://www.youtube.com/channel/UCsUNV2xdv_oZF2fo_QVKqcA,channel,no,districts_combined,https://www.youtube.com/channel/UCsUNV2xdv_oZF2fo_QVKqcA
us:sd:3401500,Bergenfield Borough School District,NJ,youtube,https://www.youtube.com/@bergenfieldsd,channel,yes,districts_combined,https://www.youtube.com/@bergenfieldathleticstv8302/streams https://www.youtube.com/@bergenfieldsd
us:sd:3629070,Tuckahoe Common School District,NY,youtube,https://www.youtube.com/c/NewEdTechClassroom/videos,channel,no,districts_combined,https://www.youtube.com/playlist?list=PLP7Bvyb3ap44G3Gt_mTxOHoCcIYTBIixg https://www.youtube.com/watch?v=h3uFH-9fqi0 https://www.youtube.com/c/NewEdTechClassroom/videos
us:sd:2916190,Jefferson City Public Schools,MO,youtube,https://www.youtube.com/channel/UCaYPpC1M_BdbyoQFQ9DFUYw/featured,channel,yes,districts_combined,https://www.youtube.com/channel/UCaYPpC1M_BdbyoQFQ9DFUYw/featured https://www.youtube.com/@JCSchoolsVideos/videos https://www.youtube.com/watch?v=8sR_8Ml9PvM https://www.youtube.com/watch?v=_jBfIGTL83g https://www.youtube.com/watch?v=uAohRgaY0gM&disable_polymer=true https://www.youtube.com/watch?v=rd6GJ1ne-s8 https://www.youtube.com/watch?v=q5qNQnOAfI0&t=15s https://www.youtube.com/watch?v=FvIn2gnhi5k https://www.youtube.com/watch?v=o81YK9jlMYI https://www.youtube.com/watch?v=sxjDqqdB0Pg https://www.youtube.com/watch?v=TzDzMsKZ_q4 https://www.youtube.com/watch?v=8Bq-Lwdxl3M https://www.youtube.com/watch?v=elm1UI9UPC4&t=18s https://www.youtube.com/watch?v=gdHgqn-cvzo https://www.youtube.com/watch?v=bAHlsHOqVSQ&list=PLnqbZNovAcuJTqq8lBi9srv9e9ElcT0li&index=3 https://www.youtube.com/watch?v=kSZt9__JDFY&t=0s&index=3&list=PLnqbZNovAcuJTqq8lBi9srv9e9ElcT0li
us:sd:2916190,Jefferson City Public Schools,MO,youtube,https://www.youtube.com/@JCSchoolsVideos/videos,channel,yes,districts_combined,https://www.youtube.com/channel/UCaYPpC1M_BdbyoQFQ9DFUYw/featured https://www.youtube.com/@JCSchoolsVideos/videos https://www.youtube.com/watch?v=8sR_8Ml9PvM https://www.youtube.com/watch?v=_jBfIGTL83g https://www.youtube.com/watch?v=uAohRgaY0gM&disable_polymer=true https://www.youtube.com/watch?v=rd6GJ1ne-s8 https://www.youtube.com/watch?v=q5qNQnOAfI0&t=15s https://www.youtube.com/watch?v=FvIn2gnhi5k https://www.youtube.com/watch?v=o81YK9jlMYI https://www.youtube.com/watch?v=sxjDqqdB0Pg https://www.youtube.com/watch?v=TzDzMsKZ_q4 https://www.youtube.com/watch?v=8Bq-Lwdxl3M https://www.youtube.com/watch?v=elm1UI9UPC4&t=18s https://www.youtube.com/watch?v=gdHgqn-cvzo https://www.youtube.com/watch?v=bAHlsHOqVSQ&list=PLnqbZNovAcuJTqq8lBi9srv9e9ElcT0li&index=3 https://www.youtube.com/watch?v=kSZt9__JDFY&t=0s&index=3&list=PLnqbZNovAcuJTqq8lBi9srv9e9ElcT0li
us:sd:3904800,Licking Heights Local School District,OH,youtube,https://www.youtube.com/channel/UC4qX5YIxsQXHGCZlwi1oVjw,channel,yes,districts_combined,https://www.youtube.com/channel/UC4qX5YIxsQXHGCZlwi1oVjw https://www.youtube.com/watch?v=bmX7_eYVRts&list=PLpJx7CWvDr-8iZDlrGvYuY8gzebo5ncCu&index=5 https://www.youtube.com/watch?v=bX6n_R2eNjg&list=PLpJx7CWvDr-8iZDlrGvYuY8gzebo5ncCu&index=4 https://www.youtube.com/watch?v=A1KTPgmAKzk&list=PLpJx7CWvDr-8iZDlrGvYuY8gzebo5ncCu&index=3 https://www.youtube.com/watch?v=TtsG1I1kr3I&list=PLpJx7CWvDr-8iZDlrGvYuY8gzebo5ncCu&index=2 https://www.youtube.com/watch?v=gPNdqyx5bnU&list=PLpJx7CWvDr-8iZDlrGvYuY8gzebo5ncCu&index=1 https://www.youtube.com/watch?v=iZrqEnaALB0 https://www.youtube.com/watch?v=Nwzm6akC02s https://www.youtube.com/watch?v=bKW7LGi4YbU https://www.youtube.com/watch?v=k98McKkRi9U https://www.youtube.com/watch?v=PhOHOh07wMA https://www.youtube.com/watch?v=vcWh9qUzVso&list=PLpJx7CWvDr-8iZDlrGvYuY8gzebo5ncCu https://www.youtube.com/watch?v=IaCDbiS1EF8&list=PLpJx7CWvDr-8iZDlrGvYuY8gzebo5ncCu https://www.youtube.com/watch?v=S3tHrs_lt28&list=PLpJx7CWvDr-8iZDlrGvYuY8gzebo5ncCu&index=2 https://www.youtube.com/watch?v=84vEnkG0pGA&list=PLpJx7CWvDr-8iZDlrGvYuY8gzebo5ncCu&index=1 https://www.youtube.com/watch?v=tTvWkiLlvjI&list=PLpJx7CWvDr-8iZDlrGvYuY8gzebo5ncCu&index=1 https://www.youtube.com/watch?v=aeSzsEVRVfY https://www.youtube.com/watch?v=VQmbMsITywY https://www.youtube.com/embed/videoseries?si=dX1W3k5kEo4rapOO&list=PLpJx7CWvDr-8iZDlrGvYuY8gzebo5ncCu
us:sd:5500030,Abbotsford School District,WI,youtube,https://www.youtube.com/watch?v=TnOsNTcSx3s,single_video,yes,districts_combined,https://www.youtube.com/watch?v=TnOsNTcSx3s
us:sd:3403540,Cranbury Township School District,NJ,youtube,https://www.youtube.com/embed/IPj45yhdi7I?si=__oN7yiow7Y4y627,single_video,no,districts_combined,https://www.youtube.com/embed/IPj45yhdi7I?si=__oN7yiow7Y4y627 https://www.youtube.com/embed/Csd7wDVtLYc?si=c4taRHHhqYLueEQ5 https://www.youtube.com/embed/QLv8BnQlaHo?si=8HcJuoTGEKIaf0aR https://www.youtube.com/embed/Xw3b6YJJV0o?si=xF2bfMGR0vB4SIr7 https://www.youtube.com/embed/oCwGI4DULWo https://www.youtube.com/embed/g_Tq9if3u2M?si=JQL-ZL6dJbEemvGM
us:sd:3904433,Marion City School District,OH,youtube,https://www.youtube.com/channel/UCHBwPMfWsXtCroVeDVGwZfA/featured,channel,yes,districts_combined,https://www.youtube.com/channel/UCHBwPMfWsXtCroVeDVGwZfA/featured
us:sd:3904475,Shaker Heights City School District,OH,youtube,https://www.youtube.com/user/shakerschoolsohio,channel,yes,districts_combined,https://www.youtube.com/user/shakerschoolsohio
us:sd:3629640,Victor Central School District,NY,youtube,https://www.youtube.com/@victorcentralschools9779/streams,channel,yes,districts_combined,https://www.youtube.com/@victorcentralschools9779/streams https://www.youtube.com/embed/3eI8yx_bPkA?si=TjY8345W7idrIy3o
us:sd:4220550,Rose Tree Media School District,PA,youtube,https://www.youtube.com/@rtmsdmedia4558,channel,no,districts_combined,https://www.rtmsd.org/school-board/presentations/capital-projects-construction https://www.youtube.com/@rtmsdmedia4558 https://www.youtube.com/channel/UCOe7iAmU5L978AziLhqMF8g https://youtube.com/live/ChKEI4z3HOU
us:sd:0635790,Santa Rita Union Elementary School District,CA,youtube,https://www.youtube.com/channel/UCz1OqID0vxV9m791IbmUncg,channel,yes,districts_combined,https://www.youtube.com/channel/UCz1OqID0vxV9m791IbmUncg
us:sd:3615180,Hyde Park Central School District,NY,youtube,https://www.youtube.com/channel/UC5DtC_dyneGampr__XA0t6Q,channel,yes,districts_combined,https://www.youtube.com/channel/UC5DtC_dyneGampr__XA0t6Q https://youtube.com/playlist?list=PL_6S8U3y9Jy-tZpExq2bgIsIazQGpzmU1&si=4_sD9-I9bG9l2uzJ https://www.youtube.com/playlist?list=PL_6S8U3y9Jy9Lz1G7OCweWKRPjib97R5M https://youtube.com/playlist?list=PL_6S8U3y9Jy9oqCJJnxJpW9c06xsmMqk6&si=doxXb1mbx8pCh9pw https://youtube.com/playlist?list=PL_6S8U3y9Jy9eHtLL1vkacuIAMcz384m3 https://youtube.com/playlist?list=PL_6S8U3y9Jy9j8EugX3z39zLcJTosQ8jJ https://www.youtube.com/playlist?list=PL_6S8U3y9Jy92EQKav0i-aNNaUppYbgmZ https://www.youtube.com/playlist?list=PL_6S8U3y9Jy9bZUBDa_AXtvv_kcxxBeWk https://www.youtube.com/playlist?list=PL_6S8U3y9Jy_CJ8HauGK-ElN9j3rrE4TF https://www.youtube.com/playlist?list=PL_6S8U3y9Jy9Vxz-EffDoXUbGz7dXsmT0 https://www.youtube.com/playlist?list=PL_6S8U3y9Jy-mYwS8zp9CA7v1FpDaY6fN https://www.youtube.com/playlist?list=PL_6S8U3y9Jy_Xon6nNHUhSF2QwgQi6sXB https://www.youtube.com/user/hydeparkschools https://youtu.be/KEKDsjsbWtY
us:sd:3615180,Hyde Park Central School District,NY,youtube,https://www.youtube.com/user/hydeparkschools,channel,yes,districts_combined,https://www.youtube.com/channel/UC5DtC_dyneGampr__XA0t6Q https://youtube.com/playlist?list=PL_6S8U3y9Jy-tZpExq2bgIsIazQGpzmU1&si=4_sD9-I9bG9l2uzJ https://www.youtube.com/playlist?list=PL_6S8U3y9Jy9Lz1G7OCweWKRPjib97R5M https://youtube.com/playlist?list=PL_6S8U3y9Jy9oqCJJnxJpW9c06xsmMqk6&si=doxXb1mbx8pCh9pw https://youtube.com/playlist?list=PL_6S8U3y9Jy9eHtLL1vkacuIAMcz384m3 https://youtube.com/playlist?list=PL_6S8U3y9Jy9j8EugX3z39zLcJTosQ8jJ https://www.youtube.com/playlist?list=PL_6S8U3y9Jy92EQKav0i-aNNaUppYbgmZ https://www.youtube.com/playlist?list=PL_6S8U3y9Jy9bZUBDa_AXtvv_kcxxBeWk https://www.youtube.com/playlist?list=PL_6S8U3y9Jy_CJ8HauGK-ElN9j3rrE4TF https://www.youtube.com/playlist?list=PL_6S8U3y9Jy9Vxz-EffDoXUbGz7dXsmT0 https://www.youtube.com/playlist?list=PL_6S8U3y9Jy-mYwS8zp9CA7v1FpDaY6fN https://www.youtube.com/playlist?list=PL_6S8U3y9Jy_Xon6nNHUhSF2QwgQi6sXB https://www.youtube.com/user/hydeparkschools https://youtu.be/KEKDsjsbWtY
us:sd:1908220,Council Bluffs Community School District,IA,youtube,https://www.youtube.com/@councilbluffscommunityscho125/featured,channel,yes,districts_combined,https://www.youtube.com/@councilbluffscommunityscho125/featured https://youtube.com/live/u_hl9PBoO9w?feature=share https://www.youtube.com/live/L3JvJNRO2EM?si=Gl5GUTj9pYwza7Ho https://www.youtube.com/live/ieGrqdnwCqY?si=OiY0CDOccSL9IoV5 https://www.youtube.com/live/E0XItIMOm3g?si=bAAXM7AIA0Q7wui9 https://youtube.com/live/jOQTQqt8A5w?feature=share https://youtube.com/live/FJom7E7mYEk?feature=share https://youtube.com/live/GAOh39fn4KU?feature=share https://youtube.com/live/X6fNY5ABbdk?feature=share https://youtube.com/live/Rv5V9YM1czU?feature=share
us:sd:3606570,Carmel Central School District,NY,youtube,https://www.youtube.com/channel/UCOE9mp9tEqSmg0v79bmuVdA,channel,yes,districts_combined,https://www.youtube.com/channel/UCOE9mp9tEqSmg0v79bmuVdA https://www.youtube.com/channel/UCDgN1GIEV_NBEf0yw0evXww https://www.youtube.com/channel/UCnKjCqMd4CZqS-PaPDTlp_Q https://www.youtube.com/@CarmelCSD-BoardofEducation/streams https://www.youtube.com/channel/UCOE9mp9tEqSmg0v79bmuVdA&data=05|02|jstevens@carmelschools.org|a78be4ae2cb44641715308de069aa533|a7128decf40f43f5ba84fe7426cefef9|0|0|638955458442881798|Unknown|TWFpbGZsb3d8eyJFbXB0eU1hcGkiOnRydWUsIlYiOiIwLjAuMDAwMCIsIlAiOiJXaW4zMiIsIkFOIjoiTWFpbCIsIldUIjoyfQ==|0|||&sdata=RnrI/bx9djDc3ZeTZuwEuSJ/fau95w/CgaiJogcF1lY=&reserved=0 https://www.youtube.com/channel/UCDgN1GIEV_NBEf0yw0evXww&data=05|02|jstevens@carmelschools.org|a78be4ae2cb44641715308de069aa533|a7128decf40f43f5ba84fe7426cefef9|0|0|638955458442899079|Unknown|TWFpbGZsb3d8eyJFbXB0eU1hcGkiOnRydWUsIlYiOiIwLjAuMDAwMCIsIlAiOiJXaW4zMiIsIkFOIjoiTWFpbCIsIldUIjoyfQ==|0|||&sdata=4LdPcJoTxEKT7ROFO4MLCnjvEm2oZcvuLDCmwKPVoqQ=&reserved=0 https://www.youtube.com/embed/7LreoFj8jjY https://www.youtube.com/embed/nwuABWhanOA https://www.youtube.com/embed/kG_D0kJ7M1o https://www.youtube.com/embed/JOS1_Nwp-LI https://www.youtube.com/embed/TBcL-Tzic2E https://www.youtube.com/embed/NRRV9RZfYbk https://www.youtube.com/embed/h_qv8YBQVTc
us:sd:3606570,Carmel Central School District,NY,youtube,https://www.youtube.com/channel/UCDgN1GIEV_NBEf0yw0evXww,channel,yes,districts_combined,https://www.youtube.com/channel/UCOE9mp9tEqSmg0v79bmuVdA https://www.youtube.com/channel/UCDgN1GIEV_NBEf0yw0evXww https://www.youtube.com/channel/UCnKjCqMd4CZqS-PaPDTlp_Q https://www.youtube.com/@CarmelCSD-BoardofEducation/streams https://www.youtube.com/channel/UCOE9mp9tEqSmg0v79bmuVdA&data=05|02|jstevens@carmelschools.org|a78be4ae2cb44641715308de069aa533|a7128decf40f43f5ba84fe7426cefef9|0|0|638955458442881798|Unknown|TWFpbGZsb3d8eyJFbXB0eU1hcGkiOnRydWUsIlYiOiIwLjAuMDAwMCIsIlAiOiJXaW4zMiIsIkFOIjoiTWFpbCIsIldUIjoyfQ==|0|||&sdata=RnrI/bx9djDc3ZeTZuwEuSJ/fau95w/CgaiJogcF1lY=&reserved=0 https://www.youtube.com/channel/UCDgN1GIEV_NBEf0yw0evXww&data=05|02|jstevens@carmelschools.org|a78be4ae2cb44641715308de069aa533|a7128decf40f43f5ba84fe7426cefef9|0|0|638955458442899079|Unknown|TWFpbGZsb3d8eyJFbXB0eU1hcGkiOnRydWUsIlYiOiIwLjAuMDAwMCIsIlAiOiJXaW4zMiIsIkFOIjoiTWFpbCIsIldUIjoyfQ==|0|||&sdata=4LdPcJoTxEKT7ROFO4MLCnjvEm2oZcvuLDCmwKPVoqQ=&reserved=0 https://www.youtube.com/embed/7LreoFj8jjY https://www.youtube.com/embed/nwuABWhanOA https://www.youtube.com/embed/kG_D0kJ7M1o https://www.youtube.com/embed/JOS1_Nwp-LI https://www.youtube.com/embed/TBcL-Tzic2E https://www.youtube.com/embed/NRRV9RZfYbk https://www.youtube.com/embed/h_qv8YBQVTc
us:sd:3606570,Carmel Central School District,NY,youtube,https://www.youtube.com/channel/UCnKjCqMd4CZqS-PaPDTlp_Q,channel,yes,districts_combined,https://www.youtube.com/channel/UCOE9mp9tEqSmg0v79bmuVdA https://www.youtube.com/channel/UCDgN1GIEV_NBEf0yw0evXww https://www.youtube.com/channel/UCnKjCqMd4CZqS-PaPDTlp_Q https://www.youtube.com/@CarmelCSD-BoardofEducation/streams https://www.youtube.com/channel/UCOE9mp9tEqSmg0v79bmuVdA&data=05|02|jstevens@carmelschools.org|a78be4ae2cb44641715308de069aa533|a7128decf40f43f5ba84fe7426cefef9|0|0|638955458442881798|Unknown|TWFpbGZsb3d8eyJFbXB0eU1hcGkiOnRydWUsIlYiOiIwLjAuMDAwMCIsIlAiOiJXaW4zMiIsIkFOIjoiTWFpbCIsIldUIjoyfQ==|0|||&sdata=RnrI/bx9djDc3ZeTZuwEuSJ/fau95w/CgaiJogcF1lY=&reserved=0 https://www.youtube.com/channel/UCDgN1GIEV_NBEf0yw0evXww&data=05|02|jstevens@carmelschools.org|a78be4ae2cb44641715308de069aa533|a7128decf40f43f5ba84fe7426cefef9|0|0|638955458442899079|Unknown|TWFpbGZsb3d8eyJFbXB0eU1hcGkiOnRydWUsIlYiOiIwLjAuMDAwMCIsIlAiOiJXaW4zMiIsIkFOIjoiTWFpbCIsIldUIjoyfQ==|0|||&sdata=4LdPcJoTxEKT7ROFO4MLCnjvEm2oZcvuLDCmwKPVoqQ=&reserved=0 https://www.youtube.com/embed/7LreoFj8jjY https://www.youtube.com/embed/nwuABWhanOA https://www.youtube.com/embed/kG_D0kJ7M1o https://www.youtube.com/embed/JOS1_Nwp-LI https://www.youtube.com/embed/TBcL-Tzic2E https://www.youtube.com/embed/NRRV9RZfYbk https://www.youtube.com/embed/h_qv8YBQVTc
us:sd:3606570,Carmel Central School District,NY,youtube,https://www.youtube.com/@CarmelCSD-BoardofEducation/streams,channel,yes,districts_combined,https://www.youtube.com/channel/UCOE9mp9tEqSmg0v79bmuVdA https://www.youtube.com/channel/UCDgN1GIEV_NBEf0yw0evXww https://www.youtube.com/channel/UCnKjCqMd4CZqS-PaPDTlp_Q https://www.youtube.com/@CarmelCSD-BoardofEducation/streams https://www.youtube.com/channel/UCOE9mp9tEqSmg0v79bmuVdA&data=05|02|jstevens@carmelschools.org|a78be4ae2cb44641715308de069aa533|a7128decf40f43f5ba84fe7426cefef9|0|0|638955458442881798|Unknown|TWFpbGZsb3d8eyJFbXB0eU1hcGkiOnRydWUsIlYiOiIwLjAuMDAwMCIsIlAiOiJXaW4zMiIsIkFOIjoiTWFpbCIsIldUIjoyfQ==|0|||&sdata=RnrI/bx9djDc3ZeTZuwEuSJ/fau95w/CgaiJogcF1lY=&reserved=0 https://www.youtube.com/channel/UCDgN1GIEV_NBEf0yw0evXww&data=05|02|jstevens@carmelschools.org|a78be4ae2cb44641715308de069aa533|a7128decf40f43f5ba84fe7426cefef9|0|0|638955458442899079|Unknown|TWFpbGZsb3d8eyJFbXB0eU1hcGkiOnRydWUsIlYiOiIwLjAuMDAwMCIsIlAiOiJXaW4zMiIsIkFOIjoiTWFpbCIsIldUIjoyfQ==|0|||&sdata=4LdPcJoTxEKT7ROFO4MLCnjvEm2oZcvuLDCmwKPVoqQ=&reserved=0 https://www.youtube.com/embed/7LreoFj8jjY https://www.youtube.com/embed/nwuABWhanOA https://www.youtube.com/embed/kG_D0kJ7M1o https://www.youtube.com/embed/JOS1_Nwp-LI https://www.youtube.com/embed/TBcL-Tzic2E https://www.youtube.com/embed/NRRV9RZfYbk https://www.youtube.com/embed/h_qv8YBQVTc
us:sd:3606570,Carmel Central School District,NY,youtube,https://www.youtube.com/channel/UCOE9mp9tEqSmg0v79bmuVdA&data=05|02|jstevens@carmelschools.org|a78be4ae2cb44641715308de069aa533|a7128decf40f43f5ba84fe7426cefef9|0|0|638955458442881798|Unknown|TWFpbGZsb3d8eyJFbXB0eU1hcGkiOnRydWUsIlYiOiIwLjAuMDAwMCIsIlAiOiJXaW4zMiIsIkFOIjoiTWFpbCIsIldUIjoyfQ==|0|||&sdata=RnrI/bx9djDc3ZeTZuwEuSJ/fau95w/CgaiJogcF1lY=&reserved=0,channel,yes,districts_combined,https://www.youtube.com/channel/UCOE9mp9tEqSmg0v79bmuVdA https://www.youtube.com/channel/UCDgN1GIEV_NBEf0yw0evXww https://www.youtube.com/channel/UCnKjCqMd4CZqS-PaPDTlp_Q https://www.youtube.com/@CarmelCSD-BoardofEducation/streams https://www.youtube.com/channel/UCOE9mp9tEqSmg0v79bmuVdA&data=05|02|jstevens@carmelschools.org|a78be4ae2cb44641715308de069aa533|a7128decf40f43f5ba84fe7426cefef9|0|0|638955458442881798|Unknown|TWFpbGZsb3d8eyJFbXB0eU1hcGkiOnRydWUsIlYiOiIwLjAuMDAwMCIsIlAiOiJXaW4zMiIsIkFOIjoiTWFpbCIsIldUIjoyfQ==|0|||&sdata=RnrI/bx9djDc3ZeTZuwEuSJ/fau95w/CgaiJogcF1lY=&reserved=0 https://www.youtube.com/channel/UCDgN1GIEV_NBEf0yw0evXww&data=05|02|jstevens@carmelschools.org|a78be4ae2cb44641715308de069aa533|a7128decf40f43f5ba84fe7426cefef9|0|0|638955458442899079|Unknown|TWFpbGZsb3d8eyJFbXB0eU1hcGkiOnRydWUsIlYiOiIwLjAuMDAwMCIsIlAiOiJXaW4zMiIsIkFOIjoiTWFpbCIsIldUIjoyfQ==|0|||&sdata=4LdPcJoTxEKT7ROFO4MLCnjvEm2oZcvuLDCmwKPVoqQ=&reserved=0 https://www.youtube.com/embed/7LreoFj8jjY https://www.youtube.com/embed/nwuABWhanOA https://www.youtube.com/embed/kG_D0kJ7M1o https://www.youtube.com/embed/JOS1_Nwp-LI https://www.youtube.com/embed/TBcL-Tzic2E https://www.youtube.com/embed/NRRV9RZfYbk https://www.youtube.com/embed/h_qv8YBQVTc
us:sd:3606570,Carmel Central School District,NY,youtube,https://www.youtube.com/channel/UCDgN1GIEV_NBEf0yw0evXww&data=05|02|jstevens@carmelschools.org|a78be4ae2cb44641715308de069aa533|a7128decf40f43f5ba84fe7426cefef9|0|0|638955458442899079|Unknown|TWFpbGZsb3d8eyJFbXB0eU1hcGkiOnRydWUsIlYiOiIwLjAuMDAwMCIsIlAiOiJXaW4zMiIsIkFOIjoiTWFpbCIsIldUIjoyfQ==|0|||&sdata=4LdPcJoTxEKT7ROFO4MLCnjvEm2oZcvuLDCmwKPVoqQ=&reserved=0,channel,yes,districts_combined,https://www.youtube.com/channel/UCOE9mp9tEqSmg0v79bmuVdA https://www.youtube.com/channel/UCDgN1GIEV_NBEf0yw0evXww https://www.youtube.com/channel/UCnKjCqMd4CZqS-PaPDTlp_Q https://www.youtube.com/@CarmelCSD-BoardofEducation/streams https://www.youtube.com/channel/UCOE9mp9tEqSmg0v79bmuVdA&data=05|02|jstevens@carmelschools.org|a78be4ae2cb44641715308de069aa533|a7128decf40f43f5ba84fe7426cefef9|0|0|638955458442881798|Unknown|TWFpbGZsb3d8eyJFbXB0eU1hcGkiOnRydWUsIlYiOiIwLjAuMDAwMCIsIlAiOiJXaW4zMiIsIkFOIjoiTWFpbCIsIldUIjoyfQ==|0|||&sdata=RnrI/bx9djDc3ZeTZuwEuSJ/fau95w/CgaiJogcF1lY=&reserved=0 https://www.youtube.com/channel/UCDgN1GIEV_NBEf0yw0evXww&data=05|02|jstevens@carmelschools.org|a78be4ae2cb44641715308de069aa533|a7128decf40f43f5ba84fe7426cefef9|0|0|638955458442899079|Unknown|TWFpbGZsb3d8eyJFbXB0eU1hcGkiOnRydWUsIlYiOiIwLjAuMDAwMCIsIlAiOiJXaW4zMiIsIkFOIjoiTWFpbCIsIldUIjoyfQ==|0|||&sdata=4LdPcJoTxEKT7ROFO4MLCnjvEm2oZcvuLDCmwKPVoqQ=&reserved=0 https://www.youtube.com/embed/7LreoFj8jjY https://www.youtube.com/embed/nwuABWhanOA https://www.youtube.com/embed/kG_D0kJ7M1o https://www.youtube.com/embed/JOS1_Nwp-LI https://www.youtube.com/embed/TBcL-Tzic2E https://www.youtube.com/embed/NRRV9RZfYbk https://www.youtube.com/embed/h_qv8YBQVTc
us:sd:4209480,Exeter Township School District,PA,youtube,https://www.youtube.com/@exetertwpSchool,channel,yes,districts_combined,https://www.youtube.com/@exetertwpSchool
us:sd:3404560,Egg Harbor Township School District,NJ,youtube,https://www.youtube.com/@EHT-TV,channel,no,districts_combined,https://eht.k12.nj.us/agenda-and-presentations https://eht.k12.nj.us/board-members https://www.youtube.com/watch?v=s_U1eUmk4-M https://www.youtube.com/@EHT-TV https://www.youtube.com/embed/videoseries?si=A5EygqC-n6QG9Sxw&list=PLq6l8UBgDmg4z3zcPMVQkW8acdrwsW3op
us:sd:4824240,Iola Independent School District,TX,youtube,https://www.youtube.com/watch?v=dGMcaFCAnC0&list=PLDclShs9d5EFt67NxdP_7Qj-jdj7-F0Ej&index=7,playlist,no,districts_combined,https://youtu.be/ee7w1VaWtE8 https://youtu.be/BIVHPOgercI https://youtu.be/wf--pjaS0dY https://youtu.be/XEi68VI-UrI https://youtu.be/Lp-tnHi48Q4 https://youtu.be/PlqOSo2_-vQ https://youtu.be/vwaTh4sqXZA https://youtu.be/OwE9mAle3v8 https://youtu.be/GYAs212NkGM https://youtu.be/ktk22Z14G14 https://youtu.be/hYGUBRb2ABM https://youtu.be/pDDJbWYZHNg https://youtu.be/Iew0g8tyXXs https://youtu.be/hXq9Wfxowuo https://youtu.be/EZniTyJlBEo https://www.youtube.com/watch?v=dGMcaFCAnC0&list=PLDclShs9d5EFt67NxdP_7Qj-jdj7-F0Ej&index=7 https://youtu.be/wQcLOJ5rtfw https://youtu.be/rlf-t4gDf0s https://youtu.be/WRkAB8Busss https://youtu.be/YUutW0u7LB8 https://youtu.be/3L278DqDLJY https://youtu.be/0Nw3bslW5sc https://youtu.be/_UKUGkjSWgc https://youtu.be/UTKtkNd80TU https://youtu.be/NJOvUXm04nw https://youtu.be/I-ny7nTwi4k https://youtu.be/7RLTVbWfwSc https://youtu.be/GRO9cSm0A9o https://youtu.be/_BErJiBE27c https://youtu.be/-ymh_s_dr24 https://youtu.be/5D5lA19hJXs https://youtu.be/bmaBA92aU50 https://youtu.be/e63c1R2e7po https://youtu.be/07nx4gHlCbQ https://youtu.be/LRiW6aQ62I8 https://youtu.be/bwxeEnh_hp4 https://youtu.be/EWyfRCiQ-VA https://youtu.be/E-UjzrMqRp8 https://youtu.be/8erUlPRgX6Y https://youtu.be/PJdR3fAyq7I https://youtu.be/T2Ux136918U https://youtu.be/k7ZXpy1MwN0 https://youtu.be/tFTi27Iam3A https://youtu.be/C7KaENh3Hrg https://youtu.be/77lqQYnUJIc https://youtu.be/g-P0BdiQX6Y https://youtu.be/t3du8RCgHX0 https://youtu.be/djRIvDcLxns https://youtu.be/qqhSDKk1rlo https://youtu.be/FNvtrLX4ThI https://www.youtube.com/embed/OuFTm4YtOvA https://youtu.be/3YO8vxfMEMs https://youtu.be/tSWqamAqISA https://youtu.be/cOFZGSTqOwM https://youtu.be/39RluObGPIs https://youtu.be/zaSqBEMwAPg https://www.youtube.com/watch?v=gr1gPzAKFwY&ab_channel=ANDREWGLASS https://youtu.be/7pr5ctHxKZQ https://youtu.be/6XpwuyMc18U https://youtu.be/Hwuc9qvqGrg https://youtu.be/kupu5bxZKnU https://youtu.be/c-8z-X6Vl8U https://youtu.be/MYibe71S_Vg https://youtu.be/KZBut38oySU https://youtu.be/oWVcCuuzaLw https://youtu.be/rutaIMaXoio?si=-bGFkBDABrC3Nn31 https://youtu.be/hYFZb6BrpzU https://youtu.be/VcxCiE54Zq0 https://youtu.be/ubaGDi24iiY https://www.youtube.com/watch?v=K0lk33MXbZY&ab_channel=ANDREWGLASS https://youtu.be/8CltkA8ihdg https://youtu.be/gBaA-rvMYns https://youtu.be/Tuzqa77zUPQ https://youtu.be/gmw-ppGTinE?si=rM2N4RHrKsXdQowB
us:sd:5502550,Chippewa Falls Area School District,WI,youtube,https://www.youtube.com/@cfausdvideocommunications/streams,channel,yes,districts_combined,https://www.youtube.com/channel/UCpGyjrByIZDtXZGbLJDIYmw https://www.youtube.com/@cfausdvideocommunications/streams https://www.youtube.com/@HalmstadChippewaFalls/live
us:sd:5502550,Chippewa Falls Area School District,WI,youtube,https://www.youtube.com/@HalmstadChippewaFalls/live,channel,yes,districts_combined,https://www.youtube.com/channel/UCpGyjrByIZDtXZGbLJDIYmw https://www.youtube.com/@cfausdvideocommunications/streams https://www.youtube.com/@HalmstadChippewaFalls/live
us:sd:3630960,Westbury Union Free School District,NY,youtube,https://www.youtube.com/watch?v=P9Saz6melz4,single_video,no,districts_combined,https://www.youtube.com/watch?v=P9Saz6melz4 https://youtube.com/onewestbury
us:sd:2614790,Frankfort-Elberta Area Schools,MI,youtube,https://www.youtube.com/channel/UCMsO3ZveFMqRreac8-G2cTw,channel,no,districts_combined,https://www.youtube.com/channel/UCMsO3ZveFMqRreac8-G2cTw https://www.youtube.com/live/hpcRJF5_rDg?si=Bw38A1lITOuKaId8 https://youtube.com/live/ZLvzFeeCms4?feature=share http://youtube.com/live/mPnVsaQabig?feature=share https://youtu.be/Mwgaj3S-Pok https://youtube.com/live/p61UHldAGas?feature=share https://youtube.com/live/6dYrQx0ALDc?feature=share https://www.youtube.com/live/NCuCNh1VuFg?si=albiO9eMv_BDGbx0 https://www.youtube.com/live/-lwVQVDyPOE?si=dKoFlEPUJ6Pf2UMS https://www.youtube.com/live/4Q6BvPNjY9A?si=YVJpZv6XJo2NfDLQ https://youtube.com/live/kxP0GxpIb3Q?feature=share https://www.youtube.com/watch?v=ss1QcjNwLL0 https://www.youtube.com/live/dX1jDHe4GQY?si=t_sCAPdiMa9193KD https://youtu.be/-923VjZ3dYk https://youtu.be/lk-eBwXUyfk https://youtube.com/e13xPBDbur0 https://youtu.be/kQLOWXwsD3E https://www.youtube.com/watch?v=8m5uTQl_Iy4
us:sd:0805070,West Grand School District 1-JT,CO,youtube,https://www.youtube.com/channel/UCkxLIoRoL1CMYaASW3oD6Pw,channel,no,districts_combined,https://www.youtube.com/channel/UCkxLIoRoL1CMYaASW3oD6Pw https://www.youtube.com/embed/a29d9WpofPA
us:sd:4600036,Deuel School District 19-4,SD,youtube,https://www.youtube.com/@deuelcardinalslive9019,channel,no,districts_combined,https://www.youtube.com/@deuelcardinalslive9019
us:sd:1705790,Belvidere Consolidated Unit School District 100,IL,youtube,https://www.youtube.com/@bcusd100,channel,yes,districts_combined,https://www.youtube.com/@bcusd100 https://www.youtube.com/c/District100Videos/live
us:sd:1705790,Belvidere Consolidated Unit School District 100,IL,youtube,https://www.youtube.com/c/District100Videos/live,channel,yes,districts_combined,https://www.youtube.com/@bcusd100 https://www.youtube.com/c/District100Videos/live
us:sd:2626010,Northwest School District,MI,youtube,https://www.youtube.com/@NWMediaMounties,channel,no,districts_combined,https://www.youtube.com/@NWMediaMounties
us:sd:3301680,Bartlett School District,NH,youtube,https://www.youtube.com/@NH_SAU9,channel,no,districts_combined,https://www.youtube.com/@NH_SAU9
us:sd:5514490,Stevens Point Area School District,WI,youtube,http://www.youtube.com/@PointSchoolsNet,channel,yes,districts_combined,http://www.youtube.com/@PointSchoolsNet https://youtube.com/playlist?list=PLHx4aqdUeod1sG8yYIeCbiptD2CWjsj4F&si=GDeDw9YRIJzjn1OE https://www.youtube.com/@SPASH-HallOfFame
us:sd:5514490,Stevens Point Area School District,WI,youtube,https://www.youtube.com/@SPASH-HallOfFame,channel,yes,districts_combined,http://www.youtube.com/@PointSchoolsNet https://youtube.com/playlist?list=PLHx4aqdUeod1sG8yYIeCbiptD2CWjsj4F&si=GDeDw9YRIJzjn1OE https://www.youtube.com/@SPASH-HallOfFame
us:sd:3904804,Southwest Licking Local School District,OH,youtube,https://www.youtube.com/channel/UCMsNje6XA6hg9Y_Pk3wLL4g,channel,yes,districts_combined,https://www.youtube.com/channel/UCMsNje6XA6hg9Y_Pk3wLL4g
us:sd:3904408,Winton Woods City School District,OH,youtube,https://www.youtube.com/user/waycrossCM,channel,no,districts_combined,https://www.youtube.com/channel/UCzwGtt-vAsoKY_JsZssWoHg https://www.youtube.com/playlist?list=PLyqeda7FSCX5PBoSaDf1sbEESy5IMIRDc https://www.youtube.com/user/waycrossCM
us:sd:4503908,Marion School District 10,SC,youtube,https://www.youtube.com/embed/jLwHjxg8Fmg,single_video,yes,districts_combined,https://www.youtube.com/marioncountyschooldistrict https://www.youtube.com/embed/jLwHjxg8Fmg https://www.youtube.com/embed/QJgqy96LLaU https://www.youtube.com/embed/7eFvzvkanIQ https://www.youtube.com/embed/_Rr8-mWvTQg https://www.youtube.com/embed/8r0Cfa2aIEc https://www.youtube.com/embed/iotNoWJvutc
us:sd:3904464,Piqua City School District,OH,youtube,https://www.youtube.com/user/PCSDistrict,channel,yes,districts_combined,https://www.youtube.com/user/PCSDistrict
us:sd:3904453,North Ridgeville City School District,OH,youtube,https://www.youtube.com/channel/UCphoxPBOGgH3xhbmlZWWKZQ,channel,yes,districts_combined,https://www.youtube.com/c/NrcsK12OhUsrangers/videos https://www.youtube.com/channel/UCphoxPBOGgH3xhbmlZWWKZQ
us:sd:3904350,Ashland City School District,OH,youtube,https://www.youtube.com/c/AshlandCitySchoolsOH,channel,yes,districts_combined,http://www.youtube.com/@AshlandCitySchoolsOH https://www.youtube.com/watch?v=PBclMTPiehs https://youtu.be/vbv8jFzBo_g https://www.youtube.com/c/AshlandCitySchoolsOH
us:sd:5511100,Oregon School District,WI,youtube,https://www.youtube.com/@OCAmedia/streams,channel,yes,districts_combined,https://www.youtube.com/OCAmedia https://www.youtube.com/@OCAmedia/streams
us:sd:2008430,Leavenworth Unified School District 453,KS,youtube,https://www.youtube.com/@LeavenworthUSD453,channel,yes,districts_combined,https://www.youtube.com/@LeavenworthUSD453
us:sd:3904694,Canal Winchester Local School District,OH,youtube,https://www.youtube.com/channel/UCOu0TSVvRypxyuAfsDCI9bg,channel,yes,districts_combined,https://www.youtube.com/channel/UCOu0TSVvRypxyuAfsDCI9bg
us:sd:3904578,Perry Local School District,OH,youtube,https://www.youtube.com/watch?v=YebL_DN0AoE,single_video,no,districts_combined,https://www.youtube.com/watch?v=YebL_DN0AoE
us:sd:3174430,Norfolk Public Schools,NE,youtube,https://www.youtube.com/channel/UCIuFvr_afOWPPTP9XqbfW9g,channel,no,districts_combined,https://www.youtube.com/channel/UCIuFvr_afOWPPTP9XqbfW9g
us:sd:2723970,Ogilvie Public School District,MN,youtube,https://www.youtube.com/channel/UCl8En1upoL1zyyDVl0E8yAA,channel,yes,districts_combined,https://www.youtube.com/channel/UCSReSK8p7bFeaEE44NLFdxA https://www.youtube.com/channel/UCl8En1upoL1zyyDVl0E8yAA https://www.youtube.com/@ogilviepublicschools-schoo8287
us:sd:2723970,Ogilvie Public School District,MN,youtube,https://www.youtube.com/@ogilviepublicschools-schoo8287,channel,yes,districts_combined,https://www.youtube.com/channel/UCSReSK8p7bFeaEE44NLFdxA https://www.youtube.com/channel/UCl8En1upoL1zyyDVl0E8yAA https://www.youtube.com/@ogilviepublicschools-schoo8287
us:sd:0805460,Mancos School District RE-6,CO,youtube,https://www.youtube.com/@mancosre6ch1909/featured,channel,yes,districts_combined,https://www.youtube.com/@mancosre6ch1909/featured
us:sd:5513710,Shell Lake School District,WI,youtube,https://youtube.com/@shelllakeschool3064?feature=shared,channel,yes,districts_combined,https://www.youtube.com/channel/UCWbZcj6WVDAZJa8Y7rN_D5Q https://youtube.com/@shelllakeschool3064?feature=shared
us:sd:3500960,Eunice Municipal Schools,NM,youtube,https://www.youtube.com/@EunicePublicSchools,channel,no,districts_combined,https://www.youtube.com/@EunicePublicSchools
us:sd:5101980,Hopewell City Public Schools,VA,youtube,https://youtu.be/odomSdVAIXc?si=8VfCRAFhZ30Aj4tC,single_video,yes,districts_combined,https://youtu.be/odomSdVAIXc?si=8VfCRAFhZ30Aj4tC https://youtu.be/hTQsSvoLquo?si=NRa_teECH-bdyHzo https://youtu.be/4OPk0ND_9Js?si=D0rBFcfsg2ltwXpe https://youtu.be/PakMsTf8Tho?si=KtvmYRok15OXbwBN
us:sd:4835760,Premont Independent School District,TX,youtube,https://www.youtube.com/@premontisd5389,channel,yes,districts_combined,https://www.youtube.com/@premontisd5389 https://www.youtube.com/playlist?list=PLYpowUijhJsY2Z-ARMMasT420SqGz1FLi
us:sd:3904675,Buckeye Valley Local School District,OH,youtube,https://www.youtube.com/channel/UCsOTEocIlkf67qSBOaj77Fw,channel,yes,districts_combined,https://www.youtube.com/channel/UCsOTEocIlkf67qSBOaj77Fw
us:sd:0903000,North Canaan School District,CT,youtube,https://www.youtube.com/watch?v=naaJeyPEJFU,single_video,no,districts_combined,https://www.youtube.com/watch?v=naaJeyPEJFU
us:sd:0600006,Ross Valley Elementary School District,CA,youtube,https://www.youtube.com/@RossValleySchoolDistrict,channel,yes,districts_combined,https://www.youtube.com/@RossValleySchoolDistrict
us:sd:2803000,Moss Point School District,MS,youtube,https://www.youtube.com/watch?v=DIBmxZ5CSJM,single_video,yes,districts_combined,https://www.youtube.com/watch?v=DIBmxZ5CSJM
us:sd:3904697,Groveport Madison Local School District,OH,youtube,https://www.youtube.com/@gmschools,channel,yes,districts_combined,https://www.youtube.com/@gmschools https://www.youtube.com/channel/UCJ6PWKcFpTzdYBYrG60s_AQ
us:sd:3904697,Groveport Madison Local School District,OH,youtube,https://www.youtube.com/channel/UCJ6PWKcFpTzdYBYrG60s_AQ,channel,yes,districts_combined,https://www.youtube.com/@gmschools https://www.youtube.com/channel/UCJ6PWKcFpTzdYBYrG60s_AQ
us:sd:1810710,Southern Hancock County Community School Corporation,IN,youtube,https://www.youtube.com/@NewPalCS,channel,yes,districts_combined,https://www.youtube.com/@NewPalCS
us:sd:4840080,Sherman Independent School District,TX,youtube,https://www.youtube.com/user/shermanisd,channel,yes,districts_combined,https://www.youtube.com/user/shermanisd https://www.youtube.com/@shermanisd/streams https://www.youtube.com/playlist?list=PLL8NOBTgLLn8 https://www.youtube.com/playlist?list=PLDPB13SR4Sj4Qa39mzM_7A4lvukhneHbt https://youtube.com/playlist?list=PLDPB13SR4Sj7MFewe0s6ieT-cgC9XEiGv&feature=shared https://youtube.com/playlist?list=PLDPB13SR4Sj52rngo9z0xiiwt6o3yucfP&feature=shared https://youtube.com/playlist?list=PLDPB13SR4Sj7i_LhmK2zh7vjeMJapHhhx&feature=shared https://youtube.com/playlist?list=PLDPB13SR4Sj6zaCI83TfYf3gtrkApztjs&feature=shared https://youtube.com/playlist?list=PLDPB13SR4Sj5gh0ADTOwAHiC0658zBmja&feature=shared https://www.youtube.com/embed/5BGx14dTXDY?si=6qTnx6CZxlxMqMP5 https://www.youtube.com/embed/tSLZzX5J480 https://www.youtube.com/watch?v=z-iZ0BmUNrQ https://www.youtube.com/live/cIVh5vZsgvA?si=KEEdn_lCoPsFLqg7&t=8702
us:sd:4840080,Sherman Independent School District,TX,youtube,https://www.youtube.com/@shermanisd/streams,channel,yes,districts_combined,https://www.youtube.com/user/shermanisd https://www.youtube.com/@shermanisd/streams https://www.youtube.com/playlist?list=PLL8NOBTgLLn8 https://www.youtube.com/playlist?list=PLDPB13SR4Sj4Qa39mzM_7A4lvukhneHbt https://youtube.com/playlist?list=PLDPB13SR4Sj7MFewe0s6ieT-cgC9XEiGv&feature=shared https://youtube.com/playlist?list=PLDPB13SR4Sj52rngo9z0xiiwt6o3yucfP&feature=shared https://youtube.com/playlist?list=PLDPB13SR4Sj7i_LhmK2zh7vjeMJapHhhx&feature=shared https://youtube.com/playlist?list=PLDPB13SR4Sj6zaCI83TfYf3gtrkApztjs&feature=shared https://youtube.com/playlist?list=PLDPB13SR4Sj5gh0ADTOwAHiC0658zBmja&feature=shared https://www.youtube.com/embed/5BGx14dTXDY?si=6qTnx6CZxlxMqMP5 https://www.youtube.com/embed/tSLZzX5J480 https://www.youtube.com/watch?v=z-iZ0BmUNrQ https://www.youtube.com/live/cIVh5vZsgvA?si=KEEdn_lCoPsFLqg7&t=8702
us:sd:5501890,Burlington Area School District,WI,youtube,https://www.youtube.com/@BASDBoardMeetings,channel,yes,districts_combined,https://www.youtube.com/@BASDBoardMeetings https://www.youtube.com/@burlingtondemons9180 https://www.youtube.com/@burlingtondemons-dondalton7767 https://www.youtube.com/@burlingtonareaschooldistri379
us:sd:5501890,Burlington Area School District,WI,youtube,https://www.youtube.com/@burlingtondemons9180,channel,yes,districts_combined,https://www.youtube.com/@BASDBoardMeetings https://www.youtube.com/@burlingtondemons9180 https://www.youtube.com/@burlingtondemons-dondalton7767 https://www.youtube.com/@burlingtonareaschooldistri379
us:sd:5501890,Burlington Area School District,WI,youtube,https://www.youtube.com/@burlingtondemons-dondalton7767,channel,yes,districts_combined,https://www.youtube.com/@BASDBoardMeetings https://www.youtube.com/@burlingtondemons9180 https://www.youtube.com/@burlingtondemons-dondalton7767 https://www.youtube.com/@burlingtonareaschooldistri379
us:sd:5501890,Burlington Area School District,WI,youtube,https://www.youtube.com/@burlingtonareaschooldistri379,channel,yes,districts_combined,https://www.youtube.com/@BASDBoardMeetings https://www.youtube.com/@burlingtondemons9180 https://www.youtube.com/@burlingtondemons-dondalton7767 https://www.youtube.com/@burlingtonareaschooldistri379
us:sd:1803660,Frankfort Community Schools,IN,youtube,https://www.youtube.com/channel/UCD3Fe7G2n945dlQoQ_y1QtA,channel,yes,districts_combined,https://www.youtube.com/@csf_media https://www.youtube.com/embed/videoseries?si=LQgTh3cV3t2jCR69&list=PLwMbPRRRrxwhJzBt9In3Owq_FQuDwwQv4 https://www.youtube.com/embed/nU6kRywGFe0 https://www.youtube.com/embed//Y1VWFVisNsg https://www.youtube.com/embed//mjecahV4k1E https://www.youtube.com/embed//0GM5nqTfbJY https://www.youtube.com/embed/pE74i7a4OJM https://www.youtube.com/embed/57GqTEDyQOM https://www.youtube.com/embed/uxjn8IfCmf4 https://www.youtube.com/embed//rPoko9vVLMw https://www.youtube.com/embed//Tsq0J3XQMms https://www.youtube.com/embed/tcV28l9Q558 https://www.youtube.com/embed/dJ-WvaXHGfQ https://www.youtube.com/embed/Dfgeosj2IGk https://www.youtube.com/embed/_NbFasghrjQ https://www.youtube.com/embed/SzPzUf6tboM https://www.youtube.com/embed/G4mQAMsExhU https://www.youtube.com/embed/_IIt9pgu37Y https://www.youtube.com/embed/5FOdOAcMZu4 https://www.youtube.com/embed/AWAKg367z9E https://www.youtube.com/embed/nqNj1mlGX2A https://www.youtube.com/embed/uNJpmyFxTBg https://www.youtube.com/embed/MawgsVwVeVw https://www.youtube.com/channel/UCD3Fe7G2n945dlQoQ_y1QtA
us:sd:3607560,Cincinnatus Central School District,NY,youtube,https://www.youtube.com/@cincinnatuslions,channel,yes,districts_combined,https://www.youtube.com/@cincinnatuslions
us:sd:4843530,Union Grove Independent School District,TX,youtube,https://www.youtube.com/channel/UC8llxfL_mlFp_6ZI8e9amDg,channel,yes,districts_combined,https://www.youtube.com/channel/UC8llxfL_mlFp_6ZI8e9amDg
us:sd:4016710,Konawa Public Schools,OK,youtube,https://www.youtube.com/@tigernewstalk3256,channel,no,districts_combined,https://www.youtube.com/@tigernewstalk3256
us:sd:4222350,Southern Lehigh School District,PA,youtube,https://youtube.com/live/DiJXbHVIFkk?feature=share,single_video,yes,districts_combined,https://youtube.com/live/DiJXbHVIFkk?feature=share
us:sd:2909720,Clayton School District,MO,youtube,https://www.youtube.com/c/schooldistrictofclayton,channel,yes,districts_combined,https://www.youtube.com/c/schooldistrictofclayton https://www.youtube.com/channel/UCxZUGJBNK50qZIsF1WEVXBA/featured?view_as=public https://www.youtube.com/@SchoolDistrictofClayton
us:sd:2909720,Clayton School District,MO,youtube,https://www.youtube.com/channel/UCxZUGJBNK50qZIsF1WEVXBA/featured?view_as=public,channel,yes,districts_combined,https://www.youtube.com/c/schooldistrictofclayton https://www.youtube.com/channel/UCxZUGJBNK50qZIsF1WEVXBA/featured?view_as=public https://www.youtube.com/@SchoolDistrictofClayton
us:sd:2909720,Clayton School District,MO,youtube,https://www.youtube.com/@SchoolDistrictofClayton,channel,yes,districts_combined,https://www.youtube.com/c/schooldistrictofclayton https://www.youtube.com/channel/UCxZUGJBNK50qZIsF1WEVXBA/featured?view_as=public https://www.youtube.com/@SchoolDistrictofClayton
us:sd:4222380,Southern York County School District,PA,youtube,https://www.youtube.com/user/sycsdwarriortv/live,channel,no,districts_combined,https://www.sycsd.org/district/school-board/school-board-memberscontact-us/policies-and-documents-under-board-review https://www.sycsd.org/district/school-board/school-board-memberscontact-us/board-policy https://www.sycsd.org/district/school-board/school-board-memberscontact-us/performance-standards-for-superintendent-and-assistant-superintendent https://www.youtube.com/user/sycsdwarriortv/live https://www.youtube.com/watch?v=iQ0eJfOxSig
us:sd:1801440,Center Grove Community School Corporation,IN,youtube,https://www.youtube.com/embed/videoseries?si=EqUXD--OxHorHO4T&list=PLCnSYjEsLUQGzfMJXvm7i_ZugY4SP4Aw3,playlist,yes,districts_combined,https://www.youtube.com/centergroveschools https://www.youtube.com/embed/videoseries?si=EqUXD--OxHorHO4T&list=PLCnSYjEsLUQGzfMJXvm7i_ZugY4SP4Aw3 https://www.youtube.com/embed/FTZwEUmSvn0 https://www.youtube.com/embed/n1jZ-rCjxZw https://www.youtube.com/embed/6-7pYngPqDE https://youtu.be/rVy0TlE9x3A
us:sd:3410680,Moonachie Borough School District,NJ,youtube,https://www.youtube.com/embed/videoseries?si=DMfHycj0O-mB00v5&list=PL6ME3BFG07t-xfN_x1_zGghIE9k1KWY7a,playlist,no,districts_combined,https://www.youtube.com/embed/IWrSG7QQ_HM https://www.youtube.com/embed/wCZhZCJvo8w https://www.youtube.com/embed/BMOBTKZxfCw https://www.youtube.com/embed/arv4HAaUJMY https://www.youtube.com/embed/cu7Qtk-jRQE https://youtu.be/ANk7ro0KH3c?si=2e7fPWexMLi36lGg https://www.youtube.com/embed/videoseries?si=DMfHycj0O-mB00v5&list=PL6ME3BFG07t-xfN_x1_zGghIE9k1KWY7a https://www.youtube.com/embed/videoseries?si=COxMLmLhviBZhzxR&list=PL6ME3BFG07t-OppUhx894WG7jQ0rGeXl1 https://www.youtube.com/embed/videoseries?si=RiPANLFEqHjXHN2E&list=PL6ME3BFG07t_wcfyojqy68G_TssPa9ZQm
us:sd:3904614,Ross Local School District,OH,youtube,https://www.youtube.com/@RossLocalSchoolDistrict,channel,yes,districts_combined,https://www.youtube.com/@RossLocalSchoolDistrict
us:sd:3612330,Goshen Central School District,NY,youtube,https://www.youtube.com/@GoshenSchools,channel,yes,districts_combined,https://www.youtube.com/@GoshenSchools https://www.youtube.com/embed/3zd9odvI2nE?si=Rh_DLTv4FULSvknj https://www.youtube.com/goshenschools
us:sd:3501740,Lovington Public Schools,NM,youtube,https://www.youtube.com/@lovingtonmunicipalschools,channel,yes,districts_combined,https://www.youtube.com/@lovingtonmunicipalschools
us:sd:5500900,Bayfield School District,WI,youtube,https://www.youtube.com/watch?v=zubg2Y1CUlw,single_video,yes,districts_combined,https://www.youtube.com/watch?v=zubg2Y1CUlw https://www.youtube.com/watch?v=Q14YlE2wwWc https://www.youtube.com/watch?v=OP3dpOJ1CdY https://www.youtube.com/watch?v=hhTbjZNiw28 https://www.youtube.com/watch?v=QZazZggq3M0 https://www.youtube.com/watch?v=90dGG-XmSMA https://www.youtube.com/watch?v=xDVWPNLvAI0
us:sd:3626400,Seaford Union Free School District,NY,youtube,https://www.youtube.com/@SeafordBOEMeetings,channel,no,districts_combined,https://www.youtube.com/@SeafordBOEMeetings https://www.youtube.com/@seafordufsd
us:sd:0801950,Adams County School District 14,CO,youtube,https://www.youtube.com/@videoadams14,channel,yes,districts_combined,https://www.youtube.com/@videoadams14 https://www.youtube.com/videoadams14
us:sd:2009360,McLouth Unified School District 342,KS,youtube,https://youtu.be/CILWd1lhNuU?si=Dnl-hItyBefovUFx,single_video,no,districts_combined,https://youtu.be/CILWd1lhNuU?si=Dnl-hItyBefovUFx
us:sd:1925200,St. Ansgar Community School District,IA,youtube,https://www.youtube.com/@SaintsTV1?app=desktop,channel,no,districts_combined,https://www.youtube.com/@SaintsTV1?app=desktop
us:sd:3615810,Jericho Union Free School District,NY,youtube,https://www.youtube.com/channel/UCbLsI3MM8u7_p-ye-JzM0YA/videos,channel,yes,districts_combined,https://www.youtube.com/@JerichoSchoolDistrict/streams https://www.youtube.com/channel/UCbLsI3MM8u7_p-ye-JzM0YA/videos https://www.youtube.com/watch?v=AG1DDx86jNw https://www.youtube.com/live/IvcS-CNczec?si=n-Copfmtp_BTh8QQ https://www.youtube.com/live/IEIeNUCJSDU?si=nQKstZ8pSaEp-Lws https://www.youtube.com/live/Ox1SdYRbj00?si=ra9fQAEYo9APk-4p https://www.youtube.com/live/KGb3MepsGeY?si=QUtNInX12_MqSnNh https://www.youtube.com/live/fPu0VVrLo0I?si=fZ3FuQbHFDc6jy88 https://www.youtube.com/live/fDRvp9LbRDk?si=cClECpg_csSuek2G https://www.youtube.com/live/xcKiB7yI-FQ?si=Mrz1Ml_lmG6C8Txe https://www.youtube.com/live/nDFjzLYPDb0?si=oyZao27yMsi9e6Qg https://www.youtube.com/live/x-PPUqP9OKk?si=_d1rySpqHfmDHKvv https://www.youtube.com/live/qk6yihEt5yM?si=5V9GpXwahsOcAdR1 https://www.youtube.com/live/CaF07vXaBHM?si=SXBlVGAJwEqltAVn https://www.youtube.com/live/KqRNSBEAwXw?si=T8SgZVaxdrXl-yb_ https://www.youtube.com/live/99ho283fq1A?si=g_mYgkHfxjvRbRhR https://www.youtube.com/live/2nSoLgiLdOI?si=eFXhM4aJNQhTnXY2 https://www.youtube.com/live/btv6pR8DxOA?si=Ke_0Hevzcpwf5xP1 https://www.youtube.com/live/rgqt0aHMi8w?si=2nHoVSOxyBEP89b7 https://www.youtube.com/live/IoBJAKhv1UM?si=4vJSsLWkC9SwPnsM https://www.youtube.com/live/TuxPt5WH2Ps?si=4zQNUTfVOABXGOVI https://www.youtube.com/live/ZjC9lj2dTHM?si=9J6hsUE0LXq6-ipA https://www.youtube.com/live/srkn1tJdOh0?si=edeLqb1I3Nte2AC- https://www.youtube.com/live/m4oDQc2__5w?si=BEo8p7yHK46pmbat https://www.youtube.com/live/3C71Kx3DkfQ?si=pLwbUJBVZuvVBQBw https://www.youtube.com/live/ykCyvX0ub54?si=VsTKifBITwSy8YP4
us:sd:4203688,Blackhawk School District,PA,youtube,https://www.youtube.com/@BlackhawkSchoolBoard,channel,yes,districts_combined,https://www.youtube.com/@BlackhawkSchoolBoard
us:sd:2931530,Webster Groves School District,MO,youtube,https://www.youtube.com/@webstergrovessd,channel,yes,districts_combined,https://www.youtube.com/@webstergrovessd https://www.youtube.com/@WebsterGrovesSchoolsMO/featured
us:sd:2931530,Webster Groves School District,MO,youtube,https://www.youtube.com/@WebsterGrovesSchoolsMO/featured,channel,yes,districts_combined,https://www.youtube.com/@webstergrovessd https://www.youtube.com/@WebsterGrovesSchoolsMO/featured
us:sd:2608940,Chelsea School District,MI,youtube,https://www.youtube.com/@chelseabulldogs,channel,no,districts_combined,https://www.youtube.com/@chelseabulldogs
us:sd:5511940,Plymouth School District,WI,youtube,https://www.youtube.com/@PCTV1420,channel,yes,districts_combined,https://www.youtube.com/playlist?list=PLSK_9ThmHx2X3v2m-3BJMIoILEB0drZ6i https://www.youtube.com/@PCTV1420 https://www.youtube.com/embed/videoseries?list=PLSK_9ThmHx2WHMvIEav4IlaTXAbPWB7yg
us:sd:2917820,Ladue School District,MO,youtube,https://youtu.be/odWsYsZVUCo?si=hIJldlNgRiHldZB6,single_video,no,districts_combined,https://www.ladueschools.net/post-details/~board/district-news/post/ladue-middle-schools-lisa-kovarik-receives-septembers-excellence-in-education-award https://www.ladueschools.net/post-details/~board/district-news/post/6th-annual-ladue-night-lights-brings-community-together-to-celebrate-inclusion-and-ladue-pride https://youtu.be/odWsYsZVUCo?si=hIJldlNgRiHldZB6 https://youtu.be/_AYFDuE1zVo https://youtu.be/Wpdvq4db_5c https://youtu.be/dD_VQOX8aUQ?si=QRm0aiOxwf1aUbCb https://youtu.be/7vekLBXbwRo https://youtu.be/MvzFD-q73Dk?si=HkOYMC69ieRlUMqk
us:sd:5509240,Swallow School District,WI,youtube,https://www.youtube.com/watch?v=U7lIiB6edQs,single_video,yes,districts_combined,https://www.youtube.com/watch?v=U7lIiB6edQs https://www.youtube.com/watch?v=lhOCBD9kh0k https://www.youtube.com/watch?v=KQmfCJurOMY https://www.youtube.com/watch?v=C5dvnSlWv60 https://www.youtube.com/watch?v=mrp3X4j2O2g https://www.youtube.com/watch?v=aMY0TC7bbBs https://www.youtube.com/watch?v=xVEwCY0uZ8U https://www.youtube.com/watch?v=2pe-LZEZG9E https://www.youtube.com/watch?v=WCnTdsAFjbs https://www.youtube.com/watch?v=I9VkX2b1ulw https://www.youtube.com/watch?v=EsRMFupnMK8 https://www.youtube.com/watch?v=Aksdoo_TdKs https://www.youtube.com/watch?v=W6Z30TvMhN4 https://www.youtube-nocookie.com/embed/xqDpoqa1Sdg https://www.youtube-nocookie.com/embed/oStZjDi1Wqc https://www.youtube-nocookie.com/embed/KfRX4gnfGek https://www.youtube-nocookie.com/embed/rfVNoGJTXdY
us:sd:1738460,Sycamore Community Unit School District 427,IL,youtube,https://www.youtube.com/playlist?list=PLlhiIsDRQ70j63Vde5RRIe10xtIq4agWa,playlist,yes,districts_combined,https://www.youtube.com/playlist?list=PLlhiIsDRQ70j63Vde5RRIe10xtIq4agWa
us:sd:2633900,Trenton Public Schools,MI,youtube,https://www.youtube.com/@TPSTelevision,channel,yes,districts_combined,https://www.youtube.com/@TPSTelevision https://www.youtube.com/embed/DywSVwQ0Dts?si=yJ6K9IhsyOAvfWVq https://www.youtube.com/embed/cvYRJfVxDq4 https://www.youtube.com/embed/mbsGx6zBdEA https://www.youtube.com/embed/YqsQGME-33o https://www.youtube.com/embed/i3PVcq0dsWA https://www.youtube.com/embed/_qAcxjQretI https://www.youtube.com/embed/vgxY3kzHqAM https://www.youtube.com/embed/QnJ6liKCbNA
us:sd:3623520,Port Jervis City School District,NY,youtube,https://www.youtube.com/channel/UCSu5SOJU71RIZBJJKLG8jUw,channel,yes,districts_combined,https://www.youtube.com/channel/UCSu5SOJU71RIZBJJKLG8jUw https://www.youtube.com/embed/dORWElZnwi8?rel=0 https://www.youtube.com/watch?v=dogpuD8bZ48 https://www.youtube.com/watch?v=NIR-rcYsHkM https://www.youtube.com/watch?v=bPXJTc0JwyQ https://www.youtube.com/watch?v=O6N-OhyTuiQ https://www.youtube.com/watch?v=GuVQ5IgPbVs https://www.youtube.com/watch?v=k05TnYeoP1k https://www.youtube.com/watch?v=VIbh5SdQ2zI https://www.youtube.com/watch?v=T-2vKQeXtI8 https://www.youtube.com/watch?v=Wd3munzZlXk https://www.youtube.com/watch?v=xfemDTTJvkg https://www.youtube.com/watch?v=Ro_V216jVyg https://www.youtube.com/watch?v=6kRDsLwprbk https://www.youtube.com/watch?v=DlVuSogOsQI https://www.youtube.com/watch?v=H8S2Q3NOHhA https://www.youtube.com/watch?v=Ed-SqVAnuKk https://www.youtube.com/watch?v=svJROjYVDpA https://www.youtube.com/watch?v=OzHq98Uun6A https://www.youtube.com/watch?v=3kXNlNz2bls https://www.youtube.com/watch?v=iApKknTHpeo https://www.youtube.com/watch?v=erIGDxtJbPI https://www.youtube.com/watch?v=5lDaUyP-SlE https://www.youtube.com/watch?v=4_r4ulNRre8 https://www.youtube.com/watch?v=0vWHw_GSeRE https://www.youtube.com/watch?v=jbRaqqHAFCo https://www.youtube.com/watch?v=aeYwwWdnEMw https://www.youtube.com/watch?v=FG133L0wChQ https://www.youtube.com/watch?v=DMfKdPGrnSE https://www.youtube.com/watch?v=PvkFlxGDe9c https://www.youtube.com/watch?v=0AdPY_8j6VQ https://www.youtube.com/watch?v=5j285iqaJr0 https://www.youtube.com/watch?v=AFyDuXZuCvs https://www.youtube.com/watch?v=8Po3qTPMWCs https://www.youtube.com/watch?v=QlTMROoOFOk https://www.youtube.com/watch?v=W9yHpBD2woY https://www.youtube.com/watch?v=AwBgnIlD3nA https://www.youtube.com/watch?v=_agP3fWys7Y https://www.youtube.com/watch?v=LDukS5q9-bY https://www.youtube.com/watch?v=-8EY3cN9q2Q https://www.youtube.com/watch?v=fo3FoXg4gZc https://www.youtube.com/watch?v=1W38sJ90voQ https://www.youtube.com/watch?v=nwBNm0j-U24 https://www.youtube.com/watch?v=LIKYe5Ljpwo https://www.youtube.com/watch?v=B_vP3OEuBck https://www.youtube.com/watch?v=XIecfu1d4bk https://www.youtube.com/watch?v=rQ1LNHH9T9c https://www.youtube.com/watch?v=jOy9hS95VFs https://www.youtube.com/watch?v=5XpkOUWQrZc https://www.youtube.com/watch?v=vytdyQg7fUY https://www.youtube.com/watch?v=hkmXx920LsE https://www.youtube.com/watch?v=xjl6_to10X4 https://www.youtube.com/live/0zdaY2U52MI https://www.youtube.com/watch?v=BpKe7Hf6Pz4 https://www.youtube.com/watch?v=MH4h-rp5J3I https://www.youtube.com/watch?v=ZHsschH4p9Q https://www.youtube.com/watch?v=9_qYMShDEMY https://www.youtube.com/watch?v=EJ2XIsb4AxI https://www.youtube.com/watch?v=y42KSl6HsjQ https://www.youtube.com/watch?v=FxQCSAEDE1U https://www.youtube.com/watch?v=c8rEBhED7-c https://www.youtube.com/watch?v=RqF7Ylpe30o https://www.youtube.com/watch?v=0b780jHRSko https://www.youtube.com/watch?v=mcnmnLl_d0Y https://www.youtube.com/watch?v=XZovHZOVPCE https://www.youtube.com/watch?v=Z-naO0nsazM https://www.youtube.com/watch?v=p0yGufE1IAo https://www.youtube.com/watch?v=OEBXFIXdKvQ https://www.youtube.com/watch?v=VPLul-nTdQE https://www.youtube.com/watch?v=7BTjaEQjbfs https://www.youtube.com/watch?v=mKZQohENiT8 https://www.youtube.com/watch?v=MkIObNhtn5M https://youtu.be/hCmMjbiDbqM https://youtu.be/_lehD2RV6AY https://youtu.be/mnNaoJoqwZI https://youtu.be/F-cAwUI_SlA https://youtu.be/LW7erSl99e8 https://youtu.be/NAbYMEyxKSI https://www.youtube.com/watch?v=hih-dEtVbWU https://youtu.be/sIr6SpdJgs4 https://youtu.be/38xLocQBYN8 https://youtu.be/oMYhgsf4HeQ https://www.youtube.com/watch?v=84oFgNCgkPI https://www.youtube.com/watch?v=8Q9cd5lby2M https://www.youtube.com/watch?v=60VqSh2IiL4 https://www.youtube.com/watch?v=EqgQ4pPy21s https://www.youtube.com/watch?v=GoXl_IDhA_c https://www.youtube.com/watch?v=zQn3G7tqpMk https://www.youtube.com/watch?v=d5n1Lgye13g https://www.youtube.com/watch?v=IfwSoRSzd10 https://www.youtube.com/watch?v=u6Q08lwdSxU https://www.youtube.com/watch?v=eX_vbwmSsNw https://www.youtube.com/watch?v=oCLaJcpj_OQ https://www.youtube.com/watch?v=Mq8RYCaYiFY https://www.youtube.com/watch?v=DL_pg4XC5iE https://youtu.be/1307uFX02Qs https://youtu.be/r5RZkesULFU https://youtu.be/GVSeOuXQ7Ac https://youtu.be/TsMyiMtzyMY https://youtu.be/0FzbqdG0bRE https://youtu.be/-Pp_wjl7ilo https://youtu.be/aixbpJvOpig https://youtu.be/fTr0uqcauXs https://youtu.be/7Blfac6nfRw https://youtu.be/Cd1Flbfgq_o https://youtu.be/xggo2WxYff4 https://youtu.be/z7mmjrnfjXE https://youtu.be/LfI-rwDAEY4 https://youtu.be/QtBDucff9bo https://youtu.be/1jRB0rNEyWI https://www.youtube.com/watch?v=8dypho4aIIg&t=163s https://youtu.be/ehj3Y4WIKM8 https://youtu.be/EPwrLqwyxvI https://youtu.be/Ws3AxqDXUgA https://youtu.be/TyhdVylrnoE https://youtu.be/SlIwHrCYGcg https://youtu.be/XGJcVEPu2Pk https://www.youtube.com/@pjschoolsyoutube3326 https://www.youtube.com/embed/8fvRMPOT6sw?rel=0 https://www.youtube.com/embed/uKGprYMKLz8?rel=0 https://www.youtube.com/embed/FzbFDqKFzsA?rel=0 https://www.youtube.com/watch?v=fF-gHpKzXqc https://www.youtube.com/watch?v=HytZWmEYCBQ&t https://www.youtube.com/watch?v=StkYS1ayAjg https://www.youtube.com/watch?v=1AXeSlMrR88 https://www.youtube.com/watch?v=G1_rneiETYQ https://www.youtube.com/watch?v=utqGbHYQMbg https://www.youtube.com/watch?v=NQ0Y_ofuNIw https://www.youtube.com/embed/zFsSveqCot0?rel=0 https://www.youtube.com/embed/JWCubUZxkMc?rel=0
us:sd:3623520,Port Jervis City School District,NY,youtube,https://www.youtube.com/@pjschoolsyoutube3326,channel,yes,districts_combined,https://www.youtube.com/channel/UCSu5SOJU71RIZBJJKLG8jUw https://www.youtube.com/embed/dORWElZnwi8?rel=0 https://www.youtube.com/watch?v=dogpuD8bZ48 https://www.youtube.com/watch?v=NIR-rcYsHkM https://www.youtube.com/watch?v=bPXJTc0JwyQ https://www.youtube.com/watch?v=O6N-OhyTuiQ https://www.youtube.com/watch?v=GuVQ5IgPbVs https://www.youtube.com/watch?v=k05TnYeoP1k https://www.youtube.com/watch?v=VIbh5SdQ2zI https://www.youtube.com/watch?v=T-2vKQeXtI8 https://www.youtube.com/watch?v=Wd3munzZlXk https://www.youtube.com/watch?v=xfemDTTJvkg https://www.youtube.com/watch?v=Ro_V216jVyg https://www.youtube.com/watch?v=6kRDsLwprbk https://www.youtube.com/watch?v=DlVuSogOsQI https://www.youtube.com/watch?v=H8S2Q3NOHhA https://www.youtube.com/watch?v=Ed-SqVAnuKk https://www.youtube.com/watch?v=svJROjYVDpA https://www.youtube.com/watch?v=OzHq98Uun6A https://www.youtube.com/watch?v=3kXNlNz2bls https://www.youtube.com/watch?v=iApKknTHpeo https://www.youtube.com/watch?v=erIGDxtJbPI https://www.youtube.com/watch?v=5lDaUyP-SlE https://www.youtube.com/watch?v=4_r4ulNRre8 https://www.youtube.com/watch?v=0vWHw_GSeRE https://www.youtube.com/watch?v=jbRaqqHAFCo https://www.youtube.com/watch?v=aeYwwWdnEMw https://www.youtube.com/watch?v=FG133L0wChQ https://www.youtube.com/watch?v=DMfKdPGrnSE https://www.youtube.com/watch?v=PvkFlxGDe9c https://www.youtube.com/watch?v=0AdPY_8j6VQ https://www.youtube.com/watch?v=5j285iqaJr0 https://www.youtube.com/watch?v=AFyDuXZuCvs https://www.youtube.com/watch?v=8Po3qTPMWCs https://www.youtube.com/watch?v=QlTMROoOFOk https://www.youtube.com/watch?v=W9yHpBD2woY https://www.youtube.com/watch?v=AwBgnIlD3nA https://www.youtube.com/watch?v=_agP3fWys7Y https://www.youtube.com/watch?v=LDukS5q9-bY https://www.youtube.com/watch?v=-8EY3cN9q2Q https://www.youtube.com/watch?v=fo3FoXg4gZc https://www.youtube.com/watch?v=1W38sJ90voQ https://www.youtube.com/watch?v=nwBNm0j-U24 https://www.youtube.com/watch?v=LIKYe5Ljpwo https://www.youtube.com/watch?v=B_vP3OEuBck https://www.youtube.com/watch?v=XIecfu1d4bk https://www.youtube.com/watch?v=rQ1LNHH9T9c https://www.youtube.com/watch?v=jOy9hS95VFs https://www.youtube.com/watch?v=5XpkOUWQrZc https://www.youtube.com/watch?v=vytdyQg7fUY https://www.youtube.com/watch?v=hkmXx920LsE https://www.youtube.com/watch?v=xjl6_to10X4 https://www.youtube.com/live/0zdaY2U52MI https://www.youtube.com/watch?v=BpKe7Hf6Pz4 https://www.youtube.com/watch?v=MH4h-rp5J3I https://www.youtube.com/watch?v=ZHsschH4p9Q https://www.youtube.com/watch?v=9_qYMShDEMY https://www.youtube.com/watch?v=EJ2XIsb4AxI https://www.youtube.com/watch?v=y42KSl6HsjQ https://www.youtube.com/watch?v=FxQCSAEDE1U https://www.youtube.com/watch?v=c8rEBhED7-c https://www.youtube.com/watch?v=RqF7Ylpe30o https://www.youtube.com/watch?v=0b780jHRSko https://www.youtube.com/watch?v=mcnmnLl_d0Y https://www.youtube.com/watch?v=XZovHZOVPCE https://www.youtube.com/watch?v=Z-naO0nsazM https://www.youtube.com/watch?v=p0yGufE1IAo https://www.youtube.com/watch?v=OEBXFIXdKvQ https://www.youtube.com/watch?v=VPLul-nTdQE https://www.youtube.com/watch?v=7BTjaEQjbfs https://www.youtube.com/watch?v=mKZQohENiT8 https://www.youtube.com/watch?v=MkIObNhtn5M https://youtu.be/hCmMjbiDbqM https://youtu.be/_lehD2RV6AY https://youtu.be/mnNaoJoqwZI https://youtu.be/F-cAwUI_SlA https://youtu.be/LW7erSl99e8 https://youtu.be/NAbYMEyxKSI https://www.youtube.com/watch?v=hih-dEtVbWU https://youtu.be/sIr6SpdJgs4 https://youtu.be/38xLocQBYN8 https://youtu.be/oMYhgsf4HeQ https://www.youtube.com/watch?v=84oFgNCgkPI https://www.youtube.com/watch?v=8Q9cd5lby2M https://www.youtube.com/watch?v=60VqSh2IiL4 https://www.youtube.com/watch?v=EqgQ4pPy21s https://www.youtube.com/watch?v=GoXl_IDhA_c https://www.youtube.com/watch?v=zQn3G7tqpMk https://www.youtube.com/watch?v=d5n1Lgye13g https://www.youtube.com/watch?v=IfwSoRSzd10 https://www.youtube.com/watch?v=u6Q08lwdSxU https://www.youtube.com/watch?v=eX_vbwmSsNw https://www.youtube.com/watch?v=oCLaJcpj_OQ https://www.youtube.com/watch?v=Mq8RYCaYiFY https://www.youtube.com/watch?v=DL_pg4XC5iE https://youtu.be/1307uFX02Qs https://youtu.be/r5RZkesULFU https://youtu.be/GVSeOuXQ7Ac https://youtu.be/TsMyiMtzyMY https://youtu.be/0FzbqdG0bRE https://youtu.be/-Pp_wjl7ilo https://youtu.be/aixbpJvOpig https://youtu.be/fTr0uqcauXs https://youtu.be/7Blfac6nfRw https://youtu.be/Cd1Flbfgq_o https://youtu.be/xggo2WxYff4 https://youtu.be/z7mmjrnfjXE https://youtu.be/LfI-rwDAEY4 https://youtu.be/QtBDucff9bo https://youtu.be/1jRB0rNEyWI https://www.youtube.com/watch?v=8dypho4aIIg&t=163s https://youtu.be/ehj3Y4WIKM8 https://youtu.be/EPwrLqwyxvI https://youtu.be/Ws3AxqDXUgA https://youtu.be/TyhdVylrnoE https://youtu.be/SlIwHrCYGcg https://youtu.be/XGJcVEPu2Pk https://www.youtube.com/@pjschoolsyoutube3326 https://www.youtube.com/embed/8fvRMPOT6sw?rel=0 https://www.youtube.com/embed/uKGprYMKLz8?rel=0 https://www.youtube.com/embed/FzbFDqKFzsA?rel=0 https://www.youtube.com/watch?v=fF-gHpKzXqc https://www.youtube.com/watch?v=HytZWmEYCBQ&t https://www.youtube.com/watch?v=StkYS1ayAjg https://www.youtube.com/watch?v=1AXeSlMrR88 https://www.youtube.com/watch?v=G1_rneiETYQ https://www.youtube.com/watch?v=utqGbHYQMbg https://www.youtube.com/watch?v=NQ0Y_ofuNIw https://www.youtube.com/embed/zFsSveqCot0?rel=0 https://www.youtube.com/embed/JWCubUZxkMc?rel=0
us:sd:0637140,Somis Union Elementary School District,CA,youtube,https://www.youtube.com/embed/videoseries?si=YKrCCc0MyfT_2XLy&list=PL7GBzaK2D1R1ezDkb6r3a1kN8RXkkSX4P,playlist,no,districts_combined,https://www.youtube.com/embed/videoseries?si=YKrCCc0MyfT_2XLy&list=PL7GBzaK2D1R1ezDkb6r3a1kN8RXkkSX4P https://www.youtube.com/embed/videoseries?si=jmSwMY3ILdac4AYp&list=PL7GBzaK2D1R2VQQa16cAB-LX-C1MDeNXq
us:sd:4110560,Riverdale School District 51J,OR,youtube,https://www.youtube.com/@riverdaleyoutube35,channel,no,districts_combined,https://www.youtube.com/@riverdaleyoutube35
us:sd:5507650,Lake Geneva-Genoa City Union High School District,WI,youtube,https://www.youtube.com/channel/UCWlv2sjnBdbJSph8fzcWkDQ,channel,no,districts_combined,https://www.youtube.com/channel/UCWlv2sjnBdbJSph8fzcWkDQ
us:sd:0506900,Greenbrier School District,AR,youtube,https://www.youtube.com/channel/UCzFHMdM1okFAvtt9GKdODaw/,channel,yes,districts_combined,https://www.youtube.com/channel/UCzFHMdM1okFAvtt9GKdODaw/ https://www.youtube.com/@greenbrierhightvproductions https://www.youtube.com/@GHTVLivestreaming
us:sd:0506900,Greenbrier School District,AR,youtube,https://www.youtube.com/@greenbrierhightvproductions,channel,yes,districts_combined,https://www.youtube.com/channel/UCzFHMdM1okFAvtt9GKdODaw/ https://www.youtube.com/@greenbrierhightvproductions https://www.youtube.com/@GHTVLivestreaming
us:sd:0506900,Greenbrier School District,AR,youtube,https://www.youtube.com/@GHTVLivestreaming,channel,yes,districts_combined,https://www.youtube.com/channel/UCzFHMdM1okFAvtt9GKdODaw/ https://www.youtube.com/@greenbrierhightvproductions https://www.youtube.com/@GHTVLivestreaming
us:sd:4816380,Dawson Independent School District,TX,youtube,https://www.youtube.com/channel/UCWUTjtq1Xuu_FDnXsMxGR9w,channel,no,districts_combined,https://www.youtube.com/channel/UCWUTjtq1Xuu_FDnXsMxGR9w
us:sd:2009390,McPherson Unified School District 418,KS,youtube,https://www.youtube.com/channel/UCDoeBbRKP16cOLOgQBXy4-A,channel,yes,districts_combined,https://www.youtube.com/channel/UCDoeBbRKP16cOLOgQBXy4-A
us:sd:5509090,Menomonie Area School District,WI,youtube,https://www.youtube.com/@MenomonieMustangsTV,channel,yes,districts_combined,https://www.youtube.com/channel/UCCq2Z68-Z717wExwN1mChOQ/streams https://www.youtube.com/@MenomonieMustangsTV
us:sd:3610980,Farmingdale Union Free School District,NY,youtube,https://www.youtube.com/channel/UC6rJTcojLuYW5uK5bBf6UIA,channel,yes,districts_combined,https://www.youtube.com/channel/UC6rJTcojLuYW5uK5bBf6UIA https://youtube.com/live/BhKs0wsD2tw?feature=share https://youtube.com/live/gb4DUs41LRU?feature=share https://youtube.com/live/7RauVPlnIbc?feature=share https://www.youtube.com/live/cg8SsmzJKfg?si=L6He-uCxNW-d21Xl https://youtube.com/live/TTDi4oT3meM?feature=share https://youtube.com/live/S_k1OxisrKI?feature=share https://www.youtube.com/live/hWox9iQDZPk?si=U9XZEJGcbd303MKI https://youtube.com/live/mWSzGp85je4?feature=share https://youtube.com/live/WMoG0lZE5Wo?feature=share https://www.youtube.com/watch?v=S8eyimeex1M https://youtube.com/live/unqx8iPVJHU?feature=share https://youtube.com/live/X69aDU3Dhdk?feature=share
us:sd:2914310,Hermitage R-IV School District,MO,youtube,https://www.youtube.com/@hermitageschool,channel,no,districts_combined,https://www.youtube.com/@hermitageschool
us:sd:4831860,Muenster Independent School District,TX,youtube,https://www.youtube.com/@muensterhornets/streams,channel,yes,districts_combined,https://www.youtube.com/@muensterhornets/streams
us:sd:5511010,Onalaska School District,WI,youtube,https://www.youtube.com/@schooldistrictofonalaska5507,channel,yes,districts_combined,https://www.youtube.com/@schooldistrictofonalaska5507 https://www.youtube.com/@schooldistrictofonalaska/streams
us:sd:5511010,Onalaska School District,WI,youtube,https://www.youtube.com/@schooldistrictofonalaska/streams,channel,yes,districts_combined,https://www.youtube.com/@schooldistrictofonalaska5507 https://www.youtube.com/@schooldistrictofonalaska/streams
us:sd:4600041,Britton-Hecla School District 45-4,SD,youtube,https://www.youtube.com/@britton-heclabraves6172,channel,no,districts_combined,https://www.youtube.com/@britton-heclabraves6172 https://www.youtube.com/@deuelmultimedia9019/streams
us:sd:3629970,Warwick Valley Central School District,NY,youtube,https://www.youtube.com/@warwickvalleytelevision3198/featured,channel,yes,districts_combined,https://www.youtube.com/@warwickvalleytelevision3198/featured https://youtube.com/live/SzbAlDAtvf4?feature=share https://www.youtube.com/live/BkiQCnpdJB4 https://www.youtube.com/@warwickvalleycsd/streams
us:sd:3629970,Warwick Valley Central School District,NY,youtube,https://www.youtube.com/@warwickvalleycsd/streams,channel,yes,districts_combined,https://www.youtube.com/@warwickvalleytelevision3198/featured https://youtube.com/live/SzbAlDAtvf4?feature=share https://www.youtube.com/live/BkiQCnpdJB4 https://www.youtube.com/@warwickvalleycsd/streams
us:sd:0509600,McCrory School District,AR,youtube,https://www.youtube.com/@McCrorySchoolDistrict,channel,no,districts_combined,https://www.youtube.com/@McCrorySchoolDistrict https://www.youtube.com/playlist?list=PL5QMUGcfPAXvZi9OZ9qvTtvcNkRGgr6vt
us:sd:3602920,Amherst Central School District,NY,youtube,https://www.youtube.com/@amherstcentralschool/featured,channel,yes,districts_combined,https://www.youtube.com/@amherstcentralschool/featured https://www.youtube.com/playlist?list=PLLQMY3mRhgbSL_l2sCQ_RhVqIkS-qiy-X https://youtube.com/playlist?list=PLVPGxRtIIxcc&si=lsdZ_-lfYGBFPcS7 https://www.youtube.com/embed/I--36Ebn1pg?si=PaO7arDAqHzjJZ7k https://www.youtube.com/embed/34xTXpWYzpk?si=aiD2J18ss2-DbNke https://www.youtube.com/embed/fd7oD-jPf6s?si=G4gdqP9nts4g04Vk https://www.youtube.com/embed/WNspziVgG0U?si=P0d7y7yLgL3afiHe https://www.youtube.com/embed/gh8rS7oTmTk?si=kvEr2ay9tL6u2naQ https://www.youtube.com/channel/UCaRcgvNeEXhC_S0liwbAf-A https://youtu.be/puF-29nHpkk https://youtu.be/js5oGnS41PM?si=kh2xkyCkN8BWC2Kx https://youtu.be/xWic7Rp2COk?si=lqa0kGp-MShiGWYA https://youtu.be/QDXPDgJxsOg?si=NdOMz86Luiko0v34 https://youtu.be/oqjEXelOyqo?si=5SV1PB4HD4ATkJyS https://youtu.be/xtMlBrlItf8?si=0_Tpvr3SEcpb9nXr https://www.youtube.com/embed/oHL-CVERGVo
us:sd:3602920,Amherst Central School District,NY,youtube,https://www.youtube.com/channel/UCaRcgvNeEXhC_S0liwbAf-A,channel,yes,districts_combined,https://www.youtube.com/@amherstcentralschool/featured https://www.youtube.com/playlist?list=PLLQMY3mRhgbSL_l2sCQ_RhVqIkS-qiy-X https://youtube.com/playlist?list=PLVPGxRtIIxcc&si=lsdZ_-lfYGBFPcS7 https://www.youtube.com/embed/I--36Ebn1pg?si=PaO7arDAqHzjJZ7k https://www.youtube.com/embed/34xTXpWYzpk?si=aiD2J18ss2-DbNke https://www.youtube.com/embed/fd7oD-jPf6s?si=G4gdqP9nts4g04Vk https://www.youtube.com/embed/WNspziVgG0U?si=P0d7y7yLgL3afiHe https://www.youtube.com/embed/gh8rS7oTmTk?si=kvEr2ay9tL6u2naQ https://www.youtube.com/channel/UCaRcgvNeEXhC_S0liwbAf-A https://youtu.be/puF-29nHpkk https://youtu.be/js5oGnS41PM?si=kh2xkyCkN8BWC2Kx https://youtu.be/xWic7Rp2COk?si=lqa0kGp-MShiGWYA https://youtu.be/QDXPDgJxsOg?si=NdOMz86Luiko0v34 https://youtu.be/oqjEXelOyqo?si=5SV1PB4HD4ATkJyS https://youtu.be/xtMlBrlItf8?si=0_Tpvr3SEcpb9nXr https://www.youtube.com/embed/oHL-CVERGVo
us:sd:3617910,Lynbrook Union Free School District,NY,youtube,https://www.youtube.com/user/LynbrookSchoolsNY,channel,yes,districts_combined,https://www.youtube.com/user/LynbrookSchoolsNY https://youtube.com/@LynbrookSchoolsNY https://youtube.com/live/jsiFGRcPy6Y?feature=share https://youtube.com/live/W2ouPKTjy1g?feature=share https://youtube.com/live/Cl21GHNwMSA?feature=share https://www.youtube.com/watch?v=dDbGPHRnI1Q https://www.youtube.com/watch?v=7MPloB9bu48 https://www.youtube.com/watch?v=eLp4fDnKTbk https://www.youtube.com/watch?v=gxkHQV73wvU https://www.youtube.com/watch?v=8MUCdIsl2YI https://www.youtube.com/watch?v=2a55wKgA7SE&t=1s https://www.youtube.com/watch?v=zNyXTqOrdXA https://www.youtube.com/watch?v=94kE8DxDKV4&t=1195s https://www.youtube.com/watch?v=D3pYFtF7LME https://www.youtube.com/watch?v=je5wsJtXhZk https://www.youtube.com/watch?v=BgiHen4480I https://www.youtube.com/watch?v=kDNyew-geLY https://www.youtube.com/watch?v=jmTp2UGA3W0 https://www.youtube.com/watch?v=cT54XdBVZtM https://www.youtube.com/watch?v=ScraIvbsDfg https://www.youtube.com/watch?v=-QC872krfiM https://www.youtube.com/watch?v=CG1hGQEXl1M https://www.youtube.com/watch?v=nD1DjZ5-c8U https://www.youtube.com/watch?v=IWw_vARIZ24 https://www.youtube.com/watch?v=PcmjRQRT6ZE https://www.youtube.com/watch?v=gL3Y9i38YdA https://youtu.be/DIDEhO5dcvo https://www.youtube.com/watch?v=IPzgpUOg6q8 https://youtu.be/VsGtMgdtheQ https://youtu.be/ISu4QP9oq14 https://www.youtube.com/watch?v=8TD_qmfKy64 https://www.youtube.com/watch?v=s6zZ_P2o22A&t=1s https://www.youtube.com/watch?v=kmdagsBv9Ro https://youtu.be/KaVTa2Je4iw https://www.youtube.com/watch?v=O6oNVTIxi54 https://www.youtube.com/watch?v=R8VSjzMmbPU https://www.youtube.com/watch?v=gAqld8SKPH0 https://www.youtube.com/watch?v=q1zfjJfSW6w https://www.youtube.com/watch?v=f7ADbxwyXWI https://www.youtube.com/watch?v=LbvGe1vDnJM https://www.youtube.com/watch?v=N3Zzd4UZ5Sw https://www.youtube.com/watch?v=IJOc_5jx_2c https://www.youtube.com/watch?v=VRdz_nIk6rQ https://www.youtube.com/watch?v=KEJNZuoV1FY https://www.youtube.com/watch?v=66lB2Mbunb4 https://www.youtube.com/watch?v=-EjOq2KYce4 https://www.youtube.com/watch?v=74WVRGvuGss https://www.youtube.com/watch?v=Ah1zhayBzBA&t=38s https://www.youtube.com/watch?v=sevpvbc3D3s https://www.youtube.com/watch?v=C7Y74EqpGiw https://www.youtube.com/watch?v=Ui4b83AZarc https://www.youtube.com/watch?v=oeu3u43vLaQ https://www.youtube.com/watch?v=SOP9HUzDBPw https://www.youtube.com/watch?v=FQtXJhkH6BM https://www.youtube.com/watch?v=Eaf9aO2gccs&t=15s https://www.youtube.com/watch?v=yDLpvW8w7Lg&t=26s https://www.youtube.com/watch?v=c5WgDeEoJr0&t=2387s https://www.youtube.com/watch?v=KCddELKzZl8 https://www.youtube.com/watch?v=JAufH04WAPc https://www.youtube.com/watch?v=W-1VKgJB8oA https://www.youtube.com/watch?v=vfOGvEjh5OU https://www.youtube.com/watch?v=N-FhS_GCbMk https://www.youtube.com/watch?v=Sdc3aBimc5w&t=1513s https://www.youtube.com/watch?v=_pipDtJxu3s&t=15s https://www.youtube.com/watch?v=Cdh7p_P_h-U https://www.youtube.com/watch?v=5Dz7EQmuFDA https://www.youtube.com/watch?v=AkY8HanZDzE https://www.youtube.com/watch?v=gUwdqpV0RKI https://www.youtube.com/watch?v=Z8FyJih9jFI https://www.youtube.com/watch?v=a3YLEhy-Zw4 https://www.youtube.com/watch?v=aChFFxTp8rE https://www.youtube.com/watch?v=YRl_ubbT_fA https://www.youtube.com/watch?v=FYDgO-7s374&t=7s https://www.youtube.com/watch?v=7TApwZiE2g4 https://www.youtube.com/watch?v=KMJhhKsxdMg https://www.youtube.com/watch?v=P5FRPNV9DcM https://www.youtube.com/watch?v=wDYXe9CUggY https://www.youtube.com/watch?v=3sub31nnUMQ https://www.youtube.com/watch?v=HoDLkWj0lTE https://www.youtube.com/watch?v=uQOBWGnzk40 https://www.youtube.com/watch?v=K-42AX6m5xc https://www.youtube.com/watch?v=XxO3AU_0EO8 https://www.youtube.com/watch?v=P1CCmmnhPrA&t=41s https://www.youtube.com/watch?v=Jc-Dc6UQ8OQ https://www.youtube.com/watch?v=sTsrPRrqMLk&t=3079s https://www.youtube.com/watch?v=fhvc2kXIzKQ https://www.youtube.com/watch?v=JywRDIn5j3s https://www.youtube.com/watch?v=ADMwIkJRy2g https://www.youtube.com/watch?v=caEBzI01ldo https://www.youtube.com/watch?v=ivZuJSMIHPA https://www.youtube.com/watch?v=-iykj36hM8c https://www.youtube.com/watch?v=1w0lf0qXo3k https://www.youtube.com/watch?v=MQKqrYZCPOk&t=3025s https://www.youtube.com/watch?v=ZFdnTmwe_A8 https://www.youtube.com/watch?v=bn9yeG_hoXc https://www.youtube.com/watch?v=47DkKEQtGqM https://www.youtube.com/watch?v=Cl0lTS_EIkE https://www.youtube.com/watch?v=jJz2a91tYfY https://www.youtube.com/watch?v=fIE5sXSMSo0 https://www.youtube.com/watch?v=zMki2xzC5gI http:// https://youtu.be/6LTAMNaw5l4
us:sd:3617910,Lynbrook Union Free School District,NY,youtube,https://youtube.com/@LynbrookSchoolsNY,channel,yes,districts_combined,https://www.youtube.com/user/LynbrookSchoolsNY https://youtube.com/@LynbrookSchoolsNY https://youtube.com/live/jsiFGRcPy6Y?feature=share https://youtube.com/live/W2ouPKTjy1g?feature=share https://youtube.com/live/Cl21GHNwMSA?feature=share https://www.youtube.com/watch?v=dDbGPHRnI1Q https://www.youtube.com/watch?v=7MPloB9bu48 https://www.youtube.com/watch?v=eLp4fDnKTbk https://www.youtube.com/watch?v=gxkHQV73wvU https://www.youtube.com/watch?v=8MUCdIsl2YI https://www.youtube.com/watch?v=2a55wKgA7SE&t=1s https://www.youtube.com/watch?v=zNyXTqOrdXA https://www.youtube.com/watch?v=94kE8DxDKV4&t=1195s https://www.youtube.com/watch?v=D3pYFtF7LME https://www.youtube.com/watch?v=je5wsJtXhZk https://www.youtube.com/watch?v=BgiHen4480I https://www.youtube.com/watch?v=kDNyew-geLY https://www.youtube.com/watch?v=jmTp2UGA3W0 https://www.youtube.com/watch?v=cT54XdBVZtM https://www.youtube.com/watch?v=ScraIvbsDfg https://www.youtube.com/watch?v=-QC872krfiM https://www.youtube.com/watch?v=CG1hGQEXl1M https://www.youtube.com/watch?v=nD1DjZ5-c8U https://www.youtube.com/watch?v=IWw_vARIZ24 https://www.youtube.com/watch?v=PcmjRQRT6ZE https://www.youtube.com/watch?v=gL3Y9i38YdA https://youtu.be/DIDEhO5dcvo https://www.youtube.com/watch?v=IPzgpUOg6q8 https://youtu.be/VsGtMgdtheQ https://youtu.be/ISu4QP9oq14 https://www.youtube.com/watch?v=8TD_qmfKy64 https://www.youtube.com/watch?v=s6zZ_P2o22A&t=1s https://www.youtube.com/watch?v=kmdagsBv9Ro https://youtu.be/KaVTa2Je4iw https://www.youtube.com/watch?v=O6oNVTIxi54 https://www.youtube.com/watch?v=R8VSjzMmbPU https://www.youtube.com/watch?v=gAqld8SKPH0 https://www.youtube.com/watch?v=q1zfjJfSW6w https://www.youtube.com/watch?v=f7ADbxwyXWI https://www.youtube.com/watch?v=LbvGe1vDnJM https://www.youtube.com/watch?v=N3Zzd4UZ5Sw https://www.youtube.com/watch?v=IJOc_5jx_2c https://www.youtube.com/watch?v=VRdz_nIk6rQ https://www.youtube.com/watch?v=KEJNZuoV1FY https://www.youtube.com/watch?v=66lB2Mbunb4 https://www.youtube.com/watch?v=-EjOq2KYce4 https://www.youtube.com/watch?v=74WVRGvuGss https://www.youtube.com/watch?v=Ah1zhayBzBA&t=38s https://www.youtube.com/watch?v=sevpvbc3D3s https://www.youtube.com/watch?v=C7Y74EqpGiw https://www.youtube.com/watch?v=Ui4b83AZarc https://www.youtube.com/watch?v=oeu3u43vLaQ https://www.youtube.com/watch?v=SOP9HUzDBPw https://www.youtube.com/watch?v=FQtXJhkH6BM https://www.youtube.com/watch?v=Eaf9aO2gccs&t=15s https://www.youtube.com/watch?v=yDLpvW8w7Lg&t=26s https://www.youtube.com/watch?v=c5WgDeEoJr0&t=2387s https://www.youtube.com/watch?v=KCddELKzZl8 https://www.youtube.com/watch?v=JAufH04WAPc https://www.youtube.com/watch?v=W-1VKgJB8oA https://www.youtube.com/watch?v=vfOGvEjh5OU https://www.youtube.com/watch?v=N-FhS_GCbMk https://www.youtube.com/watch?v=Sdc3aBimc5w&t=1513s https://www.youtube.com/watch?v=_pipDtJxu3s&t=15s https://www.youtube.com/watch?v=Cdh7p_P_h-U https://www.youtube.com/watch?v=5Dz7EQmuFDA https://www.youtube.com/watch?v=AkY8HanZDzE https://www.youtube.com/watch?v=gUwdqpV0RKI https://www.youtube.com/watch?v=Z8FyJih9jFI https://www.youtube.com/watch?v=a3YLEhy-Zw4 https://www.youtube.com/watch?v=aChFFxTp8rE https://www.youtube.com/watch?v=YRl_ubbT_fA https://www.youtube.com/watch?v=FYDgO-7s374&t=7s https://www.youtube.com/watch?v=7TApwZiE2g4 https://www.youtube.com/watch?v=KMJhhKsxdMg https://www.youtube.com/watch?v=P5FRPNV9DcM https://www.youtube.com/watch?v=wDYXe9CUggY https://www.youtube.com/watch?v=3sub31nnUMQ https://www.youtube.com/watch?v=HoDLkWj0lTE https://www.youtube.com/watch?v=uQOBWGnzk40 https://www.youtube.com/watch?v=K-42AX6m5xc https://www.youtube.com/watch?v=XxO3AU_0EO8 https://www.youtube.com/watch?v=P1CCmmnhPrA&t=41s https://www.youtube.com/watch?v=Jc-Dc6UQ8OQ https://www.youtube.com/watch?v=sTsrPRrqMLk&t=3079s https://www.youtube.com/watch?v=fhvc2kXIzKQ https://www.youtube.com/watch?v=JywRDIn5j3s https://www.youtube.com/watch?v=ADMwIkJRy2g https://www.youtube.com/watch?v=caEBzI01ldo https://www.youtube.com/watch?v=ivZuJSMIHPA https://www.youtube.com/watch?v=-iykj36hM8c https://www.youtube.com/watch?v=1w0lf0qXo3k https://www.youtube.com/watch?v=MQKqrYZCPOk&t=3025s https://www.youtube.com/watch?v=ZFdnTmwe_A8 https://www.youtube.com/watch?v=bn9yeG_hoXc https://www.youtube.com/watch?v=47DkKEQtGqM https://www.youtube.com/watch?v=Cl0lTS_EIkE https://www.youtube.com/watch?v=jJz2a91tYfY https://www.youtube.com/watch?v=fIE5sXSMSo0 https://www.youtube.com/watch?v=zMki2xzC5gI http:// https://youtu.be/6LTAMNaw5l4
us:sd:3910010,Miami Trace Local School District,OH,youtube,https://www.youtube.com/@Miami_Trace_Panthers,channel,yes,districts_combined,https://www.youtube.com/@Miami_Trace_Panthers
us:sd:4016720,Krebs Public School,OK,youtube,https://www.youtube.com/watch?v=ZApERN2p20w,single_video,no,districts_combined,https://www.youtube.com/watch?v=ZApERN2p20w
us:sd:0400520,Ajo Unified District,AZ,youtube,https://www.youtube.com/channel/UCdnlVUN3wGuMyPo1z3RHE-A,channel,yes,districts_combined,https://www.youtube.com/channel/UCdnlVUN3wGuMyPo1z3RHE-A
us:sd:3904988,Marlington Local School District,OH,youtube,https://www.youtube.com/@marlingtontechnology2393/streams,channel,yes,districts_combined,https://youtu.be/fHwXNqUdbDs https://www.youtube.com/channel/UCiuxnry5ZS9alba13hdPzbA/ https://www.youtube.com/playlist?list=PLVtwk38TmwuRkpzHADFKI40wD7KOjhYLZ https://www.youtube.com/@marlingtontechnology2393/streams
us:sd:2905430,North St. Francis County R-I School District,MO,youtube,https://www.youtube.com/c/UniTecDigitalMedia,channel,yes,districts_combined,https://www.youtube.com/channel/UC2_CThRUkyyBh6Q1HaLLnpw https://www.youtube.com/c/UniTecDigitalMedia https://www.youtube.com/channel/UCq6AzT0ozN4KodZCkTUqVgA/videos
us:sd:2905430,North St. Francis County R-I School District,MO,youtube,https://www.youtube.com/channel/UCq6AzT0ozN4KodZCkTUqVgA/videos,channel,yes,districts_combined,https://www.youtube.com/channel/UC2_CThRUkyyBh6Q1HaLLnpw https://www.youtube.com/c/UniTecDigitalMedia https://www.youtube.com/channel/UCq6AzT0ozN4KodZCkTUqVgA/videos
us:sd:4008250,Colcord Public Schools,OK,youtube,https://www.youtube.com/@colcordschools6062,channel,no,districts_combined,https://www.youtube.com/@colcordschools6062 https://www.youtube.com/embed/8_3OLV70V6A
us:sd:2010680,Piper-Kansas City Unified School District 203,KS,youtube,https://www.youtube.com/channel/UCGfBfJyjXgOn3k1ZxiH5Ecw,channel,yes,districts_combined,https://www.youtube.com/@PiperUSD203 https://www.youtube.com/watch?v=d0r8s-FqKC0 https://www.youtube.com/channel/UCGfBfJyjXgOn3k1ZxiH5Ecw
us:sd:5601260,Sublette County School District 9,WY,youtube,https://www.youtube.com/channel/UC6zXxt1D_yz7k36x-K0g84g,channel,yes,districts_combined,https://www.youtube.com/channel/UC6zXxt1D_yz7k36x-K0g84g
us:sd:2711910,Fertile-Beltrami School District,MN,youtube,https://www.youtube.com/watch?v=lZjZ_uXX_1c,single_video,no,districts_combined,https://www.youtube.com/watch?v=lZjZ_uXX_1c https://www.youtube.com/watch?v=Vyxe9h76HoI
us:sd:0617040,Hermosa Beach City Elementary School District,CA,youtube,http://www.youtube.com/channel/UCOG9Uavd8zYi6qZEyS8jsGg,channel,yes,districts_combined,http://www.youtube.com/channel/UCOG9Uavd8zYi6qZEyS8jsGg https://www.youtube.com/embed/6TvKQwb0_tI https://www.youtube.com/embed/jIEc5rhDvxk https://www.youtube.com/embed/MljPxYuShSk https://www.youtube.com/embed/dr_mam4_oYY https://www.youtube.com/embed/URfsLEMlJVs https://youtube.com/live/OLfy3Y5yTO8 https://youtube.com/live/Y1uHNl-f7NY https://youtube.com/live/CsM_P9GuFnI https://www.youtube.com/watch?v=n8LDqLvhY_w https://www.youtube.com/watch?v=habaZbK1Mhw https://youtube.com/live/wG8lO1w68_k https://youtube.com/live/WD6iXHpAATw https://youtube.com/live/NCu5iBeLuRc https://youtube.com/live/aiGQmAeCW38 https://www.youtube.com/watch?v=szD1rn2H6tg https://www.youtube.com/watch?v=n_52s_K6lHI https://www.youtube.com/watch?v=frT8cipVeB8 https://www.youtube.com/watch?v=a9clROtsCHM https://www.youtube.com/watch?v=GVexjK8sm-c https://www.youtube.com/watch?v=Q2qzEYG1-Fo https://www.youtube.com/watch?v=Yr9wUi_PkSA https://www.youtube.com/watch?v=AOfbYQaXqUE https://www.youtube.com/watch?v=LHW3l9jNabM https://www.youtube.com/watch?v=hGsYwBnw2Z0 https://www.youtube.com/watch?v=Gh103fiWPzM https://www.youtube.com/watch?v=IlIZSQy09Ao https://www.youtube.com/embed/0BcgtxcdeBE https://www.youtube.com/watch?v=Xy9mcCaoas0 https://www.youtube.com/watch?v=aLUpYmWqsGE https://youtu.be/1HHDhd2HBx8 https://www.youtube.com/watch?v=2AMXsBTpsb0 https://youtu.be/S20zXG7nMLc https://www.youtube.com/watch?v=FQ5YiuQXqyA https://www.youtube.com/watch?v=qPjwVU7A1D0 https://www.youtube.com/watch?v=yReJw9Zy1ZU https://www.youtube.com/watch?v=D2uIbpo4xxY https://www.youtube.com/watch?v=HDFe-nE8VDI https://www.youtube.com/watch?v=YUvlxaeQbrE https://www.youtube.com/watch?v=eu-oB9SIPGQ https://www.youtube.com/watch?v=psIu47Qs_as&t=115s https://www.youtube.com/watch?v=CjhHtgtZMe8
us:sd:3904524,Harrison Hills City School District,OH,youtube,https://www.youtube.com/@HCTV-Huskies,channel,yes,districts_combined,https://www.youtube.com/@HCTV-Huskies
us:sd:5102980,Poquoson City Public Schools,VA,youtube,https://www.youtube.com/user/PoquosonSchools/videos,channel,yes,districts_combined,https://www.youtube.com/user/PoquosonSchools/videos
us:sd:3904362,Bexley City School District,OH,youtube,https://www.youtube.com/channel/UC3Bq8Y1Lmkqpc1ufSoacQ7Q,channel,yes,districts_combined,https://www.youtube.com/channel/UC3Bq8Y1Lmkqpc1ufSoacQ7Q https://www.youtube.com/@bexleycityschools7345/streams https://www.youtube.com/embed/lhuLZ2AAnGo?&wmode=opaque
us:sd:3904362,Bexley City School District,OH,youtube,https://www.youtube.com/@bexleycityschools7345/streams,channel,yes,districts_combined,https://www.youtube.com/channel/UC3Bq8Y1Lmkqpc1ufSoacQ7Q https://www.youtube.com/@bexleycityschools7345/streams https://www.youtube.com/embed/lhuLZ2AAnGo?&wmode=opaque
us:sd:3805460,Dunseith Public School District 1,ND,youtube,https://www.youtube.com/channel/UC-_5UF_lTclKGxsA1_BVHrw,channel,no,districts_combined,https://www.youtube.com/channel/UC-_5UF_lTclKGxsA1_BVHrw
us:sd:3603990,Batavia City School District,NY,youtube,https://www.youtube.com/c/BataviaCitySchools,channel,yes,districts_combined,https://www.youtube.com/c/BataviaCitySchools https://www.youtube.com/@BataviaCitySchools/streams
us:sd:3603990,Batavia City School District,NY,youtube,https://www.youtube.com/@BataviaCitySchools/streams,channel,yes,districts_combined,https://www.youtube.com/c/BataviaCitySchools https://www.youtube.com/@BataviaCitySchools/streams
us:sd:2700183,Westbrook-Walnut Grove Schools,MN,youtube,https://www.youtube.com/@wwgchargers7165/streams,channel,no,districts_combined,https://www.youtube.com/@wwgchargers7165/streams
us:sd:3618080,Madison Central School District,NY,youtube,https://www.youtube.com/channel/UCoc-OczcEmiKPpKyGKertjQ,channel,no,districts_combined,https://www.youtube.com/channel/UCoc-OczcEmiKPpKyGKertjQ
us:sd:3904849,Highland Local School District,OH,youtube,https://www.youtube.com/watch?v=ze1x3sQaayo,single_video,yes,districts_combined,https://www.youtube.com/watch?v=ze1x3sQaayo
us:sd:4224540,Upper Perkiomen School District,PA,youtube,https://www.youtube.com/@boardmeetings4597/streams,channel,yes,districts_combined,http://www.youtube.com/@upperperkiomennetwork https://www.youtube.com/@boardmeetings4597/streams https://www.youtube.com/watch?v=ghxiOXMC5jo https://www.youtube.com/watch?v=5R9dwKTRiSU https://www.youtube.com/watch?v=1BFIdTmpFAc https://www.youtube.com/watch?v=kgOc18q9xGM https://www.youtube.com/watch?v=En0xhRQGYoI https://www.youtube.com/watch?v=hcdw9DZnak4&t=5s https://www.youtube.com/watch?v=867Dq0JgxSs https://www.youtube.com/watch?v=yQWkNWdU8DI https://www.youtube.com/watch?v=JuLZNCUs1qg https://www.youtube.com/watch?v=kRgOxY7EJhQ https://www.youtube.com/watch?v=PONC37Oh80w&t=3608s https://www.youtube.com/watch?v=eyb_lwBeBgE https://www.youtube.com/watch?v=N3MAWYBFiWQ https://www.youtube.com/watch?v=m1pjFLmQwP4 https://www.youtube.com/watch?v=HCCW5a-jUxo&t=8933s https://www.youtube.com/watch?v=l4Dc6pCDy-E&t=124s https://www.youtube.com/watch?v=x7axrBkcWtI&t=44s https://www.youtube.com/watch?v=Kpnlk2Vp8yI https://www.youtube.com/watch?v=15J478UCkoI https://www.youtube.com/watch?v=WaPZywXW5vM https://www.youtube.com/watch?v=RwWFg4J2Kck https://www.youtube.com/watch?v=Hjz3fvusjJU https://www.youtube.com/watch?v=LnROql16ixk https://www.youtube.com/watch?v=OtiQQy-jN5g&list=PLe5RFmZprDNbSpoAHJknZoxg2MvnML8hq&index=26 https://www.youtube.com/watch?v=NBJ4CZMvi5o&list=PLe5RFmZprDNbSpoAHJknZoxg2MvnML8hq&index=24 https://www.youtube.com/watch?v=f_lVznfdPtU&list=PLe5RFmZprDNbSpoAHJknZoxg2MvnML8hq&index=20 https://www.youtube.com/watch?v=gzIHA0IAnt8&list=PLe5RFmZprDNbSpoAHJknZoxg2MvnML8hq&index=18 https://www.youtube.com/watch?v=MafewfNkEGk&list=PLe5RFmZprDNbSpoAHJknZoxg2MvnML8hq&index=17 https://www.youtube.com/watch?v=FzmwnxGtKks&list=PLe5RFmZprDNbSpoAHJknZoxg2MvnML8hq&index=11 https://www.youtube.com/watch?v=w3DB58zxfVk&list=PLe5RFmZprDNbSpoAHJknZoxg2MvnML8hq&index=8 https://www.youtube.com/watch?v=RykmY5KoW6s&list=PLe5RFmZprDNbSpoAHJknZoxg2MvnML8hq&index=6 https://www.youtube.com/watch?v=j41Xs_SWFeE&list=PLe5RFmZprDNbSpoAHJknZoxg2MvnML8hq&index=1 https://www.youtube.com/watch?v=TLg5xWGtFSI&list=PLe5RFmZprDNbSpoAHJknZoxg2MvnML8hq&index=28&t=1s https://www.youtube.com/watch?v=fN_o4pszMCs&list=PLe5RFmZprDNbSpoAHJknZoxg2MvnML8hq&index=23&t=3365s https://www.youtube.com/watch?v=7gRdYO_QpFM&list=PLe5RFmZprDNbSpoAHJknZoxg2MvnML8hq&index=15 https://www.youtube.com/watch?v=JitKvwOhJ34&list=PLe5RFmZprDNbSpoAHJknZoxg2MvnML8hq&index=13 https://www.youtube.com/watch?v=IQAKYrYA5aY&list=PLe5RFmZprDNbSpoAHJknZoxg2MvnML8hq&index=10 https://www.youtube.com/watch?v=e8TTMjzaRmE&list=PLe5RFmZprDNbSpoAHJknZoxg2MvnML8hq&index=3 https://www.youtube.com/watch?v=jclrbKQQzbk&list=PLe5RFmZprDNbSpoAHJknZoxg2MvnML8hq&index=27 https://www.youtube.com/watch?v=QgigdWYmMyA&list=PLe5RFmZprDNbSpoAHJknZoxg2MvnML8hq&index=25 https://www.youtube.com/watch?v=bgYSlQEm2AQ&list=PLe5RFmZprDNbSpoAHJknZoxg2MvnML8hq&index=21 https://www.youtube.com/watch?v=Z1WjHoQLCn8&list=PLe5RFmZprDNbSpoAHJknZoxg2MvnML8hq&index=16 https://www.youtube.com/watch?v=EtWU_xC5W2A&list=PLe5RFmZprDNbSpoAHJknZoxg2MvnML8hq&index=14 https://www.youtube.com/watch?v=mFeSYmQPnlk&list=PLe5RFmZprDNbSpoAHJknZoxg2MvnML8hq&index=12 https://www.youtube.com/watch?v=NqiVUBLNXPQ&list=PLe5RFmZprDNbSpoAHJknZoxg2MvnML8hq&index=7 https://www.youtube.com/watch?v=mciKRBNxr0k&list=PLe5RFmZprDNbSpoAHJknZoxg2MvnML8hq&index=2 https://www.youtube.com/watch?v=_rHI8JbidsE&list=PLe5RFmZprDNbSpoAHJknZoxg2MvnML8hq&index=22 https://www.youtube.com/watch?v=ohWSKds9MXk&list=PLe5RFmZprDNbSpoAHJknZoxg2MvnML8hq&index=19 https://www.youtube.com/watch?v=uh6lkQq1wfA&list=PLe5RFmZprDNbSpoAHJknZoxg2MvnML8hq&index=9 https://www.youtube.com/watch?v=RWL7eJeMXyA https://www.youtube.com/watch?v=eOa66BqIOZQ https://www.youtube.com/watch?v=IIFyrH-UPPQ https://www.youtube.com/watch?v=KloJXFMGzBY https://www.youtube.com/watch?v=korULNJ0EjU https://www.youtube.com/watch?v=G_1ZsMggSx0 https://www.youtube.com/watch?v=DgncfjcZ8WY https://www.youtube.com/watch?v=CE9aa2fQLb0 https://www.youtube.com/watch?v=ypshAvysp4s https://www.youtube.com/watch?v=4aBFOKfer28 https://youtu.be/HQo3mNdwNRc https://youtu.be/29-U3bysGxI https://youtu.be/-Qn6KEuSeZw https://youtu.be/QFZnGGhBDwo https://youtu.be/Vo8hqTtHDOk https://youtu.be/JFiwXqVeS6Y https://youtu.be/RqXVV2-0gkM https://youtu.be/y8giivb1xC4 https://youtu.be/o6Pl0cEMFXw https://youtu.be/sBGVGeM59H4 https://youtu.be/Sk9RM0j8wuo https://youtu.be/xgAchcZoUCo https://youtu.be/lwBRVn6EjlM https://youtu.be/EVHFv4Tx5mY https://youtu.be/8oQ_h8xAwoc https://youtu.be/lLiHCtFIiv8 https://youtu.be/YcjTq7ma_hQ https://youtu.be/SzlKzdAzAIY https://youtu.be/eO1zRNHkEGg https://youtu.be/7PDWQphrGQ8 https://youtu.be/uKy7T5sbkCI https://youtu.be/2j3yErRPGVg https://youtu.be/9vqBhtpD8v8 https://youtu.be/LdJvf7U1HpA https://youtu.be/UzMy33ZcpjA https://youtu.be/j3tC-H_fVY8 https://youtu.be/dZ7ZlSoqp-M https://youtu.be/ENFbRSF-Xv0 https://www.youtube.com/live/F7FN23yYqWw?feature=share https://www.youtube.com/watch?v=qBuiLoFiYlA https://www.youtube.com/live/vi2VsahXSjs?si=4FLg8E_ersHIJa7U https://www.youtube.com/watch?v=oJujQDxlNXg https://www.youtube.com/watch?v=8TrkreqpJgM https://www.youtube.com/watch?v=lrK9BTY1Y9w https://www.youtube.com/watch?v=nktKPyx_kHo https://www.youtube.com/watch?v=bMId_NoI2hU https://www.youtube.com/watch?v=k0BXAy4Uspg https://www.youtube.com/watch?v=m9d408jbkSg https://www.youtube.com/watch?v=cg9cFOmzHp8 https://youtu.be/0rSGajb_Ud4 https://www.youtube.com/watch?v=G5c6e5Dcczw https://www.youtube.com/watch?v=5j2iOvfrzeE https://www.youtube.com/watch?v=oUCvGpKKBIc https://www.youtube.com/watch?v=REwkhBmZlpw https://www.youtube.com/watch?v=ba090eNXQBs https://www.youtube.com/watch?v=6-eQb2kKIDc https://youtu.be/HHD1bhXWCXg https://youtu.be/OJeD4z1KJrQ https://youtu.be/2kqaY53LPJw https://youtu.be/ESLAs4RXAfc https://youtu.be/vpV01l42b7E https://youtu.be/WKQnLrxEfuo https://youtu.be/g-N_SwSlsOU https://youtu.be/kZmFJm0zzbo https://youtu.be/TtdPHmH6WVM https://youtu.be/uP9li5L-pj0 https://youtu.be/svGzRKGaum8 https://youtu.be/Y18SHC3dMXs https://youtu.be/91vt2bERTfg https://youtu.be/cQOmMREWGhg https://youtu.be/LdoYRYUealc https://youtu.be/VLZsJa9Tlsc https://youtu.be/0g4NwUmvdl4 https://youtu.be/lUK6tfrobOE https://youtu.be/cNlIzoLaSPs https://youtu.be/y28yClv_khc https://youtu.be/Ataet5OtBtA https://youtu.be/q20bkzgBR-M http://www.youtube.com/watch?v=kwkxi9wIco4 https://youtu.be/cm7GRt6E1Jo https://youtu.be/1aMp3QxeJEw https://youtu.be/LRcqtXCtnIM https://youtu.be/_tydYTWpZPc https://youtu.be/c_r_kw4jgVw https://www.youtube.com/watch?v=OZkvzptV-gs https://youtu.be/f8C-ySiLwfE https://www.youtube.com/live/yiBnCBg21hk?feature=share https://www.youtube.com/live/REMk2BzQP2o?feature=share http://www.youtube.com/watch?v=_y6dyQjQHR0 https://www.youtube.com/live/4zAED2gRJM0?feature=share https://www.youtube.com/live/RC82o6ibF1Q?feature=share https://www.youtube.com/watch?v=554GH4BHHME https://www.youtube.com/live/nCNgo1QTHcQ?feature=share https://youtu.be/E4WJkqs-IAc https://youtu.be/GKDu5x1ntiQ https://youtu.be/oGrwUJ-rguE https://youtu.be/hTO-8TsZJaA https://youtu.be/xOAdYPpDMOM https://youtu.be/AVgttI_Eo5g https://youtu.be/cMYY8XHrjps https://youtu.be/YQlNg8lQ-L4 https://youtu.be/vs8j_j-Mxfs https://youtu.be/FzKoCWjHnoU https://youtu.be/2pD380A3upc https://youtu.be/v3KOt1L64wE https://youtu.be/0W8Q6HgDr5A https://youtu.be/D_PXxk1irUE https://youtu.be/D29AkK6rEpo https://youtu.be/K2m1sIuU5gI https://youtu.be/UtiyV3BAX78 https://youtu.be/Bp0n_zK3eMA https://youtu.be/IElhQ42Rha8 https://youtu.be/0LKO9UD1AuM https://youtu.be/eyWAaM6jdBw https://youtu.be/uyOgqD3lRMU https://www.youtube.com/watch?v=N_YJbDE-SaY https://www.youtube.com/watch?v=nhpIfoPqsgs https://youtu.be/yop5UR85wIU https://www.youtube.com/watch?v=JbRVjgaMfYQ https://youtu.be/X1zvisZ_UYk https://youtu.be/zJfmuVh65uo https://youtu.be/_BFMR8H_f4Q https://youtu.be/sOUyfcpxzrU https://youtu.be/zw0zsZ5IOgU https://youtu.be/1uNfcvEmMKg https://www.youtube.com/channel/UCBKfw34fh_EF0HPdIUy_eFA https://youtu.be/FAdpjvvIHh4 https://youtu.be/Any-BwL6Tvg https://youtu.be/rd_8t4tZOQ4 https://youtu.be/6n9UMfn69zs https://youtu.be/GNEkcJdQC9Y https://youtu.be/RKkWneihrnU https://youtu.be/S6WRm4OjeT8 https://youtu.be/uYAXucDdEk8 https://youtu.be/tU-BjOzC9j8 https://youtu.be/1vb7yIoxl08 https://youtu.be/K1CbTp6kVsA https://youtu.be/6RwVXWvvBqc https://youtu.be/B3Zg7a_pDmQ https://youtu.be/OELRLjKu1Fs https://youtu.be/NRwmWuOb6-M https://youtu.be/pIQPWs-dT6Y https://youtu.be/auV0UQ0u9Ko https://youtu.be/gB4WxWV8PdY https://youtu.be/-VTA1dTlnvk https://youtu.be/BjhXLmFQUt8 https://youtu.be/c-VvW6zVYBQ https://youtu.be/9Qd_KS4NKAA https://youtu.be/AJwu9019y3o https://youtu.be/ayV6F7ohk5c https://youtu.be/s6ZCMkX6mC0 https://youtu.be/0FUgQboDwcg https://youtu.be/oHy96RrecMI https://youtu.be/C6OIOtU9pug https://youtu.be/5rMNTXAu6rU https://youtu.be/z1-yJtjTeiI https://youtu.be/YR9oRUPyd2Q https://youtu.be/Gw0tRHxNcs0 https://youtu.be/YL73mArraao https://youtu.be/tzjsp9ji9OE https://youtu.be/4FkTWIhJYJw https://youtu.be/uFCfoamZ3aI https://youtu.be/tPUIY2_KX9o https://youtu.be/w3mnWcao7-g
us:sd:4224540,Upper Perkiomen School District,PA,youtube,https://www.youtube.com/channel/UCBKfw34fh_EF0HPdIUy_eFA,channel,yes,districts_combined,http://www.youtube.com/@upperperkiomennetwork https://www.youtube.com/@boardmeetings4597/streams https://www.youtube.com/watch?v=ghxiOXMC5jo https://www.youtube.com/watch?v=5R9dwKTRiSU https://www.youtube.com/watch?v=1BFIdTmpFAc https://www.youtube.com/watch?v=kgOc18q9xGM https://www.youtube.com/watch?v=En0xhRQGYoI https://www.youtube.com/watch?v=hcdw9DZnak4&t=5s https://www.youtube.com/watch?v=867Dq0JgxSs https://www.youtube.com/watch?v=yQWkNWdU8DI https://www.youtube.com/watch?v=JuLZNCUs1qg https://www.youtube.com/watch?v=kRgOxY7EJhQ https://www.youtube.com/watch?v=PONC37Oh80w&t=3608s https://www.youtube.com/watch?v=eyb_lwBeBgE https://www.youtube.com/watch?v=N3MAWYBFiWQ https://www.youtube.com/watch?v=m1pjFLmQwP4 https://www.youtube.com/watch?v=HCCW5a-jUxo&t=8933s https://www.youtube.com/watch?v=l4Dc6pCDy-E&t=124s https://www.youtube.com/watch?v=x7axrBkcWtI&t=44s https://www.youtube.com/watch?v=Kpnlk2Vp8yI https://www.youtube.com/watch?v=15J478UCkoI https://www.youtube.com/watch?v=WaPZywXW5vM https://www.youtube.com/watch?v=RwWFg4J2Kck https://www.youtube.com/watch?v=Hjz3fvusjJU https://www.youtube.com/watch?v=LnROql16ixk https://www.youtube.com/watch?v=OtiQQy-jN5g&list=PLe5RFmZprDNbSpoAHJknZoxg2MvnML8hq&index=26 https://www.youtube.com/watch?v=NBJ4CZMvi5o&list=PLe5RFmZprDNbSpoAHJknZoxg2MvnML8hq&index=24 https://www.youtube.com/watch?v=f_lVznfdPtU&list=PLe5RFmZprDNbSpoAHJknZoxg2MvnML8hq&index=20 https://www.youtube.com/watch?v=gzIHA0IAnt8&list=PLe5RFmZprDNbSpoAHJknZoxg2MvnML8hq&index=18 https://www.youtube.com/watch?v=MafewfNkEGk&list=PLe5RFmZprDNbSpoAHJknZoxg2MvnML8hq&index=17 https://www.youtube.com/watch?v=FzmwnxGtKks&list=PLe5RFmZprDNbSpoAHJknZoxg2MvnML8hq&index=11 https://www.youtube.com/watch?v=w3DB58zxfVk&list=PLe5RFmZprDNbSpoAHJknZoxg2MvnML8hq&index=8 https://www.youtube.com/watch?v=RykmY5KoW6s&list=PLe5RFmZprDNbSpoAHJknZoxg2MvnML8hq&index=6 https://www.youtube.com/watch?v=j41Xs_SWFeE&list=PLe5RFmZprDNbSpoAHJknZoxg2MvnML8hq&index=1 https://www.youtube.com/watch?v=TLg5xWGtFSI&list=PLe5RFmZprDNbSpoAHJknZoxg2MvnML8hq&index=28&t=1s https://www.youtube.com/watch?v=fN_o4pszMCs&list=PLe5RFmZprDNbSpoAHJknZoxg2MvnML8hq&index=23&t=3365s https://www.youtube.com/watch?v=7gRdYO_QpFM&list=PLe5RFmZprDNbSpoAHJknZoxg2MvnML8hq&index=15 https://www.youtube.com/watch?v=JitKvwOhJ34&list=PLe5RFmZprDNbSpoAHJknZoxg2MvnML8hq&index=13 https://www.youtube.com/watch?v=IQAKYrYA5aY&list=PLe5RFmZprDNbSpoAHJknZoxg2MvnML8hq&index=10 https://www.youtube.com/watch?v=e8TTMjzaRmE&list=PLe5RFmZprDNbSpoAHJknZoxg2MvnML8hq&index=3 https://www.youtube.com/watch?v=jclrbKQQzbk&list=PLe5RFmZprDNbSpoAHJknZoxg2MvnML8hq&index=27 https://www.youtube.com/watch?v=QgigdWYmMyA&list=PLe5RFmZprDNbSpoAHJknZoxg2MvnML8hq&index=25 https://www.youtube.com/watch?v=bgYSlQEm2AQ&list=PLe5RFmZprDNbSpoAHJknZoxg2MvnML8hq&index=21 https://www.youtube.com/watch?v=Z1WjHoQLCn8&list=PLe5RFmZprDNbSpoAHJknZoxg2MvnML8hq&index=16 https://www.youtube.com/watch?v=EtWU_xC5W2A&list=PLe5RFmZprDNbSpoAHJknZoxg2MvnML8hq&index=14 https://www.youtube.com/watch?v=mFeSYmQPnlk&list=PLe5RFmZprDNbSpoAHJknZoxg2MvnML8hq&index=12 https://www.youtube.com/watch?v=NqiVUBLNXPQ&list=PLe5RFmZprDNbSpoAHJknZoxg2MvnML8hq&index=7 https://www.youtube.com/watch?v=mciKRBNxr0k&list=PLe5RFmZprDNbSpoAHJknZoxg2MvnML8hq&index=2 https://www.youtube.com/watch?v=_rHI8JbidsE&list=PLe5RFmZprDNbSpoAHJknZoxg2MvnML8hq&index=22 https://www.youtube.com/watch?v=ohWSKds9MXk&list=PLe5RFmZprDNbSpoAHJknZoxg2MvnML8hq&index=19 https://www.youtube.com/watch?v=uh6lkQq1wfA&list=PLe5RFmZprDNbSpoAHJknZoxg2MvnML8hq&index=9 https://www.youtube.com/watch?v=RWL7eJeMXyA https://www.youtube.com/watch?v=eOa66BqIOZQ https://www.youtube.com/watch?v=IIFyrH-UPPQ https://www.youtube.com/watch?v=KloJXFMGzBY https://www.youtube.com/watch?v=korULNJ0EjU https://www.youtube.com/watch?v=G_1ZsMggSx0 https://www.youtube.com/watch?v=DgncfjcZ8WY https://www.youtube.com/watch?v=CE9aa2fQLb0 https://www.youtube.com/watch?v=ypshAvysp4s https://www.youtube.com/watch?v=4aBFOKfer28 https://youtu.be/HQo3mNdwNRc https://youtu.be/29-U3bysGxI https://youtu.be/-Qn6KEuSeZw https://youtu.be/QFZnGGhBDwo https://youtu.be/Vo8hqTtHDOk https://youtu.be/JFiwXqVeS6Y https://youtu.be/RqXVV2-0gkM https://youtu.be/y8giivb1xC4 https://youtu.be/o6Pl0cEMFXw https://youtu.be/sBGVGeM59H4 https://youtu.be/Sk9RM0j8wuo https://youtu.be/xgAchcZoUCo https://youtu.be/lwBRVn6EjlM https://youtu.be/EVHFv4Tx5mY https://youtu.be/8oQ_h8xAwoc https://youtu.be/lLiHCtFIiv8 https://youtu.be/YcjTq7ma_hQ https://youtu.be/SzlKzdAzAIY https://youtu.be/eO1zRNHkEGg https://youtu.be/7PDWQphrGQ8 https://youtu.be/uKy7T5sbkCI https://youtu.be/2j3yErRPGVg https://youtu.be/9vqBhtpD8v8 https://youtu.be/LdJvf7U1HpA https://youtu.be/UzMy33ZcpjA https://youtu.be/j3tC-H_fVY8 https://youtu.be/dZ7ZlSoqp-M https://youtu.be/ENFbRSF-Xv0 https://www.youtube.com/live/F7FN23yYqWw?feature=share https://www.youtube.com/watch?v=qBuiLoFiYlA https://www.youtube.com/live/vi2VsahXSjs?si=4FLg8E_ersHIJa7U https://www.youtube.com/watch?v=oJujQDxlNXg https://www.youtube.com/watch?v=8TrkreqpJgM https://www.youtube.com/watch?v=lrK9BTY1Y9w https://www.youtube.com/watch?v=nktKPyx_kHo https://www.youtube.com/watch?v=bMId_NoI2hU https://www.youtube.com/watch?v=k0BXAy4Uspg https://www.youtube.com/watch?v=m9d408jbkSg https://www.youtube.com/watch?v=cg9cFOmzHp8 https://youtu.be/0rSGajb_Ud4 https://www.youtube.com/watch?v=G5c6e5Dcczw https://www.youtube.com/watch?v=5j2iOvfrzeE https://www.youtube.com/watch?v=oUCvGpKKBIc https://www.youtube.com/watch?v=REwkhBmZlpw https://www.youtube.com/watch?v=ba090eNXQBs https://www.youtube.com/watch?v=6-eQb2kKIDc https://youtu.be/HHD1bhXWCXg https://youtu.be/OJeD4z1KJrQ https://youtu.be/2kqaY53LPJw https://youtu.be/ESLAs4RXAfc https://youtu.be/vpV01l42b7E https://youtu.be/WKQnLrxEfuo https://youtu.be/g-N_SwSlsOU https://youtu.be/kZmFJm0zzbo https://youtu.be/TtdPHmH6WVM https://youtu.be/uP9li5L-pj0 https://youtu.be/svGzRKGaum8 https://youtu.be/Y18SHC3dMXs https://youtu.be/91vt2bERTfg https://youtu.be/cQOmMREWGhg https://youtu.be/LdoYRYUealc https://youtu.be/VLZsJa9Tlsc https://youtu.be/0g4NwUmvdl4 https://youtu.be/lUK6tfrobOE https://youtu.be/cNlIzoLaSPs https://youtu.be/y28yClv_khc https://youtu.be/Ataet5OtBtA https://youtu.be/q20bkzgBR-M http://www.youtube.com/watch?v=kwkxi9wIco4 https://youtu.be/cm7GRt6E1Jo https://youtu.be/1aMp3QxeJEw https://youtu.be/LRcqtXCtnIM https://youtu.be/_tydYTWpZPc https://youtu.be/c_r_kw4jgVw https://www.youtube.com/watch?v=OZkvzptV-gs https://youtu.be/f8C-ySiLwfE https://www.youtube.com/live/yiBnCBg21hk?feature=share https://www.youtube.com/live/REMk2BzQP2o?feature=share http://www.youtube.com/watch?v=_y6dyQjQHR0 https://www.youtube.com/live/4zAED2gRJM0?feature=share https://www.youtube.com/live/RC82o6ibF1Q?feature=share https://www.youtube.com/watch?v=554GH4BHHME https://www.youtube.com/live/nCNgo1QTHcQ?feature=share https://youtu.be/E4WJkqs-IAc https://youtu.be/GKDu5x1ntiQ https://youtu.be/oGrwUJ-rguE https://youtu.be/hTO-8TsZJaA https://youtu.be/xOAdYPpDMOM https://youtu.be/AVgttI_Eo5g https://youtu.be/cMYY8XHrjps https://youtu.be/YQlNg8lQ-L4 https://youtu.be/vs8j_j-Mxfs https://youtu.be/FzKoCWjHnoU https://youtu.be/2pD380A3upc https://youtu.be/v3KOt1L64wE https://youtu.be/0W8Q6HgDr5A https://youtu.be/D_PXxk1irUE https://youtu.be/D29AkK6rEpo https://youtu.be/K2m1sIuU5gI https://youtu.be/UtiyV3BAX78 https://youtu.be/Bp0n_zK3eMA https://youtu.be/IElhQ42Rha8 https://youtu.be/0LKO9UD1AuM https://youtu.be/eyWAaM6jdBw https://youtu.be/uyOgqD3lRMU https://www.youtube.com/watch?v=N_YJbDE-SaY https://www.youtube.com/watch?v=nhpIfoPqsgs https://youtu.be/yop5UR85wIU https://www.youtube.com/watch?v=JbRVjgaMfYQ https://youtu.be/X1zvisZ_UYk https://youtu.be/zJfmuVh65uo https://youtu.be/_BFMR8H_f4Q https://youtu.be/sOUyfcpxzrU https://youtu.be/zw0zsZ5IOgU https://youtu.be/1uNfcvEmMKg https://www.youtube.com/channel/UCBKfw34fh_EF0HPdIUy_eFA https://youtu.be/FAdpjvvIHh4 https://youtu.be/Any-BwL6Tvg https://youtu.be/rd_8t4tZOQ4 https://youtu.be/6n9UMfn69zs https://youtu.be/GNEkcJdQC9Y https://youtu.be/RKkWneihrnU https://youtu.be/S6WRm4OjeT8 https://youtu.be/uYAXucDdEk8 https://youtu.be/tU-BjOzC9j8 https://youtu.be/1vb7yIoxl08 https://youtu.be/K1CbTp6kVsA https://youtu.be/6RwVXWvvBqc https://youtu.be/B3Zg7a_pDmQ https://youtu.be/OELRLjKu1Fs https://youtu.be/NRwmWuOb6-M https://youtu.be/pIQPWs-dT6Y https://youtu.be/auV0UQ0u9Ko https://youtu.be/gB4WxWV8PdY https://youtu.be/-VTA1dTlnvk https://youtu.be/BjhXLmFQUt8 https://youtu.be/c-VvW6zVYBQ https://youtu.be/9Qd_KS4NKAA https://youtu.be/AJwu9019y3o https://youtu.be/ayV6F7ohk5c https://youtu.be/s6ZCMkX6mC0 https://youtu.be/0FUgQboDwcg https://youtu.be/oHy96RrecMI https://youtu.be/C6OIOtU9pug https://youtu.be/5rMNTXAu6rU https://youtu.be/z1-yJtjTeiI https://youtu.be/YR9oRUPyd2Q https://youtu.be/Gw0tRHxNcs0 https://youtu.be/YL73mArraao https://youtu.be/tzjsp9ji9OE https://youtu.be/4FkTWIhJYJw https://youtu.be/uFCfoamZ3aI https://youtu.be/tPUIY2_KX9o https://youtu.be/w3mnWcao7-g
us:sd:2012630,WaKeeney Unified School District 208,KS,youtube,http://www.youtube.com/@Channel-zb4no,channel,no,districts_combined,http://www.youtube.com/@Channel-zb4no https://www.youtube.com/channel/UCA8hkBUxZEpxgeWcftnCJmQ https://www.youtube.com/channel/UCC3bJenbUR_Insr65tqXrog https://www.youtube.com/channel/UCkM_0TN2RpWPTpnUuweNi4g https://www.youtube.com/channel/UCVEe7cRu9-vZXzwo37AH8tw https://www.youtube.com/user/PhillipsburgPTV https://www.youtube.com/channel/UCdLFFp4h-n2DkJ98uJLHYNg https://www.youtube.com/channel/UCfLHbOCt7rgBIzmqatAysiA https://www.youtube.com/channel/UC_F3BBXQIDUbNqw2ben11lQ https://www.youtube.com/channel/UCTpiSrh5tSfe_TGy36WAobg
us:sd:5501800,Brown Deer School District,WI,youtube,https://www.youtube.com/channel/UCcSSA5nQP1l_LZzW4Icov_w,channel,yes,districts_combined,https://www.youtube.com/@schooldistrictofbrowndeer1721 https://www.youtube.com/channel/UCcSSA5nQP1l_LZzW4Icov_w
us:sd:3623760,Poughkeepsie City School District,NY,youtube,https://www.youtube.com/channel/UCsz5mI7ykocq6Vqf7AF69vA,channel,yes,districts_combined,https://www.youtube.com/channel/UCsz5mI7ykocq6Vqf7AF69vA https://www.youtube.com/embed/vPtmjQqGQkg?si=WVPczawV2cd9_ll7 https://www.youtube.com/embed/6ud5EaSIYLA?si=aXigy-mzmW0OKOj3 https://www.youtube.com/embed/NCDSrx2RlPc?si=teChC2plq7dmaf7T https://www.youtube.com/embed/21XSfOumQ8A?si=DKUocyNOAbkPucLH https://www.youtube.com/embed/_XndQ4jtqo0?si=PMESnZl68BWt-ODS https://www.youtube.com/embed/EkHJcyMKp1M?si=q5nQZzqV6uF1dj62 https://www.youtube.com/embed/Wi7j7oh03Ck https://www.youtube.com/embed/OLglAhX-7-w https://www.youtube.com/embed/bRhI-qVsrhM?si=UtlGl-u1CLd0hpR2 https://www.youtube.com/embed/yoi1W6FDGbA https://www.youtube.com/embed/Avd30pQfgAY?si=fuVC5hJ5TSUORfoR https://www.youtube.com/embed/Ko10sdTepyc?si=4HjCEBsVf_c5eOVC https://www.youtube.com/embed/X1ZusFX7jcM?si=AifETBviWc_L--ty https://www.youtube.com/embed/C9_QHFBQ304?si=X_v5VJFONo0SH1VN https://www.youtube.com/embed/TcdxibhzM_A https://www.youtube.com/embed/aYBI0La9wls https://www.youtube.com/watch?v=46LWQyhNem4 https://www.youtube.com/watch?reload=9&app=desktop&v=_j1JIxTl24M&t=2s https://www.youtube.com/embed/5ZcMtnyEFRg?&wmode=opaque&rel=0 https://www.youtube.com/embed/or6RSRYQta0 https://www.youtube.com/embed/-OZJdaa6tfw?si=oQZCs_rRm9_JYAx8 https://www.youtube.com/embed/farKz_ODv08
us:sd:4503912,Hampton County School District,SC,youtube,https://www.youtube.com/@HamptonCountySchoolDistrict/streams,channel,yes,districts_combined,https://www.youtube.com/@HamptonCountySchoolDistrict/streams
us:sd:3608430,Cornwall Central School District,NY,youtube,https://www.youtube.com/watch?v=KMZuO5Vmrh4&t=1375s,single_video,yes,districts_combined,https://www.youtube.com/watch?v=KMZuO5Vmrh4&t=1375s
us:sd:3623790,Prattsburgh Central School District,NY,youtube,https://www.youtube.com/c/PrattsburghCSD,channel,yes,districts_combined,https://www.youtube.com/c/PrattsburghCSD
us:sd:1811250,Taylor Community School Corporation,IN,youtube,https://www.youtube.com/@TaylorCommunitySchoolCorp,channel,no,districts_combined,https://www.youtube.com/@TaylorCommunitySchoolCorp
us:sd:2507410,Masconomet School District,MA,youtube,https://www.youtube.com/channel/UC0fpy5M-mSEBACpjfZl-nGg,channel,yes,districts_combined,https://www.youtube.com/channel/UC0fpy5M-mSEBACpjfZl-nGg https://www.youtube.com/watch?v=JMyYjanDano&t=2405s&pp=0gcJCS8MAYcqIYzv https://www.youtube.com/watch?v=wdp-WB6voW8 https://www.youtube.com/watch?v=GUS04-Bkcbw https://www.youtube.com/watch?v=rO-c5gaY2Rs https://www.youtube.com/watch?v=MdtxWIkWoOw https://www.youtube.com/watch?v=Icfwdrlx1tU https://www.youtube.com/watch?v=ZBIXz-requI https://www.youtube.com/watch?v=5TaEXznaP2E https://www.youtube.com/watch?v=LS1qj7XtGZQ https://www.youtube.com/watch?v=bf_fPUAniW4 https://www.youtube.com/watch?v=T8XH6PYrofc https://www.youtube.com/watch?v=J5OeDQTiDVM&t=9864s https://www.youtube.com/watch?v=RPUtbJMzAuo https://www.youtube.com/watch?v=kjKuPVQPQoE&t=10728s https://www.youtube.com/watch?v=ZQxW_t8H89U https://www.youtube.com/watch?v=1IUg-wDHzRU&t=6s https://www.youtube.com/watch?v=SCpVbk6Eqic https://www.youtube.com/watch?v=h-HWKcvy4rE&pp=2AbjBA%3D%3D https://www.youtube.com/watch?v=P8Sk7x2oOj8 https://www.youtube.com/watch?v=RJPiiXGJEmA https://www.youtube.com/watch?v=qjMl4sT-tVQ https://www.youtube.com/watch?v=A5wonGTBa_g&t=6347s https://www.youtube.com/watch?v=nTu3NQyAhmY https://www.youtube.com/watch?v=G-2r5PxCJAI&t=3s https://www.youtube.com/watch?v=vrF2xXHjcVs https://www.youtube.com/watch?v=azLLm3ssZkA https://www.youtube.com/watch?v=3a6n2EGsr3Y https://www.youtube.com/watch?v=rqqh0JpH99U&t=1007s https://www.youtube.com/watch?v=9cCZZWcnpy0&pp=0gcJCcMJAYcqIYzv https://www.youtube.com/watch?v=TWvi8LevxPE&pp=0gcJCbIJAYcqIYzv https://www.youtube.com/watch?v=07Dw-z9dOS0&pp=0gcJCbAJAYcqIYzv https://www.youtube.com/watch?v=whFe_wFWBMw https://www.youtube.com/watch?v=yM6AjfeDPMA&t=7056s https://www.youtube.com/watch?v=TZ60A4jSfFQ https://www.youtube.com/watch?v=CM_ecvjSKHE&t=2219s https://www.youtube.com/watch?v=43mb6vk4E8A https://www.youtube.com/watch?v=s3mDFVwF3oc https://www.youtube.com/watch?v=AZEzFxZza30 https://www.youtube.com/watch?v=ScZDSlSarwg&t=60s https://www.youtube.com/watch?v=C-9fK30STOM https://www.youtube.com/watch?v=aN-9Dof7KWY https://www.youtube.com/watch?v=-SQxNCzAj7o https://www.youtube.com/watch?v=LFo_M6xDlKk https://www.youtube.com/watch?v=_Qalis_5QuI https://www.youtube.com/watch?v=UtGZAQVLv4k https://www.youtube.com/watch?v=yXLVk7fi-hQ https://www.youtube.com/watch?v=n-evh1_leWc https://www.youtube.com/watch?v=CgAko7o0oyU https://www.youtube.com/watch?v=lgv4aDKgd1M https://www.youtube.com/watch?v=NxYR9FmmtNI https://www.youtube.com/watch?v=DFyp34kAUPQ https://www.youtube.com/watch?v=5SkcBRTULyE https://www.youtube.com/watch?v=RcsA77SfntM https://www.youtube.com/watch?v=hZKEvx6oBpY https://youtu.be/30F9hbHNDm0 https://www.youtube.com/watch?v=-8lNxNP42qQ https://www.youtube.com/watch?v=qmKU14PEzLI&t=20s https://www.youtube.com/watch?v=RQZdtqGlRqU https://www.youtube.com/watch?v=DcxGmyQPC0U https://www.youtube.com/live/SBt1XHdDdEQ?si=XdhgHkmfxfaosoW- https://www.youtube.com/watch?v=cAui13WJXVw https://www.youtube.com/live/hgsjy4KG6Bw?si=UpA5jyGbhlqOtMFM https://www.youtube.com/watch?v=HeAJvsWZW80 https://www.youtube.com/watch?v=YUI2y_gFwa0&t=592s https://youtu.be/vysyftXSwPc?si=1GTjb5vE1b1xijxq https://www.youtube.com/watch?v=q8-zKYYeS0I https://www.youtube.com/watch?v=rffql54VSyw https://www.youtube.com/watch?v=KPCdi7j77qo https://www.youtube.com/watch?v=p5sF69s0IoA https://www.youtube.com/watch?v=Fb2A7KIkQkA https://www.youtube.com/watch?v=ea9X0c-3ofw https://www.youtube.com/watch?v=5kv1mBsA-NQ https://www.youtube.com/watch?v=-PMLI0hx1V8&t=2092s https://www.youtube.com/watch?v=yJ3AQO7VUeQ https://www.youtube.com/watch?v=x2YYs88emHM https://www.youtube.com/watch?v=ebYb7DfnyoE https://www.youtube.com/watch?v=O4QZnVrljm4 https://www.youtube.com/watch?v=vbZzacHE5G0 https://www.youtube.com/watch?v=KWjtxlOJt7Y https://www.youtube.com/watch?v=sS2_feIgoMs https://www.youtube.com/watch?v=XCggIRqFR5c https://www.youtube.com/watch?v=FNeWGXzcAmk https://www.youtube.com/watch?v=ILBoGayTVCA https://www.youtube.com/watch?v=BWJwPF-hzEo https://www.youtube.com/watch?v=40hR07S_cgA https://www.youtube.com/watch?v=uwEev6hFhms https://www.youtube.com/watch?v=JOfVNJEUG4w https://www.youtube.com/watch?v=yZ-IVDoJT9Q&t=6917s https://www.youtube.com/watch?v=5Fl8_b00fdU https://www.youtube.com/watch?v=LgsFpSlecoQ https://www.youtube.com/watch?v=IgOiVL5vqSg https://www.youtube.com/watch?v=HN5h6LEM9bM https://www.youtube.com/watch?v=OhuDb4uiIkU https://www.youtube.com/watch?v=tODaPOCRzQ4 https://www.youtube.com/watch?v=ksj38BMhN4I https://www.youtube.com/watch?v=lDimV94OJ7Q&t=2675s https://www.youtube.com/watch?v=rYDp7e78-0w https://www.youtube.com/watch?v=akLADIM5Na0 https://www.youtube.com/watch?v=IPATJztisL8 https://www.youtube.com/watch?v=LNqtApB2AlY https://www.youtube.com/watch?v=FQTsVgCsAIc https://www.youtube.com/watch?v=JYg9QDHvKG8 https://www.youtube.com/watch?v=SWKfdJwpkDg https://www.youtube.com/watch?v=hweljexsaYU https://www.youtube.com/watch?v=fHFJQFQpoWI https://www.youtube.com/watch?v=q38C9iqUfQw https://www.youtube.com/watch?v=IERTnPh1gdg https://www.youtube.com/watch?v=vd1lWE8Zvl4 https://www.youtube.com/watch?v=QNCt9tUwT8M https://www.youtube.com/watch?v=b6LrC41LSAw https://www.youtube.com/watch?v=kcooAFnNJrg https://youtu.be/uGHHqZXQl_4 https://www.youtube.com/watch?v=EEBDc4VcjFY https://youtu.be/kzXAIuZuqwI https://youtu.be/lEPLUqqY2O4 https://youtu.be/qNax2CDEa7o https://youtu.be/YXL22uloyxc https://youtu.be/v_xilNr-b4w https://www.youtube.com/watch?v=nV3jOq4UXdU https://www.youtube.com/watch?v=wbUBcDEi0Mw https://www.youtube.com/watch?v=mnAtNUGOrKg https://www.youtube.com/watch?v=vsuI1YPdUSY https://www.youtube.com/watch?v=W5k8C_pVTDw https://www.youtube.com/channel/UCKraUlQeiNYSnPLW0-Us_sA https://youtube.com/live/fHwaLDnqQ6w?feature=share https://www.youtube.com/@salemaccesstv-education8198 https://www.youtube.com/@SaugusTV https://www.youtube.com/channel/UC078mHTc0d3axfvDwVIEuZw https://www.youtube.com/channel/UCW6W0WlvYoipX9md42N8qOg/featured
us:sd:2507410,Masconomet School District,MA,youtube,https://www.youtube.com/channel/UCKraUlQeiNYSnPLW0-Us_sA,channel,yes,districts_combined,https://www.youtube.com/channel/UC0fpy5M-mSEBACpjfZl-nGg https://www.youtube.com/watch?v=JMyYjanDano&t=2405s&pp=0gcJCS8MAYcqIYzv https://www.youtube.com/watch?v=wdp-WB6voW8 https://www.youtube.com/watch?v=GUS04-Bkcbw https://www.youtube.com/watch?v=rO-c5gaY2Rs https://www.youtube.com/watch?v=MdtxWIkWoOw https://www.youtube.com/watch?v=Icfwdrlx1tU https://www.youtube.com/watch?v=ZBIXz-requI https://www.youtube.com/watch?v=5TaEXznaP2E https://www.youtube.com/watch?v=LS1qj7XtGZQ https://www.youtube.com/watch?v=bf_fPUAniW4 https://www.youtube.com/watch?v=T8XH6PYrofc https://www.youtube.com/watch?v=J5OeDQTiDVM&t=9864s https://www.youtube.com/watch?v=RPUtbJMzAuo https://www.youtube.com/watch?v=kjKuPVQPQoE&t=10728s https://www.youtube.com/watch?v=ZQxW_t8H89U https://www.youtube.com/watch?v=1IUg-wDHzRU&t=6s https://www.youtube.com/watch?v=SCpVbk6Eqic https://www.youtube.com/watch?v=h-HWKcvy4rE&pp=2AbjBA%3D%3D https://www.youtube.com/watch?v=P8Sk7x2oOj8 https://www.youtube.com/watch?v=RJPiiXGJEmA https://www.youtube.com/watch?v=qjMl4sT-tVQ https://www.youtube.com/watch?v=A5wonGTBa_g&t=6347s https://www.youtube.com/watch?v=nTu3NQyAhmY https://www.youtube.com/watch?v=G-2r5PxCJAI&t=3s https://www.youtube.com/watch?v=vrF2xXHjcVs https://www.youtube.com/watch?v=azLLm3ssZkA https://www.youtube.com/watch?v=3a6n2EGsr3Y https://www.youtube.com/watch?v=rqqh0JpH99U&t=1007s https://www.youtube.com/watch?v=9cCZZWcnpy0&pp=0gcJCcMJAYcqIYzv https://www.youtube.com/watch?v=TWvi8LevxPE&pp=0gcJCbIJAYcqIYzv https://www.youtube.com/watch?v=07Dw-z9dOS0&pp=0gcJCbAJAYcqIYzv https://www.youtube.com/watch?v=whFe_wFWBMw https://www.youtube.com/watch?v=yM6AjfeDPMA&t=7056s https://www.youtube.com/watch?v=TZ60A4jSfFQ https://www.youtube.com/watch?v=CM_ecvjSKHE&t=2219s https://www.youtube.com/watch?v=43mb6vk4E8A https://www.youtube.com/watch?v=s3mDFVwF3oc https://www.youtube.com/watch?v=AZEzFxZza30 https://www.youtube.com/watch?v=ScZDSlSarwg&t=60s https://www.youtube.com/watch?v=C-9fK30STOM https://www.youtube.com/watch?v=aN-9Dof7KWY https://www.youtube.com/watch?v=-SQxNCzAj7o https://www.youtube.com/watch?v=LFo_M6xDlKk https://www.youtube.com/watch?v=_Qalis_5QuI https://www.youtube.com/watch?v=UtGZAQVLv4k https://www.youtube.com/watch?v=yXLVk7fi-hQ https://www.youtube.com/watch?v=n-evh1_leWc https://www.youtube.com/watch?v=CgAko7o0oyU https://www.youtube.com/watch?v=lgv4aDKgd1M https://www.youtube.com/watch?v=NxYR9FmmtNI https://www.youtube.com/watch?v=DFyp34kAUPQ https://www.youtube.com/watch?v=5SkcBRTULyE https://www.youtube.com/watch?v=RcsA77SfntM https://www.youtube.com/watch?v=hZKEvx6oBpY https://youtu.be/30F9hbHNDm0 https://www.youtube.com/watch?v=-8lNxNP42qQ https://www.youtube.com/watch?v=qmKU14PEzLI&t=20s https://www.youtube.com/watch?v=RQZdtqGlRqU https://www.youtube.com/watch?v=DcxGmyQPC0U https://www.youtube.com/live/SBt1XHdDdEQ?si=XdhgHkmfxfaosoW- https://www.youtube.com/watch?v=cAui13WJXVw https://www.youtube.com/live/hgsjy4KG6Bw?si=UpA5jyGbhlqOtMFM https://www.youtube.com/watch?v=HeAJvsWZW80 https://www.youtube.com/watch?v=YUI2y_gFwa0&t=592s https://youtu.be/vysyftXSwPc?si=1GTjb5vE1b1xijxq https://www.youtube.com/watch?v=q8-zKYYeS0I https://www.youtube.com/watch?v=rffql54VSyw https://www.youtube.com/watch?v=KPCdi7j77qo https://www.youtube.com/watch?v=p5sF69s0IoA https://www.youtube.com/watch?v=Fb2A7KIkQkA https://www.youtube.com/watch?v=ea9X0c-3ofw https://www.youtube.com/watch?v=5kv1mBsA-NQ https://www.youtube.com/watch?v=-PMLI0hx1V8&t=2092s https://www.youtube.com/watch?v=yJ3AQO7VUeQ https://www.youtube.com/watch?v=x2YYs88emHM https://www.youtube.com/watch?v=ebYb7DfnyoE https://www.youtube.com/watch?v=O4QZnVrljm4 https://www.youtube.com/watch?v=vbZzacHE5G0 https://www.youtube.com/watch?v=KWjtxlOJt7Y https://www.youtube.com/watch?v=sS2_feIgoMs https://www.youtube.com/watch?v=XCggIRqFR5c https://www.youtube.com/watch?v=FNeWGXzcAmk https://www.youtube.com/watch?v=ILBoGayTVCA https://www.youtube.com/watch?v=BWJwPF-hzEo https://www.youtube.com/watch?v=40hR07S_cgA https://www.youtube.com/watch?v=uwEev6hFhms https://www.youtube.com/watch?v=JOfVNJEUG4w https://www.youtube.com/watch?v=yZ-IVDoJT9Q&t=6917s https://www.youtube.com/watch?v=5Fl8_b00fdU https://www.youtube.com/watch?v=LgsFpSlecoQ https://www.youtube.com/watch?v=IgOiVL5vqSg https://www.youtube.com/watch?v=HN5h6LEM9bM https://www.youtube.com/watch?v=OhuDb4uiIkU https://www.youtube.com/watch?v=tODaPOCRzQ4 https://www.youtube.com/watch?v=ksj38BMhN4I https://www.youtube.com/watch?v=lDimV94OJ7Q&t=2675s https://www.youtube.com/watch?v=rYDp7e78-0w https://www.youtube.com/watch?v=akLADIM5Na0 https://www.youtube.com/watch?v=IPATJztisL8 https://www.youtube.com/watch?v=LNqtApB2AlY https://www.youtube.com/watch?v=FQTsVgCsAIc https://www.youtube.com/watch?v=JYg9QDHvKG8 https://www.youtube.com/watch?v=SWKfdJwpkDg https://www.youtube.com/watch?v=hweljexsaYU https://www.youtube.com/watch?v=fHFJQFQpoWI https://www.youtube.com/watch?v=q38C9iqUfQw https://www.youtube.com/watch?v=IERTnPh1gdg https://www.youtube.com/watch?v=vd1lWE8Zvl4 https://www.youtube.com/watch?v=QNCt9tUwT8M https://www.youtube.com/watch?v=b6LrC41LSAw https://www.youtube.com/watch?v=kcooAFnNJrg https://youtu.be/uGHHqZXQl_4 https://www.youtube.com/watch?v=EEBDc4VcjFY https://youtu.be/kzXAIuZuqwI https://youtu.be/lEPLUqqY2O4 https://youtu.be/qNax2CDEa7o https://youtu.be/YXL22uloyxc https://youtu.be/v_xilNr-b4w https://www.youtube.com/watch?v=nV3jOq4UXdU https://www.youtube.com/watch?v=wbUBcDEi0Mw https://www.youtube.com/watch?v=mnAtNUGOrKg https://www.youtube.com/watch?v=vsuI1YPdUSY https://www.youtube.com/watch?v=W5k8C_pVTDw https://www.youtube.com/channel/UCKraUlQeiNYSnPLW0-Us_sA https://youtube.com/live/fHwaLDnqQ6w?feature=share https://www.youtube.com/@salemaccesstv-education8198 https://www.youtube.com/@SaugusTV https://www.youtube.com/channel/UC078mHTc0d3axfvDwVIEuZw https://www.youtube.com/channel/UCW6W0WlvYoipX9md42N8qOg/featured
us:sd:2507410,Masconomet School District,MA,youtube,https://www.youtube.com/@salemaccesstv-education8198,channel,yes,districts_combined,https://www.youtube.com/channel/UC0fpy5M-mSEBACpjfZl-nGg https://www.youtube.com/watch?v=JMyYjanDano&t=2405s&pp=0gcJCS8MAYcqIYzv https://www.youtube.com/watch?v=wdp-WB6voW8 https://www.youtube.com/watch?v=GUS04-Bkcbw https://www.youtube.com/watch?v=rO-c5gaY2Rs https://www.youtube.com/watch?v=MdtxWIkWoOw https://www.youtube.com/watch?v=Icfwdrlx1tU https://www.youtube.com/watch?v=ZBIXz-requI https://www.youtube.com/watch?v=5TaEXznaP2E https://www.youtube.com/watch?v=LS1qj7XtGZQ https://www.youtube.com/watch?v=bf_fPUAniW4 https://www.youtube.com/watch?v=T8XH6PYrofc https://www.youtube.com/watch?v=J5OeDQTiDVM&t=9864s https://www.youtube.com/watch?v=RPUtbJMzAuo https://www.youtube.com/watch?v=kjKuPVQPQoE&t=10728s https://www.youtube.com/watch?v=ZQxW_t8H89U https://www.youtube.com/watch?v=1IUg-wDHzRU&t=6s https://www.youtube.com/watch?v=SCpVbk6Eqic https://www.youtube.com/watch?v=h-HWKcvy4rE&pp=2AbjBA%3D%3D https://www.youtube.com/watch?v=P8Sk7x2oOj8 https://www.youtube.com/watch?v=RJPiiXGJEmA https://www.youtube.com/watch?v=qjMl4sT-tVQ https://www.youtube.com/watch?v=A5wonGTBa_g&t=6347s https://www.youtube.com/watch?v=nTu3NQyAhmY https://www.youtube.com/watch?v=G-2r5PxCJAI&t=3s https://www.youtube.com/watch?v=vrF2xXHjcVs https://www.youtube.com/watch?v=azLLm3ssZkA https://www.youtube.com/watch?v=3a6n2EGsr3Y https://www.youtube.com/watch?v=rqqh0JpH99U&t=1007s https://www.youtube.com/watch?v=9cCZZWcnpy0&pp=0gcJCcMJAYcqIYzv https://www.youtube.com/watch?v=TWvi8LevxPE&pp=0gcJCbIJAYcqIYzv https://www.youtube.com/watch?v=07Dw-z9dOS0&pp=0gcJCbAJAYcqIYzv https://www.youtube.com/watch?v=whFe_wFWBMw https://www.youtube.com/watch?v=yM6AjfeDPMA&t=7056s https://www.youtube.com/watch?v=TZ60A4jSfFQ https://www.youtube.com/watch?v=CM_ecvjSKHE&t=2219s https://www.youtube.com/watch?v=43mb6vk4E8A https://www.youtube.com/watch?v=s3mDFVwF3oc https://www.youtube.com/watch?v=AZEzFxZza30 https://www.youtube.com/watch?v=ScZDSlSarwg&t=60s https://www.youtube.com/watch?v=C-9fK30STOM https://www.youtube.com/watch?v=aN-9Dof7KWY https://www.youtube.com/watch?v=-SQxNCzAj7o https://www.youtube.com/watch?v=LFo_M6xDlKk https://www.youtube.com/watch?v=_Qalis_5QuI https://www.youtube.com/watch?v=UtGZAQVLv4k https://www.youtube.com/watch?v=yXLVk7fi-hQ https://www.youtube.com/watch?v=n-evh1_leWc https://www.youtube.com/watch?v=CgAko7o0oyU https://www.youtube.com/watch?v=lgv4aDKgd1M https://www.youtube.com/watch?v=NxYR9FmmtNI https://www.youtube.com/watch?v=DFyp34kAUPQ https://www.youtube.com/watch?v=5SkcBRTULyE https://www.youtube.com/watch?v=RcsA77SfntM https://www.youtube.com/watch?v=hZKEvx6oBpY https://youtu.be/30F9hbHNDm0 https://www.youtube.com/watch?v=-8lNxNP42qQ https://www.youtube.com/watch?v=qmKU14PEzLI&t=20s https://www.youtube.com/watch?v=RQZdtqGlRqU https://www.youtube.com/watch?v=DcxGmyQPC0U https://www.youtube.com/live/SBt1XHdDdEQ?si=XdhgHkmfxfaosoW- https://www.youtube.com/watch?v=cAui13WJXVw https://www.youtube.com/live/hgsjy4KG6Bw?si=UpA5jyGbhlqOtMFM https://www.youtube.com/watch?v=HeAJvsWZW80 https://www.youtube.com/watch?v=YUI2y_gFwa0&t=592s https://youtu.be/vysyftXSwPc?si=1GTjb5vE1b1xijxq https://www.youtube.com/watch?v=q8-zKYYeS0I https://www.youtube.com/watch?v=rffql54VSyw https://www.youtube.com/watch?v=KPCdi7j77qo https://www.youtube.com/watch?v=p5sF69s0IoA https://www.youtube.com/watch?v=Fb2A7KIkQkA https://www.youtube.com/watch?v=ea9X0c-3ofw https://www.youtube.com/watch?v=5kv1mBsA-NQ https://www.youtube.com/watch?v=-PMLI0hx1V8&t=2092s https://www.youtube.com/watch?v=yJ3AQO7VUeQ https://www.youtube.com/watch?v=x2YYs88emHM https://www.youtube.com/watch?v=ebYb7DfnyoE https://www.youtube.com/watch?v=O4QZnVrljm4 https://www.youtube.com/watch?v=vbZzacHE5G0 https://www.youtube.com/watch?v=KWjtxlOJt7Y https://www.youtube.com/watch?v=sS2_feIgoMs https://www.youtube.com/watch?v=XCggIRqFR5c https://www.youtube.com/watch?v=FNeWGXzcAmk https://www.youtube.com/watch?v=ILBoGayTVCA https://www.youtube.com/watch?v=BWJwPF-hzEo https://www.youtube.com/watch?v=40hR07S_cgA https://www.youtube.com/watch?v=uwEev6hFhms https://www.youtube.com/watch?v=JOfVNJEUG4w https://www.youtube.com/watch?v=yZ-IVDoJT9Q&t=6917s https://www.youtube.com/watch?v=5Fl8_b00fdU https://www.youtube.com/watch?v=LgsFpSlecoQ https://www.youtube.com/watch?v=IgOiVL5vqSg https://www.youtube.com/watch?v=HN5h6LEM9bM https://www.youtube.com/watch?v=OhuDb4uiIkU https://www.youtube.com/watch?v=tODaPOCRzQ4 https://www.youtube.com/watch?v=ksj38BMhN4I https://www.youtube.com/watch?v=lDimV94OJ7Q&t=2675s https://www.youtube.com/watch?v=rYDp7e78-0w https://www.youtube.com/watch?v=akLADIM5Na0 https://www.youtube.com/watch?v=IPATJztisL8 https://www.youtube.com/watch?v=LNqtApB2AlY https://www.youtube.com/watch?v=FQTsVgCsAIc https://www.youtube.com/watch?v=JYg9QDHvKG8 https://www.youtube.com/watch?v=SWKfdJwpkDg https://www.youtube.com/watch?v=hweljexsaYU https://www.youtube.com/watch?v=fHFJQFQpoWI https://www.youtube.com/watch?v=q38C9iqUfQw https://www.youtube.com/watch?v=IERTnPh1gdg https://www.youtube.com/watch?v=vd1lWE8Zvl4 https://www.youtube.com/watch?v=QNCt9tUwT8M https://www.youtube.com/watch?v=b6LrC41LSAw https://www.youtube.com/watch?v=kcooAFnNJrg https://youtu.be/uGHHqZXQl_4 https://www.youtube.com/watch?v=EEBDc4VcjFY https://youtu.be/kzXAIuZuqwI https://youtu.be/lEPLUqqY2O4 https://youtu.be/qNax2CDEa7o https://youtu.be/YXL22uloyxc https://youtu.be/v_xilNr-b4w https://www.youtube.com/watch?v=nV3jOq4UXdU https://www.youtube.com/watch?v=wbUBcDEi0Mw https://www.youtube.com/watch?v=mnAtNUGOrKg https://www.youtube.com/watch?v=vsuI1YPdUSY https://www.youtube.com/watch?v=W5k8C_pVTDw https://www.youtube.com/channel/UCKraUlQeiNYSnPLW0-Us_sA https://youtube.com/live/fHwaLDnqQ6w?feature=share https://www.youtube.com/@salemaccesstv-education8198 https://www.youtube.com/@SaugusTV https://www.youtube.com/channel/UC078mHTc0d3axfvDwVIEuZw https://www.youtube.com/channel/UCW6W0WlvYoipX9md42N8qOg/featured
us:sd:2507410,Masconomet School District,MA,youtube,https://www.youtube.com/@SaugusTV,channel,yes,districts_combined,https://www.youtube.com/channel/UC0fpy5M-mSEBACpjfZl-nGg https://www.youtube.com/watch?v=JMyYjanDano&t=2405s&pp=0gcJCS8MAYcqIYzv https://www.youtube.com/watch?v=wdp-WB6voW8 https://www.youtube.com/watch?v=GUS04-Bkcbw https://www.youtube.com/watch?v=rO-c5gaY2Rs https://www.youtube.com/watch?v=MdtxWIkWoOw https://www.youtube.com/watch?v=Icfwdrlx1tU https://www.youtube.com/watch?v=ZBIXz-requI https://www.youtube.com/watch?v=5TaEXznaP2E https://www.youtube.com/watch?v=LS1qj7XtGZQ https://www.youtube.com/watch?v=bf_fPUAniW4 https://www.youtube.com/watch?v=T8XH6PYrofc https://www.youtube.com/watch?v=J5OeDQTiDVM&t=9864s https://www.youtube.com/watch?v=RPUtbJMzAuo https://www.youtube.com/watch?v=kjKuPVQPQoE&t=10728s https://www.youtube.com/watch?v=ZQxW_t8H89U https://www.youtube.com/watch?v=1IUg-wDHzRU&t=6s https://www.youtube.com/watch?v=SCpVbk6Eqic https://www.youtube.com/watch?v=h-HWKcvy4rE&pp=2AbjBA%3D%3D https://www.youtube.com/watch?v=P8Sk7x2oOj8 https://www.youtube.com/watch?v=RJPiiXGJEmA https://www.youtube.com/watch?v=qjMl4sT-tVQ https://www.youtube.com/watch?v=A5wonGTBa_g&t=6347s https://www.youtube.com/watch?v=nTu3NQyAhmY https://www.youtube.com/watch?v=G-2r5PxCJAI&t=3s https://www.youtube.com/watch?v=vrF2xXHjcVs https://www.youtube.com/watch?v=azLLm3ssZkA https://www.youtube.com/watch?v=3a6n2EGsr3Y https://www.youtube.com/watch?v=rqqh0JpH99U&t=1007s https://www.youtube.com/watch?v=9cCZZWcnpy0&pp=0gcJCcMJAYcqIYzv https://www.youtube.com/watch?v=TWvi8LevxPE&pp=0gcJCbIJAYcqIYzv https://www.youtube.com/watch?v=07Dw-z9dOS0&pp=0gcJCbAJAYcqIYzv https://www.youtube.com/watch?v=whFe_wFWBMw https://www.youtube.com/watch?v=yM6AjfeDPMA&t=7056s https://www.youtube.com/watch?v=TZ60A4jSfFQ https://www.youtube.com/watch?v=CM_ecvjSKHE&t=2219s https://www.youtube.com/watch?v=43mb6vk4E8A https://www.youtube.com/watch?v=s3mDFVwF3oc https://www.youtube.com/watch?v=AZEzFxZza30 https://www.youtube.com/watch?v=ScZDSlSarwg&t=60s https://www.youtube.com/watch?v=C-9fK30STOM https://www.youtube.com/watch?v=aN-9Dof7KWY https://www.youtube.com/watch?v=-SQxNCzAj7o https://www.youtube.com/watch?v=LFo_M6xDlKk https://www.youtube.com/watch?v=_Qalis_5QuI https://www.youtube.com/watch?v=UtGZAQVLv4k https://www.youtube.com/watch?v=yXLVk7fi-hQ https://www.youtube.com/watch?v=n-evh1_leWc https://www.youtube.com/watch?v=CgAko7o0oyU https://www.youtube.com/watch?v=lgv4aDKgd1M https://www.youtube.com/watch?v=NxYR9FmmtNI https://www.youtube.com/watch?v=DFyp34kAUPQ https://www.youtube.com/watch?v=5SkcBRTULyE https://www.youtube.com/watch?v=RcsA77SfntM https://www.youtube.com/watch?v=hZKEvx6oBpY https://youtu.be/30F9hbHNDm0 https://www.youtube.com/watch?v=-8lNxNP42qQ https://www.youtube.com/watch?v=qmKU14PEzLI&t=20s https://www.youtube.com/watch?v=RQZdtqGlRqU https://www.youtube.com/watch?v=DcxGmyQPC0U https://www.youtube.com/live/SBt1XHdDdEQ?si=XdhgHkmfxfaosoW- https://www.youtube.com/watch?v=cAui13WJXVw https://www.youtube.com/live/hgsjy4KG6Bw?si=UpA5jyGbhlqOtMFM https://www.youtube.com/watch?v=HeAJvsWZW80 https://www.youtube.com/watch?v=YUI2y_gFwa0&t=592s https://youtu.be/vysyftXSwPc?si=1GTjb5vE1b1xijxq https://www.youtube.com/watch?v=q8-zKYYeS0I https://www.youtube.com/watch?v=rffql54VSyw https://www.youtube.com/watch?v=KPCdi7j77qo https://www.youtube.com/watch?v=p5sF69s0IoA https://www.youtube.com/watch?v=Fb2A7KIkQkA https://www.youtube.com/watch?v=ea9X0c-3ofw https://www.youtube.com/watch?v=5kv1mBsA-NQ https://www.youtube.com/watch?v=-PMLI0hx1V8&t=2092s https://www.youtube.com/watch?v=yJ3AQO7VUeQ https://www.youtube.com/watch?v=x2YYs88emHM https://www.youtube.com/watch?v=ebYb7DfnyoE https://www.youtube.com/watch?v=O4QZnVrljm4 https://www.youtube.com/watch?v=vbZzacHE5G0 https://www.youtube.com/watch?v=KWjtxlOJt7Y https://www.youtube.com/watch?v=sS2_feIgoMs https://www.youtube.com/watch?v=XCggIRqFR5c https://www.youtube.com/watch?v=FNeWGXzcAmk https://www.youtube.com/watch?v=ILBoGayTVCA https://www.youtube.com/watch?v=BWJwPF-hzEo https://www.youtube.com/watch?v=40hR07S_cgA https://www.youtube.com/watch?v=uwEev6hFhms https://www.youtube.com/watch?v=JOfVNJEUG4w https://www.youtube.com/watch?v=yZ-IVDoJT9Q&t=6917s https://www.youtube.com/watch?v=5Fl8_b00fdU https://www.youtube.com/watch?v=LgsFpSlecoQ https://www.youtube.com/watch?v=IgOiVL5vqSg https://www.youtube.com/watch?v=HN5h6LEM9bM https://www.youtube.com/watch?v=OhuDb4uiIkU https://www.youtube.com/watch?v=tODaPOCRzQ4 https://www.youtube.com/watch?v=ksj38BMhN4I https://www.youtube.com/watch?v=lDimV94OJ7Q&t=2675s https://www.youtube.com/watch?v=rYDp7e78-0w https://www.youtube.com/watch?v=akLADIM5Na0 https://www.youtube.com/watch?v=IPATJztisL8 https://www.youtube.com/watch?v=LNqtApB2AlY https://www.youtube.com/watch?v=FQTsVgCsAIc https://www.youtube.com/watch?v=JYg9QDHvKG8 https://www.youtube.com/watch?v=SWKfdJwpkDg https://www.youtube.com/watch?v=hweljexsaYU https://www.youtube.com/watch?v=fHFJQFQpoWI https://www.youtube.com/watch?v=q38C9iqUfQw https://www.youtube.com/watch?v=IERTnPh1gdg https://www.youtube.com/watch?v=vd1lWE8Zvl4 https://www.youtube.com/watch?v=QNCt9tUwT8M https://www.youtube.com/watch?v=b6LrC41LSAw https://www.youtube.com/watch?v=kcooAFnNJrg https://youtu.be/uGHHqZXQl_4 https://www.youtube.com/watch?v=EEBDc4VcjFY https://youtu.be/kzXAIuZuqwI https://youtu.be/lEPLUqqY2O4 https://youtu.be/qNax2CDEa7o https://youtu.be/YXL22uloyxc https://youtu.be/v_xilNr-b4w https://www.youtube.com/watch?v=nV3jOq4UXdU https://www.youtube.com/watch?v=wbUBcDEi0Mw https://www.youtube.com/watch?v=mnAtNUGOrKg https://www.youtube.com/watch?v=vsuI1YPdUSY https://www.youtube.com/watch?v=W5k8C_pVTDw https://www.youtube.com/channel/UCKraUlQeiNYSnPLW0-Us_sA https://youtube.com/live/fHwaLDnqQ6w?feature=share https://www.youtube.com/@salemaccesstv-education8198 https://www.youtube.com/@SaugusTV https://www.youtube.com/channel/UC078mHTc0d3axfvDwVIEuZw https://www.youtube.com/channel/UCW6W0WlvYoipX9md42N8qOg/featured
us:sd:2507410,Masconomet School District,MA,youtube,https://www.youtube.com/channel/UC078mHTc0d3axfvDwVIEuZw,channel,yes,districts_combined,https://www.youtube.com/channel/UC0fpy5M-mSEBACpjfZl-nGg https://www.youtube.com/watch?v=JMyYjanDano&t=2405s&pp=0gcJCS8MAYcqIYzv https://www.youtube.com/watch?v=wdp-WB6voW8 https://www.youtube.com/watch?v=GUS04-Bkcbw https://www.youtube.com/watch?v=rO-c5gaY2Rs https://www.youtube.com/watch?v=MdtxWIkWoOw https://www.youtube.com/watch?v=Icfwdrlx1tU https://www.youtube.com/watch?v=ZBIXz-requI https://www.youtube.com/watch?v=5TaEXznaP2E https://www.youtube.com/watch?v=LS1qj7XtGZQ https://www.youtube.com/watch?v=bf_fPUAniW4 https://www.youtube.com/watch?v=T8XH6PYrofc https://www.youtube.com/watch?v=J5OeDQTiDVM&t=9864s https://www.youtube.com/watch?v=RPUtbJMzAuo https://www.youtube.com/watch?v=kjKuPVQPQoE&t=10728s https://www.youtube.com/watch?v=ZQxW_t8H89U https://www.youtube.com/watch?v=1IUg-wDHzRU&t=6s https://www.youtube.com/watch?v=SCpVbk6Eqic https://www.youtube.com/watch?v=h-HWKcvy4rE&pp=2AbjBA%3D%3D https://www.youtube.com/watch?v=P8Sk7x2oOj8 https://www.youtube.com/watch?v=RJPiiXGJEmA https://www.youtube.com/watch?v=qjMl4sT-tVQ https://www.youtube.com/watch?v=A5wonGTBa_g&t=6347s https://www.youtube.com/watch?v=nTu3NQyAhmY https://www.youtube.com/watch?v=G-2r5PxCJAI&t=3s https://www.youtube.com/watch?v=vrF2xXHjcVs https://www.youtube.com/watch?v=azLLm3ssZkA https://www.youtube.com/watch?v=3a6n2EGsr3Y https://www.youtube.com/watch?v=rqqh0JpH99U&t=1007s https://www.youtube.com/watch?v=9cCZZWcnpy0&pp=0gcJCcMJAYcqIYzv https://www.youtube.com/watch?v=TWvi8LevxPE&pp=0gcJCbIJAYcqIYzv https://www.youtube.com/watch?v=07Dw-z9dOS0&pp=0gcJCbAJAYcqIYzv https://www.youtube.com/watch?v=whFe_wFWBMw https://www.youtube.com/watch?v=yM6AjfeDPMA&t=7056s https://www.youtube.com/watch?v=TZ60A4jSfFQ https://www.youtube.com/watch?v=CM_ecvjSKHE&t=2219s https://www.youtube.com/watch?v=43mb6vk4E8A https://www.youtube.com/watch?v=s3mDFVwF3oc https://www.youtube.com/watch?v=AZEzFxZza30 https://www.youtube.com/watch?v=ScZDSlSarwg&t=60s https://www.youtube.com/watch?v=C-9fK30STOM https://www.youtube.com/watch?v=aN-9Dof7KWY https://www.youtube.com/watch?v=-SQxNCzAj7o https://www.youtube.com/watch?v=LFo_M6xDlKk https://www.youtube.com/watch?v=_Qalis_5QuI https://www.youtube.com/watch?v=UtGZAQVLv4k https://www.youtube.com/watch?v=yXLVk7fi-hQ https://www.youtube.com/watch?v=n-evh1_leWc https://www.youtube.com/watch?v=CgAko7o0oyU https://www.youtube.com/watch?v=lgv4aDKgd1M https://www.youtube.com/watch?v=NxYR9FmmtNI https://www.youtube.com/watch?v=DFyp34kAUPQ https://www.youtube.com/watch?v=5SkcBRTULyE https://www.youtube.com/watch?v=RcsA77SfntM https://www.youtube.com/watch?v=hZKEvx6oBpY https://youtu.be/30F9hbHNDm0 https://www.youtube.com/watch?v=-8lNxNP42qQ https://www.youtube.com/watch?v=qmKU14PEzLI&t=20s https://www.youtube.com/watch?v=RQZdtqGlRqU https://www.youtube.com/watch?v=DcxGmyQPC0U https://www.youtube.com/live/SBt1XHdDdEQ?si=XdhgHkmfxfaosoW- https://www.youtube.com/watch?v=cAui13WJXVw https://www.youtube.com/live/hgsjy4KG6Bw?si=UpA5jyGbhlqOtMFM https://www.youtube.com/watch?v=HeAJvsWZW80 https://www.youtube.com/watch?v=YUI2y_gFwa0&t=592s https://youtu.be/vysyftXSwPc?si=1GTjb5vE1b1xijxq https://www.youtube.com/watch?v=q8-zKYYeS0I https://www.youtube.com/watch?v=rffql54VSyw https://www.youtube.com/watch?v=KPCdi7j77qo https://www.youtube.com/watch?v=p5sF69s0IoA https://www.youtube.com/watch?v=Fb2A7KIkQkA https://www.youtube.com/watch?v=ea9X0c-3ofw https://www.youtube.com/watch?v=5kv1mBsA-NQ https://www.youtube.com/watch?v=-PMLI0hx1V8&t=2092s https://www.youtube.com/watch?v=yJ3AQO7VUeQ https://www.youtube.com/watch?v=x2YYs88emHM https://www.youtube.com/watch?v=ebYb7DfnyoE https://www.youtube.com/watch?v=O4QZnVrljm4 https://www.youtube.com/watch?v=vbZzacHE5G0 https://www.youtube.com/watch?v=KWjtxlOJt7Y https://www.youtube.com/watch?v=sS2_feIgoMs https://www.youtube.com/watch?v=XCggIRqFR5c https://www.youtube.com/watch?v=FNeWGXzcAmk https://www.youtube.com/watch?v=ILBoGayTVCA https://www.youtube.com/watch?v=BWJwPF-hzEo https://www.youtube.com/watch?v=40hR07S_cgA https://www.youtube.com/watch?v=uwEev6hFhms https://www.youtube.com/watch?v=JOfVNJEUG4w https://www.youtube.com/watch?v=yZ-IVDoJT9Q&t=6917s https://www.youtube.com/watch?v=5Fl8_b00fdU https://www.youtube.com/watch?v=LgsFpSlecoQ https://www.youtube.com/watch?v=IgOiVL5vqSg https://www.youtube.com/watch?v=HN5h6LEM9bM https://www.youtube.com/watch?v=OhuDb4uiIkU https://www.youtube.com/watch?v=tODaPOCRzQ4 https://www.youtube.com/watch?v=ksj38BMhN4I https://www.youtube.com/watch?v=lDimV94OJ7Q&t=2675s https://www.youtube.com/watch?v=rYDp7e78-0w https://www.youtube.com/watch?v=akLADIM5Na0 https://www.youtube.com/watch?v=IPATJztisL8 https://www.youtube.com/watch?v=LNqtApB2AlY https://www.youtube.com/watch?v=FQTsVgCsAIc https://www.youtube.com/watch?v=JYg9QDHvKG8 https://www.youtube.com/watch?v=SWKfdJwpkDg https://www.youtube.com/watch?v=hweljexsaYU https://www.youtube.com/watch?v=fHFJQFQpoWI https://www.youtube.com/watch?v=q38C9iqUfQw https://www.youtube.com/watch?v=IERTnPh1gdg https://www.youtube.com/watch?v=vd1lWE8Zvl4 https://www.youtube.com/watch?v=QNCt9tUwT8M https://www.youtube.com/watch?v=b6LrC41LSAw https://www.youtube.com/watch?v=kcooAFnNJrg https://youtu.be/uGHHqZXQl_4 https://www.youtube.com/watch?v=EEBDc4VcjFY https://youtu.be/kzXAIuZuqwI https://youtu.be/lEPLUqqY2O4 https://youtu.be/qNax2CDEa7o https://youtu.be/YXL22uloyxc https://youtu.be/v_xilNr-b4w https://www.youtube.com/watch?v=nV3jOq4UXdU https://www.youtube.com/watch?v=wbUBcDEi0Mw https://www.youtube.com/watch?v=mnAtNUGOrKg https://www.youtube.com/watch?v=vsuI1YPdUSY https://www.youtube.com/watch?v=W5k8C_pVTDw https://www.youtube.com/channel/UCKraUlQeiNYSnPLW0-Us_sA https://youtube.com/live/fHwaLDnqQ6w?feature=share https://www.youtube.com/@salemaccesstv-education8198 https://www.youtube.com/@SaugusTV https://www.youtube.com/channel/UC078mHTc0d3axfvDwVIEuZw https://www.youtube.com/channel/UCW6W0WlvYoipX9md42N8qOg/featured
us:sd:2507410,Masconomet School District,MA,youtube,https://www.youtube.com/channel/UCW6W0WlvYoipX9md42N8qOg/featured,channel,yes,districts_combined,https://www.youtube.com/channel/UC0fpy5M-mSEBACpjfZl-nGg https://www.youtube.com/watch?v=JMyYjanDano&t=2405s&pp=0gcJCS8MAYcqIYzv https://www.youtube.com/watch?v=wdp-WB6voW8 https://www.youtube.com/watch?v=GUS04-Bkcbw https://www.youtube.com/watch?v=rO-c5gaY2Rs https://www.youtube.com/watch?v=MdtxWIkWoOw https://www.youtube.com/watch?v=Icfwdrlx1tU https://www.youtube.com/watch?v=ZBIXz-requI https://www.youtube.com/watch?v=5TaEXznaP2E https://www.youtube.com/watch?v=LS1qj7XtGZQ https://www.youtube.com/watch?v=bf_fPUAniW4 https://www.youtube.com/watch?v=T8XH6PYrofc https://www.youtube.com/watch?v=J5OeDQTiDVM&t=9864s https://www.youtube.com/watch?v=RPUtbJMzAuo https://www.youtube.com/watch?v=kjKuPVQPQoE&t=10728s https://www.youtube.com/watch?v=ZQxW_t8H89U https://www.youtube.com/watch?v=1IUg-wDHzRU&t=6s https://www.youtube.com/watch?v=SCpVbk6Eqic https://www.youtube.com/watch?v=h-HWKcvy4rE&pp=2AbjBA%3D%3D https://www.youtube.com/watch?v=P8Sk7x2oOj8 https://www.youtube.com/watch?v=RJPiiXGJEmA https://www.youtube.com/watch?v=qjMl4sT-tVQ https://www.youtube.com/watch?v=A5wonGTBa_g&t=6347s https://www.youtube.com/watch?v=nTu3NQyAhmY https://www.youtube.com/watch?v=G-2r5PxCJAI&t=3s https://www.youtube.com/watch?v=vrF2xXHjcVs https://www.youtube.com/watch?v=azLLm3ssZkA https://www.youtube.com/watch?v=3a6n2EGsr3Y https://www.youtube.com/watch?v=rqqh0JpH99U&t=1007s https://www.youtube.com/watch?v=9cCZZWcnpy0&pp=0gcJCcMJAYcqIYzv https://www.youtube.com/watch?v=TWvi8LevxPE&pp=0gcJCbIJAYcqIYzv https://www.youtube.com/watch?v=07Dw-z9dOS0&pp=0gcJCbAJAYcqIYzv https://www.youtube.com/watch?v=whFe_wFWBMw https://www.youtube.com/watch?v=yM6AjfeDPMA&t=7056s https://www.youtube.com/watch?v=TZ60A4jSfFQ https://www.youtube.com/watch?v=CM_ecvjSKHE&t=2219s https://www.youtube.com/watch?v=43mb6vk4E8A https://www.youtube.com/watch?v=s3mDFVwF3oc https://www.youtube.com/watch?v=AZEzFxZza30 https://www.youtube.com/watch?v=ScZDSlSarwg&t=60s https://www.youtube.com/watch?v=C-9fK30STOM https://www.youtube.com/watch?v=aN-9Dof7KWY https://www.youtube.com/watch?v=-SQxNCzAj7o https://www.youtube.com/watch?v=LFo_M6xDlKk https://www.youtube.com/watch?v=_Qalis_5QuI https://www.youtube.com/watch?v=UtGZAQVLv4k https://www.youtube.com/watch?v=yXLVk7fi-hQ https://www.youtube.com/watch?v=n-evh1_leWc https://www.youtube.com/watch?v=CgAko7o0oyU https://www.youtube.com/watch?v=lgv4aDKgd1M https://www.youtube.com/watch?v=NxYR9FmmtNI https://www.youtube.com/watch?v=DFyp34kAUPQ https://www.youtube.com/watch?v=5SkcBRTULyE https://www.youtube.com/watch?v=RcsA77SfntM https://www.youtube.com/watch?v=hZKEvx6oBpY https://youtu.be/30F9hbHNDm0 https://www.youtube.com/watch?v=-8lNxNP42qQ https://www.youtube.com/watch?v=qmKU14PEzLI&t=20s https://www.youtube.com/watch?v=RQZdtqGlRqU https://www.youtube.com/watch?v=DcxGmyQPC0U https://www.youtube.com/live/SBt1XHdDdEQ?si=XdhgHkmfxfaosoW- https://www.youtube.com/watch?v=cAui13WJXVw https://www.youtube.com/live/hgsjy4KG6Bw?si=UpA5jyGbhlqOtMFM https://www.youtube.com/watch?v=HeAJvsWZW80 https://www.youtube.com/watch?v=YUI2y_gFwa0&t=592s https://youtu.be/vysyftXSwPc?si=1GTjb5vE1b1xijxq https://www.youtube.com/watch?v=q8-zKYYeS0I https://www.youtube.com/watch?v=rffql54VSyw https://www.youtube.com/watch?v=KPCdi7j77qo https://www.youtube.com/watch?v=p5sF69s0IoA https://www.youtube.com/watch?v=Fb2A7KIkQkA https://www.youtube.com/watch?v=ea9X0c-3ofw https://www.youtube.com/watch?v=5kv1mBsA-NQ https://www.youtube.com/watch?v=-PMLI0hx1V8&t=2092s https://www.youtube.com/watch?v=yJ3AQO7VUeQ https://www.youtube.com/watch?v=x2YYs88emHM https://www.youtube.com/watch?v=ebYb7DfnyoE https://www.youtube.com/watch?v=O4QZnVrljm4 https://www.youtube.com/watch?v=vbZzacHE5G0 https://www.youtube.com/watch?v=KWjtxlOJt7Y https://www.youtube.com/watch?v=sS2_feIgoMs https://www.youtube.com/watch?v=XCggIRqFR5c https://www.youtube.com/watch?v=FNeWGXzcAmk https://www.youtube.com/watch?v=ILBoGayTVCA https://www.youtube.com/watch?v=BWJwPF-hzEo https://www.youtube.com/watch?v=40hR07S_cgA https://www.youtube.com/watch?v=uwEev6hFhms https://www.youtube.com/watch?v=JOfVNJEUG4w https://www.youtube.com/watch?v=yZ-IVDoJT9Q&t=6917s https://www.youtube.com/watch?v=5Fl8_b00fdU https://www.youtube.com/watch?v=LgsFpSlecoQ https://www.youtube.com/watch?v=IgOiVL5vqSg https://www.youtube.com/watch?v=HN5h6LEM9bM https://www.youtube.com/watch?v=OhuDb4uiIkU https://www.youtube.com/watch?v=tODaPOCRzQ4 https://www.youtube.com/watch?v=ksj38BMhN4I https://www.youtube.com/watch?v=lDimV94OJ7Q&t=2675s https://www.youtube.com/watch?v=rYDp7e78-0w https://www.youtube.com/watch?v=akLADIM5Na0 https://www.youtube.com/watch?v=IPATJztisL8 https://www.youtube.com/watch?v=LNqtApB2AlY https://www.youtube.com/watch?v=FQTsVgCsAIc https://www.youtube.com/watch?v=JYg9QDHvKG8 https://www.youtube.com/watch?v=SWKfdJwpkDg https://www.youtube.com/watch?v=hweljexsaYU https://www.youtube.com/watch?v=fHFJQFQpoWI https://www.youtube.com/watch?v=q38C9iqUfQw https://www.youtube.com/watch?v=IERTnPh1gdg https://www.youtube.com/watch?v=vd1lWE8Zvl4 https://www.youtube.com/watch?v=QNCt9tUwT8M https://www.youtube.com/watch?v=b6LrC41LSAw https://www.youtube.com/watch?v=kcooAFnNJrg https://youtu.be/uGHHqZXQl_4 https://www.youtube.com/watch?v=EEBDc4VcjFY https://youtu.be/kzXAIuZuqwI https://youtu.be/lEPLUqqY2O4 https://youtu.be/qNax2CDEa7o https://youtu.be/YXL22uloyxc https://youtu.be/v_xilNr-b4w https://www.youtube.com/watch?v=nV3jOq4UXdU https://www.youtube.com/watch?v=wbUBcDEi0Mw https://www.youtube.com/watch?v=mnAtNUGOrKg https://www.youtube.com/watch?v=vsuI1YPdUSY https://www.youtube.com/watch?v=W5k8C_pVTDw https://www.youtube.com/channel/UCKraUlQeiNYSnPLW0-Us_sA https://youtube.com/live/fHwaLDnqQ6w?feature=share https://www.youtube.com/@salemaccesstv-education8198 https://www.youtube.com/@SaugusTV https://www.youtube.com/channel/UC078mHTc0d3axfvDwVIEuZw https://www.youtube.com/channel/UCW6W0WlvYoipX9md42N8qOg/featured
us:sd:5514040,South Milwaukee School District,WI,youtube,https://www.youtube.com/playlist?list=PLHgrQBk5oGKfK1mURDX0DGCBhNqumVUka,playlist,no,districts_combined,https://www.youtube.com/playlist?list=PLHgrQBk5oGKfK1mURDX0DGCBhNqumVUka
us:sd:3910005,Jackson Center Local School District,OH,youtube,https://www.youtube.com/channel/UCb-ec0slKPaZqSP1RPpkPmw,channel,no,districts_combined,https://www.youtube.com/channel/UCb-ec0slKPaZqSP1RPpkPmw
us:sd:3617640,Livonia Central School District,NY,youtube,https://www.youtube.com/channel/UCnJwwOs4NivaZRWLUaMTlow/about?view_as=public,channel,yes,districts_combined,https://www.youtube.com/channel/UCnJwwOs4NivaZRWLUaMTlow/about?view_as=public https://www.youtube.com/user/LivoniaES https://www.youtube.com/c/LivoniaAthletics https://www.youtube.com/embed/LkVyhN7vOFQ
us:sd:3617640,Livonia Central School District,NY,youtube,https://www.youtube.com/user/LivoniaES,channel,yes,districts_combined,https://www.youtube.com/channel/UCnJwwOs4NivaZRWLUaMTlow/about?view_as=public https://www.youtube.com/user/LivoniaES https://www.youtube.com/c/LivoniaAthletics https://www.youtube.com/embed/LkVyhN7vOFQ
us:sd:4206860,Corry Area School District,PA,youtube,https://youtu.be/MB3fjY-R0qs,single_video,yes,districts_combined,https://youtu.be/MB3fjY-R0qs
us:sd:3904557,Paulding Exempted Village School District,OH,youtube,https://www.youtube.com/channel/UC-fKC7vcUXMTsyhk0yZhSpA/featured,channel,no,districts_combined,https://www.youtube.com/channel/UC-fKC7vcUXMTsyhk0yZhSpA/featured
us:sd:3904365,Brooklyn City School District,OH,youtube,https://www.youtube.com/@bcsdvids,channel,yes,districts_combined,https://www.youtube.com/@bcsdvids https://www.youtube.com/watch?v=MSD_hsljHhA https://www.youtube.com/watch?v=1iZP4lY3nZA https://www.youtube.com/watch?v=_7fdBc9AiZI https://www.youtube.com/watch?v=bslJtBaEdLU https://www.youtube.com/watch?v=jGbndxANjnY https://www.youtube.com/watch?v=_k8iMvls-JU https://www.youtube.com/watch?v=liH25TaLpwk https://www.youtube.com/watch?v=yfjjZvCm4vk https://www.youtube.com/watch?v=Jh0aoFxZ50M https://www.youtube.com/watch?v=nfE9pjFFR6k https://www.youtube.com/watch?v=_6zX-LnSMVs https://www.youtube.com/watch?v=mqqGwRkbsi0 https://www.youtube.com/watch?v=DWUMdnqDpT8 https://www.youtube.com/watch?v=Eb1XOdLfJBA https://www.youtube.com/watch?v=YuQGPM4jtXo https://www.youtube.com/watch?v=xzxQjraKA7s https://www.youtube.com/watch?v=tL2CfcBK7Ms https://www.youtube.com/watch?v=coA1dX2ZgNI&t=3s https://www.youtube.com/watch?v=NBrz4e48WFY&t=1s https://www.youtube.com/watch?v=GvtfVrjCmZM https://www.youtube.com/watch?v=bGWWMF7Ryc8 https://www.youtube.com/watch?v=RJLzzwVdcWY https://www.youtube.com/channel/UCu8hsN_g8TZydUEoyCVGiXA https://www.brooklynohio.gov/youtube
us:sd:3904365,Brooklyn City School District,OH,youtube,https://www.youtube.com/channel/UCu8hsN_g8TZydUEoyCVGiXA,channel,yes,districts_combined,https://www.youtube.com/@bcsdvids https://www.youtube.com/watch?v=MSD_hsljHhA https://www.youtube.com/watch?v=1iZP4lY3nZA https://www.youtube.com/watch?v=_7fdBc9AiZI https://www.youtube.com/watch?v=bslJtBaEdLU https://www.youtube.com/watch?v=jGbndxANjnY https://www.youtube.com/watch?v=_k8iMvls-JU https://www.youtube.com/watch?v=liH25TaLpwk https://www.youtube.com/watch?v=yfjjZvCm4vk https://www.youtube.com/watch?v=Jh0aoFxZ50M https://www.youtube.com/watch?v=nfE9pjFFR6k https://www.youtube.com/watch?v=_6zX-LnSMVs https://www.youtube.com/watch?v=mqqGwRkbsi0 https://www.youtube.com/watch?v=DWUMdnqDpT8 https://www.youtube.com/watch?v=Eb1XOdLfJBA https://www.youtube.com/watch?v=YuQGPM4jtXo https://www.youtube.com/watch?v=xzxQjraKA7s https://www.youtube.com/watch?v=tL2CfcBK7Ms https://www.youtube.com/watch?v=coA1dX2ZgNI&t=3s https://www.youtube.com/watch?v=NBrz4e48WFY&t=1s https://www.youtube.com/watch?v=GvtfVrjCmZM https://www.youtube.com/watch?v=bGWWMF7Ryc8 https://www.youtube.com/watch?v=RJLzzwVdcWY https://www.youtube.com/channel/UCu8hsN_g8TZydUEoyCVGiXA https://www.brooklynohio.gov/youtube
us:sd:3631380,Whitney Point Central School District,NY,youtube,https://www.youtube.com/channel/UCTebV10osmPZoQ0X_6icZyA,channel,yes,districts_combined,https://www.youtube.com/channel/UCTebV10osmPZoQ0X_6icZyA
us:sd:5510740,North Fond du Lac School District,WI,youtube,https://www.youtube.com/user/NFDLOrioleTV,channel,yes,districts_combined,https://www.youtube.com/user/NFDLOrioleTV https://www.youtube.com/c/NFDLOrioleTV/featured
us:sd:5510740,North Fond du Lac School District,WI,youtube,https://www.youtube.com/c/NFDLOrioleTV/featured,channel,yes,districts_combined,https://www.youtube.com/user/NFDLOrioleTV https://www.youtube.com/c/NFDLOrioleTV/featured
us:sd:3631740,Worcester Central School District,NY,youtube,https://www.youtube.com/@wcslive,channel,no,districts_combined,https://www.youtube.com/@wcslive https://www.youtube.com/channel/UCehNoxJ_SDrf5Hz41_sSC1w
us:sd:3611190,Fonda-Fultonville Central School District,NY,youtube,https://www.youtube.com/@ffyoutube2415,channel,no,districts_combined,https://www.youtube.com/embed/Qxo6zXTzrBU?version=3&rel=1&showsearch=0&showinfo=1&iv_load_policy=1&fs=1&hl=en-US&autohide=2&wmode=transparent https://www.youtube.com/@ffyoutube2415
us:sd:1600300,Blaine County School District 61,ID,youtube,https://www.youtube.com/embed/vgjPqYoClH0?si=ajnKMCqT1htNVRTJ,single_video,yes,districts_combined,https://www.youtube.com/embed/vgjPqYoClH0?si=ajnKMCqT1htNVRTJ https://www.youtube.com/embed/jL6tnIqaNgQ?si=YChQ_FGsaPJFoqaZ https://www.youtube.com/embed/19wbfoysdac?si=LKJ0X1fKQScXKs-Y https://www.youtube.com/embed/KoKBuTk8qx8?si=ACiokXxw6aos665j https://www.youtube.com/embed/kJMAPdvXdcU?si=yjR_LqnQoiEdFgfQ https://www.youtube.com/embed/kESa9OW0JlY?si=h4HK4k_c1b5UFQvX https://www.youtube.com/embed/8bw1mFQiDjQ?si=3sKqdxvxUh_2VtAe
us:sd:4224790,Wallingford-Swarthmore School District,PA,youtube,https://www.youtube.com/channel/UCjEEoQaYttQGa9Wl5oDd80Q,channel,yes,districts_combined,https://www.youtube.com/@wallingford-swarthmorescho2163/featured https://www.youtube.com/channel/UCjEEoQaYttQGa9Wl5oDd80Q
us:sd:3408520,Leonia Borough School District,NJ,youtube,https://www.youtube.com/@leoniadistrict,channel,yes,districts_combined,https://www.youtube.com/user/leoniadistrict https://www.youtube.com/watch?v=lTz4_itIiOw&feature=youtu.be https://www.youtube.com/@leoniadistrict
us:sd:4222060,South Park School District,PA,youtube,https://www.youtube.com/watch?v=jqF2oo4O1SE,single_video,yes,districts_combined,https://www.youtube.com/watch?v=jqF2oo4O1SE
us:sd:3015120,Jefferson High School District,MT,youtube,https://www.youtube.com/channel/UCTWec5CEZDDBgmkRx_Gf5Pw,channel,no,districts_combined,https://www.youtube.com/channel/UCTWec5CEZDDBgmkRx_Gf5Pw
us:sd:5303210,Granite Falls School District,WA,youtube,https://www.youtube.com/channel/UCWA7zwUNVfXK1OXiZLcuVcQ,channel,yes,districts_combined,https://www.youtube.com/channel/UCWA7zwUNVfXK1OXiZLcuVcQ
us:sd:4202130,Aliquippa School District,PA,youtube,https://www.youtube.com/c/AliquippaSchoolDistrict,channel,yes,districts_combined,https://youtu.be/XVlMalGfpL4?si=KRIK4m5nKjFzT8-N https://www.youtube.com/watch?v=84sYbdQIhjE https://www.youtube.com/c/AliquippaSchoolDistrict
us:sd:5501170,Birchwood School District,WI,youtube,https://www.youtube.com/channel/UCI40mwQCZa6HSkfn-GRiOng,channel,yes,districts_combined,https://www.youtube.com/channel/UCI40mwQCZa6HSkfn-GRiOng
us:sd:3905072,Otsego Local School District,OH,youtube,https://www.youtube.com/@LiveEventsAtOtsego,channel,no,districts_combined,https://www.youtube.com/@LiveEventsAtOtsego
us:sd:4809690,Beckville Independent School District,TX,youtube,https://www.youtube.com/@waskomfootballlive,channel,yes,districts_combined,https://www.youtube.com/channel/UCBiYeDgptp4gr97FIQlu7xA/featured https://www.youtube.com/@waskomfootballlive
us:sd:3904458,Oakwood City School District,OH,youtube,https://www.youtube.com/channel/UCnGFUnX9RVbMtlTmlIqQfrw,channel,yes,districts_combined,https://www.youtube.com/channel/UCnGFUnX9RVbMtlTmlIqQfrw
us:sd:3626840,Shoreham-Wading River Central School District,NY,youtube,https://www.youtube.com/channel/UCToM54djLiB-RqD7zpIGjcA/live,channel,yes,districts_combined,https://www.youtube.com/channel/UCToM54djLiB-RqD7zpIGjcA/live
us:sd:3400008,Great Meadows Regional School District,NJ,youtube,https://youtu.be/gL6hIQUaG7w,single_video,yes,districts_combined,https://youtu.be/gL6hIQUaG7w
us:sd:3622290,Oyster Bay-East Norwich Central School District,NY,youtube,https://www.youtube.com/@obenlive7668/featured,channel,yes,districts_combined,https://www.youtube.com/@obenlive7668/featured https://www.youtube.com/embed/MTrzNdUhZ1k
us:sd:5505880,Green Lake School District,WI,youtube,https://www.youtube.com/user/GreenLakeSchool,channel,no,districts_combined,https://www.youtube.com/user/GreenLakeSchool
us:sd:5515210,Valders Area School District,WI,youtube,https://www.youtube.com/watch?v=FjsExUxHByA&list=PLXZpdoXeN2HV2sZ_E78fkrx1qknG_R8MY&index=2,playlist,no,districts_combined,https://www.youtube.com/watch?v=FjsExUxHByA&list=PLXZpdoXeN2HV2sZ_E78fkrx1qknG_R8MY&index=2
us:sd:3416110,Tenafly Borough School District,NJ,youtube,https://www.youtube.com/watch?v=_mXYUGrJr-4,single_video,no,districts_combined,https://www.tenaflyschools.org/our-district/board-of-education/meetinginfo/january-2024-2025/board-presentations https://www.tenaflyschools.org/our-district/board-of-education/meetinginfo/january-2023-2024/board-presentations https://www.tenaflyschools.org/our-district/board-of-education/board-only https://www.youtube.com/watch?v=_mXYUGrJr-4 https://www.youtube.com/watch?v=DX4GErmTUcU https://youtu.be/JLw_7Ej8N-o https://youtu.be/mN7lqCmSlU0 https://youtu.be/qddkDMUVyeE https://youtu.be/HfIa6AwFg6o https://youtu.be/SfPRJ_tiYFs https://youtu.be/fGIPl1C6YSg https://youtu.be/GizB_2o7B7Q https://youtu.be/GOX4blLAVE0 https://youtu.be/41fPgVQBjuQ https://youtu.be/vJbuZBzCi5M https://youtu.be/CMLXOQczHrA https://youtu.be/5-OUe5W4h80 https://youtu.be/a-PETjK5cf0 https://youtu.be/PfV3F61OX60 https://youtu.be/vfd6XYyTYsU https://youtu.be/9jZRLbVrmvQ https://youtu.be/2HFsbPz4OeY https://youtu.be/taDib44hy9g https://youtu.be/MERR3t1VYVw https://youtu.be/g7nj51YGwc8 https://youtu.be/xca5MRlkQZs https://youtu.be/jQ08yzbOcKM https://youtu.be/-t-xIejNkJg https://youtu.be/VjXaPKpDG7k https://youtu.be/U95Hdd3tUi8 https://youtu.be/zb7FcttwS3g https://youtu.be/BxFvb0GJdrs https://youtu.be/bHoe6-1veQU https://youtu.be/KNYZtV1K3oA https://youtu.be/EkuGanw988Q https://youtu.be/CS_o1eo-nUY https://youtu.be/3M0DapYSRF4 https://youtu.be/lxBobl5vGOI https://www.youtube.com/watch?v=Cfzmh_PFVrE
us:sd:3403930,Dover Town School District,NJ,youtube,https://www.youtube.com/@doverpublicschools806,channel,yes,districts_combined,https://www.youtube.com/@doverpublicschools806 https://www.youtube.com/playlist?list=PLtX94QLlf2DFDrzuiUzWmHOfR7d9BMAXV https://www.youtube.com/watch?v=kxPmjvEGSFI&list=PLtX94QLlf2DFDrzuiUzWmHOfR7d9BMAXV https://www.youtube.com/watch?v=IrTukf8ao8M&list=PLtX94QLlf2DF_l7Yehh-ijv6k3pUW1Eed https://www.youtube.com/playlist?list=PLtX94QLlf2DHW1qFZwt2eyR34YMBRvJ2U https://www.youtube.com/playlist?list=PLtX94QLlf2DHr9wITEQCc54i9Tjanx3AG
us:sd:5501020,Belmont Community School District,WI,youtube,https://www.youtube.com/channel/UCNgX8C-RTQiYQaHyQNHjcBQ,channel,yes,districts_combined,https://www.youtube.com/channel/UCNgX8C-RTQiYQaHyQNHjcBQ https://youtu.be/o-Cc0407LXc
us:sd:4029400,Talihina Public Schools,OK,youtube,https://www.youtube.com/channel/UCWPz2ORyH0Vcf2oG9RaYYzg,channel,no,districts_combined,https://www.youtube.com/channel/UCWPz2ORyH0Vcf2oG9RaYYzg
us:sd:3618960,Medina Central School District,NY,youtube,https://youtu.be/OFH587aaaGM,single_video,yes,districts_combined,https://youtu.be/OFH587aaaGM https://youtu.be/KDCeDl8Eu8o https://youtu.be/mEic9NmoVpQ https://youtu.be/54MFtrm9gxU https://youtu.be/w8kfuMN2G14 https://youtu.be/G0bkfDrU-54 https://youtu.be/1p2DslfNdh8 https://youtu.be/JNwz2RXzTXk https://youtu.be/iFjN8jZSa0U https://youtu.be/4k_L87yFZJ0 https://youtu.be/qtEiZxbF46E https://accounts.youtube.com/accounts/CheckConnection?pmpo=https%3A%2F%2Faccounts.google.com&v=695786037&timestamp=1791151769547 https://accounts.youtube.com/accounts/CheckConnection?pmpo=https%3A%2F%2Faccounts.google.com&v=-1980725804&timestamp=1791151920408 https://accounts.youtube.com/accounts/CheckConnection?pmpo=https%3A%2F%2Faccounts.google.com&v=722870487&timestamp=1791152043552 https://accounts.youtube.com/accounts/CheckConnection?pmpo=https%3A%2F%2Faccounts.google.com&v=435203611&timestamp=1791152161740
us:sd:5503860,Northland Pines School District,WI,youtube,https://www.youtube.com/c/npsdk12,channel,yes,districts_combined,https://www.youtube.com/@npsdk12 https://www.youtube.com/embed/AqkxSqtbLy4?si=OmlWxF0YpT7HCaGN https://www.youtube.com/embed/0yj7vEIZL8k?si=0CidL0zBGB80D1oy https://www.youtube.com/c/npsdk12 https://www.youtube.com/user/npsdk12 https://www.youtube.com/embed/TtifIb5HYlE?si=uI_ieu8t_jUJ3Z99
us:sd:5503860,Northland Pines School District,WI,youtube,https://www.youtube.com/user/npsdk12,channel,yes,districts_combined,https://www.youtube.com/@npsdk12 https://www.youtube.com/embed/AqkxSqtbLy4?si=OmlWxF0YpT7HCaGN https://www.youtube.com/embed/0yj7vEIZL8k?si=0CidL0zBGB80D1oy https://www.youtube.com/c/npsdk12 https://www.youtube.com/user/npsdk12 https://www.youtube.com/embed/TtifIb5HYlE?si=uI_ieu8t_jUJ3Z99
us:sd:3024180,Sheridan High School District,MT,youtube,https://youtu.be/TtAPLHmX4tg,single_video,no,districts_combined,https://youtu.be/TtAPLHmX4tg https://youtu.be/y_AfhLE1mrY https://youtu.be/HbmhiY2RuXQ https://youtu.be/pCu4RraBnq4 https://youtu.be/jOxqzpeOFMs https://youtu.be/FtM7Qgm5EKs https://youtu.be/1QM1a2Om_oo https://youtu.be/9drGkclg2wA https://youtu.be/ku_9gBh8vg0 https://youtu.be/EAWIB0slGSU https://youtu.be/JdreXbUFH_k https://youtu.be/CF5I6bCkkQc https://youtu.be/DJSFiDz00KQ https://youtu.be/R7f9xVfd-V4 https://youtu.be/PAvsBFQhvyU https://youtu.be/caaqy0byezc https://youtu.be/Hcrxgtkaw8I https://youtu.be/KfNSDZPdC1M https://youtu.be/wxmZTezfxYg https://youtu.be/ODlYQgZgK6Y https://youtu.be/cS2vhF6qSP4 https://youtu.be/S9rDC-afB5o https://youtu.be/9S1_34J6uZQ https://youtu.be/dit1FcCnbH0 https://youtu.be/WXDJqQX67HY https://youtu.be/EshFQj5xgEA https://youtu.be/IlRCjE8e5ak
us:sd:5500300,Amery School District,WI,youtube,https://www.youtube.com/@WEAREAmery715,channel,yes,districts_combined,https://www.youtube.com/@AmerySchools/featured https://www.youtube.com/embed/lz6EqXYoMF8 https://www.youtube.com/embed/fzLk5-IGfYM https://www.youtube.com/embed/7Dgl6maBHoE https://www.youtube.com/embed/Mh0CfqeQM3I https://www.youtube.com/c/AmerySchools https://www.youtube.com/@WEAREAmery715
us:sd:4837110,Riesel Independent School District,TX,youtube,https://www.youtube.com/user/rieselisd,channel,yes,districts_combined,https://www.youtube.com/user/rieselisd
us:sd:4209690,Farrell Area School District,PA,youtube,https://www.youtube.com/@farrellareaschooldistricta9976/featured,channel,yes,districts_combined,https://www.youtube.com/@farrellareaschooldistrictv834 https://www.youtube.com/@farrellareaschooldistricta9976/featured https://www.youtube.com/embed/Hw2kRoo1XUs?si=WZEeswmhR1qpgnrG
us:sd:3623430,Port Byron Central School District,NY,youtube,https://www.youtube.com/channel/UCGTpft64YCjVZb7pEZKRPLA/featured,channel,yes,districts_combined,https://www.youtube.com/channel/UCGTpft64YCjVZb7pEZKRPLA/featured https://www.youtube.com/@pbsportslive6896/streams
us:sd:3623430,Port Byron Central School District,NY,youtube,https://www.youtube.com/@pbsportslive6896/streams,channel,yes,districts_combined,https://www.youtube.com/channel/UCGTpft64YCjVZb7pEZKRPLA/featured https://www.youtube.com/@pbsportslive6896/streams
us:sd:3904582,Hillsdale Local School District,OH,youtube,http://www.youtube.com/@hillsdalelocalschools5851,channel,no,districts_combined,http://www.youtube.com/@hillsdalelocalschools5851
us:sd:3605040,Adirondack Central School District,NY,youtube,https://www.youtube.com/channel/UCjbDqTEjD1Txu-qf8lraacw,channel,yes,districts_combined,https://www.youtube.com/channel/UCjbDqTEjD1Txu-qf8lraacw https://youtu.be/c2Yp9NLohoM
us:sd:0619890,Kit Carson Union Elementary School District,CA,youtube,https://www.youtube.com/watch?v=o_4copyoRCg&ab_channel=CityofSanDiego,single_video,yes,districts_combined,https://www.youtube.com/watch?v=o_4copyoRCg&ab_channel=CityofSanDiego
us:sd:3625770,Saratoga Springs City School District,NY,youtube,https://www.youtube.com/embed/SuZfowq8SQ0?si=rxRVPYONkz1LQDRT,single_video,no,districts_combined,https://www.youtube.com/embed/SuZfowq8SQ0?si=rxRVPYONkz1LQDRT https://www.youtube.com/live/1uNWf5y-6kE https://www.youtube.com/live/_l-i3zmitb0 https://www.youtube.com/live/mPGs0JokeCI https://www.youtube.com/live/R1VZQ4UN4BM
us:sd:0509060,Lonoke School District,AR,youtube,https://youtu.be/c3qvywWzWqM,single_video,yes,districts_combined,https://youtu.be/c3qvywWzWqM https://youtu.be/4IGHPHmcjOg
us:sd:3021090,Polson High School District,MT,youtube,https://www.youtube.com/embed/hdRpJhTVTp8?si=3LFPPKjqosNXRyDk,single_video,yes,districts_combined,https://www.youtube.com/embed/hdRpJhTVTp8?si=3LFPPKjqosNXRyDk https://www.youtube.com/embed/ZQrfj_B4YFY?si=Q3bEFsrBKOifj3pO https://www.youtube.com/embed/wVA3lAxIRYk?si=7I38zFELeTWkYojk https://www.youtube.com/embed/rxpBykw7Vq8?si=fYKLtHEvQl7WRmqO https://www.youtube.com/embed/j4ZrKu0ijoQ?si=sFDQkxrp-K8BjkBq https://www.youtube.com/embed/XVsQQqgU97o?si=-fpLCFGOV8y1j3Iy https://www.youtube.com/embed/n4PjL5vkNpk?si=B6i9hc2u0huL6JOw https://www.youtube.com/embed/N7kXs1bry9k?si=iP10stNVMbChzg8m https://www.youtube.com/embed/OGDPAUxVy6M?si=qepFl4ZQNVaZBlO0 https://www.youtube.com/embed/ErZ-Vk6CL5I?si=WOteBdgs0dGJxNHE https://www.youtube.com/embed/zY63Y_Ygyu4?si=iFzelux2BK6FgrWs https://www.youtube.com/embed/U67xQJLfKio?si=spT5fOQ44US_ta_g https://www.youtube.com/embed/8Z6vF00tYxw?si=DiQ_tsjLXJlLoitf https://www.youtube.com/embed/GIkHObl4TRI?si=KinHMCDYo1LpcU8I https://www.youtube.com/embed/f8993U7aL0o?si=oyRn6mUhkoJdB1Hx
us:sd:3607080,Chateaugay Central School District,NY,youtube,https://www.youtube.com/embed/lALpP_Uogo0?embed_config=%7B%22enc%22:%22AXH1ezlKSycgOVKob4SlPeMbwIYD0zBU-194qQ-yrq8jRZGzEtBzYFHx9NBBjrk6Rhdnc6C-UfPJyVJIF90UEY_eKlcP1j6Iv7GhT9-goxfJc4UmC7NGB9etkFmFSgcoE3jquZYx0aLpC1K9k48njGZRgJCtJBvsGfvnc-x99B5Ia7Jo%22%7D&enablejsapi=1&errorlinks=1&origin=https://www.chateaugaycsd.org&vl=1,single_video,yes,districts_combined,https://www.youtube.com/embed/lALpP_Uogo0?embed_config=%7B%22enc%22:%22AXH1ezlKSycgOVKob4SlPeMbwIYD0zBU-194qQ-yrq8jRZGzEtBzYFHx9NBBjrk6Rhdnc6C-UfPJyVJIF90UEY_eKlcP1j6Iv7GhT9-goxfJc4UmC7NGB9etkFmFSgcoE3jquZYx0aLpC1K9k48njGZRgJCtJBvsGfvnc-x99B5Ia7Jo%22%7D&enablejsapi=1&errorlinks=1&origin=https://www.chateaugaycsd.org&vl=1 https://www.youtube.com/embed/o697Y8cx7HM?embed_config=%7B%22enc%22:%22AXH1ezloYxD9r0VORrOg1U54HD6jCDzjpH7X5K2-yeIbyYJDF7bBF-J-PzqABoEzxBJC11BWJDuTvCggCDnWoekvKshjhceCHbsn2h3qelkC6F1Icb_jMAnHCVxLJyHTEjSHhYO4pYYdIeyforlUzvMJojgBp_eqzK4d1iE_jah5zpeT%22%7D&enablejsapi=1&errorlinks=1&origin=https://www.chateaugaycsd.org&vl=1 https://www.youtube.com/embed/cvNslFZUCDc?embed_config=%7B%22enc%22:%22AXH1ezn3z9Wodu2XUXzpvUtMmQd8Kzv84zCi6Y8BwWmsp90reIMDVWkg8hfCogqNwwCYQA5dmXjMBbX6XOo1wNb64wPkituKv8276byX6pnHFD5iWuB06rzLijJ02ZdzlvaBrq-ZFeR3EP3L-LvIjjV7N9wS1nN-GrroKNtXzq1bKSDE%22%7D&enablejsapi=1&errorlinks=1&origin=https://www.chateaugaycsd.org&vl=1 https://www.youtube.com/embed/CQentOPwn_A?embed_config=%7B%22enc%22:%22AXH1eznhKtCBRznD0vcOkbROFFgMuk8oS2sg09FigdwwS8d-DfXDRPi4uHfVVYTEuQ1QaRE0SeRGTE6xv5R1v4L_ugbiIhj5iFoxcMcP_gj4lxk7Nhnuyy9BYkb7b_8eU7UVRPkhduU-L7vqNf-_6ZczepkGb7SzyiKfXcyebFRZcKRU%22%7D&enablejsapi=1&errorlinks=1&origin=https://www.chateaugaycsd.org&vl=1 https://www.youtube.com/embed/aq-6irw-748?embed_config=%7B%22enc%22:%22AXH1ezkkzxkiBy6cZ7FEnCTOXJJ31lYXLMHG922YD1bJTZ6NYg4l_8SXiZMbYE2TaSuskw4jmgBNW8L7TGQ-hvERTLcUyfW1f4xgAkwnY72GQBVkv0G74KQx4eXRdlnt-bgiW-TOwl7eHevx2sKJJ02syszPnYGReqDDE7UEaWldsEjb%22%7D&enablejsapi=1&errorlinks=1&origin=https://www.chateaugaycsd.org&vl=1 https://www.youtube.com/embed/vHuzgoixw7s?embed_config=%7B%22enc%22:%22AXH1ezmnn3DY-ReKR8cfuJrjJ8aRnDF1I1tYD9pwEudzbs_4bSN_KCjF4leYejq27B1sC5MuRmDLFrVBe7A0iLq2dPrYKiJSgguFsd5DUG2b9SsjCapiiiNVGhQF_HOwxijbUMIXJ3kFlOQqB_LoxjsftS6ovmTjwBO6QusqnfNqNst5%22%7D&enablejsapi=1&errorlinks=1&origin=https://www.chateaugaycsd.org&vl=1 https://youtu.be/JbI6JXG50Dk https://youtu.be/4mxGi_aV2X4 https://youtu.be/4JLrax7mJ8U https://www.youtube.com/embed/6tFS9e-F7Tk?embed_config=%7B%22enc%22:%22AXH1ezmM7Zzciw-X7TKwOyTzEP3fQMBuUvhVUwaj9E0v9jLMApfEZ0qbY4s_IbBGbSsxuwxPwIDmx92v2ob681H9lNIw2MvBB_3q100C4hkQl5LXV4ux1ZEzPoMvDHrA3r4lXi67c8HecKIXsUNz2pTRzwWxK_lq0ry6rjB2r13UiUtM%22%7D&enablejsapi=1&errorlinks=1&origin=https://www.chateaugaycsd.org&vl=1 https://www.youtube.com/embed/amYkPvnuN7U?embed_config=%7B%22enc%22:%22AXH1eznUurwosJuSZEg_yxSthVAeZUvTSGr6SLQ-XDKAXrVdMIyTkHo6Kk2IURxQU0HqQv12qphAn7cPZKhv3p2_6r4FlGhZy2S0MuSAPZQzhfTLVvFLIopPbdMOVLlnOM45-3buF6PFgWoTFFY2ymIe93LJSvmh9hAwXbyQVWwFsmzg%22%7D&enablejsapi=1&errorlinks=1&origin=https://www.chateaugaycsd.org&vl=1 https://youtu.be/XIdNZ3zyt6k https://youtu.be/toCoxm4IDZM https://youtu.be/IOXLlZXqCNc https://youtu.be/e_45y4PI1MM
us:sd:4005010,Boone-Apache Public Schools,OK,youtube,https://www.youtube.com/@ahswarriortv3668,channel,yes,districts_combined,https://www.youtube.com/@ahswarriortv3668
us:sd:0406810,Queen Creek Unified District,AZ,youtube,https://www.youtube.com/user/QCUSD95,channel,yes,districts_combined,https://www.youtube.com/user/QCUSD95
us:sd:4680445,Corsica-Stickney School District 21-3,SD,youtube,https://www.youtube.com/@corsicastickneyjaguarslive163,channel,no,districts_combined,https://www.youtube.com/@corsicastickneyjaguarslive163
us:sd:3401920,Bogota Borough School District,NJ,youtube,https://www.youtube.com/channel/UCChGCSIPLUH-VixKLIyAyDg,channel,yes,districts_combined,https://youtu.be/9cF9xNV0cqE https://www.youtube.com/watch?v=DEVXK9mMWlA&t=605s https://www.youtube.com/channel/UCChGCSIPLUH-VixKLIyAyDg https://www.youtube.com/@bogotaschooldistrict2148/videos
us:sd:3401920,Bogota Borough School District,NJ,youtube,https://www.youtube.com/@bogotaschooldistrict2148/videos,channel,yes,districts_combined,https://youtu.be/9cF9xNV0cqE https://www.youtube.com/watch?v=DEVXK9mMWlA&t=605s https://www.youtube.com/channel/UCChGCSIPLUH-VixKLIyAyDg https://www.youtube.com/@bogotaschooldistrict2148/videos
us:sd:5511580,Pepin Area School District,WI,youtube,https://www.youtube.com/channel/UC6YtVu2XpEnBP7aHQxQd7bw?view_as=subscriber,channel,yes,districts_combined,https://www.youtube.com/channel/UC6YtVu2XpEnBP7aHQxQd7bw?view_as=subscriber
us:sd:2011550,Sedgwick Public Schools Unified School District 439,KS,youtube,https://www.youtube.com/@SedgwickPublicSchools,channel,yes,districts_combined,https://www.youtube.com/@SedgwickPublicSchools
us:sd:1813230,Whitko Community School Corporation,IN,youtube,https://www.youtube.com/channel/UCOZ30Yt8AB40y_wv-a74pqQ/featured,channel,no,districts_combined,https://www.youtube.com/channel/UCOZ30Yt8AB40y_wv-a74pqQ/featured https://www.youtube.com/live/NSu5gK-e5Ps?si=cuA8JmaUhyFzkFO6&t=1163 https://www.youtube.com/@whitkomarketing5487/streams
us:sd:1201620,Putnam County School District,FL,youtube,https://www.youtube.com/user/PutnamSchoolsTV,channel,yes,districts_combined,https://www.youtube.com/user/PutnamSchoolsTV https://youtu.be/B5AXn6DmfLY https://youtube.com/live/3216vVGm0og https://youtube.com/live/47X6Tg8oy94 https://youtu.be/6Z6bj-9TvCs https://youtu.be/c98-coXpCvc https://youtube.com/live/I9Dwpyei0WQ https://www.youtube.com/watch?v=HHe_q3e47nc https://youtube.com/live/568QeqwtUHo https://www.youtube.com/@PutnamSchoolsTV https://youtu.be/-jmYIL2XxS0 https://www.youtube.com/live/uhvQgmQG7DI https://www.youtube.com/live/UEynnLiXEhY https://youtu.be/Rwy7ah8Bn2U https://www.youtube.com/watch?v=EkXIq3LFZJs https://www.youtube.com/watch?v=vGwILyD6NJY https://www.youtube.com/live/4RzKdO7Q8u8 https://youtube.com/live/cy1ONOrkqTw https://youtube.com/live/Q86hnvFGGHw
us:sd:1201620,Putnam County School District,FL,youtube,https://www.youtube.com/@PutnamSchoolsTV,channel,yes,districts_combined,https://www.youtube.com/user/PutnamSchoolsTV https://youtu.be/B5AXn6DmfLY https://youtube.com/live/3216vVGm0og https://youtube.com/live/47X6Tg8oy94 https://youtu.be/6Z6bj-9TvCs https://youtu.be/c98-coXpCvc https://youtube.com/live/I9Dwpyei0WQ https://www.youtube.com/watch?v=HHe_q3e47nc https://youtube.com/live/568QeqwtUHo https://www.youtube.com/@PutnamSchoolsTV https://youtu.be/-jmYIL2XxS0 https://www.youtube.com/live/uhvQgmQG7DI https://www.youtube.com/live/UEynnLiXEhY https://youtu.be/Rwy7ah8Bn2U https://www.youtube.com/watch?v=EkXIq3LFZJs https://www.youtube.com/watch?v=vGwILyD6NJY https://www.youtube.com/live/4RzKdO7Q8u8 https://youtube.com/live/cy1ONOrkqTw https://youtube.com/live/Q86hnvFGGHw
us:sd:4819110,Farwell Independent School District,TX,youtube,https://www.youtube.com/watch?v=T7dmnn46b4I,single_video,no,districts_combined,https://www.youtube.com/watch?v=T7dmnn46b4I
us:sd:3904615,Talawanda City School District,OH,youtube,https://www.youtube.com/@TalawandaBoardPresentations,channel,yes,districts_combined,http://www.youtube.com/user/talawandasd https://www.youtube.com/@TalawandaBoardPresentations https://www.youtube.com/@bravetv_channel85/streams
us:sd:3904615,Talawanda City School District,OH,youtube,https://www.youtube.com/@bravetv_channel85/streams,channel,yes,districts_combined,http://www.youtube.com/user/talawandasd https://www.youtube.com/@TalawandaBoardPresentations https://www.youtube.com/@bravetv_channel85/streams
us:sd:0804260,Roaring Fork School District RE-1,CO,youtube,https://www.youtube.com/channel/UC3qwq39csHEcWCK3Jb-2tgg,channel,yes,districts_combined,https://www.youtube.com/channel/UC3qwq39csHEcWCK3Jb-2tgg
us:sd:3613380,Hamilton Central School District,NY,youtube,https://www.youtube.com/channel/UCxqNjeUejaY8lCeUJfhmH1g,channel,yes,districts_combined,https://youtube.com/playlist?list=PLwsNZ1d-BQfpKjHan8zFNdyClXv8U2cgv&si=KoUYSkO-4Hoh1wPf https://www.youtube.com/channel/UCxqNjeUejaY8lCeUJfhmH1g
us:sd:3701170,Davie County Schools,NC,youtube,https://www.youtube.com/@daviecountyschools7816,channel,yes,districts_combined,https://www.youtube.com/@daviecountyschools7816
us:sd:3414610,Sandyston-Walpack Township School District,NJ,youtube,https://youtu.be/KgA7ms-kwoo,single_video,no,districts_combined,https://youtu.be/KgA7ms-kwoo
us:sd:4701290,Franklin County School District,TN,youtube,https://www.youtube.com/watch?v=RU9Ot-Vaehc,single_video,yes,districts_combined,https://www.youtube.com/watch?v=RU9Ot-Vaehc
us:sd:3615990,Jordan-Elbridge Central School District,NY,youtube,https://www.youtube.com/channel/UCo1avQ87AQ-c1jHTbsP3SOQ/live,channel,yes,districts_combined,https://www.youtube.com/channel/UCo1avQ87AQ-c1jHTbsP3SOQ/live
us:sd:1601570,Jefferson County Joint School District 251,ID,youtube,https://www.youtube.com/@jeffersonjointschooldistri2129/streams,channel,yes,districts_combined,https://www.youtube.com/watch?v=G8VMfskyblo&list=PLyNB06mx1SuadAFd58vM6GcR7yagXP2kE https://www.youtube.com/@jeffersonjointschooldistri2129/streams
us:sd:5103130,Prince William County Public Schools,VA,youtube,https://www.youtube.com/user/PWCSchools,channel,yes,districts_combined,https://www.youtube.com/watch?v=vBwpa7kIukc https://www.youtube.com/user/PWCSchools https://www.youtube.com/playlist?list=PL1ovwaZ9MV4pguN5CGUBZ-1v6uHUbBniD https://www.youtube.com/watch?v=LG-YkyG6yN0&list=PL1ovwaZ9MV4pguN5CGUBZ-1v6uHUbBniD https://www.youtube.com/watch?v=LG-YkyG6yN0&amp;list=PL1ovwaZ9MV4pguN5CGUBZ-1v6uHUbBniD https://www.youtube.com/playlist?list=PL1ovwaZ9MV4pkbL3kA5HX_kzvUBNCbh0O
us:sd:3614850,Horseheads Central School District,NY,youtube,https://www.youtube.com/watch?v=1R-7yYljwqo&list=PLouF1DAtOVVb8gmSeSEXqzxjsFFtiCSHi,playlist,yes,districts_combined,https://www.youtube.com/watch?v=Dsvs3r56duM https://www.youtube.com/watch?v=1R-7yYljwqo&list=PLouF1DAtOVVb8gmSeSEXqzxjsFFtiCSHi https://www.youtube.com/watch?v=YwUpItScINk&list=PLouF1DAtOVVb8gmSeSEXqzxjsFFtiCSHi https://www.youtube.com/watch?v=LGgbfPlW6Ow https://www.youtube.com/watch?v=DkftBhSZEzQ https://www.youtube.com/watch?v=asDLO8TPau0 https://www.youtube.com/watch?v=qu3VmEjtj9E https://www.youtube.com/watch?v=sq5kpvPSgBo https://www.youtube.com/watch?v=n1Os7NIqIaA https://www.youtube.com/watch?v=LxkZQkiaglQ https://www.youtube.com/watch?v=fT7HMi9_ICQ https://www.youtube.com/watch?v=rrDJuVd74SI https://www.youtube.com/watch?v=Whw7tLJoeD8 https://www.youtube.com/watch?v=RgYPyI48XR4 https://www.youtube.com/watch?v=_jNkbm_OjiE https://youtu.be/LEYOPpcNXc8?si=T_EeTLQtiaHGRmCb https://www.youtube.com/watch?v=R27Ha5u1KeY https://youtu.be/vS2Krj8gca0 https://youtu.be/_z_oxasW-Kw https://www.youtube.com/watch?v=hFmwfCcDiDo https://www.youtube.com/watch?v=HtdGug_C2GM https://www.youtube.com/watch?v=3yeeBcbbe2k https://www.youtube.com/watch?v=lVurr03rw-g https://www.youtube.com/watch?v=1bNOcRmck5U https://www.youtube.com/watch?v=V6mJn6vRSvU https://youtu.be/HaZT_UCdJyk https://youtu.be/vFDe9xlKTmQ https://youtu.be/yAwIy2PrF9M https://www.youtube.com/watch?v=zeahpMqaULQ https://youtu.be/RWsUYsjRsus https://www.youtube.com/watch?v=VMVhnxwuX8g https://www.youtube.com/watch?v=dJoYZTXB2s8&list=PLouF1DAtOVVb8gmSeSEXqzxjsFFtiCSHi https://www.youtube.com/watch?v=BF4EmT9zgOc https://www.youtube.com/watch?v=e3jJ-iP3eT0&list=PLouF1DAtOVVb8gmSeSEXqzxjsFFtiCSHi&index=2 https://www.youtube.com/watch?v=bEF63Q8f9qQ&list=PLouF1DAtOVVb8gmSeSEXqzxjsFFtiCSHi&index=1
us:sd:5100870,Clarke County Public Schools,VA,youtube,https://www.youtube.com/@ClarkeCountyPublicSchoolsVA/streams,channel,yes,districts_combined,https://www.youtube.com/c/ClarkeCountyPublicSchoolsVA https://www.youtube.com/@ClarkeCountyPublicSchoolsVA/streams https://www.youtube.com/channel/UCD7TmZ0TwZSt3Rry-j44RNA
us:sd:5100870,Clarke County Public Schools,VA,youtube,https://www.youtube.com/channel/UCD7TmZ0TwZSt3Rry-j44RNA,channel,yes,districts_combined,https://www.youtube.com/c/ClarkeCountyPublicSchoolsVA https://www.youtube.com/@ClarkeCountyPublicSchoolsVA/streams https://www.youtube.com/channel/UCD7TmZ0TwZSt3Rry-j44RNA
us:sd:3620490,New Rochelle City School District,NY,youtube,http://www.youtube.com/@CSDNRYouTube,channel,yes,districts_combined,https://www.youtube.com/channel/UCFKhCVGJKB1r1wGMzZsfAKg http://www.youtube.com/@CSDNRYouTube
us:sd:3618330,Fayetteville-Manlius Central School District,NY,youtube,https://www.youtube.com/c/FayettevilleManliusSchoolDistrict%20,channel,no,districts_combined,https://youtube.com/playlist?list=PLDcuWUaU3QomZujdZc_TW6kr3K3Z1iIrl&si=bW3gTCK_dMS0oQX8 https://www.youtube.com/fayettevillemanliusschooldistrict https://www.youtube.com/c/FayettevilleManliusSchoolDistrict%20
us:sd:5515750,Watertown School District,WI,youtube,https://www.youtube.com/channel/UC___aLfM2T-lpEkwqZL7FYA/videos,channel,yes,districts_combined,https://www.youtube.com/watch?v=0ILgUnu6ars https://www.youtube.com/channel/UCCvWgwTbL3Cy4r36XFvHUnw https://www.youtube.com/channel/UC___aLfM2T-lpEkwqZL7FYA/videos https://youtube.com/live/_-a1HzqtpUA?feature=share
us:sd:1920910,North Polk Community School District,IA,youtube,https://www.youtube.com/channel/UCjZj9_mn8LnouV7m3tc-jXw,channel,no,districts_combined,https://www.northpolk.org/our-district/npsd-news/new-page/~board/news-announcements/post/north-polk-communications-earns-top-honors-at-ispra-statewide-awards https://www.youtube.com/channel/UCjZj9_mn8LnouV7m3tc-jXw https://www.youtube.com/channel/UCbo-fVdZvpNnW1K-5BM7HtQ https://www.youtube.com/@npbroadcast1918/streams https://www.youtube.com/@NPMusicChannel1 https://www.youtube.com/@comettvchannel1407 https://www.youtube.com/@comettvchannel2163 https://www.youtube.com/@comettvchannel3873
us:sd:0901920,Hartford School District,CT,youtube,https://www.youtube.com/@wishmuseumschool/videos,channel,yes,districts_combined,https://www.youtube.com/channel/UCcMd6hYrQYx1PWZdI2gqClQ/featured https://www.youtube.com/live/02dpvVHx5b8 https://www.youtube.com/live/lUXbZ0Q- https://www.youtube.com/live/Tqbaplr3W1o https://www.youtube.com/live/cEVMkx8quEI https://www.youtube.com/live/XqMM2yjoImQ https://www.youtube.com/live/IkO1WoQHFRo https://www.youtube.com/live/wJNLAEDuTnw https://www.youtube.com/live/euc2x6LWjdA https://www.youtube.com/live/WYbe1FTm7AY https://www.youtube.com/live/oDOWK1LWcGc https://www.youtube.com/live/XKukRuifQPc https://www.youtube.com/live/2M45Hjf4R0M https://www.youtube.com/live/qbxxQ6HPyrU https://www.youtube.com/live/UU0SE0clzm8 https://www.youtube.com/live/7FT4YYFQwwU https://www.youtube.com/live/dbTGwip7oyw https://www.youtube.com/live/W62aGLbU15A https://www.youtube.com/live/jQdxXGH1spQ https://www.youtube.com/live/j9GtiUwA3Ig https://www.youtube.com/live/WeMGCqrDcfU https://www.youtube.com/live/RZnlMUPWziM https://www.youtube.com/live/EJ4U24wmi3M https://www.youtube.com/live/NUBk336yUL4 https://www.youtube.com/live/Y0TVs9gDDuM https://www.youtube.com/live/7RBqT1wCfYg https://www.youtube.com/watch?v=H8JjdrQOVT0 https://www.youtube.com/live/MeeBsjBteSE https://www.youtube.com/live/qfKHJ5NlzHE https://www.youtube.com/live/XgUvFbX0C-Y https://www.youtube.com/@wishmuseumschool/videos
us:sd:2006450,Garnett Unified School District 365,KS,youtube,https://www.youtube.com/embed/7pljVvqxt3A,single_video,yes,districts_combined,https://www.youtube.com/embed/7pljVvqxt3A https://www.youtube.com/embed/ouXhi_CfBVg https://www.youtube.com/embed/3BByqa7bhto
us:sd:5101050,Culpeper County Public Schools,VA,youtube,https://www.youtube.com/@CulpeperCountyPublicSchools,channel,yes,districts_combined,https://www.youtube.com/@CulpeperCountyPublicSchools
us:sd:5505640,Granton Area School District,WI,youtube,https://www.youtube.com/embed/ZsO4TcCU7T0,single_video,yes,districts_combined,https://www.youtube.com/embed/ZsO4TcCU7T0 https://www.youtube.com/embed/FUl0nZpapfc https://www.youtube.com/embed/ksP0qYduHds https://www.youtube.com/embed/rVBY9N3hYVo
us:sd:4830690,Milano Independent School District,TX,youtube,https://www.youtube.com/@Milano_ISD,channel,no,districts_combined,https://www.youtube.com/@Milano_ISD
us:sd:4624030,Faulkton School District 24-4,SD,youtube,https://www.youtube.com/@hurontigerslive7659,channel,yes,districts_combined,https://www.youtube.com/@hurontigerslive7659 https://www.youtube.com/@ipswichvalleylivesports/streams https://www.youtube.com/@leolavalleylivesports/streams https://www.youtube.com/@eurekavalleylivesports/streams https://www.youtube.com/@northwesternjournalism https://www.youtube.com/@SunshineBibleAcademy/streams https://www.youtube.com/@country95.3sports4/streams https://www.youtube.com/@warnerschooldistrict06-55/streams
us:sd:4624030,Faulkton School District 24-4,SD,youtube,https://www.youtube.com/@ipswichvalleylivesports/streams,channel,yes,districts_combined,https://www.youtube.com/@hurontigerslive7659 https://www.youtube.com/@ipswichvalleylivesports/streams https://www.youtube.com/@leolavalleylivesports/streams https://www.youtube.com/@eurekavalleylivesports/streams https://www.youtube.com/@northwesternjournalism https://www.youtube.com/@SunshineBibleAcademy/streams https://www.youtube.com/@country95.3sports4/streams https://www.youtube.com/@warnerschooldistrict06-55/streams
us:sd:4624030,Faulkton School District 24-4,SD,youtube,https://www.youtube.com/@leolavalleylivesports/streams,channel,yes,districts_combined,https://www.youtube.com/@hurontigerslive7659 https://www.youtube.com/@ipswichvalleylivesports/streams https://www.youtube.com/@leolavalleylivesports/streams https://www.youtube.com/@eurekavalleylivesports/streams https://www.youtube.com/@northwesternjournalism https://www.youtube.com/@SunshineBibleAcademy/streams https://www.youtube.com/@country95.3sports4/streams https://www.youtube.com/@warnerschooldistrict06-55/streams
us:sd:4624030,Faulkton School District 24-4,SD,youtube,https://www.youtube.com/@eurekavalleylivesports/streams,channel,yes,districts_combined,https://www.youtube.com/@hurontigerslive7659 https://www.youtube.com/@ipswichvalleylivesports/streams https://www.youtube.com/@leolavalleylivesports/streams https://www.youtube.com/@eurekavalleylivesports/streams https://www.youtube.com/@northwesternjournalism https://www.youtube.com/@SunshineBibleAcademy/streams https://www.youtube.com/@country95.3sports4/streams https://www.youtube.com/@warnerschooldistrict06-55/streams
us:sd:4624030,Faulkton School District 24-4,SD,youtube,https://www.youtube.com/@northwesternjournalism,channel,yes,districts_combined,https://www.youtube.com/@hurontigerslive7659 https://www.youtube.com/@ipswichvalleylivesports/streams https://www.youtube.com/@leolavalleylivesports/streams https://www.youtube.com/@eurekavalleylivesports/streams https://www.youtube.com/@northwesternjournalism https://www.youtube.com/@SunshineBibleAcademy/streams https://www.youtube.com/@country95.3sports4/streams https://www.youtube.com/@warnerschooldistrict06-55/streams
us:sd:4624030,Faulkton School District 24-4,SD,youtube,https://www.youtube.com/@SunshineBibleAcademy/streams,channel,yes,districts_combined,https://www.youtube.com/@hurontigerslive7659 https://www.youtube.com/@ipswichvalleylivesports/streams https://www.youtube.com/@leolavalleylivesports/streams https://www.youtube.com/@eurekavalleylivesports/streams https://www.youtube.com/@northwesternjournalism https://www.youtube.com/@SunshineBibleAcademy/streams https://www.youtube.com/@country95.3sports4/streams https://www.youtube.com/@warnerschooldistrict06-55/streams
us:sd:4624030,Faulkton School District 24-4,SD,youtube,https://www.youtube.com/@country95.3sports4/streams,channel,yes,districts_combined,https://www.youtube.com/@hurontigerslive7659 https://www.youtube.com/@ipswichvalleylivesports/streams https://www.youtube.com/@leolavalleylivesports/streams https://www.youtube.com/@eurekavalleylivesports/streams https://www.youtube.com/@northwesternjournalism https://www.youtube.com/@SunshineBibleAcademy/streams https://www.youtube.com/@country95.3sports4/streams https://www.youtube.com/@warnerschooldistrict06-55/streams
us:sd:4624030,Faulkton School District 24-4,SD,youtube,https://www.youtube.com/@warnerschooldistrict06-55/streams,channel,yes,districts_combined,https://www.youtube.com/@hurontigerslive7659 https://www.youtube.com/@ipswichvalleylivesports/streams https://www.youtube.com/@leolavalleylivesports/streams https://www.youtube.com/@eurekavalleylivesports/streams https://www.youtube.com/@northwesternjournalism https://www.youtube.com/@SunshineBibleAcademy/streams https://www.youtube.com/@country95.3sports4/streams https://www.youtube.com/@warnerschooldistrict06-55/streams
us:sd:3619740,Monticello Central School District,NY,youtube,https://www.youtube.com/embed/1ttrdVCqJtw?version=3&rel=1&showsearch=0&showinfo=1&iv_load_policy=1&fs=1&hl=en-US&autohide=2&wmode=transparent,single_video,no,districts_combined,https://www.youtube.com/embed/1ttrdVCqJtw?version=3&rel=1&showsearch=0&showinfo=1&iv_load_policy=1&fs=1&hl=en-US&autohide=2&wmode=transparent https://www.youtube.com/embed/RSJEvn7Q42o?version=3&rel=1&showsearch=0&showinfo=1&iv_load_policy=1&fs=1&hl=en-US&autohide=2&wmode=transparent
us:sd:4819380,Flour Bluff Independent School District,TX,youtube,https://www.youtube.com/playlist?list=PLcXfy0mLrOyMSI8Hr0uEzpynhC2_c4n6_,playlist,yes,districts_combined,https://www.youtube.com/watch?v=yl06C97xHOY https://www.youtube.com/playlist?list=PLcXfy0mLrOyMSI8Hr0uEzpynhC2_c4n6_
us:sd:4614100,Colman-Egan School District 50-5,SD,youtube,https://youtu.be/8DG21mbfe3c,single_video,no,districts_combined,https://youtu.be/8DG21mbfe3c https://youtu.be/OEZv2TkAyas https://youtu.be/RL6G1JpTL9Y https://youtu.be/KreSDCr9KpI https://youtu.be/WyXm5BMXaI0 https://youtu.be/HlewwrqpaOQ?si=hQawFxL0xoWtiGwu https://youtu.be/XvTE7nPZUS0?si=PFB2XNh2kS9VECpa https://youtu.be/j8aSrGkOv8s?si=om-wUeXzgEtzV_lp https://youtu.be/JSJBjaW1A-4?si=mNDvL3S5IaaxB07f https://youtu.be/2p7lSqSmuPc?si=yAjWbNX6MCaO1EQn https://youtu.be/CUdvun29agY?si=DXizvm_WrT3w-ndB https://youtu.be/p74EEc12kV4?si=_aOpRKvCKcWK_7IN https://youtu.be/3fXUgK9ZpbM?si=MNloRrWk77xgtmRl https://youtu.be/VNZniItX8sA?si=Hrwx6g_PYb8uA9zk https://youtu.be/RlflnKc99Ys?si=3NgCnqwKm7DEVgUT https://youtu.be/0DGdkJwsAl4?si=cqZ8VoY-0G9wJ-aI https://youtu.be/7I_GaVKRtbU?si=EnPYfvlUuauFXYpz
us:sd:4678570,White River School District 47-1,SD,youtube,https://www.youtube.com/@sullybuttesMS_HS,channel,no,districts_combined,https://www.youtube.com/@sullybuttesMS_HS https://www.youtube.com/live/ibGoCXRz-2U?is=BSD_9W8W3t4kXrfy https://www.youtube.com/live/i4XW8buU37I?si=-fnC1tYfkJk9cgsw https://youtube.com/@gettysburgbattlers9559?si=lv5fHFrNJiDP_ND7
us:sd:2003200,Auburn-Washburn Unified School District 437,KS,youtube,https://www.youtube.com/@wrhs,channel,yes,districts_combined,https://www.youtube.com/@usd437 https://www.youtube.com/watch?v=U-ZpWtAff4k https://www.youtube.com/watch?v=tkT0XKRUEFs https://www.youtube.com/watch?v=yLyLFf7fe5I https://www.youtube.com/watch?v=njtj0rGfqNE https://www.youtube.com/watch?v=nUwYMzsL2VQ https://www.youtube.com/watch?v=JEUC_HlPHIA https://www.youtube.com/@wrhs https://www.youtube.com/watch?v=kfWR7KOh7SQ https://www.youtube.com/watch?v=nfnge2x2j9Q https://www.youtube.com/watch?v=8V0xFWxvU74 https://www.youtube.com/watch?v=Nn4oke1C7VE https://www.youtube.com/watch?v=83m2btdpO8A
us:sd:5303960,Kent School District,WA,youtube,https://www.youtube.com/user/KentSchoolDistrictIT,channel,yes,districts_combined,https://www.youtube.com/user/KentSchoolDistrictIT https://www.youtube.com/live/lW-_tZGuDQs?si=JNoPPJsvQ1PnmvcT
us:sd:4017220,Laverne Public Schools,OK,youtube,https://www.youtube.com/channel/UC0ng6bZCqrvObwoZgunhG9g,channel,yes,districts_combined,https://www.youtube.com/channel/UC0ng6bZCqrvObwoZgunhG9g
us:sd:2007500,West Elk Unified School District 282,KS,youtube,https://www.youtube.com/watch?v=-rScWmZbi7k,single_video,no,districts_combined,https://www.youtube.com/watch?v=-rScWmZbi7k
us:sd:5502580,Clayton School District,WI,youtube,https://www.youtube.com/@GlenwoodCitySchoolDistrict/streams,channel,no,districts_combined,https://www.youtube.com/@GlenwoodCitySchoolDistrict/streams https://www.youtube.com/@wearegrantsburgYT/streams
us:sd:1201080,Lee County School District,FL,youtube,https://www.youtube.com/user/LeeSchoolsTV/,channel,yes,districts_combined,https://www.youtube.com/user/LeeSchoolsTV/ https://www.youtube.com/playlist?list=PLmpT_L6sww7YDvK-xX-Sr_4JGHW0aLm-y
us:sd:4900390,Iron School District,UT,youtube,https://www.youtube.com/channel/UCuFEXS0X0qXlljhr3JBgvIQ/,channel,yes,districts_combined,https://www.youtube.com/channel/UCSydTBpJWn38IQFBvPq8TOw https://youtu.be/SWtILpbQNdc?si=P4g3EXBIddiqr1ZA https://www.youtube.com/channel/UCuFEXS0X0qXlljhr3JBgvIQ/ https://youtu.be/cl9cbcBZ_Uo?si=6bSQQdX0bAOsyAcF https://www.youtube.com/live/u0twiH5onUM?si=52BSizkCeaC0r8nf
us:sd:5506810,Independence School District,WI,youtube,https://www.youtube.com/@indeegil/streams,channel,no,districts_combined,https://www.youtube.com/@indeegil/streams
us:sd:4218630,Penn Manor School District,PA,youtube,https://www.youtube.com/user/pennmanorschools,channel,no,districts_combined,https://www.youtube.com/embed/UbhWHcoC_bU?feature=oembed https://www.youtube.com/user/pennmanorschools https://www.youtube.com/PennManorSchoolDistrict
us:sd:3004860,Powder River County High School District,MT,youtube,https://www.youtube.com/watch?v=9ORJpR718v0,single_video,no,districts_combined,https://www.youtube.com/watch?v=9ORJpR718v0 https://www.youtube.com/watch?v=2Mt-cUzxrqs https://www.youtube.com/watch?v=GfeB1a92Muk https://www.youtube.com/watch?v=DHMDVjoN2Vg https://www.youtube.com/watch?v=RcmR13KJLsQ https://www.youtube.com/watch?v=T_TxO_eI9fY https://www.youtube.com/watch?v=67D9Yz6h9vE https://www.youtube.com/watch?v=TVY77hMtp8Q https://www.youtube.com/watch?v=FzzJCvQ-GCs https://www.youtube.com/watch?v=0BrbE11uwFE https://www.youtube.com/watch?v=K_Eai8XQ07A https://www.youtube.com/watch?v=Mr_nBpqUPmw https://www.youtube.com/watch?v=1b4VOkRBen4 https://www.youtube.com/watch?v=9BAOoIsvGEo https://youtu.be/3cucRCAY5uk https://youtu.be/S-uBb1yIM6w https://youtu.be/GapPDpxKL3E https://youtu.be/e3yvdHKcNvY
us:sd:0500044,Magnolia School District,AR,youtube,https://youtube.com/@scrapmedia2023?si=V6aadUaGYXJ5rGYln,channel,yes,districts_combined,https://www.youtube.com/@PanthersTV/featured https://youtube.com/@scrapmedia2023?si=V6aadUaGYXJ5rGYln https://youtu.be/NY_qpHSORzA
us:sd:3812030,Mapleton Public School District 7,ND,youtube,https://www.youtube.com/channel/UCA5NRa8vldiQ23XLtVukAXA,channel,no,districts_combined,https://www.youtube.com/channel/UCA5NRa8vldiQ23XLtVukAXA
us:sd:0609070,Coachella Valley Unified School District,CA,youtube,https://www.youtube.com/@CoachellaValleyUSD,channel,yes,districts_combined,https://www.youtube.com/@CoachellaValleyUSD https://www.youtube.com/embed/8ZGFtCaw-hY https://www.youtube.com/embed/IhEKdk3FXbk https://www.youtube.com/embed/B4piD--MRKw https://www.youtube.com/embed/eleKvhxbjo8 https://www.youtube.com/embed/LKqFSjQofeA https://www.youtube.com/embed/MMKI0fIJTZY https://www.youtube.com/embed/40dI_8Fjc3U https://www.youtube.com/embed/av4ZBn4MG40 https://www.youtube.com/embed/I_OVXz0Lg4c https://www.youtube.com/embed/eQSwgRFMzpA https://www.youtube.com/embed/HkUA_6RfzoU https://www.youtube.com/embed/HG8aehewhLc https://www.youtube.com/embed/8iXhKLacbb8 https://www.youtube.com/embed/90jjwNFItZc https://www.youtube.com/embed/GnThXd9IgSA https://www.youtube.com/embed/EpfWCDkTetg https://www.youtube.com/embed/eaY-cAc2DTY https://www.youtube.com/embed/IKhdLOUmsFE https://www.youtube.com/embed/pupTZzUr6yI https://www.youtube.com/embed/6iRxCtrmY6g https://www.youtube.com/embed/En5QB6cg1gA https://www.youtube.com/embed/ZguSS48EITk https://www.youtube.com/embed/tEuW-5DCF2s https://www.youtube.com/embed/l97tIWLP1f0 https://www.youtube.com/embed/yv7Ye9E1Dt4 https://www.youtube.com/embed/6_V4b8LeVuU https://www.youtube.com/embed/BU-k-w12mgo https://www.youtube.com/embed/2UP1V1pNJdM https://www.youtube.com/embed/5DSLkG1-m9I https://www.youtube.com/embed/4NDp7Zn_l5k https://www.youtube.com/embed/cpKTHWzfPac https://www.youtube.com/embed/94cERxq7JC8 https://www.youtube.com/embed/t5i37bE7Emk https://www.youtube.com/embed/6CXOsrcYcaY https://www.youtube.com/embed/ybFdDJiNvXM https://www.youtube.com/embed/z6So6g8pEMo https://www.youtube.com/embed/qbYFdD_bSV0 https://www.youtube.com/embed/c2maxlbiolU https://www.youtube.com/embed/jaTP5Uam7l4 https://www.youtube.com/embed/nHhoFFvguzo https://www.youtube.com/embed/h_7t1ahDd2Y https://www.youtube.com/embed/gZKr2sGR-kU https://www.youtube.com/embed/bm1gfJYiGck https://www.youtube.com/embed/WeslsZm5Iwc https://www.youtube.com/embed/lonkEG_2bRM https://www.youtube.com/embed/TSmwBgt7RlQ https://www.youtube.com/embed/_j7Bt8Fc_sI https://www.youtube.com/embed/F853GHj1zXA https://www.youtube.com/embed/fyNKP19FOIQ https://www.youtube.com/embed/EK8TnAoek8E https://www.youtube.com/embed/5hdAZAIL3rU https://www.youtube.com/embed/Nwhz31yXb68 https://www.youtube.com/embed/lb8VJSEbTCY https://www.youtube.com/embed/yfWUAbC0Cp8 https://www.youtube.com/embed/qOM71LMnR4I https://www.youtube.com/embed/SHPOwNV0ej0 https://www.youtube.com/embed/miVESwfQc0I https://www.youtube.com/embed/9a32r4LqZnk https://www.youtube.com/embed/1QamB59RA6o https://www.youtube.com/embed/Djo35fBx3VM https://www.youtube.com/embed/2mdS30amSy0 https://www.youtube.com/embed/dvbsYqKnsfA https://www.youtube.com/embed/XAMASKtwtgs https://www.youtube.com/embed/axE24eT2q2s https://www.youtube.com/embed/ua0VsI_-W-w https://www.youtube.com/embed/MVraJljSZOU https://www.youtube.com/embed/EIUCvcSnNeQ https://www.youtube.com/embed/KV-Cf2Ac-Vo https://www.youtube.com/embed/3Re7Hp3ufIQ https://www.youtube.com/embed/nNVpT7NwzbA https://www.youtube.com/embed/rZ8az43Ru7Q https://www.youtube.com/embed/BIaC4fbq_4A https://www.youtube.com/embed/gsCUvGI34zk https://www.youtube.com/embed/gZfHTtF9xks https://www.youtube.com/embed/KRVHrN1ryn0 https://www.youtube.com/embed/FyAjHtyq9Oc https://www.youtube.com/embed/98C2XPr4yqw https://www.youtube.com/embed/CyVhd3gRqgQ https://www.youtube.com/embed/SIcvTgP_EwY https://www.youtube.com/embed/ONoc5ke3GcI https://www.youtube.com/embed/C4gL0UMT-vs https://www.youtube.com/embed/eqvsxU99VKY https://www.youtube.com/embed/PejBGrb7Fb8 https://www.youtube.com/embed/Hlv42T88O6A https://www.youtube.com/embed/4pwtFTvkooo https://www.youtube.com/embed/Q0LqxjZIT2U https://www.youtube.com/embed/dzVOrAVYCdU https://www.youtube.com/embed/9nRaIF17ZZ8 https://www.youtube.com/embed/gs4LGFxLJqc https://www.youtube.com/embed/Lc7zaUz_I5M https://www.youtube.com/embed/DuOdH40hZ-g https://www.youtube.com/embed/vB2JcW9na24 https://www.youtube.com/embed/0rWYmwHUlSU https://www.youtube.com/embed/aYSJFFaumeE https://www.youtube.com/embed/AZh4xu4guqs https://www.youtube.com/embed/xHZgGrCaXKc https://www.youtube.com/embed/eB-AwTYQjlM https://www.youtube.com/embed/edx7Qt0-z-8 https://www.youtube-nocookie.com/embed/ewRb3_yxTSs https://www.youtube-nocookie.com/embed/D_Ab870QSe0
us:sd:1722920,Limestone Walters Community Consolidated School District 316,IL,youtube,https://youtube.com/live/66MM_p67PhY?feature=share,single_video,no,districts_combined,https://youtube.com/live/66MM_p67PhY?feature=share https://youtube.com/live/u_htrAcFsdM?feature=share https://youtube.com/live/xYnhVIRDHaA?feature=sharee https://youtube.com/live/Bp9Rn31Brlw?feature=share https://youtube.com/live/8PTEf4FPvs0?feature=share https://youtube.com/live/o0nZVkFip_0?feature=share https://youtube.com/live/cCFWKL1qMHg?feature=share https://youtube.com/live/neW3aRyU-Ew?feature=share https://youtube.com/live/aFPLgzy3q7A?feature=share https://youtube.com/live/mdHdO2bGjy0?feature=share https://youtube.com/live/eU75ZVlhsp8?feature=share https://youtube.com/live/LoW54t4GYFI?feature=share https://youtube.com/live/sW46UWRwbOE?feature=share https://youtube.com/live/B6hdINhZVLE?feature=share https://youtube.com/live/Avl9bJS_YqI?feature=share https://youtube.com/live/Ymt1aKMUL2I?feature=share https://youtube.com/live/fI1afYSxpiQ?feature=share https://youtube.com/live/IOHqs7iMrpU?feature=share https://youtube.com/live/TVc6CEoFJV4?feature=share https://youtube.com/live/cMgG7eGg9xY?feature=share https://youtube.com/live/MdO-2SvE9K0?feature=share https://youtube.com/live/P5Rjp8LBZoY?feature=share https://youtube.com/live/RRA4oZLZlcQ?feature=share https://youtube.com/live/GS9gBYSVbq0?feature=share https://youtube.com/live/bI9_5w8mdWM?feature=share https://youtube.com/live/Ybd_dmuHGOY?feature=share https://youtube.com/live/rnIDhA635Y8?feature=share https://youtube.com/live/hCsElMyk3Q8?feature=share https://youtube.com/live/d-ugzQixGzU?feature=share https://youtube.com/live/RGc_Wl5HAv8?feature=share https://youtube.com/live/NlWqWy-V4C0?feature=share
us:sd:5506030,Hamilton School District,WI,youtube,https://www.youtube.com/channel/UCyBissEo3q0Tb2RlSrPKBUw/,channel,no,districts_combined,https://youtu.be/rokbmhCNqxk https://www.youtube.com/channel/UCyBissEo3q0Tb2RlSrPKBUw/ https://www.youtube.com/embed/J-U_IKLgVQ0?enablejsapi=1&autoplay=0&cc_load_policy=0&cc_lang_pref=&iv_load_policy=1&loop=0&rel=0&fs=1&playsinline=0&autohide=2&theme=dark&color=red&controls=1&disablekb=0& https://youtube.com/playlist?list=PLwyRfJLXFRUNPR_V_dghlI1lB9ZqE6eDH&si=UGZ3Hcx-gt9vthMM https://www.youtube.com/channel/UClGFyu9k3YT0op_KF45IHsA?fbclid=IwAR2XlWW5Vewe-jm8g3hWngrx-hCi5PNaWXhjQpxCAu2V1fIsyqJTrNm2gZw
us:sd:5515150,Union Grove Union High School District,WI,youtube,https://youtu.be/e3owgGid_Ao,single_video,no,districts_combined,https://youtu.be/e3owgGid_Ao
us:sd:2804350,Union County School District,MS,youtube,https://www.youtube.com/channel/UC4C4S8leNBxYhfQDkUlmYUQ,channel,no,districts_combined,https://www.youtube.com/channel/UC4C4S8leNBxYhfQDkUlmYUQ
us:sd:1742210,Wheeling Community Consolidated School District 21,IL,youtube,https://www.youtube.com/channel/UCG2tzcG__KJ8uC-hVK_q7ug,channel,yes,districts_combined,https://www.youtube.com/channel/UCG2tzcG__KJ8uC-hVK_q7ug https://www.youtube.com/live/Za1NHAnPjdE?si=W-d0I1rRbCX3KMGp&t=445 https://www.youtube.com/live/8l_xfbHKpLw?si=PdkGBA6kQLa3ztc0&t=202 https://www.youtube.com/live/4kXgHoPZeW8?si=PHCCSy9KoYukCaTH&t=354 https://www.youtube.com/live/sulG2mpe6x0?si=aFO7ktNZPsKbjtpx&t=186 https://www.youtube.com/live/aa_45f13xWI?si=1W3Yg3mpGZjzZ0M9&t=309 https://www.youtube.com/live/H9RAM3nT-KE?si=T-Z8HZj1yuMrCPzn&t=436 https://www.youtube.com/live/E3uxB39llvg?si=QOwL2d9Uszg5zPEz&t=321 https://www.youtube.com/live/jxDatUGIDIE?si=KQaQyirFu7Dac9EY&t=422 https://www.youtube.com/live/QV-ep9WPiLQ?si=hdvEpSlI9ygjolk6&t=581 https://www.youtube.com/live/9jcKc8Do7xk?si=eFhzILrXQ3yIa4w2&t=434 https://www.youtube.com/live/1Pp2vOgfojQ?si=7Z_sl7smXgknfwO4&t=385 https://www.youtube.com/live/xxxqP3bAp4A?si=m5y6kDrnE0Bdbgxq&t=340 https://www.youtube.com/live/XNvhNiYOP7k?feature=shared https://www.youtube.com/live/bI-Hwa4fXe4?feature=shared&t=470 https://www.youtube.com/live/5BsN6eCiUv4?feature=shared&t=242 https://www.youtube.com/live/_xhb-fZQu8I?feature=shared&t=563 https://www.youtube.com/live/aBBv053HhZI?feature=shared https://www.youtube.com/live/Ntnw2TFMPuA?feature=shared&t=495 https://www.youtube.com/live/eLiGYDURWoo?feature=shared&t=2570 https://www.youtube.com/live/AbkUiLZ1zAM?feature=shared&t=736 https://youtu.be/Ibi5O5KKoo0?feature=shared https://www.youtube.com/live/fF0T2jqnPDU?feature=shared&t=1055 https://www.youtube.com/live/3DkgICRb530?si=8nGW6Ib9bnLsaUdj&t=22 https://www.youtube.com/live/HcthIuQm-Rc?feature=shared&t=540 https://www.youtube.com/live/OvFANVayzug?feature=shared https://www.youtube.com/live/zDutp5wfdaQ?feature=shared https://www.youtube.com/live/gF8a2qVKSwA?feature=shared https://www.youtube.com/live/5kF1iuIRfCo?feature=shared https://www.youtube.com/live/t-ReQIWF-W4?feature=shared https://www.youtube.com/live/Oq5SbABuXnY?feature=shared https://www.youtube.com/live/IOC_zOcBEYo?feature=shared https://www.youtube.com/live/858Hig5Ifig?feature=shared https://www.youtube.com/live/9-RUxO4oAOI?feature=shared https://www.youtube.com/live/mnBmsaEdPQk?feature=shared https://www.youtube.com/live/riAmYxTNifI?feature=shared https://www.youtube.com/live/2wVJ5Aim3QA?feature=shared https://youtu.be/-7WDVR9MLtI https://youtu.be/JMoqfWZjQgw https://youtu.be/ytEHgZi-Ml8 https://youtu.be/W5nQT-yg384 https://youtu.be/1V5S3Qhe0Yc https://youtu.be/FJQy8kv7Z7s https://youtu.be/--FZ-sB0Xwk https://www.youtube.com/live/HUr4Ia0isu0?feature=share https://www.youtube.com/live/Fg9WkvwGcLs?feature=share https://www.youtube.com/live/7Q9-aeZU4Ac?feature=share https://www.youtube.com/live/_pfDacnu6oU?feature=share https://www.youtube.com/live/CAQqQmYxbvo?feature=share https://www.youtube.com/watch?v=yOVHOm9mQ8E https://www.youtube.com/watch?v=MiOJH56ataU https://youtu.be/KT5pY8TieXc https://youtu.be/uEh5C_TXa3w https://youtu.be/xEaywahywyk https://youtu.be/sR_kJPUmqXo https://youtu.be/DNwurFy0PzA https://youtu.be/Z8L2veqVK6c https://youtu.be/WVFJhJNTRM8 https://youtu.be/aQ_1iII1Gbk https://youtu.be/7C0-LKUbkv4 https://youtu.be/rjM-8_sYmDU https://www.youtube.com/watch?v=UlXaOUhleF8 https://youtu.be/VGGRN8viJSM https://youtu.be/WwqFzwFtcyM https://youtu.be/S2Fc_XhfWYU https://www.youtube.com/watch?v=aZUQy7K7d5A https://youtu.be/lbAaE9CQMn0 https://youtu.be/obfFQxkid78 https://youtu.be/j9e478WD4Zw https://www.youtube.com/watch?v=qRqdsQp3zY4 https://www.youtube.com/watch?v=2Lq2H0BMBa4 https://www.youtube.com/watch?v=tD-lkz4aa3U&t=3454s https://youtu.be/7KcjvRkXEtI https://www.youtube.com/@ccsd21/streams https://www.youtube.com/embed/Zh_uWrNaVQI https://www.youtube.com/@ccsd21infoserv
us:sd:1742210,Wheeling Community Consolidated School District 21,IL,youtube,https://www.youtube.com/@ccsd21/streams,channel,yes,districts_combined,https://www.youtube.com/channel/UCG2tzcG__KJ8uC-hVK_q7ug https://www.youtube.com/live/Za1NHAnPjdE?si=W-d0I1rRbCX3KMGp&t=445 https://www.youtube.com/live/8l_xfbHKpLw?si=PdkGBA6kQLa3ztc0&t=202 https://www.youtube.com/live/4kXgHoPZeW8?si=PHCCSy9KoYukCaTH&t=354 https://www.youtube.com/live/sulG2mpe6x0?si=aFO7ktNZPsKbjtpx&t=186 https://www.youtube.com/live/aa_45f13xWI?si=1W3Yg3mpGZjzZ0M9&t=309 https://www.youtube.com/live/H9RAM3nT-KE?si=T-Z8HZj1yuMrCPzn&t=436 https://www.youtube.com/live/E3uxB39llvg?si=QOwL2d9Uszg5zPEz&t=321 https://www.youtube.com/live/jxDatUGIDIE?si=KQaQyirFu7Dac9EY&t=422 https://www.youtube.com/live/QV-ep9WPiLQ?si=hdvEpSlI9ygjolk6&t=581 https://www.youtube.com/live/9jcKc8Do7xk?si=eFhzILrXQ3yIa4w2&t=434 https://www.youtube.com/live/1Pp2vOgfojQ?si=7Z_sl7smXgknfwO4&t=385 https://www.youtube.com/live/xxxqP3bAp4A?si=m5y6kDrnE0Bdbgxq&t=340 https://www.youtube.com/live/XNvhNiYOP7k?feature=shared https://www.youtube.com/live/bI-Hwa4fXe4?feature=shared&t=470 https://www.youtube.com/live/5BsN6eCiUv4?feature=shared&t=242 https://www.youtube.com/live/_xhb-fZQu8I?feature=shared&t=563 https://www.youtube.com/live/aBBv053HhZI?feature=shared https://www.youtube.com/live/Ntnw2TFMPuA?feature=shared&t=495 https://www.youtube.com/live/eLiGYDURWoo?feature=shared&t=2570 https://www.youtube.com/live/AbkUiLZ1zAM?feature=shared&t=736 https://youtu.be/Ibi5O5KKoo0?feature=shared https://www.youtube.com/live/fF0T2jqnPDU?feature=shared&t=1055 https://www.youtube.com/live/3DkgICRb530?si=8nGW6Ib9bnLsaUdj&t=22 https://www.youtube.com/live/HcthIuQm-Rc?feature=shared&t=540 https://www.youtube.com/live/OvFANVayzug?feature=shared https://www.youtube.com/live/zDutp5wfdaQ?feature=shared https://www.youtube.com/live/gF8a2qVKSwA?feature=shared https://www.youtube.com/live/5kF1iuIRfCo?feature=shared https://www.youtube.com/live/t-ReQIWF-W4?feature=shared https://www.youtube.com/live/Oq5SbABuXnY?feature=shared https://www.youtube.com/live/IOC_zOcBEYo?feature=shared https://www.youtube.com/live/858Hig5Ifig?feature=shared https://www.youtube.com/live/9-RUxO4oAOI?feature=shared https://www.youtube.com/live/mnBmsaEdPQk?feature=shared https://www.youtube.com/live/riAmYxTNifI?feature=shared https://www.youtube.com/live/2wVJ5Aim3QA?feature=shared https://youtu.be/-7WDVR9MLtI https://youtu.be/JMoqfWZjQgw https://youtu.be/ytEHgZi-Ml8 https://youtu.be/W5nQT-yg384 https://youtu.be/1V5S3Qhe0Yc https://youtu.be/FJQy8kv7Z7s https://youtu.be/--FZ-sB0Xwk https://www.youtube.com/live/HUr4Ia0isu0?feature=share https://www.youtube.com/live/Fg9WkvwGcLs?feature=share https://www.youtube.com/live/7Q9-aeZU4Ac?feature=share https://www.youtube.com/live/_pfDacnu6oU?feature=share https://www.youtube.com/live/CAQqQmYxbvo?feature=share https://www.youtube.com/watch?v=yOVHOm9mQ8E https://www.youtube.com/watch?v=MiOJH56ataU https://youtu.be/KT5pY8TieXc https://youtu.be/uEh5C_TXa3w https://youtu.be/xEaywahywyk https://youtu.be/sR_kJPUmqXo https://youtu.be/DNwurFy0PzA https://youtu.be/Z8L2veqVK6c https://youtu.be/WVFJhJNTRM8 https://youtu.be/aQ_1iII1Gbk https://youtu.be/7C0-LKUbkv4 https://youtu.be/rjM-8_sYmDU https://www.youtube.com/watch?v=UlXaOUhleF8 https://youtu.be/VGGRN8viJSM https://youtu.be/WwqFzwFtcyM https://youtu.be/S2Fc_XhfWYU https://www.youtube.com/watch?v=aZUQy7K7d5A https://youtu.be/lbAaE9CQMn0 https://youtu.be/obfFQxkid78 https://youtu.be/j9e478WD4Zw https://www.youtube.com/watch?v=qRqdsQp3zY4 https://www.youtube.com/watch?v=2Lq2H0BMBa4 https://www.youtube.com/watch?v=tD-lkz4aa3U&t=3454s https://youtu.be/7KcjvRkXEtI https://www.youtube.com/@ccsd21/streams https://www.youtube.com/embed/Zh_uWrNaVQI https://www.youtube.com/@ccsd21infoserv
us:sd:1742210,Wheeling Community Consolidated School District 21,IL,youtube,https://www.youtube.com/@ccsd21infoserv,channel,yes,districts_combined,https://www.youtube.com/channel/UCG2tzcG__KJ8uC-hVK_q7ug https://www.youtube.com/live/Za1NHAnPjdE?si=W-d0I1rRbCX3KMGp&t=445 https://www.youtube.com/live/8l_xfbHKpLw?si=PdkGBA6kQLa3ztc0&t=202 https://www.youtube.com/live/4kXgHoPZeW8?si=PHCCSy9KoYukCaTH&t=354 https://www.youtube.com/live/sulG2mpe6x0?si=aFO7ktNZPsKbjtpx&t=186 https://www.youtube.com/live/aa_45f13xWI?si=1W3Yg3mpGZjzZ0M9&t=309 https://www.youtube.com/live/H9RAM3nT-KE?si=T-Z8HZj1yuMrCPzn&t=436 https://www.youtube.com/live/E3uxB39llvg?si=QOwL2d9Uszg5zPEz&t=321 https://www.youtube.com/live/jxDatUGIDIE?si=KQaQyirFu7Dac9EY&t=422 https://www.youtube.com/live/QV-ep9WPiLQ?si=hdvEpSlI9ygjolk6&t=581 https://www.youtube.com/live/9jcKc8Do7xk?si=eFhzILrXQ3yIa4w2&t=434 https://www.youtube.com/live/1Pp2vOgfojQ?si=7Z_sl7smXgknfwO4&t=385 https://www.youtube.com/live/xxxqP3bAp4A?si=m5y6kDrnE0Bdbgxq&t=340 https://www.youtube.com/live/XNvhNiYOP7k?feature=shared https://www.youtube.com/live/bI-Hwa4fXe4?feature=shared&t=470 https://www.youtube.com/live/5BsN6eCiUv4?feature=shared&t=242 https://www.youtube.com/live/_xhb-fZQu8I?feature=shared&t=563 https://www.youtube.com/live/aBBv053HhZI?feature=shared https://www.youtube.com/live/Ntnw2TFMPuA?feature=shared&t=495 https://www.youtube.com/live/eLiGYDURWoo?feature=shared&t=2570 https://www.youtube.com/live/AbkUiLZ1zAM?feature=shared&t=736 https://youtu.be/Ibi5O5KKoo0?feature=shared https://www.youtube.com/live/fF0T2jqnPDU?feature=shared&t=1055 https://www.youtube.com/live/3DkgICRb530?si=8nGW6Ib9bnLsaUdj&t=22 https://www.youtube.com/live/HcthIuQm-Rc?feature=shared&t=540 https://www.youtube.com/live/OvFANVayzug?feature=shared https://www.youtube.com/live/zDutp5wfdaQ?feature=shared https://www.youtube.com/live/gF8a2qVKSwA?feature=shared https://www.youtube.com/live/5kF1iuIRfCo?feature=shared https://www.youtube.com/live/t-ReQIWF-W4?feature=shared https://www.youtube.com/live/Oq5SbABuXnY?feature=shared https://www.youtube.com/live/IOC_zOcBEYo?feature=shared https://www.youtube.com/live/858Hig5Ifig?feature=shared https://www.youtube.com/live/9-RUxO4oAOI?feature=shared https://www.youtube.com/live/mnBmsaEdPQk?feature=shared https://www.youtube.com/live/riAmYxTNifI?feature=shared https://www.youtube.com/live/2wVJ5Aim3QA?feature=shared https://youtu.be/-7WDVR9MLtI https://youtu.be/JMoqfWZjQgw https://youtu.be/ytEHgZi-Ml8 https://youtu.be/W5nQT-yg384 https://youtu.be/1V5S3Qhe0Yc https://youtu.be/FJQy8kv7Z7s https://youtu.be/--FZ-sB0Xwk https://www.youtube.com/live/HUr4Ia0isu0?feature=share https://www.youtube.com/live/Fg9WkvwGcLs?feature=share https://www.youtube.com/live/7Q9-aeZU4Ac?feature=share https://www.youtube.com/live/_pfDacnu6oU?feature=share https://www.youtube.com/live/CAQqQmYxbvo?feature=share https://www.youtube.com/watch?v=yOVHOm9mQ8E https://www.youtube.com/watch?v=MiOJH56ataU https://youtu.be/KT5pY8TieXc https://youtu.be/uEh5C_TXa3w https://youtu.be/xEaywahywyk https://youtu.be/sR_kJPUmqXo https://youtu.be/DNwurFy0PzA https://youtu.be/Z8L2veqVK6c https://youtu.be/WVFJhJNTRM8 https://youtu.be/aQ_1iII1Gbk https://youtu.be/7C0-LKUbkv4 https://youtu.be/rjM-8_sYmDU https://www.youtube.com/watch?v=UlXaOUhleF8 https://youtu.be/VGGRN8viJSM https://youtu.be/WwqFzwFtcyM https://youtu.be/S2Fc_XhfWYU https://www.youtube.com/watch?v=aZUQy7K7d5A https://youtu.be/lbAaE9CQMn0 https://youtu.be/obfFQxkid78 https://youtu.be/j9e478WD4Zw https://www.youtube.com/watch?v=qRqdsQp3zY4 https://www.youtube.com/watch?v=2Lq2H0BMBa4 https://www.youtube.com/watch?v=tD-lkz4aa3U&t=3454s https://youtu.be/7KcjvRkXEtI https://www.youtube.com/@ccsd21/streams https://www.youtube.com/embed/Zh_uWrNaVQI https://www.youtube.com/@ccsd21infoserv
us:sd:1721680,La Moille Community Unit School District 303,IL,youtube,https://youtu.be/o4JeCTfhvnI,single_video,no,districts_combined,https://youtu.be/o4JeCTfhvnI https://youtu.be/2eH0JbEE-6k https://youtu.be/a9e7XNo4agE
us:sd:3623010,Pine Bush Central School District,NY,youtube,https://www.youtube.com/watch?v=vsScHoW-VvI,single_video,no,districts_combined,https://www.youtube.com/watch?v=vsScHoW-VvI
us:sd:3904395,Euclid City School District,OH,youtube,https://www.youtube.com/@EuclidHSAthletics,channel,yes,districts_combined,https://www.youtube.com/@euclidschoolsinfo8656/featured https://www.youtube.com/@EuclidHSAthletics https://www.youtube.com/channel/UC-IMK6yRI2WRHqgkXr3_CNg
us:sd:3904395,Euclid City School District,OH,youtube,https://www.youtube.com/channel/UC-IMK6yRI2WRHqgkXr3_CNg,channel,yes,districts_combined,https://www.youtube.com/@euclidschoolsinfo8656/featured https://www.youtube.com/@EuclidHSAthletics https://www.youtube.com/channel/UC-IMK6yRI2WRHqgkXr3_CNg
us:sd:3608010,Cold Spring Harbor Central School District,NY,youtube,https://www.youtube.com/@CSHSchools,channel,yes,districts_combined,https://www.youtube.com/@CSHBoardMeetings https://www.youtube.com/cshedfoundation https://www.youtube.com/@CSHSchools https://youtu.be/nQppqJXGdJs?feature=shared https://youtu.be/cUl7zDr93YU?feature=shared
us:sd:3605370,Bridgehampton Union Free School District,NY,youtube,https://www.youtube.com/watch?v=BvecupqIsbE,single_video,no,districts_combined,https://www.youtube.com/watch?v=BvecupqIsbE https://www.youtube.com/watch?v=gpq0oFMFx5k https://youtu.be/0R6A7KfJMqo https://www.youtube.com/watch?v=Xjn2uX2Lg7M https://www.youtube.com/watch?v=Pd16TAZydFA https://www.youtube.com/watch?v=cbaIk7pPcGU&feature=youtu.be https://www.youtube.com/watch?v=xBIRYPFd8Mw?rel=0 https://youtu.be/mNxdnE4WWr0 https://www.youtube.com/watch?v=W4PBeyyKBAI&feature=youtu.be https://www.youtube.com/watch?v=LXNLN-HtPm0&feature=youtu.be https://www.youtube.com/watch?v=s2vYChC1hQU&feature=youtu.be https://www.youtube.com/watch?v=yN83UqGMjfk&feature=youtu.be https://www.youtube.com/watch?v=Ks_9iGVV7v8&feature=youtu.be https://www.youtube.com/watch?v=I-unLIvz4eo&feature=youtu.be https://youtu.be/OygBjRQzwRw https://www.youtube.com/watch?v=3NGB5BKICMc&feature=youtu.be https://www.youtube.com/watch?v=y3P_j45REmo&feature=youtu.be https://www.youtube.com/watch?v=X5KIHa5_pUU https://www.youtube.com/watch?v=VMkuJ1_c3_w https://www.youtube.com/watch?v=mLelhUJF7io https://www.youtube.com/watch?v=2oJLJ3Tn0Ec https://www.youtube.com/watch?v=mbclK2l3-Fo https://youtu.be/jRVTvnJQO5A
us:sd:2804050,South Panola School District,MS,youtube,https://www.youtube.com/watch?v=hgKkB623nr4&feature=youtu.be,single_video,no,districts_combined,https://www.youtube.com/watch?v=hgKkB623nr4&feature=youtu.be
us:sd:3023670,Scobey K-12 Schools,MT,youtube,https://youtu.be/hlzJgw4zS5w,single_video,no,districts_combined,https://youtu.be/hlzJgw4zS5w https://youtu.be/FrZbXwebKMA https://youtu.be/nh_0aqWsGGc https://youtu.be/PMjSwqojib0 https://youtu.be/QsLsk9eayUM https://youtu.be/tmjlJAu4Y1g https://youtu.be/oZoGZ8KmPRk https://youtu.be/lkZE3yBreEE https://youtu.be/ifIp1nTVYuQ https://youtu.be/-K1ayigLBso https://youtu.be/FYHQuzjBby8 https://youtu.be/5uk5vJUY3Vs https://youtu.be/O2QWKyVvVms https://youtu.be/csGhzjUkxW4 https://youtu.be/5Z9EV_1iwgE https://youtu.be/hiiVOLqPIkM https://youtu.be/Zi5VjWnrs-k https://youtu.be/gAPUJuj3IYc https://youtu.be/lFFk9An4BBo https://youtu.be/CPltANJeIhE https://youtu.be/XpkUPmGjN8g https://youtu.be/xOvfsvdnesQ https://youtu.be/FEVJOMdy0gs https://youtu.be/WmcmNgWUQDw https://youtu.be/JZc3PkeLobE
us:sd:4630490,Haakon School District 27-1,SD,youtube,https://www.youtube.com/watch?v=6yJJc4Ls1cY,single_video,no,districts_combined,https://www.youtube.com/watch?v=6yJJc4Ls1cY
us:sd:3405760,Garfield City School District,NJ,youtube,https://www.youtube.com/playlist?list=PLRI-hUtHEoZvIteTm_lKcqQ7hm_aFM8u4,playlist,yes,districts_combined,https://www.youtube.com/playlist?list=PLRI-hUtHEoZvIteTm_lKcqQ7hm_aFM8u4 https://www.youtube.com/playlist?list=PLRI-hUtHEoZtH9Oth79aT5JzV0ZX1YGUP
us:sd:1809180,Porter Township School Corporation,IN,youtube,https://youtube.com/live/EBZxp5kHaI8,single_video,no,districts_combined,https://youtube.com/live/EBZxp5kHaI8 https://www.youtube.com/watch?v=HXlsY-ss380 https://www.youtube.com/watch?v=iuAf-dn3QQw https://youtube.com/live/Z14I93A4rQI
us:sd:4107710,Mapleton School District 32,OR,youtube,https://youtube.com/live/BtMC0V9qi3k?feature=share,single_video,no,districts_combined,https://mapleton.k12.or.us/83303_2 https://youtube.com/live/BtMC0V9qi3k?feature=share https://youtube.com/live/5Okqc7k4ePk?feature=share https://youtube.com/live/Sf-3Z8Z9ONo?feature=share
us:sd:3615300,Indian River Central School District,NY,youtube,https://www.youtube.com/user/IndianRiverCSD,channel,yes,districts_combined,https://www.youtube.com/user/IndianRiverCSD
us:sd:2624960,Napoleon Community Schools,MI,youtube,https://youtu.be/obIUWmcay6s?si=nKIDk1naEL5m_fwc,single_video,no,districts_combined,https://youtu.be/obIUWmcay6s?si=nKIDk1naEL5m_fwc https://youtu.be/B9_DNqIfxzY
us:sd:4611280,Castlewood School District 28-1,SD,youtube,https://www.youtube.com/@CastlewoodWarriorsLive-ku9jg,channel,no,districts_combined,https://www.youtube.com/@CastlewoodWarriorsLive-ku9jg https://www.youtube.com/@CastlewoodActivitiesMedia
us:sd:3502460,Socorro Consolidated Schools,NM,youtube,https://youtube.com/live/vqNAW1bxeCM?feature=share,single_video,yes,districts_combined,https://youtube.com/live/vqNAW1bxeCM?feature=share https://youtube.com/live/BxB6n2bpLcY
us:sd:5102880,Patrick County Public Schools,VA,youtube,https://www.youtube.com/channel/UCJast8xhz84WAiHcZqjgVzQ,channel,yes,districts_combined,https://www.youtube.com/@patrickcountypublicschools3974 https://www.youtube.com/channel/UCJast8xhz84WAiHcZqjgVzQ https://youtu.be/sz1zSbgvjOc https://youtu.be/qNRAASh2zzA https://youtu.be/lymwkJanNEA
us:sd:1806270,Manchester Community Schools,IN,youtube,https://www.youtube.com/channel/UCnl_ZvuNPuiWVrRE4TA9gBw,channel,yes,districts_combined,https://www.youtube.com/channel/UCnl_ZvuNPuiWVrRE4TA9gBw
us:sd:3402850,Cedar Grove Township School District,NJ,youtube,https://www.youtube.com/@CGPantherVision/featured,channel,yes,districts_combined,https://www.youtube.com/@CGPantherVision/featured https://www.youtube.com/watch?v=2RS0VgAMaaI https://youtu.be/v77SwQaGRNQ
us:sd:3604710,Bethlehem Central School District,NY,youtube,https://www.youtube.com/channel/UCxJgi04k959hi_X6TxbMbug,channel,yes,districts_combined,https://www.youtube.com/user/BethlehemSchools/videos https://www.youtube.com/c/BethlehemBOE/featured https://www.youtube.com/channel/UCxJgi04k959hi_X6TxbMbug https://www.youtube.com/channel/UCalAmHjdoRk0cqyJZCY26EQ https://youtu.be/fFqDIa5alic?si=jONAFXuQN-lqxi2z https://youtu.be/kWai9DpIDHM https://youtu.be/XlITJqIqRKI https://www.youtube.com/watch?v=nkHJjQ4JryE
us:sd:3604710,Bethlehem Central School District,NY,youtube,https://www.youtube.com/channel/UCalAmHjdoRk0cqyJZCY26EQ,channel,yes,districts_combined,https://www.youtube.com/user/BethlehemSchools/videos https://www.youtube.com/c/BethlehemBOE/featured https://www.youtube.com/channel/UCxJgi04k959hi_X6TxbMbug https://www.youtube.com/channel/UCalAmHjdoRk0cqyJZCY26EQ https://youtu.be/fFqDIa5alic?si=jONAFXuQN-lqxi2z https://youtu.be/kWai9DpIDHM https://youtu.be/XlITJqIqRKI https://www.youtube.com/watch?v=nkHJjQ4JryE
us:sd:5301630,Colville School District,WA,youtube,https://youtu.be/ddf-E5UctzM,single_video,yes,districts_combined,https://youtu.be/ddf-E5UctzM https://www.youtube.com/live/vLJjP82L93A https://www.youtube.com/watch?v=shI6TXHQY4c&ab_channel=ColvilleHSVideoProduction
us:sd:2006720,Kiowa County Unified School District 422,KS,youtube,http://www.youtube.com/channel/UCrXZ8echGwyVEmJWA0NwVXA,channel,yes,districts_combined,http://www.youtube.com/channel/UCrXZ8echGwyVEmJWA0NwVXA
us:sd:1805700,Lawrenceburg Community School Corporation,IN,youtube,https://youtube.com/live/TPDfKx3Hli0,single_video,no,districts_combined,https://youtube.com/live/TPDfKx3Hli0 https://youtube.com/live/8a9oTlEX_bM https://youtube.com/live/fgzecvohkWA https://youtube.com/live/H-gOTPdiD0s https://youtube.com/live/W31QQ5laS1g https://youtube.com/live/XjSz1DoFV1I https://youtube.com/live/ylKpWTUkOjE https://youtube.com/live/Mku2AVpgmw4 https://youtube.com/live/ehvSw6PwrHw https://youtube.com/live/ILV5ywtaJ0U
us:sd:0619490,Kerman Unified School District,CA,youtube,https://youtu.be/oGSxtbUTlns,single_video,yes,districts_combined,https://youtu.be/oGSxtbUTlns
us:sd:2626220,Oakridge Public Schools,MI,youtube,https://www.youtube.com/@oakridgeschools,channel,yes,districts_combined,https://www.youtube.com/@oakridgeschools https://youtu.be/UIb3pkkRHpg
us:sd:3904500,Warrensville Heights City School District,OH,youtube,https://www.youtube.com/channel/UCrauZhGJSNr7XKSSugzj7vA,channel,yes,districts_combined,https://www.youtube.com/@warrensvilleheightscitysch5015 https://www.youtube.com/channel/UCrauZhGJSNr7XKSSugzj7vA
us:sd:0400600,Alhambra Elementary District,AZ,youtube,https://www.youtube.com/@alhambraESD,channel,yes,districts_combined,https://www.youtube.com/alhambraelementaryschooldistrict https://www.youtube.com/@alhambraESD
us:sd:4846080,Windthorst Independent School District,TX,youtube,https://www.youtube.com/channel/UCJAkloTsf-CSRsQFiVl2lvQ,channel,no,districts_combined,https://www.youtube.com/channel/UCJAkloTsf-CSRsQFiVl2lvQ
us:sd:3405430,Franklin Township School District,NJ,youtube,https://youtu.be/KvGXH6jdleo,single_video,yes,districts_combined,https://youtu.be/KvGXH6jdleo
us:sd:2622290,Madison Public Schools,MI,youtube,https://www.youtube.com/channel/UCJFbNtEX94gWa9znGE8vdDg,channel,yes,districts_combined,https://www.youtube.com/channel/UCJFbNtEX94gWa9znGE8vdDg
us:sd:5307470,Rochester School District,WA,youtube,https://www.youtube.com/channel/UCo-mrEr2O9h2loBhFq_fLIA,channel,yes,districts_combined,https://www.youtube.com/channel/UCo-mrEr2O9h2loBhFq_fLIA https://www.youtube.com/@RochesterSchoolDistrict
us:sd:5307470,Rochester School District,WA,youtube,https://www.youtube.com/@RochesterSchoolDistrict,channel,yes,districts_combined,https://www.youtube.com/channel/UCo-mrEr2O9h2loBhFq_fLIA https://www.youtube.com/@RochesterSchoolDistrict
us:sd:3904812,Avon Lake City School District,OH,youtube,https://www.youtube.com/embed/wVLYQmkNXOk?feature=oembed,single_video,yes,districts_combined,https://www.youtube.com/AvonLakeProductions https://www.youtube.com/embed/wVLYQmkNXOk?feature=oembed https://www.youtube.com/embed/RgLA8ZJr-Ho?feature=oembed https://www.youtube.com/embed/p5zvqHzTOGg?feature=oembed https://www.youtube.com/embed/g5T0YeQDnus?feature=oembed https://www.youtube.com/embed/Iw5-7DkXMTE
us:sd:3904586,Grand Valley Local School District,OH,youtube,https://www.youtube.com/channel/UCAavEGoadhIRMCjx24gO84w,channel,yes,districts_combined,https://www.youtube.com/channel/UCAavEGoadhIRMCjx24gO84w
us:sd:3904612,Madison Local School District,OH,youtube,https://youtu.be/91uaYqSxQ5w?si=DVIW4Mt61PDpCkui,single_video,yes,districts_combined,https://youtu.be/91uaYqSxQ5w?si=DVIW4Mt61PDpCkui
us:sd:2912510,Franklin County R-II School District,MO,youtube,https://www.youtube.com/watch?v=Nj78d1JuYHY,single_video,no,districts_combined,https://www.youtube.com/watch?v=Nj78d1JuYHY https://www.youtube.com/watch?v=r8q7gJ0PmlM https://www.youtube.com/watch?v=_Peb5muf6as https://www.youtube.com/watch?v=VJi95gVq2yc https://www.youtube.com/live/xKrHzHEw0Nk https://www.youtube.com/watch?v=pK9_bjMugws https://youtu.be/wicd6a_esbY
us:sd:4214190,Lower Moreland Township School District,PA,youtube,https://www.youtube.com/channel/UCQ7_esGjEmZyiPivPix59fQ,channel,yes,districts_combined,https://www.youtube.com/channel/UCQ7_esGjEmZyiPivPix59fQ https://www.youtube.com/@lowermoreland8561
us:sd:4214190,Lower Moreland Township School District,PA,youtube,https://www.youtube.com/@lowermoreland8561,channel,yes,districts_combined,https://www.youtube.com/channel/UCQ7_esGjEmZyiPivPix59fQ https://www.youtube.com/@lowermoreland8561
us:sd:2011490,Seaman Unified School District 345,KS,youtube,https://www.youtube.com/channel/UCFYelWT1QPf4dNdWrjxgG6w,channel,no,districts_combined,https://www.seamanschools.org/board_of_education/teacher_negotiations https://www.youtube.com/channel/UCFYelWT1QPf4dNdWrjxgG6w https://youtu.be/VCLyvdoMXok https://youtu.be/OwpiASwrAaI?si=sG5R1sYwGyhbKDTl https://youtu.be/NE14nLCwmnc https://youtu.be/O8A1i5zEDZY https://youtu.be/dn253FAfPUo https://youtu.be/WPUaH_HsMUk https://youtu.be/tza8Z3foRsU https://youtu.be/GmOfRRKoVKs
us:sd:4223820,Tulpehocken Area School District,PA,youtube,https://www.youtube.com/channel/UCWGO421UhB0NZAJ8qptk4bg,channel,yes,districts_combined,https://www.youtube.com/@tasdstream8279 https://www.youtube.com/live/9qJb0BNQwhE https://youtu.be/AMlDEQAlb8Y https://www.youtube.com/live/w-MYjb1qdQU https://www.youtube.com/watch?v=BYxKH22rEuI https://www.youtube.com/live/-STxcjbaudA https://www.youtube.com/live/ZFglnjLuRWo https://youtu.be/y9FG8csyBrQ?si=XA_dT2gXdjX9BxHn https://www.youtube.com/channel/UCWGO421UhB0NZAJ8qptk4bg
us:sd:1742600,Wilmette School District 39,IL,youtube,https://www.youtube.com/user/WilmetteDistrict39,channel,yes,districts_combined,https://www.youtube.com/channel/UCQw4Gj4OqBbhuU8uPg8_GQQ https://www.youtube.com/user/WilmetteDistrict39 https://youtu.be/c3lvxEo5QFk https://youtu.be/oGi8_T3FvhA https://youtu.be/M55YL2ITO-I https://youtu.be/-wUIIfJ0tjI https://youtu.be/SbELPJwKo1M https://youtu.be/P4vZJg-wHik https://youtu.be/y8CaGtNbMwQ https://youtu.be/v9OFyGyS7mA https://youtu.be/1zI-acCgJ90 https://youtu.be/N8AJp0GS5dk https://youtu.be/p2YKTXtEOI4 https://youtu.be/Tnl4z32hlo4 https://youtu.be/j_OikkZDNp0 https://youtu.be/ugk-EWsLino https://youtu.be/t2r81ZUHjcA https://youtu.be/UHXo8MmyuWA https://youtu.be/oRS7xCNnmZE https://youtu.be/8HGRAEGVyzI https://youtu.be/QWqVNvXaQFg https://youtu.be/WF5u9xH9KKI https://youtu.be/hJkXsLnygrA https://youtu.be/IjkidCgGWq8 https://youtu.be/Q18Fq6WZxs8 https://youtu.be/Jjj2XkTv7kM https://youtu.be/X2V_iRjtC1s https://youtu.be/nP0HKNUqwfw
us:sd:2621180,Lapeer Community Schools,MI,youtube,https://www.youtube.com/watch?v=ASmwjGq68wQ,single_video,no,districts_combined,https://www.youtube.com/LapeerSchools https://www.youtube.com/watch?v=ASmwjGq68wQ https://www.youtube.com/watch?v=WkCZQyeRTzc https://www.youtube.com/watch?v=YhxQYJXV5H8 https://www.youtube.com/watch?v=6AArVHdKdoA&pp=0gcJCb4LAYcqIYzv https://www.youtube.com/watch?v=zi-JEVf8Qr4&pp=0gcJCb4LAYcqIYzv https://www.youtube.com/watch?v=Pl7uU7Woh-E https://www.youtube.com/watch?v=R36TVhdMFLc https://www.youtube.com/watch?v=JEl0NDDRT94 https://www.youtube.com/watch?v=1qhRL-oBc7I https://www.youtube.com/watch?v=r0soUntGDMQ https://www.youtube.com/watch?v=GHKxAtgsubk https://www.youtube.com/watch?v=Vyuu6bLfGXM https://www.youtube.com/watch?v=mm9VRAWAjU0 https://www.youtube.com/watch?v=iROEPfFqDCo https://www.youtube.com/watch?v=JGQr_qaiIJI
us:sd:3904555,New Richmond Exempted Village School District,OH,youtube,https://www.youtube.com/@nrevsdcommunications,channel,yes,districts_combined,https://www.youtube.com/@nrevsdcommunications https://youtube.com/shorts/StuleehJcxE?feature=share https://youtube.com/live/PdQf904mDxk
us:sd:0626100,Mountain Empire Unified School District,CA,youtube,https://www.youtube.com/embed/Lvg1yy5k240,single_video,yes,districts_combined,https://www.youtube.com/embed/Lvg1yy5k240 https://www.youtube.com/embed/WicQJ_9NEbA https://www.youtube.com/embed/LYhDqlFSJ_Y https://www.youtube.com/embed/OkYgD8FUgBg https://www.youtube.com/embed/CAq9vV7gkrs https://www.youtube.com/embed/u3Ocw5UIpYs https://www.youtube.com/embed/w3C08dhJ_SM https://www.youtube.com/embed/UAA3E5MLqrM
us:sd:3904550,Milford Exempted Village School District,OH,youtube,https://www.youtube.com/channel/UCHJCiA4lh1MmmSFrOm_e4pA,channel,yes,districts_combined,https://www.youtube.com/@milfordexemptedvillagescho440 https://www.youtube.com/watch?v=NqG9iKs5W4o https://www.youtube.com/channel/UCHJCiA4lh1MmmSFrOm_e4pA
us:sd:2008130,South Barber Unified School District 255,KS,youtube,https://www.youtube.com/@SouthBarberStreaming,channel,no,districts_combined,https://www.youtube.com/@SouthBarberStreaming
us:sd:3005610,Carter County High School District,MT,youtube,https://www.youtube.com/@ekalakapublicschools,channel,no,districts_combined,https://www.youtube.com/@ekalakapublicschools
us:sd:5307710,Seattle Public Schools,WA,youtube,https://www.youtube.com/@SeattlePublicSchoolsTV/streams,channel,yes,districts_combined,https://www.youtube.com/@SeattlePublicSchoolsTV/streams https://www.youtube.com/watch?v=sqZBqbLGSUQ https://www.youtube.com/watch?v=xqM3tdIl16k https://www.youtube.com/watch?v=5NHPrVK4TV8&t=5875s https://www.youtube.com/@spsboardmeetings https://www.youtube.com/c/SeattlePublicSchoolsTV
us:sd:5307710,Seattle Public Schools,WA,youtube,https://www.youtube.com/@spsboardmeetings,channel,yes,districts_combined,https://www.youtube.com/@SeattlePublicSchoolsTV/streams https://www.youtube.com/watch?v=sqZBqbLGSUQ https://www.youtube.com/watch?v=xqM3tdIl16k https://www.youtube.com/watch?v=5NHPrVK4TV8&t=5875s https://www.youtube.com/@spsboardmeetings https://www.youtube.com/c/SeattlePublicSchoolsTV
us:sd:5307710,Seattle Public Schools,WA,youtube,https://www.youtube.com/c/SeattlePublicSchoolsTV,channel,yes,districts_combined,https://www.youtube.com/@SeattlePublicSchoolsTV/streams https://www.youtube.com/watch?v=sqZBqbLGSUQ https://www.youtube.com/watch?v=xqM3tdIl16k https://www.youtube.com/watch?v=5NHPrVK4TV8&t=5875s https://www.youtube.com/@spsboardmeetings https://www.youtube.com/c/SeattlePublicSchoolsTV
us:sd:4824330,Iraan-Sheffield Collegiate Independent School District,TX,youtube,https://www.youtube.com/channel/UCxAKkbxiVbX31mK0oX06FhA,channel,no,districts_combined,https://www.youtube.com/channel/UCxAKkbxiVbX31mK0oX06FhA
us:sd:4207230,Dallastown Area School District,PA,youtube,https://www.youtube.com/playlist?list=PLdYbMdf_j_HsMdRoNp91YxOdoqEAPnaZc,playlist,no,districts_combined,https://youtu.be/Z1IXK0qFdKI?si=Qqjv1tUax6ZwureH https://youtu.be/6JL1rPhKMAs?si=9JdtVxRJY5CrEe9W https://www.youtube.com/playlist?list=PLdYbMdf_j_HsMdRoNp91YxOdoqEAPnaZc
us:sd:4820130,Fort Hancock Independent School District,TX,youtube,https://www.youtube.com/@FHISDMustangs,channel,yes,districts_combined,https://www.youtube.com/@FHISDMustangs
us:sd:3702640,Lexington City Schools,NC,youtube,https://www.youtube.com/@user-mt6go6bj9h/videos,channel,yes,districts_combined,https://youtube.com/playlist?list=PLf6KHRC8Z4LAMtUCk_zQJVKSl4j6GL289 https://www.youtube.com/@user-mt6go6bj9h/videos https://www.youtube.com/@lcsjackets/streams https://youtu.be/BgFvE3YTqIg https://youtu.be/OT7LVtcJKSI
us:sd:3702640,Lexington City Schools,NC,youtube,https://www.youtube.com/@lcsjackets/streams,channel,yes,districts_combined,https://youtube.com/playlist?list=PLf6KHRC8Z4LAMtUCk_zQJVKSl4j6GL289 https://www.youtube.com/@user-mt6go6bj9h/videos https://www.youtube.com/@lcsjackets/streams https://youtu.be/BgFvE3YTqIg https://youtu.be/OT7LVtcJKSI
us:sd:2921660,Northeast Nodaway County R-V School District,MO,youtube,https://www.youtube.com/channel/UC6rV9CbP2CTA-9AgshIqQjQ,channel,no,districts_combined,https://www.youtube.com/channel/UC6rV9CbP2CTA-9AgshIqQjQ
us:sd:5305130,Monroe School District,WA,youtube,https://youtu.be/dkU9PqWHzJY?si=_O8Loj9vl9IWDVZn,single_video,yes,districts_combined,https://youtu.be/dkU9PqWHzJY?si=_O8Loj9vl9IWDVZn
us:sd:5501080,Beloit Turner School District,WI,youtube,https://www.youtube.com/user/wevideo,channel,yes,districts_combined,https://www.youtube.com/channel/UC0E5ePPV0IDphaW49sJTAyw https://www.youtube.com/user/wevideo
us:sd:2627900,Perry Public School District,MI,youtube,https://www.youtube.com/live/Cl6z1a1cqB8,single_video,no,districts_combined,https://www.youtube.com/live/Cl6z1a1cqB8 https://youtube.com/live/QSHTm49ApRk?feature=share https://youtube.com/live/YIuiduLdsMo?feature=share https://youtube.com/live/wOqH7gtHlts?feature=share https://www.youtube.com/watch?v=kRB-I2qb-8g https://youtu.be/BfyZ_ayXmtU
us:sd:3616140,Keene Central School District,NY,youtube,https://www.youtube.com/channel/UC9RjvjHxrbO6zmZwEoW-SEA,channel,no,districts_combined,https://www.youtube.com/channel/UC9RjvjHxrbO6zmZwEoW-SEA
us:sd:4029820,Texhoma Public Schools,OK,youtube,https://www.youtube.com/@texhomaboostercluborganization,channel,no,districts_combined,https://www.youtube.com/@texhomaboostercluborganization
us:sd:0900630,Canaan School District,CT,youtube,https://www.youtube.com/embed/jIpYtjSy2Y0?embed_config=%7B%22enc%22:%22AXH1ezmjRHlp96z7T-e8IQjsCCum8CvNPZ6zuAyGaNjDcaH0VeZ6oTyJlosUvkUEjyU_PnGa1dxbriZockwROqu9ckd26Njzt_9LcF9mEwEC6RcRQbiiSa7F3mRsCQT-41yxTST4RPqdvT0mM-gMiHxPIxZZkxOd60wPlVp2iiWRtjwM%22%7D&enablejsapi=1&errorlinks=1&origin=https://www.kelloggschool.org&vl=1,single_video,no,districts_combined,https://www.youtube.com/embed/jIpYtjSy2Y0?embed_config=%7B%22enc%22:%22AXH1ezmjRHlp96z7T-e8IQjsCCum8CvNPZ6zuAyGaNjDcaH0VeZ6oTyJlosUvkUEjyU_PnGa1dxbriZockwROqu9ckd26Njzt_9LcF9mEwEC6RcRQbiiSa7F3mRsCQT-41yxTST4RPqdvT0mM-gMiHxPIxZZkxOd60wPlVp2iiWRtjwM%22%7D&enablejsapi=1&errorlinks=1&origin=https://www.kelloggschool.org&vl=1
us:sd:3812930,Milnor Public School District 2,ND,youtube,https://www.youtube.com/c/YourLiveEvent/featured,channel,no,districts_combined,https://www.youtube.com/c/YourLiveEvent/featured https://www.youtube.com/embed/-_7D9msWTpE
us:sd:1922380,Paton-Churdan Community School District,IA,youtube,https://www.youtube.com/channel/UC2tnwafnirhhmgJeTTwR-vA,channel,no,districts_combined,https://www.youtube.com/channel/UC2tnwafnirhhmgJeTTwR-vA
us:sd:5505370,Gilmanton School District,WI,youtube,https://www.youtube.com/channel/UCiLHe0kuHZBS5ML44QreG1g,channel,yes,districts_combined,https://www.youtube.com/channel/UCiLHe0kuHZBS5ML44QreG1g https://www.youtube.com/@GilmantonSchoolDistrict-WI
us:sd:1602760,Richfield School District 316,ID,youtube,https://www.youtube.com/embed/3NNSA1qMovA?embed_config=%7B%22enc%22:%22AXH1ezkRxibM41M7rq7860d4lZgfA4-xiKeTMy_Li77UImcfNE8z5pQrVFuC3H5LZZHaqyc20K5JCWOeH1my_ZYJ5lir595Ta_-aIMTkNMrBvT1tHJVG0eIPmPZATJV8YkbapaFQJIs-Yt8r-Hh1AhtAfFjh9LzAEiBUzbEREAwcP9QU%22%7D&enablejsapi=1&errorlinks=1&origin=https://www.richfieldsd.org&vl=1,single_video,no,districts_combined,https://www.youtube.com/embed/3NNSA1qMovA?embed_config=%7B%22enc%22:%22AXH1ezkRxibM41M7rq7860d4lZgfA4-xiKeTMy_Li77UImcfNE8z5pQrVFuC3H5LZZHaqyc20K5JCWOeH1my_ZYJ5lir595Ta_-aIMTkNMrBvT1tHJVG0eIPmPZATJV8YkbapaFQJIs-Yt8r-Hh1AhtAfFjh9LzAEiBUzbEREAwcP9QU%22%7D&enablejsapi=1&errorlinks=1&origin=https://www.richfieldsd.org&vl=1 https://www.youtube.com/embed/l0Bu1f-p52U?embed_config=%7B%22enc%22:%22AXH1ezlibvOEY_JoXVEozdcQGo2sEjxyGkMUffXpSWVXUQ_oE1XZfVfzSBW-qS4ksHMplhrrR0tTWl767HanTNmmzf66sqPrFxGs_rpwYk_M6oG7s68IuygXiW-iWQvx2eGjMqRZ8BIIiu2kHQ9r2I5NDkW5z8yLVIXTXXYmJulCJBuZ%22%7D&enablejsapi=1&errorlinks=1&origin=https://www.richfieldsd.org&vl=1 https://www.youtube.com/embed/N_MmwD_HehU?embed_config=%7B%22enc%22:%22AXH1ezm0z1PlWqKL4HExmv42T9xJThpAkStPRD9fVmTGvIXwQhQVf11edsEUDbAJjmlrFyc-ikiDCB8QbvV3O0AgP4i820AhuttX4rnoAxaet0GPUIT205h6lXUX_K8qc3WjJmHtAjYo9gA8m1PpmS2tgzUSdVKA7JEF0rw7O2pyQNT3%22%7D&enablejsapi=1&errorlinks=1&origin=https://www.richfieldsd.org&vl=1 https://www.youtube.com/embed/n-6asKAbp7A?embed_config=%7B%22enc%22:%22AXH1ezki68E7-TrzLwYtpbxhGNx4XU94Rs9Zemr6x19d6DuNc0SiFXuhRS8kjPFNxuHNO4h-qWrSChSbdE9xFKBbV7SIxbccfhLYLnBitjm26kHpDJm2S2fSOwaoui5w_z-WaDUjWMAP6Njhb6L3WXZ7i4pxWOjEVtXtsEXzRUQ-Dovy%22%7D&enablejsapi=1&errorlinks=1&origin=https://www.richfieldsd.org&vl=1 https://www.youtube.com/embed/nqb-LqnTw3k?embed_config=%7B%22enc%22:%22AXH1ezkS9ST2vhXnpsbI4cRPlaehjeOnbUL5qPJJrlY3wNF7P2PVi4K-vHoYtbfe8ERTGA-gov7sdfy8uCGAqjnYL9qRJFZBqUNzWNunawD7h9m_9NoGo_48iGWoSpHGyCYZQjCC6zUV8tgLsbVlksCs7Q37cb7zY_hzsHAZIvszGGa-%22%7D&enablejsapi=1&errorlinks=1&origin=https://www.richfieldsd.org&vl=1
us:sd:0628950,Oro Grande Elementary School District,CA,youtube,https://youtube.com/@orograndeschooldistrict?si=_z9WHExb2OJpzeRG,channel,no,districts_combined,https://youtube.com/@orograndeschooldistrict?si=_z9WHExb2OJpzeRG
us:sd:2005550,Dighton Unified School District 482,KS,youtube,https://www.youtube.com/user/SuperCkitchen,channel,no,districts_combined,https://www.youtube.com/user/SuperCkitchen
us:sd:4810620,Bluff Dale Independent School District,TX,youtube,https://www.youtube.com/@BDBobcats,channel,yes,districts_combined,https://www.youtube.com/@BDBobcats
us:sd:2703540,Badger Public School District,MN,youtube,https://www.youtube.com/@badgerisd6766,channel,yes,districts_combined,https://www.youtube.com/@badgerisd6766
us:sd:4835910,Progreso Independent School District,TX,youtube,https://www.youtube.com/@ProgresoISD/streams,channel,yes,districts_combined,https://www.youtube.com/@ProgresoISD/streams
us:sd:3910008,Crestline Exempted Village School District,OH,youtube,https://www.youtube.com/channel/UCQDoorFLlrO696U0JkcqgXA/live,channel,no,districts_combined,https://www.youtube.com/channel/UCQDoorFLlrO696U0JkcqgXA/live
us:sd:1601830,Lapwai School District 341,ID,youtube,https://www.youtube.com/@ReadingBuddiesTRL,channel,no,districts_combined,https://www.youtube.com/@ReadingBuddiesTRL https://www.youtube.com/@MathTV
us:sd:0635040,San Pasqual Union Elementary School District,CA,youtube,https://www.youtube.com/@sanpasqualunion,channel,no,districts_combined,https://www.youtube.com/@sanpasqualunion
us:sd:4032970,Wister Public Schools,OK,youtube,https://www.youtube.com/channel/UC_p6JG_h_h_8D-tIMk0VlSw,channel,no,districts_combined,https://www.youtube.com/channel/UC_p6JG_h_h_8D-tIMk0VlSw
us:sd:4607050,Bison School District 52-1,SD,youtube,https://www.youtube.com/@BisonSchoolDistrict,channel,no,districts_combined,https://www.youtube.com/embed/ztJScrTnTu4?feature=oembed https://www.youtube.com/@BisonSchoolDistrict
us:sd:3621540,Fire Island Union Free School District,NY,youtube,https://www.youtube.com/@FISDLive-stream,channel,yes,districts_combined,https://www.youtube.com/@FISDLive-stream
us:sd:4100047,Ione School District 2,OR,youtube,https://www.youtube.com/playlist?list=PLD-CpF4dW7mrjNCZ68Ep-zA43YOL_teqh,playlist,yes,districts_combined,https://www.youtube.com/playlist?list=PLD-CpF4dW7mrjNCZ68Ep-zA43YOL_teqh
us:sd:4813620,Channing Independent School District,TX,youtube,https://www.youtube.com/watch?v=OBITNezSmLY,single_video,no,districts_combined,https://www.youtube.com/watch?v=OBITNezSmLY https://www.youtube.com/watch?v=pl-tBjAM9g4 https://www.youtube.com/watch?v=BtoOHhA3aPQ https://www.youtube.com/watch?v=FIkZ1sPmKNw https://www.youtube.com/watch?v=KFPB68S7L54&vl=en
us:sd:3401020,Atlantic Highlands Borough School District,NJ,youtube,https://www.youtube.com/embed/j6wWAArL0VQ,single_video,no,districts_combined,https://www.youtube.com/embed/j6wWAArL0VQ
us:sd:2629250,Quincy Community School District,MI,youtube,https://youtu.be/5frPGnm85sI,single_video,no,districts_combined,https://youtu.be/5frPGnm85sI https://youtu.be/_UJB9jzaDIY https://youtu.be/JIUVfevRb54 https://youtu.be/p7smFzSTn3I https://youtu.be/tOLhXponvLo https://youtu.be/KG2hDUjS6KY https://youtu.be/YyhNUBZNvq4 https://youtu.be/IueLbV1qqNI https://youtu.be/cmCvLtpdJTM https://youtu.be/XyfngxZmDKw
us:sd:4825290,Kelton Independent School District,TX,youtube,https://www.youtube.com/watch?v=HnUB_qThP6E&feature=youtu.be,single_video,no,districts_combined,https://www.youtube.com/watch?v=HnUB_qThP6E&feature=youtu.be https://www.youtube.com/embed/qUkFK3fFhY8 https://www.youtube.com/embed/PTJIoBTXSKM https://www.youtube.com/embed/YZPRPmPLXlA https://www.youtube.com/embed/r1VN9Eg9BdQ https://www.youtube.com/embed/o-551_vrhQM
us:sd:5516410,Westby Area School District,WI,youtube,https://www.youtube.com/c/WestbyAreaSchoolDistrict,channel,no,districts_combined,https://www.youtube.com/c/WestbyAreaSchoolDistrict https://www.youtube.com/@westernwisconsinvideoprodu8715
us:sd:5516410,Westby Area School District,WI,youtube,https://www.youtube.com/@westernwisconsinvideoprodu8715,channel,no,districts_combined,https://www.youtube.com/c/WestbyAreaSchoolDistrict https://www.youtube.com/@westernwisconsinvideoprodu8715
us:sd:1708220,Central CUSD 3,IL,youtube,https://www.youtube.com/channel/UCNKhXmCYNVd1065p2bFntIQ,channel,no,districts_combined,https://www.youtube.com/watch?v=ll_oTVWLHhA https://www.youtube.com/watch?v=GmfR6-3vSLc https://youtu.be/dQfLtdvi3Nw https://youtu.be/LCFMvpUOD0Y https://www.youtube.com/channel/UCNKhXmCYNVd1065p2bFntIQ https://youtu.be/rUB_8e5njh4 https://youtu.be/3NeSLrpia7g https://youtu.be/ijfdA595l8U https://youtu.be/X5TbwscJ_M4 https://youtu.be/lleLj77GNKs https://youtu.be/MXJkQyl3NS4 https://youtu.be/00jxZrmgTpg https://youtu.be/4HS8YlfgQPs https://youtu.be/RqWMrYe57Ts https://youtu.be/_-b1YAFyYr4 https://youtu.be/yuZC1WYTssk https://youtu.be/OG5Qtw9dsX4 https://youtu.be/h1hBHcyQuRQ https://youtu.be/JZPxPBEebfM https://youtu.be/iOyMo6fCVfg
us:sd:2700182,Redwood Area School District,MN,youtube,https://www.youtube.com/@MPSStream,channel,no,districts_combined,https://www.youtube.com/@MPSStream https://www.youtube.com/watch?v=RZtNjYGJgHw
us:sd:1804620,River Forest Community School Corporation,IN,youtube,https://www.youtube.com/watch?v=CY-29uc853c&t=50s,single_video,no,districts_combined,https://www.youtube.com/watch?v=CY-29uc853c&t=50s
us:sd:2628200,Pine River Area Schools,MI,youtube,https://youtu.be/rvZJfBJdnHg,single_video,no,districts_combined,https://youtu.be/rvZJfBJdnHg https://youtu.be/CqUrl43qGgE https://youtu.be/FwmBLTn_Oxw https://youtu.be/nhHw3X9EGHM
us:sd:5000398,Addison Northwest Unified School District,VT,youtube,https://www.youtube.com/channel/UCh25aLEZtQfd8x1vIlZC_mA,channel,no,districts_combined,https://www.youtube.com/channel/UCh25aLEZtQfd8x1vIlZC_mA
us:sd:4841880,Sunnyvale Independent School District,TX,youtube,https://youtu.be/TFp-qjipefw,single_video,no,districts_combined,https://youtu.be/TFp-qjipefw https://youtu.be/c7v13iyggY4 https://youtu.be/-0JlWEvUmbM https://youtu.be/PrcW6k67YAk
us:sd:1700044,Farmington Central Community Unit School District 265,IL,youtube,https://www.youtube.com/watch?v=2AEXQgmvjeI,single_video,no,districts_combined,https://www.youtube.com/watch?v=2AEXQgmvjeI
us:sd:3608910,Delaware Academy Central School District at Delhi,NY,youtube,https://www.youtube.com/c/DelawareAcademyCSD,channel,no,districts_combined,https://www.youtube.com/c/DelawareAcademyCSD https://www.youtube.com/live/YdbxMdaQYy8
us:sd:2700383,Morris Area Public Schools,MN,youtube,https://www.youtube.com/@MorrisAreaTigersLive,channel,no,districts_combined,https://www.youtube.com/@MorrisAreaTigersLive https://www.youtube.com/channel/UCO2dFN6jZz-PO8TweFKRxfg
us:sd:2619050,Ida Public School District,MI,youtube,https://www.youtube.com/watch?v=Wte2P3fuQE8,single_video,no,districts_combined,https://www.youtube.com/watch?v=Wte2P3fuQE8 https://www.youtube.com/watch?v=TrnDSJRDjAg
us:sd:1300510,Bremen City School District,GA,youtube,https://www.youtube.com/@BremenCitySchoolsLive,channel,no,districts_combined,https://www.youtube.com/@BremenCitySchoolsLive https://youtu.be/YVCDCR-uZNg?si=jL3uH3jHN4uzH5sP
us:sd:2617860,Hart Public School District,MI,youtube,https://youtu.be/5DzIPdBw1QM,single_video,no,districts_combined,https://youtu.be/5DzIPdBw1QM https://www.youtube.com/watch?v=_WAgJ2Svvb4 https://www.youtube.com/watch?v=y2F3jrNB4GQ https://www.youtube.com/watch?v=kvFEpEhmFQg https://www.youtube.com/watch?v=vCilzURbqc0 https://www.youtube.com/watch?v=FPvtv7y_IEQ
us:sd:5401140,Pocahontas County School District,WV,youtube,https://www.youtube.com/playlist?list=PLg59WMXLZ2ysmiDSubY-vHInx3xwfgcbL,playlist,no,districts_combined,https://www.youtube.com/playlist?list=PLg59WMXLZ2ysmiDSubY-vHInx3xwfgcbL
us:sd:2623100,Mason Consolidated Schools,MI,youtube,https://www.youtube.com/user/masonschools,channel,no,districts_combined,https://www.youtube.com/user/masonschools https://youtube.com/embed/7dHF1EJSTtE?rel=0&showinfo=0&start=0&autoplay=0&loop=0&muted=0&controls=1
us:sd:4500750,Allendale County School District,SC,youtube,https://youtube.com/shorts/Z2AKxIX-8IQ?feature=share,single_video,no,districts_combined,https://youtube.com/shorts/Z2AKxIX-8IQ?feature=share
us:sd:4002880,Alva Public Schools,OK,youtube,https://youtube.com/live/FOWW-TDKgh4?feature=share,single_video,no,districts_combined,https://youtube.com/live/FOWW-TDKgh4?feature=share
us:sd:1737590,Staunton Community Unit School District 6,IL,youtube,https://youtu.be/TZeiSF6-gyw,single_video,no,districts_combined,https://youtu.be/TZeiSF6-gyw https://youtu.be/z4HuNxbM6NE
us:sd:1914370,Humboldt Community School District,IA,youtube,https://www.youtube.com/user/SpencerChannel3,channel,no,districts_combined,https://www.youtube.com/user/SpencerChannel3
us:sd:1900021,Okoboji Community School District,IA,youtube,https://www.youtube.com/@OkobojiPioneersLivestream,channel,no,districts_combined,https://www.youtube.com/@OkobojiPioneersLivestream https://youtu.be/RMZjbSnwI7c
us:sd:1808310,Northwestern Consolidated School Corporation,IN,youtube,https://www.youtube.com/watch?v=cySeUFWkbgQ,single_video,no,districts_combined,https://www.youtube.com/watch?v=cySeUFWkbgQ
us:sd:5511350,Palmyra-Eagle Area School District,WI,youtube,https://www.youtube.com/@PRPEASD/featured,channel,yes,districts_combined,https://www.youtube.com/channel/UCPv_chF4cY7iYHVlCgbCv6A/videos https://www.youtube.com/@PRPEASD/featured https://www.youtube.com/playlist?list=PL82ARSjOczzCJUi1pimLvhot0g6Guyogg https://youtu.be/Il1hvUV9KXI
us:sd:0508940,Lincoln School District,AR,youtube,https://youtu.be/r2Q8b3ZDO_s?si=w0DN2TObH_KkknXS,single_video,no,districts_combined,https://www.youtube.com/WolfcastLcsd https://youtu.be/r2Q8b3ZDO_s?si=w0DN2TObH_KkknXS
us:sd:3012510,Glendive Elementary School District,MT,youtube,https://youtu.be/5vhpMY4Advw,single_video,no,districts_combined,https://youtu.be/5vhpMY4Advw https://www.youtube.com/watch?v=YstPYXvQupI
us:sd:2619410,Iron Mountain Public Schools,MI,youtube,https://www.youtube.com/channel/UC3cT8kKJHZ-0vA-HqgF7lyQ,channel,no,districts_combined,https://www.youtube.com/channel/UC3cT8kKJHZ-0vA-HqgF7lyQ https://www.youtube.com/embed/2eMoavZhzPg
us:sd:3904776,Oak Hill Union Local School District,OH,youtube,https://youtube.com/@oakhillunionlocalschooldis6590,channel,yes,districts_combined,https://www.youtube.com/@OakHillMiddle-HighSchool-w5g https://youtube.com/@oakhillunionlocalschooldis6590
us:sd:0500082,Lawrence County School District,AR,youtube,https://www.youtube.com/channel/UC55JyBUbOhUESc96eJ937_Q,channel,no,districts_combined,https://www.youtube.com/channel/UC55JyBUbOhUESc96eJ937_Q
us:sd:2745735,Zumbrota-Mazeppa School District,MN,youtube,https://youtube.com/@livezmwrestling2000?si=WbWM-ENrtDBGlque,channel,no,districts_combined,https://youtube.com/@livezmwrestling2000?si=WbWM-ENrtDBGlque https://www.youtube.com/channel/UCtzS4h51p1xVzCIcyK89Lhg
us:sd:3410140,Midland Park Borough School District,NJ,youtube,https://youtube.com/live/rVGEVlW8zf4?feature=share,single_video,no,districts_combined,https://youtube.com/live/rVGEVlW8zf4?feature=share https://www.youtube.com/watch?v=3mHM0mx0Ly0 https://m.youtube.com/watch?v=y7mlqpVJLMY
us:sd:1716680,Gillespie Community Unit School District 7,IL,youtube,https://www.youtube.com/embed/LQgF9bc9HxU?rel=0,single_video,yes,districts_combined,https://www.youtube.com/embed/LQgF9bc9HxU?rel=0 https://www.youtube.com/embed/FJIEKa4weAw?rel=0 https://www.youtube.com/embed/0QLMScRnp5w?rel=0 https://www.youtube.com/embed/x1rf6OwZAiY?rel=0 https://www.youtube.com/embed/4XXMBcutmuk?rel=0
us:sd:3627120,Sodus Central School District,NY,youtube,http://www.youtube.com/@scsdlive8186,channel,yes,districts_combined,https://www.youtube.com/channel/UCE7gBI7puTwpEgnAxGWp7tw http://www.youtube.com/@scsdlive8186
us:sd:3628980,Trumansburg Central School District,NY,youtube,https://www.youtube.com/user/TCSDTV,channel,no,districts_combined,https://www.youtube.com/user/TCSDTV
us:sd:4216230,Muncy School District,PA,youtube,https://www.youtube.com/embed/_ldQOH4eqns?si=B2G6BAhMG8DJvZHS,single_video,no,districts_combined,https://www.youtube.com/embed/_ldQOH4eqns?si=B2G6BAhMG8DJvZHS https://www.youtube.com/embed/wvXO18NMPfY?si=B2G6BAhMG8DJvZHS
us:sd:3004980,Townsend K-12 Schools,MT,youtube,https://youtube.com/live/G_wivZ9IHvg?feature=share,single_video,no,districts_combined,https://youtube.com/live/G_wivZ9IHvg?feature=share
us:sd:4101800,Bandon School District 54,OR,youtube,https://www.youtube.com/channel/UCTmqjOSsUgi7CZS7Obt8EdQ,channel,no,districts_combined,https://www.youtube.com/channel/UCTmqjOSsUgi7CZS7Obt8EdQ
us:sd:1703750,Anna Community Consolidated School District 37,IL,youtube,https://www.youtube.com/channel/UCGKEo6zw7KgKE3VRj6dT8ow,channel,no,districts_combined,https://www.youtube.com/channel/UCGKEo6zw7KgKE3VRj6dT8ow
us:sd:4701620,Hancock County School District,TN,youtube,https://www.youtube.com/channel/UCf40c2h4L8B77xWUgIRlhFg,channel,no,districts_combined,https://www.youtube.com/channel/UCf40c2h4L8B77xWUgIRlhFg
us:sd:2718330,Luverne Public School District,MN,youtube,https://www.youtube.com/@LuverneCardinalVision,channel,no,districts_combined,https://www.youtube.com/luvernecardinalvision https://www.youtube.com/@LuverneCardinalVision https://www.youtube.com/c/LuverneCardinalVision
us:sd:4641550,Lennox School District 41-4,SD,youtube,https://www.youtube.com/c/LennoxOrioleActivities,channel,no,districts_combined,https://www.youtube.com/c/LennoxOrioleActivities
us:sd:1801290,Carroll Consolidated School Corporation,IN,youtube,https://www.youtube.com/channel/UCxc_nLLPN-KNMKG-KgEG91w,channel,no,districts_combined,https://www.youtube.com/channel/UCxc_nLLPN-KNMKG-KgEG91w https://youtu.be/S4iwz_3lXZc
us:sd:4112600,Umatilla School District 6,OR,youtube,https://www.youtube.com/channel/UC3Egcmdnf3_U-2Npw7N9ZpA,channel,no,districts_combined,https://www.youtube.com/channel/UC3Egcmdnf3_U-2Npw7N9ZpA
us:sd:4212210,Iroquois School District,PA,youtube,https://youtube.com/live/RbI7Bihk93Q,single_video,no,districts_combined,https://youtube.com/live/RbI7Bihk93Q https://youtube.com/shorts/2KoBcHGGS_Q?feature=share
us:sd:5508220,Lomira School District,WI,youtube,https://www.youtube.com/live/ahtpz7yRZjU,single_video,no,districts_combined,https://www.youtube.com/live/ahtpz7yRZjU
us:sd:3407950,Keyport Borough School District,NJ,youtube,https://www.youtube.com/channel/UCkCd9Cf_hpij-7t7J80KKKw,channel,no,districts_combined,https://www.youtube.com/playlist?list=PLZXpujow2ATCsiWn5QP4eoMnSTTGtdl6S https://www.youtube.com/playlist?list=PLHf7A6AeY3_GH5XQ03yeJqcj4tgIW8RzT https://www.youtube.com/playlist?list=PLHf7A6AeY3_G44sBVr9z_laI7xEVyU5aj https://www.youtube.com/channel/UCkCd9Cf_hpij-7t7J80KKKw
us:sd:4004630,Blackwell Public Schools,OK,youtube,https://www.youtube.com/@bhs-auditorium,channel,no,districts_combined,https://www.youtube.com/@bhs-auditorium
us:sd:3608340,Pembroke Central School District,NY,youtube,https://www.youtube.com/@pembrokecentralschools1421/streams,channel,no,districts_combined,https://www.youtube.com/@pembrokecentralschools1421/streams https://youtu.be/YDk4saDbpvE
us:sd:2728950,Pine Island Public School District,MN,youtube,https://www.youtube.com/channel/UCEkAkdmmWnntDC_D9uFtSTg,channel,no,districts_combined,https://www.youtube.com/channel/UCEkAkdmmWnntDC_D9uFtSTg
us:sd:4824840,Johnson City Independent School District,TX,youtube,https://www.youtube.com/@jcisdathletics7632,channel,no,districts_combined,https://www.youtube.com/@jcisdathletics7632
us:sd:3904782,Centerburg Local School District,OH,youtube,https://www.youtube.com/@OH.ReportLive02,channel,no,districts_combined,https://www.youtube.com/@OH.ReportLive02 https://youtu.be/dlKdPxekz2M
us:sd:5101560,Galax City Public Schools,VA,youtube,https://www.youtube.com/@galaxcitypublicschools3165/streams,channel,no,districts_combined,https://www.youtube.com/@galaxcitypublicschools3165/streams
us:sd:3616470,Lake George Central School District,NY,youtube,https://www.youtube.com/embed/cmZ8rqm0G8w?feature=oembed,single_video,no,districts_combined,https://www.youtube.com/embed/cmZ8rqm0G8w?feature=oembed
us:sd:2617700,Harbor Springs School District,MI,youtube,https://youtu.be/NSo8MwlcEg8,single_video,no,districts_combined,https://youtu.be/NSo8MwlcEg8
us:sd:2005010,Colby Public Schools Unified School District 315,KS,youtube,https://youtu.be/ygcQiQxoS_Y,single_video,no,districts_combined,https://youtu.be/ygcQiQxoS_Y https://youtu.be/EP0gIWERjTg
us:sd:1920340,New Hampton Community School District,IA,youtube,https://youtube.com/live/o4LvXey8lTY?feature=share,single_video,no,districts_combined,https://youtube.com/live/o4LvXey8lTY?feature=share
us:sd:4502370,Greenwood School District 51,SC,youtube,https://www.youtube.com/live/WXIzL8YkbQk,single_video,no,districts_combined,https://www.youtube.com/live/WXIzL8YkbQk https://www.youtube.com/watch?v=3Jiykk21yVM https://youtu.be/ZrSXJqEx2XM https://www.youtube.com/watch?v=Wy5YeTKuEpk
us:sd:2732250,Roseau Public School District,MN,youtube,https://www.youtube.com/watch?v=RcxOHsEoqE8,single_video,yes,districts_combined,https://www.youtube.com/watch?v=RcxOHsEoqE8 https://youtu.be/Bsdn-MOAPBI https://youtu.be/fNTdQK2otHE
us:sd:0502610,Atkins Public Schools,AR,youtube,https://youtu.be/2JADTNr-kQs,single_video,no,districts_combined,https://youtu.be/2JADTNr-kQs
us:sd:4220310,Ridgway Area School District,PA,youtube,https://youtu.be/FhCm3HWNgzs,single_video,yes,districts_combined,https://youtu.be/FhCm3HWNgzs https://youtu.be/kw4k0w-T8vg https://www.youtube.com/watch?v=cR9b3wgw92A https://www.youtube.com/watch?v=07yZs78oow8 https://www.youtube.com/watch?v=-YO729hYkS0 https://youtu.be/jyqR5NNuG-k https://www.youtube.com/watch?v=wA41D6JVJGI https://www.youtube.com/watch?v=vG0YMTOK2PY https://www.youtube.com/watch?v=6cL2mjF2yHk https://www.youtube.com/watch?v=nhaEB3ffI28 https://www.youtube.com/watch?v=Ls4Yshu6JdY https://www.youtube.com/watch?v=Zdi7EUiPPmo https://www.youtube.com/watch?v=Akiv7oiOKYE https://www.youtube.com/watch?v=yR_RFgPeCsk
us:sd:1919650,Monticello Community School District,IA,youtube,https://youtu.be/O0h7iF-uMng,single_video,no,districts_combined,https://youtu.be/O0h7iF-uMng https://www.monticello.k12.ia.us/2026/09/18/dr-jaegers-weekly-video-9-18-26/
us:sd:0511130,Paris School District,AR,youtube,https://youtu.be/sKXK7u-Ul4Q,single_video,no,districts_combined,https://youtu.be/sKXK7u-Ul4Q
us:sd:5000432,West River Valley Modified Union Education District 72B,VT,youtube,https://www.youtube.com/channel/UCMUtqU7MJVqCwbWNfBdSrxQ,channel,yes,districts_combined,https://www.youtube.com/channel/UCMUtqU7MJVqCwbWNfBdSrxQ https://www.youtube.com/embed/zMcYUTrIgXQ?feature=oembed https://www.youtube.com/embed/s9VAfxdX0h0?feature=oembed
us:sd:1730510,Community Consolidated School District 180,IL,youtube,https://www.youtube.com/watch?v=DTG41UBV0MI,single_video,no,districts_combined,https://www.youtube.com/watch?v=DTG41UBV0MI https://www.youtube.com/watch?v=Kl_k-VZgi0Y https://www.youtube.com/watch?v=wj8WehaDL2k https://www.youtube.com/watch?v=CF0ASYjkuvU
us:sd:2733600,St. James Public School District,MN,youtube,https://www.youtube.com/watch?v=fqpooR7EqaY,single_video,no,districts_combined,https://www.youtube.com/watch?v=fqpooR7EqaY
us:sd:4825440,Kenedy Independent School District,TX,youtube,https://www.youtube.com/channel/UC5VZUKGhsxnMBu3Zz39bAqw,channel,no,districts_combined,https://www.youtube.com/channel/UC5VZUKGhsxnMBu3Zz39bAqw
us:sd:5501230,Wisconsin Heights School District,WI,youtube,https://www.youtube.com/@whsdboard,channel,no,districts_combined,https://www.youtube.com/@whsdboard
us:sd:3610590,Elmira Heights Central School District,NY,youtube,https://youtu.be/FtxEYSLFyaw?si=K4_859_xWLZsuoLz,single_video,no,districts_combined,https://youtu.be/FtxEYSLFyaw?si=K4_859_xWLZsuoLz
us:sd:3614730,Hoosic Valley Central School District,NY,youtube,https://www.youtube.com/@hoosicvalleycentralschoold7908,channel,no,districts_combined,https://www.youtube.com/live/tjDmGoo10bI https://www.youtube.com/@hoosicvalleycentralschoold7908
us:sd:0509480,Searcy County School District,AR,youtube,https://www.youtube.com/@marshallsportsnetwork4426/streams,channel,no,districts_combined,https://www.youtube.com/@marshallsportsnetwork4426/streams
us:sd:4644940,Tri-Valley School District 49-6,SD,youtube,https://www.youtube.com/live/QAXAfAMVtho,single_video,no,districts_combined,https://www.youtube.com/live/QAXAfAMVtho https://www.youtube.com/live/rwsOY7AJtjc https://www.youtube.com/live/3Aze3-MWT4Y
us:sd:0509540,Mayflower School District,AR,youtube,https://youtu.be/HBgG1YAUYBY,single_video,no,districts_combined,https://youtu.be/HBgG1YAUYBY https://youtu.be/OzTD3WbzPIk
us:sd:1719660,Hoopeston Area Community Unit School District 11,IL,youtube,https://www.youtube.com/watch?v=OApXOW1qkwg,single_video,no,districts_combined,https://www.youtube.com/watch?v=OApXOW1qkwg https://www.youtube.com/watch?v=jtnZgKH9j1M https://www.youtube.com/watch?v=kNkPAUqP4VY https://www.youtube.com/watch?v=mpPvnPhrKwY https://www.youtube.com/watch?v=mgSfnZi-E_I https://www.youtube.com/watch?v=sVX_EvX8_oQ https://www.youtube.com/watch?v=RlcVb83T_5U
us:sd:4101830,Banks School District 13,OR,youtube,https://www.youtube.com/channel/UCfWtBxHwCUV6tgml2ZjnB4w,channel,no,districts_combined,https://www.youtube.com/embed/wBvIVx96hg4?start=225&feature=oembed https://www.youtube.com/channel/UCfWtBxHwCUV6tgml2ZjnB4w
us:sd:1704800,Avoca School District 37,IL,youtube,https://www.youtube.com/channel/UC56VMfIFmXmiuYZ7sLSu81Q,channel,yes,districts_combined,https://www.youtube.com/channel/UC56VMfIFmXmiuYZ7sLSu81Q
us:sd:3303900,Hopkinton School District,NH,youtube,https://www.youtube.com/playlist?list=PLxK3wcQED6WkI1hDispH6ZS2LggcZ-ViW,playlist,yes,districts_combined,https://www.youtube.com/playlist?list=PLxK3wcQED6WkI1hDispH6ZS2LggcZ-ViW
us:sd:4818120,Edgewood Independent School District,TX,youtube,https://www.youtube.com/@EISDLiveBroadcasts,channel,no,districts_combined,https://www.youtube.com/@EISDLiveBroadcasts https://www.youtube.com/c/EISDLiveBroadcasts
us:sd:5306240,Onalaska School District,WA,youtube,https://youtube.com/@loggernews?si=Moo0ETFUOplm2NwQ,channel,no,districts_combined,https://youtube.com/shorts/YJW5CIuhDwU?feature=share https://youtu.be/gxkFSbw0sCQ https://youtu.be/UpyoY3BMGtI?si=uj5ARbg3GZ7iUuWr https://youtu.be/1-egQ9JU4sQ?si=scPXlnAVHklhf3Cm https://youtu.be/3aLsn_TwVZ8 https://youtube.com/shorts/thkmDbkfVP0?feature=share https://youtube.com/shorts/3wutlTWaF9s?feature=share https://youtube.com/shorts/UAay-qOkuxA?feature=share https://youtube.com/shorts/IS8zI3kmwEc?feature=share https://youtu.be/rUnEsMdTm4s https://youtu.be/InrE_RCN3_U https://youtu.be/Ny5rBpeC7w0 https://youtube.com/shorts/Jlx_XGjGUDs?feature=share https://youtube.com/shorts/MIS8f1_zZpU?feature=share https://youtube.com/shorts/khkb_O8MerY?feature=share https://youtu.be/xJbUXf81m08?si=FNA2bqH0eImtZM7N https://youtu.be/HJI3FesvRTw https://youtube.com/shorts/xe1mij5eiuw?feature=share https://youtu.be/N0UkfRJnylw https://youtu.be/8XgSoc07G1M https://youtu.be/KeOJICmO9Jg https://youtu.be/NsKa9t8-zZs https://youtube.com/shorts/pUJSpzQhk6Q?feature=share https://youtu.be/dAlrnT2eAyc?si=FJjUw3pBxvzGYuP9 https://youtube.com/@loggernews?si=Moo0ETFUOplm2NwQ https://youtu.be/4Lrm8eKIOao
us:sd:2010620,Perry Public Schools Unified School District 343,KS,youtube,https://www.youtube.com/@USD343Media,channel,yes,districts_combined,https://www.youtube.com/@USD343Media
us:sd:1914730,Iowa Falls Community School District,IA,youtube,https://www.youtube.com/@IowaFallsAldenSchools,channel,no,districts_combined,https://www.youtube.com/@IowaFallsAldenSchools
us:sd:5303990,Kettle Falls School District,WA,youtube,https://www.youtube.com/channel/UCNdtgzZnLsN-9ZIlyY1rbxg,channel,no,districts_combined,https://www.youtube.com/channel/UCNdtgzZnLsN-9ZIlyY1rbxg
us:sd:2314530,School Administrative District 46,ME,youtube,https://youtu.be/CoV8ioAuLkw,single_video,no,districts_combined,https://youtu.be/CoV8ioAuLkw
us:sd:1703990,Argenta-Oreana Community Unit School District 1,IL,youtube,https://youtu.be/oNyCDGRAOHw,single_video,no,districts_combined,https://youtu.be/oNyCDGRAOHw https://youtu.be/q-XpCy2CDcE https://youtu.be/XjurTQvvj3Y https://youtu.be/18mAIcxa2Zg https://youtu.be/VgCL4q44V00 https://youtu.be/9EMxem5GldU https://youtu.be/gSBHYMYlKPI https://youtu.be/dWkyXLVTQKg https://youtu.be/Wbw_DV3tWAw
us:sd:5512450,Random Lake School District,WI,youtube,https://youtube.com/@rlhsvideo2173?si=LGhK9fbPKKLlVKQ_,channel,no,districts_combined,https://youtube.com/@rlhsvideo2173?si=LGhK9fbPKKLlVKQ_
us:sd:3628890,Tri-Valley Central School District,NY,youtube,https://www.youtube.com/channel/UCkI224vKQ8nAWhR6NVao24w,channel,yes,districts_combined,https://www.youtube.com/channel/UCkI224vKQ8nAWhR6NVao24w
us:sd:2000002,Smoky Valley Unified School District 400,KS,youtube,https://www.youtube.com/@AdAstraRadio/streams,channel,no,districts_combined,https://www.youtube.com/@AdAstraRadio/streams https://www.youtube.com/@swathersportsnetwork4654/streams https://www.youtube.com/channel/UCl05Cmuj7IQs9fBUJMTK0yA/videos https://www.youtube.com/channel/UC9IgHSBmQV3et0npKj9UVEg/videos https://www.youtube.com/channel/UCshR5BGQipOrd1_y1LSSq1Q/videos https://www.youtube.com/channel/UCNSP9L9kmgHgfB5ECz5gdUQ/videos https://www.youtube.com/channel/UCJM0ZGRjbktQmdwD0KnZDJw/videos https://youtu.be/worRGx4Zszo https://youtu.be/2Faz_W0iZxQ https://youtu.be/PBnSfJEgR9I
us:sd:1716050,Galena Unit School District 120,IL,youtube,https://youtu.be/qo4L6PCif7I,single_video,no,districts_combined,https://youtu.be/qo4L6PCif7I https://youtu.be/xV0vjlY6YjU
us:sd:0403950,Indian Oasis-Baboquivari Unified District,AZ,youtube,https://www.youtube.com/channel/UCysmhTfEW_VvDKnJWIrVZKw,channel,yes,districts_combined,https://www.youtube.com/channel/UCysmhTfEW_VvDKnJWIrVZKw https://www.youtube.com/c/BaboEducation https://www.youtube.com/embed/RbVyx7TshNg?feature=oembed
us:sd:0403950,Indian Oasis-Baboquivari Unified District,AZ,youtube,https://www.youtube.com/c/BaboEducation,channel,yes,districts_combined,https://www.youtube.com/channel/UCysmhTfEW_VvDKnJWIrVZKw https://www.youtube.com/c/BaboEducation https://www.youtube.com/embed/RbVyx7TshNg?feature=oembed
us:sd:4839570,Scurry-Rosser Independent School District,TX,youtube,https://www.youtube.com/live/1k9zdKZh7sA,single_video,yes,districts_combined,https://www.youtube.com/live/1k9zdKZh7sA https://www.youtube.com/live/fisMXBP3ILs
us:sd:3904652,Wynford Local School District,OH,youtube,https://youtu.be/Ro0RQjgxNEg?is=SfSkxaAyclqlEIbY,single_video,no,districts_combined,https://youtu.be/Ro0RQjgxNEg?is=SfSkxaAyclqlEIbY https://youtu.be/4O1QUfJY9tw?is=w7dwyW0x8eS5XvtL https://youtu.be/kq_s2OiiYCw?is=QGZLurNeV4avZzFE
us:sd:3904671,Central Local School District,OH,youtube,https://www.youtube.com/watch?v=mwjcNzUybTY,single_video,no,districts_combined,https://www.youtube.com/watch?v=mwjcNzUybTY https://www.youtube.com/watch?v=RBfk9SkIsQU https://www.youtube.com/watch?v=Z0_GZz6ojCo
us:sd:1808130,North White School Corporation,IN,youtube,https://youtube.com/live/jutiHFRQfco?feature=share,single_video,no,districts_combined,https://youtube.com/live/jutiHFRQfco?feature=share
us:sd:4828620,Lyford Consolidated Independent School District,TX,youtube,https://www.youtube.com/@LyfordCISD,channel,no,districts_combined,https://www.youtube.com/@LyfordCISD
us:sd:5508760,Markesan School District,WI,youtube,https://www.youtube.com/playlist?list=PLKciHYgFux4H-M3l2k4zm65VpSNkEoZhE,playlist,no,districts_combined,https://www.youtube.com/playlist?list=PLKciHYgFux4H-M3l2k4zm65VpSNkEoZhE
us:sd:2310980,School Administrative District 23,ME,youtube,https://youtu.be/nPxeq4ivZ3o,single_video,no,districts_combined,https://youtu.be/nPxeq4ivZ3o
us:sd:2703570,Bagley Public School District,MN,youtube,https://youtube.com/shorts/OcW5FyeRNZI?feature=share,single_video,no,districts_combined,https://youtube.com/shorts/OcW5FyeRNZI?feature=share https://youtu.be/cI1v3pV6C-M
us:sd:2623310,McBain Rural Agricultural Schools,MI,youtube,https://www.youtube.com/@RamblerReview,channel,no,districts_combined,https://www.mcbain.org/mcbain-school-board-of-education-meeting-6-10-2020/ https://www.youtube.com/watch?v=vMnR2fC_pRE&feature=youtu.be https://www.youtube.com/@RamblerReview https://www.youtube.com/live/1FqqZ33yNs0?si=fMVk9w7xDQ6DZ40N&t=275 https://www.youtube.com/live/fn1iwHnXUJo?si=X9Xi6mkJvQArhGQI&t=304 https://www.youtube.com/live/YKgYMYv4KIQ?si=PLQoNJk8iN7Xu8aE&t=245 https://www.youtube.com/live/hHq3DrKUpPg?si=fw0bOQcBuTo4WyIM https://www.youtube.com/live/7OPDLH19fjE?si=TRIgC6AJUwW4KTSx&t=319 https://www.youtube.com/live/EupPcpxIFf4?si=CLzQhOATjczr9qgr&t=293 https://www.youtube.com/live/vxF5FTyukxc?si=Qh6vpyQectgmWe-t&t=213 https://www.youtube.com/live/n9HqpmLDHPw?si=hR6l1k0O8FUZQFln&t=305 https://www.youtube.com/live/42K_qSeevvE?si=EdTBglQlv1gmJy8R&t=143 https://www.youtube.com/live/GGeTozagrgg?si=S0LYF2OmARfBcnpU&t=200 https://www.youtube.com/live/77lR0eKBcRM?si=N44YDQYMJKdj3Yjq&t=292 https://www.youtube.com/live/07_JZV0DMtY?si=XsHebgdjykki9REd&t=309 https://www.youtube.com/live/lVOjTPqVQAs?si=GLD77aqa03zGFOSv&t=143 https://www.youtube.com/live/tA2hJDQ5Ync?si=D6r-u475P0WqqzpV&t=333 https://www.youtube.com/live/5u07QGQBc1s?si=eXDyAYWDMEt4l_oA&t=310 https://www.youtube.com/live/u0jVisnqvbw?si=6852d0v1ZPGWXkLP&t=287 https://www.youtube.com/live/aXPvsV6sIts?si=DY_wPWuXY7th7MUD&t=489 https://www.youtube.com/live/6Y16QqDZW_k?si=UnSf9iRvs6ToV8pq&t=112 https://www.youtube.com/live/NmTdQA7LOQ0?si=onVFtsQqAYcPiSYI&t=288 https://www.youtube.com/live/XKPqPvWPQWk?si=0JGypbHSubVVpGqp&t=287 https://www.youtube.com/live/yzT1p1ocnUE?si=3rBYNmM_96WPDeas&t=59 https://www.youtube.com/live/ebpzKO1qNpc?si=RHciC5-LzrDQfL3W&t=264 https://www.youtube.com/live/_Ae6hU6UuP8?si=nKFRQN1N8ItUzZnk&t=209 https://www.youtube.com/live/FSw65rk18eg?si=D-rtuXC5Xw3uKWTD&t=229 https://www.youtube.com/live/ybUaHkVabLo?si=aODuBwVdoKr4txO-&t=321 https://www.youtube.com/live/Yv4XCtOUS10?si=l0QTbcgHBxV3Jy1V&t=306 https://www.youtube.com/live/l1UBc7skt5I https://www.youtube.com/live/IjWU6AwA7FA?si=cAiKrRKDqwv3E1vZ&t=317 https://www.youtube.com/live/0yMUpDrS8mk?si=NWbb0FQQSSmTsDIX&t=336 https://www.youtube.com/live/vPkL2jYJ2DE?si=4Ww-ZqcQNcnYRVxm&t=253 https://www.youtube.com/live/talbsoFx-dA?si=sFZmSjqBu-cg86Sq&t=244 https://www.youtube.com/live/0194OxK4DC0?si=AtVgXuPQQzclYEfd&t=259 https://www.youtube.com/live/WiIJkJeMJw0?si=4_KC88VDU8JrQsna&t=262 https://www.youtube.com/live/VLEw31m-PEk?si=ouxGr6ctNXKa--Vl&t=299 https://www.youtube.com/live/FwBSlDqZeZ4?si=v1cMmFPBdzwZihT_&t=287 https://www.youtube.com/live/7VOml71MRZY?si=Uo91Z8DAV3VErXbe&t=231
us:sd:3619260,Middleburgh Central School District,NY,youtube,https://www.youtube.com/embed/irlW93K8olE,single_video,no,districts_combined,https://www.youtube.com/embed/irlW93K8olE
us:sd:1924660,Rock Valley Community School District,IA,youtube,https://www.youtube.com/@RVStream/streams,channel,no,districts_combined,https://www.youtube.com/@RVStream/streams
us:sd:2314833,Regional School Unit 56,ME,youtube,https://www.youtube.com/live/HpngoeqS5G8?si=xy7_SjT8ELwarkrs,single_video,no,districts_combined,https://www.youtube.com/live/HpngoeqS5G8?si=xy7_SjT8ELwarkrs https://www.youtube.com/live/29dv7Jv1gBE?si=O50vY4kOjzBkgOyO https://www.youtube.com/live/3EYTPCoENwg?si=ef524pXFkwBnkLP0 https://youtube.com/live/NKRpoGvwI8o?feature=share https://youtube.com/live/KVE5c-g-KQs?feature=share https://youtube.com/live/jcVTsDs3cDA?feature=share https://youtube.com/live/3fzIYBXpPrs?feature=share https://youtube.com/live/OHvVgWiGYBM?feature=share https://www.youtube.com/live/KxgsZbBLZEM?si=MvsZdN0bEEuPgleo https://www.youtube.com/live/osdx2zSmge4?si=OeUs4Nt6jDsi5b21 https://www.youtube.com/live/9MetLqazVF4?si=UHgHK1BqtQC-od-O https://www.youtube.com/live/9xZ9g2Knp3g?si=LsNppekiFHbGgVcT https://www.youtube.com/live/v1pY61mSs5o?si=pHp_gFiUbg3D55Yw https://www.youtube.com/live/5WtC51my9DU?si=T5xvir3nAbjdERj3 https://www.youtube.com/live/PW_y-0SVHn4?si=72Tveis8unQSzGIg https://www.youtube.com/live/zQv5vx4Wlrc?si=jZ0v-JoeRwGvVyk- https://www.youtube.com/live/Vs1Z7Z12ERI?si=s67nGfwvZWV5yH2v https://www.youtube.com/live/qnhvLMYOftA?si=NoFUOSpQZxnumQ-v https://www.youtube.com/watch?v=9GSlifsQseQ https://www.youtube.com/live/lHM1pCtSvG0?si=oG9w3PJccX-Djj3_ https://www.youtube.com/live/Xu0E11XOhxM?si=4vBpeN4sCHVZCTwE https://www.youtube.com/live/8yZZiTHEEVw?si=PzT1ZFcZh-46ABdm https://youtube.com/live/cwkCjQyyxQY?feature=share https://youtube.com/live/Mhug9zTot_U?feature=share https://www.youtube.com/live/JHSXRH24BI0?si=udomZzNnjW8it2KT
us:sd:1921840,Osage Community School District,IA,youtube,https://www.youtube.com/@GSPN_Osage,channel,yes,districts_combined,https://www.youtube.com/@GSPN_Osage https://www.youtube.com/channel/UC91LTvd3xo0fim3MicH4fuw https://youtu.be/FVg8xEGK4HA https://youtu.be/QWLL4A2jfC8 https://youtu.be/YDjoqLYPEHw https://youtu.be/dpzLFKlpRnA https://youtu.be/oL2qAzL4-9s https://youtu.be/HczZa6FRARc https://youtu.be/ZX-7MqW5wkk https://youtu.be/PrhN7BfDkNo https://youtu.be/4unpS8LY1Nk https://youtu.be/h8Qm1F2IdWE https://youtu.be/o86bqzmR7xM https://youtu.be/HqEmL5F0or0 https://youtu.be/vULkwbe4-Lo https://youtu.be/YZ6Zgcm4Mug https://youtu.be/6IeHNsIlZoc https://youtu.be/xihDSE95DHU https://youtu.be/GzQgb4QWHV4 https://www.youtube.com/watch?v=5frSH73nJuo https://youtu.be/KlTwCPJ3gQA https://youtu.be/UToZ9igajoM https://youtu.be/O0OiH-HGMuE https://youtu.be/N-Pht_BBrr8 https://youtu.be/UjsdZOfMKPw https://youtu.be/m6N_miAnzkA https://youtu.be/HywChzcPJ2I https://youtu.be/B0WfJNqsI4Y https://youtu.be/brog7t8jSnQ https://youtu.be/SjP6Km8LrTM https://youtu.be/dQtWNOTgkSA https://youtu.be/gpci4VrwntU https://youtu.be/BgRGWj7msdM https://youtu.be/wI5Ib_FVPII https://youtu.be/E650-oLXJ7s https://youtu.be/YdenFfpn0zo https://youtu.be/hbT3v1saVbY https://youtu.be/0b-t_II_ulo https://youtu.be/vTRXcPCA2KM https://youtu.be/3B2DrUFvx3U https://youtu.be/rd4csPiuUZM https://youtu.be/xQ7HWqacYbk https://youtu.be/twAj1FO6eS4 https://youtu.be/OWgZxH4vUM4 https://www.youtube.com/embed/ZyxOtEPDsF8
us:sd:1921840,Osage Community School District,IA,youtube,https://www.youtube.com/channel/UC91LTvd3xo0fim3MicH4fuw,channel,yes,districts_combined,https://www.youtube.com/@GSPN_Osage https://www.youtube.com/channel/UC91LTvd3xo0fim3MicH4fuw https://youtu.be/FVg8xEGK4HA https://youtu.be/QWLL4A2jfC8 https://youtu.be/YDjoqLYPEHw https://youtu.be/dpzLFKlpRnA https://youtu.be/oL2qAzL4-9s https://youtu.be/HczZa6FRARc https://youtu.be/ZX-7MqW5wkk https://youtu.be/PrhN7BfDkNo https://youtu.be/4unpS8LY1Nk https://youtu.be/h8Qm1F2IdWE https://youtu.be/o86bqzmR7xM https://youtu.be/HqEmL5F0or0 https://youtu.be/vULkwbe4-Lo https://youtu.be/YZ6Zgcm4Mug https://youtu.be/6IeHNsIlZoc https://youtu.be/xihDSE95DHU https://youtu.be/GzQgb4QWHV4 https://www.youtube.com/watch?v=5frSH73nJuo https://youtu.be/KlTwCPJ3gQA https://youtu.be/UToZ9igajoM https://youtu.be/O0OiH-HGMuE https://youtu.be/N-Pht_BBrr8 https://youtu.be/UjsdZOfMKPw https://youtu.be/m6N_miAnzkA https://youtu.be/HywChzcPJ2I https://youtu.be/B0WfJNqsI4Y https://youtu.be/brog7t8jSnQ https://youtu.be/SjP6Km8LrTM https://youtu.be/dQtWNOTgkSA https://youtu.be/gpci4VrwntU https://youtu.be/BgRGWj7msdM https://youtu.be/wI5Ib_FVPII https://youtu.be/E650-oLXJ7s https://youtu.be/YdenFfpn0zo https://youtu.be/hbT3v1saVbY https://youtu.be/0b-t_II_ulo https://youtu.be/vTRXcPCA2KM https://youtu.be/3B2DrUFvx3U https://youtu.be/rd4csPiuUZM https://youtu.be/xQ7HWqacYbk https://youtu.be/twAj1FO6eS4 https://youtu.be/OWgZxH4vUM4 https://www.youtube.com/embed/ZyxOtEPDsF8
us:sd:4204920,Canton Area School District,PA,youtube,https://www.youtube.com/channel/UCgsp6WyEiGaPCCIY9x4taMA/featured,channel,yes,districts_combined,https://www.youtube.com/channel/UCgsp6WyEiGaPCCIY9x4taMA/featured
us:sd:1711290,Creve Coeur School District 76,IL,youtube,https://www.youtube.com/embed/Rc36fMaK2vM?wmode=opaque,single_video,no,districts_combined,https://www.youtube.com/embed/Rc36fMaK2vM?wmode=opaque https://www.youtube.com/embed/ujOTn4HT6MQ?wmode=opaque https://www.youtube.com/embed/V0eduxUz3O8?wmode=opaque https://www.youtube.com/embed/_POFI2AwiGg?wmode=opaque https://www.youtube.com/embed/__N7Jpaq6KE?wmode=opaque https://www.youtube.com/embed/haKZQk-XIEg?wmode=opaque https://www.youtube.com/embed/EJvhKdFa1b8?wmode=opaque https://www.youtube.com/embed/Aq75ziX_qMY?wmode=opaque https://www.youtube.com/embed/aZh-5w4nqzc?wmode=opaque https://www.youtube.com/embed/5SN9cmqxKks?wmode=opaque https://www.youtube.com/embed/HSSdX2il5Yk?wmode=opaque https://www.youtube.com/embed/vB3I6JwEiJM?wmode=opaque https://www.youtube.com/embed/5_DCzhH0-Is?wmode=opaque https://www.youtube.com/embed/rLxTUJbFjUI?wmode=opaque https://www.youtube.com/embed/MFrYwvet90M?wmode=opaque https://www.youtube.com/embed/mo4yKcJ5iIs?wmode=opaque https://www.youtube.com/embed/wjufelurImg?wmode=opaque https://www.youtube.com/embed/Ahu-6oxkXag?wmode=opaque https://www.youtube.com/embed/Ux0wZ510P20?wmode=opaque https://www.youtube.com/embed/WnbCl14gh-w?wmode=opaque https://www.youtube.com/embed/u3e-kXeatwk?wmode=opaque https://www.youtube.com/embed/ikzg4v_DwJ0?wmode=opaque https://www.youtube.com/embed/EJH8pQyYrA8?wmode=opaque https://www.youtube.com/embed/ZpWZjvuYHVg?wmode=opaque https://www.youtube.com/embed/_nS1ciqSuGg?wmode=opaque https://www.youtube.com/embed/gdyq-xHmhFU?wmode=opaque https://www.youtube.com/embed/CrgG_Sld5oc?wmode=opaque https://www.youtube.com/embed/5NiiKMBgqe8?wmode=opaque https://www.youtube.com/embed/m1lofPN7_ws?wmode=opaque https://www.youtube.com/embed/dZfJU0WhFVE?wmode=opaque https://www.youtube.com/embed/wp-fPXZsvNs?wmode=opaque https://www.youtube.com/embed/qc4IEvmDtCw?wmode=opaque https://www.youtube.com/embed/wF42RXYVn1o?wmode=opaque https://www.youtube.com/embed/6ujoKaLZosg?wmode=opaque https://www.youtube.com/embed/add1N5dHg84?wmode=opaque https://www.youtube.com/embed/DYi5CF0nOFM?wmode=opaque https://www.youtube.com/embed/GhQSEUT0YBQ?wmode=opaque https://www.youtube.com/embed/mvsAYT8L3UA?wmode=opaque https://www.youtube.com/embed/l81wJUEVsnk?wmode=opaque https://www.youtube.com/embed/OcNKA1LXV3c?wmode=opaque https://www.youtube.com/embed/aHk0BzxykKM?wmode=opaque https://www.youtube.com/embed/viskJSYwMis?wmode=opaque https://www.youtube.com/embed/K3fxPzRn9Mk?wmode=opaque https://www.youtube.com/embed/vQefg4NOMUM?wmode=opaque https://www.youtube.com/embed/Hd72khkr1pw?wmode=opaque https://www.youtube.com/embed/Cj8HP-asDT0?wmode=opaque https://www.youtube.com/embed/u-d58z5rhaM?wmode=opaque https://www.youtube.com/embed/H_7OJ_Y3uDI?wmode=opaque https://www.youtube.com/embed/BRKiFF9QE40?wmode=opaque https://www.youtube.com/embed/Iu9F585pvCM?wmode=opaque https://www.youtube.com/embed/Y_xqMQjZAoI?wmode=opaque https://www.youtube.com/embed/4r2KY_egwws?wmode=opaque https://www.youtube.com/embed/L14_cA6PxLs?wmode=opaque https://www.youtube.com/embed/zsdEeqI-EQY?wmode=opaque https://www.youtube.com/embed/lnqinZbQqm0?wmode=opaque https://www.youtube.com/embed/0chrbbZQaKg?wmode=opaque https://www.youtube.com/embed/Ff3-2haKkQI?wmode=opaque https://www.youtube.com/embed/iGSRk3kRX_M?wmode=opaque https://www.youtube.com/embed/ftSnpvwY1AY?wmode=opaque https://www.youtube.com/embed/eTP2RMbattk?wmode=opaque https://www.youtube.com/embed/TAXtalPG5Sw?wmode=opaque https://www.youtube.com/embed/uWEzfpkSjN4?wmode=opaque https://www.youtube.com/embed/D4Hj4IKSukg?wmode=opaque https://www.youtube.com/embed/V0EqI3aHXHs?wmode=opaque https://www.youtube.com/embed/O3w8KaGq6d4?wmode=opaque https://www.youtube.com/embed/8EkwH2wYpkI?wmode=opaque https://www.youtube.com/embed/Opo4wg96oxE?wmode=opaque https://www.youtube.com/embed/B0PgHIPWVew?wmode=opaque https://www.youtube.com/embed/2ofWPa5HRkg?wmode=opaque https://www.youtube.com/embed/w6Dv6y6Rx38?wmode=opaque https://www.youtube.com/embed/CWd9FlymQWE?wmode=opaque https://www.youtube.com/embed/pl4V5NFBY7U?wmode=opaque https://www.youtube.com/embed/GvNgG_TBjic?wmode=opaque https://www.youtube.com/embed/ctY1aIrA90A?wmode=opaque https://www.youtube.com/embed/u1sPIXt2upg?wmode=opaque https://www.youtube.com/embed/-WmuJC3kIrg?wmode=opaque https://www.youtube.com/embed/S6tqeWcQCXg?wmode=opaque https://www.youtube.com/embed/iTLNXQsqloA?wmode=opaque https://www.youtube.com/embed/SFWS8-9-x4c?wmode=opaque https://www.youtube.com/embed/IubFtwCnCHk?wmode=opaque https://www.youtube.com/embed/w2tUXQrubRc?wmode=opaque https://www.youtube.com/embed/8jn1OpH1NGQ?wmode=opaque https://www.youtube.com/embed/qptaGPC84bY?wmode=opaque https://www.youtube.com/embed/wMsn0cgIPw8?wmode=opaque https://www.youtube.com/embed/PKhqxQe516k?wmode=opaque https://www.youtube.com/embed/NDzJPmydmUU?wmode=opaque https://www.youtube.com/embed/lPTu-Y9SaWc?wmode=opaque https://www.youtube.com/embed/d717QovWA9c?wmode=opaque https://www.youtube.com/embed/g_cZpxHylIY?wmode=opaque https://www.youtube.com/embed/HMUE7zaAeFI?wmode=opaque https://www.youtube.com/embed/_NrDB6A8VIM?wmode=opaque https://www.youtube.com/embed/qDJFA05mqt0?wmode=opaque https://www.youtube.com/embed/HpzWIvRop0I?wmode=opaque https://www.youtube.com/embed/7m7WAmK9PG0?wmode=opaque https://www.youtube.com/embed/2WTOgm9uHl0?wmode=opaque https://www.youtube.com/embed/9mjwWCoge8Y?wmode=opaque https://www.youtube.com/embed/kF4tgZira1w?wmode=opaque https://www.youtube.com/embed/bD6pVWk9yeg?wmode=opaque https://www.youtube.com/embed/06axVuDZ3-c?wmode=opaque https://www.youtube.com/embed/QPa5aLV8N-c?wmode=opaque https://www.youtube.com/embed/kKzg47jtTSQ?wmode=opaque https://www.youtube.com/embed/7ZJwbnxTDhM?wmode=opaque https://www.youtube.com/v/h5v2KU_hUxI?version=3 https://www.youtube.com/v/9LTEFqOguBo?version=3 https://www.youtube.com/v/o6voPzrJKCk?version=3 https://www.youtube.com/v/3dk5g9MwqXs?version=3 https://www.youtube.com/v/rTYvdk1fZMU?version=3 https://www.youtube.com/v/x7q6wg3bxu8?version=3 https://www.youtube.com/v/FqDT-UuqN4g?version=3 https://www.youtube.com/v/Q3bgpWH4onQ?version=3 https://www.youtube.com/v/hFgvO8FF9zU?version=3 https://www.youtube.com/v/Fl7txo0_Qm8?version=3 https://www.youtube.com/v/lq-TBVcVIMw?version=3 https://www.youtube.com/v/uh0d3DQqxu4?version=3 https://www.youtube.com/v/OFFMbgu2364?version=3 https://www.youtube.com/v/UR8fHhnIgqM?version=3 https://www.youtube.com/v/8GL73haEoD0?version=3 https://www.youtube.com/v/nDuvCZvqwiE?version=3 https://www.youtube.com/v/wPvhvGIm3sM?version=3
us:sd:2632640,St. Charles Community Schools,MI,youtube,https://youtu.be/K26os8qaiw0,single_video,yes,districts_combined,https://youtu.be/K26os8qaiw0
us:sd:1921600,Odebolt Arthur Battle Creek Ida Grove Community School District,IA,youtube,https://www.youtube.com/user/oabcigschools/videos,channel,no,districts_combined,https://www.youtube.com/user/oabcigschools/videos https://www.youtube.com/live/uq27MW3l30U?si=uh1hDWYQ2j2TuzLA https://www.youtube.com/live/BIGLSmXfiDM https://www.youtube.com/live/VlVdXMV4f9Y?si=fhwiUlM3f-JG1gG https://www.youtube.com/live/TeRGTObIYoI
us:sd:2728320,Pierz Public School District,MN,youtube,https://youtu.be/CzlvhZA29UM,single_video,no,districts_combined,https://www.youtube.com/pierzschools https://youtu.be/CzlvhZA29UM https://www.youtube.com/live/fTVCRqHTCr0
us:sd:4832130,Natalia Independent School District,TX,youtube,https://www.youtube.com/channel/UCOcuGPUfMuRFuNbRiv2k0xQ,channel,yes,districts_combined,https://www.youtube.com/channel/UCOcuGPUfMuRFuNbRiv2k0xQ
us:sd:2708910,Chisholm Public School District,MN,youtube,https://youtu.be/PDBPiUN8oPc,single_video,no,districts_combined,https://youtu.be/PDBPiUN8oPc https://www.youtube.com/watch?v=sUH3z5a5S9I
us:sd:3618750,Mayfield Central School District,NY,youtube,https://www.youtube.com/embed/3aqLgh05bw0?feature=oembed,single_video,no,districts_combined,https://www.youtube.com/embed/3aqLgh05bw0?feature=oembed
us:sd:5501680,Brillion School District,WI,youtube,https://www.youtube.com/watch?v=ZyY0617AEZU,single_video,no,districts_combined,https://www.youtube.com/watch?v=ZyY0617AEZU
us:sd:3611370,Fort Plain Central School District,NY,youtube,https://youtu.be/MdRuUkq9PKQ,single_video,no,districts_combined,https://youtu.be/MdRuUkq9PKQ
us:sd:2909900,Cole Camp R-I School District,MO,youtube,https://www.youtube.com/channel/UC1xU19sY-dB37lD8oeIAp8w,channel,no,districts_combined,https://www.youtube.com/channel/UC1xU19sY-dB37lD8oeIAp8w
us:sd:1710800,Oakwood Community Unit School District 76,IL,youtube,https://www.youtube.com/watch?v=htDgZxJrN_8,single_video,no,districts_combined,https://www.youtube.com/watch?v=htDgZxJrN_8
us:sd:1808190,Northeastern Wayne Schools,IN,youtube,https://www.youtube.com/@BoardMeetings-wg5iu/streams,channel,yes,districts_combined,https://www.youtube.com/@BoardMeetings-wg5iu/streams
us:sd:0630630,Pixley Union Elementary School District,CA,youtube,https://youtube.com/watch?v=t4vqGilXiBY&si=6tsaSMbT96VrQR8k,single_video,no,districts_combined,https://youtube.com/watch?v=t4vqGilXiBY&si=6tsaSMbT96VrQR8k https://youtube.com/watch?v=AdjBknlLuqc&si=30AlMZqnxl6ZIlIt https://youtu.be/M5ANrnHilrk?si=gOsJb0FiGZy9lOEh
us:sd:2635970,Westwood Heights Schools,MI,youtube,https://m.youtube.com/channel/UCA7ex0kPr4Zmdgl4OUO4tfg,channel,no,districts_combined,https://m.youtube.com/channel/UCA7ex0kPr4Zmdgl4OUO4tfg
us:sd:3904651,Colonel Crawford Local School District,OH,youtube,https://www.youtube.com/@col.crawfordstreaming1506,channel,no,districts_combined,https://www.youtube.com/@col.crawfordstreaming1506
us:sd:2800540,Baldwyn School District,MS,youtube,https://www.youtube.com/embed/1SFb9kMK2xI?feature=oembed,single_video,no,districts_combined,https://www.youtube.com/embed/1SFb9kMK2xI?feature=oembed
us:sd:5512390,Randall Joint No. 1 School District,WI,youtube,https://www.youtube.com/@randallcsd,channel,yes,districts_combined,https://www.youtube.com/@randallcsd
us:sd:1931020,West Lyon Community School District,IA,youtube,https://www.youtube.com/channel/UCY15uAQPEP4QhPFXZaPW66g,channel,no,districts_combined,https://www.youtube.com/channel/UCY15uAQPEP4QhPFXZaPW66g https://www.youtube.com/live/dKwb1zPn3is?si=-iF5Zb6GQhJ8cJzw
us:sd:4821900,Groveton Independent School District,TX,youtube,https://www.youtube.com/@grovetonisd8652,channel,no,districts_combined,https://www.youtube.com/@grovetonisd8652
us:sd:1927870,Tipton Community School District,IA,youtube,https://www.youtube.com/@TiptonMusic,channel,no,districts_combined,https://www.youtube.com/@TiptonMusic
us:sd:4817100,Dilley Independent School District,TX,youtube,https://www.youtube.com/@DilleyISD/videos,channel,yes,districts_combined,https://www.youtube.com/@DilleyISD/videos https://www.youtube.com/user/DilleyISD/live
us:sd:4817100,Dilley Independent School District,TX,youtube,https://www.youtube.com/user/DilleyISD/live,channel,yes,districts_combined,https://www.youtube.com/@DilleyISD/videos https://www.youtube.com/user/DilleyISD/live
us:sd:0200020,Bering Strait School District,AK,youtube,https://www.youtube.com/@bssdstudentbroadcasting1563,channel,yes,districts_combined,https://www.youtube.com/@bssdstudentbroadcasting1563 https://youtu.be/U5AFuYD-skM?list=PL50-cnweeFH8H3_tth9h0VBfhlSTk6aIW https://youtu.be/UQ0R7HLFYe8?list=PL50-cnweeFH8H3_tth9h0VBfhlSTk6aIW https://youtu.be/4wg_-ZEhHMc?list=PL50-cnweeFH8H3_tth9h0VBfhlSTk6aIW https://youtu.be/B5SAwyiNWpE?list=PL50-cnweeFH8H3_tth9h0VBfhlSTk6aIW https://youtu.be/nxQuilt-38c?list=PL50-cnweeFH8H3_tth9h0VBfhlSTk6aIW https://youtu.be/RkGs5rWBOqY?list=PL50-cnweeFH8H3_tth9h0VBfhlSTk6aIW https://youtu.be/-sQCM783Hvk?list=PL50-cnweeFH8H3_tth9h0VBfhlSTk6aIW https://youtu.be/t1xL4rfci98?list=PL50-cnweeFH8H3_tth9h0VBfhlSTk6aIW https://youtu.be/hiA4EyaHIow?list=PL50-cnweeFH8H3_tth9h0VBfhlSTk6aIW https://youtu.be/3YTrtS3q7v4?list=PL50-cnweeFH8H3_tth9h0VBfhlSTk6aIW https://youtu.be/GIIbN6Q_aeA?list=PL50-cnweeFH8H3_tth9h0VBfhlSTk6aIW https://youtu.be/QhplVU41bQg?list=PL50-cnweeFH8H3_tth9h0VBfhlSTk6aIW https://youtu.be/KMrOJi1muvU?list=PL50-cnweeFH8H3_tth9h0VBfhlSTk6aIW https://youtu.be/z0ULQQbRAMA?list=PL50-cnweeFH8H3_tth9h0VBfhlSTk6aIW https://youtu.be/V21d7MfTg7g?list=PL50-cnweeFH8H3_tth9h0VBfhlSTk6aIW
us:sd:2791451,Janesville-Waldorf-Pemberton,MN,youtube,https://www.youtube.com/@jwpbulldogs,channel,no,districts_combined,https://www.youtube.com/@jwpbulldogs
us:sd:3413320,Point Pleasant Beach Borough School District,NJ,youtube,https://youtu.be/pQbzy-puJyc,single_video,no,districts_combined,https://youtu.be/pQbzy-puJyc https://youtu.be/AG8Af38VwCY https://youtu.be/9K0A3uXo78U?si=ODcT1Cmg528VlhIj https://youtu.be/rvUw67a1OVI https://youtu.be/-UwxJ0On28w https://youtu.be/T1Thjxa5134 https://youtu.be/v20u722of9Y https://youtu.be/lscP19ZCWPA https://youtu.be/zpmqCsBpxzs
us:sd:3600020,Campbell-Savona Central School District,NY,youtube,https://www.youtube.com/@Campbell-SavonaCSD,channel,no,districts_combined,https://www.youtube.com/@Campbell-SavonaCSD https://youtu.be/37JRYmhIf_c https://youtu.be/PkeiYfqJ_8w https://youtu.be/djCD0gktRuM?si=W7S8oPotHkBiuAen https://youtu.be/LXulojmyGHg https://youtu.be/PJdmlGm4YCM
us:sd:1700092,Georgetown-Ridge Farm Consolidated Unit School District 4,IL,youtube,https://youtu.be/z-tQC8wyNCs?si=HLGXPawjC70P_uy8,single_video,yes,districts_combined,https://youtu.be/z-tQC8wyNCs?si=HLGXPawjC70P_uy8
us:sd:3904526,Carey Exempted Village School District,OH,youtube,https://www.youtube.com/live/fThe1BjS0Ks?is=ILB-dELNIzf5nJC6,single_video,no,districts_combined,https://www.youtube.com/live/fThe1BjS0Ks?is=ILB-dELNIzf5nJC6 https://www.youtube.com/watch?v=uziQGVKuC5U
us:sd:4836210,Queen City Independent School District,TX,youtube,https://youtu.be/wLiUxKLCM3Q,single_video,no,districts_combined,https://youtu.be/wLiUxKLCM3Q
us:sd:2012870,Wellsville Unified School District 289,KS,youtube,https://youtu.be/1AVMCTlS4WM,single_video,no,districts_combined,https://youtu.be/1AVMCTlS4WM https://youtu.be/6Vur2ThQw4s
us:sd:0504080,Cedarville School District,AR,youtube,https://youtube.com/live/O6Mp3XIZacc?feature=share,single_video,no,districts_combined,https://youtube.com/live/O6Mp3XIZacc?feature=share https://youtube.com/live/fgidsfLfhKY?feature=share
us:sd:4222920,Sullivan County School District,PA,youtube,https://www.youtube.com/@sulcosd/streams,channel,yes,districts_combined,https://www.youtube.com/c/sulcosd https://www.youtube.com/@sulcosd/streams
us:sd:3415000,Somerdale Borough School District,NJ,youtube,https://www.youtube.com/channel/UCZQT7BXeltveA4NMCQ0qdWg,channel,yes,districts_combined,https://www.youtube.com/channel/UCZQT7BXeltveA4NMCQ0qdWg
us:sd:3303150,Fremont School District,NH,youtube,https://www.youtube.com/watch?v=Rdl8KkMDiZM,single_video,no,districts_combined,https://www.youtube.com/watch?v=Rdl8KkMDiZM
us:sd:3621510,Oakfield-Alabama Central School District,NY,youtube,https://www.youtube.com/@OAlivestream/playlists,channel,yes,districts_combined,https://www.youtube.com/@OAlivestream/playlists https://www.youtube.com/playlist?list=PLawzqEHwWR7XNzesso8O8QPudoNRoG73D
us:sd:2919080,Osage County R-II School District,MO,youtube,https://www.youtube.com/watch?v=qhY0XsFh5QA,single_video,no,districts_combined,https://www.youtube.com/watch?v=qhY0XsFh5QA https://www.youtube.com/watch?v=MqWbgzPJS9c https://www.youtube.com/watch?v=45zcCD4qq1c https://www.youtube.com/watch?v=DqB4Q1Uc-Kk https://www.youtube.com/watch?v=a_c68kDmCZI https://www.youtube.com/watch?v=ODCAE2YVHic https://www.youtube.com/watch?v=OnpV9CB7HWI https://www.youtube.com/watch?v=wRGheI-Reo4 https://www.youtube.com/watch?v=KQZRR5IFMCY https://www.youtube.com/watch?v=1PFnGwdNPAY https://www.youtube.com/watch?v=GVtwx7YFZSI https://www.youtube.com/watch?v=uXv2z6H9DQY https://www.youtube.com/watch?v=cUGS5099rgo https://www.youtube.com/watch?v=FmKsSpDVm0c https://www.youtube.com/watch?v=kv4WTzemknk
us:sd:3904912,Eastern Local School District,OH,youtube,https://youtube.com/shorts/9ENg_9Sm63I,single_video,no,districts_combined,https://youtube.com/shorts/9ENg_9Sm63I
us:sd:3609360,Duanesburg Central School District,NY,youtube,https://www.youtube.com/channel/UC4QqT8Jzrxs8uGS7rCyHccg,channel,no,districts_combined,https://www.youtube.com/live/iVB-6CyjXHw?si=dqJs9vo1ZWiP6K_R https://www.youtube.com/channel/UC4QqT8Jzrxs8uGS7rCyHccg https://www.youtube.com/c/DCSEagles
us:sd:2930780,Van-Far R-I School District,MO,youtube,https://www.youtube.com/live/BEilDrWU1Bc?feature=shared,single_video,no,districts_combined,https://www.youtube.com/live/BEilDrWU1Bc?feature=shared
us:sd:0103300,Thomasville City School District,AL,youtube,https://youtu.be/jwxo0ODbQAU,single_video,no,districts_combined,https://youtu.be/jwxo0ODbQAU https://youtu.be/FqV3TdMaelw https://youtu.be/YirR254qNfc
us:sd:4217130,North Clarion County School District,PA,youtube,https://www.youtube.com/@nctv343,channel,no,districts_combined,https://www.youtube.com/@nctv343
us:sd:3904617,Brown Local School District,OH,youtube,https://www.youtube.com/channel/UChJXKVfR3l6yFT77eJRXOcw,channel,no,districts_combined,https://www.youtube.com/channel/UChJXKVfR3l6yFT77eJRXOcw
us:sd:1808040,Tipton County Northern Community School Corporation,IN,youtube,https://www.youtube.com/channel/UCXtlWB29g1g70juTDQKDiiA,channel,no,districts_combined,https://www.youtube.com/channel/UCXtlWB29g1g70juTDQKDiiA
us:sd:5505130,Genoa City Joint No. 2 School District,WI,youtube,https://youtu.be/DzkNxdOYJMQ,single_video,no,districts_combined,https://youtu.be/DzkNxdOYJMQ https://www.youtube.com/watch?v=Ctztw3CYoLM
us:sd:0506690,Centerpoint School District,AR,youtube,https://www.youtube.com/channel/UCImLK0TqeGNNwSmvwKiTwzw,channel,no,districts_combined,https://www.youtube.com/channel/UCImLK0TqeGNNwSmvwKiTwzw
us:sd:1925920,West Fork Community School District,IA,youtube,https://www.youtube.com/channel/UCK0zNwRQMIvFInTkSUiyEqQ,channel,no,districts_combined,https://www.youtube.com/channel/UCK0zNwRQMIvFInTkSUiyEqQ https://www.youtube.com/watch?v=pc9TgeWwpMU
us:sd:4843320,Tulia Independent School District,TX,youtube,https://www.youtube.com/live/PW5IWZl32Bk,single_video,no,districts_combined,https://www.youtube.com/live/PW5IWZl32Bk
us:sd:1810470,South Newton School Corporation,IN,youtube,https://www.youtube.com/watch?v=hBFPx03ha68&feature=youtu.be,single_video,yes,districts_combined,https://www.youtube.com/watch?v=hBFPx03ha68&feature=youtu.be
us:sd:5305490,Napavine School District,WA,youtube,https://youtube.com/live/jSmkZ8cl7lM?feature=share,single_video,no,districts_combined,https://youtube.com/live/jSmkZ8cl7lM?feature=share
us:sd:5309930,Winlock School District,WA,youtube,https://youtu.be/Nbr0eUnN9HQ,single_video,yes,districts_combined,https://youtu.be/Nbr0eUnN9HQ
us:sd:3904858,St. Henry Consolidated Local School District,OH,youtube,https://www.youtube.com/embed/_qH0a8pn0Oc,single_video,yes,districts_combined,https://www.youtube.com/embed/_qH0a8pn0Oc
us:sd:1810110,Shakamak Schools Metropolitan School District,IN,youtube,https://www.youtube.com/watch?v=NZSKxflaDvs,single_video,no,districts_combined,https://www.youtube.com/watch?v=NZSKxflaDvs
us:sd:0619110,Julian Union High School District,CA,youtube,https://www.youtube.com/watch?v=4BSReKvnlbw,single_video,no,districts_combined,https://www.youtube.com/watch?v=4BSReKvnlbw
us:sd:3904594,Minster Local School District,OH,youtube,https://www.youtube.com/channel/UCvNem-FigDYjOxffzrGppXw,channel,no,districts_combined,https://www.youtube.com/channel/UCvNem-FigDYjOxffzrGppXw
us:sd:2617370,Hale Area Schools,MI,youtube,https://www.youtube.com/watch?v=YvDkSqszk94&list=PLrEMSH31c9AeAU1Mby0Fs2nF1KqFjbq-n,playlist,no,districts_combined,https://www.youtube.com/watch?v=YvDkSqszk94&list=PLrEMSH31c9AeAU1Mby0Fs2nF1KqFjbq-n
us:sd:1719260,Hinckley-Big Rock Community Unit School District 429,IL,youtube,https://www.youtube.com/channel/UCcNJ6ijnqwe0nF8UpSCsB8A,channel,no,districts_combined,https://www.youtube.com/channel/UCcNJ6ijnqwe0nF8UpSCsB8A
us:sd:3622500,Pavilion Central School District,NY,youtube,https://youtu.be/GlpmVtZPZNs,single_video,no,districts_combined,https://youtu.be/GlpmVtZPZNs https://youtu.be/P2tIi71Q0eY
us:sd:0506210,Fordyce School District,AR,youtube,https://youtu.be/Ak_9UAR7-Mg,single_video,no,districts_combined,https://youtu.be/Ak_9UAR7-Mg
us:sd:1706390,Bismarck-Henning Consolidated Unit School District,IL,youtube,https://www.youtube.com/channel/UC0Nx6OrunBcg0jo8SdHt1ZA,channel,no,districts_combined,https://www.youtube.com/channel/UC0Nx6OrunBcg0jo8SdHt1ZA
us:sd:4824150,Industrial Independent School District,TX,youtube,https://www.youtube.com/channel/UCunmpVN6BVzEFfayZGvPFmw,channel,no,districts_combined,https://www.youtube.com/channel/UCunmpVN6BVzEFfayZGvPFmw
us:sd:4842060,Taft Independent School District,TX,youtube,https://youtu.be/SZbyO6XzBoY,single_video,yes,districts_combined,https://youtu.be/SZbyO6XzBoY
us:sd:0500065,Lafayette County School District,AR,youtube,https://www.youtube.com/watch?v=4xuKGlwy2KE,single_video,no,districts_combined,https://www.youtube.com/watch?v=4xuKGlwy2KE
us:sd:5401590,Wirt County School District,WV,youtube,https://www.youtube.com/@WirtCountyBOE/live,channel,no,districts_combined,https://www.youtube.com/@WirtCountyBOE/live
us:sd:3904853,Southern Local School District,OH,youtube,https://youtu.be/DY7Vudwz6ao?si=nYjYRoOHeV1OHpTL,single_video,no,districts_combined,https://youtu.be/DY7Vudwz6ao?si=nYjYRoOHeV1OHpTL https://www.youtube.com/watch?v=dDJ0mK83hp0 https://youtu.be/sAAt3yPJeUU?feature=shared https://youtu.be/iOISn4D1g4w?feature=shared
us:sd:1903060,AGWSR Community School District,IA,youtube,https://youtube.com/playlist?list=PLzLwCMDj5iZR6k32N_A1h2RI-xZa6GmX8&si=i0XwO-o0NCCyDgsT,playlist,no,districts_combined,https://youtube.com/playlist?list=PLzLwCMDj5iZR6k32N_A1h2RI-xZa6GmX8&si=i0XwO-o0NCCyDgsT
us:sd:4209660,Fannett-Metal School District,PA,youtube,https://youtu.be/LN5oB-7KMIk,single_video,no,districts_combined,https://youtu.be/LN5oB-7KMIk
us:sd:1910950,Emmetsburg Community School District,IA,youtube,https://www.youtube.com/watch?v=Bv2WO7IBBdc,single_video,no,districts_combined,https://www.youtube.com/watch?v=Bv2WO7IBBdc https://www.youtube.com/watch?v=13LbZ_hSDB8 https://www.youtube.com/watch?v=CDsKf2iJlLc https://youtu.be/Rd3jHKOBFAI
us:sd:3028620,Wolf Point High School District,MT,youtube,https://www.youtube.com/@wpsdwolves,channel,no,districts_combined,https://www.youtube.com/@wpsdwolves
us:sd:1929010,Van Meter Community School District,IA,youtube,https://www.youtube.com/channel/UCmoUw82FHCyfbqq2bwMMTCw,channel,yes,districts_combined,https://www.youtube.com/channel/UCmoUw82FHCyfbqq2bwMMTCw https://www.youtube.com/@WintersetHuskies/streams
us:sd:1929010,Van Meter Community School District,IA,youtube,https://www.youtube.com/@WintersetHuskies/streams,channel,yes,districts_combined,https://www.youtube.com/channel/UCmoUw82FHCyfbqq2bwMMTCw https://www.youtube.com/@WintersetHuskies/streams
us:sd:3411940,Oaklyn Borough School District,NJ,youtube,https://www.youtube.com/watch?v=eQRiaPQc4QU,single_video,no,districts_combined,https://www.youtube.com/watch?v=eQRiaPQc4QU https://www.youtube.com/live/r4WoFTZHNJo?si=reiT3gUJuqN2yQ_7 https://www.youtube.com/live/70NCyU0pi-I?si=xmLQORZY0UYibwU- https://www.youtube.com/live/rZuf7W5qMrI?si=IDmOGT1kGERnGm2R https://www.youtube.com/live/VLFDNA6_Rjg?si=9YQNPKEfPQ5YJcq8 https://www.youtube.com/live/Xjjs_ofvAYg?si=V-uzjQ53V4hdgFVE https://www.youtube.com/live/awonTIWXuPI?si=luCouVv3-XAwsTTy https://www.youtube.com/live/-v3pmYQfJ_U?si=8VxSa3tJW445i5-S https://www.youtube.com/live/-NyaC8xQSSw?si=n-VfKOiKY-rdiCsF https://www.youtube.com/live/k3C1HFWqg5I?si=ZwcdQZE0V863M7wF https://www.youtube.com/live/Gq7er_cI3EU?si=3P49KmHD3yidJHko https://www.youtube.com/live/pKHdhcQpubM?si=JmAem95RfPB10JhT https://www.youtube.com/watch?v=QOZyVgVV9p0 https://www.youtube.com/live/e93jEqwU8OE?si=miAQG8n6Y4ETvrJG https://www.youtube.com/live/XdaK9XU66IQ?si=EKEwj88XCXbNFa5T https://www.youtube.com/live/8zEq-VQGyyc?feature=share https://www.youtube.com/live/lbNVU630cTw?feature=share https://www.youtube.com/live/P-33XBIFjiw?feature=share https://youtu.be/-PfEuFiJ-hw https://www.youtube.com/watch?v=WUaBQTxxyPs https://www.youtube.com/watch?v=JGkmLHSNVgA https://www.youtube.com/watch?v=ir2EP7iaFZY https://www.youtube.com/watch?v=1bptzFYHwV4
us:sd:4839150,Sanford-Fritch Independent School District,TX,youtube,https://www.youtube.com/channel/UCzpjvDZ_tSUqTB_P6hCC04A,channel,no,districts_combined,https://www.youtube.com/channel/UCzpjvDZ_tSUqTB_P6hCC04A
us:sd:2625800,North Muskegon Public Schools,MI,youtube,https://www.youtube.com/channel/UCMyXvuPqKPMMZBH5Ju9XGIA,channel,yes,districts_combined,https://www.youtube.com/@NorseNetwork https://www.youtube.com/channel/UCMyXvuPqKPMMZBH5Ju9XGIA
us:sd:4008130,Coalgate Public Schools,OK,youtube,https://youtube.com/live/zgbETTUfweE,single_video,no,districts_combined,https://youtube.com/live/zgbETTUfweE https://www.youtube.com/live/H242e_W74J8?is=-iaxu1tm9jUEge9q https://youtube.com/live/Tf6wrEO9HJ8 https://www.youtube.com/live/XUS15VJu5dU?is=CXFbEnVoztH2Pj1H
us:sd:2307800,Madawaska,ME,youtube,https://www.youtube.com/user/MrMadtownman,channel,no,districts_combined,https://www.youtube.com/user/MrMadtownman
us:sd:4825530,Kerens Independent School District,TX,youtube,https://youtu.be/oPRr42ACdP8,single_video,yes,districts_combined,https://youtu.be/oPRr42ACdP8
us:sd:5503810,Drummond Area School District,WI,youtube,https://www.youtube.com/channel/UC_JDBvGErFZalVN30X4VHFQ,channel,no,districts_combined,https://www.youtube.com/channel/UC_JDBvGErFZalVN30X4VHFQ
us:sd:2725140,Osakis Public School District,MN,youtube,https://www.youtube.com/watch?v=kLn5_eUUN7Y,single_video,no,districts_combined,https://www.youtube.com/watch?v=kLn5_eUUN7Y
us:sd:0903360,Pomfret School District,CT,youtube,https://www.youtube.com/watch?v=7Xp8iJg27uo,single_video,no,districts_combined,https://www.youtube.com/watch?v=7Xp8iJg27uo
us:sd:4008940,Coyle Public Schools,OK,youtube,https://www.youtube.com/shorts/-TPttWuEURM,single_video,no,districts_combined,https://www.youtube.com/shorts/-TPttWuEURM
us:sd:2910380,Crystal City 47 School District,MO,youtube,https://www.youtube.com/channel/UCPkyGIfW3o5uft-DejeaGnA,channel,yes,districts_combined,https://www.youtube.com/channel/UCPkyGIfW3o5uft-DejeaGnA
us:sd:1918480,Maple Valley-Anthon Oto Community School District,IA,youtube,https://youtu.be/dtWPNME9W2w,single_video,no,districts_combined,https://youtu.be/dtWPNME9W2w
us:sd:1712810,Durand Community Unit School District 322,IL,youtube,https://www.youtube.com/channel/UCTSw1LrtZpbTTUhxLOZ5GFQ,channel,no,districts_combined,https://www.youtube.com/channel/UCTSw1LrtZpbTTUhxLOZ5GFQ
us:sd:4821960,Gunter Independent School District,TX,youtube,https://www.youtube.com/channel/UCud8txNQo6JtbidEykbdakw,channel,no,districts_combined,https://youtu.be/ggJjV0_fsfw https://youtu.be/AiroQuvuNUQ https://www.youtube.com/watch?v=CCTeSjpDsIs https://www.youtube.com/channel/UCud8txNQo6JtbidEykbdakw
us:sd:3618990,Menands Union Free School District,NY,youtube,https://www.youtube.com/@menandsufsdboardofeducation/featured,channel,yes,districts_combined,https://www.youtube.com/@menandsufsdboardofeducation/featured https://youtu.be/SSNaS246b2o https://www.youtube.com/watch?v=IYtupjiEH58&feature=youtu.be https://youtu.be/hEfZHZwXKyw https://youtu.be/7X5XZwwoI2c https://youtu.be/NcljrFMdPsY https://www.youtube.com/watch?v=zQa2H3Tte7o&feature=youtu.be&ab_channel=MenandsSchool https://youtu.be/y1YBUuqDT_M https://www.youtube.com/watch?v=cWR7SBZm4mY&feature=youtu.be&ab_channel=MenandsSchool https://www.youtube.com/watch?v=En7Jm4RcOmM&feature=youtu.be&ab_channel=MenandsSchool https://www.youtube.com/watch?v=7Bjx7Fr6Lhc&ab_channel=MenandsSchool https://www.youtube.com/watch?v=2ecF7QWu0Vw&ab_channel=MenandsSchool https://www.youtube.com/watch?v=MQIuuH7U3rQ&ab_channel=MenandsSchool https://www.youtube.com/watch?v=1HIpoWaLFhs&ab_channel=MenandsSchool https://www.youtube.com/watch?v=I9N0gz-3AIk&ab_channel=MenandsSchool https://www.youtube.com/watch?v=__UWmjfMPf0&ab_channel=MenandsSchool
us:sd:4841430,Stanton Independent School District,TX,youtube,https://www.youtube.com/channel/UCvmRiLd9yacJ5PT9yMWDEKQ,channel,yes,districts_combined,https://www.youtube.com/channel/UCEa9D3q538V9whMG7L5J32w https://www.youtube.com/watch?v=oVl92-3k20Q https://youtube.com/live/55HJ6p5dvcA?feature=share https://youtube.com/live/QMdBvjH_OHA?feature=share https://www.youtube.com/channel/UCvmRiLd9yacJ5PT9yMWDEKQ
us:sd:4225440,West Greene School District,PA,youtube,https://www.youtube.com/@westgreenevideoclub9587/streams,channel,no,districts_combined,https://www.youtube.com/@westgreenevideoclub9587/streams
us:sd:3905022,McDonald Local School District,OH,youtube,https://www.youtube.com/@McDonaldLocalSchools,channel,no,districts_combined,https://www.youtube.com/@McDonaldLocalSchools
us:sd:3905003,Mogadore Local School District,OH,youtube,https://youtube.com/@10centbeernight?si=FEo7-5oIFdEOtKo9,channel,no,districts_combined,https://www.youtube.com/@MogadoreLocalSchools https://youtube.com/@10centbeernight?si=FEo7-5oIFdEOtKo9 https://youtube.com/@waohtv
us:sd:3905003,Mogadore Local School District,OH,youtube,https://youtube.com/@waohtv,channel,no,districts_combined,https://www.youtube.com/@MogadoreLocalSchools https://youtube.com/@10centbeernight?si=FEo7-5oIFdEOtKo9 https://youtube.com/@waohtv
us:sd:5515450,Walworth Joint No. 1 School District,WI,youtube,https://youtu.be/VmICNqV8ZCA?si=HPqn-Oqir9mUVI8B,single_video,no,districts_combined,https://youtu.be/VmICNqV8ZCA?si=HPqn-Oqir9mUVI8B https://www.youtube.com/watch?v=j5a4zGSSC5s https://www.youtube.com/watch?v=32DCEdbfYBI https://youtu.be/gvmEInzhoEo?feature=shared https://youtu.be/_qh3kM5K9ak?feature=shared https://www.youtube.com/watch?v=jaINWqKXcGE
us:sd:2931710,West Platte County R-II School District,MO,youtube,https://www.youtube.com/watch?v=XYxPFA2hvQo,single_video,yes,districts_combined,https://www.youtube.com/watch?v=XYxPFA2hvQo
us:sd:1714050,Elmwood Community Unit School District 322,IL,youtube,https://www.youtube.com/channel/UCKBUHOXiZRB7eBWX8XWwJOQ,channel,no,districts_combined,https://www.youtube.com/channel/UCKBUHOXiZRB7eBWX8XWwJOQ
us:sd:0607170,Camino Union Elementary School District,CA,youtube,https://www.youtube.com/watch?v=iKA4tsHSZpo&feature=youtu.be,single_video,no,districts_combined,https://www.youtube.com/watch?v=iKA4tsHSZpo&feature=youtu.be
us:sd:4826340,La Villa Independent School District,TX,youtube,https://www.youtube.com/@LaVillaISD,channel,no,districts_combined,https://www.youtube.com/@LaVillaISD
us:sd:4680441,Mobridge-Pollock School District 62-6,SD,youtube,https://www.youtube.com/@mpstigers,channel,no,districts_combined,https://www.youtube.com/@mpstigers https://youtu.be/q1J5CvDfyH4 https://www.youtube.com/watch?v=bJXlZbOgd6U https://www.youtube.com/watch?v=rrU8L-0tUGk
us:sd:1914010,Highland Community School District,IA,youtube,https://www.youtube.com/@highlandhuskiesyoutube2574,channel,no,districts_combined,https://www.youtube.com/@highlandhuskiesyoutube2574 https://www.youtube.com/watch?v=cZlCSkt-PgE&authuser=0
us:sd:1913290,Grundy Center Community School District,IA,youtube,https://www.youtube.com/@grundycenterspartans/,channel,no,districts_combined,https://www.youtube.com/@grundycenterspartans/ https://www.youtube-nocookie.com/embed/BWZYYIm1pn4?modestbranding=1&showinfo=0&rel=0&autoplay=0&cc_load_policy=1&cc_lang_pref=en&hl=en https://www.youtube-nocookie.com/embed/XatdF2LFi4U?modestbranding=1&showinfo=0&rel=0&autoplay=0&cc_load_policy=1&cc_lang_pref=en&hl=en https://www.youtube-nocookie.com/embed/sdND_ZoQibw?si=c0vYm-joJ9PXUVDe%3Fmodestbranding%3D1&showinfo=0&rel=0&autoplay=0&cc_load_policy=1&cc_lang_pref=en&hl=en https://www.youtube-nocookie.com/embed/odSuY7hUuOc?si=wr97XuA3JosZ99ny%3Fmodestbranding%3D1&showinfo=0&rel=0&autoplay=0&cc_load_policy=1&cc_lang_pref=en&hl=en
us:sd:2603990,Baraga Area Schools,MI,youtube,https://www.youtube.com/watch?v=jDu-nPJvvFo,single_video,no,districts_combined,https://www.youtube.com/watch?v=jDu-nPJvvFo
us:sd:1730780,Paris Community Unit School District 4,IL,youtube,https://www.youtube.com/channel/UCpO_lwtwBB41y5XnKpOkugQ,channel,no,districts_combined,https://www.youtube.com/channel/UCpO_lwtwBB41y5XnKpOkugQ
us:sd:2105940,Williamstown Independent School District,KY,youtube,https://www.youtube.com/watch?v=1jR7dME7QX8,single_video,no,districts_combined,https://www.youtube.com/watch?v=1jR7dME7QX8
us:sd:3411670,North Wildwood City School District,NJ,youtube,https://www.youtube.com/watch?v=SKQXshzqL9Y,single_video,no,districts_combined,https://www.youtube.com/watch?v=SKQXshzqL9Y https://www.youtube.com/watch?v=OXVlYA_g1zY
us:sd:2742750,Willow River Public School District,MN,youtube,https://www.youtube.com/@rushcityactivities8690/streams,channel,no,districts_combined,https://www.youtube.com/@rushcityactivities8690/streams https://www.youtube.com/watch?v=JoVVpJDwD68
us:sd:5503240,De Soto Area School District,WI,youtube,https://www.youtube.com/watch?v=JoZUXnOZrMY,single_video,yes,districts_combined,https://www.youtube.com/watch?v=JoZUXnOZrMY https://www.youtube.com/watch?v=YO0wGe9d4eo https://www.youtube.com/watch?v=ANMr-ucArHw https://www.youtube.com/watch?v=5Ips0F_RlWE https://www.youtube.com/watch?v=glnTGjfTaPI
us:sd:4846350,Wolfe City Independent School District,TX,youtube,https://youtu.be/RVrbP8iXTxI,single_video,no,districts_combined,https://youtu.be/RVrbP8iXTxI https://youtu.be/uRPt54pusUM
us:sd:3904809,Riverside Local School District,OH,youtube,https://www.youtube.com/channel/UCKHPJxiKMDP3A37poWxN3Ag,channel,no,districts_combined,https://www.youtube.com/channel/UCKHPJxiKMDP3A37poWxN3Ag
us:sd:3904915,Western Local School District,OH,youtube,https://www.youtube.com/@westernyoutube9899,channel,no,districts_combined,https://www.youtube.com/@westernyoutube9899
us:sd:2618360,Hillman Community Schools,MI,youtube,https://www.youtube.com/watch?v=sLWPhh4gZTE,single_video,no,districts_combined,https://www.youtube.com/watch?v=sLWPhh4gZTE
us:sd:3605610,Brocton Central School District,NY,youtube,https://www.youtube.com/watch?v=B7WKF7zHpEA,single_video,yes,districts_combined,https://www.youtube.com/watch?v=B7WKF7zHpEA
us:sd:5300720,Bridgeport School District,WA,youtube,https://www.youtube.com/watch?v=M5a2la9WTtY,single_video,no,districts_combined,https://www.youtube.com/watch?v=M5a2la9WTtY
us:sd:1812060,Crothersville Community Schools,IN,youtube,https://youtube.com/live/1OowWjhWkCA,single_video,no,districts_combined,https://youtube.com/live/1OowWjhWkCA https://youtube.com/live/Q3IzuxA3sTg?feature=share https://youtube.com/live/2MwIi0C6Myo?feature=share https://youtube.com/live/lIaGfmjKYKE?feature=share https://youtube.com/live/e2rhxeZ80t0?feature=share https://youtube.com/live/QQ6WVHp-oXo?feature=share https://studio.youtube.com/video/J1W3mDKIClU/livestreaming https://youtube.com/live/oJOhAF0lWk4?feature=share https://www.youtube.com/live/3UPGQsFuoOQ https://studio.youtube.com/video/XR7QhJrI2Ws/livestreaming https://youtube.com/live/_XhmHmvK4so?feature=share https://youtube.com/live/qIGKYDjy5JM?feature=share
us:sd:4808430,Anthony Independent School District,TX,youtube,https://www.youtube.com/channel/UCH5iUJyMWdG0u6UBQrA4aMQ,channel,yes,districts_combined,https://www.youtube.com/channel/UCH5iUJyMWdG0u6UBQrA4aMQ
us:sd:2910290,Crane R-III School District,MO,youtube,https://www.youtube.com/live/YiEwGbgq7Mo?si=qJyWTNJOTFEYs8Jz,single_video,no,districts_combined,https://www.youtube.com/live/YiEwGbgq7Mo?si=qJyWTNJOTFEYs8Jz
us:sd:4016380,Ketchum Public Schools,OK,youtube,https://www.youtube.com/embed/sD4AFHLs0vQ,single_video,no,districts_combined,https://www.youtube.com/embed/sD4AFHLs0vQ https://www.youtube.com/embed/yIqZDbk3M40 https://www.youtube.com/embed/nosq29MZng4 https://www.youtube.com/embed/Sno_0Jd8GuA https://www.youtube.com/embed/Gc6rxPQ1_Sc https://www.youtube.com/embed/eIWKHlK0-2o
us:sd:2630780,Sand Creek Community Schools,MI,youtube,https://youtu.be/pmobe1yNvdI,single_video,no,districts_combined,https://youtu.be/pmobe1yNvdI
us:sd:2931860,Westran R-I School District,MO,youtube,https://www.youtube.com/channel/UC_u31hF5pLCQFap0x7_E0OA,channel,no,districts_combined,https://www.youtube.com/channel/UC_u31hF5pLCQFap0x7_E0OA
us:sd:4108430,Monroe School District 1J,OR,youtube,https://www.youtube.com/watch?v=LZGGgzJknfQ,single_video,no,districts_combined,https://www.youtube.com/watch?v=LZGGgzJknfQ https://youtu.be/reWDoSd86jM https://youtu.be/mvbsFzG6mfg https://youtu.be/QVKNrCKVODg https://www.youtube.com/watch?v=uCXbSDtzhdo https://youtu.be/22OoRss6Sm4 https://youtu.be/U20nkgkehT0 https://youtu.be/oitsC6UHVXo https://www.youtube.com/watch?v=BDbDDstWDbY https://www.youtube.com/watch?v=cxRUaBsMKuo https://youtu.be/nmNwTgsdISU https://youtu.be/2GC3qFkek74 https://www.youtube.com/watch?v=W6EeXrUZ4Kg
us:sd:5304740,Manson School District,WA,youtube,https://youtube.com/playlist?list=PLtH6YsuGj_QdRr1Q1n8RNwBGKJs6lSDRT&si=9Vu1sWVGdMTOt8x0,playlist,no,districts_combined,https://youtube.com/playlist?list=PLtH6YsuGj_QdRr1Q1n8RNwBGKJs6lSDRT&si=9Vu1sWVGdMTOt8x0
us:sd:5512480,Raymond No. 14 School District,WI,youtube,https://youtube.com/channel/UCf39iHPCv1Ov8i9IgiOtgLA?si=5QQGTXF-c28b4ly2,channel,no,districts_combined,https://youtube.com/channel/UCf39iHPCv1Ov8i9IgiOtgLA?si=5QQGTXF-c28b4ly2
us:sd:1742060,Wethersfield Community Unit School District 230,IL,youtube,https://www.youtube.com/channel/UCTLRjSitvHfsKVvai-ASAQQ,channel,no,districts_combined,https://www.youtube.com/channel/UCTLRjSitvHfsKVvai-ASAQQ
us:sd:3631830,Wynantskill Union Free School District,NY,youtube,https://www.youtube.com/channel/UC8e8FiDA0nFASygx4ZJxqRA,channel,yes,districts_combined,https://www.youtube.com/channel/UC8e8FiDA0nFASygx4ZJxqRA
us:sd:4829190,Mart Independent School District,TX,youtube,https://youtu.be/JprKfKPMwBI,single_video,no,districts_combined,https://youtu.be/JprKfKPMwBI
us:sd:3405550,Fredon Township School District,NJ,youtube,https://youtube.com/@kittatinnyregionalhighscho4966?si=AHi5xLLDZFpZLzjm,channel,no,districts_combined,https://youtube.com/@kittatinnyregionalhighscho4966?si=AHi5xLLDZFpZLzjm
us:sd:3618510,Margaretville Central School District,NY,youtube,https://www.youtube.com/watch?v=uzvM2XWKgAM,single_video,yes,districts_combined,https://www.youtube.com/watch?v=uzvM2XWKgAM https://youtu.be/3VTgTRinzUg?si=xPiZZE5SpKMCNZMt
us:sd:3023910,Shelby High School District,MT,youtube,https://www.youtube.com/watch?v=q8QyktiexA8&list=PLVDKtDT0KefQxW_q8_vQt3oPQ4b7xZeUP&index=8,playlist,no,districts_combined,https://www.youtube.com/watch?v=q8QyktiexA8&list=PLVDKtDT0KefQxW_q8_vQt3oPQ4b7xZeUP&index=8 https://youtu.be/zL791T8I36k https://www.youtube.com/playlist?list=PLNhouJzZg1iu9F-Qbx25L2KrxV_3kxLZu
us:sd:0803390,Dolores School District RE-4A,CO,youtube,https://www.youtube.com/channel/UCvK7a-znKWnBofkfy8b7Emg,channel,no,districts_combined,https://www.youtube.com/embed/iW4kXFYK33U https://www.youtube.com/channel/UCvK7a-znKWnBofkfy8b7Emg
us:sd:2707470,Canby Public School District,MN,youtube,https://www.youtube.com/watch?v=bCF_REGgDNs&t=1504s,single_video,no,districts_combined,https://www.youtube.com/watch?v=bCF_REGgDNs&t=1504s
us:sd:4020080,Millwood Public Schools,OK,youtube,https://www.youtube.com/live/WYoHh7jRRp8?si=6-7vCfFnxYynTUjb,single_video,no,districts_combined,https://www.youtube.com/live/WYoHh7jRRp8?si=6-7vCfFnxYynTUjb
us:sd:1738520,Taft School District 90,IL,youtube,https://www.youtube.com/channel/UC-w2E6R7CCD52u9h82Sqvtg,channel,no,districts_combined,https://www.youtube.com/channel/UC-w2E6R7CCD52u9h82Sqvtg
us:sd:3905051,Wolf Creek Local School District,OH,youtube,https://www.youtube.com/watch?v=l4nIUqfjMxQ&feature=youtu.be&hd=1,single_video,no,districts_combined,https://www.youtube.com/watch?v=l4nIUqfjMxQ&feature=youtu.be&hd=1 https://www.youtube.com/watch?v=AEDrHkXYdlg&feature=youtu.be https://www.youtube.com/watch?v=oT5N2MY3N9A&feature=youtu.be
us:sd:4807980,Alto Independent School District,TX,youtube,https://www.youtube.com/live/i74FBEZVT4s,single_video,no,districts_combined,https://www.youtube.com/live/i74FBEZVT4s
us:sd:2634380,Ubly Community Schools,MI,youtube,https://www.youtube-nocookie.com/embed/W9Ovxmil2IA?rel=0&showinfo=0,single_video,no,districts_combined,https://www.youtube-nocookie.com/embed/W9Ovxmil2IA?rel=0&showinfo=0 https://www.youtube-nocookie.com/embed/-mhLvjXuazI?rel=0&showinfo=0
us:sd:3004260,Bonner Elementary School District,MT,youtube,https://youtu.be/SzZ_S2mRdyk?si=kTMBstPSwRjNiR3v,single_video,no,districts_combined,https://youtu.be/SzZ_S2mRdyk?si=kTMBstPSwRjNiR3v
us:sd:1603480,Wilder School District 133,ID,youtube,https://www.youtube.com/channel/UCU0T4Oioq1fsISwPr7OrELw,channel,yes,districts_combined,https://www.youtube.com/channel/UCU0T4Oioq1fsISwPr7OrELw
us:sd:1900026,South O'Brien Community School District,IA,youtube,https://www.youtube.com/@southobrien611/streams,channel,yes,districts_combined,https://www.youtube.com/@southobrien611/streams
us:sd:2003210,North Lyon County Unified School District 251,KS,youtube,https://youtube.com/shorts/5pzilqJuxAQ?si=Gl2KCcM52bXWIGzm,single_video,no,districts_combined,https://youtube.com/shorts/5pzilqJuxAQ?si=Gl2KCcM52bXWIGzm https://youtube.com/shorts/NLeb_fCX4x8?si=gnIv9G9cBtl_XHiv https://youtube.com/shorts/MM-rEqVTqZg?si=tHKbIAvTYTZ7MmEk
us:sd:4606240,Bennett County School District 03-1,SD,youtube,https://youtube.com/@hillcityrangersathletics?si=a,channel,no,districts_combined,https://youtube.com/@hillcityrangersathletics?si=a https://www.youtube.com/channel/UCqhQWF-y5loicgR_iuk_6GQ https://www.youtube.com/@valentinebadgercast https://www.youtube.com/@newunderwoodtigerslive4067
us:sd:1703300,Alden-Hebron School District 19,IL,youtube,https://www.youtube.com/watch?v=dnv5LZ5qOXE,single_video,no,districts_combined,https://www.youtube.com/watch?v=dnv5LZ5qOXE
us:sd:4606360,Beresford School District 61-2,SD,youtube,https://m.youtube.com/@SDPBdotORG/streams,channel,no,districts_combined,https://m.youtube.com/watch?v=lI4W84gmOG4 https://m.youtube.com/@SDPBdotORG/streams
us:sd:4821590,Granger Independent School District,TX,youtube,https://www.youtube.com/@GrangerISD,channel,no,districts_combined,https://www.youtube.com/@GrangerISD
us:sd:2791449,Win-E-Mac School District,MN,youtube,https://youtube.com/channel/UCg_ip1CCnJb_mSbwX3o9U2w,channel,no,districts_combined,https://youtube.com/channel/UCg_ip1CCnJb_mSbwX3o9U2w
us:sd:4624850,Stanley County School District 57-1,SD,youtube,https://www.youtube.com/@whiterivertigertv1824,channel,no,districts_combined,https://www.youtube.com/@whiterivertigertv1824 http://www.youtube.com/@cubnationlive7324/streams https://www.youtube.com/live/YnLbP-M47dw https://www.youtube.com/live/K4yZCLI-z_E?si=rkIFLnVWqMGC84cs https://www.youtube.com/live/ILTCwpx4NRg https://www.youtube.com/live/H9v1gV4Mp1s https://www.youtube.com/@StanleyCountyFortPierreSDBoard https://www.youtube.com/live/Mk7T9RuxxNk https://www.youtube.com/live/hFN08QmKKuw
us:sd:1700106,Heritage Community Unit School District 8,IL,youtube,https://www.youtube.com/watch?v=IEuTHwc57LU,single_video,no,districts_combined,https://www.youtube.com/watch?v=IEuTHwc57LU https://youtu.be/Jx6Cx_dGxDk
us:sd:2011700,Silver Lake Unified School District 372,KS,youtube,https://www.youtube.com/channel/UCQGuqVm2RhJrg8XlMOFWjQw,channel,no,districts_combined,https://www.youtube.com/channel/UCQGuqVm2RhJrg8XlMOFWjQw
us:sd:4209870,Forbes Road School District,PA,youtube,https://www.youtube.com/channel/UCHE2vqbVjA3oAST-fGm_JLQ,channel,no,districts_combined,https://www.youtube.com/channel/UCHE2vqbVjA3oAST-fGm_JLQ
us:sd:0642580,Laytonville Unified School District,CA,youtube,https://www.youtube.com/watch?v=-owGBtd4kyg,single_video,no,districts_combined,https://www.youtube.com/watch?v=-owGBtd4kyg
us:sd:5103950,West Point Town Public Schools,VA,youtube,https://www.youtube.com/@WestPointSchools,channel,no,districts_combined,https://www.youtube.com/@WestPointSchools
us:sd:4900840,Rich School District,UT,youtube,https://www.youtube.com/watch?v=wIbotehXGEw,single_video,no,districts_combined,https://www.youtube.com/watch?v=wIbotehXGEw https://www.youtube.com/watch?v=rhfKEQw9I3U https://www.youtube.com/watch?v=xixNMw_htUM
us:sd:5504260,Elkhart Lake-Glenbeulah School District,WI,youtube,https://www.youtube.com/channel/UChbSP8RlDwLdmPf4SZKq_wQ,channel,no,districts_combined,https://www.youtube.com/channel/UChbSP8RlDwLdmPf4SZKq_wQ https://www.youtube.com/channel/UCvKvkuehxHn8jakgCDmCXPA
us:sd:1704380,Ashton-Franklin Center CUSD 275,IL,youtube,https://www.youtube.com/channel/UCL0b92FE91mBDkk0kXPkYXg,channel,no,districts_combined,https://www.youtube.com/channel/UCL0b92FE91mBDkk0kXPkYXg https://www.youtube.com/live/otPlb84vwMs?is=B6jao1VK01dH07RI
us:sd:2000001,Southeast of Saline Unified School District 306,KS,youtube,https://www.youtube.com/live/9almz5fOH-c,single_video,yes,districts_combined,https://www.youtube.com/live/9almz5fOH-c https://www.youtube.com/live/0a1ix4nH99E
us:sd:0602220,Alta Vista Elementary School District,CA,youtube,https://youtu.be/Itg147-qz9s,single_video,no,districts_combined,https://youtu.be/Itg147-qz9s
us:sd:1712240,Dieterich Community Unit School District 30,IL,youtube,http://YouTube.com/@mulenation,channel,no,districts_combined,http://YouTube.com/@mulenation
us:sd:4644770,Lyman School District 42-1,SD,youtube,https://www.youtube.com/@lymanraiderslive2603,channel,no,districts_combined,https://www.youtube.com/@lymanraiderslive2603
us:sd:3502040,Peñasco Independent Schools,NM,youtube,https://youtu.be/xThGKaFwB6c?si=NB1YD-Ny5ZdlZPjq,single_video,no,districts_combined,https://youtu.be/xThGKaFwB6c?si=NB1YD-Ny5ZdlZPjq https://youtu.be/MBXZuYR5Xkc?si=65c7QszeaO6o8rcV
us:sd:4815690,Crockett County Consolidated Common School District,TX,youtube,https://www.youtube.com/@ozonalionsathletics8668/featured,channel,no,districts_combined,https://www.youtube.com/@ozonalionsathletics8668/featured
us:sd:0632430,Richgrove Elementary School District,CA,youtube,https://youtu.be/GZPNz6DJfhk,single_video,no,districts_combined,https://youtu.be/GZPNz6DJfhk https://youtu.be/39v5qPAh5po?si=bcN_SN7oamI5q-qb
us:sd:4006810,Cashion Public Schools,OK,youtube,https://youtube.com/@hobartbearcattv?si=XkBYUDUAr0P9wV7X,channel,no,districts_combined,https://youtube.com/@hobartbearcattv?si=XkBYUDUAr0P9wV7X
us:sd:1912230,Galva-Holstein Community School District,IA,youtube,https://www.youtube.com/playlist?list=PLUeZiKHflDmU,playlist,no,districts_combined,https://www.youtube.com/live/KB-Zac6mEq0 https://www.youtube.com/playlist?list=PLUeZiKHflDmU https://www.youtube.com/live/cKQhqwlI5ko https://youtube.com/live/A4WT_O_no0c?feature=share
us:sd:0802850,Center School District 26-JT,CO,youtube,https://www.youtube.com/@vikingnews1587/featured,channel,no,districts_combined,https://www.youtube.com/@vikingnews1587/featured https://www.youtube.com/channel/UCV1A-0kEs61EHpkTjVjxr1A
us:sd:2604290,Beal City Public Schools,MI,youtube,https://youtu.be/zOLyk9arHdo,single_video,no,districts_combined,https://youtu.be/zOLyk9arHdo https://www.youtube.com/watch?v=oYT_kX_zHTw https://youtu.be/1_hSgXuPFHA https://youtube.com/shorts/AxkqBjF66bM
us:sd:1929490,Waco Community School District,IA,youtube,https://www.youtube.com/@WACOWarriorsLive,channel,no,districts_combined,https://www.youtube.com/@WACOWarriorsLive
us:sd:5604500,Uinta County School District 4,WY,youtube,https://www.youtube-nocookie.com/embed/TpBQqunJ2oQ,single_video,no,districts_combined,https://www.youtube-nocookie.com/embed/TpBQqunJ2oQ
us:sd:2723580,Nicollet Public School District,MN,youtube,https://www.youtube.com/channel/UC-Vf-JpPuNTvfQR2pfDc9IA,channel,no,districts_combined,https://www.youtube.com/channel/UC-Vf-JpPuNTvfQR2pfDc9IA
us:sd:1920850,North Mahaska Community School District,IA,youtube,https://www.youtube.com/watch?v=cP9wStJFdV4,single_video,no,districts_combined,https://www.youtube.com/watch?v=cP9wStJFdV4
us:sd:1722770,Liberty Community Unit School District 2,IL,youtube,https://www.youtube.com/@libertyCUSD2,channel,yes,districts_combined,https://www.youtube.com/@libertyCUSD2
us:sd:1909570,Boyer Valley Community School District,IA,youtube,https://youtube.com/@boyervalleyesports?si=27gOth4h_k4HUoo8,channel,no,districts_combined,https://youtube.com/@boyervalleyesports?si=27gOth4h_k4HUoo8
us:sd:1735310,Sandoval Community Unit School District 501,IL,youtube,https://www.youtube.com/c/Sandoval501Presenter,channel,no,districts_combined,https://www.youtube.com/c/Sandoval501Presenter
us:sd:4674520,Viborg Hurley School District 60-6,SD,youtube,https://www.youtube.com/channel/UCVc3920dOz8VU0qfX0IH_Dw/live,channel,no,districts_combined,https://www.youtube.com/channel/UCVc3920dOz8VU0qfX0IH_Dw/live
us:sd:2003900,Belle Plaine Unified School District 357,KS,youtube,http://www.youtube.com/watch?v=nPunzfnvmPc&t=16,single_video,no,districts_combined,http://www.youtube.com/watch?v=nPunzfnvmPc&t=16
us:sd:2004470,Waconda Unified School District 272,KS,youtube,https://www.youtube.com/c/USD272Lakeside,channel,no,districts_combined,https://www.youtube.com/c/USD272Lakeside
us:sd:4021600,Ninnekah Public Schools,OK,youtube,https://youtu.be/hpg-bli0xas,single_video,no,districts_combined,https://youtu.be/hpg-bli0xas
us:sd:5604230,Niobrara County School District 1,WY,youtube,https://www.youtube.com/@goconow,channel,no,districts_combined,https://www.youtube.com/@goconow
us:sd:0200060,Cordova City School District,AK,youtube,https://youtube.com/@cordovaschooldistrictmeetings,channel,yes,districts_combined,https://youtube.com/@cordovaschooldistrictmeetings
us:sd:2741430,Wabasso Public School District,MN,youtube,https://www.youtube.com/channel/UCkdmf3dibiV1kDH7KaoUU1Q,channel,yes,districts_combined,https://www.youtube.com/channel/UCkdmf3dibiV1kDH7KaoUU1Q https://youtu.be/ADkrNF5I_hU https://youtu.be/LERnitowpSg https://youtu.be/2PmEtmQafM4 https://youtu.be/cdYlRBiKF3A https://youtu.be/EcDmsucHHc4 https://youtu.be/VMMxnqaUO6s https://youtu.be/ZEwKhass9vk https://youtu.be/UZG2MyY0glA https://youtu.be/AsA-3y64Izg https://youtu.be/2CKzW_kkyJM https://youtu.be/d8FiLh_p24U https://www.youtube.com/watch?v=jTGHJDsN0vA&list=PLLNDX8LX8pgSO93bzoKmLUU9IWhLmX5Vs&index=4 https://www.youtube.com/watch?v=h4fvrXaW8_0&list=PLLNDX8LX8pgSO93bzoKmLUU9IWhLmX5Vs https://www.youtube.com/watch?v=8-B_AoN1P3E&list=PLLNDX8LX8pgSO93bzoKmLUU9IWhLmX5Vs&index=2 https://youtu.be/avLDSsTxjE0?si=qMNHw4pHwVDi41dk https://www.youtube.com/embed/nM8bN1zAWH4?embed_config=%7B%22enc%22:%22AXH1ezkF61K-8h5lNUngynvkkGa621nM3Unz42JwWXzZqsnXO0_LLo1pNiviiSFq8zch4_zlgjGcC_uN0zlX6Nm53Zr88QhA-voLm398lEHNy7Sctr02e3gXrVF2L5a79Vkw2WHDc59mIMOd09WAr3flItG8-j0J8y3G-BEQP9-I_JxH%22%7D&enablejsapi=1&errorlinks=1&feature=share&origin=https://stream.isd640.org&vl=1 https://youtube.com/rabbittube?sub_confirmation=1 https://www.youtube.com/embed/xrvVs7g8TA8?color=white&embed_config=%7B%22enc%22:%22AXH1ezkAvQFdH2WTyXVL7WiMCp9cKJ7IfBZ7rZVTuyWvF3AtTfpuffYS6GBn_kE19CFGoXqGcWdnKLsVoIkwrRHlKc194ptJkev7gRB0aOrtFXPATUmSZbM7PTzaABbk9IUJzJrIYTKbNhriWTzSMt7F7eVBQ0rHfuycojkQBY7YZIEi%22%7D&enablejsapi=1&errorlinks=1&origin=https://stream.isd640.org&vl=1
us:sd:2007260,Graham County Unified School District 281,KS,youtube,https://youtube.com/live/ljFGHfqUNZI?feature=share,single_video,no,districts_combined,https://youtube.com/live/ljFGHfqUNZI?feature=share
us:sd:2923070,Oak Ridge R-VI School District,MO,youtube,https://youtube.com/live/AkTXP39C7eY?feature=share,single_video,no,districts_combined,https://youtube.com/live/AkTXP39C7eY?feature=share https://youtube.com/live/pGiVNMhWqkE?feature=share https://youtube.com/live/2Nh8wpK4CvU?feature=share https://youtube.com/live/vhfWOugDUUQ?feature=share https://youtube.com/live/keGWnjceMvM?feature=share https://youtube.com/live/40FLNLU6xw8?feature=share https://youtube.com/live/iLuwzYQs6jA?feature=share https://youtube.com/live/iqkDWc-YObQ?feature=share https://youtube.com/live/OnKlEsAkXYQ?feature=share https://youtube.com/live/O7LHm2ITn0E?feature=share https://youtube.com/live/4e7F1D4WJbg?feature=share
us:sd:3608100,Colton-Pierrepont Central School District,NY,youtube,https://www.youtube.com/@CPCSColts,channel,no,districts_combined,https://www.youtube.com/@CPCSColts https://www.youtube.com/live/bJZU45HHchE?feature=shared
us:sd:2903120,Appleton City R-II School District,MO,youtube,https://www.youtube.com/watch?v=-UJs9oSNeqc,single_video,no,districts_combined,https://www.youtube.com/watch?v=-UJs9oSNeqc
us:sd:3612660,Green Island Union Free School District,NY,youtube,https://www.youtube.com/channel/UChcuU4_BsJyszu5lDmZesaA,channel,no,districts_combined,https://www.youtube.com/channel/UChcuU4_BsJyszu5lDmZesaA
us:sd:4025950,Ripley Public Schools,OK,youtube,https://youtu.be/hUpeKeNRAls,single_video,no,districts_combined,https://youtu.be/hUpeKeNRAls https://youtu.be/lAb9T7VY3tU
us:sd:1733090,Ramsey Community Unit School District 204,IL,youtube,https://youtu.be/82jpDkAU86Y,single_video,no,districts_combined,https://youtu.be/82jpDkAU86Y https://youtu.be/xvipuYgGy1I
us:sd:3011260,Fort Benton High School District,MT,youtube,https://www.youtube.com/playlist?list=PLwQgdjYqhBaqbYvCz03vD3GB8KfFqts1S,playlist,no,districts_combined,https://www.youtube.com/playlist?list=PLwQgdjYqhBaqbYvCz03vD3GB8KfFqts1S
us:sd:2916950,La Plata R-II School District,MO,youtube,https://youtube.com/@videolaplatar-ii9221?si=UQYrN0v6qzAbLLux,channel,no,districts_combined,https://youtube.com/@videolaplatar-ii9221?si=UQYrN0v6qzAbLLux
us:sd:1603400,West Jefferson School District 253,ID,youtube,https://www.youtube.com/channel/UChUg8rBomFjCL5GLd7CicbQ/videos?view=57,channel,yes,districts_combined,https://www.youtube.com/channel/UChUg8rBomFjCL5GLd7CicbQ/videos?view=57 https://www.youtube.com/watch?v=oWlmvC8hWXI https://www.youtube.com/@westjefferson253/streams
us:sd:1603400,West Jefferson School District 253,ID,youtube,https://www.youtube.com/@westjefferson253/streams,channel,yes,districts_combined,https://www.youtube.com/channel/UChUg8rBomFjCL5GLd7CicbQ/videos?view=57 https://www.youtube.com/watch?v=oWlmvC8hWXI https://www.youtube.com/@westjefferson253/streams
us:sd:2919140,Lockwood R-I School District,MO,youtube,https://www.youtube.com/watch?v=c-ievfL0xF0,single_video,no,districts_combined,https://www.youtube.com/watch?v=c-ievfL0xF0
us:sd:3012840,Philipsburg K-12 Schools,MT,youtube,https://www.youtube.com/@PhilipsburgSchools,channel,no,districts_combined,https://youtube.com/shorts/YIBWYQNrfLo?feature=share https://www.youtube.com/@PhilipsburgSchools
us:sd:3608850,DeRuyter Central School District,NY,youtube,https://youtu.be/R4mnXkl2jPI,single_video,yes,districts_combined,https://youtu.be/R4mnXkl2jPI
us:sd:5513830,Shullsburg School District,WI,youtube,https://www.youtube.com/channel/UCp4pvDGslYA3iJhzVjQbmLQ,channel,no,districts_combined,https://www.youtube.com/channel/UCp4pvDGslYA3iJhzVjQbmLQ https://www.youtube.com/@queenbradiosports/
us:sd:5604450,Fremont County School District 14,WY,youtube,https://www.youtube.com/watch?v=JzmjLbKzOcw&list=PL0w6Ih_1CWUwfjXUHbtrUghFsB5Cn5PbW,playlist,no,districts_combined,https://www.youtube.com/watch?v=yfuVh0jy7Ps https://youtu.be/Fn970Gqp6YY https://youtu.be/dFcuDu6Ys7k https://youtu.be/fddrpSg5Fxc https://youtu.be/X2TcDMKmV00 https://www.youtube.com/watch?v=gDyFiddJPv4 https://www.youtube.com/watch?v=JzmjLbKzOcw&list=PL0w6Ih_1CWUwfjXUHbtrUghFsB5Cn5PbW
us:sd:3613770,Harrisville Central School District,NY,youtube,https://www.youtube.com/embed/8LOgfSQ7BAg?si=zIahVXplZl0VgNCs,single_video,no,districts_combined,https://www.youtube.com/embed/8LOgfSQ7BAg?si=zIahVXplZl0VgNCs
us:sd:3305400,Northumberland School District,NH,youtube,https://www.youtube.com/@SAU58youtube/streams,channel,yes,districts_combined,https://www.youtube.com/watch?v=gjBzSormFoE https://www.youtube.com/@SAU58youtube/streams
us:sd:3015260,Joliet High School District,MT,youtube,https://www.youtube.com/@jolietpublicschoolsstreami6968,channel,no,districts_combined,https://www.youtube.com/@jolietpublicschoolsstreami6968
us:sd:4025410,Quinton Public Schools,OK,youtube,http://www.youtube.com/@mavericksportsnetwork,channel,no,districts_combined,http://www.youtube.com/@mavericksportsnetwork
us:sd:3611640,Friendship Central School District,NY,youtube,https://youtu.be/WPgoywkHUZU?si=pnpJvV3q2JqjM-Hq,single_video,no,districts_combined,https://youtu.be/WPgoywkHUZU?si=pnpJvV3q2JqjM-Hq
us:sd:1733030,Raccoon Consolidated School District 1,IL,youtube,https://youtu.be/-y_gl0Zr90Y?si=kTfZI4YKRk2Y-zox,single_video,no,districts_combined,https://youtu.be/-y_gl0Zr90Y?si=kTfZI4YKRk2Y-zox
us:sd:3608610,Crown Point Central School District,NY,youtube,https://www.youtube.com/embed/emAFGbCCGiY,single_video,no,districts_combined,https://www.youtube.com/embed/emAFGbCCGiY https://accounts.youtube.com/accounts/Logout2?hl%253De%23&followup=https://drive.google.com/a/cpcsteam.org/?urp%3Dhttps://accounts.youtube.com/accounts/Logout2?hl%253De&ltmpl=drive
us:sd:2928360,Slater School District,MO,youtube,https://youtu.be/rAWRJXkFNdc?si=DiHerdO1hG-Rf8dw,single_video,no,districts_combined,https://youtu.be/rAWRJXkFNdc?si=DiHerdO1hG-Rf8dw https://youtu.be/fZBXajsPgcw https://youtu.be/RCCFxAVrY3s
us:sd:2923130,Oran R-III School District,MO,youtube,https://www.youtube.com/watch?v=-JcgHIUaJVo&t=5s,single_video,no,districts_combined,https://www.youtube.com/watch?v=-JcgHIUaJVo&t=5s
us:sd:4009150,Crutcho Public School,OK,youtube,https://youtube.com/shorts/tH6t4SSiHKA?feature=share,single_video,no,districts_combined,https://youtube.com/shorts/tH6t4SSiHKA?feature=share https://www.youtube.com/shorts/Vk6xdnQOsGU https://youtu.be/_1lboSn1W1c https://youtu.be/Kx8MTRVRUYs https://youtube.com/shorts/fJjkej6I0wE?feature=share https://youtu.be/kdu9oT65Bck?si=WxAuRJl01uZMH_4P https://youtu.be/CUrDx86OuYw https://youtu.be/RtXLNygX_-c https://youtube.com/shorts/oC689XrKaEI?feature=share https://youtube.com/shorts/X3rA7KU-rdU?feature=share https://youtube.com/shorts/e4HyY4_Yd60?si=nrypd8xrAhdRxUWX https://youtu.be/YFCpGkqELMM
us:sd:2714040,Hills-Beaver Creek School District,MN,youtube,https://www.youtube.com/@c-hawksstreaming,channel,no,districts_combined,https://www.youtube.com/@c-hawksstreaming
us:sd:1712150,De Soto Consolidated School District 86,IL,youtube,https://www.youtube.com/@desotogradeschool1263,channel,no,districts_combined,https://www.youtube.com/@desotogradeschool1263
us:sd:0605520,Bolinas-Stinson Union Elementary School District,CA,youtube,https://www.youtube.com/watch?v=MaxYkb_Y94E&t=9s,single_video,no,districts_combined,https://www.youtube.com/watch?v=MaxYkb_Y94E&t=9s
us:sd:2005850,Ellis Unified School District 388,KS,youtube,https://youtube.com/c/USD388,channel,no,districts_combined,https://youtube.com/c/USD388
us:sd:0802130,South Conejos School District RE-10,CO,youtube,https://www.youtube.com/watch?v=YA5S2_A3UAY,single_video,no,districts_combined,https://www.youtube.com/watch?v=YA5S2_A3UAY https://www.youtube.com/watch?v=48UwobtiKDI&feature=youtu.be
us:sd:4019620,Medford Public Schools,OK,youtube,https://www.youtube.com/@mhscards,channel,no,districts_combined,https://www.youtube.com/@mhscards
us:sd:2916660,Kingsville R-I School District,MO,youtube,https://www.youtube.com/channel/UCgAfAfwgPyd4Y1EklyxYkUA,channel,no,districts_combined,https://www.youtube.com/channel/UCgAfAfwgPyd4Y1EklyxYkUA
us:sd:5513560,Sharon Joint No. 11 School District,WI,youtube,https://youtu.be/Jy2bueJvq_Q,single_video,yes,districts_combined,https://youtu.be/Jy2bueJvq_Q
us:sd:4002910,Amber-Pocasset Public Schools,OK,youtube,https://youtube.com/shorts/erMu6EyCtAc?feature=share,single_video,no,districts_combined,https://youtube.com/shorts/erMu6EyCtAc?feature=share
us:sd:3405280,Folsom Borough School District,NJ,youtube,https://www.youtube.com/@FolsomSchoolDistrictFolsomNJ/streams,channel,yes,districts_combined,https://www.youtube.com/@FolsomSchoolDistrictFolsomNJ/streams
us:sd:2313140,Veazie,ME,youtube,https://www.youtube.com/watch?v=UUM_OPSvxYc,single_video,no,districts_combined,https://www.youtube.com/watch?v=UUM_OPSvxYc
us:sd:3625020,Roscoe Central School District,NY,youtube,https://www.youtube.com/channel/UCkAPVuauGmGVfg4a21h7c3w,channel,no,districts_combined,https://www.youtube.com/channel/UCkAPVuauGmGVfg4a21h7c3w
us:sd:3626580,Sharon Springs Central School District,NY,youtube,http://www.youtube.com/@SSCSclaytarget,channel,no,districts_combined,http://www.youtube.com/@SSCSclaytarget
us:sd:2922860,Northeast Randolph County R-IV School District,MO,youtube,https://www.youtube.com/@ner-ivbearcats9970/featured,channel,no,districts_combined,https://www.youtube.com/@ner-ivbearcats9970/featured
us:sd:3010170,Fairfield High School District,MT,youtube,https://www.youtube.com/@FairfieldSD21,channel,no,districts_combined,https://www.youtube.com/@FairfieldSD21
us:sd:2004230,Central Unified School District 462,KS,youtube,https://youtu.be/zraVUkSv33E,single_video,no,districts_combined,https://youtu.be/zraVUkSv33E
us:sd:3006810,Circle High School District,MT,youtube,https://youtu.be/uIp20DWaRjU,single_video,no,districts_combined,https://youtu.be/uIp20DWaRjU https://youtu.be/qnvCvnra59w https://youtu.be/eAcNc1ETiuU https://youtu.be/612MIYlykbc https://youtu.be/DYDQUbswHXY?si=ZxkmDxbYMCax8fiQ https://youtu.be/NskgvpttZ28 https://youtu.be/XQWK-cc8oMM https://youtu.be/dgjKnqKjjug https://youtu.be/R0tMgLHD7nI https://youtu.be/5R-YS0ag14k https://youtu.be/iWQtEIY8zFY https://youtu.be/ZSRUBuJwb5A https://youtu.be/Jcudi6-KE2Y https://youtu.be/E2y8v39gxd4 https://youtu.be/yCK4edp68r0 https://youtu.be/5zYyaS5oL3s https://youtu.be/LnZnicWNm-E https://youtu.be/r0yPUSw5XOw
us:sd:4611760,Centerville School District 60-1,SD,youtube,https://www.youtube.com/@ViborgHurleyCougarsLive-mi4ol,channel,no,districts_combined,https://www.youtube.com/@ViborgHurleyCougarsLive-mi4ol http://www.youtube.com/@centervilletornadoeslive7990 https://www.youtube.com/watch?v=r2zVOG_Ocyg https://www.youtube.com/@gayville-volinraiders2218 https://www.youtube.com/@hansonschool5040/featured https://www.youtube.com/live/zNoWo4QNy5U?feature=shared
us:sd:1930720,West Bend-Mallard Community School District,IA,youtube,https://www.youtube.com/embed/Dg6R56yzpgE,single_video,no,districts_combined,https://www.youtube.com/embed/Dg6R56yzpgE https://www.youtube.com/embed/QrCLy_DpSZA
us:sd:4111250,Sherman School District 1,OR,youtube,https://youtu.be/-dsZ4IJLbXY,single_video,no,districts_combined,https://youtu.be/-dsZ4IJLbXY
us:sd:2004260,Burlingame Public School Unified School District 454,KS,youtube,https://www.youtube.com/@burlingamebearcats1544,channel,yes,districts_combined,https://www.youtube.com/watch?v=GMsb1tXGNU0 https://www.youtube.com/@burlingamebearcats1544
us:sd:5500056,Gresham School District,WI,youtube,https://www.youtube.com/c/greshamevents,channel,no,districts_combined,https://www.youtube.com/c/greshamevents
us:sd:1920100,Murray Community School District,IA,youtube,https://youtu.be/zES0fDgvP9c,single_video,no,districts_combined,https://youtu.be/zES0fDgvP9c
us:sd:0400005,Salome Consolidated Elementary District,AZ,youtube,https://www.youtube.com/watch?v=MRCWrLWTrSk&rel=0,single_video,no,districts_combined,https://www.youtube.com/watch?v=MRCWrLWTrSk&rel=0
us:sd:4820460,Gary Independent School District,TX,youtube,https://youtu.be/bm0XVHdBkRg,single_video,no,districts_combined,https://youtu.be/bm0XVHdBkRg
us:sd:4103540,Cove School District 15,OR,youtube,http://www.youtube.com/channel/UC2bo-5k6GkfZahAJRUJ9Bog/live,channel,no,districts_combined,http://www.youtube.com/channel/UC2bo-5k6GkfZahAJRUJ9Bog/live
us:sd:4007410,Cherokee Public Schools,OK,youtube,https://www.youtube.com/channel/UC_LJx7HZMiwwhl5F6bhSN4w,channel,no,districts_combined,https://www.youtube.com/channel/UC_LJx7HZMiwwhl5F6bhSN4w https://www.youtube.com/@TurpinLive
us:sd:4827960,Lometa Independent School District,TX,youtube,https://www.youtube.com/@LTXSports-d1e,channel,no,districts_combined,https://www.youtube.com/@LTXSports-d1e
us:sd:4002670,Alex Public Schools,OK,youtube,https://youtu.be/3JBBknK4Wf4,single_video,no,districts_combined,https://youtu.be/3JBBknK4Wf4 https://youtu.be/BbQpTgqxExI
us:sd:5308850,Thorp School District,WA,youtube,https://www.youtube.com/channel/UC3GN1aobXTvWWuog0YOt88w,channel,no,districts_combined,https://www.youtube.com/channel/UC3GN1aobXTvWWuog0YOt88w https://www.youtube.com/watch?v=cHRDE7o3Md4 https://www.youtube.com/watch?v=zmZGZbtG34Y
us:sd:2624150,Monroe Public Schools,MI,youtube,https://www.youtube.com/@MonroeSchools,channel,no,districts_combined,https://www.youtube.com/@MonroeSchools
us:sd:4640860,Langford School District 45-5,SD,youtube,https://www.youtube.com/@LangfordAreaLionsLive-ui3hb/streams,channel,no,districts_combined,https://www.youtube.com/@LangfordAreaLionsLive-ui3hb/streams
us:sd:2910620,Delta R-V School District,MO,youtube,https://www.youtube.com/channel/UC4cahSrHL6MBZJrdWxJ0cVQ,channel,no,districts_combined,https://www.youtube.com/channel/UC4cahSrHL6MBZJrdWxJ0cVQ
us:sd:2313530,West Bath Public Schools,ME,youtube,https://youtube.com/live/-3LNqNGPPe8?feature=share,single_video,no,districts_combined,https://youtube.com/live/-3LNqNGPPe8?feature=share https://youtube.com/live/ijB9zKZrc0o?feature=share https://youtube.com/live/WiJmKycoBQA?feature=share https://www.youtube.com/live/RMkVorX3CRA https://www.youtube.com/live/TwUjFscZPM8 https://www.youtube.com/live/eVGAa7tBKSY https://youtube.com/live/tzjz4bQX7Lo?feature=share. https://youtube.com/live/9ZyiWplLw1E?feature=share. https://youtube.com/live/GOlr9pZLMWs?feature=share. https://youtube.com/live/Dh824F-ShBs?feature=share. https://youtube.com/live/cqPdJ4GKCtE?feature=share. https://youtube.com/live/8a__opG-iyA?feature=share. https://youtube.com/live/ML2W17PWu48?feature=share https://youtube.com/live/QG36VIZmpO4?feature=share. https://youtube.com/live/fEGsrCFShAY?feature=share. https://youtube.com/live/PB3KHNvsHZI?feature=share. https://youtube.com/live/fm9UyzL4QrE?feature=share https://youtube.com/live/QVZ917pf7IM?feature=share https://youtube.com/live/cXD6b7WBY_w?feature=share https://youtube.com/live/Biem5849Q2A?feature=share https://youtube.com/live/vB32CmFlO9w?feature=share https://youtube.com/live/QTNcPxSFkvk?feature=share https://youtube.com/live/J6-NLwdzjeE?feature=share https://youtu.be/v_9vOip8ia4 https://youtu.be/G5PZq4wvBGw https://youtu.be/Ypy1PEeGx3s https://youtu.be/RYLp-wxkyYI https://www.youtube.com/watch?v=OhoGuHww8AU https://www.youtube.com/watch?v=sr4MPSBeebY https://www.youtube.com/watch?v=d2DFblWoOyI https://youtu.be/Dk4sa-FNpKc https://youtu.be/4yXR9KEPf0k https://youtu.be/83m7ixHPCy0 https://youtu.be/HP9w8dZD3Ds https://youtu.be/sRr3deo88Ig https://youtu.be/WmxvtFSfq-s https://youtu.be/6veqitTNnGo https://youtu.be/urDvOWyDhcI https://youtu.be/-u_dTcobheM https://www.youtube.com/watch?v=dcpXOBt2csE https://www.youtube.com/watch?v=wHosFfI0xIs https://youtu.be/sXMIvwBMHM0 https://youtu.be/uf4XVyLGHpw https://youtu.be/hE7fgGXkogo https://youtu.be/yVQHzYvsdEg https://youtu.be/ANvTtKO7Etc https://youtu.be/hCi-31S7aNA https://youtu.be/GEP47yp5b9I https://youtu.be/tzdlCOxt_Ac https://youtu.be/wN4kvvTKXJU https://youtu.be/8zKVwNtfHgM https://youtu.be/BRXqyUbUqII https://youtu.be/_IJA26KpkAc https://youtu.be/ef5E8-GUG2U https://youtu.be/8E3vb90LMVA https://youtu.be/DT63lVlP2RU https://www.youtube.com/watch?v=RV-_i2K9sDg&feature=youtu.be https://www.youtube.com/watch?v=Au6cmJmNwRw&feature=youtu.be https://www.youtube.com/watch?v=VfB68X0Yb-c&feature=youtu.be https://www.youtube.com/watch?v=2fvd7C9Gs_0&feature=youtu.be https://youtu.be/u0HZISog7Co https://youtu.be/w-rgnTs6vMQ https://www.youtube.com/watch?v=as2UIMXgIIE&feature=youtu.be https://www.youtube.com/watch?v=rJAkSvQnnPc&feature=youtu.be https://www.youtube.com/watch?v=FHA_Djk0uZs&feature=youtu.be https://www.youtube.com/watch?v=h4blH221mxk&feature=youtu.be https://www.youtube.com/watch?v=-70RBR7E6bo&feature=youtu.be https://www.youtube.com/watch?v=6q6oWLwj1CY&feature=youtu.be https://www.youtube.com/watch?v=nrtadX0Vr5g&feature=youtu.be https://www.youtube.com/watch?v=ZQnMjudLuWQ&feature=youtu.be https://www.youtube.com/watch?v=sFLKd1hS5w4&feature=youtu.be https://www.youtube.com/watch?v=L482xgqJru0&feature=youtu.be https://youtu.be/Czl9VhYuR_A https://youtu.be/mlIgTn1s2Ns https://youtu.be/vwJg47T1420 https://www.youtube.com/watch?v=ESGHuMqaG-w&feature=youtu.be https://www.youtube.com/watch?v=1lK-mvH99Jw&feature=youtu.be https://www.youtube.com/watch?v=cMppByMpoE8&feature=youtu.be https://www.youtube.com/watch?v=KuWchD-y4Rg&feature=youtu.be https://www.youtube.com/watch?v=BPda8r_tAsM https://www.youtube.com/watch?v=wIRPrJALQTs&feature=youtu.be https://www.youtube.com/watch?v=8EEHVwvx3Zw&feature=youtu.be https://www.youtube.com/watch?v=PgSC-6WAQ3E&feature=youtu.be https://www.youtube.com/watch?v=-b5jZGSxTJk&feature=youtu.be https://www.youtube.com/watch?v=mSs-s_y0cDY&sns=em https://www.youtube.com/watch?v=zS2RqNk3FkE&feature=youtu.be https://www.youtube.com/watch?v=RCCD4i4RlAA&feature=youtu.be
us:sd:4209930,Forest City Regional School District,PA,youtube,https://www.youtube.com/playlist?list=PLfYJlEPqrTiQ,playlist,no,districts_combined,https://www.youtube.com/playlist?list=PLfYJlEPqrTiQ https://www.youtube.com/playlist?list=PLNm-noJLUQV1Vhd3AjBCQ8btIqKe56oOa
us:sd:4665180,Scotland School District 04-3,SD,youtube,https://www.youtube.com/c/ScotlandHighlandersLive,channel,no,districts_combined,https://www.youtube.com/watch?v=IXJDF8BtH9E https://www.youtube.com/c/ScotlandHighlandersLive https://youtu.be/FNHT5hkX3ww https://youtu.be/TNfE51q1bIY https://youtu.be/WVuTL1NZMhM https://youtu.be/AvBcxNh9r34 https://youtu.be/iPkSbKdZsSo https://youtu.be/ceRL_7PIzDQ https://youtu.be/hRbd2dv5b7g
us:sd:1736960,Spoon River Valley Community Unit School District 4,IL,youtube,https://youtube.com/live/2UB0e3f-_B0?feature=share,single_video,no,districts_combined,https://youtube.com/live/2UB0e3f-_B0?feature=share https://youtu.be/wS_KgwZEpRY
us:sd:1703810,Annawan Community Unit School District 226,IL,youtube,https://www.youtube.com/channel/UCb-jWTBDTwMQ1Kv9ozE33nA/live,channel,no,districts_combined,https://www.youtube.com/channel/UCb-jWTBDTwMQ1Kv9ozE33nA/live
us:sd:2916140,Jasper County R-V School District,MO,youtube,http://www.youtube.com/@JasperR-VSchools,channel,no,districts_combined,http://www.youtube.com/@JasperR-VSchools
us:sd:1903630,Andrew Community School District,IA,youtube,https://youtu.be/VurjV-lufP8?si=2iHqVdcsXXD6yY3f,single_video,no,districts_combined,https://youtu.be/VurjV-lufP8?si=2iHqVdcsXXD6yY3f
us:sd:0624540,Menifee Union School District,CA,youtube,https://www.youtube.com/playlist?list=PL7Q8JcHXix0gqmSvjrjaLjodF4KaxruGD,playlist,yes,districts_combined,https://www.youtube.com/playlist?list=PL7Q8JcHXix0gqmSvjrjaLjodF4KaxruGD
us:sd:3500330,Carrizozo Municipal Schools,NM,youtube,https://www.youtube.com/channel/UCOqdkjv2VgwCSYiR4-khMqA,channel,no,districts_combined,https://www.youtube.com/channel/UCOqdkjv2VgwCSYiR4-khMqA
us:sd:4211450,Hanover Public School District,PA,youtube,https://youtube.com/live/qgBoVGKpALA?feature=share,single_video,no,districts_combined,https://youtube.com/live/qgBoVGKpALA?feature=share
us:sd:0804680,Holly School District RE-3,CO,youtube,https://www.youtube.com/channel/UCBCTYnf5fzlyOeVBhQ3IQIg?fbclid=IwAR21tMB69XCdKsujaQtqb8CZAgICDE8mXBA8THMSkQ55cH2Q00FItTQRPCI,channel,no,districts_combined,https://www.youtube.com/channel/UCBCTYnf5fzlyOeVBhQ3IQIg?fbclid=IwAR21tMB69XCdKsujaQtqb8CZAgICDE8mXBA8THMSkQ55cH2Q00FItTQRPCI
us:sd:4818750,Evadale Independent School District,TX,youtube,https://www.youtube.com/channel/UCZiJ_C-SEcjpbCouGkJavdw,channel,no,districts_combined,https://www.youtube.com/channel/UCZiJ_C-SEcjpbCouGkJavdw
us:sd:0502550,Armorel School District,AR,youtube,https://youtu.be/ttqbgDbualc,single_video,no,districts_combined,https://youtu.be/ttqbgDbualc https://youtu.be/eQ3BqajZihE?si=HHZ0bymsZlpi1p2f https://youtu.be/Xc20rMG4MHI?si=6y3G46FwGPEXpADq https://youtu.be/r_UhN3gxL2w?si=O3-0tW9QynYaGU21
us:sd:5605700,Fremont County School District 24,WY,youtube,https://www.youtube.com/watch?v=Jsv8XpX7Ipw,single_video,no,districts_combined,https://www.youtube.com/watch?v=Jsv8XpX7Ipw
us:sd:1717700,Greenview Community Unit School District 200,IL,youtube,https://youtu.be/Qc1nZXPetgQ?si=rVAZa4pae9Rcc7-_,single_video,no,districts_combined,https://youtu.be/Qc1nZXPetgQ?si=rVAZa4pae9Rcc7-_
us:sd:5504350,Elmwood School District,WI,youtube,https://www.youtube.com/channel/UC8zczhmNCHi3ug9gsc3WHZA,channel,no,districts_combined,https://www.youtube.com/channel/UC8zczhmNCHi3ug9gsc3WHZA https://youtu.be/vCeuKJHHRaE
us:sd:2929130,St. Elizabeth R-IV School District,MO,youtube,https://youtu.be/e-1rVn3iDLI,single_video,no,districts_combined,https://youtu.be/e-1rVn3iDLI
us:sd:2635190,Warren Consolidated Schools,MI,youtube,https://www.youtube.com/user/WCSKIDS,channel,no,districts_combined,https://www.youtube.com/user/WCSKIDS
us:sd:1726880,J. Sterling Morton High School District 201,IL,youtube,https://www.youtube.com/channel/UCnyXlTtQ7ms27VRB8gJdzAw,channel,yes,districts_combined,https://www.youtube.com/channel/UCnyXlTtQ7ms27VRB8gJdzAw
us:sd:3605010,Bolton Central School District,NY,youtube,https://www.youtube.com/channel/UCfkKMkBfmTvpukbuP_7od8A,channel,no,districts_combined,https://www.youtube.com/channel/UCfkKMkBfmTvpukbuP_7od8A
us:sd:0611550,Ducor Union Elementary School District,CA,youtube,https://www.youtube.com/channel/UCFUoYP73a6KwSKrUdlzlItA/featured,channel,no,districts_combined,https://www.youtube.com/channel/UCFUoYP73a6KwSKrUdlzlItA/featured
us:sd:3411250,New Hanover Township School District,NJ,youtube,https://www.youtube.com/embed/Lb8dk5XRSrE?wmode=transparent&rel=0&feature=oembed,single_video,no,districts_combined,https://www.youtube.com/embed/Lb8dk5XRSrE?wmode=transparent&rel=0&feature=oembed
us:sd:4843680,Utopia Independent School District,TX,youtube,https://youtu.be/PVWTTTxwwNg,single_video,no,districts_combined,https://youtu.be/PVWTTTxwwNg
us:sd:3615270,Indian Lake Central School District,NY,youtube,https://youtu.be/N97a_KI5Yso,single_video,no,districts_combined,https://youtu.be/N97a_KI5Yso https://youtu.be/iY-Y6VXw3wQ https://youtu.be/Mvwi_l9wcBE https://youtu.be/QExx2fktSOk
us:sd:2507110,Lynn School District,MA,youtube,https://www.youtube.com/watch?v=K1g59K2TkD4,single_video,no,districts_combined,https://www.youtube.com/watch?v=K1g59K2TkD4 https://www.youtube.com/watch?v=jUNNMWrPN6A
us:sd:0404630,Marana Unified District,AZ,youtube,https://www.youtube.com/@maranaschools,channel,yes,districts_combined,https://www.youtube.com/@maranaschools
us:sd:2905790,Adair County R-II School District,MO,youtube,https://www.youtube.com/@brashearmohs2915,channel,no,districts_combined,https://www.youtube.com/@brashearmohs2915
us:sd:0404530,Maine Consolidated School District,AZ,youtube,https://www.youtube.com/watch?app=desktop&v=3oOy5zwsWjo,single_video,no,districts_combined,https://www.youtube.com/watch?app=desktop&v=3oOy5zwsWjo
us:sd:4502130,Florence School District 1,SC,youtube,https://www.youtube.com/channel/UC9bM15-Oovmtmkea90253-g,channel,no,districts_combined,https://www.youtube.com/channel/UC9bM15-Oovmtmkea90253-g
us:sd:2905310,Blue Springs R-IV School District,MO,youtube,https://www.youtube.com/channel/UChu5A-CP13XvzQ-xPHaqeAA,channel,no,districts_combined,https://www.youtube.com/channel/UChu5A-CP13XvzQ-xPHaqeAA
us:sd:0633840,Sacramento City Unified School District,CA,youtube,https://www.youtube.com/channel/UCk3UlseCB0_SoFlF5HseKcw?view_as=subscriber,channel,no,districts_combined,https://www.youtube.com/channel/UCk3UlseCB0_SoFlF5HseKcw?view_as=subscriber https://www.youtube.com/playlist?list=PLOcoRSBxslMS7BxWiDxIZWVi9eCPPLGJZ https://www.youtube.com/playlist?list=PLOcoRSBxslMRZrWtdW-fFFszEnYLU1Wco https://www.youtube.com/playlist?list=PLOcoRSBxslMTcuQupUxL1pC38UlSnFaUz https://www.youtube.com/%40SCUSDofficial/live https://www.youtube.com/@SCUSDofficial/live https://www.youtube.com/live/_lDVD7q_ZyU
us:sd:0615150,Geyserville Unified School District,CA,youtube,https://www.youtube.com/channel/UCJgt6WJ9e6Vem844siBHHdw,channel,no,districts_combined,https://www.youtube.com/channel/UCJgt6WJ9e6Vem844siBHHdw https://www.youtube-nocookie.com/embed/5wrjoZ4DDz4?si=DwkNPntPdmTb6-jq https://www.youtube-nocookie.com/embed/s5rN-Pq-gyA?si=PkO6B_lXqRtL0-K1 https://www.youtube-nocookie.com/embed/a48M5FDZ4R0?si=sgaWtw71o-MhDlO3 https://www.youtube-nocookie.com/embed/bDSOfKeTfCk?si=_vRELtyRwCJkS0d0 https://www.youtube-nocookie.com/embed/eIchzOkq2ck?si=VliBSIm-XwHIhe5K
us:sd:4112240,Tigard-Tualatin School District 23J,OR,youtube,https://www.youtube.com/c/TigardTualatinSchoolDistrict,channel,yes,districts_combined,https://www.youtube.com/c/TigardTualatinSchoolDistrict https://youtu.be/Xc-5obxh4eo
us:sd:1706880,Bradford Community Unit School District 1,IL,youtube,https://www.youtube.com/embed/VN-8WXrCTak?autoplay=1,single_video,no,districts_combined,https://www.youtube.com/embed/VN-8WXrCTak?autoplay=1 https://www.youtube.com/embed/UClppJ92HlI?autoplay=1 https://www.youtube.com/embed/IufweAg9LvI https://www.youtube.com/embed/IdNM0-J1Apo https://www.youtube-nocookie.com/embed/GVSs2ubj3p8 https://www.youtube-nocookie.com/embed/_NuCOSE_Rpc https://www.youtube-nocookie.com/embed/_3ZCp-B62as https://www.youtube-nocookie.com/embed/qkwYsYiritQ https://www.youtube-nocookie.com/embed/NUVjS6cK8R8
us:sd:2511520,Taunton School District,MA,youtube,https://www.youtube.com/@TauntonPublicSchools,channel,no,districts_combined,https://www.youtube.com/@TauntonPublicSchools
us:sd:0620880,Lancaster Elementary School District,CA,youtube,https://www.youtube.com/channel/UCDHNolB0ZE8bRNgP2oMCd8Q,channel,yes,districts_combined,https://www.youtube.com/@WonderMedia-LANCSD https://www.youtube.com/channel/UCDHNolB0ZE8bRNgP2oMCd8Q https://www.youtube.com/c/LancasterSchoolDistrict/videos
us:sd:0620880,Lancaster Elementary School District,CA,youtube,https://www.youtube.com/c/LancasterSchoolDistrict/videos,channel,yes,districts_combined,https://www.youtube.com/@WonderMedia-LANCSD https://www.youtube.com/channel/UCDHNolB0ZE8bRNgP2oMCd8Q https://www.youtube.com/c/LancasterSchoolDistrict/videos
us:sd:2916530,Keytesville R-III School District,MO,youtube,https://www.youtube.com/channel/UC_fK25Gzhs8YrdAwPr5-QRw/videos,channel,no,districts_combined,https://www.youtube.com/channel/UC_fK25Gzhs8YrdAwPr5-QRw/videos
us:sd:1303930,Newton County School District,GA,youtube,https://www.youtube.com/user/NewtonCountySchools,channel,no,districts_combined,https://www.youtube.com/user/NewtonCountySchools
us:sd:0804350,Mesa County Valley School District 51,CO,youtube,https://www.youtube.com/playlist?list=PLY235GMW_T-iSxBhNL-2xaka46Dv3wiBE,playlist,yes,districts_combined,https://www.youtube.com/playlist?list=PLY235GMW_T-iSxBhNL-2xaka46Dv3wiBE
us:sd:2931230,Richwoods R-VII School District,MO,youtube,https://www.youtube.com/embed/GrodHFKeVjg?feature=oembed,single_video,no,districts_combined,https://www.youtube.com/embed/GrodHFKeVjg?feature=oembed https://www.youtube.com/embed/-qkMtSNy_OA?feature=oembed https://www.youtube.com/embed/ccO0MAOgA3E?feature=oembed https://www.youtube.com/embed/58JYLVrP6AQ?feature=oembed https://www.youtube.com/embed/pWkYWOcL954?feature=oembed
us:sd:0603780,Bangor Union Elementary School District,CA,youtube,https://www.youtube.com/live/3deWF7AbjQs?t=16m32s,single_video,no,districts_combined,https://www.youtube.com/live/3deWF7AbjQs?t=16m32s
us:sd:2503660,Chicopee School District,MA,youtube,https://www.youtube.com/channel/UCnxdBksdPHaUhLxsokhf1sQ,channel,no,districts_combined,https://www.youtube.com/channel/UCnxdBksdPHaUhLxsokhf1sQ
us:sd:4844280,Waco Independent School District,TX,youtube,https://www.youtube.com/channel/UC0TwDltRFdafUR93OdAFv5g,channel,yes,districts_combined,https://www.youtube.com/c/wacoisd-online https://www.youtube.com/@WacoISD-online https://www.youtube.com/embed/I6Y0HAjLKYI https://www.youtube.com/channel/UC0TwDltRFdafUR93OdAFv5g
us:sd:0404170,Kirkland Elementary District,AZ,youtube,https://youtu.be/3AA6tKP529o?si=IDNaySOHvryDTUjD,single_video,no,districts_combined,https://youtu.be/3AA6tKP529o?si=IDNaySOHvryDTUjD
us:sd:2103090,Kenton County School District,KY,youtube,https://www.youtube.com/channel/UC5xBfBAWOFI4JmIBV4glZwA,channel,no,districts_combined,https://www.youtube.com/channel/UC5xBfBAWOFI4JmIBV4glZwA https://www.youtube.com/embed/videoseries?si=QWTJnJ0Kha1qRhwn&list=PLPT84kR8aiNPglxFiq5JJrIVWaQ58ytDc https://www.youtube.com/channel/UCoWFyJofFt2LlUbjRtRB_Yw https://www.youtube.com/watch?v=ElPrQSKDduc https://youtu.be/ojNFWUZBQCc https://www.youtube.com/watch?v=HeJLkZyBkUk https://www.youtube.com/user/KETVideos
us:sd:4700900,Cumberland County School District,TN,youtube,https://www.youtube.com/watch?v=I2CzNqIa0_g,single_video,no,districts_combined,https://www.youtube.com/watch?v=I2CzNqIa0_g
us:sd:0101620,Gadsden City School District,AL,youtube,https://youtu.be/YCvdPcBjgkE?si=oKAmqrElxnyXDg6W,single_video,no,districts_combined,https://youtu.be/YCvdPcBjgkE?si=oKAmqrElxnyXDg6W https://youtu.be/4r0NDaqPIQM?si=2PXmN5ic4hf0lCfF https://youtu.be/HHuTIv69dPk?si=72DgGzBO07aJUMz_ https://youtu.be/p4KylKCGZXY?si=gbustfNrV4robY38 https://youtu.be/fhmI3vm6Hbo?si=6ayzlfqXPuIVIVVZ https://youtu.be/R0snJHwD8OM?si=cunsGtDAFB6KIWQL https://youtu.be/sPhlIqrHZNk?si=3iMEMeQMTZmpM12_ https://youtu.be/S3YpOnPSZnE?si=1BDciG6zQpMYqGZn https://youtu.be/dajmGAFz82U?si=9qY0TZA_u-svtFyQ https://youtu.be/JEmuH0bnNsE?si=TFHDyWbVymW_JflI https://youtu.be/At4adA8_kV8?si=M5qui0xRfsyIkPlf https://youtu.be/mNHLskeAU5Y?si=nS3HcKBQVyFoFO1M https://youtu.be/oNG89r6P-MA?si=TcMWNcwyJooH8rL1 https://youtu.be/dcAWDZA1_Oc?si=t-qogRcjVrvbcdHJ https://youtu.be/PL3HKC8VQeU?si=G-DpUUwQeZvY8npL
us:sd:4400900,Providence School District,RI,youtube,http://www.youtube.com/user/provschools,channel,yes,districts_combined,http://www.youtube.com/user/provschools https://www.youtube.com/embed/2Cx6xlwb7AQ https://www.youtube.com/embed/vGfIXoI4WIo https://www.youtube.com/embed/SIW4UWZ4Cx8 https://www.youtube.com/embed/m98ItaxIlfA https://www.youtube.com/embed/qcL5jDG0QYs https://www.youtube.com/embed/b39ltx3oSJ0 https://www.youtube.com/embed/2c6bDp21bAU https://www.youtube.com/embed/sa1TypiaeQ4 https://www.youtube.com/embed/bglQqqhDX9A https://www.youtube.com/channel/UClVkkOGOfq-igjJpRXqe2_A?view_as=subscriber
us:sd:4400900,Providence School District,RI,youtube,https://www.youtube.com/channel/UClVkkOGOfq-igjJpRXqe2_A?view_as=subscriber,channel,yes,districts_combined,http://www.youtube.com/user/provschools https://www.youtube.com/embed/2Cx6xlwb7AQ https://www.youtube.com/embed/vGfIXoI4WIo https://www.youtube.com/embed/SIW4UWZ4Cx8 https://www.youtube.com/embed/m98ItaxIlfA https://www.youtube.com/embed/qcL5jDG0QYs https://www.youtube.com/embed/b39ltx3oSJ0 https://www.youtube.com/embed/2c6bDp21bAU https://www.youtube.com/embed/sa1TypiaeQ4 https://www.youtube.com/embed/bglQqqhDX9A https://www.youtube.com/channel/UClVkkOGOfq-igjJpRXqe2_A?view_as=subscriber
us:sd:4702100,Jefferson County School District,TN,youtube,https://www.youtube.com/playlist?list=PLKWZwezzEXLdJwymp0My9TawrEd6fMaAS,playlist,no,districts_combined,https://www.youtube.com/playlist?list=PLKWZwezzEXLdJwymp0My9TawrEd6fMaAS
us:sd:0506330,Fort Smith Public Schools,AR,youtube,https://www.youtube.com/playlist?list=PLHYTl1VRmc9U,playlist,yes,districts_combined,https://www.youtube.com/playlist?list=PLHYTl1VRmc9U https://www.youtube.com/embed/nvyMPy6NUTg?si=8gDVuVv3XdsINcIG https://www.youtube.com/embed/7U7YQ2anhJ4?si=6Dz6RNjC64QOkqLU https://www.youtube.com/embed/9B2OrbOEjSg?si=ZQvNodGg2vhDUPRs https://www.youtube.com/playlist?list=PLp-xwq505Sq_B5Co40EQsO8qcM8_iHw64
us:sd:2912930,Golden City R-III School District,MO,youtube,https://www.youtube.com/channel/UCHLDSdVyCnPv5fi5mBk8c9g,channel,no,districts_combined,https://youtu.be/DkKmaE4Mo6w https://www.youtube.com/channel/UCHLDSdVyCnPv5fi5mBk8c9g
us:sd:4007500,Cheyenne Public Schools,OK,youtube,https://www.youtube.com/channel/UCEUYiWFyzpEBMZ3aG7ud7xg,channel,no,districts_combined,https://youtu.be/cuMHu7pIkXo?si=Eho9UXwtB-2LSl4x https://www.youtube.com/channel/UCEUYiWFyzpEBMZ3aG7ud7xg
us:sd:2733510,St. Cloud Public School District,MN,youtube,https://www.youtube.com/channel/UCe8bTnymA2RZO6HYuO2Go0Q,channel,yes,districts_combined,https://www.youtube.com/District742 https://www.youtube.com/playlist?list=PLW0kOZvsE9P7DmYxHLn0ZkChhq0q8Wds6 https://www.youtube.com/channel/UCe8bTnymA2RZO6HYuO2Go0Q https://www.youtube.com/user/District742 https://www.youtube.com/channel/UCkhpcIS9wBuWZx2pPmpV28A
us:sd:2733510,St. Cloud Public School District,MN,youtube,https://www.youtube.com/user/District742,channel,yes,districts_combined,https://www.youtube.com/District742 https://www.youtube.com/playlist?list=PLW0kOZvsE9P7DmYxHLn0ZkChhq0q8Wds6 https://www.youtube.com/channel/UCe8bTnymA2RZO6HYuO2Go0Q https://www.youtube.com/user/District742 https://www.youtube.com/channel/UCkhpcIS9wBuWZx2pPmpV28A
us:sd:2733510,St. Cloud Public School District,MN,youtube,https://www.youtube.com/channel/UCkhpcIS9wBuWZx2pPmpV28A,channel,yes,districts_combined,https://www.youtube.com/District742 https://www.youtube.com/playlist?list=PLW0kOZvsE9P7DmYxHLn0ZkChhq0q8Wds6 https://www.youtube.com/channel/UCe8bTnymA2RZO6HYuO2Go0Q https://www.youtube.com/user/District742 https://www.youtube.com/channel/UCkhpcIS9wBuWZx2pPmpV28A
us:sd:2921480,Mound City R-II School District,MO,youtube,https://www.youtube.com/channel/UCvFiI-6QAKO2DJyWpi6rLSQ,channel,no,districts_combined,https://www.youtube.com/channel/UCvFiI-6QAKO2DJyWpi6rLSQ
us:sd:0620190,La Habra City Elementary School District,CA,youtube,https://www.youtube.com/embed/9mh4ieJ1Hc4?rel=0,single_video,yes,districts_combined,https://www.youtube.com/embed/9mh4ieJ1Hc4?rel=0
us:sd:4816740,Denton Independent School District,TX,youtube,https://www.youtube.com/@DentonISDSchools/videos,channel,yes,districts_combined,https://www.youtube.com/@DentonISDSchools/videos https://www.youtube.com/user/anygivenfridaydenton https://www.youtube.com/dentonisdschools
us:sd:4816740,Denton Independent School District,TX,youtube,https://www.youtube.com/user/anygivenfridaydenton,channel,yes,districts_combined,https://www.youtube.com/@DentonISDSchools/videos https://www.youtube.com/user/anygivenfridaydenton https://www.youtube.com/dentonisdschools
us:sd:4843170,Trinidad Independent School District,TX,youtube,https://youtu.be/_FD-YT_Irp4,single_video,no,districts_combined,https://youtu.be/_FD-YT_Irp4 https://youtu.be/ovP-vHnlFmw https://youtu.be/7uZsFPxYVFY https://youtu.be/CJhqXUnMf54 https://youtu.be/tbaXpK701UI https://youtu.be/Tag164sQAWM https://youtu.be/QP4_XG94WmE
us:sd:4030480,Tyrone Public Schools,OK,youtube,https://www.youtube.com/@bobcatsports106,channel,no,districts_combined,https://www.youtube.com/@bobcatsports106
us:sd:4649650,Mount Vernon School District 17-3,SD,youtube,https://www.youtube.com/@mvptitans9941,channel,no,districts_combined,https://www.youtube.com/@mvptitans9941 https://youtu.be/qI-ZWDwgxSs https://youtu.be/hC6HI69Wsoo?si=gInWwGlQHw1UWckL https://youtu.be/VWATZAmvKqI?si=_WoQdElC6P_OrL58
us:sd:1807860,North Lawrence Community Schools,IN,youtube,https://www.youtube.com/@NorthLawrenceCommunitySchools,channel,no,districts_combined,https://www.youtube.com/@NorthLawrenceCommunitySchools
us:sd:4834140,Palo Pinto Independent School District,TX,youtube,https://youtu.be/2XF0awGRTWs,single_video,no,districts_combined,https://youtu.be/2XF0awGRTWs https://youtu.be/0RrXAhtObBI
us:sd:0805940,Otis School District R-3,CO,youtube,https://www.youtube.com/watch?v=Aq0QLEaQ4Mc,single_video,no,districts_combined,https://www.youtube.com/watch?v=Aq0QLEaQ4Mc https://www.youtube.com/watch?v=Zzz-Gjb0L9I
us:sd:0804860,Julesburg School District RE-1,CO,youtube,https://www.youtube.com/@CalicheSchools,channel,no,districts_combined,https://www.youtube.com/@CalicheSchools
us:sd:3626670,Shenendehowa Central School District,NY,youtube,https://www.youtube.com/@shenendehowacentralschoold672,channel,no,districts_combined,https://www.youtube.com/@shenendehowacentralschoold672
us:sd:4676740,Waverly School District 14-5,SD,youtube,https://www.youtube.com/watch?v=KWY4zt586Ys,single_video,no,districts_combined,https://www.youtube.com/watch?v=KWY4zt586Ys
us:sd:1301890,Laurens County School District,GA,youtube,https://www.youtube.com/channel/UCoctW3LWwxOX6IpSzL6NVkA,channel,yes,districts_combined,https://www.youtube.com/channel/UCoctW3LWwxOX6IpSzL6NVkA
us:sd:2723880,Northfield Public School District,MN,youtube,https://www.youtube.com/channel/UC49di97AG_GtkjSTqxdxxXQ?view_as=subscriber,channel,no,districts_combined,https://www.youtube.com/channel/UC49di97AG_GtkjSTqxdxxXQ?view_as=subscriber https://www.youtube.com/@northfieldpublicschoolboard https://www.youtube.com/live/0vjOwZ0y2e4 https://www.youtube.com/live/z2Vlr-8y1-I https://www.youtube.com/live/zAkKbYP4JaI https://www.youtube.com/live/rvyc2IZmXU0 https://northfieldschools.org/about/school-board/meetings/youtube.com/live/jyznf5RK74I?feature=share https://youtu.be/t2UgfXZyjDs https://youtu.be/a8B-45wIlqM https://youtu.be/NsdBZ4Zf2V0 https://youtu.be/7ZLfzHaR5Mw
us:sd:5307050,Lake Quinault School District,WA,youtube,https://youtu.be/ME-thimmcs8,single_video,no,districts_combined,https://youtu.be/ME-thimmcs8 https://youtube.com/shorts/mDOhG4kXqOQ?si=Ql600MQC-QavoKTI https://youtu.be/jokIzLaQGiQ?is=64TPCO8iwkvpFExK
us:sd:2009140,Maize Unified School District 266,KS,youtube,https://www.youtube.com/channel/UCSTtwWlBNjR4mQcMJ6OPwlg,channel,no,districts_combined,https://www.youtube.com/channel/UCSTtwWlBNjR4mQcMJ6OPwlg
us:sd:4103940,David Douglas School District 40,OR,youtube,http://www.youtube.com/user/DavidDouglasSD,channel,no,districts_combined,https://www.youtube.com/embed/NfUTZyRTN5o?feature=oembed http://www.youtube.com/user/DavidDouglasSD
us:sd:1710650,Collinsville Community Unit School District 10,IL,youtube,https://www.youtube.com/channel/UCdPesx74lVfnv2zXPgnYTYg,channel,no,districts_combined,https://www.youtube.com/channel/UCdPesx74lVfnv2zXPgnYTYg https://www.youtube.com/embed/01QEHWwNEvE
us:sd:4704470,Weakley County School District,TN,youtube,https://www.youtube.com/@weakleycountyschools4908,channel,no,districts_combined,https://www.youtube.com/@weakleycountyschools4908
us:sd:3500390,Central Consolidated Schools,NM,youtube,https://www.youtube.com/channel/UCOnMKNkkTksna2r4Bw8PgKw,channel,no,districts_combined,https://www.youtube.com/channel/UCOnMKNkkTksna2r4Bw8PgKw
us:sd:4839930,Sharyland Independent School District,TX,youtube,https://www.youtube.com/user/SharylandSchools,channel,yes,districts_combined,https://www.youtube.com/user/SharylandSchools
us:sd:4003240,Arnett Public Schools,OK,youtube,https://www.youtube.com/@a-towntv5530/streams,channel,no,districts_combined,https://www.youtube.com/@a-towntv5530/streams https://www.youtube.com/live/s0JZeLSxfIM?si=XXRkg9jeyRkZZ1ig https://www.youtube.com/live/bfsfB3ZxuKw?si=hBCSgnIin3AUaJMZ https://www.youtube.com/live/sAGy_jKTpOc?si=EGzUvafwASl610EE https://youtu.be/_vfQt86Lkw0?si=FQmDC1rrfPK1D2Sh https://www.youtube.com/live/l373bnl49c0?is=kMdyUzCgebfcpraU https://youtu.be/C3lke5Yeg1Q
us:sd:4106750,Jewell School District 8,OR,youtube,https://www.youtube.com/watch?v=UzpU8LmMq_c,single_video,no,districts_combined,https://www.youtube.com/watch?v=UzpU8LmMq_c https://youtu.be/N82FlQlg7mo?si=qbas0RXkSkGAPFBq https://youtu.be/xM-tryJwLEc
us:sd:4701260,Franklin Special School District,TN,youtube,https://www.youtube.com/channel/UCQm3_md-Jviy1w00HviM-tw,channel,no,districts_combined,https://www.youtube.com/channel/UCQm3_md-Jviy1w00HviM-tw https://youtu.be/HczCygu1Kwk https://youtube.com/live/j8DUave0I4s?feature=share https://youtube.com/live/p1gCa6bQ1KQ?feature=share https://youtube.com/live/tqeEuDIu5J0?feature=share https://youtube.com/live/Tx8mv0s1sM0?feature=share https://youtube.com/live/GGn7vpNFQt4?feature=share https://youtube.com/live/IXdx3v3c9IE?feature=share https://youtube.com/live/DPfXdJPf9vs?feature=share https://youtube.com/live/GhJ3wENspbU?feature=share https://youtube.com/live/wVJN3YldZJU?feature=share https://youtube.com/live/4J9qyx81TCQ?feature=share https://youtube.com/live/HJ7HW4NKnrE?feature=share https://youtube.com/live/6wcuZ_QOK3s?feature=share https://youtube.com/live/j-k8Rl67RVg?feature=share https://youtube.com/live/BILxnkDHAfI?feature=share https://youtube.com/live/Y2CVSO-EDMc?feature=share https://youtube.com/live/2vHzimGgT0g?feature=share https://youtube.com/live/4RNEEDhjP5M?feature=share https://youtube.com/live/7UPuao_weUI?feature=share https://youtube.com/live/gbPiKU4nTWk?feature=share https://youtube.com/live/jU_h2ep_J5E?feature=share https://youtube.com/live/va7VNCYywEI?feature=share https://youtube.com/live/OAYkqu40q8I?feature=share https://youtube.com/live/UUA3_foQNXs?feature=share https://youtube.com/live/X350pQM7tus?feature=share https://youtube.com/live/5FySmLx36DQ?feature=share https://youtube.com/live/LEjBpr9RwDE?feature=share https://youtube.com/live/3lnHL40knCc?feature=share https://youtube.com/live/HgF_2PcqnQM?feature=share https://youtube.com/live/OIJKYtaOyNk?feature=share https://youtube.com/live/D9dYb7Eqs04?feature=share https://youtube.com/live/0Zi4Zy7dEhw?feature=share https://youtube.com/live/gxfVvS6_A0E?feature=share https://youtu.be/xYi0tCWm8LQ https://youtu.be/XUP556fZP4s https://youtu.be/dTDcJ-eTcs0 https://youtu.be/yYVqzRtswlU https://youtube.com/live/LOrCO-XYi_E?feature=share https://youtube.com/live/t_q3yBnF3xk?feature=share https://youtube.com/live/hz9WoacC2nc?feature=share https://youtube.com/live/3wo9bvuNTlg?feature=share https://youtube.com/live/Kv3irpucajE?feature=share https://youtube.com/live/yK50OaByW40?feature=share https://www.youtube.com/live/GETAT-jDpUM?feature=share https://youtu.be/nlPlHXmAUnw https://youtu.be/--uST0qX8ac https://youtu.be/cp6QJ_-_uEo https://youtu.be/EjR_LhWeet8 https://youtu.be/6MfrCgWhaic https://youtu.be/1Ftwg44GmlM https://youtu.be/-5mqiJf16uc https://youtu.be/xeDSW6ALmQo https://youtu.be/-FS3cegssGY https://youtu.be/nBaLqz9925Y https://youtu.be/gAcb37Xg5w4 https://youtu.be/rm3jn49Yca4 https://youtu.be/AJc5MMEB-TU https://youtu.be/xYSG_2eMMtk https://youtu.be/pr0NU-VTDOk
us:sd:2011970,Stafford Unified School District 349,KS,youtube,https://www.youtube.com/@myCommunityWilsonCom/streams,channel,no,districts_combined,https://www.youtube.com/@myCommunityWilsonCom/streams
us:sd:4846770,Zephyr Independent School District,TX,youtube,https://www.youtube.com/embed/fgBla7RepXU?feature=oembed,single_video,no,districts_combined,https://www.youtube.com/embed/fgBla7RepXU?feature=oembed
us:sd:2003270,Northern Valley Unified School District 212,KS,youtube,https://www.youtube.com/watch?v=VWdD4vLzeBM&t=982s,single_video,no,districts_combined,https://www.youtube.com/watch?v=VWdD4vLzeBM&t=982s
us:sd:0622590,Los Alamitos Unified School District,CA,youtube,https://www.youtube.com/watch?v=_xqSxM5eRyY,single_video,yes,districts_combined,https://www.youtube.com/watch?v=_xqSxM5eRyY https://youtube.com/live/JzlskhpDf5A?feature=share https://youtube.com/live/EJhe7jsOuac?feature=share\
us:sd:0641820,Waukena Joint Union Elementary School District,CA,youtube,https://youtu.be/ilQ3jqV8PR8?si=gLpD3RYdyCHj3D3x,single_video,no,districts_combined,https://youtu.be/ilQ3jqV8PR8?si=gLpD3RYdyCHj3D3x
us:sd:4033600,Zion Public School,OK,youtube,https://www.youtube.com/channel/UCCfhVHg2P9-V9UgeLCkChqA,channel,no,districts_combined,https://www.youtube.com/channel/UCCfhVHg2P9-V9UgeLCkChqA
us:sd:0636970,Snowline Joint Unified School District,CA,youtube,https://www.youtube.com/channel/UC9a4I9acjPlWHjKRLMrpVQg,channel,no,districts_combined,https://www.youtube.com/channel/UC9a4I9acjPlWHjKRLMrpVQg
us:sd:3810500,Kulm Public School District 7,ND,youtube,http://www.youtube.com/@KDAKTheCardinal/streams,channel,no,districts_combined,http://www.youtube.com/@KDAKTheCardinal/streams
us:sd:4622560,Eureka School District 44-1,SD,youtube,https://www.youtube.com/@redfieldpheasantslive5652,channel,no,districts_combined,https://www.youtube.com/@redfieldpheasantslive5652 https://www.youtube.com/@northernstateuniversitytel9984/streams
us:sd:3800023,Scranton Public School District 33,ND,youtube,https://www.youtube.com/@scrantonpublicschool,channel,no,districts_combined,https://www.youtube.com/@scrantonpublicschool https://www.youtube.com/live/MD5Uh6h2DGY?si=1ENWo_YE1MnHM3Ri
us:sd:1920130,Muscatine Community School District,IA,youtube,https://www.youtube.com/@muscatineschools,channel,no,districts_combined,https://www.youtube.com/embed/jPtQG1_10t8?feature=oembed https://www.youtube.com/@muscatineschools
us:sd:4830060,Medina Valley Independent School District,TX,youtube,https://www.youtube.com/@MVISD-,channel,yes,districts_combined,https://www.youtube.com/@MVISD-
us:sd:0403240,Gadsden Elementary District,AZ,youtube,https://www.youtube.com/channel/UCwOf_ha92T8syYYM8vR9nYQ,channel,no,districts_combined,https://www.youtube.com/channel/UCwOf_ha92T8syYYM8vR9nYQ
us:sd:4676680,Waubay School District 18-3,SD,youtube,https://www.youtube.com/@Cowboy_Plus,channel,no,districts_combined,https://www.youtube.com/@Cowboy_Plus
us:sd:4840680,South San Antonio Independent School District,TX,youtube,https://www.youtube.com/@SouthSanAntonio,channel,yes,districts_combined,https://www.youtube.com/@SouthSanAntonio https://www.youtube.com/embed/KrPYzaeyz1E https://www.youtube.com/channel/UCwAzJ0IaqCJlXie-ctjjAWA
us:sd:4840680,South San Antonio Independent School District,TX,youtube,https://www.youtube.com/channel/UCwAzJ0IaqCJlXie-ctjjAWA,channel,yes,districts_combined,https://www.youtube.com/@SouthSanAntonio https://www.youtube.com/embed/KrPYzaeyz1E https://www.youtube.com/channel/UCwAzJ0IaqCJlXie-ctjjAWA
us:sd:1909060,Diagonal Community School District,IA,youtube,https://youtube.com/@diagonal-maroontv?si=_Da-GO0P09FHr7fN,channel,no,districts_combined,https://www.youtube.com/live/8kHuOPUmM2E https://youtube.com/live/iCuRfVBxV-E?feature=share https://youtube.com/live/mSjZBFoCx14?feature=share https://m.youtube.com/watch?v=2m9Tj_Xmlzg https://youtube.com/@diagonal-maroontv?si=_Da-GO0P09FHr7fN
us:sd:4022160,Oak Grove Public School,OK,youtube,https://www.youtube.com/playlist?list=PL5rVPmVBkL4cFOOFuTjcWqqGmomOct129,playlist,no,districts_combined,https://www.youtube.com/playlist?list=PL5rVPmVBkL4cFOOFuTjcWqqGmomOct129
us:sd:3005310,Butte High School District,MT,youtube,https://youtu.be/5FQY6JO-_Uk,single_video,no,districts_combined,https://youtu.be/5FQY6JO-_Uk https://www.youtube.com/embed/WAXAqB8nais?rel=0 https://www.youtube.com/embed/x4H9VgMlSdE?rel=0 https://www.youtube.com/embed/Vy0BFLGVFYs?rel=0 https://www.youtube.com/embed/tdtLDXKZ2JI?rel=0 https://www.youtube.com/embed/yBDzeRb3YLE?rel=0 https://www.youtube.com/embed/_FtBT82NhN0?rel=0 https://www.youtube.com/embed/iHcA_Mfa0go?rel=0 https://www.youtube.com/embed/O7fjvEs8HN4?rel=0 https://www.youtube.com/embed/umKF_s791Uk?rel=0 https://www.youtube.com/embed/OBWU6bwTekI?rel=0 https://www.youtube.com/embed/RbLqH4tROM4?rel=0 https://www.youtube.com/embed/AKRrsuViWog?rel=0 https://www.youtube.com/embed/IX7HM66QZ9w?rel=0 https://www.youtube.com/embed/0E_tCZhxdZ4?rel=0 https://www.youtube.com/embed/rvAh0hPsJLE?rel=0 https://www.youtube.com/embed/cqW1riamsjc?rel=0 https://www.youtube.com/embed/E2kwzc_ijxs?rel=0 https://www.youtube.com/embed/hyVWp3if1So?rel=0 https://www.youtube.com/embed/LKcYV67DfGo?rel=0 https://www.youtube.com/embed/9ngIdD4ntMo?rel=0 https://www.youtube.com/embed/jzvpe-m13ks?rel=0 https://www.youtube.com/embed/blDxMDfxbH8?rel=0 https://www.youtube.com/embed/F1D0KV8kVWA?rel=0 https://www.youtube.com/embed/DFdH_PtpyTc?rel=0 https://www.youtube.com/embed/kO54i3Ze8HQ?rel=0 https://www.youtube.com/embed/yWnB4rGMUoM?rel=0 https://www.youtube.com/embed/Y_Ts7hxYylE?rel=0 https://www.youtube.com/embed/Tuepwm_B0Bw?rel=0 https://www.youtube.com/embed/DZib18_yvLE?rel=0 https://www.youtube.com/embed/rpCuxzLVDAw?rel=0 https://www.youtube.com/embed/1gWruluhwXg?rel=0 https://www.youtube.com/embed/jLNesCH2LjA?rel=0 https://www.youtube.com/embed/_KIvloNNKX4?rel=0 https://www.youtube.com/embed/cYm0LBIJ6JA?rel=0 https://www.youtube.com/embed/pyXOTCbmmKE?rel=0 https://www.youtube.com/embed/vIDx07QHw8Q?rel=0 https://www.youtube.com/embed/nTt7MFCeCAc?rel=0 https://www.youtube.com/embed/z3lopaxet6Y?rel=0 https://www.youtube.com/embed/vQij05Oi90M?rel=0 https://www.youtube.com/embed/fZkCTLXxoNQ?rel=0
us:sd:3003270,Belfry K-12 Schools,MT,youtube,https://www.youtube.com/@BelfryBatsCreate,channel,no,districts_combined,https://www.youtube.com/@BelfryBatsCreate
us:sd:0200450,Klawock City School District,AK,youtube,https://youtube.com/channel/UCzswQoG0p9DfZHgPKjoc5mg,channel,no,districts_combined,https://www.youtube.com/Chieftainchannel https://youtube.com/channel/UCzswQoG0p9DfZHgPKjoc5mg
us:sd:2300064,Indian Township,ME,youtube,https://www.youtube.com/watch?v=2JSeXDGr5k4,single_video,no,districts_combined,https://www.youtube.com/watch?v=2JSeXDGr5k4 https://www.youtube.com/watch?v=GzTAZDsNBe0
us:sd:0510440,Nettleton School District,AR,youtube,https://www.youtube.com/@npsraiders,channel,no,districts_combined,https://www.youtube.com/@npsraiders
us:sd:0200180,Anchorage School District,AK,youtube,https://www.youtube.com/@ASDschools/streams,channel,yes,districts_combined,https://www.youtube.com/anchoragesd https://www.youtube.com/@ASDschools/streams https://youtube.com/playlist?list=PL-8GvZQOwWUGVIpSr-n57BfdXs9g3JbLW&feature=shared https://www.youtube.com/channel/UCEru6fqOoi-AQeLYnrZnoAw?view_as=subscriber https://www.youtube.com/embed/umw37-F9yMQ?si=WldRreIJbN8UDour https://www.youtube.com/embed/0YHAmBMkNEo?si=j3VJ5K2aCEgw_u71 https://www.youtube.com/embed/Nmgfr6rmtvw https://www.youtube.com/embed/EwEWstLxIro?si=eHxs9TlMmT8YUv6v https://www.youtube.com/embed/D_K_qlvariU?si=5ZGLGhqTUGbWivh6 https://www.youtube.com/embed/A8TYRhVLrak?si=tJpbopSFT4aLjtzR https://www.youtube.com/embed/KL8CviYjL9Q?si=oGV9fy0toYvjT1sn https://www.youtube.com/watch?v=OWrJhfuikkM https://www.youtube.com/embed/AZErUQT0vN4
us:sd:0200180,Anchorage School District,AK,youtube,https://www.youtube.com/channel/UCEru6fqOoi-AQeLYnrZnoAw?view_as=subscriber,channel,yes,districts_combined,https://www.youtube.com/anchoragesd https://www.youtube.com/@ASDschools/streams https://youtube.com/playlist?list=PL-8GvZQOwWUGVIpSr-n57BfdXs9g3JbLW&feature=shared https://www.youtube.com/channel/UCEru6fqOoi-AQeLYnrZnoAw?view_as=subscriber https://www.youtube.com/embed/umw37-F9yMQ?si=WldRreIJbN8UDour https://www.youtube.com/embed/0YHAmBMkNEo?si=j3VJ5K2aCEgw_u71 https://www.youtube.com/embed/Nmgfr6rmtvw https://www.youtube.com/embed/EwEWstLxIro?si=eHxs9TlMmT8YUv6v https://www.youtube.com/embed/D_K_qlvariU?si=5ZGLGhqTUGbWivh6 https://www.youtube.com/embed/A8TYRhVLrak?si=tJpbopSFT4aLjtzR https://www.youtube.com/embed/KL8CviYjL9Q?si=oGV9fy0toYvjT1sn https://www.youtube.com/watch?v=OWrJhfuikkM https://www.youtube.com/embed/AZErUQT0vN4
us:sd:4101920,Beaverton School District 48J,OR,youtube,https://www.youtube.com/channel/UCGCsl4R0vYcEcVMkLBl-cqQ,channel,yes,districts_combined,https://www.youtube.com/channel/UCGCsl4R0vYcEcVMkLBl-cqQ https://www.youtube.com/embed/videoseries?list=PLRXkr3eh29508DOdluDjSdPfA1Sdcx9gJ https://www.youtube.com/BeavertonSchools https://youtu.be/s_5ARZOyUAg https://youtu.be/-pm3_n9XQb8 https://youtu.be/9A7NW1T5sEU https://youtu.be/9wgvlnjSzx4 https://youtu.be/y4tG3WWAecA https://youtu.be/lwAMl-lNSDs https://youtu.be/lNksQ-j2czA https://youtu.be/RRrIMAEG19Y https://youtu.be/_2PT3Y12qHw https://youtu.be/XakT2v3Utdk https://youtu.be/vFlnnj0Ugl8 https://youtu.be/aYpYQGbeVSk https://youtu.be/pL8lqVZnXBA https://youtu.be/mwn3zzWxxEo https://youtu.be/6duVeSRKtUs https://youtu.be/hDDG4PeOU14 https://youtu.be/wb80kxWBcmg https://youtu.be/YI_Zo1gwoCs https://youtu.be/ndwXvWgObG8 https://youtu.be/STgYmNktHgI https://youtu.be/IGCXdtjtiLA https://youtu.be/ZYf6UGqo5dk https://youtu.be/OG-Pv-H5BwU https://youtu.be/DQUYZle-4c4 https://youtu.be/n8V3aPgFPl4 https://youtu.be/eYfKPQsFFCE https://youtu.be/R7feDgnvOJ0
us:sd:4212840,Kiski Area School District,PA,youtube,https://www.youtube.com/@KASDStream/featured,channel,no,districts_combined,https://www.youtube.com/@KASDStream/featured
us:sd:4003510,Balko Public Schools,OK,youtube,https://www.youtube.com/@CornBibleAcademy,channel,no,districts_combined,https://www.youtube.com/@CornBibleAcademy
us:sd:0400630,Alpine Elementary District,AZ,youtube,https://youtu.be/MkTRV7gy8s0,single_video,no,districts_combined,https://youtu.be/MkTRV7gy8s0
us:sd:2009720,Moscow Public Schools Unified School District 209,KS,youtube,https://youtu.be/LToF5l5ZBJc,single_video,no,districts_combined,https://youtu.be/LToF5l5ZBJc
us:sd:1305370,Walker County School District,GA,youtube,https://www.youtube.com/embed/CF9mtC7_8KA?si=BIWzx-KABZfGCalq,single_video,no,districts_combined,http://www.walkerschools.org/board/meetings/archived-board-meetings-2025-2026 https://www.youtube.com/embed/CF9mtC7_8KA?si=BIWzx-KABZfGCalq https://www.youtube.com/embed/iHoh5oGp2w8?si=znaAGx_pfZ_H04Aw https://www.youtube.com/embed/aoiasAgkZIg?si=ePLyJUYAgaxIozGe https://www.youtube.com/embed/1UtaX9ck3uA?si=m8OADq_r_OjHcibu https://www.youtube.com/embed/f7b3ddUd4i0?si=krMCSVccHOZvZyQe https://www.youtube.com/embed/vY9HYpip4-M?si=1WZzIyHikDGO2MX0 https://www.youtube.com/embed/JDEt-VfPz0k?si=3NU9IKFS6j7SWwLX https://www.youtube.com/embed/mDqnqwFpyXA?si=9-L2qQthxREn5Mnv https://www.youtube.com/embed/vtKhSNgdHBI?si=k1UVnsBDfk7OscRH https://www.youtube.com/embed/q7XBjfMaa-A?si=6dJ_IHgLL5u13hnX https://www.youtube.com/embed/8MzoKlgE_k8?si=wgaMjn8JvViDx08C https://www.youtube.com/embed/rSzkaiychz4?si=0PCmRkNel7XAJxiI https://www.youtube.com/embed/0_y89LPASW0?si=YdGFLfU1pxTOB1bI https://www.youtube.com/embed/FKrshaFRDOQ?si=Txyr9bbz-0GIwFNo https://www.youtube.com/embed/Vl9pApRUCCo?si=rkmRkJPXFR6C8yh7 https://www.youtube.com/embed/WkWPx1fBwEM?si=vURtMAKxu9MfXv5U https://www.youtube.com/embed/TbNlXdfmdH8?si=f2EmMbmeUitvcU6l https://www.youtube.com/embed/qRxwLRIqrcc?si=zF3nXmWp2nmblX11 https://www.youtube.com/embed/Zo7ILMhkrIU?si=zeu82fF_1i9T9mpi https://www.youtube.com/embed/fCs3QIgVJtM?si=PmUX2LTdDYNOguAi https://www.youtube.com/embed/CAqzHXPtKl8?si=2VaUTsZopBawOvce https://www.youtube.com/embed/mNz8c6cSuUQ?si=Fpba00TjT7DADXwv https://www.youtube.com/embed/IoxmUFuxbak?si=Z4uBA0SEALjSGbk5 https://www.youtube.com/embed/Se4X1AiL9nk?si=31zB3K9sKCDNauMr https://www.youtube.com/embed/Vm0jrDFyA0M?si=loCJm6CruMzoP_ez https://www.youtube.com/embed/4e659FN4FQM?si=QhFxbfuEOMlppECn https://www.youtube.com/embed/S2yX0Vp7d7w?si=eHJvSh1LnkO-Zwbg https://www.youtube.com/embed/oVnfPrWFvWA?si=w7z4QTmos3QwrDF0 https://www.youtube.com/embed/VYGiQUXMd48?si=nLpiyuKOarbxY29N https://www.youtube.com/embed/Btx4CQyMeT4?si=C-4QRX2wO0cZVenu https://www.youtube.com/embed/Vd6SJqgStaE?si=ckeG1rVsCWQm6Mp8 https://www.youtube.com/embed/EkuDcNXc9NU?si=Q-Y80mVN5pliQTSS https://www.youtube.com/embed/-5VyZmg5snI?si=AnuuvqsVyFyioMme https://www.youtube.com/embed/zplB4Bg3ysU?si=H3R9B9iVfUeQPqAB https://www.youtube.com/embed/Q1kpbU99VVE?si=ajfuWQ8nWN4HrQh7 https://www.youtube.com/embed/k7jdN_SixsE?si=QsM1T6lp_8WZc2wb https://www.youtube.com/embed/DwKhjGs610s?si=1PGPYNoOBW6YSIw1 https://www.youtube.com/embed/MDmWidg9iho?si=SMhnyPUiTD0r2anY https://www.youtube.com/embed/5x07HXrlmW8?si=THhb5kOY7o7wvRou https://www.youtube.com/embed/5P3FknUUJsM?si=trLsv-7aQ6kDEUcZ https://www.youtube.com/embed/hQ-rne8Vz8s?si=2Gv9c16Tc2NKPR5r https://www.youtube.com/embed/UONY3UU6KGU?si=CP2aVGpWVbAPBHgC https://www.youtube.com/embed/3w_BND77HvY?si=gI3alKKFGwvu_xo3 https://www.youtube.com/embed/2ATaSFr_JKg?si=9IAWv0Z4vSDyDBpz https://www.youtube.com/embed/4GRVkoiAMPY?si=a7RjeWRgOVLkp4cx
us:sd:0200680,St. Marys City School District,AK,youtube,https://youtu.be/snM_oU50Jj8,single_video,no,districts_combined,https://youtu.be/snM_oU50Jj8
us:sd:3904987,Louisville City School District,OH,youtube,https://www.youtube.com/channel/UC7qhh6veUKtNZJtPbVMqR5w,channel,no,districts_combined,https://www.youtube.com/channel/UC7qhh6veUKtNZJtPbVMqR5w
us:sd:2103360,Letcher County School District,KY,youtube,https://www.youtube.com/channel/UChdsrFNywBBYclQiq_EiAYg,channel,no,districts_combined,https://www.youtube.com/channel/UChdsrFNywBBYclQiq_EiAYg
us:sd:3016710,Lima K-12 Schools,MT,youtube,https://www.youtube.com/@evabernard6083,channel,no,districts_combined,https://www.youtube.com/@evabernard6083
us:sd:3004500,Box Elder High School District,MT,youtube,https://www.youtube.com/channel/UCKlFSHKbQH86Ii0oHV6kUbQ/videos?view_as=subscriber,channel,no,districts_combined,https://www.youtube.com/channel/UCKlFSHKbQH86Ii0oHV6kUbQ/videos?view_as=subscriber
us:sd:4102800,Centennial School District 28J,OR,youtube,https://www.youtube.com/@csd28j,channel,yes,districts_combined,https://www.youtube.com/@csd28j
us:sd:5309990,Wishkah Valley School District,WA,youtube,https://www.youtube.com/channel/UCygnlS07jQPWq6c5nfB4DpA,channel,yes,districts_combined,https://www.youtube.com/channel/UCygnlS07jQPWq6c5nfB4DpA https://www.youtube.com/@WishkahMedia
us:sd:5309990,Wishkah Valley School District,WA,youtube,https://www.youtube.com/@WishkahMedia,channel,yes,districts_combined,https://www.youtube.com/channel/UCygnlS07jQPWq6c5nfB4DpA https://www.youtube.com/@WishkahMedia
us:sd:0800019,Liberty School District J-4,CO,youtube,https://youtu.be/zW9d0VzqDFI?feature=shared,single_video,no,districts_combined,https://youtu.be/zW9d0VzqDFI?feature=shared
us:sd:4819500,Follett Independent School District,TX,youtube,https://youtu.be/-ifadLQxl04?si=aY2x9EOYv-6pxDAg,single_video,no,districts_combined,https://youtu.be/-ifadLQxl04?si=aY2x9EOYv-6pxDAg
us:sd:5303030,Glenwood School District,WA,youtube,https://www.youtube.com/channel/UCzhkcyb09fJOdlXXhmTG_7Q,channel,no,districts_combined,https://www.youtube.com/channel/UCzhkcyb09fJOdlXXhmTG_7Q
us:sd:1603030,South Lemhi School District 292,ID,youtube,https://www.youtube.com/channel/UC1--r4bH2SvwpHQOIC4ywEw,channel,no,districts_combined,https://www.youtube.com/channel/UC1--r4bH2SvwpHQOIC4ywEw
us:sd:0506420,Fountain Lake School District,AR,youtube,https://www.youtube.com/@flsdsupportservices272,channel,no,districts_combined,https://www.youtube.com/@flsdsupportservices272
us:sd:1811460,Tri-Creek School Corporation,IN,youtube,http://www.youtube.com/@tricreekschools,channel,yes,districts_combined,http://www.youtube.com/@tricreekschools http://www.youtube.com/channel/UCdpjLkQi2bL8xWBk8r9u5VQ
us:sd:1811460,Tri-Creek School Corporation,IN,youtube,http://www.youtube.com/channel/UCdpjLkQi2bL8xWBk8r9u5VQ,channel,yes,districts_combined,http://www.youtube.com/@tricreekschools http://www.youtube.com/channel/UCdpjLkQi2bL8xWBk8r9u5VQ
us:sd:5308340,Stanwood-Camano School District,WA,youtube,https://www.youtube.com/@stanwood-camanoschooldistr3835,channel,yes,districts_combined,https://www.youtube.com/@stanwood-camanoschooldistr3835 https://www.youtube.com/channel/UC_hzISKdu83UQ7cVdorQ-Ag
us:sd:5308340,Stanwood-Camano School District,WA,youtube,https://www.youtube.com/channel/UC_hzISKdu83UQ7cVdorQ-Ag,channel,yes,districts_combined,https://www.youtube.com/@stanwood-camanoschooldistr3835 https://www.youtube.com/channel/UC_hzISKdu83UQ7cVdorQ-Ag
us:sd:0611610,Dunham Elementary School District,CA,youtube,https://www.youtube.com/watch?v=KZrZHTMy2-k&feature=emb_logo,single_video,no,districts_combined,https://www.youtube.com/watch?v=KZrZHTMy2-k&feature=emb_logo
us:sd:4817640,Duncanville Independent School District,TX,youtube,https://www.youtube.com/@DuncanvilleISDWeb,channel,yes,districts_combined,https://www.youtube.com/@DuncanvilleISDWeb https://www.youtube.com/embed/QdRQbytRR58 https://www.youtube.com/embed/dLtPI_ZsU5g https://www.youtube.com/embed/A9xvZbcEAu0 https://www.youtube.com/embed/SQTKC22PeiM https://www.youtube.com/embed/06vwQFH4_LE https://www.youtube.com/embed/DZdDusB0POY https://www.youtube.com/embed/q3W6yENe6Kc https://www.youtube.com/embed/KFt5EZl_ijU https://www.youtube.com/embed/Uo_Ybl0HwMM https://www.youtube.com/embed/39OPAw6otUE https://www.youtube.com/embed/3krBXQOw5_w https://www.youtube.com/embed/videoseries?list=PL645F7B75D3230328 https://www.youtube.com/user/DuncanvilleISDWeb
us:sd:4817640,Duncanville Independent School District,TX,youtube,https://www.youtube.com/user/DuncanvilleISDWeb,channel,yes,districts_combined,https://www.youtube.com/@DuncanvilleISDWeb https://www.youtube.com/embed/QdRQbytRR58 https://www.youtube.com/embed/dLtPI_ZsU5g https://www.youtube.com/embed/A9xvZbcEAu0 https://www.youtube.com/embed/SQTKC22PeiM https://www.youtube.com/embed/06vwQFH4_LE https://www.youtube.com/embed/DZdDusB0POY https://www.youtube.com/embed/q3W6yENe6Kc https://www.youtube.com/embed/KFt5EZl_ijU https://www.youtube.com/embed/Uo_Ybl0HwMM https://www.youtube.com/embed/39OPAw6otUE https://www.youtube.com/embed/3krBXQOw5_w https://www.youtube.com/embed/videoseries?list=PL645F7B75D3230328 https://www.youtube.com/user/DuncanvilleISDWeb
us:sd:4018390,Lookeba-Sickles Public Schools,OK,youtube,https://www.youtube.com/watch?v=941PIVWTXJ4,single_video,no,districts_combined,https://www.youtube.com/watch?v=941PIVWTXJ4 https://youtu.be/kcoqI5V7__4?si=Hn8f-LAFXc6MlQ5b https://youtu.be/BlnFlHpxl0M?si=P8gu-qa9i59Lrm2_ https://youtu.be/ctEqBTNZ-I8?si=7xtqgdL3IOQspHM5 https://youtu.be/3LN08wOo5T4?si=NrreRu5Ec5ovVcv_
us:sd:4108310,Molalla River School District 35,OR,youtube,http://www.youtube.com/@MolallaRiverSchools,channel,no,districts_combined,http://www.youtube.com/@MolallaRiverSchools
us:sd:4023220,Osage Hills Public School,OK,youtube,https://youtube.com/shorts/bjiBMlsjZaE?feature=share,single_video,no,districts_combined,https://youtube.com/shorts/bjiBMlsjZaE?feature=share
us:sd:4809860,Belton Independent School District,TX,youtube,https://www.youtube.com/channel/UC_aM8OsTI3PMDsgszlHA2og?view_as=subscriber,channel,no,districts_combined,https://www.bisd.net/about-us/board-of-trustees https://www.bisd.net/about-us/board-of-trustees/board-members https://www.youtube.com/channel/UC_aM8OsTI3PMDsgszlHA2og?view_as=subscriber https://youtu.be/_a8UktwvcDo?si=1Na4EgDjjk4gw1sH https://www.youtube.com/@BeltonISD/featured https://www.youtube.com/@BeltonTigerLand https://www.youtube.com/channel/UCHw0_lPjj3hBLV5sVqhFsYA https://www.youtube.com/user/Beltonnewtech https://www.youtube.com/@lakebeltonhighschool4114 https://www.youtube.com/@beltonmsband https://www.youtube.com/@CharterOakElementary https://www.youtube.com/@LWESNews https://www.youtube.com/embed/05a3RXLC360?si=y4vAgFrhNuMmpXBj
us:sd:3812990,Minnewaukan Public School District 5,ND,youtube,https://www.youtube.com/watch?v=UKmR_YLAwIg,single_video,no,districts_combined,https://www.youtube.com/watch?v=UKmR_YLAwIg
us:sd:4819560,Forney Independent School District,TX,youtube,https://www.youtube.com/@FalconsBN,channel,yes,districts_combined,https://www.youtube.com/@JackrabbitLive26 https://www.youtube.com/@FalconsBN https://www.youtube.com/@ForneyISDTX https://youtu.be/EwWRwT_QSlo https://www.youtube.com/watch?v=7jkJJQ-izcs https://www.youtube.com/watch?v=NgRjAO_LbcY https://youtu.be/yqk7Tw-6dF0 http://youtube.com/watch?v=OF0gV8eF1ss&feature=youtu.be https://youtu.be/StRx0WLFAjk https://www.youtube.com/watch?v=1Fs2OAD79L0 https://youtu.be/oOM9d8j3aEg https://youtu.be/L_sbFP_CU3g https://youtu.be/YK-Ug86nVdY https://youtu.be/P92O34oZn7U https://www.youtube.com/watch?v=OD8jK-k2seo https://www.youtube.com/watch?v=XN4iUjmd-dw https://www.youtube.com/watch?v=dkWNXo0XCtM https://www.youtube.com/watch?v=zL1Xa8o06bA https://www.youtube.com/watch?v=27JmgO-T9yI https://www.youtube.com/watch?v=MvQPkVzmod8 https://www.youtube.com/watch?v=WXPDdse_f_M https://youtu.be/dV8XigdTpe0 https://youtu.be/EgavisO2pgY https://youtu.be/kIKAwXWkH7Q https://youtu.be/r7gfw1aAM7c https://www.youtube.com/watch?v=iPvZu2Rg4so https://www.youtube.com/watch?v=HPdN-vjCnH0 https://www.youtube.com/watch?v=M9_PM05hX5Q https://youtu.be/qTDxyvisJTA https://www.youtube.com/watch?v=6HZt9oFPfMc https://www.youtube.com/watch?v=vCVr_frzvU0 https://www.youtube.com/watch?v=5-JHOxm4pYk https://www.youtube.com/watch?v=J3X3x_p8QRo https://www.youtube.com/watch?v=SoJhAu02TNM https://www.youtube.com/watch?v=a8G-y7EH6gc https://www.youtube.com/watch?v=ixz2rheqBNY https://www.youtube.com/watch?v=4pPo0ZPD7qk https://www.youtube.com/watch?v=WXW67ev8Qjs https://youtu.be/iLf38TIuPWY https://youtu.be/KBmv0V4wmEo https://youtu.be/GTBRJo91XdM https://youtu.be/JX5tchnCAHM https://www.youtube.com/watch?v=c281ihmjKWI https://youtu.be/QvOnf0Ln4qo https://youtu.be/KfOQqCOgmSs https://youtu.be/P8iM6PhvbhM?si=ZtI74VHzfpsmAZqo https://youtu.be/pz2Ck80xiGQ?feature=shared https://www.youtube.com/watch?v=LP5o42OiPsc https://www.youtube.com/watch?v=GR7nyweBfhY https://www.youtube.com/watch?v=Yjs6V5y9D6g https://www.youtube.com/watch?v=ue612Y0oWEk https://www.youtube.com/watch?v=9CYt04xrBkY https://www.youtube.com/watch?v=hyZHp_w_91s https://youtu.be/zxaxfT0F3pk https://youtu.be/s3luw4dqgj8 https://youtu.be/ODhq1RSts2Y https://youtu.be/tkwqWaTHRJc https://youtu.be/xLR93IbxRqk https://youtu.be/pekMkBqSrXw https://youtu.be/TEhwXAcGcbQ https://youtu.be/SbUHv0lYpt0 https://youtu.be/zo7A3i7Qiuo https://www.youtube.com/watch?v=gkvO7u4ahvc https://www.youtube.com/watch?v=MV61km8w-Dc https://www.youtube.com/watch?v=_t5yHhLay_Q&feature=youtu.be https://youtu.be/W_KZavl0oyY https://www.youtube.com/watch?v=_PKyTH3xNW0 https://youtu.be/TFEXp3jNiFs https://youtu.be/TJYmRFdCRrc https://www.youtube.com/watch?v=ZR29sEZ9X00 https://youtu.be/M7elHZKIftQ https://www.youtube.com/watch?v=B59iICOLdDU https://www.youtube.com/watch?v=hFV3XciSs24 https://www.youtube.com/watch?v=YVkWpk5ejYo https://www.youtube.com/watch?v=1eVvsdrYarg&feature=youtu.be&disable_polymer=true https://www.youtube.com/watch?v=FCZpQdhlbRc https://www.youtube.com/watch?v=5r9uSEReZrQ https://www.youtube.com/watch?v=3E5vvmh3LzM&feature=youtu.be https://www.youtube.com/watch?v=7v0z0ayAdME&feature=youtu.be https://youtu.be/LoG-c1QYx2c https://www.youtube.com/watch?v=W921cQmJwUI https://youtu.be/AcNfEMgDRAA https://www.youtube.com/watch?v=NwqC_MVF5h0 https://www.youtube.com/watch?v=Rfri7KEiJDc https://www.youtube.com/watch?v=cnjNimNcNW0 https://youtu.be/0Yn9bwJtdtQ https://www.youtube.com/watch?v=3KZe5OUGudI&t=8s https://www.youtube.com/watch?v=PrnXdXXe1GM&feature=youtu.be https://www.youtube.com/watch?v=QktnIl1hmzU&feature=youtu.be https://www.youtube.com/watch?v=Yic4Yd-Nvy8 https://www.youtube.com/watch?v=_Z-h-Dcv6Gk https://www.youtube.com/watch?v=PHrJzj0VH44&feature=youtu.be https://www.youtube.com/watch?reload=9&v=rUYSbHSszr0&feature=youtu.be https://www.youtube.com/watch?v=CTKS1y0MEb0&feature=youtu.be https://www.youtube.com/watch?v=gJrYQD7XyCY&t=11s&disable_polymer=true https://www.youtube.com/watch?v=l2kVYuAv_Eg&t=8s https://www.youtube.com/watch?v=1RMF83Ci9ok&feature=youtu.be https://www.youtube.com/watch?v=KPmt_2zDp2M&feature=youtu.be https://www.youtube.com/watch?v=mhdB9n1-_Ok&feature=youtu.be https://www.youtube.com/watch?v=OUv5jyeYahQ&feature=youtu.be https://www.forneyisd.net/<iframe width=%22560%22 height=%22315%22  data-cke-saved-src=%22https://www.youtube.com/embed/F7dgOEpok-Y%22 src=%22https://www.youtube.com/embed/F7dgOEpok-Y%22 title=%22YouTube video player%22 frameborder=%220%22 allow=%22accelerometer; autoplay; clipboard-write; encrypted-media; gyroscope; picture-in-picture; web-share%22 allowfullscreen></iframe>
us:sd:4819560,Forney Independent School District,TX,youtube,https://www.youtube.com/@ForneyISDTX,channel,yes,districts_combined,https://www.youtube.com/@JackrabbitLive26 https://www.youtube.com/@FalconsBN https://www.youtube.com/@ForneyISDTX https://youtu.be/EwWRwT_QSlo https://www.youtube.com/watch?v=7jkJJQ-izcs https://www.youtube.com/watch?v=NgRjAO_LbcY https://youtu.be/yqk7Tw-6dF0 http://youtube.com/watch?v=OF0gV8eF1ss&feature=youtu.be https://youtu.be/StRx0WLFAjk https://www.youtube.com/watch?v=1Fs2OAD79L0 https://youtu.be/oOM9d8j3aEg https://youtu.be/L_sbFP_CU3g https://youtu.be/YK-Ug86nVdY https://youtu.be/P92O34oZn7U https://www.youtube.com/watch?v=OD8jK-k2seo https://www.youtube.com/watch?v=XN4iUjmd-dw https://www.youtube.com/watch?v=dkWNXo0XCtM https://www.youtube.com/watch?v=zL1Xa8o06bA https://www.youtube.com/watch?v=27JmgO-T9yI https://www.youtube.com/watch?v=MvQPkVzmod8 https://www.youtube.com/watch?v=WXPDdse_f_M https://youtu.be/dV8XigdTpe0 https://youtu.be/EgavisO2pgY https://youtu.be/kIKAwXWkH7Q https://youtu.be/r7gfw1aAM7c https://www.youtube.com/watch?v=iPvZu2Rg4so https://www.youtube.com/watch?v=HPdN-vjCnH0 https://www.youtube.com/watch?v=M9_PM05hX5Q https://youtu.be/qTDxyvisJTA https://www.youtube.com/watch?v=6HZt9oFPfMc https://www.youtube.com/watch?v=vCVr_frzvU0 https://www.youtube.com/watch?v=5-JHOxm4pYk https://www.youtube.com/watch?v=J3X3x_p8QRo https://www.youtube.com/watch?v=SoJhAu02TNM https://www.youtube.com/watch?v=a8G-y7EH6gc https://www.youtube.com/watch?v=ixz2rheqBNY https://www.youtube.com/watch?v=4pPo0ZPD7qk https://www.youtube.com/watch?v=WXW67ev8Qjs https://youtu.be/iLf38TIuPWY https://youtu.be/KBmv0V4wmEo https://youtu.be/GTBRJo91XdM https://youtu.be/JX5tchnCAHM https://www.youtube.com/watch?v=c281ihmjKWI https://youtu.be/QvOnf0Ln4qo https://youtu.be/KfOQqCOgmSs https://youtu.be/P8iM6PhvbhM?si=ZtI74VHzfpsmAZqo https://youtu.be/pz2Ck80xiGQ?feature=shared https://www.youtube.com/watch?v=LP5o42OiPsc https://www.youtube.com/watch?v=GR7nyweBfhY https://www.youtube.com/watch?v=Yjs6V5y9D6g https://www.youtube.com/watch?v=ue612Y0oWEk https://www.youtube.com/watch?v=9CYt04xrBkY https://www.youtube.com/watch?v=hyZHp_w_91s https://youtu.be/zxaxfT0F3pk https://youtu.be/s3luw4dqgj8 https://youtu.be/ODhq1RSts2Y https://youtu.be/tkwqWaTHRJc https://youtu.be/xLR93IbxRqk https://youtu.be/pekMkBqSrXw https://youtu.be/TEhwXAcGcbQ https://youtu.be/SbUHv0lYpt0 https://youtu.be/zo7A3i7Qiuo https://www.youtube.com/watch?v=gkvO7u4ahvc https://www.youtube.com/watch?v=MV61km8w-Dc https://www.youtube.com/watch?v=_t5yHhLay_Q&feature=youtu.be https://youtu.be/W_KZavl0oyY https://www.youtube.com/watch?v=_PKyTH3xNW0 https://youtu.be/TFEXp3jNiFs https://youtu.be/TJYmRFdCRrc https://www.youtube.com/watch?v=ZR29sEZ9X00 https://youtu.be/M7elHZKIftQ https://www.youtube.com/watch?v=B59iICOLdDU https://www.youtube.com/watch?v=hFV3XciSs24 https://www.youtube.com/watch?v=YVkWpk5ejYo https://www.youtube.com/watch?v=1eVvsdrYarg&feature=youtu.be&disable_polymer=true https://www.youtube.com/watch?v=FCZpQdhlbRc https://www.youtube.com/watch?v=5r9uSEReZrQ https://www.youtube.com/watch?v=3E5vvmh3LzM&feature=youtu.be https://www.youtube.com/watch?v=7v0z0ayAdME&feature=youtu.be https://youtu.be/LoG-c1QYx2c https://www.youtube.com/watch?v=W921cQmJwUI https://youtu.be/AcNfEMgDRAA https://www.youtube.com/watch?v=NwqC_MVF5h0 https://www.youtube.com/watch?v=Rfri7KEiJDc https://www.youtube.com/watch?v=cnjNimNcNW0 https://youtu.be/0Yn9bwJtdtQ https://www.youtube.com/watch?v=3KZe5OUGudI&t=8s https://www.youtube.com/watch?v=PrnXdXXe1GM&feature=youtu.be https://www.youtube.com/watch?v=QktnIl1hmzU&feature=youtu.be https://www.youtube.com/watch?v=Yic4Yd-Nvy8 https://www.youtube.com/watch?v=_Z-h-Dcv6Gk https://www.youtube.com/watch?v=PHrJzj0VH44&feature=youtu.be https://www.youtube.com/watch?reload=9&v=rUYSbHSszr0&feature=youtu.be https://www.youtube.com/watch?v=CTKS1y0MEb0&feature=youtu.be https://www.youtube.com/watch?v=gJrYQD7XyCY&t=11s&disable_polymer=true https://www.youtube.com/watch?v=l2kVYuAv_Eg&t=8s https://www.youtube.com/watch?v=1RMF83Ci9ok&feature=youtu.be https://www.youtube.com/watch?v=KPmt_2zDp2M&feature=youtu.be https://www.youtube.com/watch?v=mhdB9n1-_Ok&feature=youtu.be https://www.youtube.com/watch?v=OUv5jyeYahQ&feature=youtu.be https://www.forneyisd.net/<iframe width=%22560%22 height=%22315%22  data-cke-saved-src=%22https://www.youtube.com/embed/F7dgOEpok-Y%22 src=%22https://www.youtube.com/embed/F7dgOEpok-Y%22 title=%22YouTube video player%22 frameborder=%220%22 allow=%22accelerometer; autoplay; clipboard-write; encrypted-media; gyroscope; picture-in-picture; web-share%22 allowfullscreen></iframe>
us:sd:4701110,Elizabethton City School District,TN,youtube,https://www.youtube.com/channel/UCGxN3C4-UWcgn8oBoZCBR5A,channel,no,districts_combined,https://www.youtube.com/channel/UCGxN3C4-UWcgn8oBoZCBR5A
us:sd:1600930,Bonneville Joint School District 93,ID,youtube,https://www.youtube.com/@bonnevilleschooldistrict9398,channel,yes,districts_combined,https://www.youtube.com/@bonnevilleschooldistrict9398 https://www.youtube.com/embed/OC3vz2LO9Cw?si=RuVYppoEh62jY9k1 https://www.youtube.com/embed/VksdA3xVZUg?si=3VHP-KUJpiGPKI5M https://www.youtube.com/embed/f1HIFnMOKNg?si=YEH8clcuB95G_p3f https://www.youtube.com/channel/UCatMs_iOMip5rTH9O0fx5ZQ https://www.youtube.com/embed/f0Nbrd7jmbQ?si=7J_-rXZqBaq1WIw_ https://www.youtube.com/embed/Pr8UcfwWbK8?si=WwZcPI-F3_qLb3XS https://www.youtube.com/embed/CkB4pya6po8?si=nCc4yN8uAJH130Td https://www.youtube.com/embed/kIIXkWccCbo?si=B1zhJEULMi-y5de2 https://www.youtube.com/embed/GChUDfvBt2A?si=2k1L8rooZT5mOxIN https://www.youtube.com/embed/Aylk7O_iwfc?si=thgr0qXDs6CAVbxT https://www.youtube.com/embed/WuVP4cEutVk?si=onqAHblPnchrNUJn https://www.youtube.com/embed/-J_toh3WbNw?si=9D3BcZUMGTTAZ5qz https://www.youtube.com/embed/po_usT4UW8I?si=rC8aClwGowNKu-Uo https://www.youtube.com/embed/IIN58hOdyo0?si=J8_rYrwKw_IYYD4z https://www.youtube.com/embed/xyHJhmH3_s8?si=qzc83OE4t0J1UzLh https://www.youtube.com/embed/3J-XU8SxQjs?si=-Xftu9Gax5zEFmlu https://www.youtube.com/embed/iem7aDt_PiE?si=dYjJawgEqVFLmsA7 https://www.youtube.com/embed/LTpu7nBbpXw?si=ZBM7ZRH2Nvd_LzrY https://www.youtube.com/embed/j2ga01lnH5k?si=663tWeGtkw9GVXM- https://www.youtube.com/embed/gVkW04p5hoI?si=dRwPy77IWqxiw3X2 https://www.youtube.com/embed/qQ3Na3GcnZ4?si=ddAM4-61A-4PmbIg https://www.youtube.com/embed/JeXen-gHaLM?si=XHGMAqEzynnsJt5P https://www.youtube.com/embed/Pt4omA9CLiA?si=R0RDdFINQTmU3pDN https://www.youtube.com/embed/GPX2h3RZIBA?si=fNEjYu5VxaOgTsNN https://www.youtube.com/embed/3d3w14zqK80?si=eL1G6RVrzwCi0zXr https://www.youtube.com/embed/-vlOI7eMALc?si=-FROWhdGLQXM18Au https://www.youtube.com/embed/4d4r7GPc_rc?si=Asqs2hSAULmVLF5Q https://www.youtube.com/embed/w5JoxJsRllM?si=duNlBFtrrP3Edqms https://www.youtube.com/embed/6jmCKCIfe4Y?si=-ZzdbNwO0fo9Y0UJ
us:sd:1600930,Bonneville Joint School District 93,ID,youtube,https://www.youtube.com/channel/UCatMs_iOMip5rTH9O0fx5ZQ,channel,yes,districts_combined,https://www.youtube.com/@bonnevilleschooldistrict9398 https://www.youtube.com/embed/OC3vz2LO9Cw?si=RuVYppoEh62jY9k1 https://www.youtube.com/embed/VksdA3xVZUg?si=3VHP-KUJpiGPKI5M https://www.youtube.com/embed/f1HIFnMOKNg?si=YEH8clcuB95G_p3f https://www.youtube.com/channel/UCatMs_iOMip5rTH9O0fx5ZQ https://www.youtube.com/embed/f0Nbrd7jmbQ?si=7J_-rXZqBaq1WIw_ https://www.youtube.com/embed/Pr8UcfwWbK8?si=WwZcPI-F3_qLb3XS https://www.youtube.com/embed/CkB4pya6po8?si=nCc4yN8uAJH130Td https://www.youtube.com/embed/kIIXkWccCbo?si=B1zhJEULMi-y5de2 https://www.youtube.com/embed/GChUDfvBt2A?si=2k1L8rooZT5mOxIN https://www.youtube.com/embed/Aylk7O_iwfc?si=thgr0qXDs6CAVbxT https://www.youtube.com/embed/WuVP4cEutVk?si=onqAHblPnchrNUJn https://www.youtube.com/embed/-J_toh3WbNw?si=9D3BcZUMGTTAZ5qz https://www.youtube.com/embed/po_usT4UW8I?si=rC8aClwGowNKu-Uo https://www.youtube.com/embed/IIN58hOdyo0?si=J8_rYrwKw_IYYD4z https://www.youtube.com/embed/xyHJhmH3_s8?si=qzc83OE4t0J1UzLh https://www.youtube.com/embed/3J-XU8SxQjs?si=-Xftu9Gax5zEFmlu https://www.youtube.com/embed/iem7aDt_PiE?si=dYjJawgEqVFLmsA7 https://www.youtube.com/embed/LTpu7nBbpXw?si=ZBM7ZRH2Nvd_LzrY https://www.youtube.com/embed/j2ga01lnH5k?si=663tWeGtkw9GVXM- https://www.youtube.com/embed/gVkW04p5hoI?si=dRwPy77IWqxiw3X2 https://www.youtube.com/embed/qQ3Na3GcnZ4?si=ddAM4-61A-4PmbIg https://www.youtube.com/embed/JeXen-gHaLM?si=XHGMAqEzynnsJt5P https://www.youtube.com/embed/Pt4omA9CLiA?si=R0RDdFINQTmU3pDN https://www.youtube.com/embed/GPX2h3RZIBA?si=fNEjYu5VxaOgTsNN https://www.youtube.com/embed/3d3w14zqK80?si=eL1G6RVrzwCi0zXr https://www.youtube.com/embed/-vlOI7eMALc?si=-FROWhdGLQXM18Au https://www.youtube.com/embed/4d4r7GPc_rc?si=Asqs2hSAULmVLF5Q https://www.youtube.com/embed/w5JoxJsRllM?si=duNlBFtrrP3Edqms https://www.youtube.com/embed/6jmCKCIfe4Y?si=-ZzdbNwO0fo9Y0UJ
us:sd:1201500,Palm Beach County School District,FL,youtube,https://www.youtube.com/channel/UCIK9U-c6_PllykRg3PoZtPA,channel,yes,districts_combined,https://www.youtube.com/c/sdpbc/live https://www.youtube.com/playlist?list=PLOQqH0OHtbmPx6vYcnu9GQlcuMBm868pG https://www.youtube.com/channel/UCIK9U-c6_PllykRg3PoZtPA https://www.youtube.com/playlist?list=PLOQqH0OHtbmOezqXHOx6o_BvbumPbPQpI https://youtu.be/GGKiS_M5NK8 https://youtu.be/0CA5TqmG9Zc?si=tc_Q6rFbWDFzxvGR https://youtu.be/mgM6DaWFr9k?si=lKua5nuoghyKUPzu https://youtube.com/playlist?list=PLFXhoNfQoVWk&si=1T2-EnU57ETqWaVl https://www.youtube.com/playlist?list=PLOQqH0OHtbmP5Ec_fQrVpuuS_1x7qb5zg https://youtube.com/playlist?list=PLOQqH0OHtbmMrl5u9eScRvI0qkoCc_8yw&si=YF598396dQ1c5wI- https://youtube.com/playlist?list=PLOQqH0OHtbmOEyfsH_JI6U1kn8lbcIB2N&feature=shared https://youtube.com/playlist?list=PLOQqH0OHtbmOK4t8oFp_xQOp5KYG0QfCk&feature=shared https://youtube.com/playlist?list=PLOQqH0OHtbmNtIKG1EwS7Uh4ZXajR0Msu&feature=shared https://youtube.com/playlist?list=PLOQqH0OHtbmP3MFbIbhbNQeKl1OkYVizJ&feature=shared https://youtube.com/playlist?list=PLOQqH0OHtbmNwGuWYbl4HbJkqx6LMYvcF&feature=shared https://youtube.com/playlist?list=PLOQqH0OHtbmNJsi1NlNeRY1M8ojYhHUgS https://youtube.com/playlist?list=PLOQqH0OHtbmOLoV8K-qw0AMVjwG2rCGBX https://youtube.com/playlist?list=PLOQqH0OHtbmMNYBd7JWbHywQ2-OF-1C2S https://youtube.com/playlist?list=PLOQqH0OHtbmNn-UgmeeXxhzbddKWlBK6H https://youtube.com/playlist?list=PLOQqH0OHtbmOwBR6RRggJaucsI37ektGk https://youtube.com/playlist?list=PLOQqH0OHtbmM0vZ5HFDzYmsmD7NKLqp7- https://youtube.com/playlist?list=PLOQqH0OHtbmOfSH8U4uuPD-2xt9hrYOiA https://youtube.com/playlist?list=PLOQqH0OHtbmNuAJ_vF93QjidTqxKHhW2I https://youtube.com/playlist?list=PLOQqH0OHtbmMZEuoVRHl0uYBIVT_mpF8w https://www.youtube.com/@pbctvchannel20 https://www.youtube.com/embed/videoseries?list=PLOQqH0OHtbmNt-So6zPeHGdYEbCaurCB1 https://youtu.be/iJ1kcTn1qcs?list=PLOQqH0OHtbmNt-So6zPeHGdYEbCaurCB1 https://www.youtube.com/playlist?list=PLOQqH0OHtbmO1sELAUnxyD9qzVYuLmazB https://youtube.com/playlist?list=PLOQqH0OHtbmM1SivMRr1b6XdYtCoL4UcF&si=Iz8kEOfFcgCW2RBL https://www.youtube.com/playlist?list=PLOQqH0OHtbmMg5dNHceTFY8kA5ZxPwIdu https://youtube.com/playlist?list=PLOQqH0OHtbmPCcuiSW7C5WysPXxgSvy4p https://youtube.com/playlist?list=PLOQqH0OHtbmMIaiewJTcpqmdczMUuFe-G https://youtube.com/playlist?list=PLOQqH0OHtbmMMQ6pUeSd1uxcuKYANuBhL https://youtube.com/playlist?list=PLOQqH0OHtbmOlzHU4EFvwQgJPjnFcRz3q https://youtube.com/playlist?list=PLOQqH0OHtbmMW2ceOhjIIbGl6u8OOC3wl https://youtube.com/playlist?list=PLOQqH0OHtbmOW_-5kBD3K6pTNrZd3MTR6 https://youtu.be/vrjmu9cEygs
us:sd:3028860,Yellowstone Academy Elementary School District,MT,youtube,https://www.youtube.com/embed/7VDJMwWC-MI?si=9oh-X67bAM7OPxFk&enablejsapi=1,single_video,no,districts_combined,https://www.youtube.com/embed/7VDJMwWC-MI?si=9oh-X67bAM7OPxFk&enablejsapi=1
us:sd:4843980,Vega Independent School District,TX,youtube,https://www.youtube.com/channel/UCkKzNeGOAL5-Fp1lZcm4DLA/featured,channel,no,districts_combined,https://www.youtube.com/channel/UCkKzNeGOAL5-Fp1lZcm4DLA/featured
us:sd:7200030,Puerto Rico Department of Education,PR,youtube,https://www.youtube.com/@EducacionPR,channel,no,districts_combined,https://www.youtube.com/@EducacionPR
us:sd:0601420,Fortuna Elementary School District,CA,youtube,https://youtube.com/@fortunaelementaryschooldistric?feature=shared,channel,no,districts_combined,https://youtube.com/@fortunaelementaryschooldistric?feature=shared
us:sd:0611100,Desert Center Unified School District,CA,youtube,https://www.youtube.com/watch?v=i4NaodVE8l0&authuser=1,single_video,yes,districts_combined,https://www.youtube.com/watch?v=i4NaodVE8l0&authuser=1
us:sd:3611100,Fishers Island Union Free School District,NY,youtube,https://youtu.be/p7bBugDE8r8,single_video,no,districts_combined,https://youtu.be/p7bBugDE8r8
us:sd:0806450,Sargent School District RE-33J,CO,youtube,https://www.youtube.com/watch?v=687uWt4Mtgs,single_video,yes,districts_combined,https://www.youtube.com/watch?v=687uWt4Mtgs https://www.youtube.com/embed/IbNODCqtKVg?feature=oembed https://youtu.be/KRgEOASbPGw?si=ttgr1C2MmiojRhKG
us:sd:2100810,Butler County School District,KY,youtube,https://www.youtube.com/@bcs_schools,channel,no,districts_combined,https://www.youtube.com/@bcs_schools
us:sd:3407650,Interlaken Borough School District,NJ,youtube,https://youtu.be/28qi2WIbM0s,single_video,no,districts_combined,https://youtu.be/28qi2WIbM0s
us:sd:5305040,Mill A School District,WA,youtube,https://www.youtube.com/playlist?list=PLkE64j9f6-7ESt9fjlsUm2q6TdXSYZ7rV,playlist,no,districts_combined,https://www.youtube.com/playlist?list=PLkE64j9f6-7ESt9fjlsUm2q6TdXSYZ7rV
us:sd:0100202,Gulf Shores City School District,AL,youtube,https://www.youtube.com/channel/UCDETtsEE8aqP-fapD747BAQ,channel,no,districts_combined,https://www.gsboe.org/board-of-education/board-shorts https://www.youtube.com/channel/UCDETtsEE8aqP-fapD747BAQ https://www.youtube.com/embed/zul3Q8UPwfA https://www.youtube.com/embed/bjlyVOOADI0 https://www.youtube.com/embed/yya0VVXoOeY https://www.youtube.com/embed/P_aFt-F8aJ4 https://www.youtube.com/embed/UiTGKf3-K6Y https://www.youtube.com/embed/vE7IKMecp8A?si=tLgwzBpFTITM3557 https://www.youtube.com/embed/RVM0R3EpUG0?si=wybdf-u8DbXniZur https://www.youtube.com/embed/Gd9M0uTh7Hk https://www.youtube.com/embed/9MJokjT-9DA https://www.youtube.com/embed/QUGEF9Ssj0A?si=WDnSnb1xChM1tnpD https://www.youtube.com/embed/Fh5BHih9XbA?si=H0anB76HlclxnLzY https://www.youtube.com/embed/jwJCOmgbM7c?si=XKm1EmWuyRBdFcip https://www.youtube.com/embed/E6F44bA-wNw https://www.youtube.com/embed/L86FCNGt9LA https://www.youtube.com/embed/ulphmnTHPD4
us:sd:3808130,Grand Forks Public School District 1,ND,youtube,https://www.youtube.com/@GFSchools,channel,no,districts_combined,https://www.youtube.com/@GFSchools https://www.youtube.com/watch?v=s8wmocKAvXo https://www.youtube.com/watch?v=c8kqIpOAV_U https://www.youtube.com/watch?v=8hWbVTO_mgQ https://www.youtube.com/watch?v=MsMBxstaxg8 https://www.youtube.com/watch?v=iYgw1tNk1So https://www.youtube.com/watch?v=doqkOHSvZc0 https://www.youtube.com/watch?v=lZghywXDryA https://www.youtube.com/watch?v=TiOz6F0J6Pg https://www.youtube.com/watch?v=VhRrHQg_IwM https://www.youtube.com/watch?v=WYEyX4Xf68g https://www.youtube.com/watch?v=3dHaw9QuTWo https://www.youtube.com/watch?v=2zZrblLaTM8 https://www.youtube.com/watch?v=d27XOk8lmBo https://www.youtube.com/watch?v=QxUo-Nztgxo https://www.youtube.com/watch?v=ljIIyBlTNt8 https://www.youtube.com/watch?v=Am_yPVh-Rik https://www.youtube.com/watch?v=G0UQJoKHRlI https://www.youtube.com/watch?v=v8MErJI9h7A https://www.youtube.com/watch?v=wlKz0bq_5mQ https://www.youtube.com/watch?v=GoXmFhyH9mA https://www.youtube.com/watch?v=1LxncrtFwco https://www.youtube.com/watch?v=o4yyh6FlWpc&t=1s https://www.youtube.com/watch?v=xT4BdKZ_AFQ https://www.youtube.com/watch?v=UmZ6Z-5t2U0&t=301s https://www.youtube.com/watch?v=LkENiU_qeA0 https://www.youtube.com/watch?v=rhnU5DnS8AQ https://www.youtube.com/watch?v=8bo8r0Daxpc https://www.youtube.com/watch?v=bJeLxzFjr4s https://www.youtube.com/watch?v=NOA17Ajby6Y
us:sd:2921120,Monett R-I School District,MO,youtube,https://www.youtube.com/channel/UCK_OuHY9SDBLgFDtz964cmg,channel,yes,districts_combined,https://www.youtube.com/channel/UCK_OuHY9SDBLgFDtz964cmg
us:sd:0806990,Vilas School District RE-5,CO,youtube,https://www.youtube.com/live/LZdWJyVCLE8?is=hxZoibhGaxTPel4Q,single_video,no,districts_combined,https://www.youtube.com/live/LZdWJyVCLE8?is=hxZoibhGaxTPel4Q https://www.youtube.com/live/hu8N1OyMjeQ?is=kMOfpNHmWes3gRiO https://www.youtube.com/live/9XejTb4h2mM?is=zg6lyUSTP9XTj3CR https://www.youtube.com/live/CBYKscfCMXw?is=dzVxBf-VngnGCtfo https://www.youtube.com/live/J4FEGXePaj4?is=nfpCNO9z8fcH1VXk https://www.youtube.com/live/aiBWf9q_Waw?si=mYRUj4DuWd3MfEmP https://www.youtube.com/live/ndjycLNxrYk?si=1TEgcPTVnEwUAehY https://www.youtube.com/live/6J5NqE2cy_c?si=C_FsLauV20-Pym6A https://www.youtube.com/live/WhuDlRfdxbM?is=6lg6pwxIlGnvwWIj https://www.youtube.com/live/cHQfPEwy94E?is=26B33AQKbiG27FcK https://www.youtube.com/live/hUi8zVa0GYY?is=YJELCgroo87TdbzO https://www.youtube.com/live/0KZNrh3aKl4 https://www.youtube.com/live/yW-1Xmz2f_U?is=oLhtVPYHn_m8IehJ https://www.youtube.com/live/1IrTlgCjXrI?is=0ijLqXD8bbWdmJM1 https://www.youtube.com/live/fffeCkWNrz8?is=NdeZ3dmLur2N8u4I https://www.youtube.com/live/WGFx7MzSH3g https://www.youtube.com/live/v6zavbzWFIU https://www.youtube.com/live/fdhVSuVTs9E https://www.youtube.com/live/WY4Qjd3otTo?is=jVy9IFelLpfpQaQ7 https://www.youtube.com/live/-REFoL298W8?si=kCCqAP_1-gcnFIzz https://www.youtube.com/live/LmoM7sDBt5o?si=Rau5DJquYXvdPttR https://www.youtube.com/live/mtn_4_MIR-o?is=al6Ib8RzkZUh9b1l https://www.youtube.com/live/t6tHWHo9R4Q?is=ptqcvRromH8HxBZZ https://www.youtube.com/watch?v=LQmSUoLpuXQ
us:sd:5000442,Mount Ascutney School District 86,VT,youtube,https://www.youtube.com/@WsesuNet/videos,channel,no,districts_combined,https://www.youtube.com/wsesunet https://www.youtube.com/@WsesuNet/videos
us:sd:3800015,Naughton Public School District 25,ND,youtube,https://www.youtube.com/embed/2PxqWYHXtYw?si=_2uOD9CGwXEvpRID,single_video,no,districts_combined,https://www.youtube.com/embed/2PxqWYHXtYw?si=_2uOD9CGwXEvpRID
us:sd:1602250,Mountain Home School District 193,ID,youtube,https://www.youtube.com/@mhsd193,channel,yes,districts_combined,https://www.youtube.com/@mhsd193
us:sd:2803510,Pass Christian Public School District,MS,youtube,https://www.youtube.com/channel/UCAqs1El67hlFkwCNwSzNVdA,channel,no,districts_combined,https://www.youtube.com/channel/UCAqs1El67hlFkwCNwSzNVdA
us:sd:0902220,Litchfield School District,CT,youtube,https://youtube.com/shorts/LGOx6V3FrIk,single_video,no,districts_combined,https://youtube.com/shorts/LGOx6V3FrIk
us:sd:4105910,Grants Pass School District 7,OR,youtube,https://www.youtube.com/@gpsdyoutube7436,channel,no,districts_combined,https://www.youtube.com/@gpsdyoutube7436 https://youtube.com/playlist?list=PLlhbGE-VESoJ8wGwj1f2vrnr1qkhAxWbj&si=NsJTKoinhhmoMiiV
us:sd:4224750,Wallenpaupack Area School District,PA,youtube,https://www.youtube.com/embed/H_2KuxAHi4c?si=zTKKDpx6KlWk_76j&start=23,single_video,yes,districts_combined,https://www.youtube.com/embed/H_2KuxAHi4c?si=zTKKDpx6KlWk_76j&start=23 https://www.youtube.com/embed/OuOgqVI9EVw?si=4s5HRvTao9AGX_ne&start=17 https://www.youtube.com/embed/0J_aQsqNQHI?si=YSp_3Iqb3fU9DPjj&start=18 https://www.youtube.com/embed/xTK8ZANnihA?si=nz9BjEMMPgIH3Msx&start=16 https://www.youtube.com/embed/iKz_u_IxjUg?si=4WPhK0Ta7YsK1rpY&start=14 https://www.youtube.com/embed/IbAPhbh4SXY?si=5ZVzmnIZ4zc2bKep&start=13 https://www.youtube.com/embed/xoRX-fmPVXo?si=vYtQv_I6GEStbdYE&start=16 https://www.youtube.com/embed/-90WCxO30E0?si=EqNrou1o-K6is1XJ&start=15
us:sd:0601421,Santa Paula Unified School District,CA,youtube,https://www.youtube.com/@santapaulausd/streams,channel,yes,districts_combined,https://www.youtube.com/channel/UC09tYVXNDnWzNCzcnn-S9TQ https://www.youtube.com/@santapaulausd3400/videos https://www.youtube.com/@santapaulausd/streams https://www.youtube.com/watch?v=h392g9wlZLk https://www.youtube.com/watch?v=Yx7yOC_vz44 https://www.youtube.com/watch?v=JeTJ7n-DJgI&t=6988s https://www.youtube.com/watch?v=vps7rhYzir8 https://www.youtube.com/watch?v=hR01z01x0cA https://www.youtube.com/watch?v=YqvT2GJRVNU https://www.youtube.com/watch?v=HYEOgg9Z4NE https://www.youtube.com/watch?v=uyGLsaUCui0 https://www.youtube.com/watch?v=t8_2FUYkocw https://www.youtube.com/watch?v=TphOat-6m1Y https://www.youtube.com/watch?v=7Ja_A_DIm6g https://www.youtube.com/watch?v=RqG5vb4pB1A https://www.youtube.com/watch?v=UXKkd3hprgo https://www.youtube.com/watch?v=tKFvwa1aD9s https://www.youtube.com/watch?v=DMAE3UZIvOQ&t=6s https://www.youtube.com/watch?v=oAnwruF3nEE https://www.youtube.com/playlist?list=PLPxYEqnNBsmOOrU1QC8EB6ZAnca5hToBE https://www.youtube.com/watch?v=bgL9_mhxsaY
rtr:us:pa:chester-county-solid-waste-authority,Chester County Solid Waste Authority,PA,youtube,https://youtu.be/1Bad3m78dcU,single_video,no,districts_combined,https://youtu.be/1Bad3m78dcU https://youtu.be/zKfEVxJZ_vw https://youtu.be/J3aXVQtoIv8 https://www.youtube.com/watch?v=gpwL5vBgDY8 https://www.youtube.com/watch?v=T39OyKZoayo https://www.youtube.com/watch?v=6H0QAnZN7LQ https://www.youtube.com/watch?v=esB4pFmmhbM https://www.youtube.com/watch?v=KwNZoSDKPy0 https://www.youtube.com/watch?v=nXznvFpo_ok https://www.youtube.com/watch?v=gnk56adG6JQ https://www.youtube.com/watch?v=-4ib71U2vyc&feature=em-share_video_user https://www.youtube.com/watch?v=negG4_036zs https://www.youtube.com/watch?v=9ozNLOyHKeY&feature=em-upload_owner https://youtu.be/ThqzlAs7kWs https://www.youtube.com/watch?v=i0iPx1CtE4I https://www.youtube.com/watch?v=mQH3_bBegas https://www.youtube.com/watch?v=_flI3c2NfIg https://youtu.be/_jwy5vugT0Q
us:sd:4012180,Freedom Public Schools,OK,youtube,https://www.youtube.com/embed/nXfSppjqkMs?feature=oembed,single_video,yes,districts_combined,https://www.youtube.com/embed/nXfSppjqkMs?feature=oembed
us:sd:2803120,New Albany Public Schools,MS,youtube,https://www.youtube.com/channel/UCVvi2Twyto_e1Jgy--C0OVg,channel,no,districts_combined,https://www.youtube.com/channel/UCVvi2Twyto_e1Jgy--C0OVg
us:sd:2509450,Pentucket School District,MA,youtube,https://www.youtube.com/@justinbartholomew9422,channel,no,districts_combined,https://www.youtube.com/@justinbartholomew9422
us:sd:4823190,Highland Independent School District,TX,youtube,https://youtu.be/HjFj7A06Pw8,single_video,no,districts_combined,https://youtu.be/HjFj7A06Pw8
us:sd:4811430,Broaddus Independent School District,TX,youtube,https://www.youtube.com/channel/UCZ2mNnxHMMi4hSH4xO65FYg,channel,yes,districts_combined,https://www.youtube.com/channel/UCZ2mNnxHMMi4hSH4xO65FYg
us:sd:1810450,South Montgomery Community School Corporation,IN,youtube,https://www.youtube.com/channel/UCJBpqP70vRZ9i1RxuB88waQ,channel,no,districts_combined,https://www.youtube.com/channel/UCJBpqP70vRZ9i1RxuB88waQ
us:sd:2308500,Mount Desert Community School District,ME,youtube,https://www.youtube.com/@mdirssaos91,channel,no,districts_combined,https://www.youtube.com/@mdirssaos91
us:sd:3704650,Vance County Schools,NC,youtube,https://www.youtube.com/embed/JkpsnYyh7PE?si=Ts5YLm8HEKGHKUne,single_video,yes,districts_combined,https://www.youtube.com/embed/JkpsnYyh7PE?si=Ts5YLm8HEKGHKUne https://www.youtube.com/embed/zGBs4gtmNik?si=UJE20iOyOyVQp0Lg
rtr:us:vt:state-board-of-education,Vermont State Board of Education,VT,youtube,http://www.youtube.com/user/VTEducation,channel,yes,districts_combined,http://www.youtube.com/user/VTEducation https://www.youtube.com/playlist?list=PLaXzAQwtzpj73XVGfJsjvuUGbcYe0td0a https://youtu.be/9hwHB69ZDh8 https://youtu.be/VBIr7e--0mk https://youtu.be/P2xgJGcNZ7w https://youtu.be/MFW5P0zwFBw https://youtu.be/PJIn5ic2Cjc https://youtu.be/fF89s2UETK0 https://youtu.be/5mmM5nc4EUM https://youtu.be/dhdrkrB7KYk https://youtu.be/6fb-HAd5PKI https://youtu.be/gbzVUdtQif0 https://youtu.be/FF-y6uMSB90 https://youtu.be/2maOpTGFp2A https://youtu.be/SnNXvxWXod4 https://www.youtube.com/watch?v=24FvGYIoY7E https://youtu.be/lf7qRWNBtUo https://youtu.be/29ZY2J1pVKA https://youtu.be/-DbzGrIFOFg https://youtu.be/alSfQO-kNpU https://youtu.be/yGx8geghRFE https://youtu.be/L9bgeT-DVjU https://youtu.be/YceJARqX4so?feature=shared https://youtu.be/4qGcIeiT0rU?feature=shared https://youtu.be/JPYwPt2rFxY https://youtu.be/9CI0S7sz7Tc https://youtu.be/aHcYLIvfEig https://youtu.be/YJxmZMPS-EI https://youtu.be/UmNT2io-jWE https://youtu.be/SVDI1saL8pM https://youtu.be/L_BkWqRLX6g https://youtu.be/uMs8JiZS38c https://www.youtube.com/watch?v=gD4MHdblIUA https://www.youtube.com/watch?v=6yPkG6cM_kI https://www.youtube.com/watch?v=Q3EvRmHkK5Q https://www.youtube.com/watch?v=cFj5UAIAVdU https://www.youtube.com/watch?v=Y78bAWlRmqY https://youtu.be/dLUgrxu1KM8 https://youtu.be/KRLxHUQN3lA https://youtu.be/t_Qimyp8OY8 https://youtu.be/IjeAv0uCX0Q https://youtu.be/cgkHDg1sCec https://youtu.be/MU6Etl7uYaU https://youtu.be/hR43FPwcpvI https://youtu.be/iy3bBq0nHWg https://youtu.be/L8yqolDevN8 https://youtu.be/n7cSJ9meuxc https://youtu.be/x71-8vvh4Ew https://youtu.be/iI2iUC4mcvI https://youtu.be/Xlez6pKwHmk https://youtu.be/rweuusVBO_Y https://youtu.be/skJgKUCYpzk https://youtu.be/b6_9BDxnFik https://youtu.be/ppBDf5Fm59o https://youtu.be/FzgWeXlpFrI https://youtu.be/JoRSVoVSLbg https://youtu.be/3EzL4LcP8hg https://youtu.be/aW2Ino3Nm9E https://www.youtube.com/watch?v=z3ZUQrWwMKQ https://youtu.be/nES8O081xXM https://youtu.be/C9s6DBTpQhQ https://youtu.be/y3rE9j8IB3s https://youtu.be/xklqxw1PyuU https://www.youtube.com/watch?v=fJUiNq4N0Vc https://www.youtube.com/watch?v=ujx7ytydvjk https://www.youtube.com/watch?v=DlLfJqYTW1c https://www.youtube.com/watch?v=Cp36IbtQ5Os https://youtu.be/oF5X1URJFkc https://youtu.be/YMa3DgKzLUk https://www.youtube.com/watch?v=owPrfXCVIp0 https://www.youtube.com/watch?v=bbBRciRNHmo https://www.youtube.com/watch?v=hOhuTz2RTIE https://youtu.be/ZYCKar6CHO4 https://www.youtube.com/watch?v=dr7lFOC7FMI
us:sd:0629130,Oroville Union High School District,CA,youtube,https://www.youtube.com/channel/UCJV--JHFbbbs900ccbZeJUw,channel,yes,districts_combined,https://www.youtube.com/@ouhsdyoutube6576/featured https://www.youtube.com/live/kRsqDCj6FyE https://www.youtube.com/channel/UCJV--JHFbbbs900ccbZeJUw https://youtu.be/844m3mdIqp8 https://youtu.be/bWP3SgmtmJM https://youtu.be/ld--m4fpfx8 https://youtu.be/PUdffwzya50 https://youtu.be/s10yZaHzre4 https://youtu.be/r2nl-e3an-Y https://youtu.be/tllI0pHDa-c https://youtu.be/VaypvxaTRV4 https://youtu.be/Yj1bXE7kjWA https://youtu.be/Vd_vb_uWG0c https://youtu.be/YLN0LLSfPIY https://youtu.be/V0eWXzEhwxE https://youtu.be/XdupIb6rN88 https://youtu.be/F7JdwxVECvQ https://youtu.be/TiuWzRshjUI https://youtu.be/MMUqqx253_k https://youtu.be/Cya1iSyN2GY
us:sd:5008243,Hazen UHSD 26,VT,youtube,https://www.youtube.com/@orleanssouthwestsupervisor8396,channel,no,districts_combined,https://www.youtube.com/@orleanssouthwestsupervisor8396 https://www.youtube.com/channel/UCONAhPmj-CAGa6AjpLsoitg https://youtu.be/D-uOhF6iJNQ?si=feAvGOFUmeT9LojV
us:sd:4217310,North Pocono School District,PA,youtube,https://www.youtube.com/channel/UCfw4Dtsw5WRrVEKYpIeyLlA,channel,no,districts_combined,https://www.youtube.com/channel/UCfw4Dtsw5WRrVEKYpIeyLlA
us:sd:1601800,Lakeland Joint School District 272,ID,youtube,https://www.youtube.com/@LJSD272,channel,yes,districts_combined,https://www.youtube.com/@LJSD272 https://www.youtube.com/channel/UCHo2RfWkX51Flo83xN9cX0w https://www.youtube.com/watch?v=q-nLSVADgq8&list=PLG4SA3IYLCWfCbbpmxr19e2plZQUl4eY5 https://www.youtube.com/playlist?list=PLG4SA3IYLCWeBaVr3DISSWn2r9V00a73h https://www.youtube.com/playlist?list=PLG4SA3IYLCWeIo_fn8PUSSB3a9EMfRHq2 https://www.youtube.com/playlist?list=PLG4SA3IYLCWfwbYUX2gN7pOtCjk4hoAPD
us:sd:1601800,Lakeland Joint School District 272,ID,youtube,https://www.youtube.com/channel/UCHo2RfWkX51Flo83xN9cX0w,channel,yes,districts_combined,https://www.youtube.com/@LJSD272 https://www.youtube.com/channel/UCHo2RfWkX51Flo83xN9cX0w https://www.youtube.com/watch?v=q-nLSVADgq8&list=PLG4SA3IYLCWfCbbpmxr19e2plZQUl4eY5 https://www.youtube.com/playlist?list=PLG4SA3IYLCWeBaVr3DISSWn2r9V00a73h https://www.youtube.com/playlist?list=PLG4SA3IYLCWeIo_fn8PUSSB3a9EMfRHq2 https://www.youtube.com/playlist?list=PLG4SA3IYLCWfwbYUX2gN7pOtCjk4hoAPD
us:sd:0804980,Kim Reorganized School District 88,CO,youtube,https://www.youtube.com/embed/dG4MjnE6Obk,single_video,no,districts_combined,https://www.youtube.com/embed/dG4MjnE6Obk
us:sd:4100020,North Santiam School District 29J,OR,youtube,https://www.youtube.com/channel/UCAzDcMAPp_unUGQ4xy4v3bg,channel,yes,districts_combined,https://www.youtube.com/channel/UCAzDcMAPp_unUGQ4xy4v3bg https://www.youtube.com/@northsantiamschooldistrict7812/streams
us:sd:4100020,North Santiam School District 29J,OR,youtube,https://www.youtube.com/@northsantiamschooldistrict7812/streams,channel,yes,districts_combined,https://www.youtube.com/channel/UCAzDcMAPp_unUGQ4xy4v3bg https://www.youtube.com/@northsantiamschooldistrict7812/streams
us:sd:4824730,Jefferson Independent School District,TX,youtube,https://www.youtube.com/@BulldogsTV-sz4qc,channel,yes,districts_combined,https://www.youtube.com/@BulldogsTV-sz4qc
us:sd:3904355,Beachwood City School District,OH,youtube,https://www.youtube.com/@beachwoodbison,channel,yes,districts_combined,https://www.youtube.com/@beachwoodbison https://www.youtube.com/playlist?list=PL2U3uK96ZhBXZpwqVqm1KHIjmhmk0BFo4 https://www.youtube.com/embed/REoLmz2Smrc?si=wywdRIu8zSkBgTI0
us:sd:1600002,Lake Pend Oreille School District 84,ID,youtube,https://www.youtube.com/embed/Yo9NI76gVKA?embed_config=%7B%22enc%22:%22AXH1ezmX9V-ORZEn8qBIpk4990t5EKL6HBoG1y6tUHGS6ItRKyHg1cS9OfcBH2BOYODCjd2_iAArQ7zftDlNb70aXHZ5dnPWz-flPsbrx-BurwPFp74xQfHyzuDVn9yTMFE-7jC-t8mzffoAqLir6tUnSkuvHb1PEEVvC2BuHPlGp9MX%22%7D&enablejsapi=1&errorlinks=1&origin=https://www.lposd.org&vl=1,single_video,no,districts_combined,https://www.lposd.org/board-of-trustees/long-range-facility-planning https://www.youtube.com/embed/Yo9NI76gVKA?embed_config=%7B%22enc%22:%22AXH1ezmX9V-ORZEn8qBIpk4990t5EKL6HBoG1y6tUHGS6ItRKyHg1cS9OfcBH2BOYODCjd2_iAArQ7zftDlNb70aXHZ5dnPWz-flPsbrx-BurwPFp74xQfHyzuDVn9yTMFE-7jC-t8mzffoAqLir6tUnSkuvHb1PEEVvC2BuHPlGp9MX%22%7D&enablejsapi=1&errorlinks=1&origin=https://www.lposd.org&vl=1 https://www.youtube.com/embed/ionUb3V51JQ?embed_config=%7B%22enc%22:%22AXH1ezn4Nxcqg72EKaXmgPfJDYjjNfKmjAlPb7ovYZmpQlO1cBwkg4vNc4IZUV6U-DmH7PRGQ0XJWznPRMj-N8mydyV4zaooGRTvqY-Fym9dv_m4goGBBvpiUFzn-927psi41xPmnP6cutybENyqhz0dkUyG9Q5o1Hhk5Zis9wbFVo6VbuOsUIrSfJgSIKJyJsAAtCQapk1JfXHJCipsHlmfTe9n8yQIFSTuhhW6sssJi0V651loEhc6QFXMbaaQTaub1R2zCZPCpPU0jxujxLNIz3U3ns-9ikFQn57Nzz2RGHVLF68pEHifu939o3_j5A4vvMOJ9HK5f5C2lA24wzN6nOc5bBTdOEeIrYqZhSPMPVNRhPlM5V-l5vSPA7qiJPXzBivIU6Ys4qDKnnQ%3D%22%7D&enablejsapi=1&errorlinks=1&origin=https://www.lposd.org&vl=1
us:sd:5303360,Harrington School District,WA,youtube,https://www.youtube.com/channel/UCQJhr0OvqmuWpPRPOJe99gA,channel,no,districts_combined,https://www.youtube.com/channel/UCQJhr0OvqmuWpPRPOJe99gA
us:sd:3413710,Readington Township School District,NJ,youtube,https://www.youtube.com/@readingtonpublicschoolsyou3011/streams,channel,yes,districts_combined,https://www.youtube.com/channel/UC6Nqnwk_J-_sFIxSaFkuVaA https://www.youtube.com/@readingtonpublicschoolsyou3011/streams
us:sd:3611910,General Brown Central School District,NY,youtube,https://www.youtube.com/channel/UCw1AL08EslaAiD4NhTGfp-A,channel,yes,districts_combined,https://www.youtube.com/channel/UCw1AL08EslaAiD4NhTGfp-A
us:sd:2803450,Oxford School District,MS,youtube,https://www.youtube.com/@OxfordSchoolDistrict,channel,yes,districts_combined,https://www.youtube.com/c/OxfordSchoolDistrict https://www.youtube.com/@OxfordSchoolDistrict https://www.youtube.com/embed/OlroO42F4y0?list=PLGyIDbzjHNqR6OrnpIeBlVWxnHuXolgJY https://www.youtube.com/embed/K7KLE8GAITo
us:sd:4223550,Towanda Area School District,PA,youtube,https://www.youtube.com/@TowandaAreaSchoolDistrict,channel,no,districts_combined,https://www.youtube.com/@TowandaAreaSchoolDistrict
us:sd:1806660,Mill Creek Community School Corporation,IN,youtube,https://www.youtube.com/@MillCreekSchoolsMedia,channel,yes,districts_combined,https://www.youtube.com/@MillCreekSchoolsMedia https://www.youtube.com/channel/UCe3cvFqKMQ_o4gtFJZqSkzw https://www.youtube.com/playlist?list=PLAU4ksClEXqbKcFxeMGqs32FOZ78ydw5e
us:sd:1806660,Mill Creek Community School Corporation,IN,youtube,https://www.youtube.com/channel/UCe3cvFqKMQ_o4gtFJZqSkzw,channel,yes,districts_combined,https://www.youtube.com/@MillCreekSchoolsMedia https://www.youtube.com/channel/UCe3cvFqKMQ_o4gtFJZqSkzw https://www.youtube.com/playlist?list=PLAU4ksClEXqbKcFxeMGqs32FOZ78ydw5e
us:sd:3013590,Havre High School District,MT,youtube,https://www.youtube.com/@HavrePublicSchools16A,channel,no,districts_combined,https://www.youtube.com/@HavrePublicSchools16A
us:sd:0101320,Enterprise City School District,AL,youtube,https://www.youtube.com/channel/UCDOz4qqBQvT9U9gk7IDuiVQ/featured,channel,no,districts_combined,https://www.youtube.com/channel/UCDOz4qqBQvT9U9gk7IDuiVQ/featured https://www.youtube.com/watch?v=LS0Otkfavhs https://www.youtube.com/user/PlayOnNetwork
us:sd:4217430,Riverside Beaver County School District,PA,youtube,https://www.youtube.com/@riversideathletics5765,channel,no,districts_combined,https://www.youtube.com/@riversideathletics5765
us:sd:3304410,Londonderry School District,NH,youtube,https://www.youtube.com/@londonderryschools,channel,yes,districts_combined,https://www.youtube.com/@londonderryschooldistrict https://www.youtube.com/@londonderryschools https://media.londonderry.org/youtube
us:sd:4016590,Kingston Public Schools,OK,youtube,https://www.youtube.com/@KingstonRedskins,channel,no,districts_combined,https://www.youtube.com/@KingstonRedskins
us:sd:2512780,Westport School District,MA,youtube,https://www.youtube.com/channel/UCROOgZlRktKpL4_F2p4D0xw,channel,no,districts_combined,https://www.youtube.com/channel/UCROOgZlRktKpL4_F2p4D0xw
us:sd:3904867,Brookville Local School District,OH,youtube,https://www.youtube.com/@brookvillelocalschools2274,channel,no,districts_combined,https://www.youtube.com/@brookvillelocalschools2274
us:sd:1305220,Twiggs County School District,GA,youtube,https://www.youtube.com/channel/UCqwu9YEYeDpjFAWJzlgdj1w,channel,no,districts_combined,https://www.youtube.com/channel/UCqwu9YEYeDpjFAWJzlgdj1w
us:sd:3200030,Churchill County School District,NV,youtube,https://www.youtube.com/@ChurchillCSDBoardMeetings,channel,no,districts_combined,https://www.youtube.com/@ChurchillCSDBoardMeetings
us:sd:4109630,Phoenix-Talent School District 4,OR,youtube,https://www.youtube.com/channel/UCiDsvoFTlJcZDdULS8HEVjw,channel,yes,districts_combined,https://www.youtube.com/channel/UCiDsvoFTlJcZDdULS8HEVjw https://www.youtube.com/playlist?list=PLIOjOurYx6eM6n7HRgIl0vyISI6sHZ94D https://youtu.be/AJge4j6IJsI https://youtu.be/L4Gz9ft7VsU https://youtu.be/g9GjDP0GUVs https://youtube.com/shorts/jp4xgyzDN6k?feature=share https://www.youtube.com/embed/AUwjddW2vSY
us:sd:1715820,Freeburg Community Consolidated School District 70,IL,youtube,https://www.youtube.com/@freeburgseventy2010,channel,no,districts_combined,https://www.youtube.com/@freeburgseventy2010
us:sd:2905880,Brentwood School District,MO,youtube,https://www.youtube.com/channel/UCxK_PvpOT2CODAG76ioiplw,channel,yes,districts_combined,https://www.youtube.com/@BSDEaglesMO https://www.youtube.com/channel/UCxK_PvpOT2CODAG76ioiplw
us:sd:4221420,Sharpsville Area School District,PA,youtube,https://www.youtube.com/@sharpsvilleasd,channel,yes,districts_combined,https://www.youtube.com/@sharpsvilleasd
us:sd:4009510,Davis Public Schools,OK,youtube,https://www.youtube.com/@WOLFMediaTheHowl,channel,no,districts_combined,https://www.youtube.com/@WOLFMediaTheHowl
us:sd:5507170,Johnson Creek School District,WI,youtube,https://www.youtube.com/@jcmedia9738,channel,no,districts_combined,https://www.youtube.com/@jcmedia9738
us:sd:2914320,Hickory County R-I School District,MO,youtube,https://www.youtube.com/channel/UCGD6qEDSg3zS9xkBf833PVA,channel,no,districts_combined,https://www.youtube.com/channel/UCGD6qEDSg3zS9xkBf833PVA
us:sd:2712240,Foley Public School District,MN,youtube,https://www.youtube.com/user/foleyfalcons51,channel,yes,districts_combined,https://www.youtube.com/user/foleyfalcons51
us:sd:1301500,Coweta County School District,GA,youtube,https://www.youtube.com/channel/UC1WigT1xXYLh6d-xmu5KkRQ,channel,no,districts_combined,https://www.youtube.com/channel/UC1WigT1xXYLh6d-xmu5KkRQ
us:sd:0901200,East Haddam School District,CT,youtube,https://www.youtube.com/@EastHaddamITDept,channel,no,districts_combined,https://www.youtube.com/@EastHaddamITDept https://www.youtube.com/channel/UCY4wmPJLNkDDD1E7lCgAW4Q?view_as=subscriber
us:sd:1807410,New Albany-Floyd County Consolidated Schools,IN,youtube,https://www.youtube.com/user/NAFCSchoolsTV,channel,no,districts_combined,https://www.youtube.com/user/NAFCSchoolsTV https://www.youtube.com/@NAFCSchoolsTV
us:sd:4814190,Clarksville Independent School District,TX,youtube,https://www.youtube.com/channel/UC5ssuTvwvIDml8WnDD7IwtA,channel,yes,districts_combined,https://www.youtube.com/channel/UC5ssuTvwvIDml8WnDD7IwtA https://www.youtube.com/embed/UrH4FlC_Sjo
us:sd:0102350,Midfield City School District,AL,youtube,https://www.youtube.com/channel/UCfKkHJrtNanzQiQ-kj2O1Vg,channel,no,districts_combined,https://www.youtube.com/channel/UCfKkHJrtNanzQiQ-kj2O1Vg
us:sd:0617430,Holtville Unified School District,CA,youtube,https://www.youtube.com/@HUSD-Live/videos,channel,no,districts_combined,https://www.youtube.com/@HUSD-Live/videos
us:sd:2800510,Attala County School District,MS,youtube,https://www.youtube.com/channel/UCStfGwrhZAn3ZBh_Pm4_eDw,channel,no,districts_combined,https://www.youtube.com/channel/UCStfGwrhZAn3ZBh_Pm4_eDw
us:sd:0805730,Moffat County School District RE-1,CO,youtube,https://youtu.be/3ktJQnPkq6g,single_video,yes,districts_combined,https://youtu.be/3ktJQnPkq6g https://www.youtube.com/watch?v=_9CLzrfYRYM https://www.youtube.com/watch?v=Zun5776MKDU
us:sd:5100720,Charles City County Public Schools,VA,youtube,https://www.youtube.com/@charlescitycountyvacommuni9488/videos,channel,yes,districts_combined,https://www.youtube.com/@charlescitycountyvacommuni9488/videos
us:sd:4216890,Newport School District,PA,youtube,https://www.youtube.com/@NewportSDPA,channel,no,districts_combined,https://www.youtube.com/@NewportSDPA
us:sd:4825740,Klein Independent School District,TX,youtube,https://www.youtube.com/@kleinisdcomms,channel,no,districts_combined,https://www.youtube.com/watch?v=W04zBFeMXZA https://www.youtube.com/@kleinisdcomms
us:sd:2624840,Muskegon City School District,MI,youtube,https://www.youtube.com/@IAM_muskegonpublicschools,channel,no,districts_combined,https://www.youtube.com/@IAM_muskegonpublicschools
us:sd:2728350,Pillager Public School District,MN,youtube,https://www.youtube.com/c/PillagerSchoolDistrict,channel,no,districts_combined,https://www.youtube.com/c/PillagerSchoolDistrict
us:sd:1709810,Chester Community Unit School District 139,IL,youtube,https://www.youtube.com/@ChesterHighSchoolIL,channel,no,districts_combined,https://www.youtube.com/@ChesterHighSchoolIL
us:sd:2510890,Somerville School District,MA,youtube,https://www.youtube.com/c/EdTV15,channel,no,districts_combined,https://www.youtube.com/c/EdTV15 https://www.youtube.com/@SomervilleSchoolCommittee
us:sd:4003630,Bartlesville Public Schools,OK,youtube,https://www.youtube.com/channel/UCjyNRIpLuUk_7XDYlypMmsw/videos,channel,no,districts_combined,https://www.youtube.com/channel/UCjyNRIpLuUk_7XDYlypMmsw/videos
us:sd:0200390,Kenai Peninsula Borough School District,AK,youtube,https://youtu.be/QIFsZLtgGjE,single_video,no,districts_combined,https://youtu.be/QIFsZLtgGjE https://www.youtube.com/KPBSDvideos
us:sd:0904440,Stratford School District,CT,youtube,https://www.youtube.com/@StratfordPublicSchools,channel,no,districts_combined,https://www.youtube.com/@StratfordPublicSchools
us:sd:3904834,Poland Local School District,OH,youtube,https://www.youtube.com/@poland.schools,channel,yes,districts_combined,https://www.youtube.com/@PolandLocalSchools https://www.youtube.com/@poland.schools https://youtu.be/SfVZALJ8OLw https://youtu.be/8SOHODPIaOA
us:sd:5102520,Montgomery County Public Schools,VA,youtube,https://www.youtube.com/@mcps_va/streams,channel,no,districts_combined,https://www.youtube.com/@mcps_va/streams https://www.youtube.com/@mcpsva
us:sd:2733420,St. Anthony-New Brighton Schools,MN,youtube,https://www.youtube.com/channel/UCvt8op7hRMrTIvHrQyEGduw,channel,yes,districts_combined,https://www.youtube.com/channel/UCvt8op7hRMrTIvHrQyEGduw https://www.youtube.com/embed/KDgfX6tgOCM
us:sd:0807350,Windsor School District RE-4,CO,youtube,https://www.youtube.com/@weldre4,channel,no,districts_combined,https://www.youtube.com/@weldre4
us:sd:3413830,Ridgewood Village School District,NJ,youtube,https://www.youtube.com/playlist?list=PLN7MLBXFJ6vuRkhumngzcCVOGrL5bTwbn,playlist,no,districts_combined,https://www.youtube.com/playlist?list=PLN7MLBXFJ6vuRkhumngzcCVOGrL5bTwbn
us:sd:3612960,Greenwood Lake Union Free School District,NY,youtube,https://www.youtube.com/watch?v=_wo5C9qh4xE,single_video,no,districts_combined,https://www.youtube.com/watch?v=_wo5C9qh4xE https://www.youtube.com/watch?v=sqE_5Lz0k4o https://www.youtube.com/watch?v=LkOwCutgsAY https://www.youtube.com/watch?v=aFifecyfgWg https://www.youtube.com/watch?v=DYMmHIOD7wA https://www.youtube.com/watch?v=V4W14zhwhtY https://www.youtube.com/watch?v=19ndEUUe4Oc https://www.youtube.com/watch?v=mwIeAgaYqqw https://www.youtube.com/watch?v=G3bucX4W-Wk https://www.youtube.com/watch?v=tAvGO6Ku3Tw
us:sd:2100070,Allen County School District,KY,youtube,https://www.youtube.com/c/FrontlineEducation,channel,no,districts_combined,https://www.youtube.com/c/FrontlineEducation
us:sd:2619830,Jenison Public Schools,MI,youtube,https://www.youtube.com/channel/UCx1sX16Yfbxya6So7LougUw,channel,no,districts_combined,https://www.youtube.com/channel/UCx1sX16Yfbxya6So7LougUw
us:sd:2601950,Adrian City School District,MI,youtube,https://www.youtube.com/channel/UCG9u9v_gFTmETxIysxcZXSA,channel,no,districts_combined,https://www.youtube.com/channel/UCG9u9v_gFTmETxIysxcZXSA
us:sd:3402280,Bridgewater-Raritan Regional School District,NJ,youtube,https://www.youtube.com/user/brtvnews,channel,no,districts_combined,https://www.youtube.com/live/Re_HGr-PbGE https://www.youtube.com/live/Shq05Y5qLK4?feature=shared https://www.youtube.com/user/brtvnews
us:sd:1903930,Atlantic Community School District,IA,youtube,https://www.youtube.com/@rogerwarne7285/streams,channel,yes,districts_combined,https://www.youtube.com/@rogerwarne7285/streams
us:sd:0401460,Sierra Vista Unified District,AZ,youtube,https://www.youtube.com/channel/UCXq7DNmAeBS_Wh807i9HWfw,channel,no,districts_combined,https://www.youtube.com/channel/UCXq7DNmAeBS_Wh807i9HWfw https://www.youtube.com/watch?v=oUyHHdUDAJg https://www.youtube.com/watch?v=a6QE8LkGDCI https://www.youtube.com/watch?v=e6y7hypiTjc https://www.youtube.com/watch?v=RCPI9AcRB8o https://www.youtube.com/watch?v=eMG1JdKdMCg https://www.youtube.com/watch?v=8FUz0jzHgtk https://www.youtube.com/watch?v=az3w2QFYS8U https://www.youtube.com/watch?v=cR3w4d7fgh8&t=135s
us:sd:4811010,Boyd Independent School District,TX,youtube,https://www.youtube.com/@boydisd,channel,no,districts_combined,https://www.youtube.com/playlist?list=PLvty84n3cnuzX0UlcVYSIeC6MS4202sK7 https://www.youtube.com/@boydisd
us:sd:2728140,Paynesville Public School District,MN,youtube,https://www.youtube.com/playlist?list=PLB1rUK_h2zRI7Vxt88Encv8n0S1Hq6o2o,playlist,no,districts_combined,http://www.youtube.com/paynesvillestudios https://www.youtube.com/playlist?list=PLB1rUK_h2zRI7Vxt88Encv8n0S1Hq6o2o https://www.youtube.com/playlist?list=PLB1rUK_h2zRJNiajmH3O-9W63EzR9S6e_
us:sd:4700148,Shelby County School District,TN,youtube,https://www.youtube.com/@SCSK12Unified/streams,channel,yes,districts_combined,https://www.youtube.com/user/SCSK12Unified https://www.youtube.com/@SCSK12Unified/streams https://www.youtube.com/watch?v=0kAqyf76lh4
us:sd:1711250,Crete-Monee Community Unit School District 201-U,IL,youtube,https://www.youtube.com/channel/UCUUehNAzSo-TR9CTx-0o0Ig,channel,no,districts_combined,https://www.youtube.com/channel/UCUUehNAzSo-TR9CTx-0o0Ig
us:sd:3624030,Queensbury Union Free School District,NY,youtube,https://www.youtube.com/@q-tube6870/featured,channel,no,districts_combined,https://www.youtube.com/@q-tube6870/featured
us:sd:4812060,Bullard Independent School District,TX,youtube,https://www.youtube.com/@BullardISD,channel,yes,districts_combined,https://www.youtube.com/@BullardISD https://youtu.be/Nl_xkp2yVO0?si=U3UiuDWUOxxzT5Fb
us:sd:4222470,South Western School District,PA,youtube,https://youtube.com/live/jigPlmmKYVc?feature=share,single_video,no,districts_combined,https://youtube.com/live/jigPlmmKYVc?feature=share
us:sd:1734410,Rock Island-Milan School District 41,IL,youtube,https://youtu.be/s1tKcAItJWU,single_video,no,districts_combined,https://youtu.be/s1tKcAItJWU https://youtu.be/ZwJXCBkqDj4 https://youtu.be/cb6ckszNT1M https://www.youtube.com/watch?v=7vqsEXkVRuw https://www.youtube.com/watch?v=6DaIIg7ad18
us:sd:1709600,Charleston Community Unit School District 1,IL,youtube,https://www.youtube.com/channel/UCHxE2d_oFeX0rDeZy0OGOBQ,channel,no,districts_combined,https://www.youtube.com/channel/UCHxE2d_oFeX0rDeZy0OGOBQ
us:sd:4109510,Pendleton School District 16,OR,youtube,https://www.youtube.com/embed/eVxg--oQ7F4?feature=oembed,single_video,no,districts_combined,https://www.youtube.com/embed/eVxg--oQ7F4?feature=oembed https://pendleton.k12.or.us/2025/05/20/ffa-farm-day-video/ https://pendleton.k12.or.us/2025/05/16/superintendent-video-message-may-2025/ https://pendleton.k12.or.us/2025/03/05/video-of-battle-of-the-books-at-sherwood-elementary-school/
us:sd:2504320,Dracut School District,MA,youtube,https://youtu.be/yIJMjIWvYRQ,single_video,no,districts_combined,https://youtu.be/yIJMjIWvYRQ https://youtu.be/rseKWudQfAU https://youtu.be/NF0P6RAKbUw https://youtu.be/kGJIwMcz5gE
us:sd:1301710,Decatur County School District,GA,youtube,https://www.youtube.com/live/-Hq2vAJ3ees?si=87GwWYCCHZ0MTPxx,single_video,no,districts_combined,https://www.youtube.com/live/-Hq2vAJ3ees?si=87GwWYCCHZ0MTPxx
us:sd:2103810,Marshall County School District,KY,youtube,https://www.youtube.com/live/B6nzvJOprSc?t=10s,single_video,no,districts_combined,https://www.youtube.com/live/B6nzvJOprSc?t=10s https://youtube.com/live/JP4mgrZqW6U?feature=share https://youtu.be/jd81maMS3hg
us:sd:3172840,Lincoln Public Schools,NE,youtube,http://www.youtube.com/user/lpsorg,channel,no,districts_combined,http://www.youtube.com/user/lpsorg https://www.youtube.com/embed/5xPi-qJvlBk?si=k8sLuBdxVd37AevY&start=360
us:sd:2636120,White Pigeon Community Schools,MI,youtube,https://youtu.be/jF92_ZPbryo,single_video,no,districts_combined,https://youtu.be/jF92_ZPbryo
us:sd:4210980,Greater Latrobe School District,PA,youtube,https://youtube.com/shorts/v92unhoHsjU?feature=share,single_video,no,districts_combined,https://youtube.com/shorts/v92unhoHsjU?feature=share https://youtube.com/shorts/0xJnz_3GFyQ?feature=share https://www.youtube.com/watch?v=t3r9Cglj94c https://youtu.be/3j8Nqibm0F0?si=gr_JWzps88O06-vj https://youtu.be/rxSeiY4SXjY
us:sd:1600420,Boundary County School District 101,ID,youtube,https://www.youtube.com/@BCSD101,channel,no,districts_combined,https://www.youtube.com/@BCSD101
us:sd:3701830,Greene County Schools,NC,youtube,https://www.youtube.com/channel/UCLPyc0eeZRQVIAepJCfsDGw,channel,no,districts_combined,https://www.youtube.com/channel/UCLPyc0eeZRQVIAepJCfsDGw
us:sd:1911820,Fort Dodge Community School District,IA,youtube,https://www.youtube.com/@connoisseurmediafd592,channel,no,districts_combined,https://www.youtube.com/embed/8yRAzni58Oo https://www.youtube.com/@connoisseurmediafd592
us:sd:2908250,Center 58 School District,MO,youtube,https://www.youtube.com/@MrParkers3,channel,no,districts_combined,https://www.youtube.com/@MrParkers3 https://www.youtube.com/watch?v=8GpmKtndslE
us:sd:1709420,Champaign Community Unit School District 4,IL,youtube,https://www.youtube.com/@unit4schools,channel,no,districts_combined,https://www.youtube.com/@unit4schools
us:sd:3608400,Corning City School District,NY,youtube,https://www.youtube.com/@CPPSchools/streams,channel,no,districts_combined,https://www.youtube.com/cppschools/ https://www.youtube.com/watch?v=FGPUcrdiBbM https://www.youtube.com/watch?v=eItkCD7iDyA https://www.youtube.com/@CPPSchools/streams https://www.youtube.com/watch?v=oXT1lK0UvGM
us:sd:5305400,Mount Vernon School District,WA,youtube,https://youtu.be/xOXGIVL2rNw,single_video,no,districts_combined,https://www.youtube.com/MountVernonSchools https://youtu.be/xOXGIVL2rNw https://youtu.be/3zjf1qZDl8Q https://youtu.be/PIHJSbWtRXM https://youtu.be/TTUrliFJ66k https://youtu.be/9j_kcxOt-08?si=ohBfje_czTO1QmOh https://youtu.be/_VqRJYLagDk https://youtu.be/Sel9WxZlaiI https://youtu.be/j0k1PBEf8-o?si=Ag-f4Tyhjt2sKJ1R https://youtu.be/0BjWEN4S9NI https://www.youtube.com/watch?v=huIkTTFAd8M https://www.youtube-nocookie.com/embed/los1igsiQ7A https://www.youtube-nocookie.com/embed/sqbTPs8o9iA https://www.youtube-nocookie.com/embed/bzP5XoGssz4 https://www.youtube-nocookie.com/embed/oJFCoK5GxnQ https://www.youtube-nocookie.com/embed/FLBzmcUjAQc https://www.youtube-nocookie.com/embed/TSHyF9c2fxw
us:sd:3500150,Aztec Municipal Schools,NM,youtube,https://youtu.be/aWP1u1h4STE,single_video,no,districts_combined,https://youtu.be/aWP1u1h4STE https://youtu.be/c_2XFON2Xp4 https://youtu.be/VNk-QyloaPE
us:sd:0641880,Weaver Union Elementary School District,CA,youtube,https://youtu.be/BAexILQ-kCM,single_video,no,districts_combined,https://youtu.be/BAexILQ-kCM
us:sd:2623040,Marysville Public Schools,MI,youtube,https://www.youtube.com/user/M6broadcast,channel,no,districts_combined,https://www.youtube.com/user/M6broadcast
us:sd:1704920,Ball-Chatham Community Unit School District 5,IL,youtube,https://www.youtube.com/watch?v=NyPXSpERHsY,single_video,no,districts_combined,https://www.youtube.com/watch?v=NyPXSpERHsY
us:sd:3904460,Oregon City School District,OH,youtube,https://www.youtube.com/user/oregoncsvideochannel,channel,no,districts_combined,https://www.youtube.com/user/oregoncsvideochannel
us:sd:0691134,Golden Plains Unified School District,CA,youtube,https://www.youtube.com/@andreagarcia5017/videos,channel,no,districts_combined,https://www.youtube.com/@andreagarcia5017/videos
us:sd:3904430,Maple Heights City School District,OH,youtube,https://www.youtube.com/watch?v=F54kFzQ0MmA,single_video,no,districts_combined,https://www.youtube.com/watch?v=F54kFzQ0MmA https://www.youtube.com/watch?v=ARKSHezacKU
us:sd:4204320,Brookville Area School District,PA,youtube,https://www.youtube.com/@BrookvilleSD,channel,no,districts_combined,https://www.youtube.com/@BrookvilleSD
us:sd:3501530,Las Vegas City Public Schools,NM,youtube,https://www.youtube.com/channel/UCtNwUr4XLX6Q_mz-0Lp1goA,channel,no,districts_combined,https://www.youtube.com/channel/UCtNwUr4XLX6Q_mz-0Lp1goA
us:sd:4818900,Fabens Independent School District,TX,youtube,https://www.youtube.com/channel/UC-x1AKVlN4MC4_bHlShDLdg,channel,yes,districts_combined,https://www.youtube.com/channel/UC-x1AKVlN4MC4_bHlShDLdg http://www.youtube.com/@fabensisd https://www.youtube.com/live/e3zjHDu0-0A?si=aiAGo5Jl-Lwy_ms_ https://www.youtube.com/live/HHdXfwTc2aQ?si=EKHDK5mnBZMBojKi https://www.youtube.com/live/6_KehNh8eN8?si=syZaJYQKS8SmOEEG https://www.youtube.com/live/xIBZOotOR50?si=mwg70kPIsEAnVzGy https://www.youtube.com/live/EuGn08nLKCQ?si=xuBmuUlg1Nx4gw98 https://www.youtube.com/live/zhF6SumwlRM?si=5PWumHqZtWfSf6yG https://www.youtube.com/live/3YonxUHhHXE?si=fChosSvT6OopFcV3 https://www.youtube.com/live/coZgn7u7G4U?si=vVX84uIDpA9AvJ0V https://www.youtube.com/live/gM8qAiXgjQU?si=4i3aW0T3F6zbwkZp https://www.youtube.com/live/-elLIf9vAF0?si=DG5jN9e4QPENzNqM https://www.youtube.com/live/JlEDN2xEneg?si=E3vzqYclFN3vvUOg https://www.youtube.com/live/A-tCFfCBHbU?si=1ytOFbo_n6lZcYtG https://youtu.be/kGGXD8Zu_ro?si=ygUqw5lAqAt1JaC7 https://www.youtube.com/live/ZrRH7LoNETE?si=Sw5-QXOA5wzZXGDZ
us:sd:4818900,Fabens Independent School District,TX,youtube,http://www.youtube.com/@fabensisd,channel,yes,districts_combined,https://www.youtube.com/channel/UC-x1AKVlN4MC4_bHlShDLdg http://www.youtube.com/@fabensisd https://www.youtube.com/live/e3zjHDu0-0A?si=aiAGo5Jl-Lwy_ms_ https://www.youtube.com/live/HHdXfwTc2aQ?si=EKHDK5mnBZMBojKi https://www.youtube.com/live/6_KehNh8eN8?si=syZaJYQKS8SmOEEG https://www.youtube.com/live/xIBZOotOR50?si=mwg70kPIsEAnVzGy https://www.youtube.com/live/EuGn08nLKCQ?si=xuBmuUlg1Nx4gw98 https://www.youtube.com/live/zhF6SumwlRM?si=5PWumHqZtWfSf6yG https://www.youtube.com/live/3YonxUHhHXE?si=fChosSvT6OopFcV3 https://www.youtube.com/live/coZgn7u7G4U?si=vVX84uIDpA9AvJ0V https://www.youtube.com/live/gM8qAiXgjQU?si=4i3aW0T3F6zbwkZp https://www.youtube.com/live/-elLIf9vAF0?si=DG5jN9e4QPENzNqM https://www.youtube.com/live/JlEDN2xEneg?si=E3vzqYclFN3vvUOg https://www.youtube.com/live/A-tCFfCBHbU?si=1ytOFbo_n6lZcYtG https://youtu.be/kGGXD8Zu_ro?si=ygUqw5lAqAt1JaC7 https://www.youtube.com/live/ZrRH7LoNETE?si=Sw5-QXOA5wzZXGDZ
us:sd:3904639,Clinton-Massie Local School District,OH,youtube,https://www.youtube.com/channel/UCTj_DIB11WbzZ-ar607Eejw,channel,no,districts_combined,https://www.youtube.com/channel/UCTj_DIB11WbzZ-ar607Eejw
us:sd:1700222,Nippersink School District 2,IL,youtube,https://www.youtube.com/watch?v=eer2swRcTUk&ab_channel=NippersinkSchoolDistrict2,single_video,no,districts_combined,https://www.youtube.com/watch?v=eer2swRcTUk&ab_channel=NippersinkSchoolDistrict2 https://youtu.be/s-vHElNCaaI https://youtu.be/rGdyvjxSUVo https://youtu.be/D3oD_LjiEzY https://youtu.be/v88jLrUHih4 https://youtu.be/pEotq52fB3w https://youtu.be/cSe7zo9SBB4
us:sd:2633420,Swartz Creek Community Schools,MI,youtube,https://www.youtube.com/live/dFqH5_Jwda8?si=rU6hpuTK0VVjCZG3,single_video,no,districts_combined,https://www.youtube.com/live/dFqH5_Jwda8?si=rU6hpuTK0VVjCZG3
us:sd:2915450,Scott City R-I School District,MO,youtube,https://www.youtube.com/@SCVideo,channel,no,districts_combined,https://www.youtube.com/@SCVideo
us:sd:3904659,Richmond Heights Local School District,OH,youtube,https://www.youtube.com/channel/UCc6lrYhTPzr7mqJ8Dtf7bbw?view_as=subscriber,channel,yes,districts_combined,https://www.youtube.com/channel/UCc6lrYhTPzr7mqJ8Dtf7bbw?view_as=subscriber
us:sd:2628830,Port Huron Area School District,MI,youtube,https://www.youtube.com/user/CPHS6TV,channel,no,districts_combined,https://www.youtube.com/user/CPHS6TV
us:sd:2504560,Nauset School District,MA,youtube,http://www.youtube.com/@NausetPublicSchool,channel,no,districts_combined,http://www.youtube.com/@NausetPublicSchool
us:sd:4015690,Jay Public Schools,OK,youtube,https://youtu.be/i64f6Bga8Mo,single_video,no,districts_combined,https://youtu.be/i64f6Bga8Mo https://youtu.be/WLdQAik3164
us:sd:3606720,Catskill Central School District,NY,youtube,https://www.youtube.com/@catskillmedia3125,channel,yes,districts_combined,https://www.youtube.com/@catskillmedia3125 https://www.youtube.com/channel/UC8Yv45EcrPktXMSWS3LpXpw/featured https://www.youtube.com/playlist?list=PL65RxXc26iNVfN6QQMV8wuJvxV7fyIaco
us:sd:4203690,Blacklick Valley School District,PA,youtube,https://www.youtube.com/channel/UC3wcSpQinllQVAoyQkXh-aA,channel,no,districts_combined,https://www.youtube.com/channel/UC3wcSpQinllQVAoyQkXh-aA
us:sd:3910025,Kenton City School District,OH,youtube,https://www.youtube.com/channel/UCY_i3wSFgq7rRCoV-QvbHNA,channel,no,districts_combined,https://www.youtube.com/embed/tzoIow-JDnM?&wmode=opaque&rel=0 https://www.youtube.com/channel/UCY_i3wSFgq7rRCoV-QvbHNA
us:sd:1700010,Beach Park Community Consolidated School District 3,IL,youtube,https://www.youtube.com/@BPD3BeyondtheBell,channel,no,districts_combined,https://www.youtube.com/@BPD3BeyondtheBell https://youtu.be/3m0PW3Ofj-4
us:sd:1734230,Robinson Community Unit School District 2,IL,youtube,https://www.youtube.com/@RobinsonSchools,channel,yes,districts_combined,https://www.youtube.com/@RobinsonSchools
us:sd:0902700,New Canaan School District,CT,youtube,https://youtu.be/m-0Be_cj1lo,single_video,no,districts_combined,https://youtu.be/m-0Be_cj1lo
us:sd:3413680,Hazlet Township School District,NJ,youtube,https://youtu.be/9RF9CwitE94,single_video,no,districts_combined,https://youtu.be/9RF9CwitE94
us:sd:0500017,Paragould School District,AR,youtube,https://youtube.com/live/TznWAkWyCgA?feature=share,single_video,no,districts_combined,https://youtube.com/live/TznWAkWyCgA?feature=share https://www.youtube.com/watch?v=SjClE5F6w-c
us:sd:4207290,Daniel Boone Area School District,PA,youtube,https://www.youtube.com/channel/UCCagGi7lBz7roTsdpNw4dgQ,channel,no,districts_combined,https://www.youtube.com/channel/UCCagGi7lBz7roTsdpNw4dgQ
us:sd:3905035,Crestview Local School District,OH,youtube,https://www.youtube.com/channel/UCs1gLBwHgUQ2a2KL3tvT_Ww,channel,no,districts_combined,https://www.youtube.com/channel/UCs1gLBwHgUQ2a2KL3tvT_Ww
us:sd:1714820,Skokie-Fairview School District 72,IL,youtube,https://www.youtube.com/channel/UCxChL2c3CFrXFs7FqBqL8dQ,channel,no,districts_combined,https://www.youtube.com/channel/UCxChL2c3CFrXFs7FqBqL8dQ
us:sd:2718750,Mahtomedi Public School District,MN,youtube,https://www.youtube.com/channel/UCAtx8Dc6qOIaBV4UfaW5gVQ,channel,no,districts_combined,https://www.youtube.com/channel/UCAtx8Dc6qOIaBV4UfaW5gVQ
us:sd:4215210,Midd-West School District,PA,youtube,https://www.youtube.com/playlist?list=PLVKm92IAS1FbzbSoTUWgRTXwWqfNvQJSR,playlist,no,districts_combined,https://www.youtube.com/embed/Rmsvx8Ebc7w?si=AdxU_nwcO16advAj https://www.youtube.com/embed/PIfmjyCONP8?si=kSlMq2h8YNMKG3lm https://www.youtube.com/embed/v66Dib-1Gaw?si=DvoqShkGzjpxJ03o https://www.youtube.com/embed/1NIZERyzk6M?si=KFRHyoXAb4zCmZy8 https://www.youtube.com/embed/emGG0sCgrMs?si=P7_Qmbim5wPwqhjt https://www.youtube.com/embed/sxcW5vYv_6k?si=Tj4yYpLEZkv-ybUR https://www.youtube.com/embed/wiIZIetcLOw?si=5NIURK3f3QQSFY23 https://www.youtube.com/embed/8pkshy1P28k?si=Q_iA3ZNuWMzgDD96 https://www.youtube.com/playlist?list=PLVKm92IAS1FbzbSoTUWgRTXwWqfNvQJSR https://www.youtube.com/playlist?list=PLVKm92IAS1FZ9qKwR0B2Cs5hqF1FPSztI https://www.youtube.com/playlist?list=PLVKm92IAS1Fby56KOrxY1ls0eF03F84LO
us:sd:4700120,Athens City Schools,TN,youtube,https://youtu.be/C6bCbFnPu4Y,single_video,no,districts_combined,https://youtu.be/C6bCbFnPu4Y https://www.youtube.com/watch?v=tSGBZe46Ejg
us:sd:2504950,Foxborough School District,MA,youtube,https://www.youtube.com/embed/7bfzSEh5D9Q,single_video,yes,districts_combined,https://www.youtube.com/embed/7bfzSEh5D9Q http://youtube.com/FCATVORG
us:sd:3904630,Batavia Local School District,OH,youtube,https://youtube.com/shorts/pET8TdLwQag?si=lUV1rG7MUQu1kGG2,single_video,no,districts_combined,https://youtube.com/shorts/pET8TdLwQag?si=lUV1rG7MUQu1kGG2
us:sd:5100180,Amelia County Public Schools,VA,youtube,https://www.youtube.com/@AmeliaCountyPublicSchools/streams,channel,no,districts_combined,https://www.youtube.com/@AmeliaCountyPublicSchools/streams
us:sd:2612990,Edwardsburg Public Schools,MI,youtube,https://www.youtube.com/channel/UCDDJU7oPXNMOcfeJh_eNQ2g,channel,no,districts_combined,https://www.youtube.com/channel/UCDDJU7oPXNMOcfeJh_eNQ2g
us:sd:4019560,McLoud Public Schools,OK,youtube,https://youtu.be/5VjNmFO5Mfg,single_video,no,districts_combined,https://youtu.be/5VjNmFO5Mfg https://youtu.be/v0nWP-RQwjk
us:sd:3905019,Liberty Local School District,OH,youtube,https://www.youtube.com/channel/UC1Bjs9pWNNzbUx5FNh6jomg,channel,no,districts_combined,https://www.youtube.com/channel/UC1Bjs9pWNNzbUx5FNh6jomg
us:sd:1907080,Charles City Community School District,IA,youtube,https://www.youtube.com/@CharlesCityCSD,channel,no,districts_combined,https://www.youtube.com/@CharlesCityCSD
us:sd:3414130,Rockaway Township School District,NJ,youtube,https://www.youtube.com/watch?v=7_m8KunLeUQ,single_video,no,districts_combined,https://www.youtube.com/watch?v=7_m8KunLeUQ https://www.youtube.com/watch?v=QGAB1_E44k4 https://youtu.be/cs30H0i3olI https://www.youtube.com/watch?v=2WKm7Gir9Gs
us:sd:2609750,Clare Public Schools,MI,youtube,https://www.youtube.com/watch?v=6jrW9kVmvy0,single_video,no,districts_combined,https://www.youtube.com/watch?v=6jrW9kVmvy0
us:sd:2604500,Beecher Community School District,MI,youtube,https://youtube.com/shorts/4fp3LskajlQ?si=MXcGMjM1RIPng0uD,single_video,no,districts_combined,https://youtube.com/shorts/4fp3LskajlQ?si=MXcGMjM1RIPng0uD https://youtube.com/shorts/p54Kuh7m3XI?si=Mh6Tw81hDWSLUtu1 https://youtube.com/shorts/YRhtK1VeJ0Y?si=ejkF6sjvziiW7EUd https://youtube.com/shorts/oVpRssprrBE?is=pUhQ3hwaTlEj8CY_ https://youtube.com/shorts/bx3N9Oc9r90?si=djRmZhWE6ef82RkO https://youtube.com/shorts/SbXCxaGAStg?si=TQNsiyzKzFlXiAon
us:sd:3904862,Miami East Local School District,OH,youtube,https://youtu.be/-2ngIEqBemo,single_video,no,districts_combined,https://youtu.be/-2ngIEqBemo https://youtu.be/QAoosGp9aCY
us:sd:2717250,La Crescent-Hokah School District,MN,youtube,https://youtu.be/Meufv96MsPs,single_video,no,districts_combined,https://youtu.be/Meufv96MsPs
us:sd:3904368,Bucyrus City School District,OH,youtube,https://youtu.be/z6XRUO-RHpE,single_video,no,districts_combined,https://youtu.be/z6XRUO-RHpE https://youtu.be/ie5f0l6FwIo
us:sd:5401170,Preston County School District,WV,youtube,https://www.youtube.com/watch?v=cW70KecAPmc,single_video,yes,districts_combined,https://www.youtube.com/watch?v=cW70KecAPmc
us:sd:5100152,Alleghany Highlands Public Schools,VA,youtube,https://www.youtube.com/embed/Q4vE-xnKQLQ,single_video,yes,districts_combined,https://www.youtube.com/embed/Q4vE-xnKQLQ
us:sd:0904560,Tolland School District,CT,youtube,https://www.youtube.com/channel/UC7IKRS0lXdkbT4FMX2Dp0lQ,channel,yes,districts_combined,https://www.youtube.com/channel/UC7IKRS0lXdkbT4FMX2Dp0lQ https://www.youtube.com/watch?v=DwQ7FrhuZ2s https://www.youtube.com/watch?v=rjxp5jhV36U https://www.youtube.com/watch?v=EYR6E_4aVkE https://www.youtube.com/watch?v=mw3bB1rCDUw https://www.youtube.com/watch?v=ILZkbK643r0&t=614s https://www.youtube.com/watch?v=Kk4buUH7hXU https://www.youtube.com/watch?v=PKkBP93WxxQ https://www.youtube.com/watch?v=cCgVCND-ITk https://www.youtube.com/watch?v=-AgYULneZc8 https://www.youtube.com/watch?v=2OTcIBuEDZU https://www.youtube.com/watch?v=tWqoIQXSR5k https://www.youtube.com/watch?v=dOpsrur-d_M https://www.youtube.com/watch?v=Bu_GQNauk9g https://www.youtube.com/watch?v=9NbNqjNVHW8 https://www.youtube.com/watch?v=7benBT-8PQI https://youtu.be/SjS89TY1qFI https://youtu.be/__Mi1X2blHI https://youtu.be/eE66n0BOb84 https://youtu.be/HRLkm--c08M https://youtu.be/q-zkjrs9nt0 https://youtu.be/OKmkzX6nn3Q https://youtu.be/Rq-CL2HFW2o https://youtu.be/Sm7oO2DeqWg https://youtu.be/gRJHy0sukGY https://youtu.be/x1EHwUk--34 https://youtu.be/1-1fcFp7IJY?si=KeuEyjV9bQSZ4D3M https://www.youtube.com/watch?v=49bL_lpUL9c&ab_channel=CommunityVoiceChannel https://www.youtube.com/watch?v=Qa9ani1MdSs&ab_channel=CommunityVoiceChannel https://www.youtube.com/watch?v=DJ9noycZFIc&ab_channel=CommunityVoiceChannel https://www.youtube.com/watch?v=KIrb1iAZOVg&ab_channel=CommunityVoiceChannel https://www.youtube.com/watch?v=Bh2y_ksCREg&ab_channel=CommunityVoiceChannel https://www.youtube.com/watch?v=euttNWYrWBM&ab_channel=CommunityVoiceChannel https://www.youtube.com/watch?v=mXiuOHtqVQo&ab_channel=CommunityVoiceChannel https://www.youtube.com/watch?v=Z2xLqMou20Y&ab_channel=CommunityVoiceChannel https://www.youtube.com/watch?v=DZXg6ArC2CE&ab_channel=CommunityVoiceChannel https://www.youtube.com/watch?v=FPff9Nax4EE https://www.youtube.com/watch?v=QQllIh4lXMA https://www.youtube.com/watch?v=HJlquJ2MXOk https://www.youtube.com/watch?v=o3jtPh9R7Mo https://youtu.be/iTxv4o1jAjQ https://www.youtube.com/watch?v=OBlqak0H3Oo&ab_channel=CommunityVoiceChannel https://youtu.be/sV4pwMyegm4 https://www.youtube.com/watch?v=4RwIwAn_w48&ab_channel=CommunityVoiceChannel https://www.youtube.com/watch?v=K-1eM_BypLk&ab_channel=CommunityVoiceChannel https://youtu.be/7Ac1QalBNOE https://www.youtube.com/watch?v=EviAt0KDRbI&ab_channel=CommunityVoiceChannel https://www.youtube.com/watch?v=NTqZZ7GUHds&ab_channel=CommunityVoiceChannel https://www.youtube.com/watch?v=u_P_kY0fpHc&ab_channel=CommunityVoiceChannel https://www.youtube.com/watch?v=l95K1JNN5Wg&ab_channel=CommunityVoiceChannel https://www.youtube.com/watch?v=bAm_-8MVjVU&ab_channel=CommunityVoiceChannel https://youtu.be/gn2HwERvGpQ https://youtu.be/P4P6Uotiioo https://www.youtube.com/watch?v=SZpoYWmdd5Q&ab_channel=CommunityVoiceChannel https://www.youtube.com/watch?v=i1mNU7lVjBA&ab_channel=CommunityVoiceChannel https://www.youtube.com/watch?v=7bIvK7o3Zh4&ab_channel=CommunityVoiceChannel https://www.youtube.com/watch?v=cL2lmcrZNfY&ab_channel=CommunityVoiceChannel https://www.youtube.com/watch?v=SbDbEowEVeY&ab_channel=CommunityVoiceChannel https://www.youtube.com/watch?v=GMpy072wmTA&ab_channel=CommunityVoiceChannel https://www.youtube.com/watch?v=Ym6MRPMM454&ab_channel=CommunityVoiceChannel https://www.youtube.com/watch?v=jXc5raR-8GM&ab_channel=CommunityVoiceChannel https://www.youtube.com/watch?v=riMIDZV3ZQY&ab_channel=CommunityVoiceChannel https://www.youtube.com/watch?v=BMpQTqs0g2c&ab_channel=CommunityVoiceChannel https://www.youtube.com/watch?v=9i7olie7xe0&ab_channel=CommunityVoiceChannel https://www.youtube.com/watch?v=PvAdfREEy-4&ab_channel=CommunityVoiceChannel https://www.youtube.com/watch?v=1AHYMvlWl1Y&ab_channel=CommunityVoiceChannel https://www.youtube.com/watch?v=rPOuqtFL4Kg&ab_channel=CommunityVoiceChannel https://youtu.be/IPfbKzrEF1Q https://www.youtube.com/watch?v=0nXW7o5j35s&ab_channel=CommunityVoiceChannel https://www.youtube.com/watch?v=5xPIAF1Lsd4&ab_channel=CommunityVoiceChannel https://youtu.be/tlxxUvge2lQ https://www.youtube.com/watch?v=ebyGxEXjFJU&ab_channel=CommunityVoiceChannel https://www.youtube.com/watch?v=IkxfikD5Oyo&ab_channel=CommunityVoiceChannel https://www.youtube.com/watch?v=q7ABYZ_wBpE&ab_channel=CommunityVoiceChannel https://www.youtube.com/watch?v=ABt6eHxtquw&ab_channel=CommunityVoiceChannel https://www.youtube.com/watch?v=wlTEoL314aM&ab_channel=CommunityVoiceChannel https://www.youtube.com/watch?v=NH3mkOxzvMU https://www.youtube.com/watch?v=maYjr6OtLBQ&ab_channel=CommunityVoiceChannel https://www.youtube.com/watch?v=-T9K0ztl4r8&ab_channel=CommunityVoiceChannel https://www.youtube.com/watch?v=a1wnh7rpSpg&ab_channel=CommunityVoiceChannel https://www.youtube.com/watch?v=xe7US0gAiDc https://www.youtube.com/watch?v=mpJ0BkJwEyA https://www.youtube.com/watch?v=P6k5jTRCdWM https://www.youtube.com/watch?v=gF7Eg6mUGhg https://www.youtube.com/watch?v=0XQtPmMKlwE https://www.youtube.com/watch?v=hYBLxkLxyQI https://www.youtube.com/watch?v=ukq1gYqxKJc https://www.youtube.com/watch?v=yyAmBMkyIXk https://www.youtube.com/watch?v=D1vngI33oZU https://www.youtube.com/watch?v=VKIVmWpljx0 https://www.youtube.com/watch?v=3Fmis3ATJsM https://www.youtube.com/watch?v=ezmoczZuGC8 https://www.youtube.com/watch?v=7f42VOfyNZ8 https://www.youtube.com/watch?v=q1TTIw6GYiY https://www.youtube.com/watch?v=k-TfoIdHKDQ https://www.youtube.com/watch?v=3SKRbVZGY84 https://www.youtube.com/watch?v=iENMlll08Q8 https://www.youtube.com/watch?v=qKoPOe5TEoI https://www.youtube.com/watch?v=Fg-kAThrhZE https://www.youtube.com/watch?v=BFmX04523D4 https://youtu.be/2x-aN8Krw-I https://www.youtube.com/watch?v=rTxQTJvaWzI https://www.youtube.com/watch?v=7UuqdxypG54 https://www.youtube.com/watch?v=pW_N3tOwQJQ https://www.youtube.com/watch?v=hyF2wg_xzMA https://youtu.be/ryKAONivgJE https://www.youtube.com/watch?v=kFTaRMg-yNs https://www.youtube.com/watch?v=8tNSD35i59A https://www.youtube.com/watch?v=tByQM8VwU40 https://www.youtube.com/watch?v=YQukn_rxU_Q https://www.youtube.com/watch?v=oi90BpBZBNU https://www.youtube.com/watch?v=dJd4Mh2LwOk https://www.youtube.com/watch?v=tuLs1dwaQQM https://www.youtube.com/watch?v=sXZC6HL4NP4 https://www.youtube.com/watch?v=RGj52IZyKnI https://www.youtube.com/watch?v=Cl2lvCKM1JU https://www.youtube.com/watch?v=jp9kw8ie2sc https://www.youtube.com/watch?v=fBTuGUQTzD8 https://www.youtube.com/watch?v=YJeoSktrGY8 https://www.youtube.com/watch?v=HGO4sTHxkGA https://www.youtube.com/watch?v=jvYpoS_Vj-Q https://www.youtube.com/watch?v=HnvkHyp6n7A https://www.youtube.com/watch?v=MC-dLbBDt10 https://www.youtube.com/watch?v=eplPGe4Ta5Q https://www.youtube.com/watch?v=flVQk1fkLcA https://www.youtube.com/watch?v=uuvqIN_V0rM https://www.youtube.com/watch?v=ULdVwRTr428 https://www.youtube.com/watch?v=1WNtjzg4vwU https://www.youtube.com/watch?v=gHw9qrfj1SI https://www.youtube.com/watch?v=7c-UtW0ykSg https://www.youtube.com/watch?v=PDv7CcIzVHQ https://www.youtube.com/watch?v=ZT6aEFZJs-k https://www.youtube.com/watch?v=pfvCNmQo8Eo https://www.youtube.com/watch?v=riOuDXdZNE0 https://www.youtube.com/watch?v=_hi_CfDjqck https://www.youtube.com/watch?v=mLCFqZbWqCs https://www.youtube.com/watch?v=cuH_SroTPpM
us:sd:2004590,Chanute Public Schools Unified School District 413,KS,youtube,https://youtube.com/@usd413districtoffice?si=bHCK_XVgqqeUxOcS,channel,yes,districts_combined,https://youtube.com/@usd413districtoffice?si=bHCK_XVgqqeUxOcS
us:sd:2105490,Spencer County School District,KY,youtube,https://www.youtube.com/@SpencerCountyKYPublicSchools,channel,no,districts_combined,https://www.youtube.com/@SpencerCountyKYPublicSchools
us:sd:2104650,Paducah Independent School District,KY,youtube,https://www.youtube.com/@PaducahPublicSchools,channel,no,districts_combined,https://www.youtube.com/@PaducahPublicSchools https://www.youtube.com/watch?v=2m76646iCNo
us:sd:2104590,Owensboro Independent School District,KY,youtube,https://www.youtube.com/@RedDevilNetworkOHS,channel,no,districts_combined,https://www.youtube.com/@RedDevilNetworkOHS
us:sd:2103780,Marion County School District,KY,youtube,https://www.youtube.com/channel/UCtaAL3Gj_tEOJq3sdAFCX9A,channel,no,districts_combined,https://www.youtube.com/channel/UCtaAL3Gj_tEOJq3sdAFCX9A
us:sd:2103750,Magoffin County School District,KY,youtube,https://www.youtube.com/@magoffinschools8415,channel,no,districts_combined,https://www.youtube.com/@magoffinschools8415
us:sd:2105700,Walton-Verona Independent School District,KY,youtube,https://www.youtube.com/c/WaltonVeronaISD,channel,no,districts_combined,https://www.youtube.com/c/WaltonVeronaISD
