host,match,worst,rules,governments_claimed,claims,ryan_stated_gov,details
albemarle.granicus.com,,high,R4 R5,2,"Albemarle County, VA (us:county:51003): 3 archive_page, 1 discovery_tenant, 1 tenant_overrides | Albemarle city, NC (us:place:3700680): 1 research_row",,"albemarle.granicus.com is pinned to Albemarle city, NC, but 3 saved title(s) on it name VA (for example ""Albemarle County, VA"") and none name NC; Albemarle County, VA exists. | discovery_tenant pins albemarle.granicus.com to Albemarle County, VA, but the research_row entry jurisdiction_coverage.csv:14994 name Albemarle city, NC. | research_row pins albemarle.granicus.com to Albemarle city, NC, but the tenant_overrides entry tenant_overrides.csv:31 and the discovery_tenant entry ledger.db tenants:albemarle.granicus.com name Albemarle County, VA; 3 of 3 Archive pages on this host are filed under Albemarle County, VA. | tenant_overrides pins albemarle.granicus.com to Albemarle County, VA, but the research_row entry jurisdiction_coverage.csv:14994 name Albemarle city, NC."
armstrong.civicweb.net,,high,R1 R4,2,"Armstrong, ON (ca:csd:3554036): 1 tenant_overrides | Armstrong, BC (ca:csd:5937028): 1 research_row",,"armstrong.civicweb.net is pinned to Armstrong, BC, but www.armstrongtownship.com is pinned to Armstrong, ON (1 more pins agree). | research_row pins armstrong.civicweb.net to Armstrong, BC, but the tenant_overrides entry tenant_overrides.csv:63 name Armstrong, ON. | tenant_overrides pins armstrong.civicweb.net to Armstrong, ON, but the research_row entry jurisdiction_coverage.csv:1769 name Armstrong, BC."
champlain.escribemeetings.com,,high,R1,2,"Champlain, QC (ca:csd:2437220): 1 tenant_overrides | Champlain, ON (ca:csd:3502010): named by a flag only",,"champlain.escribemeetings.com is pinned to Champlain, QC, but www.champlain.ca is pinned to Champlain, ON (1 more pins agree)."
cityofdover.civicweb.net,,high,R1,2,"Dover, NL (ca:csd:1007057): 1 tenant_overrides | Dover town, MA (us:cousub:2502117405): named by a flag only",,"cityofdover.civicweb.net is pinned to Dover, NL, but ma-dover.civicplus.com is pinned to Dover town, MA (1 more pins agree)."
cityofkingston.escribemeetings.com,,high,R1,2,"Kingston, PE (ca:csd:1102022): 1 tenant_overrides | Kingston, ON (ca:csd:3510010): named by a flag only",,"cityofkingston.escribemeetings.com is pinned to Kingston, PE, but www.cityofkingston.ca is pinned to Kingston, ON (1 more pins agree)."
cityofmenifee.primegov.com,,high,R1 R4 R5,2,"Menifee County, KY (us:county:21165): 1 research_row | Menifee city, CA (us:place:0646842): 5 archive_page, 1 discovery_tenant, 1 research_row, 1 tenant_overrides",,"cityofmenifee.primegov.com is pinned to Menifee County, KY, but 3 saved title(s) on it name CA (for example ""Menifee, CA"") and none name KY; Menifee city, CA exists. | cityofmenifee.primegov.com is pinned to Menifee County, KY, but cityofmenifee.primegov.com is pinned to Menifee city, CA (2 more pins agree). | discovery_tenant pins cityofmenifee.primegov.com to Menifee city, CA, but the research_row entry jurisdiction_coverage.csv:8594 name Menifee County, KY. | research_row pins cityofmenifee.primegov.com to Menifee County, KY, but the tenant_overrides entry tenant_overrides.csv:251 and the research_row entry jurisdiction_coverage.csv:2725 and the discovery_tenant entry ledger.db tenants:cityofmenifee.primegov.com name Menifee city, CA; 5 of 5 Archive pages on this host are filed under Menifee city, CA. | research_row pins cityofmenifee.primegov.com to Menifee city, CA, but the research_row entry jurisdiction_coverage.csv:8594 name Menifee County, KY. | tenant_overrides pins cityofmen"
claytownship.granicus.com,,high,R1,2,"Clay County, FL (us:county:12019): named by a flag only | Clay township, MI (us:cousub:2614716180): 1 research_row",,"claytownship.granicus.com is pinned to Clay township, MI, but clayfl.new.swagit.com is pinned to Clay County, FL (1 more pins agree)."
cooper.granicus.com,,high,R4,2,"Cooper City city, FL (us:place:1214125): 3 archive_page, 1 discovery_tenant | Cooper city, TX (us:place:4816564): 1 archive_page, 1 research_row",,"discovery_tenant pins cooper.granicus.com to Cooper City city, FL, but the research_row entry jurisdiction_coverage.csv:23247 name Cooper city, TX; 1 of 4 Archive pages on this host is filed under Cooper city, TX. | research_row pins cooper.granicus.com to Cooper city, TX, but the discovery_tenant entry ledger.db tenants:cooper.granicus.com name Cooper City city, FL; 3 of 4 Archive pages on this host are filed under Cooper City city, FL."
desmoines.civicweb.net,,high,R1 R4 R5,3,"Des Moines County, IA (us:county:19057): 1 research_row | Des Moines city, IA (us:place:1921000): 1 research_row | Des Moines city, WA (us:place:5317635): 2 archive_page, 1 discovery_tenant, 1 research_row",,"desmoines.civicweb.net is pinned to Des Moines County, IA, but 2 saved title(s) on it name WA (for example ""Des Moines, WA"") and none name IA; Des Moines city, WA exists. | desmoines.civicweb.net is pinned to Des Moines County, IA, but desmoines.civicweb.net is pinned to Des Moines city, WA (1 more pins agree). | desmoines.civicweb.net is pinned to Des Moines city, IA, but 2 saved title(s) on it name WA (for example ""Des Moines, WA"") and none name IA; Des Moines city, WA exists. | discovery_tenant pins desmoines.civicweb.net to Des Moines city, WA, but the research_row entry jurisdiction_coverage.csv:6826 name Des Moines County, IA. | discovery_tenant pins desmoines.civicweb.net to Des Moines city, WA, but the research_row entry jurisdiction_coverage.csv:6827 name Des Moines city, IA. | research_row pins desmoines.civicweb.net to Des Moines County, IA, but the research_row entry jurisdiction_coverage.csv:25056 and the discovery_tenant entry ledger.db tenants:desmoines.civicweb.net name"
ellington-ct.gov,,high,R4 R5,2,"Ellington town, CT (us:cousub:0911025360): 1 research_row | Ellington city, MO (us:place:2921844): 1 archive_page",,"research_row pins www.ellington-ct.gov to Ellington town, CT, but 1 of 1 Archive page on this host is filed under Ellington city, MO. | www.ellington-ct.gov is pinned to Ellington town, CT, but 1 saved title(s) on it name MO (for example ""Ellington, MO"") and none name CT; Ellington city, MO exists."
glendale.granicus.com,,high,R4,2,"Glendale city, CA (us:place:0630000): 1 discovery_tenant, 1 tenant_overrides | Glendale town, UT (us:place:4929360): 1 archive_page",,"discovery_tenant pins glendale.granicus.com to Glendale city, CA, but 1 of 1 Archive page on this host is filed under Glendale town, UT. | tenant_overrides pins glendale.granicus.com to Glendale city, CA, but 1 of 1 Archive page on this host is filed under Glendale town, UT."
highlands-nj.municodemeetings.com,,high,R2 R4 R5,2,"Highlands County, FL (us:county:12055): 1 archive_page, 1 research_row | Highlands borough, NJ (us:place:3431500): 1 discovery_tenant, 1 research_row",,"discovery_tenant pins highlands-nj.municodemeetings.com to Highlands borough, NJ, but the research_row entry jurisdiction_coverage.csv:3501 name Highlands County, FL; 1 of 1 Archive page on this host is filed under Highlands County, FL. | highlands-nj.municodemeetings.com is pinned to Highlands County, FL, but the address itself names NJ, and Highlands borough, NJ exists. | highlands-nj.municodemeetings.com is pinned to Highlands borough, NJ, but 1 saved title(s) on it name FL (for example ""Highlands County, FL"") and none name NJ; Highlands County, FL exists. | research_row pins highlands-nj.municodemeetings.com to Highlands County, FL, but the research_row entry jurisdiction_coverage.csv:13646 and the discovery_tenant entry ledger.db tenants:highlands-nj.municodemeetings.com name Highlands borough, NJ. | research_row pins highlands-nj.municodemeetings.com to Highlands borough, NJ, but the research_row entry jurisdiction_coverage.csv:3501 name Highlands County, FL; 1 of 1 Archive page "
hopewellboroughnj.gov,,high,R2 R4,3,"Hopewell township, NJ (us:cousub:3401133120): named by a flag only | Hopewell borough, NJ (us:place:3433150): 1 research_row | Hopewell city, VA (us:place:5138424): 1 archive_page, 2 discovery_tenant",,"discovery_tenant pins hopewellboroughnj.gov to Hopewell city, VA, but the research_row entry jurisdiction_coverage.csv:13651 name Hopewell borough, NJ. | discovery_tenant pins www.hopewellboroughnj.gov to Hopewell city, VA, but the research_row entry jurisdiction_coverage.csv:13651 name Hopewell borough, NJ. | hopewellboroughnj.gov is pinned to Hopewell city, VA, but the address itself names NJ, and Hopewell township, NJ exists. | research_row pins hopewellboroughnj.gov to Hopewell borough, NJ, but 2 discovery_tenant entries (e.g. ledger.db tenants:hopewellboroughnj.gov) name Hopewell city, VA; 1 of 1 Archive page on this host is filed under Hopewell city, VA. | www.hopewellboroughnj.gov is pinned to Hopewell city, VA, but the address itself names NJ, and Hopewell township, NJ exists."
jamescitycova.portal.civicclerk.com,,high,R4,2,"James, ON (ca:csd:3554042): 1 archive_page | James City County, VA (us:county:51095): 1 archive_page, 1 discovery_tenant, 1 tier3_queue",,"discovery_tenant pins jamescitycova.portal.civicclerk.com to James City County, VA, but 1 of 2 Archive pages on this host is filed under James, ON. | tier3_queue pins jamescitycova.portal.civicclerk.com to James City County, VA, but 1 of 2 Archive pages on this host is filed under James, ON."
juneauak.portal.civicclerk.com,,high,R2 R4 R5,3,"Juneau, AK (rtr:us:ak:juneau): named by a flag only | Juneau, AK (us:place:0236400): 3 archive_page, 1 discovery_tenant, 1 tenant_overrides | Juneau city, WI (us:place:5538675): 1 research_row",us:place:0236400,"discovery_tenant pins juneauak.portal.civicclerk.com to Juneau, AK, but the research_row entry jurisdiction_coverage.csv:25842 name Juneau city, WI. | juneauak.portal.civicclerk.com is pinned to Juneau city, WI, but 3 saved title(s) on it name AK (for example ""Juneau, AK"") and none name WI; Juneau, AK exists. | juneauak.portal.civicclerk.com is pinned to Juneau city, WI, but the address itself names AK, and Juneau, AK exists. | research_row pins juneauak.portal.civicclerk.com to Juneau city, WI, but the tenant_overrides entry tenant_overrides.csv:585 and the discovery_tenant entry ledger.db tenants:juneauak.portal.civicclerk.com name Juneau, AK; 3 of 3 Archive pages on this host are filed under Juneau, AK. | tenant_overrides pins juneauak.portal.civicclerk.com to Juneau, AK, but the research_row entry jurisdiction_coverage.csv:25842 name Juneau city, WI."
lakeshore.escribemeetings.com,,high,R1,2,"Lakeshore, ON (ca:csd:3537064): named by a flag only | Lakeshore, MB (ca:csd:4617075): 1 tenant_overrides",,"lakeshore.escribemeetings.com is pinned to Lakeshore, MB, but lakeshoreon.new.swagit.com is pinned to Lakeshore, ON (1 more pins agree)."
lambton.civicweb.net,,high,R1 R4 R5,2,"Lambton, ON (ca:cd:3538): 1 tier3_queue | Lambton, QC (ca:csd:2430095): 3 archive_page, 1 discovery_tenant, 1 research_row, 1 tenant_overrides",,"discovery_tenant pins lambton.civicweb.net to Lambton, QC, but the tier3_queue entry tier3_auto_transcription_queue.txt:257 name Lambton, ON. | lambton.civicweb.net is pinned to Lambton, ON, but 3 saved title(s) on it name QC (for example ""Lambton, QC"") and none name ON; Lambton, QC exists. | lambton.civicweb.net is pinned to Lambton, ON, but lambton.civicweb.net is pinned to Lambton, QC (2 more pins agree). | research_row pins lambton.civicweb.net to Lambton, QC, but the tier3_queue entry tier3_auto_transcription_queue.txt:257 name Lambton, ON. | tenant_overrides pins lambton.civicweb.net to Lambton, QC, but the tier3_queue entry tier3_auto_transcription_queue.txt:257 name Lambton, ON. | tier3_queue pins lambton.civicweb.net to Lambton, ON, but the tenant_overrides entry tenant_overrides.csv:634 and the research_row entry jurisdiction_coverage.csv:20103 and the discovery_tenant entry ledger.db tenants:lambton.civicweb.net name Lambton, QC; 3 of 3 Archive pages on this host are filed u"
limerick.civicweb.net,,high,R1,2,"Limerick, ON (ca:csd:3512051): 1 tenant_overrides | Limerick township, PA (us:cousub:4209143312): named by a flag only",,"limerick.civicweb.net is pinned to Limerick, ON, but pa-limerick.civicplus.com is pinned to Limerick township, PA (1 more pins agree)."
liveoakcity.primegov.com,,high,R4,2,"Live Oak city, CA (us:place:0641936): 1 discovery_tenant, 1 tenant_overrides, 1 tier3_queue | Live Oak city, FL (us:place:1240875): 1 archive_page",,"discovery_tenant pins liveoakcity.primegov.com to Live Oak city, CA, but 1 of 1 Archive page on this host is filed under Live Oak city, FL. | tenant_overrides pins liveoakcity.primegov.com to Live Oak city, CA, but 1 of 1 Archive page on this host is filed under Live Oak city, FL. | tier3_queue pins liveoakcity.primegov.com to Live Oak city, CA, but 1 of 1 Archive page on this host is filed under Live Oak city, FL."
lowell.civicweb.net,,high,R4,2,"Lowell town, ME (us:cousub:2301941435): 1 discovery_tenant, 1 tenant_overrides | Lowell charter township, MI (us:cousub:2608149560): 1 research_row",,"discovery_tenant pins lowell.civicweb.net to Lowell town, ME, but the research_row entry jurisdiction_coverage.csv:31431 name Lowell charter township, MI. | research_row pins lowell.civicweb.net to Lowell charter township, MI, but the tenant_overrides entry tenant_overrides.csv:691 and the discovery_tenant entry ledger.db tenants:lowell.civicweb.net name Lowell town, ME. | tenant_overrides pins lowell.civicweb.net to Lowell town, ME, but the research_row entry jurisdiction_coverage.csv:31431 name Lowell charter township, MI."
mapleton.civicweb.net,,high,R4,2,"Mapleton, ON (ca:csd:3523033): 4 archive_page, 1 discovery_tenant, 1 tenant_overrides | Mapleton School District 1, CO (us:sd:0805550): 1 tier3_queue",,"discovery_tenant pins mapleton.civicweb.net to Mapleton, ON, but the tier3_queue entry tier3_auto_transcription_queue.txt:266 name Mapleton School District 1, CO. | tenant_overrides pins mapleton.civicweb.net to Mapleton, ON, but the tier3_queue entry tier3_auto_transcription_queue.txt:266 name Mapleton School District 1, CO."
middleton.civicweb.net,,high,R1,2,"Middleton, NS (ca:csd:1205016): 1 tenant_overrides | Middleton city, WI (us:place:5551575): named by a flag only",,"middleton.civicweb.net is pinned to Middleton, NS, but wi-middleton2.civicplus.com is pinned to Middleton city, WI (2 more pins agree)."
montague.civicweb.net,,high,R1,2,"Montague, ON (ca:csd:3509001): 1 tenant_overrides | Montague city, CA (us:place:0648690): named by a flag only",,"montague.civicweb.net is pinned to Montague, ON, but cityofmontagueca.gov is pinned to Montague city, CA (1 more pins agree)."
niagarafalls.civicweb.net,,high,R1 R4 R5,2,"Niagara Falls, ON (ca:csd:3526043): 3 archive_page, 1 discovery_tenant, 1 tenant_overrides | Niagara Falls city, NY (us:place:3651055): 1 research_row",ca:csd:3526043,"discovery_tenant pins niagarafalls.civicweb.net to Niagara Falls, ON, but the research_row entry jurisdiction_coverage.csv:14362 name Niagara Falls city, NY. | niagarafalls.civicweb.net is pinned to Niagara Falls city, NY, but 1 saved title(s) on it name ON (for example ""Niagara Falls, ON"") and none name NY; Niagara Falls, ON exists. | niagarafalls.civicweb.net is pinned to Niagara Falls city, NY, but niagarafalls.civicweb.net is pinned to Niagara Falls, ON (1 more pins agree). | research_row pins niagarafalls.civicweb.net to Niagara Falls city, NY, but the tenant_overrides entry tenant_overrides.csv:836 and the discovery_tenant entry ledger.db tenants:niagarafalls.civicweb.net name Niagara Falls, ON; 3 of 3 Archive pages on this host are filed under Niagara Falls, ON. | tenant_overrides pins niagarafalls.civicweb.net to Niagara Falls, ON, but the research_row entry jurisdiction_coverage.csv:14362 name Niagara Falls city, NY."
oregon.granicus.com,,high,R1 R4,3,"Oregon, OR (rtr:us:or:oregon): 1 tenant_overrides | Oregon County, MO (us:county:29149): 1 research_row | Oregon village, WI (us:place:5560200): named by a flag only",,"oregon.granicus.com is pinned to Oregon County, MO, but wi-oregonvillage.civicplus.com is pinned to Oregon village, WI (2 more pins agree). | oregon.granicus.com is pinned to Oregon, OR, but wi-oregonvillage.civicplus.com is pinned to Oregon village, WI (2 more pins agree). | research_row pins oregon.granicus.com to Oregon County, MO, but the tenant_overrides entry tenant_overrides.csv:902 name Oregon, OR. | tenant_overrides pins oregon.granicus.com to Oregon, OR, but the research_row entry jurisdiction_coverage.csv:12172 name Oregon County, MO."
pub-grey.escribemeetings.com,,high,R4 R5,2,"Grey, ON (ca:cd:3542): 1 archive_page, 1 discovery_tenant | Grey, MB (ca:csd:4609018): 1 research_row",,"discovery_tenant pins pub-grey.escribemeetings.com to Grey, ON, but the research_row entry jurisdiction_coverage.csv:9273 name Grey, MB. | pub-grey.escribemeetings.com is pinned to Grey, MB, but 1 saved title(s) on it name ON (for example ""County of Grey, ON"") and none name MB; Grey, ON exists. | research_row pins pub-grey.escribemeetings.com to Grey, MB, but the discovery_tenant entry ledger.db tenants:pub-grey.escribemeetings.com name Grey, ON; 1 of 1 Archive page on this host is filed under Grey, ON."
pub-laporte.escribemeetings.com,,high,R4,2,"LaPorte County, IN (us:county:18091): 1 research_row | La Porte city, TX (us:place:4841440): 1 tenant_overrides",,"research_row pins pub-laporte.escribemeetings.com to LaPorte County, IN, but the tenant_overrides entry tenant_overrides.csv:848 name La Porte city, TX. | tenant_overrides pins pub-laporte.escribemeetings.com to La Porte city, TX, but the research_row entry jurisdiction_coverage.csv:6251 name LaPorte County, IN."
pub-livingston.escribemeetings.com,,high,R1,2,"Livingston County, MI (us:county:26093): 1 tenant_overrides | Livingston County, NY (us:county:36051): named by a flag only",,"pub-livingston.escribemeetings.com is pinned to Livingston County, MI, but ny-livingstoncounty2.civicplus.com is pinned to Livingston County, NY (4 more pins agree)."
pulaskigov.com,,high,R4 R5,2,"Pulaski County, KY (us:county:21199): 1 archive_page | Pulaski County, MO (us:county:29169): 1 research_row",,"pulaskigov.com is pinned to Pulaski County, MO, but 1 saved title(s) on it name KY (for example ""Pulaski County, KY"") and none name MO; Pulaski County, KY exists. | research_row pins pulaskigov.com to Pulaski County, MO, but 1 of 1 Archive page on this host is filed under Pulaski County, KY."
reflect-yarmouth.cablecast.tv,,high,R4 R5,2,"Yarmouth, NS (ca:cd:1202): 1 discovery_tenant | Yarmouth town, MA (us:cousub:2500182525): 1 archive_page, 1 tier3_queue",,"discovery_tenant pins reflect-yarmouth.cablecast.tv to Yarmouth, NS, but the tier3_queue entry tier3_auto_transcription_queue.txt:519 name Yarmouth town, MA; 1 of 1 Archive page on this host is filed under Yarmouth town, MA. | reflect-yarmouth.cablecast.tv is pinned to Yarmouth town, MA, but 1 saved title(s) on it name NS (for example ""Yarmouth, NS"") and none name MA; Yarmouth, NS exists. | tier3_queue pins reflect-yarmouth.cablecast.tv to Yarmouth town, MA, but the discovery_tenant entry ledger.db tenants:reflect-yarmouth.cablecast.tv name Yarmouth, NS."
santa-rosa.granicus.com,,high,R4 R5,2,"Santa Rosa County, FL (us:county:12113): 1 research_row | Santa Rosa city, CA (us:place:0670098): 4 archive_page, 1 discovery_tenant, 1 research_row, 1 tenant_overrides",,"discovery_tenant pins santa-rosa.granicus.com to Santa Rosa city, CA, but the research_row entry jurisdiction_coverage.csv:3678 name Santa Rosa County, FL. | research_row pins santa-rosa.granicus.com to Santa Rosa County, FL, but the tenant_overrides entry tenant_overrides.csv:1226 and the research_row entry jurisdiction_coverage.csv:2870 and the discovery_tenant entry ledger.db tenants:santa-rosa.granicus.com name Santa Rosa city, CA; 4 of 4 Archive pages on this host are filed under Santa Rosa city, CA. | research_row pins santa-rosa.granicus.com to Santa Rosa city, CA, but the research_row entry jurisdiction_coverage.csv:3678 name Santa Rosa County, FL. | santa-rosa.granicus.com is pinned to Santa Rosa County, FL, but 4 saved title(s) on it name CA (for example ""Santa Rosa, CA"") and none name FL; Santa Rosa city, CA exists. | tenant_overrides pins santa-rosa.granicus.com to Santa Rosa city, CA, but the research_row entry jurisdiction_coverage.csv:3678 name Santa Rosa County, FL."
sunnyside.primegov.com,,high,R4 R5,2,"Sunnyside, NL (ca:csd:1001277): 3 archive_page, 1 discovery_tenant | Sunnyside city, WA (us:place:5368750): 1 tenant_overrides",,"discovery_tenant pins sunnyside.primegov.com to Sunnyside, NL, but the tenant_overrides entry tenant_overrides.csv:1327 name Sunnyside city, WA. | sunnyside.primegov.com is pinned to Sunnyside city, WA, but 2 saved title(s) on it name NL (for example ""Sunnyside, NL"") and none name WA; Sunnyside, NL exists. | tenant_overrides pins sunnyside.primegov.com to Sunnyside city, WA, but the discovery_tenant entry ledger.db tenants:sunnyside.primegov.com name Sunnyside, NL; 3 of 3 Archive pages on this host are filed under Sunnyside, NL."
taylor.civicweb.net,,high,R1,2,"Taylor, BC (ca:csd:5955030): 1 tenant_overrides | Taylor city, MI (us:place:2679000): named by a flag only",,"taylor.civicweb.net is pinned to Taylor, BC, but cityoftaylormi.gov is pinned to Taylor city, MI (3 more pins agree)."
texarkanatexas.gov,,high,R2 R4,2,"Texarkana city, AR (us:place:0568810): 1 research_row | Texarkana city, TX (us:place:4872368): 1 research_row",,"research_row pins texarkanatexas.gov to Texarkana city, AR, but the research_row entry jurisdiction_coverage.csv:24225 name Texarkana city, TX. | research_row pins texarkanatexas.gov to Texarkana city, TX, but the research_row entry jurisdiction_coverage.csv:1680 name Texarkana city, AR. | texarkanatexas.gov is pinned to Texarkana city, AR, but the address itself names TX, and Texarkana city, TX exists."
uxbridge-ma.gov,,high,R4 R5,2,"Uxbridge, ON (ca:csd:3518029): 1 archive_page | Uxbridge town, MA (us:cousub:2502771620): 2 research_row",,"research_row pins uxbridge-ma.gov to Uxbridge town, MA, but 1 of 1 Archive page on this host is filed under Uxbridge, ON. | research_row pins www.uxbridge-ma.gov to Uxbridge town, MA, but 1 of 1 Archive page on this host is filed under Uxbridge, ON. | uxbridge-ma.gov is pinned to Uxbridge town, MA, but 1 saved title(s) on it name ON (for example ""Uxbridge, ON"") and none name MA; Uxbridge, ON exists. | www.uxbridge-ma.gov is pinned to Uxbridge town, MA, but 1 saved title(s) on it name ON (for example ""Uxbridge, ON"") and none name MA; Uxbridge, ON exists."
ventura.primegov.com,,high,R4 R5,3,"City of Ventura, CA (rtr:us:ca:ventura): named by a flag only | Ventura County, CA (us:county:06111): 3 archive_page, 1 discovery_tenant, 1 tenant_overrides | Ventura city, IA (us:place:1980580): 1 research_row",,"discovery_tenant pins ventura.primegov.com to Ventura County, CA, but the research_row entry jurisdiction_coverage.csv:7501 name Ventura city, IA. | research_row pins ventura.primegov.com to Ventura city, IA, but the tenant_overrides entry tenant_overrides.csv:1410 and the discovery_tenant entry ledger.db tenants:ventura.primegov.com name Ventura County, CA; 3 of 3 Archive pages on this host are filed under Ventura County, CA. | tenant_overrides pins ventura.primegov.com to Ventura County, CA, but the research_row entry jurisdiction_coverage.csv:7501 name Ventura city, IA. | ventura.primegov.com is pinned to Ventura city, IA, but 3 saved title(s) on it name CA (for example ""Ventura County, CA"") and none name IA; City of Ventura, CA exists."
washingtonwilkes.org,,high,R2,1,"Wilkes County, GA (us:county:13317): 1 research_row",,"washingtonwilkes.org is pinned to Wilkes County, GA, but the address itself names WA."
woodstock.escribemeetings.com,,high,R1,2,"Woodstock, ON (ca:csd:3532042): named by a flag only | Woodstock, NB (rtr:ca:nb:woodstock): 1 tenant_overrides",,"woodstock.escribemeetings.com is pinned to Woodstock, NB, but www.cityofwoodstock.ca is pinned to Woodstock, ON (1 more pins agree)."
wyandottemi.gov,,high,R4 R5,2,"Wyandotte city, MI (us:place:2688900): 1 discovery_tenant, 1 research_row, 1 tenant_overrides | Wyandotte town, OK (us:place:4082250): 1 archive_page",us:place:2688900,"discovery_tenant pins www.wyandottemi.gov to Wyandotte city, MI, but 1 of 1 Archive page on this host is filed under Wyandotte town, OK. | research_row pins wyandottemi.gov to Wyandotte city, MI, but 1 of 1 Archive page on this host is filed under Wyandotte town, OK. | tenant_overrides pins www.wyandottemi.gov to Wyandotte city, MI, but 1 of 1 Archive page on this host is filed under Wyandotte town, OK. | www.wyandottemi.gov is pinned to Wyandotte city, MI, but 1 saved title(s) on it name OK (for example ""Wyandotte town, OK"") and none name MI; Wyandotte town, OK exists. | wyandottemi.gov is pinned to Wyandotte city, MI, but 1 saved title(s) on it name OK (for example ""Wyandotte town, OK"") and none name MI; Wyandotte town, OK exists."
youtu.be,izHtAtNqIwA,high,R4 R5,2,"Uxbridge, ON (ca:csd:3518029): named by a flag only | Uxbridge town, MA (us:cousub:2502771620): 1 tenant_overrides",,"tenant_overrides pins youtu.be (izHtAtNqIwA) to Uxbridge town, MA, but 1 of 1 Archive page of this video is filed under Uxbridge, ON. | youtu.be (izHtAtNqIwA) is pinned to Uxbridge town, MA, but 1 saved title(s) on it name ON (for example ""Uxbridge, ON"") and none name MA; Uxbridge, ON exists."
youtube.com,HeEK_yE6UFc,high,R3,2,"North Miami city, FL (us:place:1249450): 1 tenant_overrides | Miami city, TX (us:place:4847988): named by a flag only",,"the channel cityofnorthmiami is pinned to Miami city, TX (tenant_overrides.csv:2357), but this video is pinned to North Miami city, FL."
youtube.com,channel=@CityofNorthMiami,high,R4,2,"North Miami city, FL (us:place:1249450): named by a flag only | Miami city, TX (us:place:4847988): 1 tenant_overrides",,"tenant_overrides pins www.youtube.com (channel=@CityofNorthMiami) to Miami city, TX, but 1 of 2 Archive pages for this channel is filed under North Miami city, FL."
youtube.com,channel=@CityofWashington,high,R1,2,"Washington city, MO (us:place:2977416): 1 tenant_overrides | Washington city, NC (us:place:3771220): named by a flag only",,"www.youtube.com (channel=@CityofWashington) is pinned to Washington city, MO, but washingtonnc.gov is pinned to Washington city, NC (4 more pins agree)."
youtube.com,channel=@DeSotoKansas,high,R2,2,"De Soto city, KS (us:place:2017850): named by a flag only | De Soto city, MO (us:place:2919252): 1 tenant_overrides",,"www.youtube.com (channel=@DeSotoKansas) is pinned to De Soto city, MO, but the address itself names KS, and De Soto city, KS exists."
youtube.com,channel=@hopewellboroughNJ,high,R2,2,"Hopewell township, NJ (us:cousub:3401133120): named by a flag only | Hopewell city, VA (us:place:5138424): 1 tenant_overrides",,"www.youtube.com (channel=@hopewellboroughNJ) is pinned to Hopewell city, VA, but the address itself names NJ, and Hopewell township, NJ exists."
youtube.com,channel=@townofgranville4545,high,R1 R4,3,"Granville town, MA (us:cousub:2501326675): named by a flag only | Granville town, NY (us:cousub:3611530037): 1 tenant_overrides | Granville village, NY (us:place:3630026): named by a flag only",,"tenant_overrides pins www.youtube.com (channel=@townofgranville4545) to Granville town, NY, but 1 of 1 Archive page for this channel is filed under Granville village, NY. | www.youtube.com (channel=@townofgranville4545) is pinned to Granville town, NY, but ma-granville.civicplus.com is pinned to Granville town, MA (3 more pins agree)."
youtube.com,channel=@townofwiggins5934,high,R1,2,"Wiggins town, CO (us:place:0884770): 1 tenant_overrides | Wiggins city, MS (us:place:2880160): named by a flag only",,"www.youtube.com (channel=@townofwiggins5934) is pinned to Wiggins town, CO, but ms-wiggins.civicplus.com is pinned to Wiggins city, MS (2 more pins agree)."
youtube.com,kGepCh07dg4,high,R4,2,"Osage County, KS (us:county:20139): named by a flag only | Osage County, MO (us:county:29151): 1 tenant_overrides",,"tenant_overrides pins www.youtube.com (kGepCh07dg4) to Osage County, MO, but 1 of 1 Archive page of this video is filed under Osage County, KS."
youtube.com,youtube:g4PAoFyp-nE,high,R4 R5,2,"Ellington town, CT (us:cousub:0911025360): 1 tenant_overrides | Ellington city, MO (us:place:2921844): named by a flag only",,"tenant_overrides pins www.youtube.com (youtube:g4PAoFyp-nE) to Ellington town, CT, but 1 of 1 Archive page of this video is filed under Ellington city, MO. | www.youtube.com (youtube:g4PAoFyp-nE) is pinned to Ellington town, CT, but 1 saved title(s) on it name MO (for example ""Ellington, MO"") and none name CT; Ellington city, MO exists."
youtube.com,youtube:izHtAtNqIwA,high,R4 R5,2,"Uxbridge, ON (ca:csd:3518029): named by a flag only | Uxbridge town, MA (us:cousub:2502771620): 1 tenant_overrides",,"tenant_overrides pins www.youtube.com (youtube:izHtAtNqIwA) to Uxbridge town, MA, but 1 of 1 Archive page of this video is filed under Uxbridge, ON. | www.youtube.com (youtube:izHtAtNqIwA) is pinned to Uxbridge town, MA, but 1 saved title(s) on it name ON (for example ""Uxbridge, ON"") and none name MA; Uxbridge, ON exists."
youtube.com,youtube:kGepCh07dg4,high,R4,2,"Osage County, KS (us:county:20139): named by a flag only | Osage County, MO (us:county:29151): 1 tenant_overrides",,"tenant_overrides pins www.youtube.com (youtube:kGepCh07dg4) to Osage County, MO, but 1 of 1 Archive page of this video is filed under Osage County, KS."
youtube.com,youtube:vXvnuqAOpCQ,high,R3 R4,2,"Sunnyside, NL (ca:csd:1001277): named by a flag only | Sunnyside city, WA (us:place:5368750): 1 tenant_overrides",,"2 of the 2 other claims on channel cityofsunnysidewa (pins and Archive pages) are in Sunnyside, NL's state, but this pin is Sunnyside city, WA. | tenant_overrides pins www.youtube.com (youtube:vXvnuqAOpCQ) to Sunnyside city, WA, but 1 of 1 Archive page of this video is filed under Sunnyside, NL."
aftoniowa.com,,medium,R4,2,"Afton city, IA (us:place:1900595): 1 research_row | Creston city, IA (us:place:1917265): 1 research_row",,"research_row pins aftoniowa.com to Afton city, IA, but the research_row entry jurisdiction_coverage.csv:6790 name Creston city, IA. | research_row pins www.aftoniowa.com to Creston city, IA, but the research_row entry jurisdiction_coverage.csv:6591 name Afton city, IA."
alabama.gov,,medium,R4,2,"Boligee town, AL (us:place:0108104): 1 research_row | Alabama, AL (us:state:01): 1 research_row",,"research_row pins alabama.gov to Alabama, AL, but the research_row entry jurisdiction_coverage.csv:51 name Boligee town, AL."
albanyca.granicus.com,,medium,R4,2,"Albany city, CA (us:place:0600674): 1 archive_page, 1 discovery_tenant, 1 research_row, 1 tenant_overrides | Albany City Unified School District, CA (us:sd:0601860): 1 archive_page",,"discovery_tenant pins albanyca.granicus.com to Albany city, CA, but 1 of 2 Archive pages on this host is filed under Albany City Unified School District, CA. | research_row pins albanyca.granicus.com to Albany city, CA, but 1 of 2 Archive pages on this host is filed under Albany City Unified School District, CA. | tenant_overrides pins albanyca.granicus.com to Albany city, CA, but 1 of 2 Archive pages on this host is filed under Albany City Unified School District, CA."
alburghvt.org,,medium,R4,2,"Alburgh town, VT (us:cousub:5001300860): 1 research_row | Alburgh village, VT (us:place:5000850): 1 research_row",,"research_row pins alburghvt.org to Alburgh town, VT, but the research_row entry jurisdiction_coverage.csv:24647 name Alburgh village, VT. | research_row pins alburghvt.org to Alburgh village, VT, but the research_row entry jurisdiction_coverage.csv:32130 name Alburgh town, VT."
allenhurstnj.org,,medium,R4,2,"Allenhurst borough, NJ (us:place:3400730): 1 research_row | Allenhurst Borough School District, NJ (us:sd:3400780): 1 research_row",,"research_row pins allenhurstnj.org to Allenhurst borough, NJ, but the research_row entry jurisdiction_coverage.csv:39619 name Allenhurst Borough School District, NJ."
antigo-city.org,,medium,R4,2,"Antigo town, WI (us:cousub:5506702275): 1 research_row | Antigo city, WI (us:place:5502250): 1 research_row",,"research_row pins antigo-city.org to Antigo city, WI, but the research_row entry jurisdiction_coverage.csv:46265 name Antigo town, WI. | research_row pins antigo-city.org to Antigo town, WI, but the research_row entry jurisdiction_coverage.csv:25581 name Antigo city, WI."
antiochtownshipil.gov,,medium,R4,2,"Antioch township, IL (us:cousub:1709701608): 1 research_row | Antioch village, IL (us:place:1701595): 1 research_row",,"research_row pins antiochtownshipil.gov to Antioch township, IL, but the research_row entry jurisdiction_coverage.csv:4685 name Antioch village, IL. | research_row pins antiochtownshipil.gov to Antioch village, IL, but the research_row entry jurisdiction_coverage.csv:29141 name Antioch township, IL."
aos92.org,,medium,R4,2,"Waterville, ME (us:sd:2313350): 1 research_row | Winslow, ME (us:sd:2313860): 1 research_row",,"research_row pins aos92.org to Waterville, ME, but the research_row entry jurisdiction_coverage.csv:36832 name Winslow, ME. | research_row pins aos92.org to Winslow, ME, but the research_row entry jurisdiction_coverage.csv:36824 name Waterville, ME."
argyle.escribemeetings.com,,medium,R1,2,"Argyle, NS (ca:csd:1202001): named by a flag only | Argyle, MB (ca:csd:4604057): 1 tenant_overrides",,"argyle.escribemeetings.com is pinned to Argyle, MB, but pub-argyle.escribemeetings.com is pinned to Argyle, NS."
armadatwp.gov,,medium,R4,2,"Armada township, MI (us:cousub:2609903540): 1 research_row | Armada village, MI (us:place:2603520): 1 research_row",,"research_row pins armadatwp.gov to Armada village, MI, but the research_row entry jurisdiction_coverage.csv:28898 name Armada township, MI. | research_row pins www.armadatwp.gov to Armada township, MI, but the research_row entry jurisdiction_coverage.csv:9674 name Armada village, MI."
az.gov,,medium,R4,3,"Pima town, AZ (us:place:0455560): 1 research_row | Thatcher town, AZ (us:place:0473420): 1 research_row | Arizona, AZ (us:state:04): 1 research_row",,"research_row pins az.gov to Pima town, AZ, but the research_row entry jurisdiction_coverage.csv:1160 name Thatcher town, AZ. | research_row pins az.gov to Pima town, AZ, but the research_row entry jurisdiction_coverage.csv:46342 name Arizona, AZ."
baldwintwpiosco.gov,,medium,R4,2,"Baldwin township, MI (us:cousub:2606904920): 1 research_row | Baldwin village, MI (us:place:2604940): 1 research_row",,"research_row pins baldwintwpiosco.gov to Baldwin village, MI, but the research_row entry jurisdiction_coverage.csv:28849 name Baldwin township, MI. | research_row pins www.baldwintwpiosco.gov to Baldwin township, MI, but the research_row entry jurisdiction_coverage.csv:9682 name Baldwin village, MI."
barnstable.cablecast.tv,,medium,R4,2,"Barnstable Town city, MA (us:place:2503690): 3 archive_page, 1 discovery_tenant, 1 research_row, 1 tenant_overrides | Barnstable School District, MA (us:sd:2502310): 1 archive_page",,"discovery_tenant pins barnstable.cablecast.tv to Barnstable Town city, MA, but 1 of 4 Archive pages on this host is filed under Barnstable School District, MA. | research_row pins barnstable.cablecast.tv to Barnstable Town city, MA, but 1 of 4 Archive pages on this host is filed under Barnstable School District, MA. | tenant_overrides pins barnstable.cablecast.tv to Barnstable Town city, MA, but 1 of 4 Archive pages on this host is filed under Barnstable School District, MA."
bathurst.escribemeetings.com,,medium,R1,2,"Bathurst, NB (ca:csd:1315011): named by a flag only | Bathurst, NB (rtr:ca:nb:bathurst): 1 tenant_overrides",,"bathurst.escribemeetings.com is pinned to Bathurst, NB, but bathurst.ca is pinned to Bathurst, NB."
beaufort.granicus.com,,medium,R4,3,"Beaufort County, SC (us:county:45013): 2 archive_page, 1 discovery_tenant | Hilton Head Island town, SC (us:place:4534045): 1 tier3_queue | Beaufort County School District, SC (us:sd:4501110): 1 archive_page",,"discovery_tenant pins beaufort.granicus.com to Beaufort County, SC, but 1 of 3 Archive pages on this host is filed under Beaufort County School District, SC."
bentontwp.org,,medium,R4,2,"Benton township, MI (us:cousub:2603107420): 1 research_row | Benton township, OH (us:cousub:3912305620): 1 research_row",,"research_row pins bentontwp.org to Benton township, OH, but the research_row entry jurisdiction_coverage.csv:28282 name Benton township, MI. | research_row pins www.bentontwp.org to Benton township, MI, but the research_row entry jurisdiction_coverage.csv:31826 name Benton township, OH."
blissfield.civicweb.net,,medium,R1,2,"Blissfield, NB (ca:csd:1309021): 1 tenant_overrides | Blissfield township, MI (us:cousub:2609109020): named by a flag only",,"blissfield.civicweb.net is pinned to Blissfield, NB, but www.blissfieldtownship.com is pinned to Blissfield township, MI."
bluelaketwpkalkaska.org,,medium,R4,2,"Bear Lake township, MI (us:cousub:2607906440): 1 research_row | Blue Lake township, MI (us:cousub:2607909320): 1 research_row",,"research_row pins bluelaketwpkalkaska.org to Bear Lake township, MI, but the research_row entry jurisdiction_coverage.csv:31338 name Blue Lake township, MI. | research_row pins www.bluelaketwpkalkaska.org to Blue Lake township, MI, but the research_row entry jurisdiction_coverage.csv:28865 name Bear Lake township, MI."
bowlinggreen-mo.gov,,medium,R4,2,"Bowling Green city, MO (us:place:2907660): 1 research_row | Green City city, MO (us:place:2929134): 1 research_row",,"research_row pins bowlinggreen-mo.gov to Bowling Green city, MO, but the research_row entry jurisdiction_coverage.csv:11850 name Green City city, MO. | research_row pins bowlinggreen-mo.gov to Green City city, MO, but the research_row entry jurisdiction_coverage.csv:11573 name Bowling Green city, MO."
burbank.granicus.com,,medium,R4,2,"Burbank city, CA (us:place:0608954): 3 archive_page, 1 discovery_tenant, 1 research_row, 1 tenant_overrides | Burbank Unified School District, CA (us:sd:0606450): 1 archive_page",,"discovery_tenant pins burbank.granicus.com to Burbank city, CA, but 1 of 4 Archive pages on this host is filed under Burbank Unified School District, CA. | research_row pins burbank.granicus.com to Burbank city, CA, but 1 of 4 Archive pages on this host is filed under Burbank Unified School District, CA. | tenant_overrides pins burbank.granicus.com to Burbank city, CA, but 1 of 4 Archive pages on this host is filed under Burbank Unified School District, CA."
byrontwpmi.gov,,medium,R4,2,"Byron township, MI (us:cousub:2608112240): 1 research_row | Byron village, MI (us:place:2612260): 1 research_row",,"research_row pins byrontwpmi.gov to Byron village, MI, but the research_row entry jurisdiction_coverage.csv:28868 name Byron township, MI. | research_row pins www.byrontwpmi.gov to Byron township, MI, but the research_row entry jurisdiction_coverage.csv:9729 name Byron village, MI."
camas.new.swagit.com,,medium,R4,2,"Camas city, WA (us:place:5309480): 1 research_row | Camas School District, WA (us:sd:5300810): 1 archive_page, 1 discovery_tenant, 1 tenant_overrides",,"research_row pins camas.new.swagit.com to Camas city, WA, but the tenant_overrides entry tenant_overrides.csv:5781 and the discovery_tenant entry ledger.db tenants:camas.new.swagit.com name Camas School District, WA; 1 of 1 Archive page on this host is filed under Camas School District, WA."
caney.com,,medium,R4,2,"Caney city, KS (us:place:2010375): 1 research_row | Caney Valley Unified School District 436, KS (us:sd:2004410): 1 research_row",,"research_row pins caney.com to Caney city, KS, but the research_row entry jurisdiction_coverage.csv:36172 name Caney Valley Unified School District 436, KS."
casnoviatownshipmi.gov,,medium,R4,2,"Casnovia township, MI (us:cousub:2612113840): 2 research_row | Casnovia village, MI (us:place:2613820): 1 research_row",,"research_row pins casnoviatownshipmi.gov to Casnovia township, MI, but the research_row entry jurisdiction_coverage.csv:9741 name Casnovia village, MI. | research_row pins casnoviatownshipmi.gov to Casnovia village, MI, but 2 research_row entries (e.g. jurisdiction_coverage.csv:28925) name Casnovia township, MI. | research_row pins www.casnoviatownshipmi.gov to Casnovia township, MI, but the research_row entry jurisdiction_coverage.csv:9741 name Casnovia village, MI."
castileny.com,,medium,R4,2,"Castile town, NY (us:cousub:3612112782): 1 research_row | Castile village, NY (us:place:3612771): 1 research_row",,"research_row pins castileny.com to Castile town, NY, but the research_row entry jurisdiction_coverage.csv:14052 name Castile village, NY. | research_row pins castileny.com to Castile village, NY, but the research_row entry jurisdiction_coverage.csv:31701 name Castile town, NY."
centrallaketownshipmi.gov,,medium,R4,2,"Central Lake township, MI (us:cousub:2600914420): 1 research_row | Central Lake village, MI (us:place:2614400): 1 research_row",,"research_row pins centrallaketownshipmi.gov to Central Lake township, MI, but the research_row entry jurisdiction_coverage.csv:9749 name Central Lake village, MI. | research_row pins centrallaketownshipmi.gov to Central Lake village, MI, but the research_row entry jurisdiction_coverage.csv:28766 name Central Lake township, MI."
charlotteny.gov,,medium,R4,2,"Charlotte town, NY (us:cousub:3601313860): 1 research_row | Sinclairville village, NY (us:place:3667488): 1 research_row",,"research_row pins charlotteny.gov to Charlotte town, NY, but the research_row entry jurisdiction_coverage.csv:14507 name Sinclairville village, NY."
chesapeake.granicus.com,,medium,R4,2,"Chesapeake city, VA (us:place:5116000): 1 archive_page, 1 discovery_tenant, 1 research_row | Chesapeake City Public Schools, VA (us:sd:5100810): 1 archive_page",,"discovery_tenant pins chesapeake.granicus.com to Chesapeake city, VA, but 1 of 2 Archive pages on this host is filed under Chesapeake City Public Schools, VA. | research_row pins chesapeake.granicus.com to Chesapeake city, VA, but 1 of 2 Archive pages on this host is filed under Chesapeake City Public Schools, VA."
chippewatwp.org,,medium,R4,2,"Chippewa township, MI (us:cousub:2610715600): 1 research_row | Chippewa township, PA (us:cousub:4200713488): 1 research_row",,"research_row pins chippewatwp.org to Chippewa township, PA, but the research_row entry jurisdiction_coverage.csv:28910 name Chippewa township, MI. | research_row pins www.chippewatwp.org to Chippewa township, MI, but the research_row entry jurisdiction_coverage.csv:29211 name Chippewa township, PA."
citrusclerk.portal.civicclerk.com,,medium,R4,3,"Citrus County, FL (us:county:12017): 4 archive_page, 1 discovery_tenant | Crystal River city, FL (us:place:1215775): 1 research_row | Inverness city, FL (us:place:1233950): 1 archive_page, 1 research_row",,"research_row pins citrusclerk.portal.civicclerk.com to Inverness city, FL, but the research_row entry jurisdiction_coverage.csv:3422 name Crystal River city, FL."
citydirectory.us,,medium,R4,2,"Cary town, MS (us:place:2811820): 1 research_row | Nickelsville town, VA (us:place:5156304): 1 research_row",,"research_row pins citydirectory.us to Cary town, MS, but the research_row entry jurisdiction_coverage.csv:24891 name Nickelsville town, VA."
cityofberkeley.info,,medium,R4,2,"Berkeley city, CA (us:place:0606000): 1 research_row | Huron city, CA (us:place:0636084): 1 research_row",,"research_row pins cityofberkeley.info to Berkeley city, CA, but the research_row entry jurisdiction_coverage.csv:2653 name Huron city, CA. | research_row pins cityofberkeley.info to Huron city, CA, but the research_row entry jurisdiction_coverage.csv:2512 name Berkeley city, CA."
cityofconcord.org,,medium,R4,2,"Concord city, CA (us:place:0616000): 1 research_row | Concord city, NH (us:place:3314200): 1 research_row",,"research_row pins cityofconcord.org to Concord city, CA, but the research_row entry jurisdiction_coverage.csv:13518 name Concord city, NH. | research_row pins cityofconcord.org to Concord city, NH, but the research_row entry jurisdiction_coverage.csv:2559 name Concord city, CA."
cityofdekalb.com,,medium,R4,2,"DeKalb city, IL (us:place:1719161): 1 research_row | De Kalb city, TX (us:place:4819648): 1 research_row",,"research_row pins cityofdekalb.com to De Kalb city, TX, but the research_row entry jurisdiction_coverage.csv:4956 name DeKalb city, IL. | research_row pins cityofdekalb.com to DeKalb city, IL, but the research_row entry jurisdiction_coverage.csv:23300 name De Kalb city, TX."
cityofdublin.org,,medium,R4,2,"Dublin city, GA (us:place:1324376): 1 research_row | Lyndon city, KY (us:place:2148558): 1 research_row",,"research_row pins cityofdublin.org to Dublin city, GA, but the research_row entry jurisdiction_coverage.csv:8566 name Lyndon city, KY. | research_row pins cityofdublin.org to Lyndon city, KY, but the research_row entry jurisdiction_coverage.csv:3953 name Dublin city, GA."
cityofkingsville.com,,medium,R4,2,"Kingsville city, MO (us:place:2938918): 1 research_row | Kingsville city, TX (us:place:4839352): 1 research_row",,"research_row pins cityofkingsville.com to Kingsville city, MO, but the research_row entry jurisdiction_coverage.csv:23651 name Kingsville city, TX. | research_row pins cityofkingsville.com to Kingsville city, TX, but the research_row entry jurisdiction_coverage.csv:11963 name Kingsville city, MO."
cityofnorthbattleford.civicweb.net,,medium,R1,2,"North Battleford, SK (ca:csd:4716029): named by a flag only | North Battleford, SK (rtr:ca:sk:north-battleford): 1 tenant_overrides",,"cityofnorthbattleford.civicweb.net is pinned to North Battleford, SK, but pub-northbattleford.escribemeetings.com is pinned to North Battleford, SK (1 more pins agree)."
cityofoakgrove.com,,medium,R4,2,"Oak Grove city, MO (us:place:2953624): 2 archive_page, 1 discovery_tenant, 1 research_row, 1 tenant_overrides | Oak Grove Village village, MO (us:place:2953650): 1 research_row",,"discovery_tenant pins cityofoakgrove.com to Oak Grove city, MO, but the research_row entry jurisdiction_coverage.csv:12159 name Oak Grove Village village, MO. | research_row pins cityofoakgrove.com to Oak Grove Village village, MO, but the tenant_overrides entry tenant_overrides.csv:257 and the research_row entry jurisdiction_coverage.csv:30510 and the discovery_tenant entry ledger.db tenants:cityofoakgrove.com name Oak Grove city, MO; 2 of 2 Archive pages on this host are filed under Oak Grove city, MO. | research_row pins cityofoakgrove.com to Oak Grove city, MO, but the research_row entry jurisdiction_coverage.csv:12159 name Oak Grove Village village, MO. | tenant_overrides pins cityofoakgrove.com to Oak Grove city, MO, but the research_row entry jurisdiction_coverage.csv:12159 name Oak Grove Village village, MO."
cityofpg.com,,medium,R4,2,"Pleasant Grove city, AL (us:place:0161008): 1 research_row | Pleasant Groves town, AL (us:place:0161038): 1 research_row",,"research_row pins cityofpg.com to Pleasant Grove city, AL, but the research_row entry jurisdiction_coverage.csv:373 name Pleasant Groves town, AL."
cityofportsmouth.com,,medium,R4,2,"Portsmouth city, NH (us:place:3362900): 1 research_row | Portsmouth School District, NH (us:sd:3305820): 1 research_row",,"research_row pins cityofportsmouth.com to Portsmouth city, NH, but the research_row entry jurisdiction_coverage.csv:39569 name Portsmouth School District, NH."
cityofrainier.com,,medium,R4,2,"Rainier city, OR (us:place:4160850): 1 research_row | Rainier city, WA (us:place:5357220): 1 research_row",,"research_row pins cityofrainier.com to Rainier city, OR, but the research_row entry jurisdiction_coverage.csv:31068 name Rainier city, WA. | research_row pins cityofrainier.com to Rainier city, WA, but the research_row entry jurisdiction_coverage.csv:18426 name Rainier city, OR."
cityofstamford.granicus.com,,medium,R4,2,"Stamford city, CT (us:place:0973000): 3 archive_page, 1 discovery_tenant, 1 research_row | Stamford School District, CT (us:sd:0904320): 1 tier3_queue",,"discovery_tenant pins cityofstamford.granicus.com to Stamford city, CT, but the tier3_queue entry tier3_auto_transcription_queue.txt:990 name Stamford School District, CT. | research_row pins cityofstamford.granicus.com to Stamford city, CT, but the tier3_queue entry tier3_auto_transcription_queue.txt:990 name Stamford School District, CT."
cityofwindsormo.com,,medium,R4,2,"Windsor township, MO (us:cousub:2908380368): 1 research_row | Windsor city, MO (us:place:2980350): 1 research_row",,"research_row pins cityofwindsormo.com to Windsor city, MO, but the research_row entry jurisdiction_coverage.csv:31637 name Windsor township, MO. | research_row pins cityofwindsormo.com to Windsor township, MO, but the research_row entry jurisdiction_coverage.csv:30528 name Windsor city, MO."
clarksvilletx.com,,medium,R4,2,"Clarksville city, TX (us:place:4815160): 1 research_row | Clarksville City city, TX (us:place:4815172): 1 research_row",,"research_row pins clarksvilletx.com to Clarksville City city, TX, but the research_row entry jurisdiction_coverage.csv:30941 name Clarksville city, TX. | research_row pins clarksvilletx.com to Clarksville city, TX, but the research_row entry jurisdiction_coverage.csv:31365 name Clarksville City city, TX."
clearcreektownship.com,,medium,R4,2,"Clearcreek township, OH (us:cousub:3904515686): 1 research_row | Clear Creek township, OH (us:cousub:3916515700): 1 research_row",,"research_row pins clearcreektownship.com to Clear Creek township, OH, but the research_row entry jurisdiction_coverage.csv:29476 name Clearcreek township, OH."
clearwater.granicus.com,,medium,R4,2,"Clearwater city, FL (us:place:1212875): 1 archive_page, 1 discovery_tenant, 1 tenant_overrides | New Port Richey city, FL (us:place:1248500): 1 research_row",,"discovery_tenant pins clearwater.granicus.com to Clearwater city, FL, but the research_row entry jurisdiction_coverage.csv:31351 name New Port Richey city, FL. | research_row pins clearwater.granicus.com to New Port Richey city, FL, but the tenant_overrides entry tenant_overrides.csv:286 and the discovery_tenant entry ledger.db tenants:clearwater.granicus.com name Clearwater city, FL; 1 of 1 Archive page on this host is filed under Clearwater city, FL. | tenant_overrides pins clearwater.granicus.com to Clearwater city, FL, but the research_row entry jurisdiction_coverage.csv:31351 name New Port Richey city, FL."
clintondcny.gov,,medium,R4,2,"Clinton town, NY (us:cousub:3602716408): 1 research_row | Clinton village, NY (us:place:3616419): 1 research_row",,"research_row pins clintondcny.gov to Clinton town, NY, but the research_row entry jurisdiction_coverage.csv:14084 name Clinton village, NY. | research_row pins www.clintondcny.gov to Clinton village, NY, but the research_row entry jurisdiction_coverage.csv:31711 name Clinton town, NY."
cloud.castus.tv,/vod/city-of-marathon/,medium,R5,2,"Marathon County, WI (us:county:55073): named by a flag only | Marathon city, FL (us:place:1243000): 1 tenant_overrides",,"cloud.castus.tv (/vod/city-of-marathon/) is pinned to Marathon city, FL, but 1 saved title(s) on it name WI (for example ""City Of Marathon, WI"") and none name FL; Marathon County, WI exists."
cloud.castus.tv,vod/weston/video/6a9884618f04390002ee839d?page=HOME,medium,R5,2,"Weston County, WY (us:county:56045): named by a flag only | Weston town, MA (us:cousub:2501777255): 1 tenant_overrides",,"cloud.castus.tv (vod/weston/video/6a9884618f04390002ee839) is pinned to Weston town, MA, but 1 saved title(s) on it name WY (for example ""Weston, WY"") and none name MA; Weston County, WY exists."
colfaxtwp.org,,medium,R4,2,"Colfax township, MI (us:cousub:2601917120): 1 research_row | Colfax township, MI (us:cousub:2610717160): 1 research_row",,"research_row pins colfaxtwp.org to Colfax township, MI, but the research_row entry jurisdiction_coverage.csv:28238 name Colfax township, MI. | research_row pins www.colfaxtwp.org to Colfax township, MI, but the research_row entry jurisdiction_coverage.csv:28542 name Colfax township, MI."
coloradoga.granicus.com,,medium,R2,2,"Colorado, GA (rtr:us:ga:colorado): named by a flag only | Colorado, CO (us:state:08): 2 archive_page, 1 discovery_tenant, 1 tenant_overrides",us:state:08,"coloradoga.granicus.com is pinned to Colorado, CO, but the address itself names GA, and Colorado, GA exists."
county.arkansas.gov,,medium,R4,2,"Greene County, AR (us:county:05055): 1 research_row | Lincoln County, AR (us:county:05079): 1 research_row",,"research_row pins county.arkansas.gov to Greene County, AR, but the research_row entry jurisdiction_coverage.csv:1482 name Lincoln County, AR. | research_row pins county.arkansas.gov to Lincoln County, AR, but the research_row entry jurisdiction_coverage.csv:1387 name Greene County, AR."
countyofbranch.com,,medium,R4,3,"Branch County, MI (us:county:26023): 1 research_row | Sherwood township, MI (us:cousub:2602373440): 1 research_row | Union township, MI (us:cousub:2602381280): 1 research_row",,"research_row pins countyofbranch.com to Union township, MI, but the research_row entry jurisdiction_coverage.csv:28793 name Sherwood township, MI. | research_row pins www.countyofbranch.com to Sherwood township, MI, but the research_row entry jurisdiction_coverage.csv:45735 name Union township, MI."
cubany.org,,medium,R4,2,"Cuba town, NY (us:cousub:3600319367): 1 research_row | Cuba village, NY (us:place:3619356): 1 research_row",,"research_row pins cubany.org to Cuba town, NY, but the research_row entry jurisdiction_coverage.csv:14106 name Cuba village, NY. | research_row pins cubany.org to Cuba village, NY, but the research_row entry jurisdiction_coverage.csv:31718 name Cuba town, NY."
darientownwi.gov,,medium,R4,2,"Darien town, WI (us:cousub:5512718850): 1 research_row | Darien village, WI (us:place:5518825): 1 research_row",,"research_row pins darientownwi.gov to Darien town, WI, but the research_row entry jurisdiction_coverage.csv:25707 name Darien village, WI. | research_row pins darientownwi.gov to Darien village, WI, but the research_row entry jurisdiction_coverage.csv:29736 name Darien town, WI."
davis.granicus.com,,medium,R4,2,"Davis city, CA (us:place:0618100): 1 archive_page, 1 discovery_tenant | Davis Joint Unified School District, CA (us:sd:0610620): 3 archive_page",,"discovery_tenant pins davis.granicus.com to Davis city, CA, but 3 of 4 Archive pages on this host are filed under Davis Joint Unified School District, CA."
davisontwp-mi.gov,,medium,R4,2,"Davison township, MI (us:cousub:2604919900): 1 research_row | Davison city, MI (us:place:2619880): 1 research_row",,"research_row pins davisontwp-mi.gov to Davison city, MI, but the research_row entry jurisdiction_coverage.csv:28824 name Davison township, MI. | research_row pins davisontwp-mi.gov to Davison township, MI, but the research_row entry jurisdiction_coverage.csv:9787 name Davison city, MI."
dc.gov,,medium,R4,3,"District of Columbia, DC (us:county:11001): 1 research_row | Washington city, DC (us:place:1150000): 1 research_row | District of Columbia, DC (us:state:11): 1 research_row",,"research_row pins dc.gov to District of Columbia, DC, but the research_row entry jurisdiction_coverage.csv:29820 name District of Columbia, DC. | research_row pins dc.gov to District of Columbia, DC, but the research_row entry jurisdiction_coverage.csv:3343 name Washington city, DC. | research_row pins dc.gov to Washington city, DC, but the research_row entry jurisdiction_coverage.csv:46638 name District of Columbia, DC."
derbyvt.org,,medium,R4,2,"Derby town, VT (us:cousub:5001917350): 1 research_row | Derby Line village, VT (us:place:5017500): 1 research_row",,"research_row pins derbyvt.org to Derby town, VT, but the research_row entry jurisdiction_coverage.csv:24656 name Derby Line village, VT."
dixon-ca.granicus.com,,medium,R4,2,"Dixon city, CA (us:place:0619402): 1 archive_page, 1 discovery_tenant, 1 tenant_overrides | Dixon Unified School District, CA (us:sd:0611280): 1 archive_page",us:place:0619402,"discovery_tenant pins dixon-ca.granicus.com to Dixon city, CA, but 1 of 2 Archive pages on this host is filed under Dixon Unified School District, CA. | tenant_overrides pins dixon-ca.granicus.com to Dixon city, CA, but 1 of 2 Archive pages on this host is filed under Dixon Unified School District, CA."
doylestownpa.iqm2.com,,medium,R4,2,"Doylestown township, PA (us:cousub:4201719792): 2 archive_page, 1 discovery_tenant | Doylestown borough, PA (us:place:4219784): 1 research_row",,"discovery_tenant pins doylestownpa.iqm2.com to Doylestown township, PA, but the research_row entry jurisdiction_coverage.csv:18751 name Doylestown borough, PA. | research_row pins doylestownpa.iqm2.com to Doylestown borough, PA, but the discovery_tenant entry ledger.db tenants:doylestownpa.iqm2.com name Doylestown township, PA; 2 of 2 Archive pages on this host are filed under Doylestown township, PA."
dropbox.com,,medium,R5,9,"Ingham County, MI (us:county:26065): 1 archive_page | Campbell County, VA (us:county:51031): 2 tier3_queue | Middlebury town, CT (us:cousub:0914046940): 1 archive_page | Rogers township, MI (us:cousub:2614169240): named by a flag only | Rogers city, AR (us:place:0560410): 1 tier3_queue | Cuyahoga Falls city, OH (us:place:3919778): 1 tier3_queue | Enterprise city, OR (us:place:4123500): 1 archive_page | Jacksonville city, OR (us:place:4137000): 1 archive_page | Sheldon Independent School District, TX (us:sd:4839990): 1 archive_page",,"www.dropbox.com is pinned to Rogers city, AR, but 1 saved title(s) on it name MI (for example ""Ingham County, MI"") and none name AR; Rogers township, MI exists."
eagletownshipmi.gov,,medium,R4,2,"Eagle township, MI (us:cousub:2603723580): 1 research_row | Eagle village, MI (us:place:2623560): 1 research_row",,"research_row pins eagletownshipmi.gov to Eagle village, MI, but the research_row entry jurisdiction_coverage.csv:28814 name Eagle township, MI. | research_row pins www.eagletownshipmi.gov to Eagle township, MI, but the research_row entry jurisdiction_coverage.csv:9804 name Eagle village, MI."
early.k12.ga.us,,medium,R4,2,"Early County, GA (us:county:13099): 1 research_row | Early County School District, GA (us:sd:1301920): 1 research_row",,"research_row pins early.k12.ga.us to Early County, GA, but the research_row entry jurisdiction_coverage.csv:34401 name Early County School District, GA."
eastgrandschool.org,,medium,R4,2,"Orient, ME (us:sd:2309240): 1 research_row | School Administrative District 14, ME (us:sd:2310680): 1 research_row",,"research_row pins eastgrandschool.org to Orient, ME, but the research_row entry jurisdiction_coverage.csv:36781 name School Administrative District 14, ME."
eastonmcwi.gov,,medium,R4,2,"Easton town, WI (us:cousub:5500122000): 1 research_row | Easton town, WI (us:cousub:5507322025): 1 research_row",,"research_row pins eastonmcwi.gov to Easton town, WI, but the research_row entry jurisdiction_coverage.csv:27634 name Easton town, WI. | research_row pins eastonmcwi.gov to Easton town, WI, but the research_row entry jurisdiction_coverage.csv:29644 name Easton town, WI."
ellicottvillegov.com,,medium,R4,2,"Ellicottville town, NY (us:cousub:3600924031): 1 research_row | Ellicottville village, NY (us:place:3624020): 1 research_row",,"research_row pins ellicottvillegov.com to Ellicottville town, NY, but the research_row entry jurisdiction_coverage.csv:14138 name Ellicottville village, NY. | research_row pins ellicottvillegov.com to Ellicottville village, NY, but the research_row entry jurisdiction_coverage.csv:31728 name Ellicottville town, NY."
emmetttownship-stclair.org,,medium,R4,2,"Emmett township, MI (us:cousub:2614725960): 1 research_row | Emmett village, MI (us:place:2625940): 1 research_row",,"research_row pins emmetttownship-stclair.org to Emmett village, MI, but the research_row entry jurisdiction_coverage.csv:28975 name Emmett township, MI. | research_row pins www.emmetttownship-stclair.org to Emmett township, MI, but the research_row entry jurisdiction_coverage.csv:9821 name Emmett village, MI."
enfieldct.portal.civicclerk.com,,medium,R4,2,"Enfield town, CT (us:cousub:0911025990): 2 archive_page, 1 discovery_tenant | Enfield School District, CT (us:sd:0901470): 1 archive_page",,"discovery_tenant pins enfieldct.portal.civicclerk.com to Enfield town, CT, but 1 of 3 Archive pages on this host is filed under Enfield School District, CT."
farmingtonwaup.gov,,medium,R4,2,"Farmington town, WI (us:cousub:5505525300): 1 research_row | Farmington town, WI (us:cousub:5513525400): 1 research_row",,"research_row pins farmingtonwaup.gov to Farmington town, WI, but the research_row entry jurisdiction_coverage.csv:27302 name Farmington town, WI. | research_row pins farmingtonwaup.gov to Farmington town, WI, but the research_row entry jurisdiction_coverage.csv:29762 name Farmington town, WI."
fifelaketwp.com,,medium,R4,2,"Fife Lake township, MI (us:cousub:2605528020): 1 research_row | Fife Lake village, MI (us:place:2628000): 1 research_row",,"research_row pins fifelaketwp.com to Fife Lake village, MI, but the research_row entry jurisdiction_coverage.csv:28830 name Fife Lake township, MI. | research_row pins www.fifelaketwp.com to Fife Lake township, MI, but the research_row entry jurisdiction_coverage.csv:9832 name Fife Lake village, MI."
fishkilltownny.iqm2.com,,medium,R4,2,"Fishkill town, NY (us:cousub:3602725978): 3 archive_page, 1 discovery_tenant, 1 research_row, 1 tenant_overrides, 1 tier3_deferred, 1 tier3_queue | Fishkill village, NY (us:place:3625967): 1 research_row",,"discovery_tenant pins fishkilltownny.iqm2.com to Fishkill town, NY, but the research_row entry jurisdiction_coverage.csv:14155 name Fishkill village, NY. | research_row pins fishkilltownny.iqm2.com to Fishkill town, NY, but the research_row entry jurisdiction_coverage.csv:14155 name Fishkill village, NY. | research_row pins fishkilltownny.iqm2.com to Fishkill village, NY, but the tenant_overrides entry tenant_overrides.csv:440 and the tier3_queue entry tier3_auto_transcription_queue.txt:364 and the tier3_deferred entry tier3_long_meetings_deferred.txt:128 and the research_row entry jurisdiction_coverage.csv:46938 and the discovery_tenant entry ledger.db tenants:fishkilltownny.iqm2.com name Fishkill town, NY; 3 of 3 Archive pages on this host are filed under Fishkill town, NY. | tenant_overrides pins fishkilltownny.iqm2.com to Fishkill town, NY, but the research_row entry jurisdiction_coverage.csv:14155 name Fishkill village, NY. | tier3_deferred pins fishkilltownny.iqm2.com to Fishkill"
flatrockmi.org,,medium,R2 R4,2,"Flat Rock village, IL (us:place:1726350): 1 research_row | Flat Rock city, MI (us:place:2628360): 1 research_row",,"flatrockmi.org is pinned to Flat Rock village, IL, but the address itself names MI, and Flat Rock city, MI exists. | research_row pins flatrockmi.org to Flat Rock city, MI, but the research_row entry jurisdiction_coverage.csv:5057 name Flat Rock village, IL. | research_row pins flatrockmi.org to Flat Rock village, IL, but the research_row entry jurisdiction_coverage.csv:30389 name Flat Rock city, MI."
franklinpa.gov,,medium,R4,3,"Franklin County, PA (us:county:42055): 1 research_row | Franklin borough, PA (us:place:4227360): 1 research_row | Franklin city, PA (us:place:4227456): 1 research_row, 1 tenant_overrides",,"research_row pins franklinpa.gov to Franklin borough, PA, but the tenant_overrides entry tenant_overrides.csv:5777 and the research_row entry jurisdiction_coverage.csv:31461 name Franklin city, PA. | research_row pins franklinpa.gov to Franklin city, PA, but the research_row entry jurisdiction_coverage.csv:18848 name Franklin borough, PA. | tenant_overrides pins franklinpa.gov to Franklin city, PA, but the research_row entry jurisdiction_coverage.csv:18848 name Franklin borough, PA."
freedomsaukwi.gov,,medium,R4,2,"Freedom town, WI (us:cousub:5504127600): 1 research_row | Freedom town, WI (us:cousub:5511127675): 1 research_row",,"research_row pins freedomsaukwi.gov to Freedom town, WI, but the research_row entry jurisdiction_coverage.csv:26922 name Freedom town, WI. | research_row pins freedomsaukwi.gov to Freedom town, WI, but the research_row entry jurisdiction_coverage.csv:29710 name Freedom town, WI."
frenchtwpmn.gov,,medium,R4,2,"French township, MN (us:cousub:2713722724): 1 research_row | French Lake township, MN (us:cousub:2717122760): 1 research_row",,"research_row pins frenchtwpmn.gov to French township, MN, but the research_row entry jurisdiction_coverage.csv:27421 name French Lake township, MN."
galenaalaska.org,,medium,R4,2,"Galena city, AK (us:place:0227530): 1 research_row | Galena City School District, AK (us:sd:0200130): 1 research_row",,"research_row pins galenaalaska.org to Galena city, AK, but the research_row entry jurisdiction_coverage.csv:32446 name Galena City School District, AK."
geocities.com,,medium,R4,2,"Saunemin village, IL (us:place:1767795): 1 research_row | Clarks Hill town, IN (us:place:1812898): 1 research_row",,"research_row pins geocities.com to Saunemin village, IL, but the research_row entry jurisdiction_coverage.csv:6064 name Clarks Hill town, IN."
grasslakect.com,,medium,R2,1,"Grass Lake charter township, MI (us:cousub:2607534500): 1 research_row",,"www.grasslakect.com is pinned to Grass Lake charter township, MI, but the address itself names CT."
greenwoodtownshipil.gov,,medium,R4,2,"Greenwood township, IL (us:cousub:1711131680): 1 research_row | Greenwood village, IL (us:place:1731667): 1 research_row",,"research_row pins greenwoodtownshipil.gov to Greenwood township, IL, but the research_row entry jurisdiction_coverage.csv:5130 name Greenwood village, IL. | research_row pins greenwoodtownshipil.gov to Greenwood village, IL, but the research_row entry jurisdiction_coverage.csv:31450 name Greenwood township, IL."
hamiltonnj.com,,medium,R4,2,"Hamilton township, NJ (us:cousub:3400129280): 1 research_row | Hamilton township, NJ (us:cousub:3402129310): 1 research_row",,"research_row pins hamiltonnj.com to Hamilton township, NJ, but the research_row entry jurisdiction_coverage.csv:26771 name Hamilton township, NJ. | research_row pins www.hamiltonnj.com to Hamilton township, NJ, but the research_row entry jurisdiction_coverage.csv:31668 name Hamilton township, NJ."
hannibalny.org,,medium,R4,2,"Hannibal town, NY (us:cousub:3607532028): 1 research_row | Hannibal village, NY (us:place:3632017): 1 research_row",,"research_row pins hannibalny.org to Hannibal town, NY, but the research_row entry jurisdiction_coverage.csv:14208 name Hannibal village, NY. | research_row pins hannibalny.org to Hannibal village, NY, but the research_row entry jurisdiction_coverage.csv:31741 name Hannibal town, NY."
hanovercova.portal.civicclerk.com,,medium,R4,2,"Hanover County, VA (us:county:51085): 2 archive_page, 1 discovery_tenant | Hanover County Public Schools, VA (us:sd:5101830): 1 archive_page",,"discovery_tenant pins hanovercova.portal.civicclerk.com to Hanover County, VA, but 1 of 3 Archive pages on this host is filed under Hanover County Public Schools, VA."
hastingsonhudsonny.new.swagit.com,,medium,R4,2,"Hastings-on-Hudson village, NY (us:place:3632710): 1 research_row | Hudson city, NY (us:place:3635969): 2 archive_page, 1 discovery_tenant, 1 research_row",,"discovery_tenant pins hastingsonhudsonny.new.swagit.com to Hudson city, NY, but the research_row entry jurisdiction_coverage.csv:14211 name Hastings-on-Hudson village, NY. | research_row pins hastingsonhudsonny.new.swagit.com to Hudson city, NY, but the research_row entry jurisdiction_coverage.csv:14211 name Hastings-on-Hudson village, NY."
hernandoschools.granicus.com,,medium,R4,2,"Hernando County, FL (us:county:12053): 1 research_row | Hernando County School District, FL (us:sd:1200810): 2 archive_page, 1 discovery_tenant",,"research_row pins hernandoschools.granicus.com to Hernando County, FL, but the discovery_tenant entry ledger.db tenants:hernandoschools.granicus.com name Hernando County School District, FL; 2 of 2 Archive pages on this host are filed under Hernando County School District, FL."
highlandparkmi.gov,,medium,R4,2,"Highland township, MI (us:cousub:2613338100): 1 research_row | Highland Park city, MI (us:place:2638180): 1 research_row",,"research_row pins highlandparkmi.gov to Highland Park city, MI, but the research_row entry jurisdiction_coverage.csv:31316 name Highland township, MI. | research_row pins highlandparkmi.gov to Highland township, MI, but the research_row entry jurisdiction_coverage.csv:9885 name Highland Park city, MI."
highlands-ny.gov,,medium,R4,2,"Highlands town, NY (us:cousub:3607134550): 1 research_row | Highland Falls village, NY (us:place:3634495): 1 research_row",,"research_row pins highlands-ny.gov to Highlands town, NY, but the research_row entry jurisdiction_coverage.csv:14221 name Highland Falls village, NY."
hillcity-mn.com,,medium,R4,2,"Hill City city, MN (us:place:2729096): 1 research_row | Hills city, MN (us:place:2729204): 1 research_row",,"research_row pins hillcity-mn.com to Hill City city, MN, but the research_row entry jurisdiction_coverage.csv:10588 name Hills city, MN. | research_row pins hillcity-mn.com to Hills city, MN, but the research_row entry jurisdiction_coverage.csv:10586 name Hill City city, MN."
hillsdalecounty.info,,medium,R4,3,"Adams township, MI (us:cousub:2605900300): 1 research_row | Amboy township, MI (us:cousub:2605902020): 1 research_row | Jefferson township, MI (us:cousub:2605941620): 1 research_row",,"research_row pins www.hillsdalecounty.info to Adams township, MI, but the research_row entry jurisdiction_coverage.csv:28381 name Amboy township, MI. | research_row pins www.hillsdalecounty.info to Adams township, MI, but the research_row entry jurisdiction_coverage.csv:28382 name Jefferson township, MI. | research_row pins www.hillsdalecounty.info to Amboy township, MI, but the research_row entry jurisdiction_coverage.csv:28380 name Adams township, MI. | research_row pins www.hillsdalecounty.info to Amboy township, MI, but the research_row entry jurisdiction_coverage.csv:28382 name Jefferson township, MI. | research_row pins www.hillsdalecounty.info to Jefferson township, MI, but the research_row entry jurisdiction_coverage.csv:28380 name Adams township, MI. | research_row pins www.hillsdalecounty.info to Jefferson township, MI, but the research_row entry jurisdiction_coverage.csv:28381 name Amboy township, MI."
hillside-il.org,,medium,R4,2,"Hillsdale village, IL (us:place:1735073): 1 research_row | Hillside village, IL (us:place:1735086): 1 research_row",,"research_row pins hillside-il.org to Hillsdale village, IL, but the research_row entry jurisdiction_coverage.csv:5180 name Hillside village, IL. | research_row pins hillside-il.org to Hillside village, IL, but the research_row entry jurisdiction_coverage.csv:5179 name Hillsdale village, IL."
homertownshipcalhouncounty.gov,,medium,R4,2,"Homer township, MI (us:cousub:2602538940): 1 research_row | Homer village, MI (us:place:2638920): 1 research_row",,"research_row pins homertownshipcalhouncounty.gov to Homer township, MI, but the research_row entry jurisdiction_coverage.csv:9890 name Homer village, MI. | research_row pins homertownshipcalhouncounty.gov to Homer village, MI, but the research_row entry jurisdiction_coverage.csv:28797 name Homer township, MI."
hopkinstownship.org,,medium,R4,2,"Hopkins township, MI (us:cousub:2600539200): 1 research_row | Hopkins village, MI (us:place:2639180): 1 research_row",,"research_row pins hopkinstownship.org to Hopkins village, MI, but the research_row entry jurisdiction_coverage.csv:28760 name Hopkins township, MI. | research_row pins www.hopkinstownship.org to Hopkins township, MI, but the research_row entry jurisdiction_coverage.csv:9892 name Hopkins village, MI."
howardchippewawi.gov,,medium,R4,2,"Howard town, WI (us:cousub:5501736000): 1 research_row | Howard village, WI (us:place:5535950): 1 research_row",,"research_row pins howardchippewawi.gov to Howard town, WI, but the research_row entry jurisdiction_coverage.csv:25821 name Howard village, WI. | research_row pins howardchippewawi.gov to Howard village, WI, but the research_row entry jurisdiction_coverage.csv:29548 name Howard town, WI."
hudson.granicus.com,,medium,R4,2,"Hudson city, OH (us:place:3936651): 4 archive_page, 1 discovery_tenant, 1 research_row | Hudson City School District, OH (us:sd:3905002): 1 archive_page, 1 tier3_queue",,"discovery_tenant pins hudson.granicus.com to Hudson city, OH, but the tier3_queue entry tier3_auto_transcription_queue.txt:253 name Hudson City School District, OH; 1 of 5 Archive pages on this host is filed under Hudson City School District, OH. | research_row pins hudson.granicus.com to Hudson city, OH, but the tier3_queue entry tier3_auto_transcription_queue.txt:253 name Hudson City School District, OH; 1 of 5 Archive pages on this host is filed under Hudson City School District, OH."
hydeparkvt.com,,medium,R4,2,"Hyde Park town, VT (us:cousub:5001535050): 1 research_row | Hyde Park village, VT (us:place:5034975): 1 research_row",,"research_row pins hydeparkvt.com to Hyde Park town, VT, but the research_row entry jurisdiction_coverage.csv:24662 name Hyde Park village, VT. | research_row pins hydeparkvt.com to Hyde Park village, VT, but the research_row entry jurisdiction_coverage.csv:32147 name Hyde Park town, VT."
illinois.gov,,medium,R4,3,"Campton Hills village, IL (us:place:1710906): 1 research_row | Riverton village, IL (us:place:1764486): 1 research_row | Illinois, IL (us:state:17): 1 research_row",,"research_row pins illinois.gov to Illinois, IL, but the research_row entry jurisdiction_coverage.csv:4833 name Campton Hills village, IL. | research_row pins illinois.gov to Illinois, IL, but the research_row entry jurisdiction_coverage.csv:5660 name Riverton village, IL. | research_row pins illinois.gov to Riverton village, IL, but the research_row entry jurisdiction_coverage.csv:46351 name Illinois, IL. | research_row pins illinois.gov to Riverton village, IL, but the research_row entry jurisdiction_coverage.csv:4833 name Campton Hills village, IL."
interlakenboro.com,,medium,R4,2,"Interlaken borough, NJ (us:place:3434200): 1 research_row | Interlaken Borough School District, NJ (us:sd:3407650): 1 research_row",,"research_row pins interlakenboro.com to Interlaken borough, NJ, but the research_row entry jurisdiction_coverage.csv:39831 name Interlaken Borough School District, NJ."
isabellacounty.org,,medium,R4,3,"Isabella County, MI (us:county:26073): 1 research_row | Broomfield township, MI (us:cousub:2607311140): 1 research_row | Coldwater township, MI (us:cousub:2607317060): 1 research_row",,"research_row pins www.isabellacounty.org to Broomfield township, MI, but the research_row entry jurisdiction_coverage.csv:28855 name Coldwater township, MI. | research_row pins www.isabellacounty.org to Coldwater township, MI, but the research_row entry jurisdiction_coverage.csv:28419 name Broomfield township, MI."
jacksontwp-pa.gov,,medium,R4,2,"Jackson township, PA (us:cousub:4201937344): 1 research_row | Jackson township, PA (us:cousub:4208937424): 1 research_row",,"research_row pins jacksontwp-pa.gov to Jackson township, PA, but the research_row entry jurisdiction_coverage.csv:26953 name Jackson township, PA. | research_row pins jacksontwp-pa.gov to Jackson township, PA, but the research_row entry jurisdiction_coverage.csv:31985 name Jackson township, PA."
jansen.ca,,medium,R4,2,"Prairie Rose No. 309, SK (ca:csd:4710052): 1 research_row | Jansen, SK (ca:csd:4710054): 1 research_row",,"research_row pins jansen.ca to Jansen, SK, but the research_row entry jurisdiction_coverage.csv:21623 name Prairie Rose No. 309, SK."
jcindians.org,,medium,R4,2,"Johnston City city, IL (us:place:1738544): 1 research_row | Johnston City Community Unit School District 1, IL (us:sd:1720550): 1 research_row",,"research_row pins jcindians.org to Johnston City city, IL, but the research_row entry jurisdiction_coverage.csv:35045 name Johnston City Community Unit School District 1, IL."
johnsoncityny.gov,,medium,R4,2,"Fort Johnson village, NY (us:place:3626880): 1 research_row | Johnson City village, NY (us:place:3638748): 1 research_row",,"research_row pins johnsoncityny.gov to Johnson City village, NY, but the research_row entry jurisdiction_coverage.csv:14163 name Fort Johnson village, NY."
johnstownrockcowi.gov,,medium,R4,2,"Johnstown town, WI (us:cousub:5509538400): 1 research_row | Johnstown town, WI (us:cousub:5510538450): 1 research_row",,"research_row pins johnstownrockcowi.gov to Johnstown town, WI, but the research_row entry jurisdiction_coverage.csv:27333 name Johnstown town, WI. | research_row pins johnstownrockcowi.gov to Johnstown town, WI, but the research_row entry jurisdiction_coverage.csv:29699 name Johnstown town, WI."
kalkaskacounty.net,,medium,R4,3,"Kalkaska County, MI (us:county:26079): 1 research_row | Kalkaska township, MI (us:cousub:2607942280): 1 research_row | Oliver township, MI (us:cousub:2607960540): 1 research_row",,"research_row pins www.kalkaskacounty.net to Kalkaska township, MI, but the research_row entry jurisdiction_coverage.csv:28447 name Oliver township, MI. | research_row pins www.kalkaskacounty.net to Oliver township, MI, but the research_row entry jurisdiction_coverage.csv:28866 name Kalkaska township, MI."
killinglyct.gov,,medium,R4,2,"Killingly town, CT (us:cousub:0915040500): 1 research_row | Danielson borough, CT (us:place:0918780): 1 research_row",,"research_row pins killinglyct.gov to Danielson borough, CT, but the research_row entry jurisdiction_coverage.csv:31372 name Killingly town, CT."
ky.gov,,medium,R4,2,"Frankfort city, KY (us:place:2128900): 1 research_row | Leitchfield city, KY (us:place:2144686): 1 research_row",,"research_row pins ky.gov to Frankfort city, KY, but the research_row entry jurisdiction_coverage.csv:8546 name Leitchfield city, KY."
lakesidetexas.us,,medium,R4,2,"Lakeside town, TX (us:place:4840738): 1 research_row | Lakeside town, TX (us:place:4840744): 1 research_row",,"research_row pins lakesidetexas.us to Lakeside town, TX, but the research_row entry jurisdiction_coverage.csv:23687 name Lakeside town, TX. | research_row pins lakesidetexas.us to Lakeside town, TX, but the research_row entry jurisdiction_coverage.csv:31469 name Lakeside town, TX."
lakeviewalabama.gov,,medium,R4,2,"Lakeview town, AL (us:place:0140888): 1 research_row | Lake View city, AL (us:place:0140928): 1 research_row",,"research_row pins lakeviewalabama.gov to Lake View city, AL, but the research_row entry jurisdiction_coverage.csv:254 name Lakeview town, AL. | research_row pins lakeviewalabama.gov to Lakeview town, AL, but the research_row entry jurisdiction_coverage.csv:253 name Lake View city, AL."
lakevillagear.gov,,medium,R4,2,"Lake City city, AR (us:place:0537780): 1 research_row | Lake Village city, AR (us:place:0538170): 1 research_row",,"research_row pins lakevillagear.gov to Lake City city, AR, but the research_row entry jurisdiction_coverage.csv:29909 name Lake Village city, AR. | research_row pins lakevillagear.gov to Lake Village city, AR, but the research_row entry jurisdiction_coverage.csv:29908 name Lake City city, AR."
leaguecitytx.gov,,medium,R4,2,"League City city, TX (us:place:4841980): 1 research_row | New Home city, TX (us:place:4851012): 1 research_row",,"research_row pins leaguecitytx.gov to New Home city, TX, but the research_row entry jurisdiction_coverage.csv:23701 name League City city, TX."
ledyardct.iqm2.com,,medium,R2,2,"Ledyard town, CT (us:cousub:0918042600): named by a flag only | Ledyard city, IA (us:place:1944130): 1 research_row",,"ledyardct.iqm2.com is pinned to Ledyard city, IA, but the address itself names CT, and Ledyard town, CT exists."
leelanau.cc,,medium,R4,3,"Centerville township, MI (us:cousub:2608914340): 1 research_row | Empire township, MI (us:cousub:2608926000): 1 research_row | Empire village, MI (us:place:2625980): 1 research_row",,"research_row pins leelanau.cc to Empire village, MI, but the research_row entry jurisdiction_coverage.csv:28482 name Centerville township, MI. | research_row pins leelanau.cc to Empire village, MI, but the research_row entry jurisdiction_coverage.csv:28882 name Empire township, MI. | research_row pins www.leelanau.cc to Centerville township, MI, but the research_row entry jurisdiction_coverage.csv:28882 name Empire township, MI. | research_row pins www.leelanau.cc to Centerville township, MI, but the research_row entry jurisdiction_coverage.csv:9822 name Empire village, MI. | research_row pins www.leelanau.cc to Empire township, MI, but the research_row entry jurisdiction_coverage.csv:28482 name Centerville township, MI. | research_row pins www.leelanau.cc to Empire township, MI, but the research_row entry jurisdiction_coverage.csv:9822 name Empire village, MI."
leroyny.org,,medium,R4,2,"Le Roy town, NY (us:cousub:3603742037): 1 research_row | Le Roy village, NY (us:place:3642026): 1 research_row",,"research_row pins leroyny.org to Le Roy town, NY, but the research_row entry jurisdiction_coverage.csv:14270 name Le Roy village, NY. | research_row pins leroyny.org to Le Roy village, NY, but the research_row entry jurisdiction_coverage.csv:31747 name Le Roy town, NY."
leroytownship-mi.gov,,medium,R4,2,"Leroy township, MI (us:cousub:2602547060): 1 research_row | Leroy township, MI (us:cousub:2606547080): 1 research_row",,"research_row pins leroytownship-mi.gov to Leroy township, MI, but the research_row entry jurisdiction_coverage.csv:31326 name Leroy township, MI. | research_row pins leroytownship-mi.gov to Leroy township, MI, but the research_row entry jurisdiction_coverage.csv:31582 name Leroy township, MI."
leroytwp.com,,medium,R4,2,"Leroy township, MI (us:cousub:2602547060): 1 research_row | Leroy township, MI (us:cousub:2606547080): 1 research_row",,"research_row pins leroytwp.com to Leroy township, MI, but the research_row entry jurisdiction_coverage.csv:31326 name Leroy township, MI. | research_row pins leroytwp.com to Leroy township, MI, but the research_row entry jurisdiction_coverage.csv:31582 name Leroy township, MI."
lincolntwp-midland.gov,,medium,R4,2,"Lincoln township, MI (us:cousub:2611147680): 1 research_row | Lincoln village, MI (us:place:2647560): 1 research_row",,"research_row pins lincolntwp-midland.gov to Lincoln village, MI, but the research_row entry jurisdiction_coverage.csv:28916 name Lincoln township, MI. | research_row pins www.lincolntwp-midland.gov to Lincoln township, MI, but the research_row entry jurisdiction_coverage.csv:9955 name Lincoln village, MI."
lodiny.com,,medium,R4,2,"Lodi town, NY (us:cousub:3609943225): 1 research_row | Lodi village, NY (us:place:3643214): 1 research_row",,"research_row pins lodiny.com to Lodi town, NY, but the research_row entry jurisdiction_coverage.csv:14285 name Lodi village, NY. | research_row pins lodiny.com to Lodi village, NY, but the research_row entry jurisdiction_coverage.csv:28175 name Lodi town, NY."
louisvilleohio.gov,,medium,R4,2,"Louisville city, OH (us:place:3945094): 1 archive_page, 1 discovery_tenant, 1 research_row | St. Louisville village, OH (us:place:3969652): 1 research_row",,"discovery_tenant pins louisvilleohio.gov to Louisville city, OH, but the research_row entry jurisdiction_coverage.csv:16953 name St. Louisville village, OH. | research_row pins louisvilleohio.gov to Louisville city, OH, but the research_row entry jurisdiction_coverage.csv:16953 name St. Louisville village, OH."
lucascooh.portal.civicclerk.com,,medium,R4,3,"Lucas County, OH (us:county:39095): 2 archive_page, 1 discovery_tenant | Lucas village, OH (us:place:3945276): 1 archive_page | Toledo city, OH (us:place:3977000): 1 research_row",,"research_row pins lucascooh.portal.civicclerk.com to Toledo city, OH, but 1 of 3 Archive pages on this host is filed under Lucas village, OH."
ludlow.vt.us,,medium,R4,2,"Ludlow town, VT (us:cousub:5002741275): 1 research_row | Ludlow village, VT (us:place:5041200): 1 research_row",,"research_row pins ludlow.vt.us to Ludlow town, VT, but the research_row entry jurisdiction_coverage.csv:24667 name Ludlow village, VT. | research_row pins ludlow.vt.us to Ludlow village, VT, but the research_row entry jurisdiction_coverage.csv:32152 name Ludlow town, VT."
lyndenmn.gov,,medium,R5,2,"Lynden township, MN (us:cousub:2714538780): 1 archive_page, 1 research_row | Lynden city, WA (us:place:5340805): named by a flag only",,"lyndenmn.gov is pinned to Lynden township, MN, but 1 saved title(s) on it name WA (for example ""Lynden Township, WA"") and none name MN; Lynden city, WA exists."
lyndonshebcowi.gov,,medium,R4,2,"Lyndon town, WI (us:cousub:5505746525): 1 research_row | Lyndon town, WI (us:cousub:5511746575): 1 research_row",,"research_row pins lyndonshebcowi.gov to Lyndon town, WI, but the research_row entry jurisdiction_coverage.csv:27229 name Lyndon town, WI. | research_row pins lyndonshebcowi.gov to Lyndon town, WI, but the research_row entry jurisdiction_coverage.csv:29720 name Lyndon town, WI."
lyonedia.com,,medium,R4,3,"Alvord city, IA (us:place:1901675): 1 research_row | Doon city, IA (us:place:1921900): 1 research_row | Little Rock city, IA (us:place:1945795): 1 research_row",,"research_row pins lyonedia.com to Alvord city, IA, but the research_row entry jurisdiction_coverage.csv:6837 name Doon city, IA. | research_row pins lyonedia.com to Alvord city, IA, but the research_row entry jurisdiction_coverage.csv:7104 name Little Rock city, IA. | research_row pins lyonedia.com to Little Rock city, IA, but the research_row entry jurisdiction_coverage.csv:6608 name Alvord city, IA. | research_row pins lyonedia.com to Little Rock city, IA, but the research_row entry jurisdiction_coverage.csv:6837 name Doon city, IA."
mackinaccounty.net,,medium,R4,3,"Mackinac County, MI (us:county:26097): 1 research_row | Hendricks township, MI (us:cousub:2609737660): 1 research_row | Newton township, MI (us:cousub:2609757640): 1 research_row",,"research_row pins www.mackinaccounty.net to Hendricks township, MI, but the research_row entry jurisdiction_coverage.csv:28510 name Newton township, MI. | research_row pins www.mackinaccounty.net to Newton township, MI, but the research_row entry jurisdiction_coverage.csv:28508 name Hendricks township, MI."
maineindianeducation.org,,medium,R4,3,"Indian Township, ME (us:sd:2300064): 1 research_row | Indian Island, ME (us:sd:2300066): 1 research_row | Pleasant Point, ME (us:sd:2300069): 1 research_row",,"research_row pins maineindianeducation.org to Indian Township, ME, but the research_row entry jurisdiction_coverage.csv:36664 name Indian Island, ME. | research_row pins maineindianeducation.org to Indian Township, ME, but the research_row entry jurisdiction_coverage.csv:36667 name Pleasant Point, ME."
manchester-vt.gov,,medium,R4,2,"Manchester town, VT (us:cousub:5000342850): 1 research_row | Manchester village, VT (us:place:5042700): 1 research_row",,"research_row pins manchester-vt.gov to Manchester town, VT, but the research_row entry jurisdiction_coverage.csv:24668 name Manchester village, VT. | research_row pins manchester-vt.gov to Manchester village, VT, but the research_row entry jurisdiction_coverage.csv:32153 name Manchester town, VT."
manchesterny.org,,medium,R4,2,"Manchester town, NY (us:cousub:3606944864): 1 research_row | Manchester village, NY (us:place:3644853): 1 research_row",,"research_row pins manchesterny.org to Manchester town, NY, but the research_row entry jurisdiction_coverage.csv:14296 name Manchester village, NY. | research_row pins manchesterny.org to Manchester village, NY, but the research_row entry jurisdiction_coverage.csv:31754 name Manchester town, NY."
manchesterwi.gov,,medium,R4,2,"Manchester town, WI (us:cousub:5504748400): 1 research_row | Manchester town, WI (us:cousub:5505348425): 1 research_row",,"research_row pins manchesterwi.gov to Manchester town, WI, but the research_row entry jurisdiction_coverage.csv:27698 name Manchester town, WI. | research_row pins manchesterwi.gov to Manchester town, WI, but the research_row entry jurisdiction_coverage.csv:29617 name Manchester town, WI."
mansfieldct.gov,,medium,R4,2,"Mansfield town, CT (us:cousub:0911044910): 1 research_row | Mansfield School District, CT (us:sd:0902340): 1 research_row",,"research_row pins www.mansfieldct.gov to Mansfield town, CT, but the research_row entry jurisdiction_coverage.csv:34155 name Mansfield School District, CT."
maplegrovewi.gov,,medium,R4,2,"Maple Grove town, WI (us:cousub:5500548825): 1 research_row | Maple Grove town, WI (us:cousub:5507148875): 1 research_row",,"research_row pins maplegrovewi.gov to Maple Grove town, WI, but the research_row entry jurisdiction_coverage.csv:27060 name Maple Grove town, WI. | research_row pins maplegrovewi.gov to Maple Grove town, WI, but the research_row entry jurisdiction_coverage.csv:29641 name Maple Grove town, WI."
mariontwpcvxmi.gov,,medium,R4,2,"Marion township, MI (us:cousub:2602951620): 1 research_row | Marion village, MI (us:place:2651660): 1 research_row",,"research_row pins mariontwpcvxmi.gov to Marion village, MI, but the research_row entry jurisdiction_coverage.csv:28807 name Marion township, MI. | research_row pins www.mariontwpcvxmi.gov to Marion township, MI, but the research_row entry jurisdiction_coverage.csv:9978 name Marion village, MI."
mayvilleportland.com,,medium,R4,2,"Mayville city, ND (us:place:3851500): 1 research_row | Portland city, ND (us:place:3863900): 1 research_row",,"research_row pins mayvilleportland.com to Mayville city, ND, but the research_row entry jurisdiction_coverage.csv:15883 name Portland city, ND. | research_row pins mayvilleportland.com to Portland city, ND, but the research_row entry jurisdiction_coverage.csv:15817 name Mayville city, ND."
mcgi.state.mi.us,,medium,R4,2,"Delaware township, MI (us:cousub:2615121380): 1 research_row | Moore township, MI (us:cousub:2615155320): 1 research_row",,"research_row pins www.mcgi.state.mi.us to Delaware township, MI, but the research_row entry jurisdiction_coverage.csv:31252 name Moore township, MI. | research_row pins www.mcgi.state.mi.us to Moore township, MI, but the research_row entry jurisdiction_coverage.csv:31307 name Delaware township, MI."
medwayms.org,,medium,R2,1,"Medway, ME (us:sd:2308160): 1 research_row",,"medwayms.org is pinned to Medway, ME, but the address itself names MS."
melbourneflorida.org,,medium,R4,2,"Melbourne city, FL (us:place:1243975): 1 research_row | Melbourne Village town, FL (us:place:1244075): 1 research_row",,"research_row pins melbourneflorida.org to Melbourne Village town, FL, but the research_row entry jurisdiction_coverage.csv:3590 name Melbourne city, FL. | research_row pins melbourneflorida.org to Melbourne city, FL, but the research_row entry jurisdiction_coverage.csv:30061 name Melbourne Village town, FL."
mendonillinois.com,,medium,R4,2,"Mendon township, IL (us:cousub:1700148320): 1 research_row | Mendon village, IL (us:place:1748307): 1 research_row",,"research_row pins mendonillinois.com to Mendon township, IL, but the research_row entry jurisdiction_coverage.csv:5415 name Mendon village, IL. | research_row pins mendonillinois.com to Mendon village, IL, but the research_row entry jurisdiction_coverage.csv:31481 name Mendon township, IL."
menomineecounty.com,,medium,R4,3,"Menominee County, MI (us:county:26109): 1 research_row | Faithorn township, MI (us:cousub:2610927300): 1 research_row | Mellen township, MI (us:cousub:2610952860): 1 research_row",,"research_row pins www.menomineecounty.com to Mellen township, MI, but the research_row entry jurisdiction_coverage.csv:28546 name Faithorn township, MI."
milfordtwpmi.gov,,medium,R4,2,"Milford charter township, MI (us:cousub:2612553980): 1 research_row | Milford village, MI (us:place:2653960): 1 research_row",,"research_row pins milfordtwpmi.gov to Milford village, MI, but the research_row entry jurisdiction_coverage.csv:28606 name Milford charter township, MI. | research_row pins www.milfordtwpmi.gov to Milford charter township, MI, but the research_row entry jurisdiction_coverage.csv:10005 name Milford village, MI."
millcreektownship.com,,medium,R4,2,"Millcreek township, PA (us:cousub:4204949548): 1 research_row | Mill Creek borough, PA (us:place:4249552): 1 research_row",,"research_row pins millcreektownship.com to Mill Creek borough, PA, but the research_row entry jurisdiction_coverage.csv:32016 name Millcreek township, PA. | research_row pins millcreektownship.com to Millcreek township, PA, but the research_row entry jurisdiction_coverage.csv:19081 name Mill Creek borough, PA."
moncton.escribemeetings.com,,medium,R1,2,"Moncton, NB (ca:csd:1307022): named by a flag only | Moncton, NB (rtr:ca:nb:moncton): 1 tenant_overrides",,"moncton.escribemeetings.com is pinned to Moncton, NB, but www.moncton.ca is pinned to Moncton, NB."
monroeny.org,,medium,R4,2,"Monroe town, NY (us:cousub:3607147999): 1 research_row | Monroe village, NY (us:place:3647988): 1 research_row",,"research_row pins monroeny.org to Monroe town, NY, but the research_row entry jurisdiction_coverage.csv:30626 name Monroe village, NY. | research_row pins monroeny.org to Monroe village, NY, but the research_row entry jurisdiction_coverage.csv:31759 name Monroe town, NY."
montcalm.org,,medium,R4,2,"Crystal township, MI (us:cousub:2611719080): 1 research_row | Home township, MI (us:cousub:2611738840): 1 research_row",,"research_row pins www.montcalm.org to Crystal township, MI, but the research_row entry jurisdiction_coverage.csv:28576 name Home township, MI. | research_row pins www.montcalm.org to Home township, MI, but the research_row entry jurisdiction_coverage.csv:28574 name Crystal township, MI."
mrcpontiac.qc.ca,,medium,R4,2,"Bryson, QC (ca:csd:2484025): 1 research_row | Waltham, QC (ca:csd:2484070): 1 research_row",,"research_row pins mrcpontiac.qc.ca to Bryson, QC, but the research_row entry jurisdiction_coverage.csv:20907 name Waltham, QC. | research_row pins mrcpontiac.qc.ca to Waltham, QC, but the research_row entry jurisdiction_coverage.csv:19789 name Bryson, QC."
msad37.me,,medium,R4,2,"Deblois, ME (us:sd:2304880): 1 research_row | School Administrative District 37, ME (us:sd:2311430): 1 research_row",,"research_row pins msad37.me to Deblois, ME, but the research_row entry jurisdiction_coverage.csv:36797 name School Administrative District 37, ME."
naplesny.us,,medium,R4,2,"Naples town, NY (us:cousub:3606949440): 1 research_row | Naples village, NY (us:place:3649429): 1 research_row",,"research_row pins naplesny.us to Naples town, NY, but the research_row entry jurisdiction_coverage.csv:14342 name Naples village, NY. | research_row pins naplesny.us to Naples village, NY, but the research_row entry jurisdiction_coverage.csv:31762 name Naples town, NY."
nbvillage.granicus.com,,medium,R4,2,"Miami city, FL (us:place:1245000): 1 archive_page | North Bay Village city, FL (us:place:1249225): 2 archive_page, 1 discovery_tenant",,"discovery_tenant pins nbvillage.granicus.com to North Bay Village city, FL, but 1 of 3 Archive pages on this host is filed under Miami city, FL."
neighborhoodlink.com,,medium,R4,2,"Fincastle city, KY (us:place:2127262): 1 research_row | Wellington city, KY (us:place:2181372): 1 research_row",,"research_row pins neighborhoodlink.com to Fincastle city, KY, but the research_row entry jurisdiction_coverage.csv:8769 name Wellington city, KY. | research_row pins neighborhoodlink.com to Wellington city, KY, but the research_row entry jurisdiction_coverage.csv:8426 name Fincastle city, KY."
newfanevt.com,,medium,R4,2,"Newfane town, VT (us:cousub:5002548400): 1 research_row | Newfane village, VT (us:place:5048325): 1 research_row",,"research_row pins newfanevt.com to Newfane town, VT, but the research_row entry jurisdiction_coverage.csv:24673 name Newfane village, VT. | research_row pins newfanevt.com to Newfane village, VT, but the research_row entry jurisdiction_coverage.csv:32158 name Newfane town, VT."
newhavenshiami.gov,,medium,R4,2,"New Haven township, MI (us:cousub:2615557400): 1 research_row | New Haven village, MI (us:place:2657380): 1 research_row",,"research_row pins newhavenshiami.gov to New Haven village, MI, but the research_row entry jurisdiction_coverage.csv:28971 name New Haven township, MI. | research_row pins www.newhavenshiami.gov to New Haven township, MI, but the research_row entry jurisdiction_coverage.csv:10032 name New Haven village, MI."
newmarketnh.portal.civicclerk.com,,medium,R2,2,"Newmarket, ON (ca:csd:3519048): 2 archive_page, 1 discovery_tenant | Newmarket town, NH (us:cousub:3301552340): named by a flag only",,"newmarketnh.portal.civicclerk.com is pinned to Newmarket, ON, but the address itself names NH, and Newmarket town, NH exists."
newtriertwpil.portal.civicclerk.com,,medium,R4,2,"New Trier township, IL (us:cousub:1703152909): 1 tier3_queue | Winnetka village, IL (us:place:1782530): 1 archive_page, 1 discovery_tenant",,"tier3_queue pins newtriertwpil.portal.civicclerk.com to New Trier township, IL, but the discovery_tenant entry ledger.db tenants:newtriertwpil.portal.civicclerk.com name Winnetka village, IL; 1 of 1 Archive page on this host is filed under Winnetka village, IL."
newwindsor-ny.gov,,medium,R4,2,"New Windsor town, NY (us:cousub:3607150848): 1 research_row | Windsor village, NY (us:place:3682524): 1 research_row",,"research_row pins newwindsor-ny.gov to New Windsor town, NY, but the research_row entry jurisdiction_coverage.csv:14607 name Windsor village, NY. | research_row pins newwindsor-ny.gov to Windsor village, NY, but the research_row entry jurisdiction_coverage.csv:26975 name New Windsor town, NY."
northadams-ma.gov,,medium,R4,2,"Adams town, MA (us:cousub:2500300555): 1 research_row | North Adams city, MA (us:place:2546225): 1 research_row",,"research_row pins northadams-ma.gov to North Adams city, MA, but the research_row entry jurisdiction_coverage.csv:31382 name Adams town, MA. | research_row pins www.northadams-ma.gov to Adams town, MA, but the research_row entry jurisdiction_coverage.csv:9630 name North Adams city, MA."
northfieldtownship.com,,medium,R4,2,"Northfield township, IL (us:cousub:1703153676): 1 research_row | Northfield village, IL (us:place:1753663): 1 research_row",,"research_row pins northfieldtownship.com to Northfield township, IL, but the research_row entry jurisdiction_coverage.csv:5522 name Northfield village, IL. | research_row pins northfieldtownship.com to Northfield village, IL, but the research_row entry jurisdiction_coverage.csv:29120 name Northfield township, IL."
otsego.org,,medium,R4,3,"Genesee charter township, MI (us:cousub:2604931800): 1 research_row | Charlton township, MI (us:cousub:2613714840): 1 research_row | Chester township, MI (us:cousub:2613715280): 1 research_row",,"research_row pins www.otsego.org to Charlton township, MI, but the research_row entry jurisdiction_coverage.csv:28349 name Genesee charter township, MI. | research_row pins www.otsego.org to Charlton township, MI, but the research_row entry jurisdiction_coverage.csv:28642 name Chester township, MI. | research_row pins www.otsego.org to Chester township, MI, but the research_row entry jurisdiction_coverage.csv:28349 name Genesee charter township, MI. | research_row pins www.otsego.org to Chester township, MI, but the research_row entry jurisdiction_coverage.csv:28641 name Charlton township, MI. | research_row pins www.otsego.org to Genesee charter township, MI, but the research_row entry jurisdiction_coverage.csv:28641 name Charlton township, MI. | research_row pins www.otsego.org to Genesee charter township, MI, but the research_row entry jurisdiction_coverage.csv:28642 name Chester township, MI."
palosverdes.com,,medium,R4,2,"Palos Verdes Estates city, CA (us:place:0655380): 1 research_row | Rolling Hills city, CA (us:place:0662602): 1 research_row",,"research_row pins palosverdes.com to Rolling Hills city, CA, but the research_row entry jurisdiction_coverage.csv:29955 name Palos Verdes Estates city, CA."
parkridge.us,,medium,R4,2,"Park Ridge city, IL (us:place:1757875): 1 research_row | Park Ridge village, WI (us:place:5561325): 1 research_row",,"research_row pins parkridge.us to Park Ridge city, IL, but the research_row entry jurisdiction_coverage.csv:26001 name Park Ridge village, WI. | research_row pins parkridge.us to Park Ridge village, WI, but the research_row entry jurisdiction_coverage.csv:5578 name Park Ridge city, IL."
pawpawtownshipmi.gov,,medium,R4,2,"Paw Paw township, MI (us:cousub:2615963000): 1 research_row | Paw Paw village, MI (us:place:2662980): 1 research_row",,"research_row pins pawpawtownshipmi.gov to Paw Paw village, MI, but the research_row entry jurisdiction_coverage.csv:28993 name Paw Paw township, MI. | research_row pins www.pawpawtownshipmi.gov to Paw Paw township, MI, but the research_row entry jurisdiction_coverage.csv:10070 name Paw Paw village, MI."
pentwatertownshipmi.gov,,medium,R4,2,"Pentwater township, MI (us:cousub:2612763560): 1 research_row | Pentwater village, MI (us:place:2663540): 1 research_row",,"research_row pins pentwatertownshipmi.gov to Pentwater village, MI, but the research_row entry jurisdiction_coverage.csv:28938 name Pentwater township, MI. | research_row pins www.pentwatertownshipmi.gov to Pentwater township, MI, but the research_row entry jurisdiction_coverage.csv:10073 name Pentwater village, MI."
petrolia.civicweb.net,,medium,R1,2,"Petrolia, ON (ca:csd:3538019): 1 tenant_overrides | Petrolia city, TX (us:place:4857044): named by a flag only",,"petrolia.civicweb.net is pinned to Petrolia, ON, but petrolia.org is pinned to Petrolia city, TX."
piedmont.granicus.com,,medium,R4,2,"Piedmont city, CA (us:place:0656938): 1 archive_page, 1 discovery_tenant, 1 tenant_overrides | Piedmont City Unified School District, CA (us:sd:0630330): 1 archive_page",us:place:0656938,"discovery_tenant pins piedmont.granicus.com to Piedmont city, CA, but 1 of 2 Archive pages on this host is filed under Piedmont City Unified School District, CA. | tenant_overrides pins piedmont.granicus.com to Piedmont city, CA, but 1 of 2 Archive pages on this host is filed under Piedmont City Unified School District, CA."
piersontwp.org,,medium,R4,2,"Pierson township, MI (us:cousub:2611764040): 1 research_row | Pierson village, MI (us:place:2664020): 1 research_row",,"research_row pins piersontwp.org to Pierson village, MI, but the research_row entry jurisdiction_coverage.csv:28922 name Pierson township, MI. | research_row pins www.piersontwp.org to Pierson township, MI, but the research_row entry jurisdiction_coverage.csv:10079 name Pierson village, MI."
polandtownship.gov,,medium,R4,2,"Poland township, OH (us:cousub:3909963968): 1 research_row | Poland village, OH (us:place:3963954): 1 research_row",,"research_row pins polandtownship.gov to Poland township, OH, but the research_row entry jurisdiction_coverage.csv:16842 name Poland village, OH. | research_row pins polandtownship.gov to Poland village, OH, but the research_row entry jurisdiction_coverage.csv:45985 name Poland township, OH."
powers-spalding.org,,medium,R4,2,"Spalding township, MI (us:cousub:2610975350): 1 research_row | Powers village, MI (us:place:2666140): 1 research_row",,"research_row pins powers-spalding.org to Powers village, MI, but the research_row entry jurisdiction_coverage.csv:31238 name Spalding township, MI. | research_row pins powers-spalding.org to Spalding township, MI, but the research_row entry jurisdiction_coverage.csv:10094 name Powers village, MI."
pub-blindriver.escribemeetings.com,,medium,R4,2,"Peterborough, ON (ca:csd:3515014): 1 research_row | Blind River, ON (ca:csd:3557038): 3 archive_page, 1 discovery_tenant",,"research_row pins pub-blindriver.escribemeetings.com to Peterborough, ON, but the discovery_tenant entry ledger.db tenants:pub-blindriver.escribemeetings.com name Blind River, ON; 3 of 3 Archive pages on this host are filed under Blind River, ON."
pub-gloucesterva.escribemeetings.com,,medium,R4,2,"Gloucester County, VA (us:county:51073): 1 archive_page, 1 discovery_tenant, 1 research_row, 1 tenant_overrides | Gloucester County Public Schools, VA (us:sd:5101620): 2 archive_page",us:county:51073,"discovery_tenant pins pub-gloucesterva.escribemeetings.com to Gloucester County, VA, but 2 of 3 Archive pages on this host are filed under Gloucester County Public Schools, VA. | research_row pins pub-gloucesterva.escribemeetings.com to Gloucester County, VA, but 2 of 3 Archive pages on this host are filed under Gloucester County Public Schools, VA. | tenant_overrides pins pub-gloucesterva.escribemeetings.com to Gloucester County, VA, but 2 of 3 Archive pages on this host are filed under Gloucester County Public Schools, VA."
pub-sechelt.escribemeetings.com,,medium,R4,2,"Sechelt, BC (ca:csd:5929011): 3 archive_page, 1 discovery_tenant | Prince George, BC (ca:csd:5953023): 1 research_row",,"discovery_tenant pins pub-sechelt.escribemeetings.com to Sechelt, BC, but the research_row entry jurisdiction_coverage.csv:31347 name Prince George, BC. | research_row pins pub-sechelt.escribemeetings.com to Prince George, BC, but the discovery_tenant entry ledger.db tenants:pub-sechelt.escribemeetings.com name Sechelt, BC; 3 of 3 Archive pages on this host are filed under Sechelt, BC."
pub-southamptonny.escribemeetings.com,,medium,R4,2,"Southampton town, NY (us:cousub:3610368473): 3 archive_page, 1 discovery_tenant, 1 tenant_overrides | Southampton village, NY (us:place:3668462): 1 research_row",,"discovery_tenant pins pub-southamptonny.escribemeetings.com to Southampton town, NY, but the research_row entry jurisdiction_coverage.csv:14521 name Southampton village, NY. | research_row pins pub-southamptonny.escribemeetings.com to Southampton village, NY, but the tenant_overrides entry tenant_overrides.csv:1107 and the discovery_tenant entry ledger.db tenants:pub-southamptonny.escribemeetings.com name Southampton town, NY; 3 of 3 Archive pages on this host are filed under Southampton town, NY. | tenant_overrides pins pub-southamptonny.escribemeetings.com to Southampton town, NY, but the research_row entry jurisdiction_coverage.csv:14521 name Southampton village, NY."
quincy-mi.org,,medium,R4,2,"Quincy township, MI (us:cousub:2602366660): 1 research_row | Quincy village, MI (us:place:2666640): 1 research_row",,"research_row pins quincy-mi.org to Quincy village, MI, but the research_row entry jurisdiction_coverage.csv:28792 name Quincy township, MI. | research_row pins www.quincy-mi.org to Quincy township, MI, but the research_row entry jurisdiction_coverage.csv:10097 name Quincy village, MI."
rb60.com,,medium,R4,2,"Benson village, IL (us:place:1705261): 1 research_row | Roanoke-Benson Community Unit School District 60, IL (us:sd:1734140): 1 research_row",,"research_row pins rb60.com to Benson village, IL, but the research_row entry jurisdiction_coverage.csv:35310 name Roanoke-Benson Community Unit School District 60, IL."
rcid.org,,medium,R4,2,"Bay Lake city, FL (us:place:1204150): 1 research_row | Lake Buena Vista city, FL (us:place:1237625): 1 research_row",,"research_row pins rcid.org to Bay Lake city, FL, but the research_row entry jurisdiction_coverage.csv:3543 name Lake Buena Vista city, FL."
redhookny.gov,,medium,R4,2,"Red Hook town, NY (us:cousub:3602760905): 1 research_row | Red Hook village, NY (us:place:3660895): 1 archive_page, 1 discovery_tenant",,"discovery_tenant pins redhookny.gov to Red Hook village, NY, but the research_row entry jurisdiction_coverage.csv:31788 name Red Hook town, NY. | research_row pins redhookny.gov to Red Hook town, NY, but the discovery_tenant entry ledger.db tenants:redhookny.gov name Red Hook village, NY; 1 of 1 Archive page on this host is filed under Red Hook village, NY."
reflect-awcm.cablecast.tv,,medium,R4,2,"Westminster town, MA (us:cousub:2502777010): 1 archive_page, 1 discovery_tenant | Ashburnham-Westminster School District, MA (us:sd:2502040): 1 tier3_queue",,"discovery_tenant pins reflect-awcm.cablecast.tv to Westminster town, MA, but the tier3_queue entry tier3_auto_transcription_queue.txt:567 name Ashburnham-Westminster School District, MA."
reflect-brewster-ma.cablecast.tv,,medium,R4,3,"Brewster town, MA (us:cousub:2500107980): 1 archive_page, 1 discovery_tenant, 1 tenant_overrides | Brewster School District, MA (us:sd:2502970): 1 archive_page | Nauset School District, MA (us:sd:2504560): 1 tier3_queue",,"discovery_tenant pins reflect-brewster-ma.cablecast.tv to Brewster town, MA, but 1 of 2 Archive pages on this host is filed under Brewster School District, MA. | discovery_tenant pins reflect-brewster-ma.cablecast.tv to Brewster town, MA, but the tier3_queue entry tier3_auto_transcription_queue.txt:570 name Nauset School District, MA. | tenant_overrides pins reflect-brewster-ma.cablecast.tv to Brewster town, MA, but 1 of 2 Archive pages on this host is filed under Brewster School District, MA. | tenant_overrides pins reflect-brewster-ma.cablecast.tv to Brewster town, MA, but the tier3_queue entry tier3_auto_transcription_queue.txt:570 name Nauset School District, MA."
reflect-brunswick-me.cablecast.tv,,medium,R4,2,"Brunswick town, ME (us:cousub:2300508430): 1 archive_page | Brunswick, ME (us:sd:2303780): 1 tier3_queue",,"tier3_queue pins reflect-brunswick-me.cablecast.tv to Brunswick, ME, but 1 of 1 Archive page on this host is filed under Brunswick town, ME."
reflect-cctv-vod.cablecast.tv,,medium,R4,2,"Canton town, MA (us:cousub:2502111315): 1 archive_page, 1 discovery_tenant | Canton School District, MA (us:sd:2503300): 1 archive_page, 1 tier3_queue",,"discovery_tenant pins reflect-cctv-vod.cablecast.tv to Canton town, MA, but the tier3_queue entry tier3_auto_transcription_queue.txt:191 name Canton School District, MA; 1 of 2 Archive pages on this host is filed under Canton School District, MA."
reflect-dennis-yarmouth.cablecast.tv,,medium,R4,2,"Dennis town, MA (us:cousub:2500116775): 1 archive_page, 1 tier3_queue | Dennis-Yarmouth School District, MA (us:sd:2504140): 1 archive_page",,"tier3_queue pins reflect-dennis-yarmouth.cablecast.tv to Dennis town, MA, but 1 of 2 Archive pages on this host is filed under Dennis-Yarmouth School District, MA."
reflect-falmouth.cablecast.tv,,medium,R4,2,"Falmouth town, MA (us:cousub:2500123105): 1 archive_page, 1 discovery_tenant | Falmouth School District, MA (us:sd:2504860): 1 tier3_queue",,"discovery_tenant pins reflect-falmouth.cablecast.tv to Falmouth town, MA, but the tier3_queue entry tier3_auto_transcription_queue.txt:571 name Falmouth School District, MA."
reflect-forestlake.cablecast.tv,,medium,R4,2,"Columbus city, MN (us:place:2712718): 1 tier3_queue | Forest Lake Public School District, MN (us:sd:2712270): 1 tier3_queue",,"tier3_queue pins reflect-forestlake.cablecast.tv to Columbus city, MN, but the tier3_queue entry tier3_auto_transcription_queue.txt:233 name Forest Lake Public School District, MN."
reflect-holbrook.cablecast.tv,,medium,R4,2,"Holbrook town, MA (us:cousub:2502130455): 2 archive_page, 1 discovery_tenant | Holbrook School District, MA (us:sd:2506150): 1 archive_page",,"discovery_tenant pins reflect-holbrook.cablecast.tv to Holbrook town, MA, but 1 of 3 Archive pages on this host is filed under Holbrook School District, MA."
reflect-independence-tv-mi.cablecast.tv,,medium,R4,3,"Independence charter township, MI (us:cousub:2612540400): 1 archive_page | Village of Clarkston city, MI (us:place:2682450): 1 archive_page, 1 discovery_tenant | Clarkston Community School District, MI (us:sd:2609900): 1 archive_page",,"discovery_tenant pins reflect-independence-tv-mi.cablecast.tv to Village of Clarkston city, MI, but 1 of 3 Archive pages on this host is filed under Clarkston Community School District, MI. | discovery_tenant pins reflect-independence-tv-mi.cablecast.tv to Village of Clarkston city, MI, but 1 of 3 Archive pages on this host is filed under Independence charter township, MI."
reflect-mansfield.cablecast.tv,,medium,R4,2,"Mansfield town, MA (us:cousub:2500538225): 1 tenant_overrides | Mansfield School District, MA (us:sd:2507230): 1 tier3_queue",,"tenant_overrides pins reflect-mansfield.cablecast.tv to Mansfield town, MA, but the tier3_queue entry tier3_auto_transcription_queue.txt:572 name Mansfield School District, MA."
reflect-miami-valley-cc.cablecast.tv,,medium,R4,2,"Moraine city, OH (us:place:3952010): 1 archive_page | Oakwood city, OH (us:place:3957764): 1 archive_page, 1 discovery_tenant",,"discovery_tenant pins reflect-miami-valley-cc.cablecast.tv to Oakwood city, OH, but 1 of 2 Archive pages on this host is filed under Moraine city, OH."
reflect-midvalley.cablecast.tv,,medium,R4,3,"Granger city, WA (us:place:5327960): 1 archive_page, 1 discovery_tenant | Toppenish city, WA (us:place:5371960): 1 archive_page | Wapato city, WA (us:place:5376125): 1 archive_page",,"discovery_tenant pins reflect-midvalley.cablecast.tv to Granger city, WA, but 1 of 3 Archive pages on this host is filed under Toppenish city, WA. | discovery_tenant pins reflect-midvalley.cablecast.tv to Granger city, WA, but 1 of 3 Archive pages on this host is filed under Wapato city, WA."
reflect-newport.cablecast.tv,,medium,R4,2,"Newport town, NH (us:cousub:3301952580): 1 archive_page, 1 discovery_tenant | Newport School District, NH (us:sd:3305310): 1 archive_page",,"discovery_tenant pins reflect-newport.cablecast.tv to Newport town, NH, but 1 of 2 Archive pages on this host is filed under Newport School District, NH."
reflect-npa.cablecast.tv,,medium,R4,2,"Norwood town, MA (us:cousub:2502150250): 1 archive_page, 1 discovery_tenant | Norwood School District, MA (us:sd:2509060): 1 tier3_queue",,"discovery_tenant pins reflect-npa.cablecast.tv to Norwood town, MA, but the tier3_queue entry tier3_auto_transcription_queue.txt:574 name Norwood School District, MA."
reflect-origin-1119.cablecast.tv,,medium,R4,3,"Rhinebeck town, NY (us:cousub:3602761357): 1 archive_page | Rhinebeck village, NY (us:place:3661346): 1 discovery_tenant | Tivoli village, NY (us:place:3674023): 1 archive_page",,"discovery_tenant pins reflect-origin-1119.cablecast.tv to Rhinebeck village, NY, but 1 of 2 Archive pages on this host is filed under Rhinebeck town, NY. | discovery_tenant pins reflect-origin-1119.cablecast.tv to Rhinebeck village, NY, but 1 of 2 Archive pages on this host is filed under Tivoli village, NY."
reflect-origin-995.cablecast.tv,,medium,R4,3,"Crescent township, PA (us:cousub:4200317048): 1 tier3_queue | Moon township, PA (us:cousub:4200350784): 1 tier3_queue | Coraopolis borough, PA (us:place:4216144): 1 tier3_queue",,"tier3_queue pins reflect-origin-995.cablecast.tv to Crescent township, PA, but the tier3_queue entry tier3_auto_transcription_queue.txt:236 name Moon township, PA. | tier3_queue pins reflect-origin-995.cablecast.tv to Crescent township, PA, but the tier3_queue entry tier3_auto_transcription_queue.txt:237 name Coraopolis borough, PA."
reflect-sttammany.cablecast.tv,,medium,R4,3,",  (rtr:unknown:reflect-sttammany.cablecast.tv): 2 archive_page | Covington city, LA (us:place:2218125): 1 archive_page | Mandeville city, LA (us:place:2248225): 1 discovery_tenant, 1 tier3_queue",,"discovery_tenant pins reflect-sttammany.cablecast.tv to Mandeville city, LA, but 1 of 3 Archive pages on this host is filed under Covington city, LA. | tier3_queue pins reflect-sttammany.cablecast.tv to Mandeville city, LA, but 1 of 3 Archive pages on this host is filed under Covington city, LA."
reflect-surryco-nc.cablecast.tv,,medium,R4,3,"Surry County, NC (us:county:37171): 1 archive_page, 1 tier3_queue | Mount Airy city, NC (us:place:3744800): 1 archive_page, 1 discovery_tenant | Pilot Mountain town, NC (us:place:3751820): 1 archive_page",,"discovery_tenant pins reflect-surryco-nc.cablecast.tv to Mount Airy city, NC, but 1 of 3 Archive pages on this host is filed under Pilot Mountain town, NC."
reflect-thegrotonchannel.cablecast.tv,,medium,R4,3,",  (rtr:unknown:reflect-thegrotonchannel.cablecast.tv): 1 archive_page | Groton town, MA (us:cousub:2501727480): 1 archive_page, 1 discovery_tenant | Groton-Dunstable School District, MA (us:sd:2505500): 1 archive_page",,"discovery_tenant pins reflect-thegrotonchannel.cablecast.tv to Groton town, MA, but 1 of 3 Archive pages on this host is filed under Groton-Dunstable School District, MA."
reflect-townofoxfordma.cablecast.tv,,medium,R4,2,"Oxford town, MA (us:cousub:2502751825): 2 archive_page, 1 discovery_tenant | Oxford School District, MA (us:sd:2509270): 1 archive_page",,"discovery_tenant pins reflect-townofoxfordma.cablecast.tv to Oxford town, MA, but 1 of 3 Archive pages on this host is filed under Oxford School District, MA."
reflect-townofwellfleet.cablecast.tv,,medium,R4,2,"Wellfleet town, MA (us:cousub:2500174385): 2 archive_page, 1 discovery_tenant, 1 tenant_overrides | Wellfleet School District, MA (us:sd:2512300): 1 tier3_queue",,"discovery_tenant pins reflect-townofwellfleet.cablecast.tv to Wellfleet town, MA, but the tier3_queue entry tier3_auto_transcription_queue.txt:578 name Wellfleet School District, MA. | tenant_overrides pins reflect-townofwellfleet.cablecast.tv to Wellfleet town, MA, but the tier3_queue entry tier3_auto_transcription_queue.txt:578 name Wellfleet School District, MA."
reflect-vod-athol.cablecast.tv,,medium,R4,2,"Orange town, MA (us:cousub:2501151265): 1 archive_page | Athol town, MA (us:cousub:2502702480): 1 archive_page, 1 discovery_tenant",,"discovery_tenant pins reflect-vod-athol.cablecast.tv to Athol town, MA, but 1 of 2 Archive pages on this host is filed under Orange town, MA."
reflect-vod-spencer.cablecast.tv,,medium,R4,2,"Spencer town, MA (us:cousub:2502766105): 1 archive_page, 1 discovery_tenant | Spencer-East Brookfield School District, MA (us:sd:2500002): 1 tier3_queue",,"discovery_tenant pins reflect-vod-spencer.cablecast.tv to Spencer town, MA, but the tier3_queue entry tier3_auto_transcription_queue.txt:566 name Spencer-East Brookfield School District, MA."
reflect-westernhills.cablecast.tv,,medium,R4,3,"Greenwood town, ME (us:cousub:2301729710): 1 archive_page, 1 tier3_queue | Newry town, ME (us:cousub:2301749275): 1 archive_page, 1 tier3_queue | School Administrative District 44, ME (us:sd:2311670): 1 archive_page",,"tier3_queue pins reflect-westernhills.cablecast.tv to Greenwood town, ME, but 1 of 3 Archive pages on this host is filed under School Administrative District 44, ME. | tier3_queue pins reflect-westernhills.cablecast.tv to Greenwood town, ME, but the tier3_queue entry tier3_auto_transcription_queue.txt:239 name Newry town, ME; 1 of 3 Archive pages on this host is filed under Newry town, ME. | tier3_queue pins reflect-westernhills.cablecast.tv to Newry town, ME, but 1 of 3 Archive pages on this host is filed under School Administrative District 44, ME. | tier3_queue pins reflect-westernhills.cablecast.tv to Newry town, ME, but the tier3_queue entry tier3_auto_transcription_queue.txt:240 name Greenwood town, ME; 1 of 3 Archive pages on this host is filed under Greenwood town, ME."
reflect-yarmouth.cablecast.tv,internetchannel/show/3907,medium,R5,2,"Yarmouth, NS (ca:cd:1202): named by a flag only | Yarmouth town, MA (us:cousub:2500182525): 1 tenant_overrides",,"reflect-yarmouth.cablecast.tv (internetchannel/show/3907) is pinned to Yarmouth town, MA, but 1 saved title(s) on it name NS (for example ""Yarmouth, NS"") and none name MA; Yarmouth, NS exists."
richmondtownshipcc.com,,medium,R4,2,"Richmond township, PA (us:cousub:4203964600): 1 research_row | Townville borough, PA (us:place:4277232): 1 research_row",,"research_row pins richmondtownshipcc.com to Richmond township, PA, but the research_row entry jurisdiction_coverage.csv:19424 name Townville borough, PA."
riverviewmi.cablecast.tv,,medium,R4,2,"Riverview city, MI (us:place:2668880): 3 archive_page, 1 discovery_tenant, 1 research_row | Riverview Community School District, MI (us:sd:2629910): 1 archive_page",,"discovery_tenant pins riverviewmi.cablecast.tv to Riverview city, MI, but 1 of 4 Archive pages on this host is filed under Riverview Community School District, MI. | research_row pins riverviewmi.cablecast.tv to Riverview city, MI, but 1 of 4 Archive pages on this host is filed under Riverview Community School District, MI."
rmofmountain.com,,medium,R4,2,"Mountain (South), MB (ca:csd:4620032): 1 research_row | Mountain (North), MB (ca:csd:4620055): 1 research_row",,"research_row pins rmofmountain.com to Mountain (South), MB, but the research_row entry jurisdiction_coverage.csv:9312 name Mountain (North), MB. | research_row pins www.rmofmountain.com to Mountain (North), MB, but the research_row entry jurisdiction_coverage.csv:9313 name Mountain (South), MB."
rockbf.org,,medium,R4,2,"Rockingham town, VT (us:cousub:5002560250): 1 research_row | Bellows Falls village, VT (us:place:5004225): 1 research_row",,"research_row pins rockbf.org to Rockingham town, VT, but the research_row entry jurisdiction_coverage.csv:24649 name Bellows Falls village, VT."
rocklandbrownwi.gov,,medium,R4,2,"Rockland town, WI (us:cousub:5500968875): 1 research_row | Rockland village, WI (us:place:5568900): 1 research_row",,"research_row pins rocklandbrownwi.gov to Rockland town, WI, but the research_row entry jurisdiction_coverage.csv:26063 name Rockland village, WI. | research_row pins rocklandbrownwi.gov to Rockland village, WI, but the research_row entry jurisdiction_coverage.csv:29536 name Rockland town, WI."
rtis.com,,medium,R4,2,"Perryton city, TX (us:place:4856912): 1 research_row | Smithville city, TX (us:place:4868456): 1 research_row",,"research_row pins rtis.com to Perryton city, TX, but the research_row entry jurisdiction_coverage.csv:30992 name Smithville city, TX. | research_row pins rtis.com to Smithville city, TX, but the research_row entry jurisdiction_coverage.csv:23956 name Perryton city, TX."
sad32.org,,medium,R4,2,"Nashville Plantation, ME (us:sd:2308580): 1 research_row | School Administrative District 32, ME (us:sd:2311280): 1 research_row",,"research_row pins sad32.org to Nashville Plantation, ME, but the research_row entry jurisdiction_coverage.csv:36794 name School Administrative District 32, ME."
salisburylehighpa.gov,,medium,R4,2,"Salisbury township, PA (us:cousub:4207767576): 1 research_row | Salisbury borough, PA (us:place:4267584): 1 research_row",,"research_row pins salisburylehighpa.gov to Salisbury borough, PA, but the research_row entry jurisdiction_coverage.csv:32064 name Salisbury township, PA. | research_row pins salisburylehighpa.gov to Salisbury township, PA, but the research_row entry jurisdiction_coverage.csv:19295 name Salisbury borough, PA."
sanfrancisco.granicus.com,,medium,R4,3,"San Francisco County, CA (us:county:06075): 1 research_row | San Francisco city, CA (us:place:0667000): 3 archive_page, 1 discovery_tenant, 1 research_row, 1 tenant_overrides | San Francisco Unified School District, CA (us:sd:0634410): 1 archive_page, 1 tier3_queue",us:place:0667000,"discovery_tenant pins sanfrancisco.granicus.com to San Francisco city, CA, but the tier3_queue entry tier3_auto_transcription_queue.txt:616 name San Francisco Unified School District, CA; 1 of 4 Archive pages on this host is filed under San Francisco Unified School District, CA. | research_row pins sanfrancisco.granicus.com to San Francisco County, CA, but the tier3_queue entry tier3_auto_transcription_queue.txt:616 name San Francisco Unified School District, CA; 1 of 4 Archive pages on this host is filed under San Francisco Unified School District, CA. | research_row pins sanfrancisco.granicus.com to San Francisco city, CA, but the tier3_queue entry tier3_auto_transcription_queue.txt:616 name San Francisco Unified School District, CA; 1 of 4 Archive pages on this host is filed under San Francisco Unified School District, CA. | tenant_overrides pins sanfrancisco.granicus.com to San Francisco city, CA, but the tier3_queue entry tier3_auto_transcription_queue.txt:616 name San Francisco U"
sanilaccounty.net,,medium,R4,3,"Sanilac County, MI (us:county:26151): 1 research_row | Custer township, MI (us:cousub:2615119460): 1 research_row | Forester township, MI (us:cousub:2615129500): 1 research_row",,"research_row pins www.sanilaccounty.net to Custer township, MI, but the research_row entry jurisdiction_coverage.csv:28684 name Forester township, MI."
schoolcrafttownshipmi.gov,,medium,R4,2,"Schoolcraft township, MI (us:cousub:2607771880): 1 research_row | Schoolcraft village, MI (us:place:2671860): 1 research_row",,"research_row pins schoolcrafttownshipmi.gov to Schoolcraft village, MI, but the research_row entry jurisdiction_coverage.csv:28864 name Schoolcraft township, MI. | research_row pins www.schoolcrafttownshipmi.gov to Schoolcraft township, MI, but the research_row entry jurisdiction_coverage.csv:10127 name Schoolcraft village, MI."
schoolunion122.net,,medium,R4,3,"New Sweden, ME (us:sd:2308700): 1 research_row | Westmanland, ME (us:sd:2313590): 1 research_row | Woodland, ME (us:sd:2314010): 1 research_row",,"research_row pins schoolunion122.net to New Sweden, ME, but the research_row entry jurisdiction_coverage.csv:36829 name Westmanland, ME. | research_row pins schoolunion122.net to New Sweden, ME, but the research_row entry jurisdiction_coverage.csv:36835 name Woodland, ME. | research_row pins schoolunion122.net to Westmanland, ME, but the research_row entry jurisdiction_coverage.csv:36758 name New Sweden, ME. | research_row pins schoolunion122.net to Westmanland, ME, but the research_row entry jurisdiction_coverage.csv:36835 name Woodland, ME. | research_row pins schoolunion122.net to Woodland, ME, but the research_row entry jurisdiction_coverage.csv:36758 name New Sweden, ME. | research_row pins schoolunion122.net to Woodland, ME, but the research_row entry jurisdiction_coverage.csv:36829 name Westmanland, ME."
shawneetownshipohio.gov,,medium,R4,2,"Shawnee township, OH (us:cousub:3900371955): 1 research_row | Shawnee village, OH (us:place:3971962): 1 research_row",,"research_row pins shawneetownshipohio.gov to Shawnee township, OH, but the research_row entry jurisdiction_coverage.csv:16916 name Shawnee village, OH. | research_row pins shawneetownshipohio.gov to Shawnee village, OH, but the research_row entry jurisdiction_coverage.csv:45924 name Shawnee township, OH."
shelbytownmi.iqm2.com,,medium,R4,2,"Shelby charter township, MI (us:cousub:2609972820): 2 archive_page, 1 discovery_tenant, 1 tenant_overrides | Shelby village, MI (us:place:2672840): 1 tier3_deferred",,"discovery_tenant pins shelbytownmi.iqm2.com to Shelby charter township, MI, but the tier3_deferred entry tier3_long_meetings_deferred.txt:123 name Shelby village, MI. | tenant_overrides pins shelbytownmi.iqm2.com to Shelby charter township, MI, but the tier3_deferred entry tier3_long_meetings_deferred.txt:123 name Shelby village, MI. | tier3_deferred pins shelbytownmi.iqm2.com to Shelby village, MI, but the tenant_overrides entry tenant_overrides.csv:5772 and the discovery_tenant entry ledger.db tenants:shelbytownmi.iqm2.com name Shelby charter township, MI; 2 of 2 Archive pages on this host are filed under Shelby charter township, MI."
sherburne.org,,medium,R4,2,"Sherburne town, NY (us:cousub:3601766894): 1 research_row | Sherburne village, NY (us:place:3666883): 1 research_row",,"research_row pins sherburne.org to Sherburne town, NY, but the research_row entry jurisdiction_coverage.csv:14499 name Sherburne village, NY. | research_row pins sherburne.org to Sherburne village, NY, but the research_row entry jurisdiction_coverage.csv:31795 name Sherburne town, NY."
shermanshebcowi.gov,,medium,R4,2,"Sherman town, WI (us:cousub:5501973350): 1 research_row | Sherman town, WI (us:cousub:5511773425): 1 research_row",,"research_row pins shermanshebcowi.gov to Sherman town, WI, but the research_row entry jurisdiction_coverage.csv:27592 name Sherman town, WI. | research_row pins shermanshebcowi.gov to Sherman town, WI, but the research_row entry jurisdiction_coverage.csv:29725 name Sherman town, WI."
showcase.netins.net,,medium,R4,2,"Clarence city, IA (us:place:1913530): 1 research_row | North English city, IA (us:place:1957225): 1 research_row",,"research_row pins showcase.netins.net to Clarence city, IA, but the research_row entry jurisdiction_coverage.csv:7243 name North English city, IA."
siouxcityschools.new.swagit.com,,medium,R4,2,"Sioux City city, IA (us:place:1973335): 1 research_row | Sioux City Community School District, IA (us:sd:1926400): 2 archive_page, 1 discovery_tenant, 1 tenant_overrides",,"research_row pins siouxcityschools.new.swagit.com to Sioux City city, IA, but the tenant_overrides entry tenant_overrides.csv:1263 and the discovery_tenant entry ledger.db tenants:siouxcityschools.new.swagit.com name Sioux City Community School District, IA; 2 of 2 Archive pages on this host are filed under Sioux City Community School District, IA."
skyways.org,,medium,R4,3,"Luray city, KS (us:place:2043250): 1 research_row | Potwin city, KS (us:place:2057300): 1 research_row | Sabetha city, KS (us:place:2062025): 1 research_row",,"research_row pins skyways.org to Luray city, KS, but the research_row entry jurisdiction_coverage.csv:30320 name Potwin city, KS. | research_row pins skyways.org to Luray city, KS, but the research_row entry jurisdiction_coverage.csv:8142 name Sabetha city, KS."
slc.primegov.com,,medium,R4,2,"Holladay city, UT (us:place:4936070): 1 research_row | Salt Lake City city, UT (us:place:4967000): 15 archive_page, 1 discovery_tenant, 1 tenant_overrides",,"discovery_tenant pins slc.primegov.com to Salt Lake City city, UT, but the research_row entry jurisdiction_coverage.csv:31367 name Holladay city, UT. | tenant_overrides pins slc.primegov.com to Salt Lake City city, UT, but the research_row entry jurisdiction_coverage.csv:31367 name Holladay city, UT."
southamptontownny.gov,,medium,R4,2,"Southampton town, NY (us:cousub:3610368473): 1 research_row | Southampton village, NY (us:place:3668462): 1 research_row",,"research_row pins southamptontownny.gov to Southampton town, NY, but the research_row entry jurisdiction_coverage.csv:14521 name Southampton village, NY. | research_row pins southamptontownny.gov to Southampton village, NY, but the research_row entry jurisdiction_coverage.csv:31798 name Southampton town, NY."
springportmi.com,,medium,R4,2,"Springport township, MI (us:cousub:2607575880): 1 research_row | Springport village, MI (us:place:2675860): 1 research_row",,"research_row pins springportmi.com to Springport township, MI, but the research_row entry jurisdiction_coverage.csv:10143 name Springport village, MI. | research_row pins springportmi.com to Springport village, MI, but the research_row entry jurisdiction_coverage.csv:28862 name Springport township, MI."
stearnscountymn.gov,,medium,R4,2,"Lake Henry city, MN (us:place:2734478): 1 research_row | Spring Hill city, MN (us:place:2761888): 1 research_row",,"research_row pins stearnscountymn.gov to Lake Henry city, MN, but the research_row entry jurisdiction_coverage.csv:10953 name Spring Hill city, MN. | research_row pins stearnscountymn.gov to Spring Hill city, MN, but the research_row entry jurisdiction_coverage.csv:10661 name Lake Henry city, MN."
su76.org,,medium,R4,3,"Brooklin, ME (us:sd:2303610): 1 research_row | Deer Isle-Stonington Community School District, ME (us:sd:2304895): 1 research_row | Isle au Haut, ME (us:sd:2306780): 1 research_row",,"research_row pins su76.org to Brooklin, ME, but the research_row entry jurisdiction_coverage.csv:36706 name Deer Isle-Stonington Community School District, ME. | research_row pins su76.org to Brooklin, ME, but the research_row entry jurisdiction_coverage.csv:36730 name Isle au Haut, ME. | research_row pins su76.org to Isle au Haut, ME, but the research_row entry jurisdiction_coverage.csv:36688 name Brooklin, ME. | research_row pins su76.org to Isle au Haut, ME, but the research_row entry jurisdiction_coverage.csv:36706 name Deer Isle-Stonington Community School District, ME."
sumner-eddyville-miller-ne.com,,medium,R4,2,"Miller village, NE (us:place:3132130): 1 research_row | Sumner village, NE (us:place:3147675): 1 research_row",,"research_row pins sumner-eddyville-miller-ne.com to Miller village, NE, but the research_row entry jurisdiction_coverage.csv:13197 name Sumner village, NE. | research_row pins sumner-eddyville-miller-ne.com to Sumner village, NE, but the research_row entry jurisdiction_coverage.csv:13034 name Miller village, NE."
sussex.escribemeetings.com,,medium,R1,2,"Sussex, NB (ca:csd:1305022): named by a flag only | Sussex, NB (rtr:ca:nb:sussex): 1 tenant_overrides",,"sussex.escribemeetings.com is pinned to Sussex, NB, but www.sussex.ca is pinned to Sussex, NB."
thehillstx.gov,,medium,R4,2,"Bishop Hills town, TX (us:place:4808398): 1 research_row | The Hills village, TX (us:place:4872578): 1 research_row",,"research_row pins thehillstx.gov to The Hills village, TX, but the research_row entry jurisdiction_coverage.csv:23092 name Bishop Hills town, TX."
thevillageofsmithville.com,,medium,R4,2,"Smithville village, OH (us:place:3972788): 1 research_row | Summitville village, OH (us:place:3975574): 1 research_row",,"research_row pins thevillageofsmithville.com to Smithville village, OH, but the research_row entry jurisdiction_coverage.csv:16972 name Summitville village, OH. | research_row pins thevillageofsmithville.com to Summitville village, OH, but the research_row entry jurisdiction_coverage.csv:16928 name Smithville village, OH."
tn.cottagegrove.wi.gov,,medium,R4,2,"Cottage Grove town, WI (us:cousub:5502517200): 1 research_row | Cottage Grove town, TN (us:place:4717340): 1 research_row",,"research_row pins tn.cottagegrove.wi.gov to Cottage Grove town, TN, but the research_row entry jurisdiction_coverage.csv:29567 name Cottage Grove town, WI. | research_row pins tn.cottagegrove.wi.gov to Cottage Grove town, WI, but the research_row entry jurisdiction_coverage.csv:22635 name Cottage Grove town, TN."
tnsharonwcwi.gov,,medium,R4,2,"Sharon town, WI (us:cousub:5512772900): 1 research_row | Sharon village, WI (us:place:5572875): 1 research_row",,"research_row pins tnsharonwcwi.gov to Sharon town, WI, but the research_row entry jurisdiction_coverage.csv:26076 name Sharon village, WI. | research_row pins tnsharonwcwi.gov to Sharon village, WI, but the research_row entry jurisdiction_coverage.csv:29742 name Sharon town, WI."
town.nunda.ny.us,,medium,R4,2,"Nunda town, NY (us:cousub:3605154089): 1 research_row | Nunda village, NY (us:place:3654078): 1 research_row",,"research_row pins town.nunda.ny.us to Nunda town, NY, but the research_row entry jurisdiction_coverage.csv:14375 name Nunda village, NY. | research_row pins town.nunda.ny.us to Nunda village, NY, but the research_row entry jurisdiction_coverage.csv:45863 name Nunda town, NY."
townfremontwi.gov,,medium,R4,2,"Fremont town, WI (us:cousub:5513527850): 1 research_row | Fremont village, WI (us:place:5527800): 1 research_row",,"research_row pins townfremontwi.gov to Fremont town, WI, but the research_row entry jurisdiction_coverage.csv:25775 name Fremont village, WI. | research_row pins townfremontwi.gov to Fremont village, WI, but the research_row entry jurisdiction_coverage.csv:29763 name Fremont town, WI."
townofadamswi.gov,,medium,R4,2,"Adams town, WI (us:cousub:5500100300): 1 research_row | Adams city, WI (us:place:5500275): 1 research_row",,"research_row pins townofadamswi.gov to Adams city, WI, but the research_row entry jurisdiction_coverage.csv:29520 name Adams town, WI. | research_row pins townofadamswi.gov to Adams town, WI, but the research_row entry jurisdiction_coverage.csv:25568 name Adams city, WI."
townofalgomawi.gov,,medium,R4,2,"Algoma town, WI (us:cousub:5513901025): 1 research_row | Algoma city, WI (us:place:5501000): 1 research_row",,"research_row pins townofalgomawi.gov to Algoma city, WI, but the research_row entry jurisdiction_coverage.csv:29770 name Algoma town, WI. | research_row pins townofalgomawi.gov to Algoma town, WI, but the research_row entry jurisdiction_coverage.csv:25571 name Algoma city, WI."
townofaurorany.gov,,medium,R4,2,"Aurora town, NY (us:cousub:3602903199): 1 archive_page, 1 tenant_overrides | Aurora village, NY (us:place:3603188): 1 research_row",,"research_row pins townofaurorany.gov to Aurora village, NY, but the tenant_overrides entry tenant_overrides.csv:1592 name Aurora town, NY; 1 of 1 Archive page on this host is filed under Aurora town, NY. | tenant_overrides pins www.townofaurorany.gov to Aurora town, NY, but the research_row entry jurisdiction_coverage.csv:13996 name Aurora village, NY."
townofbabylonny.gov,,medium,R4,2,"Babylon town, NY (us:cousub:3610304000): 1 archive_page, 1 discovery_tenant | Babylon village, NY (us:place:3603408): 1 research_row",,"discovery_tenant pins townofbabylonny.gov to Babylon town, NY, but the research_row entry jurisdiction_coverage.csv:13999 name Babylon village, NY. | research_row pins townofbabylonny.gov to Babylon village, NY, but the discovery_tenant entry ledger.db tenants:townofbabylonny.gov name Babylon town, NY; 1 of 1 Archive page on this host is filed under Babylon town, NY."
townofbathny.gov,,medium,R4,2,"Bath town, NY (us:cousub:3610104770): 1 research_row | Bath village, NY (us:place:3604759): 1 research_row",,"research_row pins townofbathny.gov to Bath town, NY, but the research_row entry jurisdiction_coverage.csv:14005 name Bath village, NY. | research_row pins townofbathny.gov to Bath village, NY, but the research_row entry jurisdiction_coverage.csv:45900 name Bath town, NY."
townofcato.com,,medium,R4,2,"Cato town, NY (us:cousub:3601112969): 1 research_row | Cato town, WI (us:cousub:5507113237): 1 research_row",,"research_row pins townofcato.com to Cato town, NY, but the research_row entry jurisdiction_coverage.csv:26714 name Cato town, WI. | research_row pins townofcato.com to Cato town, WI, but the research_row entry jurisdiction_coverage.csv:31432 name Cato town, NY."
townofcatskillny.gov,,medium,R4,2,"Catskill town, NY (us:cousub:3603913013): 1 research_row | Catskill village, NY (us:place:3613002): 1 research_row",,"research_row pins townofcatskillny.gov to Catskill town, NY, but the research_row entry jurisdiction_coverage.csv:14056 name Catskill village, NY. | research_row pins townofcatskillny.gov to Catskill village, NY, but the research_row entry jurisdiction_coverage.csv:31703 name Catskill town, NY."
townofcedarburgwi.gov,,medium,R4,2,"Cedarburg town, WI (us:cousub:5508913400): 1 research_row | Cedarburg city, WI (us:place:5513375): 1 archive_page, 1 research_row, 1 tier3_queue",,"research_row pins townofcedarburgwi.gov to Cedarburg city, WI, but the research_row entry jurisdiction_coverage.csv:29673 name Cedarburg town, WI. | research_row pins townofcedarburgwi.gov to Cedarburg town, WI, but the tier3_queue entry tier3_auto_transcription_queue.txt:459 and the research_row entry jurisdiction_coverage.csv:25669 name Cedarburg city, WI; 1 of 1 Archive page on this host is filed under Cedarburg city, WI. | tier3_queue pins www.townofcedarburgwi.gov to Cedarburg city, WI, but the research_row entry jurisdiction_coverage.csv:29673 name Cedarburg town, WI."
townofclymanwi.gov,,medium,R4,2,"Clyman town, WI (us:cousub:5502715925): 1 research_row | Clyman village, WI (us:place:5515900): 1 research_row",,"research_row pins townofclymanwi.gov to Clyman town, WI, but the research_row entry jurisdiction_coverage.csv:25683 name Clyman village, WI. | research_row pins townofclymanwi.gov to Clyman village, WI, but the research_row entry jurisdiction_coverage.csv:29576 name Clyman town, WI."
townofcorinthny.gov,,medium,R4,2,"Corinth town, NY (us:cousub:3609118223): 1 research_row | Corinth village, NY (us:place:3618212): 1 research_row",,"research_row pins townofcorinthny.gov to Corinth town, NY, but the research_row entry jurisdiction_coverage.csv:14097 name Corinth village, NY. | research_row pins townofcorinthny.gov to Corinth village, NY, but the research_row entry jurisdiction_coverage.csv:45892 name Corinth town, NY."
townofdelhiny.com,,medium,R4,2,"Delhi town, NY (us:cousub:3602520137): 1 research_row | Delhi village, NY (us:place:3620126): 1 research_row",,"research_row pins townofdelhiny.com to Delhi town, NY, but the research_row entry jurisdiction_coverage.csv:14114 name Delhi village, NY. | research_row pins townofdelhiny.com to Delhi village, NY, but the research_row entry jurisdiction_coverage.csv:31722 name Delhi town, NY."
townofdelmar.us,,medium,R4,2,"Delmar town, DE (us:place:1020380): 1 research_row | Delmar town, MD (us:place:2422600): 1 research_row",,"research_row pins townofdelmar.us to Delmar town, DE, but the research_row entry jurisdiction_coverage.csv:9469 name Delmar town, MD. | research_row pins townofdelmar.us to Delmar town, MD, but the research_row entry jurisdiction_coverage.csv:3304 name Delmar town, DE."
townofdrydenny.gov,,medium,R4,2,"Dryden town, NY (us:cousub:3610920962): 1 research_row | Dryden village, NY (us:place:3620951): 1 research_row",,"research_row pins townofdrydenny.gov to Dryden town, NY, but the research_row entry jurisdiction_coverage.csv:14122 name Dryden village, NY. | research_row pins townofdrydenny.gov to Dryden village, NY, but the research_row entry jurisdiction_coverage.csv:31724 name Dryden town, NY."
townofelbridge.com,,medium,R4,2,"Elbridge town, NY (us:cousub:3606723800): 1 research_row | Elbridge village, NY (us:place:3623789): 1 research_row",,"research_row pins townofelbridge.com to Elbridge town, NY, but the research_row entry jurisdiction_coverage.csv:14136 name Elbridge village, NY. | research_row pins townofelbridge.com to Elbridge village, NY, but the research_row entry jurisdiction_coverage.csv:31726 name Elbridge town, NY."
townofemmetwi.gov,,medium,R4,2,"Emmet town, WI (us:cousub:5502724000): 1 research_row | Emmet town, WI (us:cousub:5507324025): 1 research_row",,"research_row pins townofemmetwi.gov to Emmet town, WI, but the research_row entry jurisdiction_coverage.csv:27429 name Emmet town, WI. | research_row pins townofemmetwi.gov to Emmet town, WI, but the research_row entry jurisdiction_coverage.csv:29645 name Emmet town, WI."
townofgoshenny.gov,,medium,R4,2,"Goshen town, NY (us:cousub:3607129553): 1 research_row | Goshen village, NY (us:place:3629542): 1 research_row",,"research_row pins townofgoshenny.gov to Goshen town, NY, but the research_row entry jurisdiction_coverage.csv:14186 name Goshen village, NY. | research_row pins townofgoshenny.gov to Goshen village, NY, but the research_row entry jurisdiction_coverage.csv:45611 name Goshen town, NY."
townofgouverneur.gov,,medium,R4,2,"Gouverneur town, NY (us:cousub:3608929608): 1 research_row | Gouverneur village, NY (us:place:3629597): 1 research_row",,"research_row pins townofgouverneur.gov to Gouverneur town, NY, but the research_row entry jurisdiction_coverage.csv:14187 name Gouverneur village, NY. | research_row pins townofgouverneur.gov to Gouverneur village, NY, but the research_row entry jurisdiction_coverage.csv:45889 name Gouverneur town, NY."
townofgraftonwi.gov,,medium,R4,2,"Grafton town, WI (us:cousub:5508930025): 1 research_row | Grafton village, WI (us:place:5530000): 1 research_row",,"research_row pins townofgraftonwi.gov to Grafton town, WI, but the research_row entry jurisdiction_coverage.csv:25789 name Grafton village, WI. | research_row pins townofgraftonwi.gov to Grafton village, WI, but the research_row entry jurisdiction_coverage.csv:29674 name Grafton town, WI."
townofharrisonmcwi.gov,,medium,R4,2,"Harrison town, WI (us:cousub:5507332900): 1 research_row | Harrison village, WI (us:place:5532790): 1 research_row",,"research_row pins townofharrisonmcwi.gov to Harrison town, WI, but the research_row entry jurisdiction_coverage.csv:25805 name Harrison village, WI. | research_row pins townofharrisonmcwi.gov to Harrison village, WI, but the research_row entry jurisdiction_coverage.csv:29646 name Harrison town, WI."
townofhartfordwi.gov,,medium,R4,2,"Hartford town, WI (us:cousub:5513133025): 1 research_row | Hartford city, WI (us:place:5533000): 1 research_row",,"research_row pins townofhartfordwi.gov to Hartford city, WI, but the research_row entry jurisdiction_coverage.csv:29749 name Hartford town, WI. | research_row pins townofhartfordwi.gov to Hartford town, WI, but the research_row entry jurisdiction_coverage.csv:25806 name Hartford city, WI."
townofhorseheads.gov,,medium,R4,2,"Horseheads town, NY (us:cousub:3601535705): 1 research_row | Horseheads village, NY (us:place:3635694): 1 research_row, 1 tenant_overrides",,"research_row pins townofhorseheads.gov to Horseheads town, NY, but the tenant_overrides entry tenant_overrides.csv:1378 and the research_row entry jurisdiction_coverage.csv:14231 name Horseheads village, NY. | research_row pins townofhorseheads.gov to Horseheads village, NY, but the research_row entry jurisdiction_coverage.csv:31744 name Horseheads town, NY. | tenant_overrides pins townofhorseheads.gov to Horseheads village, NY, but the research_row entry jurisdiction_coverage.csv:31744 name Horseheads town, NY."
townofhustisford.gov,,medium,R4,2,"Hustisford town, WI (us:cousub:5502736650): 1 research_row | Hustisford village, WI (us:place:5536625): 1 research_row",,"research_row pins townofhustisford.gov to Hustisford town, WI, but the research_row entry jurisdiction_coverage.csv:25825 name Hustisford village, WI. | research_row pins townofhustisford.gov to Hustisford village, WI, but the research_row entry jurisdiction_coverage.csv:29578 name Hustisford town, WI."
townofjacksonwi.gov,,medium,R4,2,"Jackson town, WI (us:cousub:5513137700): 1 research_row | Jackson village, WI (us:place:5537675): 1 research_row",,"research_row pins townofjacksonwi.gov to Jackson town, WI, but the research_row entry jurisdiction_coverage.csv:25835 name Jackson village, WI. | research_row pins townofjacksonwi.gov to Jackson village, WI, but the research_row entry jurisdiction_coverage.csv:29750 name Jackson town, WI."
townofjohnson.com,,medium,R4,2,"Johnson town, VT (us:cousub:5001537075): 1 research_row | Johnson village, VT (us:place:5037000): 1 research_row",,"research_row pins townofjohnson.com to Johnson town, VT, but the research_row entry jurisdiction_coverage.csv:24665 name Johnson village, VT. | research_row pins townofjohnson.com to Johnson village, VT, but the research_row entry jurisdiction_coverage.csv:32149 name Johnson town, VT."
townofkewaskumwi.gov,,medium,R4,2,"Kewaskum town, WI (us:cousub:5513139325): 1 research_row | Kewaskum village, WI (us:place:5539300): 1 research_row",,"research_row pins townofkewaskumwi.gov to Kewaskum town, WI, but the research_row entry jurisdiction_coverage.csv:25850 name Kewaskum village, WI. | research_row pins townofkewaskumwi.gov to Kewaskum village, WI, but the research_row entry jurisdiction_coverage.csv:29751 name Kewaskum town, WI."
townoflavalle.us,,medium,R4,2,"La Valle town, WI (us:cousub:5511142850): 1 research_row | La Valle village, WI (us:place:5542825): 1 research_row",,"research_row pins townoflavalle.us to La Valle town, WI, but the research_row entry jurisdiction_coverage.csv:25862 name La Valle village, WI. | research_row pins townoflavalle.us to La Valle village, WI, but the research_row entry jurisdiction_coverage.csv:29711 name La Valle town, WI."
townofleicesterny.gov,,medium,R4,2,"Leicester town, NY (us:cousub:3605141883): 1 research_row | Leicester village, NY (us:place:3641872): 1 research_row",,"research_row pins townofleicesterny.gov to Leicester town, NY, but the research_row entry jurisdiction_coverage.csv:14271 name Leicester village, NY. | research_row pins townofleicesterny.gov to Leicester village, NY, but the research_row entry jurisdiction_coverage.csv:45862 name Leicester town, NY."
townoflibertyocwi.gov,,medium,R4,2,"Liberty town, WI (us:cousub:5504343825): 1 research_row | Liberty town, WI (us:cousub:5508743875): 1 research_row",,"research_row pins townoflibertyocwi.gov to Liberty town, WI, but the research_row entry jurisdiction_coverage.csv:27254 name Liberty town, WI. | research_row pins townoflibertyocwi.gov to Liberty town, WI, but the research_row entry jurisdiction_coverage.csv:29672 name Liberty town, WI."
townoflomira.gov,,medium,R4,2,"Lomira town, WI (us:cousub:5502745500): 1 research_row | Lomira village, WI (us:place:5545475): 1 research_row",,"research_row pins townoflomira.gov to Lomira town, WI, but the research_row entry jurisdiction_coverage.csv:25884 name Lomira village, WI. | research_row pins townoflomira.gov to Lomira village, WI, but the research_row entry jurisdiction_coverage.csv:29579 name Lomira town, WI."
townofmazomaniewi.gov,,medium,R4,2,"Mazomanie town, WI (us:cousub:5502550250): 1 research_row | Mazomanie village, WI (us:place:5550225): 1 research_row",,"research_row pins townofmazomaniewi.gov to Mazomanie town, WI, but the research_row entry jurisdiction_coverage.csv:25913 name Mazomanie village, WI. | research_row pins townofmazomaniewi.gov to Mazomanie village, WI, but the research_row entry jurisdiction_coverage.csv:46251 name Mazomanie town, WI."
townofmilltownwi.gov,,medium,R4,2,"Milltown town, WI (us:cousub:5509552100): 1 research_row | Milltown village, WI (us:place:5552075): 1 research_row",,"research_row pins townofmilltownwi.gov to Milltown town, WI, but the research_row entry jurisdiction_coverage.csv:25929 name Milltown village, WI. | research_row pins townofmilltownwi.gov to Milltown village, WI, but the research_row entry jurisdiction_coverage.csv:29679 name Milltown town, WI."
townofmiltonwi.gov,,medium,R4,2,"Milton town, WI (us:cousub:5501152175): 1 research_row | Milton city, WI (us:place:5552200): 1 research_row",,"research_row pins townofmiltonwi.gov to Milton city, WI, but the research_row entry jurisdiction_coverage.csv:29537 name Milton town, WI. | research_row pins townofmiltonwi.gov to Milton town, WI, but the research_row entry jurisdiction_coverage.csv:25930 name Milton city, WI."
townofmooreland.net,,medium,R4,2,"Mooreland town, IN (us:place:1850940): 1 research_row | Mooreland town, OK (us:place:4049250): 1 research_row",,"research_row pins townofmooreland.net to Mooreland town, IN, but the research_row entry jurisdiction_coverage.csv:17503 name Mooreland town, OK. | research_row pins townofmooreland.net to Mooreland town, OK, but the research_row entry jurisdiction_coverage.csv:6330 name Mooreland town, IN."
townofnewcarlisle.com,,medium,R4,2,"Carlisle town, IN (us:place:1810270): 1 research_row | New Carlisle town, IN (us:place:1852704): 1 research_row",,"research_row pins townofnewcarlisle.com to Carlisle town, IN, but the research_row entry jurisdiction_coverage.csv:6346 name New Carlisle town, IN. | research_row pins townofnewcarlisle.com to New Carlisle town, IN, but the research_row entry jurisdiction_coverage.csv:6046 name Carlisle town, IN."
townofnewhavendunnwi.gov,,medium,R4,2,"New Haven town, WI (us:cousub:5500156750): 1 research_row | New Haven town, WI (us:cousub:5503356775): 1 research_row",,"research_row pins townofnewhavendunnwi.gov to New Haven town, WI, but the research_row entry jurisdiction_coverage.csv:26921 name New Haven town, WI. | research_row pins townofnewhavendunnwi.gov to New Haven town, WI, but the research_row entry jurisdiction_coverage.csv:29594 name New Haven town, WI."
townofnorthcollinsny.gov,,medium,R4,2,"North Collins town, NY (us:cousub:3602951803): 1 research_row | North Collins village, NY (us:place:3651792): 1 research_row",,"research_row pins townofnorthcollinsny.gov to North Collins town, NY, but the research_row entry jurisdiction_coverage.csv:14365 name North Collins village, NY. | research_row pins townofnorthcollinsny.gov to North Collins village, NY, but the research_row entry jurisdiction_coverage.csv:45850 name North Collins town, NY."
townofosceola.org,,medium,R4,2,"Osceola town, WI (us:cousub:5503960425): 1 research_row | Osceola village, WI (us:place:5560450): 1 research_row",,"research_row pins townofosceola.org to Osceola town, WI, but the research_row entry jurisdiction_coverage.csv:25991 name Osceola village, WI. | research_row pins townofosceola.org to Osceola village, WI, but the research_row entry jurisdiction_coverage.csv:29599 name Osceola town, WI."
townofpelham.com,,medium,R4,2,"Pelham town, NY (us:cousub:3611957012): 1 research_row | Pelham village, NY (us:place:3657001): 1 research_row",,"research_row pins townofpelham.com to Pelham town, NY, but the research_row entry jurisdiction_coverage.csv:14415 name Pelham village, NY. | research_row pins townofpelham.com to Pelham village, NY, but the research_row entry jurisdiction_coverage.csv:31779 name Pelham town, NY."
townofrichmond-walworthwi.gov,,medium,R4,2,"Richmond town, WI (us:cousub:5510967650): 1 research_row | Richmond town, WI (us:cousub:5512767725): 1 research_row",,"research_row pins townofrichmond-walworthwi.gov to Richmond town, WI, but the research_row entry jurisdiction_coverage.csv:27228 name Richmond town, WI. | research_row pins townofrichmond-walworthwi.gov to Richmond town, WI, but the research_row entry jurisdiction_coverage.csv:29741 name Richmond town, WI."
townofsandycreekny.gov,,medium,R4,2,"Sandy Creek town, NY (us:cousub:3607565079): 1 research_row | Sandy Creek village, NY (us:place:3665068): 1 research_row",,"research_row pins townofsandycreekny.gov to Sandy Creek town, NY, but the research_row entry jurisdiction_coverage.csv:14480 name Sandy Creek village, NY. | research_row pins townofsandycreekny.gov to Sandy Creek village, NY, but the research_row entry jurisdiction_coverage.csv:45884 name Sandy Creek town, NY."
townofsenecawoodcowi.gov,,medium,R4,2,"Seneca town, WI (us:cousub:5502372500): 1 research_row | Seneca town, WI (us:cousub:5514172575): 1 research_row",,"research_row pins townofsenecawoodcowi.gov to Seneca town, WI, but the research_row entry jurisdiction_coverage.csv:27869 name Seneca town, WI. | research_row pins townofsenecawoodcowi.gov to Seneca town, WI, but the research_row entry jurisdiction_coverage.csv:29778 name Seneca town, WI."
townofshields-wi.gov,,medium,R4,2,"Shields town, WI (us:cousub:5502773575): 1 research_row | Shields town, WI (us:cousub:5507773600): 1 research_row",,"research_row pins townofshields-wi.gov to Shields town, WI, but the research_row entry jurisdiction_coverage.csv:27442 name Shields town, WI. | research_row pins townofshields-wi.gov to Shields town, WI, but the research_row entry jurisdiction_coverage.csv:29657 name Shields town, WI."
townofsigelwoodwi.gov,,medium,R4,2,"Sigel town, WI (us:cousub:5501773875): 1 research_row | Sigel town, WI (us:cousub:5514173900): 1 research_row",,"research_row pins townofsigelwoodwi.gov to Sigel town, WI, but the research_row entry jurisdiction_coverage.csv:27308 name Sigel town, WI. | research_row pins townofsigelwoodwi.gov to Sigel town, WI, but the research_row entry jurisdiction_coverage.csv:29780 name Sigel town, WI."
townofspringvalleywi.gov,,medium,R4,2,"Spring Valley town, WI (us:cousub:5510576325): 1 research_row | Spring Valley village, WI (us:place:5576300): 1 research_row",,"research_row pins townofspringvalleywi.gov to Spring Valley town, WI, but the research_row entry jurisdiction_coverage.csv:26102 name Spring Valley village, WI. | research_row pins townofspringvalleywi.gov to Spring Valley village, WI, but the research_row entry jurisdiction_coverage.csv:29703 name Spring Valley town, WI."
townofstarprairiewi.gov,,medium,R4,2,"Star Prairie town, WI (us:cousub:5510976850): 1 research_row | Star Prairie village, WI (us:place:5576825): 1 research_row",,"research_row pins townofstarprairiewi.gov to Star Prairie town, WI, but the research_row entry jurisdiction_coverage.csv:26108 name Star Prairie village, WI. | research_row pins townofstarprairiewi.gov to Star Prairie village, WI, but the research_row entry jurisdiction_coverage.csv:29707 name Star Prairie town, WI."
townofstcroixfallswi.gov,,medium,R4,2,"St. Croix Falls town, WI (us:cousub:5509570575): 1 research_row | St. Croix Falls city, WI (us:place:5570550): 1 research_row",,"research_row pins townofstcroixfallswi.gov to St. Croix Falls city, WI, but the research_row entry jurisdiction_coverage.csv:29680 name St. Croix Falls town, WI. | research_row pins townofstcroixfallswi.gov to St. Croix Falls town, WI, but the research_row entry jurisdiction_coverage.csv:26105 name St. Croix Falls city, WI."
townofstillwaterny.gov,,medium,R4,2,"Stillwater town, NY (us:cousub:3609171333): 1 research_row | Stillwater village, NY (us:place:3671322): 1 research_row",,"research_row pins townofstillwaterny.gov to Stillwater town, NY, but the research_row entry jurisdiction_coverage.csv:14532 name Stillwater village, NY. | research_row pins townofstillwaterny.gov to Stillwater village, NY, but the research_row entry jurisdiction_coverage.csv:45895 name Stillwater town, NY."
townoftheresany.com,,medium,R4,2,"Theresa town, NY (us:cousub:3604573528): 1 research_row | Theresa village, NY (us:place:3673517): 1 research_row",,"research_row pins townoftheresany.com to Theresa town, NY, but the research_row entry jurisdiction_coverage.csv:14540 name Theresa village, NY. | research_row pins townoftheresany.com to Theresa village, NY, but the research_row entry jurisdiction_coverage.csv:31800 name Theresa town, NY."
townoftheresawi.gov,,medium,R4,2,"Theresa town, WI (us:cousub:5502779425): 1 research_row | Theresa village, WI (us:place:5579375): 1 research_row",,"research_row pins townoftheresawi.gov to Theresa town, WI, but the research_row entry jurisdiction_coverage.csv:26129 name Theresa village, WI. | research_row pins townoftheresawi.gov to Theresa village, WI, but the research_row entry jurisdiction_coverage.csv:29581 name Theresa town, WI."
townofuniondoorwi.gov,,medium,R4,2,"Union town, WI (us:cousub:5501381500): 1 research_row | Union town, WI (us:cousub:5502981525): 1 research_row",,"research_row pins townofuniondoorwi.gov to Union town, WI, but the research_row entry jurisdiction_coverage.csv:26962 name Union town, WI. | research_row pins townofuniondoorwi.gov to Union town, WI, but the research_row entry jurisdiction_coverage.csv:29587 name Union town, WI."
townofvictorny.gov,,medium,R4,2,"Victor town, NY (us:cousub:3606977387): 1 archive_page, 1 discovery_tenant, 1 tenant_overrides | Victor village, NY (us:place:3677376): 1 research_row",,"discovery_tenant pins townofvictorny.gov to Victor town, NY, but the research_row entry jurisdiction_coverage.csv:14565 name Victor village, NY. | research_row pins townofvictorny.gov to Victor village, NY, but the tenant_overrides entry tenant_overrides.csv:1381 and the discovery_tenant entry ledger.db tenants:townofvictorny.gov name Victor town, NY; 1 of 1 Archive page on this host is filed under Victor town, NY. | tenant_overrides pins townofvictorny.gov to Victor town, NY, but the research_row entry jurisdiction_coverage.csv:14565 name Victor village, NY."
townofwalworthwi.gov,,medium,R4,2,"Walworth town, WI (us:cousub:5512783275): 1 research_row | Walworth village, WI (us:place:5583250): 1 research_row",,"research_row pins townofwalworthwi.gov to Walworth town, WI, but the research_row entry jurisdiction_coverage.csv:26154 name Walworth village, WI. | research_row pins townofwalworthwi.gov to Walworth village, WI, but the research_row entry jurisdiction_coverage.csv:29745 name Walworth town, WI."
townofwaterfordny.gov,,medium,R4,2,"Waterford town, NY (us:cousub:3609178531): 1 research_row | Waterford village, NY (us:place:3678520): 1 research_row",,"research_row pins townofwaterfordny.gov to Waterford town, NY, but the research_row entry jurisdiction_coverage.csv:14578 name Waterford village, NY. | research_row pins townofwaterfordny.gov to Waterford village, NY, but the research_row entry jurisdiction_coverage.csv:45896 name Waterford town, NY."
townofwausaukeewi.gov,,medium,R4,2,"Wausaukee town, WI (us:cousub:5507584550): 1 research_row | Wausaukee village, WI (us:place:5584525): 1 research_row",,"research_row pins townofwausaukeewi.gov to Wausaukee town, WI, but the research_row entry jurisdiction_coverage.csv:26169 name Wausaukee village, WI. | research_row pins townofwausaukeewi.gov to Wausaukee village, WI, but the research_row entry jurisdiction_coverage.csv:29653 name Wausaukee town, WI."
townofwautomawi.gov,,medium,R4,2,"Wautoma town, WI (us:cousub:5513784650): 1 research_row | Wautoma city, WI (us:place:5584625): 1 research_row",,"research_row pins townofwautomawi.gov to Wautoma city, WI, but the research_row entry jurisdiction_coverage.csv:29769 name Wautoma town, WI. | research_row pins townofwautomawi.gov to Wautoma town, WI, but the research_row entry jurisdiction_coverage.csv:26171 name Wautoma city, WI."
townofwinchesterwi.gov,,medium,R4,2,"Winchester town, WI (us:cousub:5512587600): 1 research_row | Winchester town, WI (us:cousub:5513987650): 1 research_row",,"research_row pins townofwinchesterwi.gov to Winchester town, WI, but the research_row entry jurisdiction_coverage.csv:27341 name Winchester town, WI. | research_row pins townofwinchesterwi.gov to Winchester town, WI, but the research_row entry jurisdiction_coverage.csv:29772 name Winchester town, WI."
townofwoodbury.com,,medium,R4,2,"Woodbury town, NY (us:cousub:3607182755): 1 research_row | Woodbury village, NY (us:place:3682750): 1 research_row",,"research_row pins townofwoodbury.com to Woodbury town, NY, but the research_row entry jurisdiction_coverage.csv:14609 name Woodbury village, NY. | research_row pins townofwoodbury.com to Woodbury village, NY, but the research_row entry jurisdiction_coverage.csv:31817 name Woodbury town, NY."
townofwoodstock.org,,medium,R4,2,"Woodstock town, VT (us:cousub:5002785975): 1 research_row | Woodstock village, VT (us:place:5085900): 1 research_row",,"research_row pins townofwoodstock.org to Woodstock town, VT, but the research_row entry jurisdiction_coverage.csv:24694 name Woodstock village, VT. | research_row pins townofwoodstock.org to Woodstock village, VT, but the research_row entry jurisdiction_coverage.csv:32181 name Woodstock town, VT."
townofwoodvillewi.gov,,medium,R4,2,"Woodville town, WI (us:cousub:5501589000): 1 research_row | Woodville village, WI (us:place:5589025): 1 research_row",,"research_row pins townofwoodvillewi.gov to Woodville town, WI, but the research_row entry jurisdiction_coverage.csv:26206 name Woodville village, WI. | research_row pins townofwoodvillewi.gov to Woodville village, WI, but the research_row entry jurisdiction_coverage.csv:29545 name Woodville town, WI."
tradecorridor.com,,medium,R4,2,"McClusky city, ND (us:place:3849020): 1 research_row | Walhalla city, ND (us:place:3882980): 1 research_row",,"research_row pins tradecorridor.com to McClusky city, ND, but the research_row entry jurisdiction_coverage.csv:15964 name Walhalla city, ND. | research_row pins tradecorridor.com to Walhalla city, ND, but the research_row entry jurisdiction_coverage.csv:15818 name McClusky city, ND."
troywalworthwi.gov,,medium,R4,2,"Troy town, WI (us:cousub:5510980800): 1 research_row | Troy town, WI (us:cousub:5512780875): 1 research_row",,"research_row pins troywalworthwi.gov to Troy town, WI, but the research_row entry jurisdiction_coverage.csv:27878 name Troy town, WI. | research_row pins troywalworthwi.gov to Troy town, WI, but the research_row entry jurisdiction_coverage.csv:29744 name Troy town, WI."
tuxedogov.org,,medium,R4,2,"Tuxedo town, NY (us:cousub:3607175781): 1 research_row | Tuxedo village, NY (us:place:3675779): 1 research_row",,"research_row pins tuxedogov.org to Tuxedo town, NY, but the research_row entry jurisdiction_coverage.csv:14553 name Tuxedo village, NY. | research_row pins tuxedogov.org to Tuxedo village, NY, but the research_row entry jurisdiction_coverage.csv:31804 name Tuxedo town, NY."
tvhamilton.cablecast.tv,,medium,R4,2,"Hamilton city, OH (us:place:3933012): 2 archive_page, 1 discovery_tenant, 1 tenant_overrides | Hamilton City School District, OH (us:sd:3904410): 1 archive_page",us:place:3933012,"discovery_tenant pins tvhamilton.cablecast.tv to Hamilton city, OH, but 1 of 3 Archive pages on this host is filed under Hamilton City School District, OH. | tenant_overrides pins tvhamilton.cablecast.tv to Hamilton city, OH, but 1 of 3 Archive pages on this host is filed under Hamilton City School District, OH."
twp.grand-blanc.mi.us,,medium,R4,2,"Grand Blanc charter township, MI (us:cousub:2604933300): 1 research_row | Grand Blanc city, MI (us:place:2633280): 1 research_row",,"research_row pins twp.grand-blanc.mi.us to Grand Blanc city, MI, but the research_row entry jurisdiction_coverage.csv:28350 name Grand Blanc charter township, MI. | research_row pins www.twp.grand-blanc.mi.us to Grand Blanc charter township, MI, but the research_row entry jurisdiction_coverage.csv:9861 name Grand Blanc city, MI."
twp.jerusalem.oh.us,,medium,R4,2,"Jerusalem township, OH (us:cousub:3909539116): 1 research_row, 1 tier3_queue | Jerusalem village, OH (us:place:3939130): 1 research_row",,"research_row pins twp.jerusalem.oh.us to Jerusalem township, OH, but the research_row entry jurisdiction_coverage.csv:16555 name Jerusalem village, OH. | research_row pins twp.jerusalem.oh.us to Jerusalem village, OH, but the tier3_queue entry tier3_auto_transcription_queue.txt:728 and the research_row entry jurisdiction_coverage.csv:31853 name Jerusalem township, OH. | tier3_queue pins twp.jerusalem.oh.us to Jerusalem township, OH, but the research_row entry jurisdiction_coverage.csv:16555 name Jerusalem village, OH."
union.fivetowns.net,,medium,R4,3,"Appleton, ME (us:sd:2302510): 1 research_row | Hope, ME (us:sd:2306610): 1 research_row | Lincolnville, ME (us:sd:2307450): 1 research_row",,"research_row pins union.fivetowns.net to Appleton, ME, but the research_row entry jurisdiction_coverage.csv:36729 name Hope, ME. | research_row pins union.fivetowns.net to Appleton, ME, but the research_row entry jurisdiction_coverage.csv:36741 name Lincolnville, ME. | research_row pins union.fivetowns.net to Hope, ME, but the research_row entry jurisdiction_coverage.csv:36671 name Appleton, ME. | research_row pins union.fivetowns.net to Hope, ME, but the research_row entry jurisdiction_coverage.csv:36741 name Lincolnville, ME. | research_row pins union.fivetowns.net to Lincolnville, ME, but the research_row entry jurisdiction_coverage.csv:36671 name Appleton, ME. | research_row pins union.fivetowns.net to Lincolnville, ME, but the research_row entry jurisdiction_coverage.csv:36729 name Hope, ME."
union103.org,,medium,R4,3,"Beals, ME (us:sd:2302950): 1 research_row | Jonesport, ME (us:sd:2307100): 1 research_row | Moosabec Community School District, ME (us:sd:2308400): 1 research_row",,"research_row pins union103.org to Beals, ME, but the research_row entry jurisdiction_coverage.csv:36734 name Jonesport, ME. | research_row pins union103.org to Beals, ME, but the research_row entry jurisdiction_coverage.csv:36754 name Moosabec Community School District, ME. | research_row pins union103.org to Jonesport, ME, but the research_row entry jurisdiction_coverage.csv:36678 name Beals, ME. | research_row pins union103.org to Jonesport, ME, but the research_row entry jurisdiction_coverage.csv:36754 name Moosabec Community School District, ME."
utclermont.gov,,medium,R4,2,"Union township, OH (us:cousub:3902578288): 2 archive_page, 1 discovery_tenant, 1 research_row, 1 tenant_overrides | Union City village, OH (us:place:3978624): 1 research_row",,"discovery_tenant pins utclermont.gov to Union township, OH, but the research_row entry jurisdiction_coverage.csv:31359 name Union City village, OH. | research_row pins utclermont.gov to Union City village, OH, but the tenant_overrides entry tenant_overrides.csv:4364 and the research_row entry jurisdiction_coverage.csv:32284 and the discovery_tenant entry ledger.db tenants:utclermont.gov name Union township, OH; 2 of 2 Archive pages on this host are filed under Union township, OH. | research_row pins utclermont.gov to Union township, OH, but the research_row entry jurisdiction_coverage.csv:31359 name Union City village, OH. | tenant_overrides pins utclermont.gov to Union township, OH, but the research_row entry jurisdiction_coverage.csv:31359 name Union City village, OH."
valleyview.net,,medium,R4,2,"Valley View village, OH (us:place:3979268): 1 research_row | Valleyview village, OH (us:place:3979282): 1 research_row",,"research_row pins valleyview.net to Valley View village, OH, but the research_row entry jurisdiction_coverage.csv:17009 name Valleyview village, OH. | research_row pins valleyview.net to Valleyview village, OH, but the research_row entry jurisdiction_coverage.csv:17008 name Valley View village, OH."
vanburencountymi.gov,,medium,R4,2,"Bangor township, MI (us:cousub:2615905160): 1 research_row | Waverly township, MI (us:cousub:2615984820): 1 research_row",,"research_row pins www.vanburencountymi.gov to Bangor township, MI, but the research_row entry jurisdiction_coverage.csv:28733 name Waverly township, MI. | research_row pins www.vanburencountymi.gov to Waverly township, MI, but the research_row entry jurisdiction_coverage.csv:28989 name Bangor township, MI."
vernontwp-mi.gov,,medium,R4,2,"Vernon township, MI (us:cousub:2615582040): 1 research_row | Vernon village, MI (us:place:2682020): 1 research_row",,"research_row pins vernontwp-mi.gov to Vernon village, MI, but the research_row entry jurisdiction_coverage.csv:28974 name Vernon township, MI. | research_row pins www.vernontwp-mi.gov to Vernon township, MI, but the research_row entry jurisdiction_coverage.csv:10183 name Vernon village, MI."
videoplayer.telvue.com,BUJHRRxhCf0u3AtXMrx7Sx7CjdW8zUFT,medium,R4,2,"Orange town, CT (us:cousub:0917057600): 1 tenant_overrides | Orange School District, CT (us:sd:0903210): named by a flag only",,"tenant_overrides pins videoplayer.telvue.com (BUJHRRxhCf0u3AtXMrx7Sx7CjdW8zUFT) to Orange town, CT, but 1 of 2 Archive pages of this tenant is filed under Orange School District, CT."
videoplayer.telvue.com,CXN6V2zmqTebSQfLjvlDzEql3BwiQh_l,medium,R4,2,"Derry town, NH (us:cousub:3301517940): 1 tenant_overrides | Derry Cooperative School District, NH (us:sd:3302610): named by a flag only",us:cousub:3301517940,"tenant_overrides pins videoplayer.telvue.com (CXN6V2zmqTebSQfLjvlDzEql3BwiQh_l) to Derry town, NH, but 2 of 4 Archive pages of this tenant are filed under Derry Cooperative School District, NH."
videoplayer.telvue.com,GdKmpgaiQkyNQGt9mPxbWef1BmyvHIOm,medium,R4,2,"Yarmouth town, ME (us:cousub:2300587845): 1 tenant_overrides | Yarmouth School Department, ME (us:sd:2314100): named by a flag only",,"tenant_overrides pins videoplayer.telvue.com (GdKmpgaiQkyNQGt9mPxbWef1BmyvHIOm) to Yarmouth town, ME, but 2 of 4 Archive pages of this tenant are filed under Yarmouth School Department, ME."
videoplayer.telvue.com,O1KDXxYafTFWNyJDAq7WcuvJ9u9YH6tS,medium,R4,2,"Sun Prairie city, WI (us:place:5578600): 1 tenant_overrides | Sun Prairie Area School District, WI (us:sd:5514640): named by a flag only",,"tenant_overrides pins videoplayer.telvue.com (O1KDXxYafTFWNyJDAq7WcuvJ9u9YH6tS) to Sun Prairie city, WI, but 1 of 3 Archive pages of this tenant is filed under Sun Prairie Area School District, WI."
videoplayer.telvue.com,YhjrGzjr53TBI-xqCQGATh6xTOfUjhiy,medium,R4,2,"Madison town, NH (us:cousub:3300345060): 1 tenant_overrides | Madison School District, NH (us:sd:3304560): named by a flag only",,"tenant_overrides pins videoplayer.telvue.com (YhjrGzjr53TBI-xqCQGATh6xTOfUjhiy) to Madison town, NH, but 1 of 3 Archive pages of this tenant is filed under Madison School District, NH."
videoplayer.telvue.com,bDPj0rbiOCBhmRfsFB-YifGv4qBg-ulA,medium,R4,3,"Rotterdam town, NY (us:cousub:3609363935): named by a flag only | Albany city, NY (us:place:3601000): named by a flag only | Schenectady city, NY (us:place:3665508): 1 tenant_overrides",us:place:3665508,"tenant_overrides pins videoplayer.telvue.com (bDPj0rbiOCBhmRfsFB-YifGv4qBg-ulA) to Schenectady city, NY, but 1 of 3 Archive pages of this tenant is filed under Albany city, NY. | tenant_overrides pins videoplayer.telvue.com (bDPj0rbiOCBhmRfsFB-YifGv4qBg-ulA) to Schenectady city, NY, but 1 of 3 Archive pages of this tenant is filed under Rotterdam town, NY."
videoplayer.telvue.com,player/4jeRlBTetCoFJdyT5ssIvBrB9VUvRN0M,medium,R4,2,"Lowell city, MA (us:place:2537000): 1 tenant_overrides | Lowell School District, MA (us:sd:2507020): named by a flag only",,"tenant_overrides pins videoplayer.telvue.com (player/4jeRlBTetCoFJdyT5ssIvBrB9VUvRN0M) to Lowell city, MA, but 2 of 2 Archive pages of this tenant are filed under Lowell School District, MA."
videoplayer.telvue.com,player/7qWlRaZ6VN1bGk9m5qlLrPdu4-4i7cSa,medium,R4,2,"Winchester town, MA (us:cousub:2501780510): 1 tenant_overrides | Winchester School District, MA (us:sd:2513110): named by a flag only",,"tenant_overrides pins videoplayer.telvue.com (player/7qWlRaZ6VN1bGk9m5qlLrPdu4-4i7cSa) to Winchester town, MA, but 1 of 2 Archive pages of this tenant is filed under Winchester School District, MA."
videoplayer.telvue.com,player/FcqTL0OYMCGU6WlccUApyUL3twz4dm9V,medium,R4,2,"Pittsford town, NY (us:cousub:3605558365): named by a flag only | East Rochester village, NY (us:place:3622865): 1 tenant_overrides",,"tenant_overrides pins videoplayer.telvue.com (player/FcqTL0OYMCGU6WlccUApyUL3twz4dm9V) to East Rochester village, NY, but 1 of 1 Archive page of this tenant is filed under Pittsford town, NY."
videoplayer.telvue.com,player/HDwuV3is8s5nNzWpdoDe7ey1dmO7F3CA,medium,R4,2,"Barron County, WI (us:county:55005): 1 tenant_overrides | Rice Lake Area School District, WI (us:sd:5512810): named by a flag only",,"tenant_overrides pins videoplayer.telvue.com (player/HDwuV3is8s5nNzWpdoDe7ey1dmO7F3CA) to Barron County, WI, but 1 of 3 Archive pages of this tenant is filed under Rice Lake Area School District, WI."
videoplayer.telvue.com,player/MFXsvSYzjQOlecorW3Sq8GyBkhIm0OQN/media/1035268,medium,R5,2,"Wallingford town, VT (us:cousub:5002175925): 1 tenant_overrides | Wallingford city, IA (us:place:1981975): named by a flag only",,"videoplayer.telvue.com (player/MFXsvSYzjQOlecorW3Sq8GyBkhIm0OQN/) is pinned to Wallingford town, VT, but 1 saved title(s) on it name IA (for example ""Wallingford, IA"") and none name VT; Wallingford city, IA exists."
videoplayer.telvue.com,player/MFXsvSYzjQOlecorW3Sq8GyBkhIm0OQN/media/1045780,medium,R5,2,"Proctor town, VT (us:cousub:5002157250): 1 tenant_overrides | Proctor city, MN (us:place:2752630): named by a flag only",,"videoplayer.telvue.com (player/MFXsvSYzjQOlecorW3Sq8GyBkhIm0OQN/) is pinned to Proctor town, VT, but 1 saved title(s) on it name MN (for example ""Proctor, MN"") and none name VT; Proctor city, MN exists."
videoplayer.telvue.com,player/MFXsvSYzjQOlecorW3Sq8GyBkhIm0OQN/media/1046420,medium,R5,2,"Pittsford town, NY (us:cousub:3605558365): named by a flag only | Pittsford town, VT (us:cousub:5002155600): 1 tenant_overrides",,"videoplayer.telvue.com (player/MFXsvSYzjQOlecorW3Sq8GyBkhIm0OQN/) is pinned to Pittsford town, VT, but 1 saved title(s) on it name NY (for example ""Pittsford, NY"") and none name VT; Pittsford town, NY exists."
videoplayer.telvue.com,player/MYHMRKXBbGFaah07vKkZ_-J4SThODdPq,medium,R4,2,"Stoneham town, MA (us:cousub:2501767665): 1 tenant_overrides | Stoneham School District, MA (us:sd:2511220): named by a flag only",,"tenant_overrides pins videoplayer.telvue.com (player/MYHMRKXBbGFaah07vKkZ_-J4SThODdPq) to Stoneham town, MA, but 1 of 2 Archive pages of this tenant is filed under Stoneham School District, MA."
videoplayer.telvue.com,player/O7e6JrKKSJ3H_TX3VgEvpbSSL7Dbnrk2,medium,R4,2,"Needham town, MA (us:cousub:2502144105): 1 tenant_overrides | Needham School District, MA (us:sd:2508370): named by a flag only",,"tenant_overrides pins videoplayer.telvue.com (player/O7e6JrKKSJ3H_TX3VgEvpbSSL7Dbnrk2) to Needham town, MA, but 1 of 2 Archive pages of this tenant is filed under Needham School District, MA."
videoplayer.telvue.com,player/P8wyVTR2qr3_LDUHnb_mF4AFW6RckIeS,medium,R4,2,"Rifle city, CO (us:place:0864255): 1 tenant_overrides | Garfield School District RE-2, CO (us:sd:0806240): named by a flag only",,"tenant_overrides pins videoplayer.telvue.com (player/P8wyVTR2qr3_LDUHnb_mF4AFW6RckIeS) to Rifle city, CO, but 1 of 6 Archive pages of this tenant is filed under Garfield School District RE-2, CO."
videoplayer.telvue.com,player/TDGUxXaDdkMUZKBTU1_JxP2_g1gEpRjc,medium,R4,2,"Ware town, MA (us:cousub:2501572880): 1 tenant_overrides | Ware School District, MA (us:sd:2512030): named by a flag only",,"tenant_overrides pins videoplayer.telvue.com (player/TDGUxXaDdkMUZKBTU1_JxP2_g1gEpRjc) to Ware town, MA, but 1 of 2 Archive pages of this tenant is filed under Ware School District, MA."
videoplayer.telvue.com,player/XSekkdEeRsk0JHQVHAvKJVka7_5VjxKP,medium,R4,2,"Newmarket town, NH (us:cousub:3301552340): 1 tenant_overrides | Newmarket School District, NH (us:sd:3305280): named by a flag only",,"tenant_overrides pins videoplayer.telvue.com (player/XSekkdEeRsk0JHQVHAvKJVka7_5VjxKP) to Newmarket town, NH, but 1 of 2 Archive pages of this tenant is filed under Newmarket School District, NH."
videoplayer.telvue.com,player/YGktjFZCLukJd_8Fx53BkVRk4tAZafS4,medium,R4,4,"Avon town, CO (us:place:0804110): named by a flag only | Minturn town, CO (us:place:0850920): named by a flag only | Vail town, CO (us:place:0880040): 1 tenant_overrides | Eagle County School District RE 50, CO (us:sd:0803540): named by a flag only",,"tenant_overrides pins videoplayer.telvue.com (player/YGktjFZCLukJd_8Fx53BkVRk4tAZafS4) to Vail town, CO, but 1 of 7 Archive pages of this tenant is filed under Avon town, CO. | tenant_overrides pins videoplayer.telvue.com (player/YGktjFZCLukJd_8Fx53BkVRk4tAZafS4) to Vail town, CO, but 1 of 7 Archive pages of this tenant is filed under Eagle County School District RE 50, CO. | tenant_overrides pins videoplayer.telvue.com (player/YGktjFZCLukJd_8Fx53BkVRk4tAZafS4) to Vail town, CO, but 1 of 7 Archive pages of this tenant is filed under Minturn town, CO."
videoplayer.telvue.com,player/c0gKv9ZUF0uiidDafFfESDZA5EkkJp7L,medium,R4,2,"Lexington town, MA (us:cousub:2501735215): 1 tenant_overrides | Lexington School District, MA (us:sd:2506840): named by a flag only",,"tenant_overrides pins videoplayer.telvue.com (player/c0gKv9ZUF0uiidDafFfESDZA5EkkJp7L) to Lexington town, MA, but 1 of 2 Archive pages of this tenant is filed under Lexington School District, MA."
videoplayer.telvue.com,player/dQtoDvlZYDOtqaf7eRn9z2lb1Nb6EZzu,medium,R4,2,"Rochester city, NH (us:place:3365140): 1 tenant_overrides | Rochester School District, NH (us:sd:3305940): named by a flag only",,"tenant_overrides pins videoplayer.telvue.com (player/dQtoDvlZYDOtqaf7eRn9z2lb1Nb6EZzu) to Rochester city, NH, but 1 of 3 Archive pages of this tenant is filed under Rochester School District, NH."
videoplayer.telvue.com,player/dUV4zRmTRozlQCcEFvNjPG1gVU50zdtj,medium,R4,2,"Ludlow town, MA (us:cousub:2501337175): 1 tenant_overrides | Ludlow School District, MA (us:sd:2507050): named by a flag only",us:cousub:2501337175,"tenant_overrides pins videoplayer.telvue.com (player/dUV4zRmTRozlQCcEFvNjPG1gVU50zdtj) to Ludlow town, MA, but 1 of 3 Archive pages of this tenant is filed under Ludlow School District, MA."
videoplayer.telvue.com,player/gmcC3sJ6AGUdIb568B18VQd22AGea7RE/media/1004188,medium,R5,2,"Bloomfield township, NJ (us:cousub:3401306260): 1 tenant_overrides | Bloomfield village, NY (us:place:3606945): named by a flag only",,"videoplayer.telvue.com (player/gmcC3sJ6AGUdIb568B18VQd22AGea7RE/) is pinned to Bloomfield township, NJ, but 1 saved title(s) on it name NY (for example ""Pittsford (village), NY"") and none name NJ; Bloomfield village, NY exists."
videoplayer.telvue.com,player/iE0p5N2b-Se5BhxS-3KDrHfUWzLHfku2,medium,R4,2,"Shrewsbury town, MA (us:cousub:2502761800): 1 tenant_overrides | Shrewsbury School District, MA (us:sd:2510770): named by a flag only",,"tenant_overrides pins videoplayer.telvue.com (player/iE0p5N2b-Se5BhxS-3KDrHfUWzLHfku2) to Shrewsbury town, MA, but 1 of 5 Archive pages of this tenant is filed under Shrewsbury School District, MA."
videoplayer.telvue.com,player/talMNRSs41kuvSjXkD0nTr30kDZRGcjH,medium,R4,3,"Penfield town, NY (us:cousub:3605557144): 1 tenant_overrides | Penfield Central School District, NY (us:sd:3622710): named by a flag only | Webster Central School District, NY (us:sd:3630360): named by a flag only",,"tenant_overrides pins videoplayer.telvue.com (player/talMNRSs41kuvSjXkD0nTr30kDZRGcjH) to Penfield town, NY, but 1 of 3 Archive pages of this tenant is filed under Penfield Central School District, NY. | tenant_overrides pins videoplayer.telvue.com (player/talMNRSs41kuvSjXkD0nTr30kDZRGcjH) to Penfield town, NY, but 1 of 3 Archive pages of this tenant is filed under Webster Central School District, NY."
videoplayer.telvue.com,player/uClcIN88BHKHJoveFoaVN_8_5Tg72P0o/media/1039916,medium,R5,2,"Belmont town, MA (us:cousub:2501705070): 1 tenant_overrides | Belmont village, NY (us:place:3605815): named by a flag only",,"videoplayer.telvue.com (player/uClcIN88BHKHJoveFoaVN_8_5Tg72P0o/) is pinned to Belmont town, MA, but 1 saved title(s) on it name NY (for example ""Pittsford (village), NY"") and none name MA; Belmont village, NY exists."
videoplayer.telvue.com,yycCAZPb0NN3zj2o5qio-YFMNC43NjCG,medium,R4,2,"Fitchburg city, MA (us:place:2523875): 1 tenant_overrides | Fitchburg School District, MA (us:sd:2504890): named by a flag only",us:place:2523875,"tenant_overrides pins videoplayer.telvue.com (yycCAZPb0NN3zj2o5qio-YFMNC43NjCG) to Fitchburg city, MA, but 1 of 4 Archive pages of this tenant is filed under Fitchburg School District, MA."
villageofbeecher.org,,medium,R4,2,"Beecher village, IL (us:place:1704585): 1 research_row | Beecher City village, IL (us:place:1704598): 1 research_row",,"research_row pins villageofbeecher.org to Beecher City village, IL, but the research_row entry jurisdiction_coverage.csv:4735 name Beecher village, IL. | research_row pins villageofbeecher.org to Beecher village, IL, but the research_row entry jurisdiction_coverage.csv:4734 name Beecher City village, IL."
villageofbrookville.gov,,medium,R4,2,"Brookville town, IN (us:place:1808182): 1 research_row | Brookville village, NY (us:place:3610132): 1 research_row",,"research_row pins villageofbrookville.gov to Brookville village, NY, but the research_row entry jurisdiction_coverage.csv:6027 name Brookville town, IN. | research_row pins www.villageofbrookville.gov to Brookville town, IN, but the research_row entry jurisdiction_coverage.csv:14030 name Brookville village, NY."
villageofcreston.org,,medium,R4,2,"Creston village, IL (us:place:1717471): 1 research_row | Creston village, OH (us:place:3919344): 1 research_row",,"research_row pins villageofcreston.org to Creston village, IL, but the research_row entry jurisdiction_coverage.csv:16350 name Creston village, OH. | research_row pins villageofcreston.org to Creston village, OH, but the research_row entry jurisdiction_coverage.csv:4925 name Creston village, IL."
visitgreenvillein.com,,medium,R4,2,"Greenville township, IN (us:cousub:1804329862): 1 research_row | Greenville town, IN (us:place:1829844): 1 research_row",,"research_row pins visitgreenvillein.com to Greenville town, IN, but the research_row entry jurisdiction_coverage.csv:45647 name Greenville township, IN. | research_row pins visitgreenvillein.com to Greenville township, IN, but the research_row entry jurisdiction_coverage.csv:6182 name Greenville town, IN."
visitnwminnesota.com,,medium,R4,2,"Alvarado city, MN (us:place:2701252): 1 research_row | Plummer city, MN (us:place:2751712): 1 research_row",,"research_row pins visitnwminnesota.com to Alvarado city, MN, but the research_row entry jurisdiction_coverage.csv:10861 name Plummer city, MN. | research_row pins visitnwminnesota.com to Plummer city, MN, but the research_row entry jurisdiction_coverage.csv:10231 name Alvarado city, MN."
wacatv.cablecast.tv,,medium,R4,2,"Ashland town, MA (us:cousub:2501702130): 1 archive_page, 1 discovery_tenant | Ashland School District, MA (us:sd:2502100): 1 tier3_queue",,"discovery_tenant pins wacatv.cablecast.tv to Ashland town, MA, but the tier3_queue entry tier3_auto_transcription_queue.txt:951 name Ashland School District, MA."
walton.civicweb.net,,medium,R4,2,"Walton County, FL (us:county:12131): 2 archive_page, 1 discovery_tenant, 1 tenant_overrides | Walton County School District, GA (us:sd:1305390): 1 tier3_queue",,"discovery_tenant pins walton.civicweb.net to Walton County, FL, but the tier3_queue entry tier3_auto_transcription_queue.txt:258 name Walton County School District, GA. | tenant_overrides pins walton.civicweb.net to Walton County, FL, but the tier3_queue entry tier3_auto_transcription_queue.txt:258 name Walton County School District, GA."
washingtontownshipil.com,,medium,R4,2,"Washington township, IL (us:cousub:1701579020): 1 research_row | Washington township, IL (us:cousub:1719779059): 1 research_row",,"research_row pins washingtontownshipil.com to Washington township, IL, but the research_row entry jurisdiction_coverage.csv:31435 name Washington township, IL. | research_row pins washingtontownshipil.com to Washington township, IL, but the research_row entry jurisdiction_coverage.csv:31454 name Washington township, IL."
wausau-wi.cablecast.tv,,medium,R4,2,"Wausau city, WI (us:place:5584475): 1 discovery_tenant, 1 research_row, 1 tenant_overrides | Wausau School District, WI (us:sd:5515900): 2 archive_page",,"discovery_tenant pins wausau-wi.cablecast.tv to Wausau city, WI, but 2 of 2 Archive pages on this host are filed under Wausau School District, WI. | research_row pins wausau-wi.cablecast.tv to Wausau city, WI, but 2 of 2 Archive pages on this host are filed under Wausau School District, WI. | tenant_overrides pins wausau-wi.cablecast.tv to Wausau city, WI, but 2 of 2 Archive pages on this host are filed under Wausau School District, WI."
wausaukee.com,,medium,R4,2,"Wausaukee town, WI (us:cousub:5507584550): 1 research_row | Wausaukee village, WI (us:place:5584525): 1 research_row",,"research_row pins wausaukee.com to Wausaukee town, WI, but the research_row entry jurisdiction_coverage.csv:26169 name Wausaukee village, WI. | research_row pins wausaukee.com to Wausaukee village, WI, but the research_row entry jurisdiction_coverage.csv:29653 name Wausaukee town, WI."
websterny.gov,,medium,R4,2,"Webster town, NY (us:cousub:3605578971): 1 archive_page, 1 discovery_tenant, 1 tenant_overrides | Webster village, NY (us:place:3678960): 1 research_row",,"discovery_tenant pins websterny.gov to Webster town, NY, but the research_row entry jurisdiction_coverage.csv:14587 name Webster village, NY. | research_row pins websterny.gov to Webster village, NY, but the tenant_overrides entry tenant_overrides.csv:1524 and the discovery_tenant entry ledger.db tenants:websterny.gov name Webster town, NY; 1 of 1 Archive page on this host is filed under Webster town, NY. | tenant_overrides pins websterny.gov to Webster town, NY, but the research_row entry jurisdiction_coverage.csv:14587 name Webster village, NY."
westspringfieldma.granicus.com,,medium,R4,2,"West Springfield Town city, MA (us:place:2577890): 1 archive_page, 1 discovery_tenant, 1 research_row | West Springfield School District, MA (us:sd:2512510): 2 archive_page",,"discovery_tenant pins westspringfieldma.granicus.com to West Springfield Town city, MA, but 2 of 3 Archive pages on this host are filed under West Springfield School District, MA. | research_row pins westspringfieldma.granicus.com to West Springfield Town city, MA, but 2 of 3 Archive pages on this host are filed under West Springfield School District, MA."
wheatfield-ny.gov,,medium,R5,2,"Wheatfield township, IN (us:cousub:1807383546): named by a flag only | Wheatfield town, NY (us:cousub:3606381380): 1 archive_page, 1 research_row",,"wheatfield-ny.gov is pinned to Wheatfield town, NY, but 1 saved title(s) on it name IN (for example ""Town of Wheatfield, IN"") and none name NY; Wheatfield township, IN exists."
wi.gov,,medium,R4,2,"Turtle town, WI (us:cousub:5510581050): 1 research_row | Viola village, WI (us:place:5582900): 1 research_row",,"research_row pins wi.gov to Viola village, WI, but the research_row entry jurisdiction_coverage.csv:26693 name Turtle town, WI."
williamsburgky.com,,medium,R4,2,"Williamsburg city, KY (us:place:2183334): 1 research_row | Willisburg city, KY (us:place:2183424): 1 research_row",,"research_row pins williamsburgky.com to Williamsburg city, KY, but the research_row entry jurisdiction_coverage.csv:8785 name Willisburg city, KY."
williamsburgtownship.org,,medium,R4,2,"Williamsburg township, OH (us:cousub:3902585302): 1 research_row | Williamsburg village, OH (us:place:3985288): 1 research_row",,"research_row pins williamsburgtownship.org to Williamsburg township, OH, but the research_row entry jurisdiction_coverage.csv:17071 name Williamsburg village, OH. | research_row pins williamsburgtownship.org to Williamsburg village, OH, but the research_row entry jurisdiction_coverage.csv:31901 name Williamsburg township, OH."
wilmington-il.gov,,medium,R4,2,"Wilmington township, IL (us:cousub:1719782114): 1 research_row | Wilmington city, IL (us:place:1782101): 1 research_row",,"research_row pins wilmington-il.gov to Wilmington city, IL, but the research_row entry jurisdiction_coverage.csv:5943 name Wilmington township, IL. | research_row pins wilmington-il.gov to Wilmington township, IL, but the research_row entry jurisdiction_coverage.csv:46307 name Wilmington city, IL."
wilson-lincoln-wi.gov,,medium,R4,2,"Wilson town, WI (us:cousub:5506987425): 1 research_row | Wilson village, WI (us:place:5587475): 1 research_row",,"research_row pins wilson-lincoln-wi.gov to Wilson town, WI, but the research_row entry jurisdiction_coverage.csv:26192 name Wilson village, WI. | research_row pins wilson-lincoln-wi.gov to Wilson village, WI, but the research_row entry jurisdiction_coverage.csv:29638 name Wilson town, WI."
wixsite.com,,medium,R4,2,"Rib Falls town, WI (us:cousub:5507367250): 1 research_row | Lenox city, IA (us:place:1944490): 1 research_row",,"research_row pins www.wixsite.com to Lenox city, IA, but the research_row entry jurisdiction_coverage.csv:26657 name Rib Falls town, WI."
worthtownship.com,,medium,R4,2,"Worth township, IL (us:cousub:1703183531): 1 research_row | Worth village, IL (us:place:1783518): 1 research_row",,"research_row pins worthtownship.com to Worth township, IL, but the research_row entry jurisdiction_coverage.csv:5963 name Worth village, IL. | research_row pins worthtownship.com to Worth village, IL, but the research_row entry jurisdiction_coverage.csv:31443 name Worth township, IL."
wrtc.com,,medium,R4,2,"Carson city, ND (us:place:3812460): 1 research_row | Zap city, ND (us:place:3888140): 1 research_row",,"research_row pins wrtc.com to Carson city, ND, but the research_row entry jurisdiction_coverage.csv:15984 name Zap city, ND."
wyandotte.net,,medium,R4,2,"Wyandotte city, MI (us:place:2688900): 1 research_row | Wyandotte town, OK (us:place:4082250): 1 research_row",,"research_row pins wyandotte.net to Wyandotte city, MI, but the research_row entry jurisdiction_coverage.csv:17752 name Wyandotte town, OK. | research_row pins wyandotte.net to Wyandotte town, OK, but the research_row entry jurisdiction_coverage.csv:10209 name Wyandotte city, MI."
wymorebluesprings.com,,medium,R4,2,"Blue Springs city, NE (us:place:3105630): 1 research_row | Wymore city, NE (us:place:3153835): 1 research_row",,"research_row pins wymorebluesprings.com to Blue Springs city, NE, but the research_row entry jurisdiction_coverage.csv:30549 name Wymore city, NE."
yourcanton.com,,medium,R4,2,"Canton township, PA (us:cousub:4212511176): 1 research_row | Canton borough, PA (us:place:4211160): 1 research_row",,"research_row pins yourcanton.com to Canton borough, PA, but the research_row entry jurisdiction_coverage.csv:31921 name Canton township, PA. | research_row pins yourcanton.com to Canton township, PA, but the research_row entry jurisdiction_coverage.csv:18634 name Canton borough, PA."
youtube.com,GRxznetH6K8,medium,R4,2,"Danvers town, MA (us:cousub:2500916250): 1 tenant_overrides | Danvers School District, MA (us:sd:2503990): named by a flag only",,"tenant_overrides pins youtube.com (GRxznetH6K8) to Danvers town, MA, but 1 of 1 Archive page of this video is filed under Danvers School District, MA."
youtube.com,JC5Sp9wHLAE,medium,R4,2,"Hillsboro city, OR (us:place:4134100): 1 tenant_overrides | Hillsboro School District 1J, OR (us:sd:4100023): named by a flag only",,"tenant_overrides pins www.youtube.com (JC5Sp9wHLAE) to Hillsboro city, OR, but 1 of 1 Archive page of this video is filed under Hillsboro School District 1J, OR."
youtube.com,JNMcIYg0KYo,medium,R4,2,"Guilford town, CT (us:cousub:0917034950): 1 tenant_overrides | Guilford School District, CT (us:sd:0901800): named by a flag only",,"tenant_overrides pins www.youtube.com (JNMcIYg0KYo) to Guilford town, CT, but 1 of 1 Archive page of this video is filed under Guilford School District, CT."
youtube.com,OCHAsm-JIi4,medium,R4,2,"Aurora town, NY (us:cousub:3602903199): named by a flag only | Aurora village, NY (us:place:3603188): 1 tenant_overrides",,"tenant_overrides pins www.youtube.com (OCHAsm-JIi4) to Aurora village, NY, but 1 of 1 Archive page of this video is filed under Aurora town, NY."
youtube.com,S-y4I__Mk14,medium,R4,2,"Forsyth County, GA (us:county:13117): 1 tenant_overrides | Forsyth County School District, GA (us:sd:1302220): named by a flag only",,"tenant_overrides pins www.youtube.com (S-y4I__Mk14) to Forsyth County, GA, but 1 of 1 Archive page of this video is filed under Forsyth County School District, GA."
youtube.com,channel=@CarrollmediacenterOrg,medium,R4,2,"Hampstead town, MD (us:place:2436500): named by a flag only | Sykesville town, MD (us:place:2476550): 1 tenant_overrides",,"tenant_overrides pins www.youtube.com (channel=@CarrollmediacenterOrg) to Sykesville town, MD, but 1 of 5 Archive pages for this channel is filed under Hampstead town, MD."
youtube.com,channel=@CityofHammond,medium,R5,2,"Hammond township, IN (us:cousub:1814731018): named by a flag only | Hammond village, IL (us:place:1732499): 1 tenant_overrides",,"www.youtube.com (channel=@CityofHammond) is pinned to Hammond village, IL, but 1 saved title(s) on it name IN (for example ""City of Hammond, Indiana"") and none name IL; Hammond township, IN exists."
youtube.com,channel=@CityofMarshallMN,medium,R4,2,"Marshall city, MN (us:place:2740688): 1 tenant_overrides | Marshall Public School District, MN (us:sd:2718940): named by a flag only",,"tenant_overrides pins www.youtube.com (channel=@CityofMarshallMN) to Marshall city, MN, but 1 of 1 Archive page for this channel is filed under Marshall Public School District, MN."
youtube.com,channel=@ForsythCountySchools,medium,R4,2,"Forsyth County, GA (us:county:13117): 1 tenant_overrides | Forsyth County School District, GA (us:sd:1302220): named by a flag only",,"tenant_overrides pins www.youtube.com (channel=@ForsythCountySchools) to Forsyth County, GA, but 1 of 1 Archive page for this channel is filed under Forsyth County School District, GA."
youtube.com,channel=@HillsboroSD,medium,R4,2,"Hillsboro city, OR (us:place:4134100): 1 tenant_overrides | Hillsboro School District 1J, OR (us:sd:4100023): named by a flag only",,"tenant_overrides pins www.youtube.com (channel=@HillsboroSD) to Hillsboro city, OR, but 1 of 1 Archive page for this channel is filed under Hillsboro School District 1J, OR."
youtube.com,channel=@VictoriaCounty-ca,medium,R2,1,"Victoria, NS (ca:cd:1218): 1 tenant_overrides",ca:cd:1218,"www.youtube.com (channel=@VictoriaCounty-ca) is pinned to Victoria, NS, but the address itself names CA."
youtube.com,channel=@salemaccesstv-education8198,medium,R4,2,"Salem city, MA (us:place:2559105): 1 tenant_overrides | Salem School District, MA (us:sd:2510380): named by a flag only",,"tenant_overrides pins www.youtube.com (channel=@salemaccesstv-education8198) to Salem city, MA, but 1 of 1 Archive page for this channel is filed under Salem School District, MA."
youtube.com,channel=@townmeetingtv,medium,R4,2,"Burlington city, VT (us:place:5010675): 1 tenant_overrides | South Burlington city, VT (us:place:5066175): named by a flag only",,"tenant_overrides pins www.youtube.com (channel=@townmeetingtv) to Burlington city, VT, but 1 of 2 Archive pages for this channel is filed under South Burlington city, VT."
youtube.com,fMIz5qP-QHU,medium,R5,2,"Hammond township, IN (us:cousub:1814731018): named by a flag only | Hammond village, IL (us:place:1732499): 1 tenant_overrides",,"www.youtube.com (fMIz5qP-QHU) is pinned to Hammond village, IL, but 1 saved title(s) on it name IN (for example ""City of Hammond, Indiana"") and none name IL; Hammond township, IN exists."
youtube.com,jwmTot-hoeE,medium,R4,2,"Union township, OH (us:cousub:3902578288): named by a flag only | Union City village, OH (us:place:3978624): 1 tenant_overrides",,"tenant_overrides pins www.youtube.com (jwmTot-hoeE) to Union City village, OH, but 1 of 1 Archive page of this video is filed under Union township, OH."
youtube.com,n68uGArQdKU,medium,R4,2,"Marshall city, MN (us:place:2740688): 1 tenant_overrides | Marshall Public School District, MN (us:sd:2718940): named by a flag only",,"tenant_overrides pins www.youtube.com (n68uGArQdKU) to Marshall city, MN, but 1 of 1 Archive page of this video is filed under Marshall Public School District, MN."
youtube.com,youtube:CNRgMw44rtI,medium,R5,2,"Castine town, ME (us:cousub:2300911265): 1 tenant_overrides | Castine village, OH (us:place:3912504): named by a flag only",,"www.youtube.com (youtube:CNRgMw44rtI) is pinned to Castine town, ME, but 1 saved title(s) on it name OH (for example ""Town of Castine, OH"") and none name ME; Castine village, OH exists."
youtube.com,youtube:GxkpYcP0LPE,medium,R5,2,"Maine township, IL (us:cousub:1703146162): 1 tenant_overrides | Maine town, WI (us:cousub:5508748250): named by a flag only",,"www.youtube.com (youtube:GxkpYcP0LPE) is pinned to Maine township, IL, but 1 saved title(s) on it name WI (for example ""Maine Township, WI"") and none name IL; Maine town, WI exists."
youtube.com,youtube:GyESOCBrHr8,medium,R4,2,"Caledonia township, MI (us:cousub:2608112500): 1 tenant_overrides | Caledonia charter township, MI (us:cousub:2615512520): named by a flag only",,"tenant_overrides pins www.youtube.com (youtube:GyESOCBrHr8) to Caledonia township, MI, but 1 of 1 Archive page of this video is filed under Caledonia charter township, MI."
youtube.com,youtube:JNMcIYg0KYo,medium,R4,2,"Guilford town, CT (us:cousub:0917034950): 1 tenant_overrides | Guilford School District, CT (us:sd:0901800): named by a flag only",,"tenant_overrides pins www.youtube.com (youtube:JNMcIYg0KYo) to Guilford town, CT, but 1 of 1 Archive page of this video is filed under Guilford School District, CT."
youtube.com,youtube:OCHAsm-JIi4,medium,R4,2,"Aurora town, NY (us:cousub:3602903199): named by a flag only | Aurora village, NY (us:place:3603188): 1 tenant_overrides",,"tenant_overrides pins www.youtube.com (youtube:OCHAsm-JIi4) to Aurora village, NY, but 1 of 1 Archive page of this video is filed under Aurora town, NY."
youtube.com,youtube:TWO0WUedXJY,medium,R4,2,"Southington town, CT (us:cousub:0911070550): 1 tenant_overrides | Southington School District, CT (us:sd:0904230): named by a flag only",,"tenant_overrides pins www.youtube.com (youtube:TWO0WUedXJY) to Southington town, CT, but 1 of 1 Archive page of this video is filed under Southington School District, CT."
youtube.com,youtube:aLefn6PJZ5Q,medium,R5,2,"Shields, SK (ca:csd:4711064): named by a flag only | Shields township, IL (us:cousub:1709769485): 1 tenant_overrides",,"www.youtube.com (youtube:aLefn6PJZ5Q) is pinned to Shields township, IL, but 1 saved title(s) on it name SK (for example ""Shields Township, SK"") and none name IL; Shields, SK exists."
youtube.com,youtube:etrojyjXov0,medium,R5,2,"North Haven town, ME (us:cousub:2301351620): 1 tenant_overrides | North Haven village, NY (us:place:3652188): named by a flag only",,"www.youtube.com (youtube:etrojyjXov0) is pinned to North Haven town, ME, but 1 saved title(s) on it name NY (for example ""Town of North Haven, NY"") and none name ME; North Haven village, NY exists."
youtube.com,youtube:i1hJAzkVXNE,medium,R5,2,"Elk Grove township, IL (us:cousub:1703123243): 1 tenant_overrides | Elk Grove city, CA (us:place:0622020): named by a flag only",,"www.youtube.com (youtube:i1hJAzkVXNE) is pinned to Elk Grove township, IL, but 1 saved title(s) on it name CA (for example ""Elk Grove Township, CA"") and none name IL; Elk Grove city, CA exists."
youtube.com,youtube:keVEP85fA4w,medium,R5,2,"Wheatfield township, IN (us:cousub:1807383546): named by a flag only | Wheatfield town, NY (us:cousub:3606381380): 1 tenant_overrides",,"www.youtube.com (youtube:keVEP85fA4w) is pinned to Wheatfield town, NY, but 1 saved title(s) on it name IN (for example ""Town of Wheatfield, IN"") and none name NY; Wheatfield township, IN exists."
youtube.com,youtube:l2_dXasUP3c,medium,R4,2,"Winchester town, CT (us:cousub:0916086440): 1 tenant_overrides | Winchester School District, CT (us:sd:0905160): named by a flag only",,"tenant_overrides pins www.youtube.com (youtube:l2_dXasUP3c) to Winchester town, CT, but 1 of 1 Archive page of this video is filed under Winchester School District, CT."
youtube.com,youtube:lNJoncQNJbM,medium,R4,2,"Clinton town, NY (us:cousub:3602716408): 1 tenant_overrides | Clinton village, NY (us:place:3616419): named by a flag only",,"tenant_overrides pins www.youtube.com (youtube:lNJoncQNJbM) to Clinton town, NY, but the tenant_overrides entry tenant_overrides.csv:6124 name Clinton village, NY."
youtube.com,youtube:pJmqkVgeXqE,medium,R4,2,"Rockland town, MA (us:cousub:2502357775): 1 tenant_overrides | Rockland School District, MA (us:sd:2510170): named by a flag only",,"tenant_overrides pins www.youtube.com (youtube:pJmqkVgeXqE) to Rockland town, MA, but 1 of 1 Archive page of this video is filed under Rockland School District, MA."
youtube.com,youtube:s2TTtUcnzag,medium,R4,2,"Millinocket town, ME (us:cousub:2301945810): named by a flag only | Millinocket, ME (us:sd:2308280): 1 tenant_overrides",,"tenant_overrides pins www.youtube.com (youtube:s2TTtUcnzag) to Millinocket, ME, but the tenant_overrides entry tenant_overrides.csv:6161 name Millinocket town, ME."
youtube.com,youtube:u7WdbihT2D0,medium,R5,2,"Wheatland County, AB (ca:csd:4805012): 1 tenant_overrides | Wheatland County, MT (us:county:30107): named by a flag only",,"www.youtube.com (youtube:u7WdbihT2D0) is pinned to Wheatland County, AB, but 1 saved title(s) on it name MT (for example ""Wheatland County, MT"") and none name AB; Wheatland County, MT exists."
youtube.com,youtube:xCCFv58j2gs,medium,R5,2,"Brimfield township, IL (us:cousub:1714308316): named by a flag only | Brimfield township, OH (us:cousub:3913308840): 1 tenant_overrides",,"www.youtube.com (youtube:xCCFv58j2gs) is pinned to Brimfield township, OH, but 1 saved title(s) on it name IL (for example ""Brimfield Township, IL"") and none name OH; Brimfield township, IL exists."
