file,url,host,platform,kind,detail,gov_id,source_url_override,strength,match,source,evidence_gov_id_unresolvable,evidence_conflict
tier3_auto_transcription_queue.txt,https://mandannd.portal.civicclerk.com/event/344/media,mandannd.portal.civicclerk.com,civicclerk,registry,not in MULTI_GOV_HOSTS -- single-tenant vendor host,,,,,,,
tier3_auto_transcription_queue.txt,https://youtu.be/HSeZ-fmWnmM,youtu.be,youtube,no-owner,youtu.be is a MULTI_GOV_HOSTS host with no matching pin,,,,,,,
tier3_auto_transcription_queue.txt,https://www.youtube.com/watch?v=jrkIIUfzUy8,www.youtube.com,youtube,no-owner,www.youtube.com is a MULTI_GOV_HOSTS host with no matching pin,,,,,,,
tier3_auto_transcription_queue.txt,https://youtu.be/4D1rlcI5EHU,youtu.be,youtube,no-owner,youtu.be is a MULTI_GOV_HOSTS host with no matching pin,,,,,,,
tier3_auto_transcription_queue.txt,https://www.youtube.com/watch?v=PiunVGKidIk&list=PLnGV6r4WDnpY2MjIzqfPNe37UHs60U5Vb&index=4,www.youtube.com,youtube,no-owner,www.youtube.com is a MULTI_GOV_HOSTS host with no matching pin,,,,,,,
tier3_auto_transcription_queue.txt,https://www.youtube.com/watch?v=u-Td937EG8I&list=PLnGV6r4WDnpY2MjIzqfPNe37UHs60U5Vb&index=2,www.youtube.com,youtube,no-owner,www.youtube.com is a MULTI_GOV_HOSTS host with no matching pin,,,,,,,
tier3_auto_transcription_queue.txt,https://www.utah.gov/pmn/sitemap/notice/1073417.html,www.utah.gov,www.utah.gov,registry,not in MULTI_GOV_HOSTS -- single-tenant vendor host,,,,,,,
tier3_auto_transcription_queue.txt,https://www.utah.gov/pmn/sitemap/notice/1085157.html,www.utah.gov,www.utah.gov,registry,not in MULTI_GOV_HOSTS -- single-tenant vendor host,,,,,,,
tier3_auto_transcription_queue.txt,https://www.utah.gov/pmn/sitemap/notice/1081495.html,www.utah.gov,www.utah.gov,registry,not in MULTI_GOV_HOSTS -- single-tenant vendor host,,,,,,,
tier3_auto_transcription_queue.txt,https://www.utah.gov/pmn/sitemap/notice/1107363.html,www.utah.gov,www.utah.gov,registry,not in MULTI_GOV_HOSTS -- single-tenant vendor host,,,,,,,
tier3_auto_transcription_queue.txt,https://www.utah.gov/pmn/sitemap/notice/1032973.html,www.utah.gov,www.utah.gov,registry,not in MULTI_GOV_HOSTS -- single-tenant vendor host,,,,,,,
tier3_auto_transcription_queue.txt,https://www.utah.gov/pmn/sitemap/notice/1055725.html,www.utah.gov,www.utah.gov,registry,not in MULTI_GOV_HOSTS -- single-tenant vendor host,,,,,,,
tier3_auto_transcription_queue.txt,https://www.utah.gov/pmn/sitemap/notice/1095705.html,www.utah.gov,www.utah.gov,registry,not in MULTI_GOV_HOSTS -- single-tenant vendor host,,,,,,,
tier3_auto_transcription_queue.txt,https://www.utah.gov/pmn/sitemap/notice/1102315.html,www.utah.gov,www.utah.gov,registry,not in MULTI_GOV_HOSTS -- single-tenant vendor host,,,,,,,
tier3_auto_transcription_queue.txt,https://www.utah.gov/pmn/sitemap/notice/1010733.html,www.utah.gov,www.utah.gov,registry,not in MULTI_GOV_HOSTS -- single-tenant vendor host,,,,,,,
tier3_auto_transcription_queue.txt,https://www.utah.gov/pmn/sitemap/notice/1061689.html,www.utah.gov,www.utah.gov,registry,not in MULTI_GOV_HOSTS -- single-tenant vendor host,,,,,,,
tier3_auto_transcription_queue.txt,https://www.utah.gov/pmn/sitemap/notice/1084361.html,www.utah.gov,www.utah.gov,registry,not in MULTI_GOV_HOSTS -- single-tenant vendor host,,,,,,,
tier3_auto_transcription_queue.txt,https://www.utah.gov/pmn/sitemap/notice/1078251.html,www.utah.gov,www.utah.gov,registry,not in MULTI_GOV_HOSTS -- single-tenant vendor host,,,,,,,
tier3_auto_transcription_queue.txt,https://www.utah.gov/pmn/sitemap/notice/1072839.html,www.utah.gov,www.utah.gov,registry,not in MULTI_GOV_HOSTS -- single-tenant vendor host,,,,,,,
tier3_auto_transcription_queue.txt,https://www.utah.gov/pmn/sitemap/notice/1082177.html,www.utah.gov,www.utah.gov,registry,not in MULTI_GOV_HOSTS -- single-tenant vendor host,,,,,,,
tier3_auto_transcription_queue.txt,https://www.utah.gov/pmn/sitemap/notice/1017379.html,www.utah.gov,www.utah.gov,registry,not in MULTI_GOV_HOSTS -- single-tenant vendor host,,,,,,,
tier3_auto_transcription_queue.txt,https://www.utah.gov/pmn/sitemap/notice/1045061.html,www.utah.gov,www.utah.gov,registry,not in MULTI_GOV_HOSTS -- single-tenant vendor host,,,,,,,
tier3_auto_transcription_queue.txt,https://www.utah.gov/pmn/sitemap/notice/1045057.html,www.utah.gov,www.utah.gov,registry,not in MULTI_GOV_HOSTS -- single-tenant vendor host,,,,,,,
tier3_auto_transcription_queue.txt,https://www.utah.gov/pmn/sitemap/notice/1063321.html,www.utah.gov,www.utah.gov,registry,not in MULTI_GOV_HOSTS -- single-tenant vendor host,,,,,,,
tier3_auto_transcription_queue.txt,https://www.utah.gov/pmn/sitemap/notice/1083909.html,www.utah.gov,www.utah.gov,registry,not in MULTI_GOV_HOSTS -- single-tenant vendor host,,,,,,,
tier3_auto_transcription_queue.txt,https://www.utah.gov/pmn/sitemap/notice/1068355.html,www.utah.gov,www.utah.gov,registry,not in MULTI_GOV_HOSTS -- single-tenant vendor host,,,,,,,
tier3_auto_transcription_queue.txt,https://www.utah.gov/pmn/sitemap/notice/1064529.html,www.utah.gov,www.utah.gov,registry,not in MULTI_GOV_HOSTS -- single-tenant vendor host,,,,,,,
tier3_auto_transcription_queue.txt,https://www.utah.gov/pmn/sitemap/notice/1045063.html,www.utah.gov,www.utah.gov,registry,not in MULTI_GOV_HOSTS -- single-tenant vendor host,,,,,,,
tier3_auto_transcription_queue.txt,https://www.utah.gov/pmn/sitemap/notice/1081080.html,www.utah.gov,www.utah.gov,registry,not in MULTI_GOV_HOSTS -- single-tenant vendor host,,,,,,,
tier3_auto_transcription_queue.txt,https://www.utah.gov/pmn/sitemap/notice/1083249.html,www.utah.gov,www.utah.gov,registry,not in MULTI_GOV_HOSTS -- single-tenant vendor host,,,,,,,
tier3_auto_transcription_queue.txt,https://www.utah.gov/pmn/sitemap/notice/1085845.html,www.utah.gov,www.utah.gov,registry,not in MULTI_GOV_HOSTS -- single-tenant vendor host,,,,,,,
tier3_auto_transcription_queue.txt,https://www.utah.gov/pmn/sitemap/notice/1045059.html,www.utah.gov,www.utah.gov,registry,not in MULTI_GOV_HOSTS -- single-tenant vendor host,,,,,,,
tier3_auto_transcription_queue.txt,https://www.utah.gov/pmn/sitemap/notice/1066457.html,www.utah.gov,www.utah.gov,registry,not in MULTI_GOV_HOSTS -- single-tenant vendor host,,,,,,,
tier3_auto_transcription_queue.txt,https://www.utah.gov/pmn/sitemap/notice/1097961.html,www.utah.gov,www.utah.gov,registry,not in MULTI_GOV_HOSTS -- single-tenant vendor host,,,,,,,
tier3_auto_transcription_queue.txt,https://www.utah.gov/pmn/sitemap/notice/1076967.html,www.utah.gov,www.utah.gov,registry,not in MULTI_GOV_HOSTS -- single-tenant vendor host,,,,,,,
tier3_auto_transcription_queue.txt,https://www.utah.gov/pmn/sitemap/notice/1105375.html,www.utah.gov,www.utah.gov,registry,not in MULTI_GOV_HOSTS -- single-tenant vendor host,,,,,,,
tier3_auto_transcription_queue.txt,https://www.utah.gov/pmn/sitemap/notice/1083997.html,www.utah.gov,www.utah.gov,registry,not in MULTI_GOV_HOSTS -- single-tenant vendor host,,,,,,,
tier3_auto_transcription_queue.txt,https://www.utah.gov/pmn/sitemap/notice/1091163.html,www.utah.gov,www.utah.gov,registry,not in MULTI_GOV_HOSTS -- single-tenant vendor host,,,,,,,
tier3_auto_transcription_queue.txt,https://www.utah.gov/pmn/sitemap/notice/1060411.html,www.utah.gov,www.utah.gov,registry,not in MULTI_GOV_HOSTS -- single-tenant vendor host,,,,,,,
tier3_auto_transcription_queue.txt,https://www.utah.gov/pmn/sitemap/notice/1091327.html,www.utah.gov,www.utah.gov,registry,not in MULTI_GOV_HOSTS -- single-tenant vendor host,,,,,,,
tier3_auto_transcription_queue.txt,https://www.utah.gov/pmn/sitemap/notice/1091487.html,www.utah.gov,www.utah.gov,registry,not in MULTI_GOV_HOSTS -- single-tenant vendor host,,,,,,,
tier3_auto_transcription_queue.txt,https://www.utah.gov/pmn/sitemap/notice/1073347.html,www.utah.gov,www.utah.gov,registry,not in MULTI_GOV_HOSTS -- single-tenant vendor host,,,,,,,
tier3_auto_transcription_queue.txt,https://www.utah.gov/pmn/sitemap/notice/1053129.html,www.utah.gov,www.utah.gov,registry,not in MULTI_GOV_HOSTS -- single-tenant vendor host,,,,,,,
tier3_auto_transcription_queue.txt,https://www.utah.gov/pmn/sitemap/notice/1072971.html,www.utah.gov,www.utah.gov,registry,not in MULTI_GOV_HOSTS -- single-tenant vendor host,,,,,,,
tier3_auto_transcription_queue.txt,https://www.utah.gov/pmn/sitemap/notice/1093599.html,www.utah.gov,www.utah.gov,registry,not in MULTI_GOV_HOSTS -- single-tenant vendor host,,,,,,,
tier3_auto_transcription_queue.txt,https://www.utah.gov/pmn/sitemap/notice/1029753.html,www.utah.gov,www.utah.gov,registry,not in MULTI_GOV_HOSTS -- single-tenant vendor host,,,,,,,
tier3_auto_transcription_queue.txt,https://www.utah.gov/pmn/sitemap/notice/1042009.html,www.utah.gov,www.utah.gov,registry,not in MULTI_GOV_HOSTS -- single-tenant vendor host,,,,,,,
tier3_auto_transcription_queue.txt,https://www.utah.gov/pmn/sitemap/notice/1089477.html,www.utah.gov,www.utah.gov,registry,not in MULTI_GOV_HOSTS -- single-tenant vendor host,,,,,,,
tier3_auto_transcription_queue.txt,https://www.utah.gov/pmn/sitemap/notice/1046197.html,www.utah.gov,www.utah.gov,registry,not in MULTI_GOV_HOSTS -- single-tenant vendor host,,,,,,,
tier3_auto_transcription_queue.txt,https://www.utah.gov/pmn/sitemap/notice/1098205.html,www.utah.gov,www.utah.gov,registry,not in MULTI_GOV_HOSTS -- single-tenant vendor host,,,,,,,
tier3_auto_transcription_queue.txt,https://www.utah.gov/pmn/sitemap/notice/1091035.html,www.utah.gov,www.utah.gov,registry,not in MULTI_GOV_HOSTS -- single-tenant vendor host,,,,,,,
tier3_auto_transcription_queue.txt,https://www.utah.gov/pmn/sitemap/notice/1060513.html,www.utah.gov,www.utah.gov,registry,not in MULTI_GOV_HOSTS -- single-tenant vendor host,,,,,,,
tier3_auto_transcription_queue.txt,https://www.utah.gov/pmn/sitemap/notice/1086583.html,www.utah.gov,www.utah.gov,registry,not in MULTI_GOV_HOSTS -- single-tenant vendor host,,,,,,,
tier3_auto_transcription_queue.txt,https://www.utah.gov/pmn/sitemap/notice/1044959.html,www.utah.gov,www.utah.gov,registry,not in MULTI_GOV_HOSTS -- single-tenant vendor host,,,,,,,
tier3_auto_transcription_queue.txt,https://www.utah.gov/pmn/sitemap/notice/1008613.html,www.utah.gov,www.utah.gov,registry,not in MULTI_GOV_HOSTS -- single-tenant vendor host,,,,,,,
tier3_auto_transcription_queue.txt,https://www.utah.gov/pmn/sitemap/notice/1099519.html,www.utah.gov,www.utah.gov,registry,not in MULTI_GOV_HOSTS -- single-tenant vendor host,,,,,,,
tier3_auto_transcription_queue.txt,https://www.utah.gov/pmn/sitemap/notice/1042983.html,www.utah.gov,www.utah.gov,registry,not in MULTI_GOV_HOSTS -- single-tenant vendor host,,,,,,,
tier3_auto_transcription_queue.txt,https://www.utah.gov/pmn/sitemap/notice/1076159.html,www.utah.gov,www.utah.gov,registry,not in MULTI_GOV_HOSTS -- single-tenant vendor host,,,,,,,
tier3_auto_transcription_queue.txt,https://www.utah.gov/pmn/sitemap/notice/1085089.html,www.utah.gov,www.utah.gov,registry,not in MULTI_GOV_HOSTS -- single-tenant vendor host,,,,,,,
tier3_auto_transcription_queue.txt,https://www.utah.gov/pmn/sitemap/notice/1088779.html,www.utah.gov,www.utah.gov,registry,not in MULTI_GOV_HOSTS -- single-tenant vendor host,,,,,,,
tier3_auto_transcription_queue.txt,https://www.utah.gov/pmn/sitemap/notice/1038749.html,www.utah.gov,www.utah.gov,registry,not in MULTI_GOV_HOSTS -- single-tenant vendor host,,,,,,,
tier3_auto_transcription_queue.txt,https://www.utah.gov/pmn/sitemap/notice/1066571.html,www.utah.gov,www.utah.gov,registry,not in MULTI_GOV_HOSTS -- single-tenant vendor host,,,,,,,
tier3_auto_transcription_queue.txt,https://www.utah.gov/pmn/sitemap/notice/1088755.html,www.utah.gov,www.utah.gov,registry,not in MULTI_GOV_HOSTS -- single-tenant vendor host,,,,,,,
tier3_auto_transcription_queue.txt,https://www.utah.gov/pmn/sitemap/notice/1097471.html,www.utah.gov,www.utah.gov,registry,not in MULTI_GOV_HOSTS -- single-tenant vendor host,,,,,,,
tier3_auto_transcription_queue.txt,https://www.utah.gov/pmn/sitemap/notice/1005281.html,www.utah.gov,www.utah.gov,registry,not in MULTI_GOV_HOSTS -- single-tenant vendor host,,,,,,,
tier3_auto_transcription_queue.txt,https://www.utah.gov/pmn/sitemap/notice/1087665.html,www.utah.gov,www.utah.gov,registry,not in MULTI_GOV_HOSTS -- single-tenant vendor host,,,,,,,
tier3_auto_transcription_queue.txt,https://www.utah.gov/pmn/sitemap/notice/988053.html,www.utah.gov,www.utah.gov,registry,not in MULTI_GOV_HOSTS -- single-tenant vendor host,,,,,,,
tier3_auto_transcription_queue.txt,https://www.utah.gov/pmn/sitemap/notice/1056495.html,www.utah.gov,www.utah.gov,registry,not in MULTI_GOV_HOSTS -- single-tenant vendor host,,,,,,,
tier3_auto_transcription_queue.txt,https://www.utah.gov/pmn/sitemap/notice/1053921.html,www.utah.gov,www.utah.gov,registry,not in MULTI_GOV_HOSTS -- single-tenant vendor host,,,,,,,
tier3_auto_transcription_queue.txt,https://www.utah.gov/pmn/sitemap/notice/1060697.html,www.utah.gov,www.utah.gov,registry,not in MULTI_GOV_HOSTS -- single-tenant vendor host,,,,,,,
tier3_auto_transcription_queue.txt,https://www.utah.gov/pmn/sitemap/notice/1038289.html,www.utah.gov,www.utah.gov,registry,not in MULTI_GOV_HOSTS -- single-tenant vendor host,,,,,,,
tier3_auto_transcription_queue.txt,https://www.utah.gov/pmn/sitemap/notice/1079101.html,www.utah.gov,www.utah.gov,registry,not in MULTI_GOV_HOSTS -- single-tenant vendor host,,,,,,,
tier3_auto_transcription_queue.txt,https://www.utah.gov/pmn/sitemap/notice/1083087.html,www.utah.gov,www.utah.gov,registry,not in MULTI_GOV_HOSTS -- single-tenant vendor host,,,,,,,
tier3_auto_transcription_queue.txt,https://sandovalcountynm.new.swagit.com/videos/07112019-1080/4/,sandovalcountynm.new.swagit.com,swagit,registry,not in MULTI_GOV_HOSTS -- single-tenant vendor host,,,,,,,
tier3_auto_transcription_queue.txt,https://www.youtube.com/live/a6tJWMRZgoE?feature=share,www.youtube.com,youtube,pin-added,owner found via jurisdiction_coverage.csv,us:cousub:2600980100,,,,,,
tier3_auto_transcription_queue.txt,https://www.youtube.com/watch?v=hdPayV4oLd4,www.youtube.com,youtube,pin-added,owner found via jurisdiction_coverage.csv,ca:csd:3518005,,,,,,
tier3_auto_transcription_queue.txt,https://fremont.primegov.com/Portal/Meeting?meetingTemplateId=557,fremont.primegov.com,fremont.primegov.com,registry,not in MULTI_GOV_HOSTS -- single-tenant vendor host,,,,,,,
tier3_auto_transcription_queue.txt,https://www.youtube.com/watch?v=xkZjMGFrWUg,www.youtube.com,youtube,pin-added,owner found via jurisdiction_coverage.csv,us:place:1828386,,,,,,
tier3_auto_transcription_queue.txt,https://www.youtube.com/watch?v=T3VwKCAj64o,www.youtube.com,youtube,pin-added,owner found via jurisdiction_coverage.csv,us:place:3137000,,,,,,
tier3_auto_transcription_queue.txt,https://www.youtube.com/watch?v=q5Gvlzvztpo,www.youtube.com,youtube,pin-added,owner found via jurisdiction_coverage.csv,us:place:3647988,,,,,,
tier3_auto_transcription_queue.txt,https://www.youtube.com/watch?v=uGjiNOTkOoM,www.youtube.com,youtube,pin,tenant_overrides.csv www.youtube.com match=uGjiNOTkOoM source=ryan_stated,us:place:3714700,,,,,,
tier3_auto_transcription_queue.txt,https://www.youtube.com/watch?v=fnZup1KBfr4,www.youtube.com,youtube,pin-added,owner found via jurisdiction_coverage.csv,us:place:3983090,,,,,,
tier3_auto_transcription_queue.txt,https://www.youtube.com/watch?v=zXY8UlA7kYI,www.youtube.com,youtube,pin-added,owner found via jurisdiction_coverage.csv,us:place:5667235,,,,,,
tier3_auto_transcription_queue.txt,https://delano.viebit.com/watch?hash=cpi9yaPTzJ8UPaHa,delano.viebit.com,delano.viebit.com,registry,not in MULTI_GOV_HOSTS -- single-tenant vendor host,,,,,,,
tier3_auto_transcription_queue.txt,https://monticello.viebit.com/watch?hash=bLaPBn2Wp5FY27Z1,monticello.viebit.com,monticello.viebit.com,registry,not in MULTI_GOV_HOSTS -- single-tenant vendor host,,,,,,,
tier3_auto_transcription_queue.txt,https://vimeo.com/1219072948,vimeo.com,vimeo,pin,tenant_overrides.csv vimeo.com match=1219072948 source=wo127_civicplus_pipeline,us:place:3657023,,,,,,
tier3_auto_transcription_queue.txt,https://youtu.be/Zh5fxIRXQRA,youtu.be,youtube,pin,tenant_overrides.csv youtu.be match=Zh5fxIRXQRA source=wo127_civicplus_pipeline,us:place:4804600,,,,,,
tier3_auto_transcription_queue.txt,https://fountainhillsaz.portal.civicclerk.com/event/502/media,fountainhillsaz.portal.civicclerk.com,civicclerk,registry,not in MULTI_GOV_HOSTS -- single-tenant vendor host,,,,,,,
tier3_auto_transcription_queue.txt,https://northbendwa.portal.civicclerk.com/event/168/media,northbendwa.portal.civicclerk.com,civicclerk,registry,not in MULTI_GOV_HOSTS -- single-tenant vendor host,,,,,,,
tier3_auto_transcription_queue.txt,https://newberlinwi.portal.civicclerk.com/event/2025/media,newberlinwi.portal.civicclerk.com,civicclerk,registry,not in MULTI_GOV_HOSTS -- single-tenant vendor host,,,,,,,
tier3_auto_transcription_queue.txt,https://taylortx.portal.civicclerk.com/event/2023/media,taylortx.portal.civicclerk.com,civicclerk,registry,not in MULTI_GOV_HOSTS -- single-tenant vendor host,,,,,,,
tier3_auto_transcription_queue.txt,https://eloyaz.granicus.com/MediaPlayer.php?view_id=1&clip_id=286,eloyaz.granicus.com,granicus,registry,not in MULTI_GOV_HOSTS -- single-tenant vendor host,,,,,,,
tier3_auto_transcription_queue.txt,https://elmwoodpark.granicus.com/MediaPlayer.php?view_id=2&clip_id=555,elmwoodpark.granicus.com,granicus,registry,not in MULTI_GOV_HOSTS -- single-tenant vendor host,,,,,,,
tier3_auto_transcription_queue.txt,https://molineil.granicus.com/MediaPlayer.php?view_id=1&clip_id=363,molineil.granicus.com,granicus,registry,not in MULTI_GOV_HOSTS -- single-tenant vendor host,,,,,,,
tier3_auto_transcription_queue.txt,https://shorewood-il.granicus.com/MediaPlayer.php?view_id=1&clip_id=236,shorewood-il.granicus.com,granicus,registry,not in MULTI_GOV_HOSTS -- single-tenant vendor host,,,,,,,
tier3_auto_transcription_queue.txt,https://winfieldil.portal.civicclerk.com/event/151/media,winfieldil.portal.civicclerk.com,civicclerk,registry,not in MULTI_GOV_HOSTS -- single-tenant vendor host,,,,,,,
tier3_auto_transcription_queue.txt,https://watertown.viebit.com/watch?hash=2FdjXAPYydoOCsLn,watertown.viebit.com,watertown.viebit.com,registry,not in MULTI_GOV_HOSTS -- single-tenant vendor host,,,,,,,
tier3_auto_transcription_queue.txt,https://briarclifftv.viebit.com/watch?hash=vzaKW9ZlK0oNLp3U,briarclifftv.viebit.com,briarclifftv.viebit.com,registry,not in MULTI_GOV_HOSTS -- single-tenant vendor host,,,,,,,
tier3_auto_transcription_queue.txt,https://shadyshorestx.portal.civicclerk.com/event/723/media,shadyshorestx.portal.civicclerk.com,civicclerk,registry,not in MULTI_GOV_HOSTS -- single-tenant vendor host,,,,,,,
tier3_auto_transcription_queue.txt,https://pleasantprairiewi.granicus.com/MediaPlayer.php?view_id=1&clip_id=899,pleasantprairiewi.granicus.com,granicus,registry,not in MULTI_GOV_HOSTS -- single-tenant vendor host,,,,,,,
tier3_auto_transcription_queue.txt,https://windsorwi.granicus.com/MediaPlayer.php?view_id=1&clip_id=1254,windsorwi.granicus.com,granicus,registry,not in MULTI_GOV_HOSTS -- single-tenant vendor host,,,,,,,
tier3_auto_transcription_queue.txt,https://ozaukeecowi.portal.civicclerk.com/event/5776/media,ozaukeecowi.portal.civicclerk.com,civicclerk,registry,not in MULTI_GOV_HOSTS -- single-tenant vendor host,,,,,,,
tier3_auto_transcription_queue.txt,https://bighorncomt.portal.civicclerk.com/event/1058/media,bighorncomt.portal.civicclerk.com,civicclerk,registry,not in MULTI_GOV_HOSTS -- single-tenant vendor host,,,,,,,
tier3_auto_transcription_queue.txt,https://vimeo.com/1199438213?share=copy&fl=sv&fe=ci,vimeo.com,vimeo,pin-added,owner found via wo145_report.csv,us:cousub:2500750390,,,,,,
tier3_auto_transcription_queue.txt,https://vimeo.com/686379028?turnstile=0.BQW_Zq17hkF0z_z3zMPD-pqsqiG2bfJhp7fTRnnp_VV2_e_bpn0q55ThTrdJ11k78n20yJTuvliOKXde0n_aGdglVXRQBvx2X5tMZXbwqRDniqO8nucIoerBG8BSqYYkT6fk3zgVHjhBcUrdTTXYYxBNjIN24VJkXoSeAAetkbq8e1QGMFp2c9dhb6OdXtTO0dxX97W1Pv1gMTDipAeg0bl,vimeo.com,vimeo,pin-added,owner found via wo145_report.csv,us:cousub:2500960015,,,,,,
tier3_auto_transcription_queue.txt,https://cloud.castus.tv/vod/littleton/video/6a9053da9d467600023d010f?page=HOME,cloud.castus.tv,castus,pin,tenant_overrides.csv cloud.castus.tv match=/vod/littleton/ source=wo309b,us:cousub:2501735950,,,,,,
tier3_auto_transcription_queue.txt,https://cloud.castus.tv/vod/hampsteadcabletv/video/6a99d8d999edc50002606997?page=ALL,cloud.castus.tv,castus,pin-added,owner found via wo145_report.csv,us:cousub:3301532900,,,,,,
tier3_auto_transcription_queue.txt,https://wycokck.portal.civicclerk.com/event/3554/media,wycokck.portal.civicclerk.com,civicclerk,registry,not in MULTI_GOV_HOSTS -- single-tenant vendor host,,,,,,,
tier3_auto_transcription_queue.txt,https://shawneeok.portal.civicclerk.com/event/2124/media,shawneeok.portal.civicclerk.com,civicclerk,registry,not in MULTI_GOV_HOSTS -- single-tenant vendor host,,,,,,,
tier3_auto_transcription_queue.txt,https://www.youtube.com/watch?v=ADl2lGtXofs,www.youtube.com,youtube,pin,tenant_overrides.csv www.youtube.com match=ADl2lGtXofs source=wo150_muni_ladder_sweep,ca:csd:2445072,,,,,,
tier3_auto_transcription_queue.txt,https://whiteville.granicus.com/MediaPlayer.php?view_id=1&clip_id=388,whiteville.granicus.com,granicus,registry,not in MULTI_GOV_HOSTS -- single-tenant vendor host,,,,,,,
tier3_auto_transcription_queue.txt,https://www.youtube.com/watch?v=rvl6aumK-X8,www.youtube.com,youtube,pin,tenant_overrides.csv www.youtube.com match=rvl6aumK-X8 source=ryan_stated,us:place:5323515,,,,,,
tier3_auto_transcription_queue.txt,https://www.youtube.com/watch?v=ZSmQi9C4BFs,www.youtube.com,youtube,pin,tenant_overrides.csv www.youtube.com match=ZSmQi9C4BFs source=ryan_stated,us:place:1612250,,,,,,
tier3_auto_transcription_queue.txt,https://www.youtube.com/watch?v=wPwtSAKPYW4,www.youtube.com,youtube,pin,tenant_overrides.csv www.youtube.com match=wPwtSAKPYW4 source=ryan_stated,us:place:5377105,,,,,,
tier3_auto_transcription_queue.txt,https://www.youtube.com/watch?v=xxIkBEGAEI8,www.youtube.com,youtube,pin,tenant_overrides.csv www.youtube.com match=xxIkBEGAEI8 source=ryan_stated,us:place:4916270,,,,,,
tier3_auto_transcription_queue.txt,https://www.youtube.com/watch?v=x1Fdjp9tIlI,www.youtube.com,youtube,pin,tenant_overrides.csv www.youtube.com match=x1Fdjp9tIlI source=wo149_county_ladder_sweep,us:county:42011,,,,,,
tier3_auto_transcription_queue.txt,https://harrisoncountyin.portal.civicclerk.com/event/1051/media,harrisoncountyin.portal.civicclerk.com,civicclerk,registry,not in MULTI_GOV_HOSTS -- single-tenant vendor host,,,,,,,
tier3_auto_transcription_queue.txt,https://www.youtube.com/watch?v=aCxx9A1fOzc,www.youtube.com,youtube,pin,tenant_overrides.csv www.youtube.com match=aCxx9A1fOzc source=ryan_stated,us:place:0687042,,,,,,
tier3_auto_transcription_queue.txt,https://www.youtube.com/watch?v=hqmonbdLaYA,www.youtube.com,youtube,pin,tenant_overrides.csv www.youtube.com match=hqmonbdLaYA source=wo171_localview,us:place:0101708,,,,,,
tier3_auto_transcription_queue.txt,https://www.youtube.com/watch?v=0IKo-nP2O0I,www.youtube.com,youtube,pin,tenant_overrides.csv www.youtube.com match=0IKo-nP2O0I source=wo171_localview,us:place:0102320,,,,,,
tier3_auto_transcription_queue.txt,https://www.youtube.com/watch?v=QQjG_GjDJ1M,www.youtube.com,youtube,pin,tenant_overrides.csv www.youtube.com match=QQjG_GjDJ1M source=wo171_localview,us:place:0103076,,,,,,
tier3_auto_transcription_queue.txt,https://www.youtube.com/watch?v=fFY1GZ96rFQ,www.youtube.com,youtube,pin,tenant_overrides.csv www.youtube.com match=fFY1GZ96rFQ source=wo171_localview,us:place:0109208,,,,,,
tier3_auto_transcription_queue.txt,https://www.youtube.com/watch?v=JpEhHoLj9Mc,www.youtube.com,youtube,pin,tenant_overrides.csv www.youtube.com match=JpEhHoLj9Mc source=wo171_localview,us:place:0126896,,,,,,
tier3_auto_transcription_queue.txt,https://www.youtube.com/watch?v=vkLLOwbXZuo,www.youtube.com,youtube,pin,tenant_overrides.csv www.youtube.com match=vkLLOwbXZuo source=wo171_localview,us:place:0135800,,,,,,
tier3_auto_transcription_queue.txt,https://www.youtube.com/watch?v=4ngI2zxNDPU,www.youtube.com,youtube,pin-added,owner found via jurisdiction_coverage.csv,us:place:0135896,,,,,,
tier3_auto_transcription_queue.txt,https://www.youtube.com/watch?v=nFOm1v2Vt7s,www.youtube.com,youtube,pin,tenant_overrides.csv www.youtube.com match=nFOm1v2Vt7s source=wo171_localview,us:place:0137864,,,,,,
tier3_auto_transcription_queue.txt,https://www.youtube.com/watch?v=tlJc4pJlNwY,www.youtube.com,youtube,pin,tenant_overrides.csv www.youtube.com match=tlJc4pJlNwY source=wo171_localview,us:place:0141968,,,,,,
tier3_auto_transcription_queue.txt,https://www.youtube.com/watch?v=QJPlsU9CXuY,www.youtube.com,youtube,pin,tenant_overrides.csv www.youtube.com match=QJPlsU9CXuY source=wo171_localview,us:place:0150000,,,,,,
tier3_auto_transcription_queue.txt,https://www.youtube.com/watch?v=qbfbUpxqhVM,www.youtube.com,youtube,pin,tenant_overrides.csv www.youtube.com match=qbfbUpxqhVM source=wo171_localview,us:place:0155200,,,,,,
tier3_auto_transcription_queue.txt,https://www.youtube.com/watch?v=uvlZvirdfuU,www.youtube.com,youtube,pin,tenant_overrides.csv www.youtube.com match=uvlZvirdfuU source=wo171_localview,us:place:0169120,,,,,,
tier3_auto_transcription_queue.txt,https://www.youtube.com/watch?v=hKQFXeCmXzo,www.youtube.com,youtube,pin,tenant_overrides.csv www.youtube.com match=hKQFXeCmXzo source=wo171_localview,us:place:0169240,,,,,,
tier3_auto_transcription_queue.txt,https://www.youtube.com/watch?v=t_SWoiicb7M,www.youtube.com,youtube,pin,tenant_overrides.csv www.youtube.com match=t_SWoiicb7M source=wo171_localview,us:place:0171190,,,,,,
tier3_auto_transcription_queue.txt,https://www.youtube.com/watch?v=3-G2XkaamDI,www.youtube.com,youtube,pin,tenant_overrides.csv www.youtube.com match=3-G2XkaamDI source=wo171_localview,us:place:0177304,,,,,,
tier3_auto_transcription_queue.txt,https://www.youtube.com/watch?v=StxgMFMTxQw,www.youtube.com,youtube,pin,tenant_overrides.csv www.youtube.com match=StxgMFMTxQw source=wo171_localview,us:place:0177880,,,,,,
tier3_auto_transcription_queue.txt,https://www.youtube.com/watch?v=4PMuDd6UI2A,www.youtube.com,youtube,pin,tenant_overrides.csv www.youtube.com match=4PMuDd6UI2A source=wo171_localview,us:place:0181720,,,,,,
tier3_auto_transcription_queue.txt,https://www.youtube.com/watch?v=EFpLo9iKLhQ,www.youtube.com,youtube,pin,tenant_overrides.csv www.youtube.com match=EFpLo9iKLhQ source=wo171_localview,us:place:0416410,,,,,,
tier3_auto_transcription_queue.txt,https://www.youtube.com/watch?v=dxwPQiFjoKc,www.youtube.com,youtube,pin,tenant_overrides.csv www.youtube.com match=dxwPQiFjoKc source=wo171_localview,us:place:0433280,,,,,,
tier3_auto_transcription_queue.txt,https://www.youtube.com/watch?v=knm0oTbUpyw,www.youtube.com,youtube,pin,tenant_overrides.csv www.youtube.com match=knm0oTbUpyw source=wo171_localview,us:place:0451810,,,,,,
tier3_auto_transcription_queue.txt,https://www.youtube.com/watch?v=VBdWKoJ88Bk,www.youtube.com,youtube,pin,tenant_overrides.csv www.youtube.com match=VBdWKoJ88Bk source=wo171_localview,us:place:0466470,,,,,,
tier3_auto_transcription_queue.txt,https://www.youtube.com/watch?v=0gh2jzrsUlI,www.youtube.com,youtube,pin,tenant_overrides.csv www.youtube.com match=0gh2jzrsUlI source=wo171_localview,us:place:0504840,,,,,,
tier3_auto_transcription_queue.txt,https://www.youtube.com/watch?v=eleNSHw6IqE,www.youtube.com,youtube,pin,tenant_overrides.csv www.youtube.com match=eleNSHw6IqE source=wo171_localview,us:place:0515190,,,,,,
tier3_auto_transcription_queue.txt,https://www.youtube.com/watch?v=zybekWOLU7A,www.youtube.com,youtube,pin,tenant_overrides.csv www.youtube.com match=zybekWOLU7A source=wo171_localview,us:place:0518520,,,,,,
tier3_auto_transcription_queue.txt,https://www.youtube.com/watch?v=eyGXJ-H_lBc,www.youtube.com,youtube,pin,tenant_overrides.csv www.youtube.com match=eyGXJ-H_lBc source=wo171_localview,us:place:0528780,,,,,,
tier3_auto_transcription_queue.txt,https://www.youtube.com/watch?v=oI6Kgt5uW84,www.youtube.com,youtube,pin,tenant_overrides.csv www.youtube.com match=oI6Kgt5uW84 source=wo171_localview,us:place:0571480,,,,,,
tier3_auto_transcription_queue.txt,https://www.youtube.com/watch?v=5CRt52LA9i0,www.youtube.com,youtube,pin,tenant_overrides.csv www.youtube.com match=5CRt52LA9i0 source=wo171_localview,us:place:0574540,,,,,,
tier3_auto_transcription_queue.txt,https://www.youtube.com/watch?v=vdZAPGRzZWY,www.youtube.com,youtube,pin,tenant_overrides.csv www.youtube.com match=vdZAPGRzZWY source=wo171_localview,us:place:0604982,,,,,,
tier3_auto_transcription_queue.txt,https://www.youtube.com/watch?v=pnhuoY4inys,www.youtube.com,youtube,pin,tenant_overrides.csv www.youtube.com match=pnhuoY4inys source=wo171_localview,us:place:0619766,,,,,,
tier3_auto_transcription_queue.txt,https://www.youtube.com/watch?v=oVxN7iFmymI,www.youtube.com,youtube,pin,tenant_overrides.csv www.youtube.com match=oVxN7iFmymI source=wo171_localview,us:place:0648648,,,,,,
tier3_auto_transcription_queue.txt,https://www.youtube.com/watch?v=jhfQF_ZZEDQ,www.youtube.com,youtube,pin,tenant_overrides.csv www.youtube.com match=jhfQF_ZZEDQ source=wo171_localview,us:place:0653322,,,,,,
tier3_auto_transcription_queue.txt,https://www.youtube.com/watch?v=vcvdh7siw6Y,www.youtube.com,youtube,pin,tenant_overrides.csv www.youtube.com match=vcvdh7siw6Y source=wo171_localview,us:place:0654386,,,,,,
tier3_auto_transcription_queue.txt,https://www.youtube.com/watch?v=KOYShsR0o6E,www.youtube.com,youtube,pin,tenant_overrides.csv www.youtube.com match=KOYShsR0o6E source=wo171_localview,us:place:0659500,,,,,,
tier3_auto_transcription_queue.txt,https://www.youtube.com/watch?v=q9wGFbL3RC8,www.youtube.com,youtube,pin,tenant_overrides.csv www.youtube.com match=q9wGFbL3RC8 source=wo171_localview,us:place:0661026,,,,,,
tier3_auto_transcription_queue.txt,https://www.youtube.com/watch?v=TjM_QDqulYE,www.youtube.com,youtube,pin,tenant_overrides.csv www.youtube.com match=TjM_QDqulYE source=wo171_localview,us:place:0662602,,,,,,
tier3_auto_transcription_queue.txt,https://www.youtube.com/watch?v=mJD9Ech573A,www.youtube.com,youtube,pin,tenant_overrides.csv www.youtube.com match=mJD9Ech573A source=wo171_localview,us:place:0666070,,,,,,
tier3_auto_transcription_queue.txt,https://www.youtube.com/watch?v=EllLun1cjE4,www.youtube.com,youtube,pin,tenant_overrides.csv www.youtube.com match=EllLun1cjE4 source=wo171_localview,us:place:0670742,,,,,,
tier3_auto_transcription_queue.txt,https://www.youtube.com/watch?v=8jA46n-rD3I,www.youtube.com,youtube,pin,tenant_overrides.csv www.youtube.com match=8jA46n-rD3I source=wo171_localview,us:place:0670882,,,,,,
tier3_auto_transcription_queue.txt,https://www.youtube.com/watch?v=ycAtSoDme9U,www.youtube.com,youtube,pin,tenant_overrides.csv www.youtube.com match=ycAtSoDme9U source=wo171_localview,us:place:0673108,,,,,,
tier3_auto_transcription_queue.txt,https://www.youtube.com/watch?v=tSuY87n7F_E,www.youtube.com,youtube,pin,tenant_overrides.csv www.youtube.com match=tSuY87n7F_E source=wo171_localview,us:place:0678092,,,,,,
tier3_auto_transcription_queue.txt,https://www.youtube.com/watch?v=X3R8pkttaXE,www.youtube.com,youtube,pin,tenant_overrides.csv www.youtube.com match=X3R8pkttaXE source=wo171_localview,us:place:0801090,,,,,,
tier3_auto_transcription_queue.txt,https://www.youtube.com/watch?v=JqZWS6H3o3Q,www.youtube.com,youtube,pin,tenant_overrides.csv www.youtube.com match=JqZWS6H3o3Q source=wo171_localview,us:place:0807850,,,,,,
tier3_auto_transcription_queue.txt,https://www.youtube.com/watch?v=RZYB4iM80eI,www.youtube.com,youtube,pin,tenant_overrides.csv www.youtube.com match=RZYB4iM80eI source=wo171_localview,us:place:0816495,,,,,,
tier3_auto_transcription_queue.txt,https://www.youtube.com/watch?v=ZUhlhSTmW2E,www.youtube.com,youtube,pin,tenant_overrides.csv www.youtube.com match=ZUhlhSTmW2E source=wo171_localview,us:place:0818530,,,,,,
tier3_auto_transcription_queue.txt,https://www.youtube.com/watch?v=yqTMnRba7Hs,www.youtube.com,youtube,pin,tenant_overrides.csv www.youtube.com match=yqTMnRba7Hs source=wo171_localview,us:place:0820440,,,,,,
tier3_auto_transcription_queue.txt,https://www.youtube.com/watch?v=Wm-izg7LKdE,www.youtube.com,youtube,pin,tenant_overrides.csv www.youtube.com match=Wm-izg7LKdE source=wo171_localview,us:place:0827425,,,,,,
tier3_auto_transcription_queue.txt,https://www.youtube.com/watch?v=NoyQ4Qd7eFM,www.youtube.com,youtube,pin,tenant_overrides.csv www.youtube.com match=NoyQ4Qd7eFM source=wo171_localview,us:place:0851635,,,,,,
tier3_auto_transcription_queue.txt,https://www.youtube.com/watch?v=-d23PiXsJAo,www.youtube.com,youtube,pin,tenant_overrides.csv www.youtube.com match=-d23PiXsJAo source=wo171_localview,us:place:0854330,,,,,,
tier3_auto_transcription_queue.txt,https://www.youtube.com/watch?v=4IkWDdeGZgc,www.youtube.com,youtube,pin,tenant_overrides.csv www.youtube.com match=4IkWDdeGZgc source=wo171_localview,us:place:0877290,,,,,,
tier3_auto_transcription_queue.txt,https://www.youtube.com/watch?v=Vy407PP6Vvs,www.youtube.com,youtube,pin,tenant_overrides.csv www.youtube.com match=Vy407PP6Vvs source=wo171_localview,us:place:0884770,,,,,,
tier3_auto_transcription_queue.txt,https://www.youtube.com/watch?v=SEySYn7U6jA,www.youtube.com,youtube,pin,tenant_overrides.csv www.youtube.com match=SEySYn7U6jA source=wo171_localview,us:cousub:0919052630,,,,,,
tier3_auto_transcription_queue.txt,https://www.youtube.com/watch?v=GdUaeXlOjgY,www.youtube.com,youtube,pin,tenant_overrides.csv www.youtube.com match=GdUaeXlOjgY source=wo171_localview,us:place:0955990,,,,,,
tier3_auto_transcription_queue.txt,https://www.youtube.com/watch?v=Unj-Qz0pV9o,www.youtube.com,youtube,pin,tenant_overrides.csv www.youtube.com match=Unj-Qz0pV9o source=wo171_localview,us:place:1260975,,,,,,
tier3_auto_transcription_queue.txt,https://www.youtube.com/watch?v=UilWJxpi5f0,www.youtube.com,youtube,pin,tenant_overrides.csv www.youtube.com match=UilWJxpi5f0 source=wo171_localview,us:place:1271400,,,,,,
tier3_auto_transcription_queue.txt,https://www.youtube.com/watch?v=7QqadvErArQ,www.youtube.com,youtube,pin,tenant_overrides.csv www.youtube.com match=7QqadvErArQ source=wo171_localview,us:place:1271900,,,,,,
tier3_auto_transcription_queue.txt,https://www.youtube.com/watch?v=S-y4I__Mk14,www.youtube.com,youtube,pin,tenant_overrides.csv www.youtube.com match=S-y4I__Mk14 source=wo171_localview,us:county:13117,,,,,,
tier3_auto_transcription_queue.txt,https://www.youtube.com/watch?v=wtdbR1wQZXA,www.youtube.com,youtube,pin,tenant_overrides.csv www.youtube.com match=wtdbR1wQZXA source=wo171_localview,us:place:1375272,,,,,,
tier3_auto_transcription_queue.txt,https://www.youtube.com/watch?v=oxyvt9YvIXU,www.youtube.com,youtube,pin,tenant_overrides.csv www.youtube.com match=oxyvt9YvIXU source=wo171_localview,us:place:1652120,,,,,,
tier3_auto_transcription_queue.txt,https://www.youtube.com/watch?v=7r7u_SFFQWs,www.youtube.com,youtube,pin,tenant_overrides.csv www.youtube.com match=7r7u_SFFQWs source=wo171_localview,us:place:1664810,,,,,,
tier3_auto_transcription_queue.txt,https://www.youtube.com/watch?v=0zMFSRwycag,www.youtube.com,youtube,pin,tenant_overrides.csv www.youtube.com match=0zMFSRwycag source=wo171_localview,us:place:1704013,,,,,,
tier3_auto_transcription_queue.txt,https://www.youtube.com/watch?v=Kpl8Nug8MdE,www.youtube.com,youtube,pin,tenant_overrides.csv www.youtube.com match=Kpl8Nug8MdE source=wo171_localview,us:place:1718628,,,,,,
tier3_auto_transcription_queue.txt,https://www.youtube.com/watch?v=l6mlXPyJWjE,www.youtube.com,youtube,pin,tenant_overrides.csv www.youtube.com match=l6mlXPyJWjE source=wo171_localview,us:place:1719161,,,,,,
tier3_auto_transcription_queue.txt,https://www.youtube.com/watch?v=SipIKFqiXN8,www.youtube.com,youtube,pin,tenant_overrides.csv www.youtube.com match=SipIKFqiXN8 source=wo171_localview,us:place:1720292,,,,,,
tier3_auto_transcription_queue.txt,https://www.youtube.com/watch?v=sVcavCm7ygY,www.youtube.com,youtube,pin,tenant_overrides.csv www.youtube.com match=sVcavCm7ygY source=wo171_localview,us:place:1722255,,,,,,
tier3_auto_transcription_queue.txt,https://www.youtube.com/watch?v=sRyP13CU0J8,www.youtube.com,youtube,pin,tenant_overrides.csv www.youtube.com match=sRyP13CU0J8 source=wo171_localview,us:place:1723620,,,,,,
tier3_auto_transcription_queue.txt,https://www.youtube.com/watch?v=S6himGxEItQ,www.youtube.com,youtube,pin,tenant_overrides.csv www.youtube.com match=S6himGxEItQ source=wo171_localview,us:place:1724764,,,,,,
tier3_auto_transcription_queue.txt,https://www.youtube.com/watch?v=IxqwrkOO3qI,www.youtube.com,youtube,pin,tenant_overrides.csv www.youtube.com match=IxqwrkOO3qI source=wo171_localview,us:place:1727884,,,,,,
tier3_auto_transcription_queue.txt,https://www.youtube.com/watch?v=fMIz5qP-QHU,www.youtube.com,youtube,pin,tenant_overrides.csv www.youtube.com match=fMIz5qP-QHU source=wo171_localview,us:place:1732499,,,,,,
tier3_auto_transcription_queue.txt,https://www.youtube.com/watch?v=04erlG0zYN4,www.youtube.com,youtube,pin,tenant_overrides.csv www.youtube.com match=04erlG0zYN4 source=wo302_conductor,us:place:1735411,,,,,,
tier3_auto_transcription_queue.txt,https://www.youtube.com/watch?v=DNvrN67nF_Y,www.youtube.com,youtube,pin,tenant_overrides.csv www.youtube.com match=DNvrN67nF_Y source=wo171_localview,us:place:1745694,,,,,,
tier3_auto_transcription_queue.txt,https://www.youtube.com/watch?v=96W2uBRx9OA,www.youtube.com,youtube,pin,tenant_overrides.csv www.youtube.com match=96W2uBRx9OA source=wo171_localview,us:place:1746500,,,,,,
tier3_auto_transcription_queue.txt,https://www.youtube.com/watch?v=dXoAHwawdec,www.youtube.com,youtube,pin,tenant_overrides.csv www.youtube.com match=dXoAHwawdec source=wo171_localview,us:place:1746916,,,,,,
tier3_auto_transcription_queue.txt,https://www.youtube.com/watch?v=yHhViY8F5Gw,www.youtube.com,youtube,pin,tenant_overrides.csv www.youtube.com match=yHhViY8F5Gw source=wo171_localview,us:place:1750530,,,,,,
tier3_auto_transcription_queue.txt,https://www.youtube.com/watch?v=evKrUyzEa0Y,www.youtube.com,youtube,pin,tenant_overrides.csv www.youtube.com match=evKrUyzEa0Y source=wo171_localview,us:place:1750621,,,,,,
tier3_auto_transcription_queue.txt,https://www.youtube.com/watch?v=VNFMkq-8lNE,www.youtube.com,youtube,pin,tenant_overrides.csv www.youtube.com match=VNFMkq-8lNE source=wo171_localview,us:place:1752584,,,,,,
tier3_auto_transcription_queue.txt,https://www.youtube.com/watch?v=rqcnq8DiT04,www.youtube.com,youtube,pin,tenant_overrides.csv www.youtube.com match=rqcnq8DiT04 source=wo171_localview,us:place:1754534,,,,,,
tier3_auto_transcription_queue.txt,https://www.youtube.com/watch?v=stZqL7EGfhk,www.youtube.com,youtube,pin,tenant_overrides.csv www.youtube.com match=stZqL7EGfhk source=wo171_localview,us:place:1772000,,,,,,
tier3_auto_transcription_queue.txt,https://www.youtube.com/watch?v=tOeAbFPstpQ,www.youtube.com,youtube,pin,tenant_overrides.csv www.youtube.com match=tOeAbFPstpQ source=wo171_localview,us:place:1782101,,,,,,
tier3_auto_transcription_queue.txt,https://www.youtube.com/watch?v=hQkqRTuAKuI,www.youtube.com,youtube,pin,tenant_overrides.csv www.youtube.com match=hQkqRTuAKuI source=wo171_localview,us:county:18057,,,,,,
tier3_auto_transcription_queue.txt,https://www.youtube.com/watch?v=sumJ3xrpnAE,www.youtube.com,youtube,pin,tenant_overrides.csv www.youtube.com match=sumJ3xrpnAE source=wo171_localview,us:place:1809910,,,,,,
tier3_auto_transcription_queue.txt,https://www.youtube.com/watch?v=R4A6bfK6QB4,www.youtube.com,youtube,pin,tenant_overrides.csv www.youtube.com match=R4A6bfK6QB4 source=wo171_localview,us:place:1819486,,,,,,
tier3_auto_transcription_queue.txt,https://www.youtube.com/watch?v=cX1JOh6W6NA,www.youtube.com,youtube,pin,tenant_overrides.csv www.youtube.com match=cX1JOh6W6NA source=wo171_localview,us:place:1964020,,,,,,
tier3_auto_transcription_queue.txt,https://www.youtube.com/watch?v=0TV0rinmD3w,www.youtube.com,youtube,pin,tenant_overrides.csv www.youtube.com match=0TV0rinmD3w source=wo171_localview,us:place:1937470,,,,,,
tier3_auto_transcription_queue.txt,https://www.youtube.com/watch?v=xSpWnjUr5fc,www.youtube.com,youtube,pin,tenant_overrides.csv www.youtube.com match=xSpWnjUr5fc source=wo171_localview,us:place:1982425,,,,,,
tier3_auto_transcription_queue.txt,https://www.youtube.com/watch?v=vsVPwF22qLk,www.youtube.com,youtube,pin,tenant_overrides.csv www.youtube.com match=vsVPwF22qLk source=wo171_localview,us:place:2020000,,,,,,
tier3_auto_transcription_queue.txt,https://www.youtube.com/watch?v=tNTGVIZrpjw,www.youtube.com,youtube,pin,tenant_overrides.csv www.youtube.com match=tNTGVIZrpjw source=wo171_localview,us:place:2033625,,,,,,
tier3_auto_transcription_queue.txt,https://www.youtube.com/watch?v=dNbEVsFO_So,www.youtube.com,youtube,pin,tenant_overrides.csv www.youtube.com match=dNbEVsFO_So source=wo171_localview,us:place:2047350,,,,,,
tier3_auto_transcription_queue.txt,https://www.youtube.com/watch?v=u7JLarenhps,www.youtube.com,youtube,pin,tenant_overrides.csv www.youtube.com match=u7JLarenhps source=wo171_localview,us:county:21183,,,,,,
tier3_auto_transcription_queue.txt,https://www.youtube.com/watch?v=FEdS9Md-tLQ,www.youtube.com,youtube,pin,tenant_overrides.csv www.youtube.com match=FEdS9Md-tLQ source=wo171_localview,us:place:2120350,,,,,,
tier3_auto_transcription_queue.txt,https://www.youtube.com/watch?v=iZxbImYeK08,www.youtube.com,youtube,pin,tenant_overrides.csv www.youtube.com match=iZxbImYeK08 source=wo171_localview,us:place:2130700,,,,,,
tier3_auto_transcription_queue.txt,https://www.youtube.com/watch?v=qvo8U5zjpn4,www.youtube.com,youtube,pin,tenant_overrides.csv www.youtube.com match=qvo8U5zjpn4 source=wo171_localview,us:place:2204685,,,,,,
tier3_auto_transcription_queue.txt,https://www.youtube.com/watch?v=fIVnQJgQb0s,www.youtube.com,youtube,pin,tenant_overrides.csv www.youtube.com match=fIVnQJgQb0s source=wo171_localview,us:place:2302060,,,,,,
tier3_auto_transcription_queue.txt,https://www.youtube.com/watch?v=NiupHCOMRaw,www.youtube.com,youtube,pin,tenant_overrides.csv www.youtube.com match=NiupHCOMRaw source=wo171_localview,us:cousub:2303138425,,,,,,
tier3_auto_transcription_queue.txt,https://www.youtube.com/watch?v=XsBsmO0sS4Y,www.youtube.com,youtube,pin,tenant_overrides.csv www.youtube.com match=XsBsmO0sS4Y source=wo171_localview,us:place:2466275,,,,,,
tier3_auto_transcription_queue.txt,https://www.youtube.com/watch?v=hlQBbP5vrwg,www.youtube.com,youtube,pin,tenant_overrides.csv www.youtube.com match=hlQBbP5vrwg source=wo171_localview,us:cousub:2502311665,,,,,,
tier3_auto_transcription_queue.txt,https://www.youtube.com/watch?v=v6SgCZWsqD8,www.youtube.com,youtube,pin,tenant_overrides.csv www.youtube.com match=v6SgCZWsqD8 source=wo171_localview,us:cousub:2502117405,,,,,,
tier3_auto_transcription_queue.txt,https://www.youtube.com/watch?v=0uu1oeqDME8,www.youtube.com,youtube,pin,tenant_overrides.csv www.youtube.com match=0uu1oeqDME8 source=wo171_localview,us:cousub:2501526535,,,,,,
tier3_auto_transcription_queue.txt,https://www.youtube.com/watch?v=5kOeJzaeg80,www.youtube.com,youtube,pin,tenant_overrides.csv www.youtube.com match=5kOeJzaeg80 source=wo171_localview,us:place:2527060,,,,,,
tier3_auto_transcription_queue.txt,https://www.youtube.com/watch?v=hWJjslXklOE,www.youtube.com,youtube,pin,tenant_overrides.csv www.youtube.com match=hWJjslXklOE source=wo171_localview,us:cousub:2502741165,,,,,,
tier3_auto_transcription_queue.txt,https://www.youtube.com/watch?v=KoH_tuJSf1U,www.youtube.com,youtube,pin,tenant_overrides.csv www.youtube.com match=KoH_tuJSf1U source=wo171_localview,us:cousub:2502146050,,,,,,
tier3_auto_transcription_queue.txt,https://www.youtube.com/watch?v=wta-sJ6TbFk,www.youtube.com,youtube,pin,tenant_overrides.csv www.youtube.com match=wta-sJ6TbFk source=wo171_localview,us:place:2581005,,,,,,
tier3_auto_transcription_queue.txt,https://www.youtube.com/watch?v=9RRg164A3gY,www.youtube.com,youtube,pin,tenant_overrides.csv www.youtube.com match=9RRg164A3gY source=wo171_localview,us:place:2600980,,,,,,
tier3_auto_transcription_queue.txt,https://www.youtube.com/watch?v=74Q6OUvIoCU,www.youtube.com,youtube,pin,tenant_overrides.csv www.youtube.com match=74Q6OUvIoCU source=wo171_localview,us:place:2623380,,,,,,
tier3_auto_transcription_queue.txt,https://www.youtube.com/watch?v=d9_pHW-__1k,www.youtube.com,youtube,pin,tenant_overrides.csv www.youtube.com match=d9_pHW-__1k source=wo171_localview,us:place:2624290,,,,,,
tier3_auto_transcription_queue.txt,https://www.youtube.com/watch?v=X0-P4eJvMTw,www.youtube.com,youtube,pin,tenant_overrides.csv www.youtube.com match=X0-P4eJvMTw source=wo171_localview,us:place:2629000,,,,,,
tier3_auto_transcription_queue.txt,https://www.youtube.com/watch?v=DdPXsEY8A5Q,www.youtube.com,youtube,pin,tenant_overrides.csv www.youtube.com match=DdPXsEY8A5Q source=wo171_localview,us:place:2632980,,,,,,
tier3_auto_transcription_queue.txt,https://www.youtube.com/watch?v=d1M2DEwq94E,www.youtube.com,youtube,pin,tenant_overrides.csv www.youtube.com match=d1M2DEwq94E source=wo171_localview,us:place:2633340,,,,,,
tier3_auto_transcription_queue.txt,https://www.youtube.com/watch?v=Xkb8LENWv8c,www.youtube.com,youtube,pin,tenant_overrides.csv www.youtube.com match=Xkb8LENWv8c source=wo171_localview,us:place:2637420,,,,,,
tier3_auto_transcription_queue.txt,https://www.youtube.com/watch?v=a6gHL0dJ_gQ,www.youtube.com,youtube,pin,tenant_overrides.csv www.youtube.com match=a6gHL0dJ_gQ source=wo171_localview,us:place:2638700,,,,,,
tier3_auto_transcription_queue.txt,https://www.youtube.com/watch?v=af1b2bxF9ks,www.youtube.com,youtube,pin,tenant_overrides.csv www.youtube.com match=af1b2bxF9ks source=wo171_localview,us:place:2641420,,,,,,
tier3_auto_transcription_queue.txt,https://www.youtube.com/watch?v=0G0NOn5KiOY,www.youtube.com,youtube,pin,tenant_overrides.csv www.youtube.com match=0G0NOn5KiOY source=wo171_localview,us:place:2644480,,,,,,
tier3_auto_transcription_queue.txt,https://www.youtube.com/watch?v=Hydk2Gt1Js4,www.youtube.com,youtube,pin,tenant_overrides.csv www.youtube.com match=Hydk2Gt1Js4 source=wo171_localview,us:place:2646000,,,,,,
tier3_auto_transcription_queue.txt,https://www.youtube.com/watch?v=rsmWvJ-kK30,www.youtube.com,youtube,pin,tenant_overrides.csv www.youtube.com match=rsmWvJ-kK30 source=wo171_localview,us:place:2646320,,,,,,
tier3_auto_transcription_queue.txt,https://www.youtube.com/watch?v=JEKWMDbwbs8,www.youtube.com,youtube,pin,tenant_overrides.csv www.youtube.com match=JEKWMDbwbs8 source=wo171_localview,us:place:2649000,,,,,,
tier3_auto_transcription_queue.txt,https://www.youtube.com/watch?v=ieeL6yr6f_A,www.youtube.com,youtube,pin,tenant_overrides.csv www.youtube.com match=ieeL6yr6f_A source=wo171_localview,us:place:2650560,,,,,,
tier3_auto_transcription_queue.txt,https://www.youtube.com/watch?v=GgF29zlFVfU,www.youtube.com,youtube,pin,tenant_overrides.csv www.youtube.com match=GgF29zlFVfU source=wo171_localview,us:place:2651900,,,,,,
tier3_auto_transcription_queue.txt,https://www.youtube.com/watch?v=2Wmh9mtIEgI,www.youtube.com,youtube,pin,tenant_overrides.csv www.youtube.com match=2Wmh9mtIEgI source=wo171_localview,us:place:2655020,,,,,,
tier3_auto_transcription_queue.txt,https://www.youtube.com/watch?v=XugL_YU7PkE,www.youtube.com,youtube,pin,tenant_overrides.csv www.youtube.com match=XugL_YU7PkE source=wo171_localview,us:place:2657380,,,,,,
tier3_auto_transcription_queue.txt,https://www.youtube.com/watch?v=oLD84fYSaP4,www.youtube.com,youtube,pin,tenant_overrides.csv www.youtube.com match=oLD84fYSaP4 source=wo171_localview,us:place:2659220,,,,,,
tier3_auto_transcription_queue.txt,https://www.youtube.com/watch?v=CDN6SAKzk_U,www.youtube.com,youtube,pin,tenant_overrides.csv www.youtube.com match=CDN6SAKzk_U source=wo171_localview,us:place:2671140,,,,,,
tier3_auto_transcription_queue.txt,https://www.youtube.com/watch?v=j7yZmc3eI0c,www.youtube.com,youtube,pin,tenant_overrides.csv www.youtube.com match=j7yZmc3eI0c source=wo171_localview,us:place:2680420,,,,,,
tier3_auto_transcription_queue.txt,https://www.youtube.com/watch?v=LOIFJg3ikZ4,www.youtube.com,youtube,pin-added,owner found via jurisdiction_coverage.csv,us:place:2683060,,,,,,
tier3_auto_transcription_queue.txt,https://www.youtube.com/watch?v=gPR6ooVpV6M,www.youtube.com,youtube,pin,tenant_overrides.csv www.youtube.com match=gPR6ooVpV6M source=wo171_localview,us:place:2688140,,,,,,
tier3_auto_transcription_queue.txt,https://www.youtube.com/watch?v=oNmPFaG3Nks,www.youtube.com,youtube,pin,tenant_overrides.csv www.youtube.com match=oNmPFaG3Nks source=wo171_localview,us:county:27071,,,,,,
tier3_auto_transcription_queue.txt,https://www.youtube.com/watch?v=E5PraJcHlCE,www.youtube.com,youtube,pin,tenant_overrides.csv www.youtube.com match=E5PraJcHlCE source=wo171_localview,us:place:2707516,,,,,,
tier3_auto_transcription_queue.txt,https://www.youtube.com/watch?v=Z-Ka-pz3JW4,www.youtube.com,youtube,pin,tenant_overrides.csv www.youtube.com match=Z-Ka-pz3JW4 source=wo171_localview,us:place:2710972,,,,,,
tier3_auto_transcription_queue.txt,https://www.youtube.com/watch?v=eAiwNZqXeJY,www.youtube.com,youtube,pin,tenant_overrides.csv www.youtube.com match=eAiwNZqXeJY source=wo171_localview,us:place:2713168,,,,,,
tier3_auto_transcription_queue.txt,https://www.youtube.com/watch?v=yVAfmCazWXs,www.youtube.com,youtube,pin,tenant_overrides.csv www.youtube.com match=yVAfmCazWXs source=wo171_localview,us:place:2715832,,,,,,
tier3_auto_transcription_queue.txt,https://www.youtube.com/watch?v=X5PDzii881A,www.youtube.com,youtube,pin,tenant_overrides.csv www.youtube.com match=X5PDzii881A source=wo171_localview,us:place:2723300,,,,,,
tier3_auto_transcription_queue.txt,https://www.youtube.com/watch?v=9hB-df4mYsg,www.youtube.com,youtube,pin,tenant_overrides.csv www.youtube.com match=9hB-df4mYsg source=wo171_localview,us:place:2722814,,,,,,
tier3_auto_transcription_queue.txt,https://www.youtube.com/watch?v=ZT0htYNWiyY,www.youtube.com,youtube,pin,tenant_overrides.csv www.youtube.com match=ZT0htYNWiyY source=wo171_localview,us:place:2725334,,,,,,
tier3_auto_transcription_queue.txt,https://www.youtube.com/watch?v=6l3iyNO4DoE,www.youtube.com,youtube,pin,tenant_overrides.csv www.youtube.com match=6l3iyNO4DoE source=wo171_localview,us:place:2730230,,,,,,
tier3_auto_transcription_queue.txt,https://www.youtube.com/watch?v=YYAUaZBQwog,www.youtube.com,youtube,pin,tenant_overrides.csv www.youtube.com match=YYAUaZBQwog source=wo171_localview,us:place:2730284,,,,,,
tier3_auto_transcription_queue.txt,https://www.youtube.com/watch?v=y7QV3wuZ8Js,www.youtube.com,youtube,pin,tenant_overrides.csv www.youtube.com match=y7QV3wuZ8Js source=wo171_localview,us:place:2737556,,,,,,
tier3_auto_transcription_queue.txt,https://www.youtube.com/watch?v=n68uGArQdKU,www.youtube.com,youtube,pin,tenant_overrides.csv www.youtube.com match=n68uGArQdKU source=wo171_localview,us:place:2740688,,,,,,
tier3_auto_transcription_queue.txt,https://www.youtube.com/watch?v=UK6d0obaTrw,www.youtube.com,youtube,pin,tenant_overrides.csv www.youtube.com match=UK6d0obaTrw source=wo171_localview,us:place:2741138,,,,,,
tier3_auto_transcription_queue.txt,https://www.youtube.com/watch?v=N0dRrcN91kY,www.youtube.com,youtube,pin,tenant_overrides.csv www.youtube.com match=N0dRrcN91kY source=wo171_localview,us:place:2743144,,,,,,
tier3_auto_transcription_queue.txt,https://www.youtube.com/watch?v=T8w775cupjA,www.youtube.com,youtube,pin,tenant_overrides.csv www.youtube.com match=T8w775cupjA source=wo171_localview,us:place:2743306,,,,,,
tier3_auto_transcription_queue.txt,https://www.youtube.com/watch?v=VndqAox0JVU,www.youtube.com,youtube,pin,tenant_overrides.csv www.youtube.com match=VndqAox0JVU source=wo171_localview,us:place:2746042,,,,,,
tier3_auto_transcription_queue.txt,https://www.youtube.com/watch?v=-FmJeSyVA5Y,www.youtube.com,youtube,pin,tenant_overrides.csv www.youtube.com match=-FmJeSyVA5Y source=wo171_localview,us:place:2749300,,,,,,
tier3_auto_transcription_queue.txt,https://www.youtube.com/watch?v=UY5AUEkSmy0,www.youtube.com,youtube,pin,tenant_overrides.csv www.youtube.com match=UY5AUEkSmy0 source=wo171_localview,us:place:2750776,,,,,,
tier3_auto_transcription_queue.txt,https://www.youtube.com/watch?v=SS6vRxyc7cI,www.youtube.com,youtube,pin,tenant_overrides.csv www.youtube.com match=SS6vRxyc7cI source=wo171_localview,us:place:2765272,,,,,,
tier3_auto_transcription_queue.txt,https://www.youtube.com/watch?v=RQ327cdZNFk,www.youtube.com,youtube,pin,tenant_overrides.csv www.youtube.com match=RQ327cdZNFk source=wo171_localview,us:place:2770420,,,,,,
tier3_auto_transcription_queue.txt,https://www.youtube.com/watch?v=wVu1p0LpEJc,www.youtube.com,youtube,pin,tenant_overrides.csv www.youtube.com match=wVu1p0LpEJc source=wo171_localview,us:place:2806220,,,,,,
tier3_auto_transcription_queue.txt,https://www.youtube.com/watch?v=rjqm6h9Z3mI,www.youtube.com,youtube,pin,tenant_overrides.csv www.youtube.com match=rjqm6h9Z3mI source=wo171_localview,us:place:2833700,,,,,,
tier3_auto_transcription_queue.txt,https://www.youtube.com/watch?v=8C5jL0dDHQg,www.youtube.com,youtube,pin,tenant_overrides.csv www.youtube.com match=8C5jL0dDHQg source=wo171_localview,us:place:2906652,,,,,,
tier3_auto_transcription_queue.txt,https://www.youtube.com/watch?v=eSxD3SEEbHY,www.youtube.com,youtube,pin,tenant_overrides.csv www.youtube.com match=eSxD3SEEbHY source=wo171_localview,us:place:2907318,,,,,,
tier3_auto_transcription_queue.txt,https://www.youtube.com/watch?v=GUurM6NbW3o,www.youtube.com,youtube,pin,tenant_overrides.csv www.youtube.com match=GUurM6NbW3o source=wo171_localview,us:place:2911242,,,,,,
tier3_auto_transcription_queue.txt,https://www.youtube.com/watch?v=iU6w6RjDjVQ,www.youtube.com,youtube,pin,tenant_overrides.csv www.youtube.com match=iU6w6RjDjVQ source=wo171_localview,us:place:2912898,,,,,,
tier3_auto_transcription_queue.txt,https://www.youtube.com/watch?v=qMQwVOAajY4,www.youtube.com,youtube,pin,tenant_overrides.csv www.youtube.com match=qMQwVOAajY4 source=wo171_localview,us:place:2917668,,,,,,
tier3_auto_transcription_queue.txt,https://www.youtube.com/watch?v=Zpt5IBGtLZA,www.youtube.com,youtube,pin,tenant_overrides.csv www.youtube.com match=Zpt5IBGtLZA source=wo171_localview,us:county:29189,,,,,,
tier3_auto_transcription_queue.txt,https://www.youtube.com/watch?v=n5OEcV-2kOc,www.youtube.com,youtube,pin,tenant_overrides.csv www.youtube.com match=n5OEcV-2kOc source=wo171_localview,us:place:2919252,,,,,,
tier3_auto_transcription_queue.txt,https://www.youtube.com/watch?v=jzwAgnbiMDc,www.youtube.com,youtube,pin,tenant_overrides.csv www.youtube.com match=jzwAgnbiMDc source=wo171_localview,us:place:2924778,,,,,,
tier3_auto_transcription_queue.txt,https://www.youtube.com/watch?v=R3tG_4dQBA4,www.youtube.com,youtube,pin,tenant_overrides.csv www.youtube.com match=R3tG_4dQBA4 source=wo171_localview,us:place:2935000,,,,,,
tier3_auto_transcription_queue.txt,https://www.youtube.com/watch?v=XG7ZOuKoCkk,www.youtube.com,youtube,pin,tenant_overrides.csv www.youtube.com match=XG7ZOuKoCkk source=wo171_localview,us:place:2938612,,,,,,
tier3_auto_transcription_queue.txt,https://www.youtube.com/watch?v=duqMlOU-j0o,www.youtube.com,youtube,pin,tenant_overrides.csv www.youtube.com match=duqMlOU-j0o source=wo171_localview,us:place:2939026,,,,,,
tier3_auto_transcription_queue.txt,https://www.youtube.com/watch?v=GlMJ_s8Ed4o,www.youtube.com,youtube,pin,tenant_overrides.csv www.youtube.com match=GlMJ_s8Ed4o source=wo171_localview,us:place:2947648,,,,,,
tier3_auto_transcription_queue.txt,https://www.youtube.com/watch?v=MLOJS1Tyb9c,www.youtube.com,youtube,pin,tenant_overrides.csv www.youtube.com match=MLOJS1Tyb9c source=wo171_localview,us:place:2953102,,,,,,
tier3_auto_transcription_queue.txt,https://www.youtube.com/watch?v=0dLEuRmLJt0,www.youtube.com,youtube,pin,tenant_overrides.csv www.youtube.com match=0dLEuRmLJt0 source=wo171_localview,us:place:2961238,,,,,,
tier3_auto_transcription_queue.txt,https://www.youtube.com/watch?v=Fm7sK2Jy8uo,www.youtube.com,youtube,pin,tenant_overrides.csv www.youtube.com match=Fm7sK2Jy8uo source=wo171_localview,us:place:2966800,,,,,,
tier3_auto_transcription_queue.txt,https://www.youtube.com/watch?v=UFU20VhLXp8,www.youtube.com,youtube,pin,tenant_overrides.csv www.youtube.com match=UFU20VhLXp8 source=wo171_localview,us:place:2977416,,,,,,
tier3_auto_transcription_queue.txt,https://www.youtube.com/watch?v=mF6S-URS2Dc,www.youtube.com,youtube,pin,tenant_overrides.csv www.youtube.com match=mF6S-URS2Dc source=wo171_localview,us:place:3042700,,,,,,
tier3_auto_transcription_queue.txt,https://www.youtube.com/watch?v=SjpdEktx-Oo,www.youtube.com,youtube,pin,tenant_overrides.csv www.youtube.com match=SjpdEktx-Oo source=wo171_localview,us:place:3100730,,,,,,
tier3_auto_transcription_queue.txt,https://www.youtube.com/watch?v=zczgfMHEzio,www.youtube.com,youtube,pin,tenant_overrides.csv www.youtube.com match=zczgfMHEzio source=wo171_localview,us:place:3103390,,,,,,
tier3_auto_transcription_queue.txt,https://www.youtube.com/watch?v=GRfcfsAb2FU,www.youtube.com,youtube,pin,tenant_overrides.csv www.youtube.com match=GRfcfsAb2FU source=wo171_localview,us:place:3103950,,,,,,
tier3_auto_transcription_queue.txt,https://www.youtube.com/watch?v=m8c4DadvL-o,www.youtube.com,youtube,pin,tenant_overrides.csv www.youtube.com match=m8c4DadvL-o source=wo171_localview,us:place:3111440,,,,,,
tier3_auto_transcription_queue.txt,https://www.youtube.com/watch?v=8HCjNeSBuOQ,www.youtube.com,youtube,pin,tenant_overrides.csv www.youtube.com match=8HCjNeSBuOQ source=wo171_localview,us:place:3134615,,,,,,
tier3_auto_transcription_queue.txt,https://www.youtube.com/watch?v=ySLhxgdhJ0I,www.youtube.com,youtube,pin,tenant_overrides.csv www.youtube.com match=ySLhxgdhJ0I source=wo171_localview,us:place:3144420,,,,,,
tier3_auto_transcription_queue.txt,https://www.youtube.com/watch?v=66qwApJ2cGY,www.youtube.com,youtube,pin,tenant_overrides.csv www.youtube.com match=66qwApJ2cGY source=wo171_localview,us:place:3145295,,,,,,
tier3_auto_transcription_queue.txt,https://www.youtube.com/watch?v=SfEj1TSS3us,www.youtube.com,youtube,pin,tenant_overrides.csv www.youtube.com match=SfEj1TSS3us source=wo171_localview,us:place:3401960,,,,,,
tier3_auto_transcription_queue.txt,https://www.youtube.com/watch?v=LeHeLuJBqck,www.youtube.com,youtube,pin,tenant_overrides.csv www.youtube.com match=LeHeLuJBqck source=wo171_localview,us:place:3404930,,,,,,
tier3_auto_transcription_queue.txt,https://www.youtube.com/watch?v=SYV1-PexHfs,www.youtube.com,youtube,pin,tenant_overrides.csv www.youtube.com match=SYV1-PexHfs source=wo171_localview,us:place:3405590,,,,,,
tier3_auto_transcription_queue.txt,https://www.youtube.com/watch?v=Qcf9LOaeQJI,www.youtube.com,youtube,pin,tenant_overrides.csv www.youtube.com match=Qcf9LOaeQJI source=wo171_localview,us:cousub:3402712610,,,,,,
tier3_auto_transcription_queue.txt,https://www.youtube.com/watch?v=9KE0wpBbLGs,www.youtube.com,youtube,pin,tenant_overrides.csv www.youtube.com match=9KE0wpBbLGs source=wo171_localview,us:place:3422860,,,,,,
tier3_auto_transcription_queue.txt,https://www.youtube.com/watch?v=Te_kWu6n_IQ,www.youtube.com,youtube,pin,tenant_overrides.csv www.youtube.com match=Te_kWu6n_IQ source=wo171_localview,us:place:3424420,,,,,,
tier3_auto_transcription_queue.txt,https://www.youtube.com/watch?v=gbxtjvWKJA0,www.youtube.com,youtube,pin,tenant_overrides.csv www.youtube.com match=gbxtjvWKJA0 source=wo171_localview,us:cousub:3403524900,,,,,,
tier3_auto_transcription_queue.txt,https://www.youtube.com/watch?v=5GIPeOIFQO4,www.youtube.com,youtube,pin,tenant_overrides.csv www.youtube.com match=5GIPeOIFQO4 source=wo171_localview,us:place:3425800,,,,,,
tier3_auto_transcription_queue.txt,https://www.youtube.com/watch?v=-a7h85v9EmQ,www.youtube.com,youtube,pin,tenant_overrides.csv www.youtube.com match=-a7h85v9EmQ source=wo171_localview,us:cousub:3400726760,,,,,,
tier3_auto_transcription_queue.txt,https://www.youtube.com/watch?v=ntegACSiIb0,www.youtube.com,youtube,pin,tenant_overrides.csv www.youtube.com match=ntegACSiIb0 source=wo171_localview,us:place:3428680,,,,,,
tier3_auto_transcription_queue.txt,https://www.youtube.com/watch?v=3Kdd22Y5D6k,www.youtube.com,youtube,pin,tenant_overrides.csv www.youtube.com match=3Kdd22Y5D6k source=wo171_localview,us:place:3431920,,,,,,
tier3_auto_transcription_queue.txt,https://www.youtube.com/watch?v=eONA-K_-9kk,www.youtube.com,youtube,pin,tenant_overrides.csv www.youtube.com match=eONA-K_-9kk source=wo171_localview,us:place:3440350,,,,,,
tier3_auto_transcription_queue.txt,https://www.youtube.com/watch?v=tJKfvGbtA0M,www.youtube.com,youtube,pin,tenant_overrides.csv www.youtube.com match=tJKfvGbtA0M source=wo171_localview,us:place:3440440,,,,,,
tier3_auto_transcription_queue.txt,https://www.youtube.com/watch?v=kwwJ7EclLxc,www.youtube.com,youtube,pin,tenant_overrides.csv www.youtube.com match=kwwJ7EclLxc source=wo171_localview,us:place:3446620,,,,,,
tier3_auto_transcription_queue.txt,https://www.youtube.com/watch?v=-ZN364Xq1PE,www.youtube.com,youtube,pin,tenant_overrides.csv www.youtube.com match=-ZN364Xq1PE source=wo171_localview,us:place:3457000,,,,,,
tier3_auto_transcription_queue.txt,https://www.youtube.com/watch?v=WrpdDTwbS1s,www.youtube.com,youtube,pin,tenant_overrides.csv www.youtube.com match=WrpdDTwbS1s source=wo171_localview,us:place:3461980,,,,,,
tier3_auto_transcription_queue.txt,https://www.youtube.com/watch?v=yowDRZvhaWo,www.youtube.com,youtube,pin,tenant_overrides.csv www.youtube.com match=yowDRZvhaWo source=wo171_localview,us:place:3463150,,,,,,
tier3_auto_transcription_queue.txt,https://www.youtube.com/watch?v=PYAcJ6A_3S0,www.youtube.com,youtube,pin,tenant_overrides.csv www.youtube.com match=PYAcJ6A_3S0 source=wo171_localview,us:cousub:3403179460,,,,,,
tier3_auto_transcription_queue.txt,https://www.youtube.com/watch?v=HKj_uzp8VXw,www.youtube.com,youtube,pin,tenant_overrides.csv www.youtube.com match=HKj_uzp8VXw source=wo171_localview,us:cousub:3401379800,,,,,,
tier3_auto_transcription_queue.txt,https://www.youtube.com/watch?v=BNa8LR746fY,www.youtube.com,youtube,pin,tenant_overrides.csv www.youtube.com match=BNa8LR746fY source=wo171_localview,us:county:35055,,,,,,
tier3_auto_transcription_queue.txt,https://www.youtube.com/watch?v=bEik8RFSB-8,www.youtube.com,youtube,pin,tenant_overrides.csv www.youtube.com match=bEik8RFSB-8 source=wo171_localview,us:place:3539940,,,,,,
tier3_auto_transcription_queue.txt,https://www.youtube.com/watch?v=iYezHDYxAJ0,www.youtube.com,youtube,pin,tenant_overrides.csv www.youtube.com match=iYezHDYxAJ0 source=wo171_localview,us:place:3564930,,,,,,
tier3_auto_transcription_queue.txt,https://www.youtube.com/watch?v=hb40524RGkw,www.youtube.com,youtube,pin,tenant_overrides.csv www.youtube.com match=hb40524RGkw source=wo171_localview,us:cousub:3602923415,,,,,,
tier3_auto_transcription_queue.txt,https://www.youtube.com/watch?v=2oSrHASQRjw,www.youtube.com,youtube,pin,tenant_overrides.csv www.youtube.com match=2oSrHASQRjw source=wo171_localview,us:place:3625967,,,,,,
tier3_auto_transcription_queue.txt,https://www.youtube.com/watch?v=LjXWT27IGXQ,www.youtube.com,youtube,pin,tenant_overrides.csv www.youtube.com match=LjXWT27IGXQ source=wo171_localview,us:place:3639727,,,,,,
tier3_auto_transcription_queue.txt,https://www.youtube.com/watch?v=KIS3dD0PhXE,www.youtube.com,youtube,pin,tenant_overrides.csv www.youtube.com match=KIS3dD0PhXE source=wo171_localview,us:place:3643335,,,,,,
tier3_auto_transcription_queue.txt,https://www.youtube.com/watch?v=6kvSTyFUsSE,www.youtube.com,youtube,pin,tenant_overrides.csv www.youtube.com match=6kvSTyFUsSE source=wo171_localview,us:place:3650551,,,,,,
tier3_auto_transcription_queue.txt,https://www.youtube.com/watch?v=WPewSGc1FfI,www.youtube.com,youtube,pin,tenant_overrides.csv www.youtube.com match=WPewSGc1FfI source=wo171_localview,us:place:3658574,,,,,,
tier3_auto_transcription_queue.txt,https://www.youtube.com/watch?v=F1BERpQd8ts,www.youtube.com,youtube,pin,tenant_overrides.csv www.youtube.com match=F1BERpQd8ts source=wo171_localview,us:place:3663000,,,,,,
tier3_auto_transcription_queue.txt,https://www.youtube.com/watch?v=XKZdMRXKGTg,www.youtube.com,youtube,pin,tenant_overrides.csv www.youtube.com match=XKZdMRXKGTg source=wo171_localview,us:place:3675583,,,,,,
tier3_auto_transcription_queue.txt,https://www.youtube.com/watch?v=mkCkYbVvds0,www.youtube.com,youtube,pin,tenant_overrides.csv www.youtube.com match=mkCkYbVvds0 source=wo171_localview,us:place:3700160,,,,,,
tier3_auto_transcription_queue.txt,https://www.youtube.com/watch?v=jKpaDwIiTXI,www.youtube.com,youtube,pin,tenant_overrides.csv www.youtube.com match=jKpaDwIiTXI source=wo171_localview,us:county:37013,,,,,,
tier3_auto_transcription_queue.txt,https://www.youtube.com/watch?v=anGbDn5R80A,www.youtube.com,youtube,pin,tenant_overrides.csv www.youtube.com match=anGbDn5R80A source=wo171_localview,us:county:37017,,,,,,
tier3_auto_transcription_queue.txt,https://www.youtube.com/watch?v=hctGdTngAck,www.youtube.com,youtube,pin,tenant_overrides.csv www.youtube.com match=hctGdTngAck source=wo171_localview,us:place:3702080,,,,,,
tier3_auto_transcription_queue.txt,https://www.youtube.com/watch?v=qHONj-djjVw,www.youtube.com,youtube,pin,tenant_overrides.csv www.youtube.com match=qHONj-djjVw source=wo171_localview,us:county:37021,,,,,,
tier3_auto_transcription_queue.txt,https://www.youtube.com/watch?v=UnQx0VO6Rs4,www.youtube.com,youtube,pin,tenant_overrides.csv www.youtube.com match=UnQx0VO6Rs4 source=wo171_localview,us:county:37025,,,,,,
tier3_auto_transcription_queue.txt,https://www.youtube.com/watch?v=zxAEpYVwb18,www.youtube.com,youtube,pin,tenant_overrides.csv www.youtube.com match=zxAEpYVwb18 source=wo171_localview,us:place:3702840,,,,,,
tier3_auto_transcription_queue.txt,https://www.youtube.com/watch?v=emdCU5lVsTU,www.youtube.com,youtube,pin,tenant_overrides.csv www.youtube.com match=emdCU5lVsTU source=wo171_localview,us:place:3704510,,,,,,
tier3_auto_transcription_queue.txt,https://www.youtube.com/watch?v=njyYi2V_mkE,www.youtube.com,youtube,pin,tenant_overrides.csv www.youtube.com match=njyYi2V_mkE source=wo171_localview,us:place:3705220,,,,,,
tier3_auto_transcription_queue.txt,https://www.youtube.com/watch?v=GAZ5C8rWJhE,www.youtube.com,youtube,pin,tenant_overrides.csv www.youtube.com match=GAZ5C8rWJhE source=wo171_localview,us:place:3706140,,,,,,
tier3_auto_transcription_queue.txt,https://www.youtube.com/watch?v=KgKSkPOVuPk,www.youtube.com,youtube,pin,tenant_overrides.csv www.youtube.com match=KgKSkPOVuPk source=wo171_localview,us:place:3706800,,,,,,
tier3_auto_transcription_queue.txt,https://www.youtube.com/watch?v=fpZdZo4cNcc,www.youtube.com,youtube,pin,tenant_overrides.csv www.youtube.com match=fpZdZo4cNcc source=wo171_localview,us:county:37075,,,,,,
tier3_auto_transcription_queue.txt,https://www.youtube.com/watch?v=Sux_9F1GXjw,www.youtube.com,youtube,pin,tenant_overrides.csv www.youtube.com match=Sux_9F1GXjw source=wo171_localview,us:place:3709060,,,,,,
tier3_auto_transcription_queue.txt,https://www.youtube.com/watch?v=AJW6v0rUSOs,www.youtube.com,youtube,pin,tenant_overrides.csv www.youtube.com match=AJW6v0rUSOs source=wo171_localview,us:place:3709360,,,,,,
tier3_auto_transcription_queue.txt,https://www.youtube.com/watch?v=yhL8JgAqcFw,www.youtube.com,youtube,pin,tenant_overrides.csv www.youtube.com match=yhL8JgAqcFw source=wo171_localview,us:place:3709530,,,,,,
tier3_auto_transcription_queue.txt,https://www.youtube.com/watch?v=SKRiv8VxWPY,www.youtube.com,youtube,pin,tenant_overrides.csv www.youtube.com match=SKRiv8VxWPY source=wo171_localview,us:county:37113,,,,,,
tier3_auto_transcription_queue.txt,https://www.youtube.com/watch?v=R5ushGQh3pc,www.youtube.com,youtube,pin,tenant_overrides.csv www.youtube.com match=R5ushGQh3pc source=wo171_localview,us:county:37115,,,,,,
tier3_auto_transcription_queue.txt,https://www.youtube.com/watch?v=gjn47EKDehE,www.youtube.com,youtube,pin,tenant_overrides.csv www.youtube.com match=gjn47EKDehE source=wo171_localview,us:place:3712340,,,,,,
tier3_auto_transcription_queue.txt,https://www.youtube.com/watch?v=2Nk_GxlsdlQ,www.youtube.com,youtube,pin,tenant_overrides.csv www.youtube.com match=2Nk_GxlsdlQ source=wo171_localview,us:place:3714100,,,,,,
tier3_auto_transcription_queue.txt,https://www.youtube.com/watch?v=UMGfhk9W6ZA,www.youtube.com,youtube,pin,tenant_overrides.csv www.youtube.com match=UMGfhk9W6ZA source=wo171_localview,us:place:3714340,,,,,,
tier3_auto_transcription_queue.txt,https://www.youtube.com/watch?v=9BEFRPhHS_E,www.youtube.com,youtube,pin,tenant_overrides.csv www.youtube.com match=9BEFRPhHS_E source=wo171_localview,us:place:3718060,,,,,,
tier3_auto_transcription_queue.txt,https://www.youtube.com/watch?v=eatydM3N4bE,www.youtube.com,youtube,pin,tenant_overrides.csv www.youtube.com match=eatydM3N4bE source=wo171_localview,us:place:3720080,,,,,,
tier3_auto_transcription_queue.txt,https://www.youtube.com/watch?v=YC3x7Ez3ENQ,www.youtube.com,youtube,pin,tenant_overrides.csv www.youtube.com match=YC3x7Ez3ENQ source=wo171_localview,us:place:3722820,,,,,,
tier3_auto_transcription_queue.txt,https://www.youtube.com/watch?v=lwoJVOct9mQ,www.youtube.com,youtube,pin,tenant_overrides.csv www.youtube.com match=lwoJVOct9mQ source=wo171_localview,us:place:3725480,,,,,,
tier3_auto_transcription_queue.txt,https://www.youtube.com/watch?v=AWrWMMLeeOg,www.youtube.com,youtube,pin,tenant_overrides.csv www.youtube.com match=AWrWMMLeeOg source=wo171_localview,us:place:3727280,,,,,,
tier3_auto_transcription_queue.txt,https://www.youtube.com/watch?v=1ijFL71nUGA,www.youtube.com,youtube,pin,tenant_overrides.csv www.youtube.com match=1ijFL71nUGA source=wo171_localview,us:place:3731060,,,,,,
tier3_auto_transcription_queue.txt,https://www.youtube.com/watch?v=kKKQ_Mxmmp4,www.youtube.com,youtube,pin,tenant_overrides.csv www.youtube.com match=kKKQ_Mxmmp4 source=wo171_localview,us:place:3731400,,,,,,
tier3_auto_transcription_queue.txt,https://www.youtube.com/watch?v=_z0toJB-coo,www.youtube.com,youtube,pin,tenant_overrides.csv www.youtube.com match=_z0toJB-coo source=wo171_localview,us:place:3735600,,,,,,
tier3_auto_transcription_queue.txt,https://www.youtube.com/watch?v=GjgI4bIlchY,www.youtube.com,youtube,pin-added,owner found via jurisdiction_coverage.csv,us:place:3735760,,,,,,
tier3_auto_transcription_queue.txt,https://www.youtube.com/watch?v=-rGcIGc7xpk,www.youtube.com,youtube,pin,tenant_overrides.csv www.youtube.com match=-rGcIGc7xpk source=wo171_localview,us:place:3736060,,,,,,
tier3_auto_transcription_queue.txt,https://www.youtube.com/watch?v=2tcmO4MkI_U,www.youtube.com,youtube,pin,tenant_overrides.csv www.youtube.com match=2tcmO4MkI_U source=wo171_localview,us:place:3736500,,,,,,
tier3_auto_transcription_queue.txt,https://www.youtube.com/watch?v=JbwU4TWGTgE,www.youtube.com,youtube,pin,tenant_overrides.csv www.youtube.com match=JbwU4TWGTgE source=wo171_localview,us:place:3738040,,,,,,
tier3_auto_transcription_queue.txt,https://www.youtube.com/watch?v=ZNzcrPuRT4c,www.youtube.com,youtube,pin,tenant_overrides.csv www.youtube.com match=ZNzcrPuRT4c source=wo171_localview,us:place:3741960,,,,,,
tier3_auto_transcription_queue.txt,https://www.youtube.com/watch?v=AydJqtIXzaA,www.youtube.com,youtube,pin,tenant_overrides.csv www.youtube.com match=AydJqtIXzaA source=wo171_localview,us:place:3742240,,,,,,
tier3_auto_transcription_queue.txt,https://www.youtube.com/watch?v=kFyb-zLdhI8,www.youtube.com,youtube,pin,tenant_overrides.csv www.youtube.com match=kFyb-zLdhI8 source=wo171_localview,us:place:3743480,,,,,,
tier3_auto_transcription_queue.txt,https://www.youtube.com/watch?v=pv6DO-KQt30,www.youtube.com,youtube,pin,tenant_overrides.csv www.youtube.com match=pv6DO-KQt30 source=wo171_localview,us:place:3743920,,,,,,
tier3_auto_transcription_queue.txt,https://www.youtube.com/watch?v=C6dUt1IBl14,www.youtube.com,youtube,pin,tenant_overrides.csv www.youtube.com match=C6dUt1IBl14 source=wo171_localview,us:place:3744960,,,,,,
tier3_auto_transcription_queue.txt,https://www.youtube.com/watch?v=GjPStMmMoEM,www.youtube.com,youtube,pin,tenant_overrides.csv www.youtube.com match=GjPStMmMoEM source=wo171_localview,us:place:3745100,,,,,,
tier3_auto_transcription_queue.txt,https://www.youtube.com/watch?v=PG2sNAgk4pQ,www.youtube.com,youtube,pin,tenant_overrides.csv www.youtube.com match=PG2sNAgk4pQ source=wo171_localview,us:place:3746000,,,,,,
tier3_auto_transcription_queue.txt,https://www.youtube.com/watch?v=02WYDRgScdI,www.youtube.com,youtube,pin,tenant_overrides.csv www.youtube.com match=02WYDRgScdI source=wo171_localview,us:place:3747000,,,,,,
tier3_auto_transcription_queue.txt,https://www.youtube.com/watch?v=qeFK-5_lQTo,www.youtube.com,youtube,pin-added,owner found via jurisdiction_coverage.csv,us:place:3748480,,,,,,
tier3_auto_transcription_queue.txt,https://www.youtube.com/watch?v=wa9K_eWNt3Y,www.youtube.com,youtube,pin,tenant_overrides.csv www.youtube.com match=wa9K_eWNt3Y source=wo171_localview,us:place:3755900,,,,,,
tier3_auto_transcription_queue.txt,https://www.youtube.com/watch?v=M0h7PwOgC6w,www.youtube.com,youtube,pin,tenant_overrides.csv www.youtube.com match=M0h7PwOgC6w source=wo171_localview,us:place:3757500,,,,,,
tier3_auto_transcription_queue.txt,https://www.youtube.com/watch?v=e7NRf_Bw-pQ,www.youtube.com,youtube,pin,tenant_overrides.csv www.youtube.com match=e7NRf_Bw-pQ source=wo171_localview,us:place:3758860,,,,,,
tier3_auto_transcription_queue.txt,https://www.youtube.com/watch?v=XnCdRK93A3I,www.youtube.com,youtube,pin,tenant_overrides.csv www.youtube.com match=XnCdRK93A3I source=wo171_localview,us:place:3761860,,,,,,
tier3_auto_transcription_queue.txt,https://www.youtube.com/watch?v=eXP-Hw2M11E,www.youtube.com,youtube,pin,tenant_overrides.csv www.youtube.com match=eXP-Hw2M11E source=wo171_localview,us:place:3764180,,,,,,
tier3_auto_transcription_queue.txt,https://www.youtube.com/watch?v=4SA2CaoKAbY,www.youtube.com,youtube,pin,tenant_overrides.csv www.youtube.com match=4SA2CaoKAbY source=wo171_localview,us:place:3764420,,,,,,
tier3_auto_transcription_queue.txt,https://www.youtube.com/watch?v=5q11EiH6HEQ,www.youtube.com,youtube,pin,tenant_overrides.csv www.youtube.com match=5q11EiH6HEQ source=wo171_localview,us:place:3764740,,,,,,
tier3_auto_transcription_queue.txt,https://www.youtube.com/watch?v=A2-zym9aEuE,www.youtube.com,youtube,pin,tenant_overrides.csv www.youtube.com match=A2-zym9aEuE source=wo171_localview,us:place:3766040,,,,,,
tier3_auto_transcription_queue.txt,https://www.youtube.com/watch?v=n9GAArIOJXY,www.youtube.com,youtube,pin,tenant_overrides.csv www.youtube.com match=n9GAArIOJXY source=wo171_localview,us:place:3768400,,,,,,
tier3_auto_transcription_queue.txt,https://www.youtube.com/watch?v=XcWGvHxoMp4,www.youtube.com,youtube,pin,tenant_overrides.csv www.youtube.com match=XcWGvHxoMp4 source=wo171_localview,us:place:3769520,,,,,,
tier3_auto_transcription_queue.txt,https://www.youtube.com/watch?v=tUL3WDqDiPk,www.youtube.com,youtube,pin,tenant_overrides.csv www.youtube.com match=tUL3WDqDiPk source=wo171_localview,us:place:3771860,,,,,,
tier3_auto_transcription_queue.txt,https://www.youtube.com/watch?v=zm75uL-vmfw,www.youtube.com,youtube,pin,tenant_overrides.csv www.youtube.com match=zm75uL-vmfw source=wo171_localview,us:place:3771940,,,,,,
tier3_auto_transcription_queue.txt,https://www.youtube.com/watch?v=8tvMYfc_o6E,www.youtube.com,youtube,pin,tenant_overrides.csv www.youtube.com match=8tvMYfc_o6E source=wo171_localview,us:place:3775060,,,,,,
tier3_auto_transcription_queue.txt,https://www.youtube.com/watch?v=cHWqpHCmPQ4,www.youtube.com,youtube,pin,tenant_overrides.csv www.youtube.com match=cHWqpHCmPQ4 source=wo171_localview,us:place:3776220,,,,,,
tier3_auto_transcription_queue.txt,https://www.youtube.com/watch?v=ZdUNMfbRvv0,www.youtube.com,youtube,pin,tenant_overrides.csv www.youtube.com match=ZdUNMfbRvv0 source=wo171_localview,us:place:3903086,,,,,,
tier3_auto_transcription_queue.txt,https://www.youtube.com/watch?v=wSpKsmw_pEk,www.youtube.com,youtube,pin,tenant_overrides.csv www.youtube.com match=wSpKsmw_pEk source=wo171_localview,us:place:3903828,,,,,,
tier3_auto_transcription_queue.txt,https://www.youtube.com/watch?v=8-4LR3oHoTc,www.youtube.com,youtube,pin,tenant_overrides.csv www.youtube.com match=8-4LR3oHoTc source=wo171_localview,us:county:39055,,,,,,
tier3_auto_transcription_queue.txt,https://www.youtube.com/watch?v=34I49igNMyA,www.youtube.com,youtube,pin,tenant_overrides.csv www.youtube.com match=34I49igNMyA source=wo171_localview,us:place:3906194,,,,,,
tier3_auto_transcription_queue.txt,https://www.youtube.com/watch?v=jawX3O_0nKE,www.youtube.com,youtube,pin,tenant_overrides.csv www.youtube.com match=jawX3O_0nKE source=wo171_localview,us:place:3909246,,,,,,
tier3_auto_transcription_queue.txt,https://www.youtube.com/watch?v=1BtD51zGUd4,www.youtube.com,youtube,pin,tenant_overrides.csv www.youtube.com match=1BtD51zGUd4 source=wo171_localview,us:place:3909288,,,,,,
tier3_auto_transcription_queue.txt,https://www.youtube.com/watch?v=ag0sXUKVXFA,www.youtube.com,youtube,pin,tenant_overrides.csv www.youtube.com match=ag0sXUKVXFA source=wo171_localview,us:place:3909792,,,,,,
tier3_auto_transcription_queue.txt,https://www.youtube.com/watch?v=6wSczT26P68,www.youtube.com,youtube,pin,tenant_overrides.csv www.youtube.com match=6wSczT26P68 source=wo171_localview,us:place:3910030,,,,,,
tier3_auto_transcription_queue.txt,https://www.youtube.com/watch?v=9HQgbxKOPm4,www.youtube.com,youtube,pin,tenant_overrides.csv www.youtube.com match=9HQgbxKOPm4 source=wo171_localview,us:place:3911304,,,,,,
tier3_auto_transcription_queue.txt,https://www.youtube.com/watch?v=Q366_JjbJdg,www.youtube.com,youtube,pin,tenant_overrides.csv www.youtube.com match=Q366_JjbJdg source=wo171_localview,us:place:3913190,,,,,,
tier3_auto_transcription_queue.txt,https://www.youtube.com/watch?v=uoUpmqnJW9A,www.youtube.com,youtube,pin,tenant_overrides.csv www.youtube.com match=uoUpmqnJW9A source=wo171_localview,us:place:3914184,,,,,,
tier3_auto_transcription_queue.txt,https://www.youtube.com/watch?v=CTZRYrsi4sk,www.youtube.com,youtube,pin,tenant_overrides.csv www.youtube.com match=CTZRYrsi4sk source=wo171_localview,us:place:3916014,,,,,,
tier3_auto_transcription_queue.txt,https://www.youtube.com/watch?v=KXERDl_9ST8,www.youtube.com,youtube,pin,tenant_overrides.csv www.youtube.com match=KXERDl_9ST8 source=wo171_localview,us:place:3923618,,,,,,
tier3_auto_transcription_queue.txt,https://www.youtube.com/watch?v=DjTDUSPl7hk,www.youtube.com,youtube,pin,tenant_overrides.csv www.youtube.com match=DjTDUSPl7hk source=wo171_localview,us:place:3927706,,,,,,
tier3_auto_transcription_queue.txt,https://www.youtube.com/watch?v=mjryQPNsKnU,www.youtube.com,youtube,pin,tenant_overrides.csv www.youtube.com match=mjryQPNsKnU source=wo171_localview,us:place:3935098,,,,,,
tier3_auto_transcription_queue.txt,https://www.youtube.com/watch?v=WxIm05ZC5iA,www.youtube.com,youtube,pin,tenant_overrides.csv www.youtube.com match=WxIm05ZC5iA source=wo171_localview,us:place:3945976,,,,,,
tier3_auto_transcription_queue.txt,https://www.youtube.com/watch?v=rW-9w3z4cbk,www.youtube.com,youtube,pin,tenant_overrides.csv www.youtube.com match=rW-9w3z4cbk source=wo171_localview,us:place:3948790,,,,,,
tier3_auto_transcription_queue.txt,https://www.youtube.com/watch?v=R7s8B-7Sl8o,www.youtube.com,youtube,pin,tenant_overrides.csv www.youtube.com match=R7s8B-7Sl8o source=wo171_localview,us:place:3950904,,,,,,
tier3_auto_transcription_queue.txt,https://www.youtube.com/watch?v=xtQI1m42tek,www.youtube.com,youtube,pin,tenant_overrides.csv www.youtube.com match=xtQI1m42tek source=wo171_localview,us:place:3953550,,,,,,
tier3_auto_transcription_queue.txt,https://www.youtube.com/watch?v=HNVoYorL7XQ,www.youtube.com,youtube,pin,tenant_overrides.csv www.youtube.com match=HNVoYorL7XQ source=wo171_localview,us:place:3958604,,,,,,
tier3_auto_transcription_queue.txt,https://www.youtube.com/watch?v=6SRncpDS2bM,www.youtube.com,youtube,pin,tenant_overrides.csv www.youtube.com match=6SRncpDS2bM source=wo171_localview,us:place:3966152,,,,,,
tier3_auto_transcription_queue.txt,https://www.youtube.com/watch?v=B_gH6WN1kgg,www.youtube.com,youtube,pin,tenant_overrides.csv www.youtube.com match=B_gH6WN1kgg source=wo171_localview,us:place:3966824,,,,,,
tier3_auto_transcription_queue.txt,https://www.youtube.com/watch?v=iHG4tB1onDY,www.youtube.com,youtube,pin,tenant_overrides.csv www.youtube.com match=iHG4tB1onDY source=wo171_localview,us:place:3971416,,,,,,
tier3_auto_transcription_queue.txt,https://www.youtube.com/watch?v=XmHpa5hgWyQ,www.youtube.com,youtube,pin,tenant_overrides.csv www.youtube.com match=XmHpa5hgWyQ source=wo171_localview,us:place:3974608,,,,,,
tier3_auto_transcription_queue.txt,https://www.youtube.com/watch?v=lOzPOBmOrds,www.youtube.com,youtube,pin,tenant_overrides.csv www.youtube.com match=lOzPOBmOrds source=wo171_localview,us:place:3978932,,,,,,
tier3_auto_transcription_queue.txt,https://www.youtube.com/watch?v=5A64xAcwr34,www.youtube.com,youtube,pin,tenant_overrides.csv www.youtube.com match=5A64xAcwr34 source=wo171_localview,us:place:3981928,,,,,,
tier3_auto_transcription_queue.txt,https://www.youtube.com/watch?v=mAD5aI88-Yk,www.youtube.com,youtube,pin,tenant_overrides.csv www.youtube.com match=mAD5aI88-Yk source=wo171_localview,us:place:3982390,,,,,,
tier3_auto_transcription_queue.txt,https://www.youtube.com/watch?v=XuxTqaOHdZo,www.youtube.com,youtube,pin,tenant_overrides.csv www.youtube.com match=XuxTqaOHdZo source=wo171_localview,us:place:3985036,,,,,,
tier3_auto_transcription_queue.txt,https://www.youtube.com/watch?v=GpcngrMCV-0,www.youtube.com,youtube,pin,tenant_overrides.csv www.youtube.com match=GpcngrMCV-0 source=wo171_localview,us:place:3986772,,,,,,
tier3_auto_transcription_queue.txt,https://www.youtube.com/watch?v=XYdKJjWRVQM,www.youtube.com,youtube,pin,tenant_overrides.csv www.youtube.com match=XYdKJjWRVQM source=wo171_localview,us:place:4005700,,,,,,
tier3_auto_transcription_queue.txt,https://www.youtube.com/watch?v=JlLqQfcJJ5Q,www.youtube.com,youtube,pin,tenant_overrides.csv www.youtube.com match=JlLqQfcJJ5Q source=wo171_localview,us:place:4006400,,,,,,
tier3_auto_transcription_queue.txt,https://www.youtube.com/watch?v=hCxsLZA5KLM,www.youtube.com,youtube,pin,tenant_overrides.csv www.youtube.com match=hCxsLZA5KLM source=wo171_localview,us:place:4023700,,,,,,
tier3_auto_transcription_queue.txt,https://www.youtube.com/watch?v=q7GnOP7L3Oo,www.youtube.com,youtube,pin,tenant_overrides.csv www.youtube.com match=q7GnOP7L3Oo source=wo171_localview,us:place:4031700,,,,,,
tier3_auto_transcription_queue.txt,https://www.youtube.com/watch?v=Z-8TGjxLwWM,www.youtube.com,youtube,pin,tenant_overrides.csv www.youtube.com match=Z-8TGjxLwWM source=wo171_localview,us:place:4044800,,,,,,
tier3_auto_transcription_queue.txt,https://www.youtube.com/watch?v=Ng1jyHsafN4,www.youtube.com,youtube,pin,tenant_overrides.csv www.youtube.com match=Ng1jyHsafN4 source=wo171_localview,us:place:4048000,,,,,,
tier3_auto_transcription_queue.txt,https://www.youtube.com/watch?v=MbxKzz6iPSQ,www.youtube.com,youtube,pin,tenant_overrides.csv www.youtube.com match=MbxKzz6iPSQ source=wo171_localview,us:place:4052500,,,,,,
tier3_auto_transcription_queue.txt,https://www.youtube.com/watch?v=khe9L58N5eQ,www.youtube.com,youtube,pin,tenant_overrides.csv www.youtube.com match=khe9L58N5eQ source=wo171_localview,us:place:4070300,,,,,,
tier3_auto_transcription_queue.txt,https://www.youtube.com/watch?v=IDetgr0Il6g,www.youtube.com,youtube,pin,tenant_overrides.csv www.youtube.com match=IDetgr0Il6g source=wo171_localview,us:place:4110750,,,,,,
tier3_auto_transcription_queue.txt,https://www.youtube.com/watch?v=98v4UlV4fNw,www.youtube.com,youtube,pin,tenant_overrides.csv www.youtube.com match=98v4UlV4fNw source=wo171_localview,us:place:4118850,,,,,,
tier3_auto_transcription_queue.txt,https://www.youtube.com/watch?v=v_c76ek4E8g,www.youtube.com,youtube,pin,tenant_overrides.csv www.youtube.com match=v_c76ek4E8g source=wo171_localview,us:place:4123850,,,,,,
tier3_auto_transcription_queue.txt,https://www.youtube.com/watch?v=eNQhnvO7pZc,www.youtube.com,youtube,pin,tenant_overrides.csv www.youtube.com match=eNQhnvO7pZc source=wo171_localview,us:place:4129000,,,,,,
tier3_auto_transcription_queue.txt,https://www.youtube.com/watch?v=rA0lzBSBTYw,www.youtube.com,youtube,pin,tenant_overrides.csv www.youtube.com match=rA0lzBSBTYw source=wo171_localview,us:place:4145000,,,,,,
tier3_auto_transcription_queue.txt,https://www.youtube.com/watch?v=gQb4nCcnQFY,www.youtube.com,youtube,pin,tenant_overrides.csv www.youtube.com match=gQb4nCcnQFY source=wo171_localview,us:place:4159000,,,,,,
tier3_auto_transcription_queue.txt,https://www.youtube.com/watch?v=a9tGDFag22k,www.youtube.com,youtube,pin,tenant_overrides.csv www.youtube.com match=a9tGDFag22k source=wo171_localview,us:place:4170200,,,,,,
tier3_auto_transcription_queue.txt,https://www.youtube.com/watch?v=q2-hGNlC3w8,www.youtube.com,youtube,pin,tenant_overrides.csv www.youtube.com match=q2-hGNlC3w8 source=wo171_localview,us:county:42019,,,,,,
tier3_auto_transcription_queue.txt,https://www.youtube.com/watch?v=A8Y4z6fXYH8,www.youtube.com,youtube,pin,tenant_overrides.csv www.youtube.com match=A8Y4z6fXYH8 source=wo171_localview,us:place:4205312,,,,,,
tier3_auto_transcription_queue.txt,https://www.youtube.com/watch?v=sA03iGQLVyo,www.youtube.com,youtube,pin,tenant_overrides.csv www.youtube.com match=sA03iGQLVyo source=wo171_localview,us:place:4207000,,,,,,
tier3_auto_transcription_queue.txt,https://www.youtube.com/watch?v=St3G8TrfwdI,www.youtube.com,youtube,pin,tenant_overrides.csv www.youtube.com match=St3G8TrfwdI source=wo171_localview,us:county:42079,,,,,,
tier3_auto_transcription_queue.txt,https://www.youtube.com/watch?v=5eimLTgaSKI,www.youtube.com,youtube,pin,tenant_overrides.csv www.youtube.com match=5eimLTgaSKI source=wo171_localview,us:place:4208760,,,,,,
tier3_auto_transcription_queue.txt,https://www.youtube.com/watch?v=0zcgIZ9Vpig,www.youtube.com,youtube,pin,tenant_overrides.csv www.youtube.com match=0zcgIZ9Vpig source=wo171_localview,us:county:42115,,,,,,
tier3_auto_transcription_queue.txt,https://www.youtube.com/watch?v=U6bzYGCikD8,www.youtube.com,youtube,pin,tenant_overrides.csv www.youtube.com match=U6bzYGCikD8 source=wo171_localview,us:county:42123,,,,,,
tier3_auto_transcription_queue.txt,https://www.youtube.com/watch?v=Q9e9lu5qAUE,www.youtube.com,youtube,pin,tenant_overrides.csv www.youtube.com match=Q9e9lu5qAUE source=wo171_localview,us:place:4222992,,,,,,
tier3_auto_transcription_queue.txt,https://www.youtube.com/watch?v=Ibmh8w8L9gQ,www.youtube.com,youtube,pin,tenant_overrides.csv www.youtube.com match=Ibmh8w8L9gQ source=wo171_localview,us:cousub:4200323000,,,,,,
tier3_auto_transcription_queue.txt,https://www.youtube.com/watch?v=CVVCrfy-W-8,www.youtube.com,youtube,pin,tenant_overrides.csv www.youtube.com match=CVVCrfy-W-8 source=wo171_localview,us:place:4235408,,,,,,
tier3_auto_transcription_queue.txt,https://www.youtube.com/watch?v=Kr5f5_Rt90Q,www.youtube.com,youtube,pin,tenant_overrides.csv www.youtube.com match=Kr5f5_Rt90Q source=wo171_localview,us:place:4241216,,,,,,
tier3_auto_transcription_queue.txt,https://www.youtube.com/watch?v=7xTgbPkpeRA,www.youtube.com,youtube,pin,tenant_overrides.csv www.youtube.com match=7xTgbPkpeRA source=wo171_localview,us:place:4250320,,,,,,
tier3_auto_transcription_queue.txt,https://www.youtube.com/watch?v=tVBbWJC2cSU,www.youtube.com,youtube,pin,tenant_overrides.csv www.youtube.com match=tVBbWJC2cSU source=wo171_localview,us:place:4257480,,,,,,
tier3_auto_transcription_queue.txt,https://www.youtube.com/watch?v=4fR0SNdQu-0,www.youtube.com,youtube,pin,tenant_overrides.csv www.youtube.com match=4fR0SNdQu-0 source=wo171_localview,us:place:4285152,,,,,,
tier3_auto_transcription_queue.txt,https://www.youtube.com/watch?v=v6qCXNv1xzw,www.youtube.com,youtube,pin,tenant_overrides.csv www.youtube.com match=v6qCXNv1xzw source=wo171_localview,us:place:4286968,,,,,,
tier3_auto_transcription_queue.txt,https://www.youtube.com/watch?v=yN210mZ-8qw,www.youtube.com,youtube,pin,tenant_overrides.csv www.youtube.com match=yN210mZ-8qw source=wo171_localview,us:place:4414140,,,,,,
tier3_auto_transcription_queue.txt,https://www.youtube.com/watch?v=_HnAM7xNcq0,www.youtube.com,youtube,pin,tenant_overrides.csv www.youtube.com match=_HnAM7xNcq0 source=wo171_localview,us:cousub:4400752480,,,,,,
tier3_auto_transcription_queue.txt,https://www.youtube.com/watch?v=T683sH3WiOc,www.youtube.com,youtube,pin,tenant_overrides.csv www.youtube.com match=T683sH3WiOc source=wo171_localview,us:place:4501360,,,,,,
tier3_auto_transcription_queue.txt,https://www.youtube.com/watch?v=pJyH6TQFcBs,www.youtube.com,youtube,pin,tenant_overrides.csv www.youtube.com match=pJyH6TQFcBs source=wo171_localview,us:county:45017,,,,,,
tier3_auto_transcription_queue.txt,https://www.youtube.com/watch?v=MozFtAzB8o4,www.youtube.com,youtube,pin,tenant_overrides.csv www.youtube.com match=MozFtAzB8o4 source=wo171_localview,us:place:4519420,,,,,,
tier3_auto_transcription_queue.txt,https://www.youtube.com/watch?v=odh2gdynoJ8,www.youtube.com,youtube,pin,tenant_overrides.csv www.youtube.com match=odh2gdynoJ8 source=wo171_localview,us:place:4504300,,,,,,
tier3_auto_transcription_queue.txt,https://www.youtube.com/watch?v=IWRTjlxUZYk,www.youtube.com,youtube,pin,tenant_overrides.csv www.youtube.com match=IWRTjlxUZYk source=wo171_localview,us:place:4513330,,,,,,
tier3_auto_transcription_queue.txt,https://www.youtube.com/watch?v=ZPsb2DpQ9hc,www.youtube.com,youtube,pin,tenant_overrides.csv www.youtube.com match=ZPsb2DpQ9hc source=wo171_localview,us:place:4538095,,,,,,
tier3_auto_transcription_queue.txt,https://www.youtube.com/watch?v=22GFhEzlsKg,www.youtube.com,youtube,pin,tenant_overrides.csv www.youtube.com match=22GFhEzlsKg source=wo171_localview,us:place:4550695,,,,,,
tier3_auto_transcription_queue.txt,https://www.youtube.com/watch?v=cuFA7qfFfhg,www.youtube.com,youtube,pin,tenant_overrides.csv www.youtube.com match=cuFA7qfFfhg source=wo171_localview,us:place:4550875,,,,,,
tier3_auto_transcription_queue.txt,https://www.youtube.com/watch?v=mJfqY9A-PsU,www.youtube.com,youtube,pin,tenant_overrides.csv www.youtube.com match=mJfqY9A-PsU source=wo171_localview,us:place:4571417,,,,,,
tier3_auto_transcription_queue.txt,https://www.youtube.com/watch?v=j6wab7lOUJ4,www.youtube.com,youtube,pin,tenant_overrides.csv www.youtube.com match=j6wab7lOUJ4 source=wo171_localview,us:place:4604980,,,,,,
tier3_auto_transcription_queue.txt,https://www.youtube.com/watch?v=CMRmPwdRymc,www.youtube.com,youtube,pin,tenant_overrides.csv www.youtube.com match=CMRmPwdRymc source=wo171_localview,us:place:4606840,,,,,,
tier3_auto_transcription_queue.txt,https://www.youtube.com/watch?v=tGu7MTl49u0,www.youtube.com,youtube,pin,tenant_overrides.csv www.youtube.com match=tGu7MTl49u0 source=wo171_localview,us:place:4618700,,,,,,
tier3_auto_transcription_queue.txt,https://www.youtube.com/watch?v=sYpzfF7oAAA,www.youtube.com,youtube,pin,tenant_overrides.csv www.youtube.com match=sYpzfF7oAAA source=wo171_localview,us:place:4627540,,,,,,
tier3_auto_transcription_queue.txt,https://www.youtube.com/watch?v=qXoI05fzTLA,www.youtube.com,youtube,pin,tenant_overrides.csv www.youtube.com match=qXoI05fzTLA source=wo171_localview,us:place:4630220,,,,,,
tier3_auto_transcription_queue.txt,https://www.youtube.com/watch?v=5DMgPV1Jo-Q,www.youtube.com,youtube,pin,tenant_overrides.csv www.youtube.com match=5DMgPV1Jo-Q source=wo171_localview,us:place:4700640,,,,,,
tier3_auto_transcription_queue.txt,https://www.youtube.com/watch?v=SXyePqYfcU8,www.youtube.com,youtube,pin,tenant_overrides.csv www.youtube.com match=SXyePqYfcU8 source=wo171_localview,us:place:4753000,,,,,,
tier3_auto_transcription_queue.txt,https://www.youtube.com/watch?v=AfGQEDpVeWs,www.youtube.com,youtube,pin,tenant_overrides.csv www.youtube.com match=AfGQEDpVeWs source=wo171_localview,us:place:4769900,,,,,,
tier3_auto_transcription_queue.txt,https://www.youtube.com/watch?v=bUql8pe4gXc,www.youtube.com,youtube,pin,tenant_overrides.csv www.youtube.com match=bUql8pe4gXc source=wo171_localview,us:place:4804600,,,,,,
tier3_auto_transcription_queue.txt,https://www.youtube.com/watch?v=a2skwKhH5CI,www.youtube.com,youtube,pin,tenant_overrides.csv www.youtube.com match=a2skwKhH5CI source=wo171_localview,us:place:4805456,,,,,,
tier3_auto_transcription_queue.txt,https://www.youtube.com/watch?v=CJ-FW8537sg,www.youtube.com,youtube,pin,tenant_overrides.csv www.youtube.com match=CJ-FW8537sg source=wo171_localview,us:place:4813276,,,,,,
tier3_auto_transcription_queue.txt,https://www.youtube.com/watch?v=QNnP4P5HPSY,www.youtube.com,youtube,pin,tenant_overrides.csv www.youtube.com match=QNnP4P5HPSY source=wo171_localview,us:place:4817744,,,,,,
tier3_auto_transcription_queue.txt,https://www.youtube.com/watch?v=GimP77-5Opc,www.youtube.com,youtube,pin,tenant_overrides.csv www.youtube.com match=GimP77-5Opc source=wo171_localview,us:place:4827648,,,,,,
tier3_auto_transcription_queue.txt,https://www.youtube.com/watch?v=wZ7xv-u_56w,www.youtube.com,youtube,pin,tenant_overrides.csv www.youtube.com match=wZ7xv-u_56w source=wo171_localview,us:place:4831328,,,,,,
tier3_auto_transcription_queue.txt,https://www.youtube.com/watch?v=W5X48VwyTbw,www.youtube.com,youtube,pin,tenant_overrides.csv www.youtube.com match=W5X48VwyTbw source=wo171_localview,us:place:4840756,,,,,,
tier3_auto_transcription_queue.txt,https://www.youtube.com/watch?v=-2cJJ1aP4FA,www.youtube.com,youtube,pin,tenant_overrides.csv www.youtube.com match=-2cJJ1aP4FA source=wo171_localview,us:place:4845072,,,,,,
tier3_auto_transcription_queue.txt,https://www.youtube.com/watch?v=irtYu6lNKb8,www.youtube.com,youtube,pin,tenant_overrides.csv www.youtube.com match=irtYu6lNKb8 source=wo171_localview,us:place:4847988,,,,,,
tier3_auto_transcription_queue.txt,https://www.youtube.com/watch?v=CBavolHFT3s,www.youtube.com,youtube,pin,tenant_overrides.csv www.youtube.com match=CBavolHFT3s source=wo171_localview,us:place:4848684,,,,,,
tier3_auto_transcription_queue.txt,https://www.youtube.com/watch?v=Fam4oTO-93o,www.youtube.com,youtube,pin,tenant_overrides.csv www.youtube.com match=Fam4oTO-93o source=wo171_localview,us:place:4848768,,,,,,
tier3_auto_transcription_queue.txt,https://www.youtube.com/watch?v=CX9RPwLofR4,www.youtube.com,youtube,pin,tenant_overrides.csv www.youtube.com match=CX9RPwLofR4 source=wo171_localview,us:place:4849968,,,,,,
tier3_auto_transcription_queue.txt,https://www.youtube.com/watch?v=yJUQ9UHusRM,www.youtube.com,youtube,pin,tenant_overrides.csv www.youtube.com match=yJUQ9UHusRM source=wo171_localview,us:place:4856384,,,,,,
tier3_auto_transcription_queue.txt,https://www.youtube.com/watch?v=eDjGSXxDQnA,www.youtube.com,youtube,pin,tenant_overrides.csv www.youtube.com match=eDjGSXxDQnA source=wo171_localview,us:place:4858280,,,,,,
tier3_auto_transcription_queue.txt,https://www.youtube.com/watch?v=HLW75rwxaTw,www.youtube.com,youtube,pin,tenant_overrides.csv www.youtube.com match=HLW75rwxaTw source=wo171_localview,us:place:4863044,,,,,,
tier3_auto_transcription_queue.txt,https://www.youtube.com/watch?v=cxFmNo18VlY,www.youtube.com,youtube,pin,tenant_overrides.csv www.youtube.com match=cxFmNo18VlY source=wo171_localview,us:place:4868636,,,,,,
tier3_auto_transcription_queue.txt,https://www.youtube.com/watch?v=OmXc40LpQoc,www.youtube.com,youtube,pin,tenant_overrides.csv www.youtube.com match=OmXc40LpQoc source=wo171_localview,us:place:4870208,,,,,,
tier3_auto_transcription_queue.txt,https://www.youtube.com/watch?v=ik_QbMnx5M4,www.youtube.com,youtube,pin,tenant_overrides.csv www.youtube.com match=ik_QbMnx5M4 source=wo171_localview,us:place:4873724,,,,,,
tier3_auto_transcription_queue.txt,https://www.youtube.com/watch?v=jRmglzwxTuM,www.youtube.com,youtube,pin,tenant_overrides.csv www.youtube.com match=jRmglzwxTuM source=wo171_localview,us:place:4874924,,,,,,
tier3_auto_transcription_queue.txt,https://www.youtube.com/watch?v=W9WilVDzY3g,www.youtube.com,youtube,pin,tenant_overrides.csv www.youtube.com match=W9WilVDzY3g source=wo171_localview,us:county:49029,,,,,,
tier3_auto_transcription_queue.txt,https://www.youtube.com/watch?v=f3OifwFKeTc,www.youtube.com,youtube,pin,tenant_overrides.csv www.youtube.com match=f3OifwFKeTc source=wo171_localview,us:place:4911320,,,,,,
tier3_auto_transcription_queue.txt,https://www.youtube.com/watch?v=HxICqQ4lES4,www.youtube.com,youtube,pin,tenant_overrides.csv www.youtube.com match=HxICqQ4lES4 source=wo171_localview,us:place:4918140,,,,,,
tier3_auto_transcription_queue.txt,https://www.youtube.com/watch?v=9VTUbsh-m58,www.youtube.com,youtube,pin,tenant_overrides.csv www.youtube.com match=9VTUbsh-m58 source=wo171_localview,us:place:4922370,,,,,,
tier3_auto_transcription_queue.txt,https://www.youtube.com/watch?v=KMc5NpgZQeY,www.youtube.com,youtube,pin,tenant_overrides.csv www.youtube.com match=KMc5NpgZQeY source=wo171_localview,us:place:4934970,,,,,,
tier3_auto_transcription_queue.txt,https://www.youtube.com/watch?v=8j6xv2Umtlo,www.youtube.com,youtube,pin,tenant_overrides.csv www.youtube.com match=8j6xv2Umtlo source=wo171_localview,us:place:4935190,,,,,,
tier3_auto_transcription_queue.txt,https://www.youtube.com/watch?v=V4ZCeOPSPyY,www.youtube.com,youtube,pin,tenant_overrides.csv www.youtube.com match=V4ZCeOPSPyY source=wo171_localview,us:place:4944100,,,,,,
tier3_auto_transcription_queue.txt,https://www.youtube.com/watch?v=pWUK_iByKCE,www.youtube.com,youtube,pin,tenant_overrides.csv www.youtube.com match=pWUK_iByKCE source=wo171_localview,us:place:2687420,,,,,,
tier3_auto_transcription_queue.txt,https://www.youtube.com/watch?v=ET_YjBkvMT4,www.youtube.com,youtube,pin,tenant_overrides.csv www.youtube.com match=ET_YjBkvMT4 source=wo171_localview,us:place:4960930,,,,,,
tier3_auto_transcription_queue.txt,https://www.youtube.com/watch?v=879bMxnRkac,www.youtube.com,youtube,pin,tenant_overrides.csv www.youtube.com match=879bMxnRkac source=wo171_localview,us:place:4964010,,,,,,
tier3_auto_transcription_queue.txt,https://www.youtube.com/watch?v=rLUxvcdf31s,www.youtube.com,youtube,pin,tenant_overrides.csv www.youtube.com match=rLUxvcdf31s source=wo171_localview,us:place:4981960,,,,,,
tier3_auto_transcription_queue.txt,https://www.youtube.com/watch?v=VSXoq2pGAI8,www.youtube.com,youtube,pin,tenant_overrides.csv www.youtube.com match=VSXoq2pGAI8 source=wo171_localview,us:place:5100148,,,,,,
tier3_auto_transcription_queue.txt,https://www.youtube.com/watch?v=COVPD1qKUxs,www.youtube.com,youtube,pin,tenant_overrides.csv www.youtube.com match=COVPD1qKUxs source=wo171_localview,us:county:51121,,,,,,
tier3_auto_transcription_queue.txt,https://www.youtube.com/watch?v=Wv0JnHvRDjs,www.youtube.com,youtube,pin,tenant_overrides.csv www.youtube.com match=Wv0JnHvRDjs source=wo171_localview,us:place:5112808,,,,,,
tier3_auto_transcription_queue.txt,https://www.youtube.com/watch?v=lMHRcqOWFrE,www.youtube.com,youtube,pin,tenant_overrides.csv www.youtube.com match=lMHRcqOWFrE source=wo171_localview,us:place:5183248,,,,,,
tier3_auto_transcription_queue.txt,https://www.youtube.com/watch?v=70s4QKrHUA0,www.youtube.com,youtube,pin,tenant_overrides.csv www.youtube.com match=70s4QKrHUA0 source=wo171_localview,us:place:5163768,,,,,,
tier3_auto_transcription_queue.txt,https://www.youtube.com/watch?v=Bcrp8yy9yrc,www.youtube.com,youtube,pin,tenant_overrides.csv www.youtube.com match=Bcrp8yy9yrc source=wo171_localview,us:place:5164000,,,,,,
tier3_auto_transcription_queue.txt,https://www.youtube.com/watch?v=EMXDqqD0HXo,www.youtube.com,youtube,pin,tenant_overrides.csv www.youtube.com match=EMXDqqD0HXo source=wo171_localview,us:place:5177792,,,,,,
tier3_auto_transcription_queue.txt,https://www.youtube.com/watch?v=QgWBsGI5vkQ,www.youtube.com,youtube,pin,tenant_overrides.csv www.youtube.com match=QgWBsGI5vkQ source=wo171_localview,us:place:5183680,,,,,,
tier3_auto_transcription_queue.txt,https://www.youtube.com/watch?v=7G2HYa4A3Fo,www.youtube.com,youtube,pin,tenant_overrides.csv www.youtube.com match=7G2HYa4A3Fo source=wo171_localview,us:place:5303180,,,,,,
tier3_auto_transcription_queue.txt,https://www.youtube.com/watch?v=JF635dls6Ho,www.youtube.com,youtube,pin,tenant_overrides.csv www.youtube.com match=JF635dls6Ho source=wo171_localview,us:county:53047,,,,,,
tier3_auto_transcription_queue.txt,https://www.youtube.com/watch?v=7k9U4Din3gs,www.youtube.com,youtube,pin,tenant_overrides.csv www.youtube.com match=7k9U4Din3gs source=wo171_localview,us:place:5313855,,,,,,
tier3_auto_transcription_queue.txt,https://www.youtube.com/watch?v=3yhVRcNjrz8,www.youtube.com,youtube,pin,tenant_overrides.csv www.youtube.com match=3yhVRcNjrz8 source=wo171_localview,us:place:5323515,,,,,,
tier3_auto_transcription_queue.txt,https://www.youtube.com/watch?v=_GoMofC_o2c,www.youtube.com,youtube,pin,tenant_overrides.csv www.youtube.com match=_GoMofC_o2c source=wo171_localview,us:place:5327365,,,,,,
tier3_auto_transcription_queue.txt,https://www.youtube.com/watch?v=cJmMnAnTd7o,www.youtube.com,youtube,pin-added,owner found via jurisdiction_coverage.csv,us:place:5355365,,,,,,
tier3_auto_transcription_queue.txt,https://www.youtube.com/watch?v=m0cs1uWI20I,www.youtube.com,youtube,pin,tenant_overrides.csv www.youtube.com match=m0cs1uWI20I source=wo171_localview,us:place:5357745,,,,,,
tier3_auto_transcription_queue.txt,https://www.youtube.com/watch?v=cSvO5NiDnio,www.youtube.com,youtube,pin,tenant_overrides.csv www.youtube.com match=cSvO5NiDnio source=wo171_localview,us:place:5365170,,,,,,
tier3_auto_transcription_queue.txt,https://www.youtube.com/watch?v=qFZXEsPjZqo,www.youtube.com,youtube,pin,tenant_overrides.csv www.youtube.com match=qFZXEsPjZqo source=wo171_localview,us:place:5367000,,,,,,
tier3_auto_transcription_queue.txt,https://www.youtube.com/watch?v=bQiWnDnR_ew,www.youtube.com,youtube,pin,tenant_overrides.csv www.youtube.com match=bQiWnDnR_ew source=wo171_localview,us:place:5404276,,,,,,
tier3_auto_transcription_queue.txt,https://www.youtube.com/watch?v=RnwVAU4iBZ4,www.youtube.com,youtube,pin,tenant_overrides.csv www.youtube.com match=RnwVAU4iBZ4 source=wo171_localview,us:place:5422564,,,,,,
tier3_auto_transcription_queue.txt,https://www.youtube.com/watch?v=A8SqipRH24g,www.youtube.com,youtube,pin,tenant_overrides.csv www.youtube.com match=A8SqipRH24g source=wo171_localview,us:place:5501725,,,,,,
tier3_auto_transcription_queue.txt,https://www.youtube.com/watch?v=n6_AWET9sa4,www.youtube.com,youtube,pin,tenant_overrides.csv www.youtube.com match=n6_AWET9sa4 source=wo171_localview,us:place:5506500,,,,,,
tier3_auto_transcription_queue.txt,https://www.youtube.com/watch?v=dtfT24wFQEI,www.youtube.com,youtube,pin,tenant_overrides.csv www.youtube.com match=dtfT24wFQEI source=wo171_localview,us:place:5537900,,,,,,
tier3_auto_transcription_queue.txt,https://www.youtube.com/watch?v=iqMBykB5aZU,www.youtube.com,youtube,pin,tenant_overrides.csv www.youtube.com match=iqMBykB5aZU source=wo171_localview,us:place:5552200,,,,,,
tier3_auto_transcription_queue.txt,https://www.youtube.com/watch?v=Yd3KRlnHi3s,www.youtube.com,youtube,pin,tenant_overrides.csv www.youtube.com match=Yd3KRlnHi3s source=wo171_localview,us:place:5563250,,,,,,
tier3_auto_transcription_queue.txt,https://www.youtube.com/watch?v=508A5hlwyz0,www.youtube.com,youtube,pin,tenant_overrides.csv www.youtube.com match=508A5hlwyz0 source=wo171_localview,us:place:5586400,,,,,,
tier3_auto_transcription_queue.txt,https://www.youtube.com/watch?v=JZTTEcJBock,www.youtube.com,youtube,pin,tenant_overrides.csv www.youtube.com match=JZTTEcJBock source=wo171_localview,us:place:5613150,,,,,,
tier3_auto_transcription_queue.txt,https://www.youtube.com/watch?v=NygSdcgCg2s,www.youtube.com,youtube,pin,tenant_overrides.csv www.youtube.com match=NygSdcgCg2s source=wo171_localview,us:place:5645050,,,,,,
tier3_auto_transcription_queue.txt,https://tonawandatownny.iqm2.com/Citizens/Detail_Meeting.aspx?ID=3023,tonawandatownny.iqm2.com,iqm2,registry,not in MULTI_GOV_HOSTS -- single-tenant vendor host,,,,,,,
tier3_auto_transcription_queue.txt,https://hudsonco.gov/DocumentCenter/View/6698/PC-Recording-09092026,hudsonco.gov,hudsonco.gov,registry,not in MULTI_GOV_HOSTS -- single-tenant vendor host,,,,,,,
tier3_auto_transcription_queue.txt,https://morrisonco.us/DocumentCenter/View/3046/9-1-26-Recording-1,morrisonco.us,morrisonco.us,registry,not in MULTI_GOV_HOSTS -- single-tenant vendor host,,,,,,,
tier3_auto_transcription_queue.txt,https://burleyidaho.org/DocumentCenter/View/1151/2026-09-01-Council-Meeting-Video,burleyidaho.org,burleyidaho.org,registry,not in MULTI_GOV_HOSTS -- single-tenant vendor host,,,,,,,
tier3_auto_transcription_queue.txt,https://northriverside-il.org/Archive.aspx?ADID=427,northriverside-il.org,northriverside-il.org,registry,not in MULTI_GOV_HOSTS -- single-tenant vendor host,,,,,,,
tier3_auto_transcription_queue.txt,https://russellcity.org/DocumentCenter/View/770/City-Council-Meeting-06022020,russellcity.org,russellcity.org,registry,not in MULTI_GOV_HOSTS -- single-tenant vendor host,,,,,,,
tier3_auto_transcription_queue.txt,https://www.cityofcheney.org/DocumentCenter/View/4867/9-8-26-Recording,www.cityofcheney.org,www.cityofcheney.org,registry,not in MULTI_GOV_HOSTS -- single-tenant vendor host,,,,,,,
tier3_auto_transcription_queue.txt,https://www.youtube.com/watch?v=Mf3519T_XTg,www.youtube.com,youtube,pin,tenant_overrides.csv www.youtube.com match=Mf3519T_XTg source=wo175_localview_recheck,us:place:0233140,,,,,,
tier3_auto_transcription_queue.txt,https://www.youtube.com/watch?v=k9dZdq5uyQA,www.youtube.com,youtube,pin,tenant_overrides.csv www.youtube.com match=k9dZdq5uyQA source=wo175_localview_recheck,us:place:0258660,,,,,,
tier3_auto_transcription_queue.txt,https://www.youtube.com/watch?v=kgYIFPMDdQs,www.youtube.com,youtube,pin,tenant_overrides.csv www.youtube.com match=kgYIFPMDdQs source=wo175_localview_recheck,us:place:0678148,,,,,,
tier3_auto_transcription_queue.txt,https://www.youtube.com/watch?v=VWYFzVzf3qU,www.youtube.com,youtube,pin,tenant_overrides.csv www.youtube.com match=VWYFzVzf3qU source=wo175_localview_recheck,us:place:1351492,,,,,,
tier3_auto_transcription_queue.txt,https://www.youtube.com/watch?v=WiKikPXqlHk,www.youtube.com,youtube,pin,tenant_overrides.csv www.youtube.com match=WiKikPXqlHk source=wo175_localview_recheck,us:place:1751128,,,,,,
tier3_auto_transcription_queue.txt,https://www.youtube.com/watch?v=2DMzPm1T2BA,www.youtube.com,youtube,pin,tenant_overrides.csv www.youtube.com match=2DMzPm1T2BA source=wo175_localview_recheck,us:county:26147,,,,,,
tier3_auto_transcription_queue.txt,https://www.youtube.com/watch?v=DFuS_msA2xQ,www.youtube.com,youtube,pin,tenant_overrides.csv www.youtube.com match=DFuS_msA2xQ source=wo175_localview_recheck,us:place:2652180,,,,,,
tier3_auto_transcription_queue.txt,https://www.youtube.com/watch?v=9vDQ0HlJJ_Y,www.youtube.com,youtube,pin,tenant_overrides.csv www.youtube.com match=9vDQ0HlJJ_Y source=wo175_localview_recheck,us:place:2661220,,,,,,
tier3_auto_transcription_queue.txt,https://www.youtube.com/watch?v=ci9jnPULx5M,www.youtube.com,youtube,pin,tenant_overrides.csv www.youtube.com match=ci9jnPULx5M source=wo175_localview_recheck,us:place:2964180,,,,,,
tier3_auto_transcription_queue.txt,https://www.youtube.com/watch?v=Haof9PDe1cE,www.youtube.com,youtube,pin,tenant_overrides.csv www.youtube.com match=Haof9PDe1cE source=wo175_localview_recheck,us:cousub:2614510460,,,,,,
tier3_auto_transcription_queue.txt,https://www.youtube.com/watch?v=7IpMzT7BGzk,www.youtube.com,youtube,pin,tenant_overrides.csv www.youtube.com match=7IpMzT7BGzk source=wo175_localview_recheck,us:place:3923380,,,,,,
tier3_auto_transcription_queue.txt,https://www.youtube.com/watch?v=70HDgp16cWM,www.youtube.com,youtube,pin,tenant_overrides.csv www.youtube.com match=70HDgp16cWM source=wo175_localview_recheck,us:place:4246488,,,,,,
tier3_auto_transcription_queue.txt,https://www.youtube.com/watch?v=m6RQtOeRCcc,www.youtube.com,youtube,pin,tenant_overrides.csv www.youtube.com match=m6RQtOeRCcc source=wo175_localview_recheck,us:place:4708540,,,,,,
tier3_auto_transcription_queue.txt,https://www.youtube.com/watch?v=u11tPsNd_qY,www.youtube.com,youtube,pin,tenant_overrides.csv www.youtube.com match=u11tPsNd_qY source=wo175_localview_recheck,us:place:4809868,,,,,,
tier3_auto_transcription_queue.txt,https://www.youtube.com/watch?v=ulYr4lUeBJY,www.youtube.com,youtube,pin,tenant_overrides.csv www.youtube.com match=ulYr4lUeBJY source=wo175_localview_recheck,us:place:5352495,,,,,,
tier3_auto_transcription_queue.txt,https://www.youtube.com/watch?v=vxKXZPDfdHQ,www.youtube.com,youtube,pin,tenant_overrides.csv www.youtube.com match=vxKXZPDfdHQ source=wo175_localview_recheck,us:place:0664224,,,,,,
tier3_auto_transcription_queue.txt,https://www.youtube.com/watch?v=9fLEycRO5mg,www.youtube.com,youtube,pin-added,owner found via jurisdiction_coverage.csv,us:place:0819080,,,,,,
tier3_auto_transcription_queue.txt,https://www.youtube.com/watch?v=Nv_h37z0OSM,www.youtube.com,youtube,pin-added,owner found via jurisdiction_coverage.csv,us:place:1312456,,,,,,
tier3_auto_transcription_queue.txt,https://www.youtube.com/watch?v=9-5XOFw0ttk,www.youtube.com,youtube,pin,tenant_overrides.csv www.youtube.com match=9-5XOFw0ttk source=wo175_localview_recheck,us:place:2669420,,,,,,
tier3_auto_transcription_queue.txt,https://seadrifttx.portal.civicclerk.com/event/20/media,seadrifttx.portal.civicclerk.com,civicclerk,registry,not in MULTI_GOV_HOSTS -- single-tenant vendor host,,,,,,,
tier3_auto_transcription_queue.txt,https://youtu.be/BuEvo93FHI8,youtu.be,youtube,pin-added,owner found via wo185_report.csv,us:cousub:5002557700,,,,,,
tier3_auto_transcription_queue.txt,https://columbiacowa.portal.civicclerk.com/event/669/media,columbiacowa.portal.civicclerk.com,civicclerk,registry,not in MULTI_GOV_HOSTS -- single-tenant vendor host,,,,,,,
tier3_auto_transcription_queue.txt,https://reflect-two-harbors.cablecast.tv/CablecastPublicSite/show/10633?site=1,reflect-two-harbors.cablecast.tv,cablecast,registry,not in MULTI_GOV_HOSTS -- single-tenant vendor host,,,,,,,
tier3_auto_transcription_queue.txt,https://rockawaybeachor.portal.civicclerk.com/event/61/media,rockawaybeachor.portal.civicclerk.com,civicclerk,registry,not in MULTI_GOV_HOSTS -- single-tenant vendor host,,,,,,,
tier3_auto_transcription_queue.txt,https://www.youtube.com/watch?v=T8IhUhljAlc,www.youtube.com,youtube,pin-added,owner found via jurisdiction_coverage.csv,us:place:2669800,,,,,,
tier3_auto_transcription_queue.txt,https://edmundsgovtech.wistia.com/medias/cmc7wzifwc,edmundsgovtech.wistia.com,wistia,registry,not in MULTI_GOV_HOSTS -- single-tenant vendor host,,,,,,,
tier3_auto_transcription_queue.txt,https://wisecountytx.new.swagit.com/videos/398832,wisecountytx.new.swagit.com,swagit,registry,not in MULTI_GOV_HOSTS -- single-tenant vendor host,,,,,,,
tier3_auto_transcription_queue.txt,https://manortx.new.swagit.com/videos/400366,manortx.new.swagit.com,swagit,registry,not in MULTI_GOV_HOSTS -- single-tenant vendor host,,,,,,,
tier3_auto_transcription_queue.txt,https://reidsville.granicus.com/MediaPlayer.php?clip_id=51&view_id=1,reidsville.granicus.com,granicus,registry,not in MULTI_GOV_HOSTS -- single-tenant vendor host,,,,,,,
tier3_auto_transcription_queue.txt,https://reflect-lmcc.cablecast.tv/CablecastPublicSite/show/57519?site=1,reflect-lmcc.cablecast.tv,cablecast,pin-added,owner found via wo190_report.csv,us:place:2760016,,,,,,
tier3_auto_transcription_queue.txt,https://pub-grand-forks.escribemeetings.com/Meeting.aspx?Id=93708097-20f9-4e71-8dcd-221550f099f5&Agenda=Agenda&lang=English,pub-grand-forks.escribemeetings.com,escribe,registry,not in MULTI_GOV_HOSTS -- single-tenant vendor host,,,,,,,
tier3_auto_transcription_queue.txt,https://glendale.granicus.com/MediaPlayer.php?clip_id=8524&view_id=2,glendale.granicus.com,granicus,registry,not in MULTI_GOV_HOSTS -- single-tenant vendor host,,,,,,,
tier3_auto_transcription_queue.txt,https://townhallstreams.com/stream.php?location_id=152&id=72646,townhallstreams.com,townhallstreams,registry,not in MULTI_GOV_HOSTS -- single-tenant vendor host,,,,,,,
tier3_auto_transcription_queue.txt,https://youtu.be/33ubRBb5q0g,youtu.be,youtube,pin,tenant_overrides.csv youtu.be match=33ubRBb5q0g source=wo174_agendacenter_probe,us:county:27149,,,,,,
tier3_auto_transcription_queue.txt,https://youtu.be/tGIY22V-HNI?si=fc2-uWXm8KyUkDap,youtu.be,youtube,pin,tenant_overrides.csv youtu.be match=tGIY22V-HNI source=wo191_access_ladder_sweep,us:county:01109,,,,,,
tier3_auto_transcription_queue.txt,https://www.youtube.com/watch?v=9FigxVpUzT0,www.youtube.com,youtube,pin-added,owner found via wo174_report.csv,us:cousub:2500562430,,,,,,
tier3_auto_transcription_queue.txt,https://gasos.wistia.com/medias/mgldoxzyjk,gasos.wistia.com,wistia,registry,not in MULTI_GOV_HOSTS -- single-tenant vendor host,,,,,,,
tier3_auto_transcription_queue.txt,https://vimeo.com/421632159,vimeo.com,vimeo,pin-added,owner found via wo225_jc_queued_tier3.csv,ca:csd:1006009,,,,,,
tier3_auto_transcription_queue.txt,https://www.youtube.com/watch?v=1V2nJ2HRvvw,www.youtube.com,youtube,pin,tenant_overrides.csv www.youtube.com match=1V2nJ2HRvvw source=wo279_second_look,us:place:1722697,,,,,,
tier3_auto_transcription_queue.txt,https://www.townoflaurel.net/pdfs/M&C_Meeting_7-20-26.mp4,www.townoflaurel.net,www.townoflaurel.net,registry,not in MULTI_GOV_HOSTS -- single-tenant vendor host,,,,,,,
tier3_auto_transcription_queue.txt,https://townoflakeview.org/wp-content/uploads/2026/05/Regular-Session-Agenda-Recording-small.mp4,townoflakeview.org,townoflakeview.org,registry,not in MULTI_GOV_HOSTS -- single-tenant vendor host,,,,,,,
tier3_auto_transcription_queue.txt,https://northbraddockborough.com/wp-content/uploads/2021/04/zoom_0.mp4,northbraddockborough.com,northbraddockborough.com,registry,not in MULTI_GOV_HOSTS -- single-tenant vendor host,,,,,,,
tier3_auto_transcription_queue.txt,https://www.youtube.com/watch?v=Z0mrrc9__4w,www.youtube.com,youtube,pin,tenant_overrides.csv www.youtube.com match=Z0mrrc9__4w source=wo264_closeout_pin_backfill,ca:csd:2469070,,,,,,
tier3_auto_transcription_queue.txt,https://www.youtube.com/watch?v=z4MTeQaT85A,www.youtube.com,youtube,pin,tenant_overrides.csv www.youtube.com match=z4MTeQaT85A source=wo264_closeout_pin_backfill,ca:csd:2417078,,,,,,
tier3_auto_transcription_queue.txt,https://www.youtube.com/watch?v=XDoV94W6oIk,www.youtube.com,youtube,pin,tenant_overrides.csv www.youtube.com match=XDoV94W6oIk source=wo264_closeout_pin_backfill,us:place:3739480,,,,,,
tier3_auto_transcription_queue.txt,https://www.youtube.com/watch?v=WKAI8XsIuvM,www.youtube.com,youtube,pin,tenant_overrides.csv www.youtube.com match=WKAI8XsIuvM source=wo264_closeout_pin_backfill,us:place:0851635,,,,,,
tier3_auto_transcription_queue.txt,https://www.youtube.com/watch?v=LmS19W3FfGA,www.youtube.com,youtube,pin,tenant_overrides.csv www.youtube.com match=LmS19W3FfGA source=wo264_closeout_pin_backfill,ca:csd:2472032,,,,,,
tier3_auto_transcription_queue.txt,https://www.youtube.com/watch?v=jiFGkNUTqLg,www.youtube.com,youtube,pin,tenant_overrides.csv www.youtube.com match=jiFGkNUTqLg source=wo264_closeout_pin_backfill,ca:csd:2442055,,,,,,
tier3_auto_transcription_queue.txt,https://www.youtube.com/watch?v=aQVhbuiV2Ik,www.youtube.com,youtube,pin,tenant_overrides.csv www.youtube.com match=aQVhbuiV2Ik source=wo264_closeout,ca:csd:2446058,,,,,,
tier3_auto_transcription_queue.txt,https://vod.maplewoodmn.gov/CablecastPublicSite/show/1719?site=1,vod.maplewoodmn.gov,vod.maplewoodmn.gov,registry,not in MULTI_GOV_HOSTS -- single-tenant vendor host,,,,,,,
tier3_auto_transcription_queue.txt,https://reflect-bethelpark-cable.cablecast.tv/CablecastPublicSite/show/46?site=1,reflect-bethelpark-cable.cablecast.tv,cablecast,registry,not in MULTI_GOV_HOSTS -- single-tenant vendor host,,,,,,,
tier3_auto_transcription_queue.txt,https://videoplayer.telvue.com/player/bXdwUSrnr6QUGN4_JWYERXfbtl3o_jt2/media/1041358,videoplayer.telvue.com,telvue,pin,tenant_overrides.csv videoplayer.telvue.com match=bXdwUSrnr6QUGN4_JWYERXfbtl3o_jt2 source=wo306_finish_small_video_platforms,us:place:2669020,,,,,,
tier3_auto_transcription_queue.txt,https://chelseami.viebit.com/watch?hash=VBwuRDGpdq355b0L,chelseami.viebit.com,chelseami.viebit.com,registry,not in MULTI_GOV_HOSTS -- single-tenant vendor host,,,,,,,
tier3_auto_transcription_queue.txt,https://northmankato.viebit.com/watch?hash=zTOVuPXRHa9gJP1N,northmankato.viebit.com,northmankato.viebit.com,registry,not in MULTI_GOV_HOSTS -- single-tenant vendor host,,,,,,,
tier3_auto_transcription_queue.txt,https://dayton.viebit.com/watch?hash=SVcE4kan8uELRHpa,dayton.viebit.com,dayton.viebit.com,registry,not in MULTI_GOV_HOSTS -- single-tenant vendor host,,,,,,,
tier3_auto_transcription_queue.txt,https://greatfallsmt.viebit.com/watch?hash=ZGTmixA15HNtvFkM,greatfallsmt.viebit.com,greatfallsmt.viebit.com,registry,not in MULTI_GOV_HOSTS -- single-tenant vendor host,,,,,,,
tier3_auto_transcription_queue.txt,https://cloud.castus.tv/vod/lakewood/video/6aa177843110ea0002cc0771,cloud.castus.tv,castus,pin,tenant_overrides.csv cloud.castus.tv match=/vod/lakewood/ source=wo306_finish_small_video_platforms,us:place:0639892,,,,,,
tier3_auto_transcription_queue.txt,https://cloud.castus.tv/vod/city-of-marathon/video/6a7c69dd59460f81148674af,cloud.castus.tv,castus,pin,tenant_overrides.csv cloud.castus.tv match=/vod/city-of-marathon/ source=wo306_finish_small_video_platforms,us:place:1243000,,,,,,
tier3_auto_transcription_queue.txt,https://cloud.castus.tv/vod/tbnk/video/6a83a7e2d4de120002b6d237,cloud.castus.tv,castus,pin-added,owner found via jurisdiction_coverage.csv,us:place:2123932,,,,,,
tier3_auto_transcription_queue.txt,https://cloud.castus.tv/vod/tbnk/video/6a96cc3249a4ab0002c45396,cloud.castus.tv,castus,pin-added,owner found via jurisdiction_coverage.csv,us:place:2139142,,,,,,
tier3_auto_transcription_queue.txt,https://cloud.castus.tv/vod/cityofdecatur/video/6a737a201d8c086973a10c2d,cloud.castus.tv,castus,pin,tenant_overrides.csv cloud.castus.tv match=/vod/cityofdecatur/ source=wo306_finish_small_video_platforms,us:place:0120104,,,,,,
tier3_auto_transcription_queue.txt,https://coventryct.viebit.com/watch?hash=1MExlEywICyHZahR,coventryct.viebit.com,coventryct.viebit.com,registry,not in MULTI_GOV_HOSTS -- single-tenant vendor host,,,,,,,
tier3_auto_transcription_queue.txt,https://tullytown.viebit.com/watch?hash=4m7rqXPPzC0z2Zql,tullytown.viebit.com,tullytown.viebit.com,registry,not in MULTI_GOV_HOSTS -- single-tenant vendor host,,,,,,,
tier3_auto_transcription_queue.txt,https://acpl.viebit.com/watch?hash=bT9IlMYRdlMIVR1r,acpl.viebit.com,acpl.viebit.com,registry,not in MULTI_GOV_HOSTS -- single-tenant vendor host,,,,,,,
tier3_auto_transcription_queue.txt,https://cokato.viebit.com/watch?hash=WqBKbOtdYaM2bHHp,cokato.viebit.com,cokato.viebit.com,registry,not in MULTI_GOV_HOSTS -- single-tenant vendor host,,,,,,,
tier3_auto_transcription_queue.txt,https://biglake.viebit.com/watch?hash=ESewVQgocRaD7ats,biglake.viebit.com,biglake.viebit.com,registry,not in MULTI_GOV_HOSTS -- single-tenant vendor host,,,,,,,
tier3_auto_transcription_queue.txt,https://maplelake.viebit.com/watch?hash=qs6hUGlXdMuGBkba,maplelake.viebit.com,maplelake.viebit.com,registry,not in MULTI_GOV_HOSTS -- single-tenant vendor host,,,,,,,
tier3_auto_transcription_queue.txt,https://springfieldtwp.viebit.com/watch?hash=tdE8faCbsY4cf6PH,springfieldtwp.viebit.com,springfieldtwp.viebit.com,registry,not in MULTI_GOV_HOSTS -- single-tenant vendor host,,,,,,,
tier3_auto_transcription_queue.txt,https://townhallstreams.com/stream.php?location_id=69&id=35034,townhallstreams.com,townhallstreams,registry,not in MULTI_GOV_HOSTS -- single-tenant vendor host,,,,,,,
tier3_auto_transcription_queue.txt,https://townhallstreams.com/stream.php?location_id=70&id=34502,townhallstreams.com,townhallstreams,registry,not in MULTI_GOV_HOSTS -- single-tenant vendor host,,,,,,,
tier3_auto_transcription_queue.txt,https://townhallstreams.com/stream.php?location_id=71&id=42640,townhallstreams.com,townhallstreams,registry,not in MULTI_GOV_HOSTS -- single-tenant vendor host,,,,,,,
tier3_auto_transcription_queue.txt,https://townhallstreams.com/stream.php?location_id=72&id=75323,townhallstreams.com,townhallstreams,registry,not in MULTI_GOV_HOSTS -- single-tenant vendor host,,,,,,,
tier3_auto_transcription_queue.txt,https://townhallstreams.com/stream.php?location_id=73&id=43847,townhallstreams.com,townhallstreams,registry,not in MULTI_GOV_HOSTS -- single-tenant vendor host,,,,,,,
tier3_auto_transcription_queue.txt,https://townhallstreams.com/stream.php?location_id=76&id=76205,townhallstreams.com,townhallstreams,registry,not in MULTI_GOV_HOSTS -- single-tenant vendor host,,,,,,,
tier3_auto_transcription_queue.txt,https://townhallstreams.com/stream.php?location_id=77&id=75043,townhallstreams.com,townhallstreams,registry,not in MULTI_GOV_HOSTS -- single-tenant vendor host,,,,,,,
tier3_auto_transcription_queue.txt,https://townhallstreams.com/stream.php?location_id=78&id=76122,townhallstreams.com,townhallstreams,registry,not in MULTI_GOV_HOSTS -- single-tenant vendor host,,,,,,,
tier3_auto_transcription_queue.txt,https://townhallstreams.com/stream.php?location_id=80&id=62200,townhallstreams.com,townhallstreams,registry,not in MULTI_GOV_HOSTS -- single-tenant vendor host,,,,,,,
tier3_auto_transcription_queue.txt,https://townhallstreams.com/stream.php?location_id=81&id=62237,townhallstreams.com,townhallstreams,registry,not in MULTI_GOV_HOSTS -- single-tenant vendor host,,,,,,,
tier3_auto_transcription_queue.txt,https://townhallstreams.com/stream.php?location_id=82&id=75236,townhallstreams.com,townhallstreams,registry,not in MULTI_GOV_HOSTS -- single-tenant vendor host,,,,,,,
tier3_auto_transcription_queue.txt,https://townhallstreams.com/stream.php?location_id=83&id=75869,townhallstreams.com,townhallstreams,registry,not in MULTI_GOV_HOSTS -- single-tenant vendor host,,,,,,,
tier3_auto_transcription_queue.txt,https://townhallstreams.com/stream.php?location_id=85&id=47620,townhallstreams.com,townhallstreams,registry,not in MULTI_GOV_HOSTS -- single-tenant vendor host,,,,,,,
tier3_auto_transcription_queue.txt,https://townhallstreams.com/stream.php?location_id=87&id=75893,townhallstreams.com,townhallstreams,registry,not in MULTI_GOV_HOSTS -- single-tenant vendor host,,,,,,,
tier3_auto_transcription_queue.txt,https://townhallstreams.com/stream.php?location_id=88&id=75491,townhallstreams.com,townhallstreams,registry,not in MULTI_GOV_HOSTS -- single-tenant vendor host,,,,,,,
tier3_auto_transcription_queue.txt,https://townhallstreams.com/stream.php?location_id=89&id=75988,townhallstreams.com,townhallstreams,registry,not in MULTI_GOV_HOSTS -- single-tenant vendor host,,,,,,,
tier3_auto_transcription_queue.txt,https://townhallstreams.com/stream.php?location_id=90&id=76295,townhallstreams.com,townhallstreams,registry,not in MULTI_GOV_HOSTS -- single-tenant vendor host,,,,,,,
tier3_auto_transcription_queue.txt,https://townhallstreams.com/stream.php?location_id=91&id=18731,townhallstreams.com,townhallstreams,registry,not in MULTI_GOV_HOSTS -- single-tenant vendor host,,,,,,,
tier3_auto_transcription_queue.txt,https://townhallstreams.com/stream.php?location_id=96&id=67218,townhallstreams.com,townhallstreams,registry,not in MULTI_GOV_HOSTS -- single-tenant vendor host,,,,,,,
tier3_auto_transcription_queue.txt,https://townhallstreams.com/stream.php?location_id=97&id=75659,townhallstreams.com,townhallstreams,registry,not in MULTI_GOV_HOSTS -- single-tenant vendor host,,,,,,,
tier3_auto_transcription_queue.txt,https://townhallstreams.com/stream.php?location_id=98&id=76161,townhallstreams.com,townhallstreams,registry,not in MULTI_GOV_HOSTS -- single-tenant vendor host,,,,,,,
tier3_auto_transcription_queue.txt,https://townhallstreams.com/stream.php?location_id=100&id=74869,townhallstreams.com,townhallstreams,registry,not in MULTI_GOV_HOSTS -- single-tenant vendor host,,,,,,,
tier3_auto_transcription_queue.txt,https://townhallstreams.com/stream.php?location_id=101&id=76027,townhallstreams.com,townhallstreams,registry,not in MULTI_GOV_HOSTS -- single-tenant vendor host,,,,,,,
tier3_auto_transcription_queue.txt,https://townhallstreams.com/stream.php?location_id=103&id=57839,townhallstreams.com,townhallstreams,registry,not in MULTI_GOV_HOSTS -- single-tenant vendor host,,,,,,,
tier3_auto_transcription_queue.txt,https://townhallstreams.com/stream.php?location_id=104&id=75974,townhallstreams.com,townhallstreams,registry,not in MULTI_GOV_HOSTS -- single-tenant vendor host,,,,,,,
tier3_auto_transcription_queue.txt,https://townhallstreams.com/stream.php?location_id=107&id=76067,townhallstreams.com,townhallstreams,registry,not in MULTI_GOV_HOSTS -- single-tenant vendor host,,,,,,,
tier3_auto_transcription_queue.txt,https://townhallstreams.com/stream.php?location_id=109&id=60897,townhallstreams.com,townhallstreams,registry,not in MULTI_GOV_HOSTS -- single-tenant vendor host,,,,,,,
tier3_auto_transcription_queue.txt,https://townhallstreams.com/stream.php?location_id=110&id=76127,townhallstreams.com,townhallstreams,registry,not in MULTI_GOV_HOSTS -- single-tenant vendor host,,,,,,,
tier3_auto_transcription_queue.txt,https://townhallstreams.com/stream.php?location_id=112&id=68061,townhallstreams.com,townhallstreams,registry,not in MULTI_GOV_HOSTS -- single-tenant vendor host,,,,,,,
tier3_auto_transcription_queue.txt,https://townhallstreams.com/stream.php?location_id=114&id=76179,townhallstreams.com,townhallstreams,registry,not in MULTI_GOV_HOSTS -- single-tenant vendor host,,,,,,,
tier3_auto_transcription_queue.txt,https://townhallstreams.com/stream.php?location_id=115&id=76169,townhallstreams.com,townhallstreams,registry,not in MULTI_GOV_HOSTS -- single-tenant vendor host,,,,,,,
tier3_auto_transcription_queue.txt,https://townhallstreams.com/stream.php?location_id=116&id=76047,townhallstreams.com,townhallstreams,registry,not in MULTI_GOV_HOSTS -- single-tenant vendor host,,,,,,,
tier3_auto_transcription_queue.txt,https://townhallstreams.com/stream.php?location_id=118&id=76252,townhallstreams.com,townhallstreams,registry,not in MULTI_GOV_HOSTS -- single-tenant vendor host,,,,,,,
tier3_auto_transcription_queue.txt,https://townhallstreams.com/stream.php?location_id=119&id=76140,townhallstreams.com,townhallstreams,registry,not in MULTI_GOV_HOSTS -- single-tenant vendor host,,,,,,,
tier3_auto_transcription_queue.txt,https://townhallstreams.com/stream.php?location_id=121&id=75716,townhallstreams.com,townhallstreams,registry,not in MULTI_GOV_HOSTS -- single-tenant vendor host,,,,,,,
tier3_auto_transcription_queue.txt,https://townhallstreams.com/stream.php?location_id=122&id=40784,townhallstreams.com,townhallstreams,registry,not in MULTI_GOV_HOSTS -- single-tenant vendor host,,,,,,,
tier3_auto_transcription_queue.txt,https://townhallstreams.com/stream.php?location_id=123&id=41513,townhallstreams.com,townhallstreams,registry,not in MULTI_GOV_HOSTS -- single-tenant vendor host,,,,,,,
tier3_auto_transcription_queue.txt,https://townhallstreams.com/stream.php?location_id=124&id=76053,townhallstreams.com,townhallstreams,registry,not in MULTI_GOV_HOSTS -- single-tenant vendor host,,,,,,,
tier3_auto_transcription_queue.txt,https://townhallstreams.com/stream.php?location_id=125&id=76196,townhallstreams.com,townhallstreams,registry,not in MULTI_GOV_HOSTS -- single-tenant vendor host,,,,,,,
tier3_auto_transcription_queue.txt,https://townhallstreams.com/stream.php?location_id=126&id=76198,townhallstreams.com,townhallstreams,registry,not in MULTI_GOV_HOSTS -- single-tenant vendor host,,,,,,,
tier3_auto_transcription_queue.txt,https://townhallstreams.com/stream.php?location_id=127&id=76107,townhallstreams.com,townhallstreams,registry,not in MULTI_GOV_HOSTS -- single-tenant vendor host,,,,,,,
tier3_auto_transcription_queue.txt,https://townhallstreams.com/stream.php?location_id=129&id=39509,townhallstreams.com,townhallstreams,registry,not in MULTI_GOV_HOSTS -- single-tenant vendor host,,,,,,,
tier3_auto_transcription_queue.txt,https://townhallstreams.com/stream.php?location_id=136&id=76240,townhallstreams.com,townhallstreams,registry,not in MULTI_GOV_HOSTS -- single-tenant vendor host,,,,,,,
tier3_auto_transcription_queue.txt,https://townhallstreams.com/stream.php?location_id=138&id=76117,townhallstreams.com,townhallstreams,registry,not in MULTI_GOV_HOSTS -- single-tenant vendor host,,,,,,,
tier3_auto_transcription_queue.txt,https://townhallstreams.com/stream.php?location_id=140&id=75839,townhallstreams.com,townhallstreams,registry,not in MULTI_GOV_HOSTS -- single-tenant vendor host,,,,,,,
tier3_auto_transcription_queue.txt,https://townhallstreams.com/stream.php?location_id=141&id=76028,townhallstreams.com,townhallstreams,registry,not in MULTI_GOV_HOSTS -- single-tenant vendor host,,,,,,,
tier3_auto_transcription_queue.txt,https://townhallstreams.com/stream.php?location_id=142&id=49821,townhallstreams.com,townhallstreams,registry,not in MULTI_GOV_HOSTS -- single-tenant vendor host,,,,,,,
tier3_auto_transcription_queue.txt,https://townhallstreams.com/stream.php?location_id=143&id=66294,townhallstreams.com,townhallstreams,registry,not in MULTI_GOV_HOSTS -- single-tenant vendor host,,,,,,,
tier3_auto_transcription_queue.txt,https://townhallstreams.com/stream.php?location_id=144&id=76255,townhallstreams.com,townhallstreams,registry,not in MULTI_GOV_HOSTS -- single-tenant vendor host,,,,,,,
tier3_auto_transcription_queue.txt,https://townhallstreams.com/stream.php?location_id=145&id=76049,townhallstreams.com,townhallstreams,registry,not in MULTI_GOV_HOSTS -- single-tenant vendor host,,,,,,,
tier3_auto_transcription_queue.txt,https://townhallstreams.com/stream.php?location_id=146&id=75023,townhallstreams.com,townhallstreams,registry,not in MULTI_GOV_HOSTS -- single-tenant vendor host,,,,,,,
tier3_auto_transcription_queue.txt,https://townhallstreams.com/stream.php?location_id=148&id=75896,townhallstreams.com,townhallstreams,registry,not in MULTI_GOV_HOSTS -- single-tenant vendor host,,,,,,,
tier3_auto_transcription_queue.txt,https://townhallstreams.com/stream.php?location_id=149&id=76146,townhallstreams.com,townhallstreams,registry,not in MULTI_GOV_HOSTS -- single-tenant vendor host,,,,,,,
tier3_auto_transcription_queue.txt,https://townhallstreams.com/stream.php?location_id=150&id=73956,townhallstreams.com,townhallstreams,registry,not in MULTI_GOV_HOSTS -- single-tenant vendor host,,,,,,,
tier3_auto_transcription_queue.txt,https://townhallstreams.com/stream.php?location_id=151&id=75888,townhallstreams.com,townhallstreams,registry,not in MULTI_GOV_HOSTS -- single-tenant vendor host,,,,,,,
tier3_auto_transcription_queue.txt,https://townhallstreams.com/stream.php?location_id=152&id=75784,townhallstreams.com,townhallstreams,registry,not in MULTI_GOV_HOSTS -- single-tenant vendor host,,,,,,,
tier3_auto_transcription_queue.txt,https://townhallstreams.com/stream.php?location_id=153&id=75989,townhallstreams.com,townhallstreams,registry,not in MULTI_GOV_HOSTS -- single-tenant vendor host,,,,,,,
tier3_auto_transcription_queue.txt,https://townhallstreams.com/stream.php?location_id=154&id=76250,townhallstreams.com,townhallstreams,registry,not in MULTI_GOV_HOSTS -- single-tenant vendor host,,,,,,,
tier3_auto_transcription_queue.txt,https://townhallstreams.com/stream.php?location_id=155&id=76076,townhallstreams.com,townhallstreams,registry,not in MULTI_GOV_HOSTS -- single-tenant vendor host,,,,,,,
tier3_auto_transcription_queue.txt,https://townhallstreams.com/stream.php?location_id=156&id=76130,townhallstreams.com,townhallstreams,registry,not in MULTI_GOV_HOSTS -- single-tenant vendor host,,,,,,,
tier3_auto_transcription_queue.txt,https://townhallstreams.com/stream.php?location_id=157&id=60590,townhallstreams.com,townhallstreams,registry,not in MULTI_GOV_HOSTS -- single-tenant vendor host,,,,,,,
tier3_auto_transcription_queue.txt,https://townhallstreams.com/stream.php?location_id=158&id=76011,townhallstreams.com,townhallstreams,registry,not in MULTI_GOV_HOSTS -- single-tenant vendor host,,,,,,,
tier3_auto_transcription_queue.txt,https://townhallstreams.com/stream.php?location_id=159&id=76221,townhallstreams.com,townhallstreams,registry,not in MULTI_GOV_HOSTS -- single-tenant vendor host,,,,,,,
tier3_auto_transcription_queue.txt,https://townhallstreams.com/stream.php?location_id=161&id=75754,townhallstreams.com,townhallstreams,registry,not in MULTI_GOV_HOSTS -- single-tenant vendor host,,,,,,,
tier3_auto_transcription_queue.txt,https://townhallstreams.com/stream.php?location_id=162&id=75661,townhallstreams.com,townhallstreams,registry,not in MULTI_GOV_HOSTS -- single-tenant vendor host,,,,,,,
tier3_auto_transcription_queue.txt,https://townhallstreams.com/stream.php?location_id=166&id=74574,townhallstreams.com,townhallstreams,registry,not in MULTI_GOV_HOSTS -- single-tenant vendor host,,,,,,,
tier3_auto_transcription_queue.txt,https://townhallstreams.com/stream.php?location_id=168&id=75979,townhallstreams.com,townhallstreams,registry,not in MULTI_GOV_HOSTS -- single-tenant vendor host,,,,,,,
tier3_auto_transcription_queue.txt,https://townhallstreams.com/stream.php?location_id=170&id=76170,townhallstreams.com,townhallstreams,registry,not in MULTI_GOV_HOSTS -- single-tenant vendor host,,,,,,,
tier3_auto_transcription_queue.txt,https://townhallstreams.com/stream.php?location_id=171&id=76094,townhallstreams.com,townhallstreams,registry,not in MULTI_GOV_HOSTS -- single-tenant vendor host,,,,,,,
tier3_auto_transcription_queue.txt,https://townhallstreams.com/stream.php?location_id=172&id=76087,townhallstreams.com,townhallstreams,registry,not in MULTI_GOV_HOSTS -- single-tenant vendor host,,,,,,,
tier3_auto_transcription_queue.txt,https://townhallstreams.com/stream.php?location_id=173&id=76257,townhallstreams.com,townhallstreams,registry,not in MULTI_GOV_HOSTS -- single-tenant vendor host,,,,,,,
tier3_auto_transcription_queue.txt,https://townhallstreams.com/stream.php?location_id=174&id=76216,townhallstreams.com,townhallstreams,registry,not in MULTI_GOV_HOSTS -- single-tenant vendor host,,,,,,,
tier3_auto_transcription_queue.txt,https://townhallstreams.com/stream.php?location_id=175&id=76135,townhallstreams.com,townhallstreams,registry,not in MULTI_GOV_HOSTS -- single-tenant vendor host,,,,,,,
tier3_auto_transcription_queue.txt,https://townhallstreams.com/stream.php?location_id=176&id=76043,townhallstreams.com,townhallstreams,registry,not in MULTI_GOV_HOSTS -- single-tenant vendor host,,,,,,,
tier3_auto_transcription_queue.txt,https://townhallstreams.com/stream.php?location_id=177&id=75919,townhallstreams.com,townhallstreams,registry,not in MULTI_GOV_HOSTS -- single-tenant vendor host,,,,,,,
tier3_auto_transcription_queue.txt,https://townhallstreams.com/stream.php?location_id=178&id=74225,townhallstreams.com,townhallstreams,registry,not in MULTI_GOV_HOSTS -- single-tenant vendor host,,,,,,,
tier3_auto_transcription_queue.txt,https://sanfordnc.portal.civicclerk.com/event/2049/media,sanfordnc.portal.civicclerk.com,civicclerk,registry,not in MULTI_GOV_HOSTS -- single-tenant vendor host,,,,,,,
tier3_auto_transcription_queue.txt,https://waycrossga.portal.civicclerk.com/event/441/media,waycrossga.portal.civicclerk.com,civicclerk,registry,not in MULTI_GOV_HOSTS -- single-tenant vendor host,,,,,,,
tier3_auto_transcription_queue.txt,https://indianolaia.portal.civicclerk.com/event/2134/media,indianolaia.portal.civicclerk.com,civicclerk,registry,not in MULTI_GOV_HOSTS -- single-tenant vendor host,,,,,,,
tier3_auto_transcription_queue.txt,https://ottawaks.portal.civicclerk.com/event/1085/media,ottawaks.portal.civicclerk.com,civicclerk,registry,not in MULTI_GOV_HOSTS -- single-tenant vendor host,,,,,,,
tier3_auto_transcription_queue.txt,https://prairievillageks.portal.civicclerk.com/event/109/media,prairievillageks.portal.civicclerk.com,civicclerk,registry,not in MULTI_GOV_HOSTS -- single-tenant vendor host,,,,,,,
tier3_auto_transcription_queue.txt,https://frasermi.portal.civicclerk.com/event/1034/media,frasermi.portal.civicclerk.com,civicclerk,registry,not in MULTI_GOV_HOSTS -- single-tenant vendor host,,,,,,,
tier3_auto_transcription_queue.txt,https://shorewoodmn.portal.civicclerk.com/event/409/media,shorewoodmn.portal.civicclerk.com,civicclerk,registry,not in MULTI_GOV_HOSTS -- single-tenant vendor host,,,,,,,
tier3_auto_transcription_queue.txt,https://highpointnc.portal.civicclerk.com/event/1073/media,highpointnc.portal.civicclerk.com,civicclerk,registry,not in MULTI_GOV_HOSTS -- single-tenant vendor host,,,,,,,
tier3_auto_transcription_queue.txt,https://goodlettsvilletn.portal.civicclerk.com/event/3490/media,goodlettsvilletn.portal.civicclerk.com,civicclerk,registry,not in MULTI_GOV_HOSTS -- single-tenant vendor host,,,,,,,
tier3_auto_transcription_queue.txt,https://godleytx.portal.civicclerk.com/event/6069/media,godleytx.portal.civicclerk.com,civicclerk,registry,not in MULTI_GOV_HOSTS -- single-tenant vendor host,,,,,,,
tier3_auto_transcription_queue.txt,https://rockporttx.portal.civicclerk.com/event/1101/media,rockporttx.portal.civicclerk.com,civicclerk,registry,not in MULTI_GOV_HOSTS -- single-tenant vendor host,,,,,,,
tier3_auto_transcription_queue.txt,https://valdostacity.granicus.com/MediaPlayer.php?view_id=1&clip_id=431,valdostacity.granicus.com,granicus,registry,not in MULTI_GOV_HOSTS -- single-tenant vendor host,,,,,,,
tier3_auto_transcription_queue.txt,https://eauclairecountywi.granicus.com/MediaPlayer.php?view_id=1&clip_id=221,eauclairecountywi.granicus.com,granicus,registry,not in MULTI_GOV_HOSTS -- single-tenant vendor host,,,,,,,
tier3_auto_transcription_queue.txt,https://pueblocounty.granicus.com/MediaPlayer.php?view_id=1&clip_id=9,pueblocounty.granicus.com,granicus,registry,not in MULTI_GOV_HOSTS -- single-tenant vendor host,,,,,,,
tier3_auto_transcription_queue.txt,https://aledoisdtx.swagit.com/play/08082019-1085,aledoisdtx.swagit.com,swagit,registry,not in MULTI_GOV_HOSTS -- single-tenant vendor host,,,,,,,
tier3_auto_transcription_queue.txt,https://play.champds.com/collegedaletn/event/50,play.champds.com,play.champds.com,registry,not in MULTI_GOV_HOSTS -- single-tenant vendor host,,,,,,,
tier3_auto_transcription_queue.txt,https://shelby.granicus.com/MediaPlayer.php?view_id=2&clip_id=2965,shelby.granicus.com,granicus,registry,not in MULTI_GOV_HOSTS -- single-tenant vendor host,,,,,,,
tier3_auto_transcription_queue.txt,https://www.youtube.com/embed/JVYzmjogFKM?autoplay=0&start=0&rel=0,www.youtube.com,youtube,no-owner,www.youtube.com is a MULTI_GOV_HOSTS host with no matching pin,,,,,,,
tier3_auto_transcription_queue.txt,https://crestviewfl.portal.civicclerk.com/event/1381/media,crestviewfl.portal.civicclerk.com,civicclerk,registry,not in MULTI_GOV_HOSTS -- single-tenant vendor host,,,,,,,
tier3_auto_transcription_queue.txt,https://longwoodfl.portal.civicclerk.com/event/869/media,longwoodfl.portal.civicclerk.com,civicclerk,registry,not in MULTI_GOV_HOSTS -- single-tenant vendor host,,,,,,,
tier3_auto_transcription_queue.txt,https://scottsbluffne.portal.civicclerk.com/event/951/media,scottsbluffne.portal.civicclerk.com,civicclerk,registry,not in MULTI_GOV_HOSTS -- single-tenant vendor host,,,,,,,
tier3_auto_transcription_queue.txt,https://aac.cablecast.tv/cablecastapi/live?channel_id=1&use_cdn=true,aac.cablecast.tv,cablecast,registry,not in MULTI_GOV_HOSTS -- single-tenant vendor host,,,,,,,
tier3_auto_transcription_queue.txt,https://youtube.com/live/KLaCh93rKGo?feature=share,youtube.com,youtube,pin,tenant_overrides.csv youtube.com match=KLaCh93rKGo source=wo149_county_ladder_sweep,us:county:26029,https://www.charlevoixcounty.org/,,,,,
tier3_auto_transcription_queue.txt,https://www.youtube.com/embed/ESfzST-yOSM?si=4EKaKTtJZK4jTT-q,www.youtube.com,youtube,no-owner,www.youtube.com is a MULTI_GOV_HOSTS host with no matching pin,,https://www.middletown.delaware.gov/events/97568/,,,,,
tier3_auto_transcription_queue.txt,https://carmelbytheseaca.portal.civicclerk.com/event/912/media,carmelbytheseaca.portal.civicclerk.com,civicclerk,registry,not in MULTI_GOV_HOSTS -- single-tenant vendor host,,https://ci.carmel.ca.us/,,,,,
tier3_auto_transcription_queue.txt,https://www.youtube.com/embed/PvV--2X7Qco?modestbranding=1&hd=1&vq=hd720&rel=0&playsinline=1,www.youtube.com,youtube,pin-added,owner found via jurisdiction_coverage.csv,us:place:0636490,https://publicinput.com/cityofindustry,,,,,
tier3_auto_transcription_queue.txt,https://caleraal.portal.civicclerk.com/event/803/media,caleraal.portal.civicclerk.com,civicclerk,registry,not in MULTI_GOV_HOSTS -- single-tenant vendor host,,https://www.cityofcalera.org/429/Agendas-and-Minutes,,,,,
tier3_auto_transcription_queue.txt,https://www.youtube.com/live/O0rA3d4CF84?si=hjSFoQPXVBb3-vnu,www.youtube.com,youtube,no-owner,www.youtube.com is a MULTI_GOV_HOSTS host with no matching pin,,https://www.belairmd.org/,,,,,
tier3_auto_transcription_queue.txt,https://townhallstreams.com/stream.php?location_id=87&id=72598,townhallstreams.com,townhallstreams,registry,not in MULTI_GOV_HOSTS -- single-tenant vendor host,,https://www.choosecambridge.com/,,,,,
tier3_auto_transcription_queue.txt,https://www.youtube.com/live/uQ3rK9rI1g8,www.youtube.com,youtube,no-owner,www.youtube.com is a MULTI_GOV_HOSTS host with no matching pin,,https://www.townofcentreville.org/,,,,,
tier3_auto_transcription_queue.txt,https://salisburymd.granicus.com/ViewPublisher.php?view_id=1,salisburymd.granicus.com,granicus,registry,not in MULTI_GOV_HOSTS -- single-tenant vendor host,,https://salisbury.md/citizen-services/city-council,,,,,
tier3_auto_transcription_queue.txt,https://youtu.be/33WZKCGJNmg,youtu.be,youtube,no-owner,youtu.be is a MULTI_GOV_HOSTS host with no matching pin,,https://www.boonton.org/,,,,,
tier3_auto_transcription_queue.txt,https://videoplayer.telvue.com/player/xAkU_1Eb4e9C1-YCioqZmvaGx4GumMyB/playlists/3943/stream/393,videoplayer.telvue.com,telvue,no-owner,videoplayer.telvue.com is a MULTI_GOV_HOSTS host with no matching pin,,https://www.cliftonnj.org/,,,,,
tier3_auto_transcription_queue.txt,https://connect.telvue.com/player/1VW_MUovXoKdUW9jRAnqt0YBpoJ5zDVU/playlists/1298/stream/67?autostart=false&showtabssearch=true&fullscreen=false,connect.telvue.com,telvue,registry,not in MULTI_GOV_HOSTS -- single-tenant vendor host,,https://www.oradell.org/oradell-public-television/pages/live-stream,,,,,
tier3_auto_transcription_queue.txt,https://youtu.be/zSh2DIrld8E,youtu.be,youtube,no-owner,youtu.be is a MULTI_GOV_HOSTS host with no matching pin,,https://stoneharbornj.org/agendameetings/watch-mayor-and-council-meetings-online/borough-council-agendas-minutes/,,,,,
tier3_auto_transcription_queue.txt,https://byramms.portal.civicclerk.com/event/2238/media,byramms.portal.civicclerk.com,civicclerk,registry,not in MULTI_GOV_HOSTS -- single-tenant vendor host,,https://www.byram-ms.us,,,,,
tier3_auto_transcription_queue.txt,https://www.youtube.com/watch?v=YavJncgqinc&list=PLicvhyhiZ7gzoNt4olVP-3LGGOM0oWC9E&index=1,www.youtube.com,youtube,no-owner,www.youtube.com is a MULTI_GOV_HOSTS host with no matching pin,,,,,,,
tier3_auto_transcription_queue.txt,https://vineyardut.portal.civicclerk.com/event/1453/media,vineyardut.portal.civicclerk.com,civicclerk,registry,not in MULTI_GOV_HOSTS -- single-tenant vendor host,,,,,,,
tier3_auto_transcription_queue.txt,https://www.youtube.com/watch?v=tD-DTUDaWXU&list=PLicvhyhiZ7gyjMzt7NxqLeGECYABoqWNe&index=1,www.youtube.com,youtube,no-owner,www.youtube.com is a MULTI_GOV_HOSTS host with no matching pin,,,,,,,
tier3_auto_transcription_queue.txt,https://youtu.be/MvBKkL0vxaA,youtu.be,youtube,no-owner,youtu.be is a MULTI_GOV_HOSTS host with no matching pin,,,,,,,
tier3_auto_transcription_queue.txt,https://www.utah.gov/pmn/sitemap/notice/1103253.html,www.utah.gov,www.utah.gov,registry,not in MULTI_GOV_HOSTS -- single-tenant vendor host,,,,,,,
tier3_auto_transcription_queue.txt,https://www.utah.gov/pmn/sitemap/notice/1103725.html,www.utah.gov,www.utah.gov,registry,not in MULTI_GOV_HOSTS -- single-tenant vendor host,,,,,,,
tier3_auto_transcription_queue.txt,https://www.utah.gov/pmn/sitemap/notice/1104203.html,www.utah.gov,www.utah.gov,registry,not in MULTI_GOV_HOSTS -- single-tenant vendor host,,,,,,,
tier3_auto_transcription_queue.txt,https://www.utah.gov/pmn/sitemap/notice/1086431.html,www.utah.gov,www.utah.gov,registry,not in MULTI_GOV_HOSTS -- single-tenant vendor host,,,,,,,
tier3_auto_transcription_queue.txt,https://www.utah.gov/pmn/sitemap/notice/1098993.html,www.utah.gov,www.utah.gov,registry,not in MULTI_GOV_HOSTS -- single-tenant vendor host,,,,,,,
tier3_auto_transcription_queue.txt,https://www.utah.gov/pmn/sitemap/notice/1104319.html,www.utah.gov,www.utah.gov,registry,not in MULTI_GOV_HOSTS -- single-tenant vendor host,,,,,,,
tier3_auto_transcription_queue.txt,https://www.utah.gov/pmn/sitemap/notice/1100236.html,www.utah.gov,www.utah.gov,registry,not in MULTI_GOV_HOSTS -- single-tenant vendor host,,,,,,,
tier3_auto_transcription_queue.txt,https://www.utah.gov/pmn/sitemap/notice/1092201.html,www.utah.gov,www.utah.gov,registry,not in MULTI_GOV_HOSTS -- single-tenant vendor host,,,,,,,
tier3_auto_transcription_queue.txt,https://www.utah.gov/pmn/sitemap/notice/1104439.html,www.utah.gov,www.utah.gov,registry,not in MULTI_GOV_HOSTS -- single-tenant vendor host,,,,,,,
tier3_auto_transcription_queue.txt,https://www.utah.gov/pmn/sitemap/notice/1104835.html,www.utah.gov,www.utah.gov,registry,not in MULTI_GOV_HOSTS -- single-tenant vendor host,,,,,,,
tier3_auto_transcription_queue.txt,https://www.utah.gov/pmn/sitemap/notice/983371.html,www.utah.gov,www.utah.gov,registry,not in MULTI_GOV_HOSTS -- single-tenant vendor host,,,,,,,
tier3_auto_transcription_queue.txt,https://www.utah.gov/pmn/sitemap/notice/1100163.html,www.utah.gov,www.utah.gov,registry,not in MULTI_GOV_HOSTS -- single-tenant vendor host,,,,,,,
tier3_auto_transcription_queue.txt,https://www.utah.gov/pmn/sitemap/notice/1093765.html,www.utah.gov,www.utah.gov,registry,not in MULTI_GOV_HOSTS -- single-tenant vendor host,,,,,,,
tier3_auto_transcription_queue.txt,https://www.utah.gov/pmn/sitemap/notice/1105465.html,www.utah.gov,www.utah.gov,registry,not in MULTI_GOV_HOSTS -- single-tenant vendor host,,,,,,,
tier3_auto_transcription_queue.txt,https://www.utah.gov/pmn/sitemap/notice/1098709.html,www.utah.gov,www.utah.gov,registry,not in MULTI_GOV_HOSTS -- single-tenant vendor host,,,,,,,
tier3_auto_transcription_queue.txt,https://www.utah.gov/pmn/sitemap/notice/1100372.html,www.utah.gov,www.utah.gov,registry,not in MULTI_GOV_HOSTS -- single-tenant vendor host,,,,,,,
tier3_auto_transcription_queue.txt,https://www.utah.gov/pmn/sitemap/notice/1103825.html,www.utah.gov,www.utah.gov,registry,not in MULTI_GOV_HOSTS -- single-tenant vendor host,,,,,,,
tier3_auto_transcription_queue.txt,https://www.utah.gov/pmn/sitemap/notice/1100679.html,www.utah.gov,www.utah.gov,registry,not in MULTI_GOV_HOSTS -- single-tenant vendor host,,,,,,,
tier3_auto_transcription_queue.txt,https://www.utah.gov/pmn/sitemap/notice/1050307.html,www.utah.gov,www.utah.gov,registry,not in MULTI_GOV_HOSTS -- single-tenant vendor host,,,,,,,
tier3_auto_transcription_queue.txt,https://www.utah.gov/pmn/sitemap/notice/1093417.html,www.utah.gov,www.utah.gov,registry,not in MULTI_GOV_HOSTS -- single-tenant vendor host,,,,,,,
tier3_auto_transcription_queue.txt,https://www.utah.gov/pmn/sitemap/notice/1100328.html,www.utah.gov,www.utah.gov,registry,not in MULTI_GOV_HOSTS -- single-tenant vendor host,,,,,,,
tier3_auto_transcription_queue.txt,https://www.utah.gov/pmn/sitemap/notice/1098879.html,www.utah.gov,www.utah.gov,registry,not in MULTI_GOV_HOSTS -- single-tenant vendor host,,,,,,,
tier3_auto_transcription_queue.txt,https://www.utah.gov/pmn/sitemap/notice/1101473.html,www.utah.gov,www.utah.gov,registry,not in MULTI_GOV_HOSTS -- single-tenant vendor host,,,,,,,
tier3_auto_transcription_queue.txt,https://www.utah.gov/pmn/sitemap/notice/1100290.html,www.utah.gov,www.utah.gov,registry,not in MULTI_GOV_HOSTS -- single-tenant vendor host,,,,,,,
tier3_auto_transcription_queue.txt,https://www.utah.gov/pmn/sitemap/notice/1101451.html,www.utah.gov,www.utah.gov,registry,not in MULTI_GOV_HOSTS -- single-tenant vendor host,,,,,,,
tier3_auto_transcription_queue.txt,https://www.utah.gov/pmn/sitemap/notice/1103815.html,www.utah.gov,www.utah.gov,registry,not in MULTI_GOV_HOSTS -- single-tenant vendor host,,,,,,,
tier3_auto_transcription_queue.txt,https://www.utah.gov/pmn/sitemap/notice/1105573.html,www.utah.gov,www.utah.gov,registry,not in MULTI_GOV_HOSTS -- single-tenant vendor host,,,,,,,
tier3_auto_transcription_queue.txt,https://www.utah.gov/pmn/sitemap/notice/1105473.html,www.utah.gov,www.utah.gov,registry,not in MULTI_GOV_HOSTS -- single-tenant vendor host,,,,,,,
tier3_auto_transcription_queue.txt,https://www.utah.gov/pmn/sitemap/notice/1101551.html,www.utah.gov,www.utah.gov,registry,not in MULTI_GOV_HOSTS -- single-tenant vendor host,,,,,,,
tier3_auto_transcription_queue.txt,https://www.utah.gov/pmn/sitemap/notice/1102777.html,www.utah.gov,www.utah.gov,registry,not in MULTI_GOV_HOSTS -- single-tenant vendor host,,,,,,,
tier3_auto_transcription_queue.txt,https://www.utah.gov/pmn/sitemap/notice/1097285.html,www.utah.gov,www.utah.gov,registry,not in MULTI_GOV_HOSTS -- single-tenant vendor host,,,,,,,
tier3_auto_transcription_queue.txt,https://www.utah.gov/pmn/sitemap/notice/1100741.html,www.utah.gov,www.utah.gov,registry,not in MULTI_GOV_HOSTS -- single-tenant vendor host,,,,,,,
tier3_auto_transcription_queue.txt,https://www.utah.gov/pmn/sitemap/notice/1098323.html,www.utah.gov,www.utah.gov,registry,not in MULTI_GOV_HOSTS -- single-tenant vendor host,,,,,,,
tier3_auto_transcription_queue.txt,https://www.utah.gov/pmn/sitemap/notice/1089369.html,www.utah.gov,www.utah.gov,registry,not in MULTI_GOV_HOSTS -- single-tenant vendor host,,,,,,,
tier3_auto_transcription_queue.txt,https://www.utah.gov/pmn/sitemap/notice/1100803.html,www.utah.gov,www.utah.gov,registry,not in MULTI_GOV_HOSTS -- single-tenant vendor host,,,,,,,
tier3_auto_transcription_queue.txt,https://www.utah.gov/pmn/sitemap/notice/1100577.html,www.utah.gov,www.utah.gov,registry,not in MULTI_GOV_HOSTS -- single-tenant vendor host,,,,,,,
tier3_auto_transcription_queue.txt,https://www.utah.gov/pmn/sitemap/notice/1107235.html,www.utah.gov,www.utah.gov,registry,not in MULTI_GOV_HOSTS -- single-tenant vendor host,,,,,,,
tier3_auto_transcription_queue.txt,https://www.utah.gov/pmn/sitemap/notice/1099701.html,www.utah.gov,www.utah.gov,registry,not in MULTI_GOV_HOSTS -- single-tenant vendor host,,,,,,,
tier3_auto_transcription_queue.txt,https://www.utah.gov/pmn/sitemap/notice/1024175.html,www.utah.gov,www.utah.gov,registry,not in MULTI_GOV_HOSTS -- single-tenant vendor host,,,,,,,
tier3_auto_transcription_queue.txt,https://www.utah.gov/pmn/sitemap/notice/1100859.html,www.utah.gov,www.utah.gov,registry,not in MULTI_GOV_HOSTS -- single-tenant vendor host,,,,,,,
tier3_auto_transcription_queue.txt,https://www.utah.gov/pmn/sitemap/notice/1070463.html,www.utah.gov,www.utah.gov,registry,not in MULTI_GOV_HOSTS -- single-tenant vendor host,,,,,,,
tier3_auto_transcription_queue.txt,https://www.utah.gov/pmn/sitemap/notice/1102091.html,www.utah.gov,www.utah.gov,registry,not in MULTI_GOV_HOSTS -- single-tenant vendor host,,,,,,,
tier3_auto_transcription_queue.txt,https://www.utah.gov/pmn/sitemap/notice/1101091.html,www.utah.gov,www.utah.gov,registry,not in MULTI_GOV_HOSTS -- single-tenant vendor host,,,,,,,
tier3_auto_transcription_queue.txt,https://www.utah.gov/pmn/sitemap/notice/1100993.html,www.utah.gov,www.utah.gov,registry,not in MULTI_GOV_HOSTS -- single-tenant vendor host,,,,,,,
tier3_auto_transcription_queue.txt,https://www.utah.gov/pmn/sitemap/notice/1097435.html,www.utah.gov,www.utah.gov,registry,not in MULTI_GOV_HOSTS -- single-tenant vendor host,,,,,,,
tier3_auto_transcription_queue.txt,https://www.utah.gov/pmn/sitemap/notice/1100153.html,www.utah.gov,www.utah.gov,registry,not in MULTI_GOV_HOSTS -- single-tenant vendor host,,,,,,,
tier3_auto_transcription_queue.txt,https://www.utah.gov/pmn/sitemap/notice/1101013.html,www.utah.gov,www.utah.gov,registry,not in MULTI_GOV_HOSTS -- single-tenant vendor host,,,,,,,
tier3_auto_transcription_queue.txt,https://www.utah.gov/pmn/sitemap/notice/1101649.html,www.utah.gov,www.utah.gov,registry,not in MULTI_GOV_HOSTS -- single-tenant vendor host,,,,,,,
tier3_auto_transcription_queue.txt,https://www.utah.gov/pmn/sitemap/notice/1100061.html,www.utah.gov,www.utah.gov,registry,not in MULTI_GOV_HOSTS -- single-tenant vendor host,,,,,,,
tier3_auto_transcription_queue.txt,https://www.utah.gov/pmn/sitemap/notice/1101039.html,www.utah.gov,www.utah.gov,registry,not in MULTI_GOV_HOSTS -- single-tenant vendor host,,,,,,,
tier3_auto_transcription_queue.txt,https://www.utah.gov/pmn/sitemap/notice/1102883.html,www.utah.gov,www.utah.gov,registry,not in MULTI_GOV_HOSTS -- single-tenant vendor host,,,,,,,
tier3_auto_transcription_queue.txt,https://www.utah.gov/pmn/sitemap/notice/1104053.html,www.utah.gov,www.utah.gov,registry,not in MULTI_GOV_HOSTS -- single-tenant vendor host,,,,,,,
tier3_auto_transcription_queue.txt,https://www.utah.gov/pmn/sitemap/notice/1103039.html,www.utah.gov,www.utah.gov,registry,not in MULTI_GOV_HOSTS -- single-tenant vendor host,,,,,,,
tier3_auto_transcription_queue.txt,https://www.utah.gov/pmn/sitemap/notice/1093549.html,www.utah.gov,www.utah.gov,registry,not in MULTI_GOV_HOSTS -- single-tenant vendor host,,,,,,,
tier3_auto_transcription_queue.txt,https://www.utah.gov/pmn/sitemap/notice/1103933.html,www.utah.gov,www.utah.gov,registry,not in MULTI_GOV_HOSTS -- single-tenant vendor host,,,,,,,
tier3_auto_transcription_queue.txt,https://www.utah.gov/pmn/sitemap/notice/1094669.html,www.utah.gov,www.utah.gov,registry,not in MULTI_GOV_HOSTS -- single-tenant vendor host,,,,,,,
tier3_auto_transcription_queue.txt,https://www.utah.gov/pmn/sitemap/notice/1099809.html,www.utah.gov,www.utah.gov,registry,not in MULTI_GOV_HOSTS -- single-tenant vendor host,,,,,,,
tier3_auto_transcription_queue.txt,https://www.utah.gov/pmn/sitemap/notice/1100212.html,www.utah.gov,www.utah.gov,registry,not in MULTI_GOV_HOSTS -- single-tenant vendor host,,,,,,,
tier3_auto_transcription_queue.txt,https://www.utah.gov/pmn/sitemap/notice/1102625.html,www.utah.gov,www.utah.gov,registry,not in MULTI_GOV_HOSTS -- single-tenant vendor host,,,,,,,
tier3_auto_transcription_queue.txt,https://www.utah.gov/pmn/sitemap/notice/1106775.html,www.utah.gov,www.utah.gov,registry,not in MULTI_GOV_HOSTS -- single-tenant vendor host,,,,,,,
tier3_auto_transcription_queue.txt,https://www.utah.gov/pmn/sitemap/notice/1000111.html,www.utah.gov,www.utah.gov,registry,not in MULTI_GOV_HOSTS -- single-tenant vendor host,,,,,,,
tier3_auto_transcription_queue.txt,https://www.utah.gov/pmn/sitemap/notice/1101939.html,www.utah.gov,www.utah.gov,registry,not in MULTI_GOV_HOSTS -- single-tenant vendor host,,,,,,,
tier3_auto_transcription_queue.txt,https://www.utah.gov/pmn/sitemap/notice/1103481.html,www.utah.gov,www.utah.gov,registry,not in MULTI_GOV_HOSTS -- single-tenant vendor host,,,,,,,
tier3_auto_transcription_queue.txt,https://www.utah.gov/pmn/sitemap/notice/1103883.html,www.utah.gov,www.utah.gov,registry,not in MULTI_GOV_HOSTS -- single-tenant vendor host,,,,,,,
tier3_auto_transcription_queue.txt,https://www.utah.gov/pmn/sitemap/notice/1100893.html,www.utah.gov,www.utah.gov,registry,not in MULTI_GOV_HOSTS -- single-tenant vendor host,,,,,,,
tier3_auto_transcription_queue.txt,https://www.utah.gov/pmn/sitemap/notice/1102277.html,www.utah.gov,www.utah.gov,registry,not in MULTI_GOV_HOSTS -- single-tenant vendor host,,,,,,,
tier3_auto_transcription_queue.txt,https://www.utah.gov/pmn/sitemap/notice/1105605.html,www.utah.gov,www.utah.gov,registry,not in MULTI_GOV_HOSTS -- single-tenant vendor host,,,,,,,
tier3_auto_transcription_queue.txt,https://www.utah.gov/pmn/sitemap/notice/1095429.html,www.utah.gov,www.utah.gov,registry,not in MULTI_GOV_HOSTS -- single-tenant vendor host,,,,,,,
tier3_auto_transcription_queue.txt,https://www.utah.gov/pmn/sitemap/notice/1101685.html,www.utah.gov,www.utah.gov,registry,not in MULTI_GOV_HOSTS -- single-tenant vendor host,,,,,,,
tier3_auto_transcription_queue.txt,https://www.utah.gov/pmn/sitemap/notice/1101329.html,www.utah.gov,www.utah.gov,registry,not in MULTI_GOV_HOSTS -- single-tenant vendor host,,,,,,,
tier3_auto_transcription_queue.txt,https://www.utah.gov/pmn/sitemap/notice/1100322.html,www.utah.gov,www.utah.gov,registry,not in MULTI_GOV_HOSTS -- single-tenant vendor host,,,,,,,
tier3_auto_transcription_queue.txt,https://www.utah.gov/pmn/sitemap/notice/1102609.html,www.utah.gov,www.utah.gov,registry,not in MULTI_GOV_HOSTS -- single-tenant vendor host,,,,,,,
tier3_auto_transcription_queue.txt,https://www.utah.gov/pmn/sitemap/notice/1100991.html,www.utah.gov,www.utah.gov,registry,not in MULTI_GOV_HOSTS -- single-tenant vendor host,,,,,,,
tier3_auto_transcription_queue.txt,https://www.utah.gov/pmn/sitemap/notice/1101923.html,www.utah.gov,www.utah.gov,registry,not in MULTI_GOV_HOSTS -- single-tenant vendor host,,,,,,,
tier3_auto_transcription_queue.txt,https://www.utah.gov/pmn/sitemap/notice/1065291.html,www.utah.gov,www.utah.gov,registry,not in MULTI_GOV_HOSTS -- single-tenant vendor host,,,,,,,
tier3_auto_transcription_queue.txt,https://www.utah.gov/pmn/sitemap/notice/1101049.html,www.utah.gov,www.utah.gov,registry,not in MULTI_GOV_HOSTS -- single-tenant vendor host,,,,,,,
tier3_auto_transcription_queue.txt,https://www.utah.gov/pmn/sitemap/notice/1100601.html,www.utah.gov,www.utah.gov,registry,not in MULTI_GOV_HOSTS -- single-tenant vendor host,,,,,,,
tier3_auto_transcription_queue.txt,https://www.utah.gov/pmn/sitemap/notice/1099711.html,www.utah.gov,www.utah.gov,registry,not in MULTI_GOV_HOSTS -- single-tenant vendor host,,,,,,,
tier3_auto_transcription_queue.txt,https://www.utah.gov/pmn/sitemap/notice/1099921.html,www.utah.gov,www.utah.gov,registry,not in MULTI_GOV_HOSTS -- single-tenant vendor host,,,,,,,
tier3_auto_transcription_queue.txt,https://www.utah.gov/pmn/sitemap/notice/1100829.html,www.utah.gov,www.utah.gov,registry,not in MULTI_GOV_HOSTS -- single-tenant vendor host,,,,,,,
tier3_auto_transcription_queue.txt,https://www.utah.gov/pmn/sitemap/notice/1099853.html,www.utah.gov,www.utah.gov,registry,not in MULTI_GOV_HOSTS -- single-tenant vendor host,,,,,,,
tier3_auto_transcription_queue.txt,https://www.utah.gov/pmn/sitemap/notice/1105113.html,www.utah.gov,www.utah.gov,registry,not in MULTI_GOV_HOSTS -- single-tenant vendor host,,,,,,,
tier3_auto_transcription_queue.txt,https://www.utah.gov/pmn/sitemap/notice/1096089.html,www.utah.gov,www.utah.gov,registry,not in MULTI_GOV_HOSTS -- single-tenant vendor host,,,,,,,
tier3_auto_transcription_queue.txt,https://www.utah.gov/pmn/sitemap/notice/1101037.html,www.utah.gov,www.utah.gov,registry,not in MULTI_GOV_HOSTS -- single-tenant vendor host,,,,,,,
tier3_auto_transcription_queue.txt,https://www.utah.gov/pmn/sitemap/notice/1098611.html,www.utah.gov,www.utah.gov,registry,not in MULTI_GOV_HOSTS -- single-tenant vendor host,,,,,,,
tier3_auto_transcription_queue.txt,https://www.utah.gov/pmn/sitemap/notice/1038693.html,www.utah.gov,www.utah.gov,registry,not in MULTI_GOV_HOSTS -- single-tenant vendor host,,,,,,,
tier3_auto_transcription_queue.txt,https://www.utah.gov/pmn/sitemap/notice/1102455.html,www.utah.gov,www.utah.gov,registry,not in MULTI_GOV_HOSTS -- single-tenant vendor host,,,,,,,
tier3_auto_transcription_queue.txt,https://www.utah.gov/pmn/sitemap/notice/1101977.html,www.utah.gov,www.utah.gov,registry,not in MULTI_GOV_HOSTS -- single-tenant vendor host,,,,,,,
tier3_auto_transcription_queue.txt,https://www.utah.gov/pmn/sitemap/notice/1094253.html,www.utah.gov,www.utah.gov,registry,not in MULTI_GOV_HOSTS -- single-tenant vendor host,,,,,,,
tier3_auto_transcription_queue.txt,https://www.utah.gov/pmn/sitemap/notice/1083781.html,www.utah.gov,www.utah.gov,registry,not in MULTI_GOV_HOSTS -- single-tenant vendor host,,,,,,,
tier3_auto_transcription_queue.txt,https://www.utah.gov/pmn/sitemap/notice/1103325.html,www.utah.gov,www.utah.gov,registry,not in MULTI_GOV_HOSTS -- single-tenant vendor host,,,,,,,
tier3_auto_transcription_queue.txt,https://www.utah.gov/pmn/sitemap/notice/1098291.html,www.utah.gov,www.utah.gov,registry,not in MULTI_GOV_HOSTS -- single-tenant vendor host,,,,,,,
tier3_auto_transcription_queue.txt,https://www.utah.gov/pmn/sitemap/notice/1102155.html,www.utah.gov,www.utah.gov,registry,not in MULTI_GOV_HOSTS -- single-tenant vendor host,,,,,,,
tier3_auto_transcription_queue.txt,https://www.utah.gov/pmn/sitemap/notice/1101881.html,www.utah.gov,www.utah.gov,registry,not in MULTI_GOV_HOSTS -- single-tenant vendor host,,,,,,,
tier3_auto_transcription_queue.txt,https://www.utah.gov/pmn/sitemap/notice/1064967.html,www.utah.gov,www.utah.gov,registry,not in MULTI_GOV_HOSTS -- single-tenant vendor host,,,,,,,
tier3_auto_transcription_queue.txt,https://www.utah.gov/pmn/sitemap/notice/1083825.html,www.utah.gov,www.utah.gov,registry,not in MULTI_GOV_HOSTS -- single-tenant vendor host,,,,,,,
tier3_auto_transcription_queue.txt,https://www.utah.gov/pmn/sitemap/notice/1104475.html,www.utah.gov,www.utah.gov,registry,not in MULTI_GOV_HOSTS -- single-tenant vendor host,,,,,,,
tier3_auto_transcription_queue.txt,https://www.utah.gov/pmn/sitemap/notice/1102683.html,www.utah.gov,www.utah.gov,registry,not in MULTI_GOV_HOSTS -- single-tenant vendor host,,,,,,,
tier3_auto_transcription_queue.txt,https://www.utah.gov/pmn/sitemap/notice/1100923.html,www.utah.gov,www.utah.gov,registry,not in MULTI_GOV_HOSTS -- single-tenant vendor host,,,,,,,
tier3_auto_transcription_queue.txt,https://www.utah.gov/pmn/sitemap/notice/1096075.html,www.utah.gov,www.utah.gov,registry,not in MULTI_GOV_HOSTS -- single-tenant vendor host,,,,,,,
tier3_auto_transcription_queue.txt,https://www.utah.gov/pmn/sitemap/notice/1099139.html,www.utah.gov,www.utah.gov,registry,not in MULTI_GOV_HOSTS -- single-tenant vendor host,,,,,,,
tier3_auto_transcription_queue.txt,https://www.utah.gov/pmn/sitemap/notice/1100767.html,www.utah.gov,www.utah.gov,registry,not in MULTI_GOV_HOSTS -- single-tenant vendor host,,,,,,,
tier3_auto_transcription_queue.txt,https://www.utah.gov/pmn/sitemap/notice/1105111.html,www.utah.gov,www.utah.gov,registry,not in MULTI_GOV_HOSTS -- single-tenant vendor host,,,,,,,
tier3_auto_transcription_queue.txt,https://www.utah.gov/pmn/sitemap/notice/1092092.html,www.utah.gov,www.utah.gov,registry,not in MULTI_GOV_HOSTS -- single-tenant vendor host,,,,,,,
tier3_auto_transcription_queue.txt,https://www.utah.gov/pmn/sitemap/notice/1091049.html,www.utah.gov,www.utah.gov,registry,not in MULTI_GOV_HOSTS -- single-tenant vendor host,,,,,,,
tier3_auto_transcription_queue.txt,https://www.utah.gov/pmn/sitemap/notice/1093469.html,www.utah.gov,www.utah.gov,registry,not in MULTI_GOV_HOSTS -- single-tenant vendor host,,,,,,,
tier3_auto_transcription_queue.txt,https://www.utah.gov/pmn/sitemap/notice/1098087.html,www.utah.gov,www.utah.gov,registry,not in MULTI_GOV_HOSTS -- single-tenant vendor host,,,,,,,
tier3_auto_transcription_queue.txt,https://www.utah.gov/pmn/sitemap/notice/1100344.html,www.utah.gov,www.utah.gov,registry,not in MULTI_GOV_HOSTS -- single-tenant vendor host,,,,,,,
tier3_auto_transcription_queue.txt,https://www.utah.gov/pmn/sitemap/notice/1103773.html,www.utah.gov,www.utah.gov,registry,not in MULTI_GOV_HOSTS -- single-tenant vendor host,,,,,,,
tier3_auto_transcription_queue.txt,https://www.utah.gov/pmn/sitemap/notice/1101557.html,www.utah.gov,www.utah.gov,registry,not in MULTI_GOV_HOSTS -- single-tenant vendor host,,,,,,,
tier3_auto_transcription_queue.txt,https://www.utah.gov/pmn/sitemap/notice/1103497.html,www.utah.gov,www.utah.gov,registry,not in MULTI_GOV_HOSTS -- single-tenant vendor host,,,,,,,
tier3_auto_transcription_queue.txt,https://www.utah.gov/pmn/sitemap/notice/1103139.html,www.utah.gov,www.utah.gov,registry,not in MULTI_GOV_HOSTS -- single-tenant vendor host,,,,,,,
tier3_auto_transcription_queue.txt,https://www.utah.gov/pmn/sitemap/notice/1096617.html,www.utah.gov,www.utah.gov,registry,not in MULTI_GOV_HOSTS -- single-tenant vendor host,,,,,,,
tier3_auto_transcription_queue.txt,https://www.utah.gov/pmn/sitemap/notice/1100839.html,www.utah.gov,www.utah.gov,registry,not in MULTI_GOV_HOSTS -- single-tenant vendor host,,,,,,,
tier3_auto_transcription_queue.txt,https://www.utah.gov/pmn/sitemap/notice/1100364.html,www.utah.gov,www.utah.gov,registry,not in MULTI_GOV_HOSTS -- single-tenant vendor host,,,,,,,
tier3_auto_transcription_queue.txt,https://www.utah.gov/pmn/sitemap/notice/1099967.html,www.utah.gov,www.utah.gov,registry,not in MULTI_GOV_HOSTS -- single-tenant vendor host,,,,,,,
tier3_auto_transcription_queue.txt,https://www.utah.gov/pmn/sitemap/notice/1100133.html,www.utah.gov,www.utah.gov,registry,not in MULTI_GOV_HOSTS -- single-tenant vendor host,,,,,,,
tier3_auto_transcription_queue.txt,https://www.utah.gov/pmn/sitemap/notice/1103123.html,www.utah.gov,www.utah.gov,registry,not in MULTI_GOV_HOSTS -- single-tenant vendor host,,,,,,,
tier3_auto_transcription_queue.txt,https://www.utah.gov/pmn/sitemap/notice/1040287.html,www.utah.gov,www.utah.gov,registry,not in MULTI_GOV_HOSTS -- single-tenant vendor host,,,,,,,
tier3_auto_transcription_queue.txt,https://www.utah.gov/pmn/sitemap/notice/1105545.html,www.utah.gov,www.utah.gov,registry,not in MULTI_GOV_HOSTS -- single-tenant vendor host,,,,,,,
tier3_auto_transcription_queue.txt,https://www.utah.gov/pmn/sitemap/notice/1101221.html,www.utah.gov,www.utah.gov,registry,not in MULTI_GOV_HOSTS -- single-tenant vendor host,,,,,,,
tier3_auto_transcription_queue.txt,https://www.utah.gov/pmn/sitemap/notice/1104443.html,www.utah.gov,www.utah.gov,registry,not in MULTI_GOV_HOSTS -- single-tenant vendor host,,,,,,,
tier3_auto_transcription_queue.txt,https://www.utah.gov/pmn/sitemap/notice/1101241.html,www.utah.gov,www.utah.gov,registry,not in MULTI_GOV_HOSTS -- single-tenant vendor host,,,,,,,
tier3_auto_transcription_queue.txt,https://www.utah.gov/pmn/sitemap/notice/1104447.html,www.utah.gov,www.utah.gov,registry,not in MULTI_GOV_HOSTS -- single-tenant vendor host,,,,,,,
tier3_auto_transcription_queue.txt,https://www.utah.gov/pmn/sitemap/notice/1099673.html,www.utah.gov,www.utah.gov,registry,not in MULTI_GOV_HOSTS -- single-tenant vendor host,,,,,,,
tier3_auto_transcription_queue.txt,https://www.utah.gov/pmn/sitemap/notice/1101979.html,www.utah.gov,www.utah.gov,registry,not in MULTI_GOV_HOSTS -- single-tenant vendor host,,,,,,,
tier3_auto_transcription_queue.txt,https://www.utah.gov/pmn/sitemap/notice/1102921.html,www.utah.gov,www.utah.gov,registry,not in MULTI_GOV_HOSTS -- single-tenant vendor host,,,,,,,
tier3_auto_transcription_queue.txt,https://www.utah.gov/pmn/sitemap/notice/1101423.html,www.utah.gov,www.utah.gov,registry,not in MULTI_GOV_HOSTS -- single-tenant vendor host,,,,,,,
tier3_auto_transcription_queue.txt,https://www.utah.gov/pmn/sitemap/notice/1103995.html,www.utah.gov,www.utah.gov,registry,not in MULTI_GOV_HOSTS -- single-tenant vendor host,,,,,,,
tier3_auto_transcription_queue.txt,https://www.utah.gov/pmn/sitemap/notice/1101239.html,www.utah.gov,www.utah.gov,registry,not in MULTI_GOV_HOSTS -- single-tenant vendor host,,,,,,,
tier3_auto_transcription_queue.txt,https://www.utah.gov/pmn/sitemap/notice/1099951.html,www.utah.gov,www.utah.gov,registry,not in MULTI_GOV_HOSTS -- single-tenant vendor host,,,,,,,
tier3_auto_transcription_queue.txt,https://www.utah.gov/pmn/sitemap/notice/1102369.html,www.utah.gov,www.utah.gov,registry,not in MULTI_GOV_HOSTS -- single-tenant vendor host,,,,,,,
tier3_auto_transcription_queue.txt,https://www.utah.gov/pmn/sitemap/notice/1102981.html,www.utah.gov,www.utah.gov,registry,not in MULTI_GOV_HOSTS -- single-tenant vendor host,,,,,,,
tier3_auto_transcription_queue.txt,https://www.utah.gov/pmn/sitemap/notice/1099875.html,www.utah.gov,www.utah.gov,registry,not in MULTI_GOV_HOSTS -- single-tenant vendor host,,,,,,,
tier3_auto_transcription_queue.txt,https://www.utah.gov/pmn/sitemap/notice/1101543.html,www.utah.gov,www.utah.gov,registry,not in MULTI_GOV_HOSTS -- single-tenant vendor host,,,,,,,
tier3_auto_transcription_queue.txt,https://www.utah.gov/pmn/sitemap/notice/1101493.html,www.utah.gov,www.utah.gov,registry,not in MULTI_GOV_HOSTS -- single-tenant vendor host,,,,,,,
tier3_auto_transcription_queue.txt,https://www.utah.gov/pmn/sitemap/notice/1103965.html,www.utah.gov,www.utah.gov,registry,not in MULTI_GOV_HOSTS -- single-tenant vendor host,,,,,,,
tier3_auto_transcription_queue.txt,https://www.utah.gov/pmn/sitemap/notice/1100599.html,www.utah.gov,www.utah.gov,registry,not in MULTI_GOV_HOSTS -- single-tenant vendor host,,,,,,,
tier3_auto_transcription_queue.txt,https://www.utah.gov/pmn/sitemap/notice/1100951.html,www.utah.gov,www.utah.gov,registry,not in MULTI_GOV_HOSTS -- single-tenant vendor host,,,,,,,
tier3_auto_transcription_queue.txt,https://www.utah.gov/pmn/sitemap/notice/1067141.html,www.utah.gov,www.utah.gov,registry,not in MULTI_GOV_HOSTS -- single-tenant vendor host,,,,,,,
tier3_auto_transcription_queue.txt,https://www.utah.gov/pmn/sitemap/notice/1100881.html,www.utah.gov,www.utah.gov,registry,not in MULTI_GOV_HOSTS -- single-tenant vendor host,,,,,,,
tier3_auto_transcription_queue.txt,https://www.utah.gov/pmn/sitemap/notice/1079359.html,www.utah.gov,www.utah.gov,registry,not in MULTI_GOV_HOSTS -- single-tenant vendor host,,,,,,,
tier3_auto_transcription_queue.txt,https://www.utah.gov/pmn/sitemap/notice/1105417.html,www.utah.gov,www.utah.gov,registry,not in MULTI_GOV_HOSTS -- single-tenant vendor host,,,,,,,
tier3_auto_transcription_queue.txt,https://www.utah.gov/pmn/sitemap/notice/1101821.html,www.utah.gov,www.utah.gov,registry,not in MULTI_GOV_HOSTS -- single-tenant vendor host,,,,,,,
tier3_auto_transcription_queue.txt,https://www.utah.gov/pmn/sitemap/notice/1101001.html,www.utah.gov,www.utah.gov,registry,not in MULTI_GOV_HOSTS -- single-tenant vendor host,,,,,,,
tier3_auto_transcription_queue.txt,https://www.utah.gov/pmn/sitemap/notice/1102907.html,www.utah.gov,www.utah.gov,registry,not in MULTI_GOV_HOSTS -- single-tenant vendor host,,,,,,,
tier3_auto_transcription_queue.txt,https://www.utah.gov/pmn/sitemap/notice/1101755.html,www.utah.gov,www.utah.gov,registry,not in MULTI_GOV_HOSTS -- single-tenant vendor host,,,,,,,
tier3_auto_transcription_queue.txt,https://www.utah.gov/pmn/sitemap/notice/1102479.html,www.utah.gov,www.utah.gov,registry,not in MULTI_GOV_HOSTS -- single-tenant vendor host,,,,,,,
tier3_auto_transcription_queue.txt,https://www.utah.gov/pmn/sitemap/notice/1101705.html,www.utah.gov,www.utah.gov,registry,not in MULTI_GOV_HOSTS -- single-tenant vendor host,,,,,,,
tier3_auto_transcription_queue.txt,https://www.utah.gov/pmn/sitemap/notice/1099365.html,www.utah.gov,www.utah.gov,registry,not in MULTI_GOV_HOSTS -- single-tenant vendor host,,,,,,,
tier3_auto_transcription_queue.txt,https://www.utah.gov/pmn/sitemap/notice/745527.html,www.utah.gov,www.utah.gov,registry,not in MULTI_GOV_HOSTS -- single-tenant vendor host,,,,,,,
tier3_auto_transcription_queue.txt,https://www.utah.gov/pmn/sitemap/notice/1101081.html,www.utah.gov,www.utah.gov,registry,not in MULTI_GOV_HOSTS -- single-tenant vendor host,,,,,,,
tier3_auto_transcription_queue.txt,https://www.utah.gov/pmn/sitemap/notice/1100589.html,www.utah.gov,www.utah.gov,registry,not in MULTI_GOV_HOSTS -- single-tenant vendor host,,,,,,,
tier3_auto_transcription_queue.txt,https://www.utah.gov/pmn/sitemap/notice/1102535.html,www.utah.gov,www.utah.gov,registry,not in MULTI_GOV_HOSTS -- single-tenant vendor host,,,,,,,
tier3_auto_transcription_queue.txt,https://www.utah.gov/pmn/sitemap/notice/1102715.html,www.utah.gov,www.utah.gov,registry,not in MULTI_GOV_HOSTS -- single-tenant vendor host,,,,,,,
tier3_auto_transcription_queue.txt,https://www.utah.gov/pmn/sitemap/notice/1105151.html,www.utah.gov,www.utah.gov,registry,not in MULTI_GOV_HOSTS -- single-tenant vendor host,,,,,,,
tier3_auto_transcription_queue.txt,https://www.utah.gov/pmn/sitemap/notice/1101661.html,www.utah.gov,www.utah.gov,registry,not in MULTI_GOV_HOSTS -- single-tenant vendor host,,,,,,,
tier3_auto_transcription_queue.txt,https://www.utah.gov/pmn/sitemap/notice/1032941.html,www.utah.gov,www.utah.gov,registry,not in MULTI_GOV_HOSTS -- single-tenant vendor host,,,,,,,
tier3_auto_transcription_queue.txt,https://www.utah.gov/pmn/sitemap/notice/1102643.html,www.utah.gov,www.utah.gov,registry,not in MULTI_GOV_HOSTS -- single-tenant vendor host,,,,,,,
tier3_auto_transcription_queue.txt,https://www.utah.gov/pmn/sitemap/notice/1100905.html,www.utah.gov,www.utah.gov,registry,not in MULTI_GOV_HOSTS -- single-tenant vendor host,,,,,,,
tier3_auto_transcription_queue.txt,https://www.utah.gov/pmn/sitemap/notice/1100547.html,www.utah.gov,www.utah.gov,registry,not in MULTI_GOV_HOSTS -- single-tenant vendor host,,,,,,,
tier3_auto_transcription_queue.txt,https://www.utah.gov/pmn/sitemap/notice/1102597.html,www.utah.gov,www.utah.gov,registry,not in MULTI_GOV_HOSTS -- single-tenant vendor host,,,,,,,
tier3_auto_transcription_queue.txt,https://www.utah.gov/pmn/sitemap/notice/1100540.html,www.utah.gov,www.utah.gov,registry,not in MULTI_GOV_HOSTS -- single-tenant vendor host,,,,,,,
tier3_auto_transcription_queue.txt,https://www.utah.gov/pmn/sitemap/notice/1103967.html,www.utah.gov,www.utah.gov,registry,not in MULTI_GOV_HOSTS -- single-tenant vendor host,,,,,,,
tier3_auto_transcription_queue.txt,https://www.utah.gov/pmn/sitemap/notice/1101781.html,www.utah.gov,www.utah.gov,registry,not in MULTI_GOV_HOSTS -- single-tenant vendor host,,,,,,,
tier3_auto_transcription_queue.txt,https://www.utah.gov/pmn/sitemap/notice/1098613.html,www.utah.gov,www.utah.gov,registry,not in MULTI_GOV_HOSTS -- single-tenant vendor host,,,,,,,
tier3_auto_transcription_queue.txt,https://www.utah.gov/pmn/sitemap/notice/1098157.html,www.utah.gov,www.utah.gov,registry,not in MULTI_GOV_HOSTS -- single-tenant vendor host,,,,,,,
tier3_auto_transcription_queue.txt,https://www.utah.gov/pmn/sitemap/notice/1101213.html,www.utah.gov,www.utah.gov,registry,not in MULTI_GOV_HOSTS -- single-tenant vendor host,,,,,,,
tier3_auto_transcription_queue.txt,https://www.utah.gov/pmn/sitemap/notice/1101563.html,www.utah.gov,www.utah.gov,registry,not in MULTI_GOV_HOSTS -- single-tenant vendor host,,,,,,,
tier3_auto_transcription_queue.txt,https://www.utah.gov/pmn/sitemap/notice/1100424.html,www.utah.gov,www.utah.gov,registry,not in MULTI_GOV_HOSTS -- single-tenant vendor host,,,,,,,
tier3_auto_transcription_queue.txt,https://www.utah.gov/pmn/sitemap/notice/1101619.html,www.utah.gov,www.utah.gov,registry,not in MULTI_GOV_HOSTS -- single-tenant vendor host,,,,,,,
tier3_auto_transcription_queue.txt,https://www.utah.gov/pmn/sitemap/notice/1101647.html,www.utah.gov,www.utah.gov,registry,not in MULTI_GOV_HOSTS -- single-tenant vendor host,,,,,,,
tier3_auto_transcription_queue.txt,https://www.utah.gov/pmn/sitemap/notice/1102735.html,www.utah.gov,www.utah.gov,registry,not in MULTI_GOV_HOSTS -- single-tenant vendor host,,,,,,,
tier3_auto_transcription_queue.txt,https://www.utah.gov/pmn/sitemap/notice/1102739.html,www.utah.gov,www.utah.gov,registry,not in MULTI_GOV_HOSTS -- single-tenant vendor host,,,,,,,
tier3_auto_transcription_queue.txt,https://www.utah.gov/pmn/sitemap/notice/1102743.html,www.utah.gov,www.utah.gov,registry,not in MULTI_GOV_HOSTS -- single-tenant vendor host,,,,,,,
tier3_auto_transcription_queue.txt,https://www.utah.gov/pmn/sitemap/notice/1102745.html,www.utah.gov,www.utah.gov,registry,not in MULTI_GOV_HOSTS -- single-tenant vendor host,,,,,,,
tier3_auto_transcription_queue.txt,https://www.utah.gov/pmn/sitemap/notice/1102747.html,www.utah.gov,www.utah.gov,registry,not in MULTI_GOV_HOSTS -- single-tenant vendor host,,,,,,,
tier3_auto_transcription_queue.txt,https://www.utah.gov/pmn/sitemap/notice/1102749.html,www.utah.gov,www.utah.gov,registry,not in MULTI_GOV_HOSTS -- single-tenant vendor host,,,,,,,
tier3_auto_transcription_queue.txt,https://www.utah.gov/pmn/sitemap/notice/1102753.html,www.utah.gov,www.utah.gov,registry,not in MULTI_GOV_HOSTS -- single-tenant vendor host,,,,,,,
tier3_auto_transcription_queue.txt,https://www.utah.gov/pmn/sitemap/notice/1102755.html,www.utah.gov,www.utah.gov,registry,not in MULTI_GOV_HOSTS -- single-tenant vendor host,,,,,,,
tier3_auto_transcription_queue.txt,https://www.utah.gov/pmn/sitemap/notice/1102757.html,www.utah.gov,www.utah.gov,registry,not in MULTI_GOV_HOSTS -- single-tenant vendor host,,,,,,,
tier3_auto_transcription_queue.txt,https://www.utah.gov/pmn/sitemap/notice/1100721.html,www.utah.gov,www.utah.gov,registry,not in MULTI_GOV_HOSTS -- single-tenant vendor host,,,,,,,
tier3_auto_transcription_queue.txt,https://www.utah.gov/pmn/sitemap/notice/1100218.html,www.utah.gov,www.utah.gov,registry,not in MULTI_GOV_HOSTS -- single-tenant vendor host,,,,,,,
tier3_auto_transcription_queue.txt,https://www.utah.gov/pmn/sitemap/notice/1100220.html,www.utah.gov,www.utah.gov,registry,not in MULTI_GOV_HOSTS -- single-tenant vendor host,,,,,,,
tier3_auto_transcription_queue.txt,https://www.utah.gov/pmn/sitemap/notice/1100222.html,www.utah.gov,www.utah.gov,registry,not in MULTI_GOV_HOSTS -- single-tenant vendor host,,,,,,,
tier3_auto_transcription_queue.txt,https://www.utah.gov/pmn/sitemap/notice/1100226.html,www.utah.gov,www.utah.gov,registry,not in MULTI_GOV_HOSTS -- single-tenant vendor host,,,,,,,
tier3_auto_transcription_queue.txt,https://www.utah.gov/pmn/sitemap/notice/1100224.html,www.utah.gov,www.utah.gov,registry,not in MULTI_GOV_HOSTS -- single-tenant vendor host,,,,,,,
tier3_auto_transcription_queue.txt,https://www.utah.gov/pmn/sitemap/notice/1101823.html,www.utah.gov,www.utah.gov,registry,not in MULTI_GOV_HOSTS -- single-tenant vendor host,,,,,,,
tier3_auto_transcription_queue.txt,https://www.utah.gov/pmn/sitemap/notice/1105433.html,www.utah.gov,www.utah.gov,registry,not in MULTI_GOV_HOSTS -- single-tenant vendor host,,,,,,,
tier3_auto_transcription_queue.txt,https://www.utah.gov/pmn/sitemap/notice/1099297.html,www.utah.gov,www.utah.gov,registry,not in MULTI_GOV_HOSTS -- single-tenant vendor host,,,,,,,
tier3_auto_transcription_queue.txt,https://www.utah.gov/pmn/sitemap/notice/1099865.html,www.utah.gov,www.utah.gov,registry,not in MULTI_GOV_HOSTS -- single-tenant vendor host,,,,,,,
tier3_auto_transcription_queue.txt,https://www.utah.gov/pmn/sitemap/notice/1102503.html,www.utah.gov,www.utah.gov,registry,not in MULTI_GOV_HOSTS -- single-tenant vendor host,,,,,,,
tier3_auto_transcription_queue.txt,https://www.utah.gov/pmn/sitemap/notice/1104125.html,www.utah.gov,www.utah.gov,registry,not in MULTI_GOV_HOSTS -- single-tenant vendor host,,,,,,,
tier3_auto_transcription_queue.txt,https://www.utah.gov/pmn/sitemap/notice/1100404.html,www.utah.gov,www.utah.gov,registry,not in MULTI_GOV_HOSTS -- single-tenant vendor host,,,,,,,
tier3_auto_transcription_queue.txt,https://www.utah.gov/pmn/sitemap/notice/1100472.html,www.utah.gov,www.utah.gov,registry,not in MULTI_GOV_HOSTS -- single-tenant vendor host,,,,,,,
tier3_auto_transcription_queue.txt,https://www.utah.gov/pmn/sitemap/notice/1102143.html,www.utah.gov,www.utah.gov,registry,not in MULTI_GOV_HOSTS -- single-tenant vendor host,,,,,,,
tier3_auto_transcription_queue.txt,https://www.utah.gov/pmn/sitemap/notice/1095477.html,www.utah.gov,www.utah.gov,registry,not in MULTI_GOV_HOSTS -- single-tenant vendor host,,,,,,,
tier3_auto_transcription_queue.txt,https://www.utah.gov/pmn/sitemap/notice/1102769.html,www.utah.gov,www.utah.gov,registry,not in MULTI_GOV_HOSTS -- single-tenant vendor host,,,,,,,
tier3_auto_transcription_queue.txt,https://www.utah.gov/pmn/sitemap/notice/1102887.html,www.utah.gov,www.utah.gov,registry,not in MULTI_GOV_HOSTS -- single-tenant vendor host,,,,,,,
tier3_auto_transcription_queue.txt,https://www.utah.gov/pmn/sitemap/notice/1100565.html,www.utah.gov,www.utah.gov,registry,not in MULTI_GOV_HOSTS -- single-tenant vendor host,,,,,,,
tier3_auto_transcription_queue.txt,https://www.utah.gov/pmn/sitemap/notice/1100595.html,www.utah.gov,www.utah.gov,registry,not in MULTI_GOV_HOSTS -- single-tenant vendor host,,,,,,,
tier3_auto_transcription_queue.txt,https://www.utah.gov/pmn/sitemap/notice/1091203.html,www.utah.gov,www.utah.gov,registry,not in MULTI_GOV_HOSTS -- single-tenant vendor host,,,,,,,
tier3_auto_transcription_queue.txt,https://www.utah.gov/pmn/sitemap/notice/1104193.html,www.utah.gov,www.utah.gov,registry,not in MULTI_GOV_HOSTS -- single-tenant vendor host,,,,,,,
tier3_auto_transcription_queue.txt,https://www.utah.gov/pmn/sitemap/notice/1103999.html,www.utah.gov,www.utah.gov,registry,not in MULTI_GOV_HOSTS -- single-tenant vendor host,,,,,,,
tier3_auto_transcription_queue.txt,https://www.utah.gov/pmn/sitemap/notice/1100957.html,www.utah.gov,www.utah.gov,registry,not in MULTI_GOV_HOSTS -- single-tenant vendor host,,,,,,,
tier3_auto_transcription_queue.txt,https://www.utah.gov/pmn/sitemap/notice/1104113.html,www.utah.gov,www.utah.gov,registry,not in MULTI_GOV_HOSTS -- single-tenant vendor host,,,,,,,
tier3_auto_transcription_queue.txt,https://www.utah.gov/pmn/sitemap/notice/1104829.html,www.utah.gov,www.utah.gov,registry,not in MULTI_GOV_HOSTS -- single-tenant vendor host,,,,,,,
tier3_auto_transcription_queue.txt,https://www.utah.gov/pmn/sitemap/notice/1100561.html,www.utah.gov,www.utah.gov,registry,not in MULTI_GOV_HOSTS -- single-tenant vendor host,,,,,,,
tier3_auto_transcription_queue.txt,https://www.utah.gov/pmn/sitemap/notice/1102515.html,www.utah.gov,www.utah.gov,registry,not in MULTI_GOV_HOSTS -- single-tenant vendor host,,,,,,,
tier3_auto_transcription_queue.txt,https://www.utah.gov/pmn/sitemap/notice/1101281.html,www.utah.gov,www.utah.gov,registry,not in MULTI_GOV_HOSTS -- single-tenant vendor host,,,,,,,
tier3_auto_transcription_queue.txt,https://www.utah.gov/pmn/sitemap/notice/1103051.html,www.utah.gov,www.utah.gov,registry,not in MULTI_GOV_HOSTS -- single-tenant vendor host,,,,,,,
tier3_auto_transcription_queue.txt,https://www.utah.gov/pmn/sitemap/notice/1102663.html,www.utah.gov,www.utah.gov,registry,not in MULTI_GOV_HOSTS -- single-tenant vendor host,,,,,,,
tier3_auto_transcription_queue.txt,https://www.utah.gov/pmn/sitemap/notice/1103395.html,www.utah.gov,www.utah.gov,registry,not in MULTI_GOV_HOSTS -- single-tenant vendor host,,,,,,,
tier3_auto_transcription_queue.txt,https://www.utah.gov/pmn/sitemap/notice/1097095.html,www.utah.gov,www.utah.gov,registry,not in MULTI_GOV_HOSTS -- single-tenant vendor host,,,,,,,
tier3_auto_transcription_queue.txt,https://www.utah.gov/pmn/sitemap/notice/1102033.html,www.utah.gov,www.utah.gov,registry,not in MULTI_GOV_HOSTS -- single-tenant vendor host,,,,,,,
tier3_auto_transcription_queue.txt,https://www.utah.gov/pmn/sitemap/notice/1102367.html,www.utah.gov,www.utah.gov,registry,not in MULTI_GOV_HOSTS -- single-tenant vendor host,,,,,,,
tier3_auto_transcription_queue.txt,https://www.utah.gov/pmn/sitemap/notice/1103691.html,www.utah.gov,www.utah.gov,registry,not in MULTI_GOV_HOSTS -- single-tenant vendor host,,,,,,,
tier3_auto_transcription_queue.txt,https://www.utah.gov/pmn/sitemap/notice/1102323.html,www.utah.gov,www.utah.gov,registry,not in MULTI_GOV_HOSTS -- single-tenant vendor host,,,,,,,
tier3_auto_transcription_queue.txt,https://www.utah.gov/pmn/sitemap/notice/1101905.html,www.utah.gov,www.utah.gov,registry,not in MULTI_GOV_HOSTS -- single-tenant vendor host,,,,,,,
tier3_auto_transcription_queue.txt,https://www.utah.gov/pmn/sitemap/notice/1101373.html,www.utah.gov,www.utah.gov,registry,not in MULTI_GOV_HOSTS -- single-tenant vendor host,,,,,,,
tier3_auto_transcription_queue.txt,https://www.utah.gov/pmn/sitemap/notice/1102259.html,www.utah.gov,www.utah.gov,registry,not in MULTI_GOV_HOSTS -- single-tenant vendor host,,,,,,,
tier3_auto_transcription_queue.txt,https://www.utah.gov/pmn/sitemap/notice/1100514.html,www.utah.gov,www.utah.gov,registry,not in MULTI_GOV_HOSTS -- single-tenant vendor host,,,,,,,
tier3_auto_transcription_queue.txt,https://www.utah.gov/pmn/sitemap/notice/1101147.html,www.utah.gov,www.utah.gov,registry,not in MULTI_GOV_HOSTS -- single-tenant vendor host,,,,,,,
tier3_auto_transcription_queue.txt,https://www.utah.gov/pmn/sitemap/notice/1102261.html,www.utah.gov,www.utah.gov,registry,not in MULTI_GOV_HOSTS -- single-tenant vendor host,,,,,,,
tier3_auto_transcription_queue.txt,https://www.utah.gov/pmn/sitemap/notice/1104069.html,www.utah.gov,www.utah.gov,registry,not in MULTI_GOV_HOSTS -- single-tenant vendor host,,,,,,,
tier3_auto_transcription_queue.txt,https://www.utah.gov/pmn/sitemap/notice/1080241.html,www.utah.gov,www.utah.gov,registry,not in MULTI_GOV_HOSTS -- single-tenant vendor host,,,,,,,
tier3_auto_transcription_queue.txt,https://www.utah.gov/pmn/sitemap/notice/1104527.html,www.utah.gov,www.utah.gov,registry,not in MULTI_GOV_HOSTS -- single-tenant vendor host,,,,,,,
tier3_auto_transcription_queue.txt,https://www.utah.gov/pmn/sitemap/notice/1099089.html,www.utah.gov,www.utah.gov,registry,not in MULTI_GOV_HOSTS -- single-tenant vendor host,,,,,,,
tier3_auto_transcription_queue.txt,https://www.utah.gov/pmn/sitemap/notice/1103135.html,www.utah.gov,www.utah.gov,registry,not in MULTI_GOV_HOSTS -- single-tenant vendor host,,,,,,,
tier3_auto_transcription_queue.txt,https://www.utah.gov/pmn/sitemap/notice/1087999.html,www.utah.gov,www.utah.gov,registry,not in MULTI_GOV_HOSTS -- single-tenant vendor host,,,,,,,
tier3_auto_transcription_queue.txt,https://www.utah.gov/pmn/sitemap/notice/1102133.html,www.utah.gov,www.utah.gov,registry,not in MULTI_GOV_HOSTS -- single-tenant vendor host,,,,,,,
tier3_auto_transcription_queue.txt,https://www.utah.gov/pmn/sitemap/notice/1103789.html,www.utah.gov,www.utah.gov,registry,not in MULTI_GOV_HOSTS -- single-tenant vendor host,,,,,,,
tier3_auto_transcription_queue.txt,https://www.utah.gov/pmn/sitemap/notice/1104459.html,www.utah.gov,www.utah.gov,registry,not in MULTI_GOV_HOSTS -- single-tenant vendor host,,,,,,,
tier3_auto_transcription_queue.txt,https://www.utah.gov/pmn/sitemap/notice/1104071.html,www.utah.gov,www.utah.gov,registry,not in MULTI_GOV_HOSTS -- single-tenant vendor host,,,,,,,
tier3_auto_transcription_queue.txt,https://www.utah.gov/pmn/sitemap/notice/1104025.html,www.utah.gov,www.utah.gov,registry,not in MULTI_GOV_HOSTS -- single-tenant vendor host,,,,,,,
tier3_auto_transcription_queue.txt,https://www.utah.gov/pmn/sitemap/notice/1099391.html,www.utah.gov,www.utah.gov,registry,not in MULTI_GOV_HOSTS -- single-tenant vendor host,,,,,,,
tier3_auto_transcription_queue.txt,https://www.utah.gov/pmn/sitemap/notice/1104027.html,www.utah.gov,www.utah.gov,registry,not in MULTI_GOV_HOSTS -- single-tenant vendor host,,,,,,,
tier3_auto_transcription_queue.txt,https://www.utah.gov/pmn/sitemap/notice/1105449.html,www.utah.gov,www.utah.gov,registry,not in MULTI_GOV_HOSTS -- single-tenant vendor host,,,,,,,
tier3_auto_transcription_queue.txt,https://www.utah.gov/pmn/sitemap/notice/1104307.html,www.utah.gov,www.utah.gov,registry,not in MULTI_GOV_HOSTS -- single-tenant vendor host,,,,,,,
tier3_auto_transcription_queue.txt,https://www.utah.gov/pmn/sitemap/notice/1105419.html,www.utah.gov,www.utah.gov,registry,not in MULTI_GOV_HOSTS -- single-tenant vendor host,,,,,,,
tier3_auto_transcription_queue.txt,https://www.utah.gov/pmn/sitemap/notice/1100695.html,www.utah.gov,www.utah.gov,registry,not in MULTI_GOV_HOSTS -- single-tenant vendor host,,,,,,,
tier3_auto_transcription_queue.txt,https://www.utah.gov/pmn/sitemap/notice/1100703.html,www.utah.gov,www.utah.gov,registry,not in MULTI_GOV_HOSTS -- single-tenant vendor host,,,,,,,
tier3_auto_transcription_queue.txt,https://www.utah.gov/pmn/sitemap/notice/1105809.html,www.utah.gov,www.utah.gov,registry,not in MULTI_GOV_HOSTS -- single-tenant vendor host,,,,,,,
tier3_auto_transcription_queue.txt,https://www.utah.gov/pmn/sitemap/notice/1103003.html,www.utah.gov,www.utah.gov,registry,not in MULTI_GOV_HOSTS -- single-tenant vendor host,,,,,,,
tier3_auto_transcription_queue.txt,https://www.utah.gov/pmn/sitemap/notice/1098657.html,www.utah.gov,www.utah.gov,registry,not in MULTI_GOV_HOSTS -- single-tenant vendor host,,,,,,,
tier3_auto_transcription_queue.txt,https://www.utah.gov/pmn/sitemap/notice/1102135.html,www.utah.gov,www.utah.gov,registry,not in MULTI_GOV_HOSTS -- single-tenant vendor host,,,,,,,
tier3_auto_transcription_queue.txt,https://www.utah.gov/pmn/sitemap/notice/1101349.html,www.utah.gov,www.utah.gov,registry,not in MULTI_GOV_HOSTS -- single-tenant vendor host,,,,,,,
tier3_auto_transcription_queue.txt,https://www.utah.gov/pmn/sitemap/notice/1054875.html,www.utah.gov,www.utah.gov,registry,not in MULTI_GOV_HOSTS -- single-tenant vendor host,,,,,,,
tier3_auto_transcription_queue.txt,https://www.utah.gov/pmn/sitemap/notice/1091879.html,www.utah.gov,www.utah.gov,registry,not in MULTI_GOV_HOSTS -- single-tenant vendor host,,,,,,,
tier3_auto_transcription_queue.txt,https://www.utah.gov/pmn/sitemap/notice/1094281.html,www.utah.gov,www.utah.gov,registry,not in MULTI_GOV_HOSTS -- single-tenant vendor host,,,,,,,
tier3_auto_transcription_queue.txt,https://www.utah.gov/pmn/sitemap/notice/1102767.html,www.utah.gov,www.utah.gov,registry,not in MULTI_GOV_HOSTS -- single-tenant vendor host,,,,,,,
tier3_auto_transcription_queue.txt,https://www.utah.gov/pmn/sitemap/notice/1100623.html,www.utah.gov,www.utah.gov,registry,not in MULTI_GOV_HOSTS -- single-tenant vendor host,,,,,,,
tier3_auto_transcription_queue.txt,https://www.utah.gov/pmn/sitemap/notice/1080031.html,www.utah.gov,www.utah.gov,registry,not in MULTI_GOV_HOSTS -- single-tenant vendor host,,,,,,,
tier3_auto_transcription_queue.txt,https://www.utah.gov/pmn/sitemap/notice/1099115.html,www.utah.gov,www.utah.gov,registry,not in MULTI_GOV_HOSTS -- single-tenant vendor host,,,,,,,
tier3_auto_transcription_queue.txt,https://www.utah.gov/pmn/sitemap/notice/1100857.html,www.utah.gov,www.utah.gov,registry,not in MULTI_GOV_HOSTS -- single-tenant vendor host,,,,,,,
tier3_auto_transcription_queue.txt,https://www.utah.gov/pmn/sitemap/notice/1094019.html,www.utah.gov,www.utah.gov,registry,not in MULTI_GOV_HOSTS -- single-tenant vendor host,,,,,,,
tier3_auto_transcription_queue.txt,https://www.utah.gov/pmn/sitemap/notice/1104837.html,www.utah.gov,www.utah.gov,registry,not in MULTI_GOV_HOSTS -- single-tenant vendor host,,,,,,,
tier3_auto_transcription_queue.txt,https://www.utah.gov/pmn/sitemap/notice/1107025.html,www.utah.gov,www.utah.gov,registry,not in MULTI_GOV_HOSTS -- single-tenant vendor host,,,,,,,
tier3_auto_transcription_queue.txt,https://www.utah.gov/pmn/sitemap/notice/1052565.html,www.utah.gov,www.utah.gov,registry,not in MULTI_GOV_HOSTS -- single-tenant vendor host,,,,,,,
tier3_auto_transcription_queue.txt,https://www.utah.gov/pmn/sitemap/notice/1100819.html,www.utah.gov,www.utah.gov,registry,not in MULTI_GOV_HOSTS -- single-tenant vendor host,,,,,,,
tier3_auto_transcription_queue.txt,https://www.utah.gov/pmn/sitemap/notice/1099949.html,www.utah.gov,www.utah.gov,registry,not in MULTI_GOV_HOSTS -- single-tenant vendor host,,,,,,,
tier3_auto_transcription_queue.txt,https://www.utah.gov/pmn/sitemap/notice/1077939.html,www.utah.gov,www.utah.gov,registry,not in MULTI_GOV_HOSTS -- single-tenant vendor host,,,,,,,
tier3_auto_transcription_queue.txt,https://www.utah.gov/pmn/sitemap/notice/1085359.html,www.utah.gov,www.utah.gov,registry,not in MULTI_GOV_HOSTS -- single-tenant vendor host,,,,,,,
tier3_auto_transcription_queue.txt,https://www.utah.gov/pmn/sitemap/notice/1071205.html,www.utah.gov,www.utah.gov,registry,not in MULTI_GOV_HOSTS -- single-tenant vendor host,,,,,,,
tier3_auto_transcription_queue.txt,https://www.utah.gov/pmn/sitemap/notice/1065363.html,www.utah.gov,www.utah.gov,registry,not in MULTI_GOV_HOSTS -- single-tenant vendor host,,,,,,,
tier3_auto_transcription_queue.txt,https://www.utah.gov/pmn/sitemap/notice/1025621.html,www.utah.gov,www.utah.gov,registry,not in MULTI_GOV_HOSTS -- single-tenant vendor host,,,,,,,
tier3_auto_transcription_queue.txt,https://www.utah.gov/pmn/sitemap/notice/1064461.html,www.utah.gov,www.utah.gov,registry,not in MULTI_GOV_HOSTS -- single-tenant vendor host,,,,,,,
tier3_auto_transcription_queue.txt,https://www.utah.gov/pmn/sitemap/notice/1069763.html,www.utah.gov,www.utah.gov,registry,not in MULTI_GOV_HOSTS -- single-tenant vendor host,,,,,,,
tier3_auto_transcription_queue.txt,https://www.utah.gov/pmn/sitemap/notice/1075071.html,www.utah.gov,www.utah.gov,registry,not in MULTI_GOV_HOSTS -- single-tenant vendor host,,,,,,,
tier3_auto_transcription_queue.txt,https://www.utah.gov/pmn/sitemap/notice/1066108.html,www.utah.gov,www.utah.gov,registry,not in MULTI_GOV_HOSTS -- single-tenant vendor host,,,,,,,
tier3_auto_transcription_queue.txt,https://www.utah.gov/pmn/sitemap/notice/1073707.html,www.utah.gov,www.utah.gov,registry,not in MULTI_GOV_HOSTS -- single-tenant vendor host,,,,,,,
tier3_auto_transcription_queue.txt,https://www.utah.gov/pmn/sitemap/notice/1085325.html,www.utah.gov,www.utah.gov,registry,not in MULTI_GOV_HOSTS -- single-tenant vendor host,,,,,,,
tier3_auto_transcription_queue.txt,https://www.utah.gov/pmn/sitemap/notice/1065731.html,www.utah.gov,www.utah.gov,registry,not in MULTI_GOV_HOSTS -- single-tenant vendor host,,,,,,,
tier3_auto_transcription_queue.txt,https://www.utah.gov/pmn/sitemap/notice/1078997.html,www.utah.gov,www.utah.gov,registry,not in MULTI_GOV_HOSTS -- single-tenant vendor host,,,,,,,
tier3_auto_transcription_queue.txt,https://www.utah.gov/pmn/sitemap/notice/1092271.html,www.utah.gov,www.utah.gov,registry,not in MULTI_GOV_HOSTS -- single-tenant vendor host,,,,,,,
tier3_auto_transcription_queue.txt,https://www.utah.gov/pmn/sitemap/notice/1054853.html,www.utah.gov,www.utah.gov,registry,not in MULTI_GOV_HOSTS -- single-tenant vendor host,,,,,,,
tier3_auto_transcription_queue.txt,https://www.utah.gov/pmn/sitemap/notice/1073529.html,www.utah.gov,www.utah.gov,registry,not in MULTI_GOV_HOSTS -- single-tenant vendor host,,,,,,,
tier3_auto_transcription_queue.txt,https://www.utah.gov/pmn/sitemap/notice/1067625.html,www.utah.gov,www.utah.gov,registry,not in MULTI_GOV_HOSTS -- single-tenant vendor host,,,,,,,
tier3_auto_transcription_queue.txt,https://www.utah.gov/pmn/sitemap/notice/1064867.html,www.utah.gov,www.utah.gov,registry,not in MULTI_GOV_HOSTS -- single-tenant vendor host,,,,,,,
tier3_auto_transcription_queue.txt,https://www.utah.gov/pmn/sitemap/notice/1082545.html,www.utah.gov,www.utah.gov,registry,not in MULTI_GOV_HOSTS -- single-tenant vendor host,,,,,,,
tier3_auto_transcription_queue.txt,https://www.utah.gov/pmn/sitemap/notice/1082041.html,www.utah.gov,www.utah.gov,registry,not in MULTI_GOV_HOSTS -- single-tenant vendor host,,,,,,,
tier3_auto_transcription_queue.txt,https://www.utah.gov/pmn/sitemap/notice/1066373.html,www.utah.gov,www.utah.gov,registry,not in MULTI_GOV_HOSTS -- single-tenant vendor host,,,,,,,
tier3_auto_transcription_queue.txt,https://www.utah.gov/pmn/sitemap/notice/1086577.html,www.utah.gov,www.utah.gov,registry,not in MULTI_GOV_HOSTS -- single-tenant vendor host,,,,,,,
tier3_auto_transcription_queue.txt,https://www.utah.gov/pmn/sitemap/notice/1096137.html,www.utah.gov,www.utah.gov,registry,not in MULTI_GOV_HOSTS -- single-tenant vendor host,,,,,,,
tier3_auto_transcription_queue.txt,https://www.utah.gov/pmn/sitemap/notice/1069761.html,www.utah.gov,www.utah.gov,registry,not in MULTI_GOV_HOSTS -- single-tenant vendor host,,,,,,,
tier3_auto_transcription_queue.txt,https://www.utah.gov/pmn/sitemap/notice/1065417.html,www.utah.gov,www.utah.gov,registry,not in MULTI_GOV_HOSTS -- single-tenant vendor host,,,,,,,
tier3_auto_transcription_queue.txt,https://www.utah.gov/pmn/sitemap/notice/1065601.html,www.utah.gov,www.utah.gov,registry,not in MULTI_GOV_HOSTS -- single-tenant vendor host,,,,,,,
tier3_auto_transcription_queue.txt,https://www.utah.gov/pmn/sitemap/notice/1091831.html,www.utah.gov,www.utah.gov,registry,not in MULTI_GOV_HOSTS -- single-tenant vendor host,,,,,,,
tier3_auto_transcription_queue.txt,https://www.utah.gov/pmn/sitemap/notice/1064401.html,www.utah.gov,www.utah.gov,registry,not in MULTI_GOV_HOSTS -- single-tenant vendor host,,,,,,,
tier3_auto_transcription_queue.txt,https://www.utah.gov/pmn/sitemap/notice/1078131.html,www.utah.gov,www.utah.gov,registry,not in MULTI_GOV_HOSTS -- single-tenant vendor host,,,,,,,
tier3_auto_transcription_queue.txt,https://www.utah.gov/pmn/sitemap/notice/1075397.html,www.utah.gov,www.utah.gov,registry,not in MULTI_GOV_HOSTS -- single-tenant vendor host,,,,,,,
tier3_auto_transcription_queue.txt,https://www.utah.gov/pmn/sitemap/notice/1074923.html,www.utah.gov,www.utah.gov,registry,not in MULTI_GOV_HOSTS -- single-tenant vendor host,,,,,,,
tier3_auto_transcription_queue.txt,https://www.utah.gov/pmn/sitemap/notice/1091521.html,www.utah.gov,www.utah.gov,registry,not in MULTI_GOV_HOSTS -- single-tenant vendor host,,,,,,,
tier3_auto_transcription_queue.txt,https://www.utah.gov/pmn/sitemap/notice/1065203.html,www.utah.gov,www.utah.gov,registry,not in MULTI_GOV_HOSTS -- single-tenant vendor host,,,,,,,
tier3_auto_transcription_queue.txt,https://www.utah.gov/pmn/sitemap/notice/1071705.html,www.utah.gov,www.utah.gov,registry,not in MULTI_GOV_HOSTS -- single-tenant vendor host,,,,,,,
tier3_auto_transcription_queue.txt,https://www.utah.gov/pmn/sitemap/notice/1083815.html,www.utah.gov,www.utah.gov,registry,not in MULTI_GOV_HOSTS -- single-tenant vendor host,,,,,,,
tier3_auto_transcription_queue.txt,https://www.utah.gov/pmn/sitemap/notice/1092851.html,www.utah.gov,www.utah.gov,registry,not in MULTI_GOV_HOSTS -- single-tenant vendor host,,,,,,,
tier3_auto_transcription_queue.txt,https://www.utah.gov/pmn/sitemap/notice/1090687.html,www.utah.gov,www.utah.gov,registry,not in MULTI_GOV_HOSTS -- single-tenant vendor host,,,,,,,
tier3_auto_transcription_queue.txt,https://www.utah.gov/pmn/sitemap/notice/1082503.html,www.utah.gov,www.utah.gov,registry,not in MULTI_GOV_HOSTS -- single-tenant vendor host,,,,,,,
tier3_auto_transcription_queue.txt,https://www.utah.gov/pmn/sitemap/notice/1070835.html,www.utah.gov,www.utah.gov,registry,not in MULTI_GOV_HOSTS -- single-tenant vendor host,,,,,,,
tier3_auto_transcription_queue.txt,https://www.utah.gov/pmn/sitemap/notice/1083785.html,www.utah.gov,www.utah.gov,registry,not in MULTI_GOV_HOSTS -- single-tenant vendor host,,,,,,,
tier3_auto_transcription_queue.txt,https://www.utah.gov/pmn/sitemap/notice/1089745.html,www.utah.gov,www.utah.gov,registry,not in MULTI_GOV_HOSTS -- single-tenant vendor host,,,,,,,
tier3_auto_transcription_queue.txt,https://www.utah.gov/pmn/sitemap/notice/1067221.html,www.utah.gov,www.utah.gov,registry,not in MULTI_GOV_HOSTS -- single-tenant vendor host,,,,,,,
tier3_auto_transcription_queue.txt,https://www.utah.gov/pmn/sitemap/notice/1095685.html,www.utah.gov,www.utah.gov,registry,not in MULTI_GOV_HOSTS -- single-tenant vendor host,,,,,,,
tier3_auto_transcription_queue.txt,https://www.utah.gov/pmn/sitemap/notice/1080159.html,www.utah.gov,www.utah.gov,registry,not in MULTI_GOV_HOSTS -- single-tenant vendor host,,,,,,,
tier3_auto_transcription_queue.txt,https://www.utah.gov/pmn/sitemap/notice/1071677.html,www.utah.gov,www.utah.gov,registry,not in MULTI_GOV_HOSTS -- single-tenant vendor host,,,,,,,
tier3_auto_transcription_queue.txt,https://www.utah.gov/pmn/sitemap/notice/1080747.html,www.utah.gov,www.utah.gov,registry,not in MULTI_GOV_HOSTS -- single-tenant vendor host,,,,,,,
tier3_auto_transcription_queue.txt,https://www.utah.gov/pmn/sitemap/notice/1068201.html,www.utah.gov,www.utah.gov,registry,not in MULTI_GOV_HOSTS -- single-tenant vendor host,,,,,,,
tier3_auto_transcription_queue.txt,https://www.utah.gov/pmn/sitemap/notice/1083393.html,www.utah.gov,www.utah.gov,registry,not in MULTI_GOV_HOSTS -- single-tenant vendor host,,,,,,,
tier3_auto_transcription_queue.txt,https://www.utah.gov/pmn/sitemap/notice/1070965.html,www.utah.gov,www.utah.gov,registry,not in MULTI_GOV_HOSTS -- single-tenant vendor host,,,,,,,
tier3_auto_transcription_queue.txt,https://www.utah.gov/pmn/sitemap/notice/1066016.html,www.utah.gov,www.utah.gov,registry,not in MULTI_GOV_HOSTS -- single-tenant vendor host,,,,,,,
tier3_auto_transcription_queue.txt,https://www.utah.gov/pmn/sitemap/notice/1080457.html,www.utah.gov,www.utah.gov,registry,not in MULTI_GOV_HOSTS -- single-tenant vendor host,,,,,,,
tier3_auto_transcription_queue.txt,https://www.utah.gov/pmn/sitemap/notice/1068555.html,www.utah.gov,www.utah.gov,registry,not in MULTI_GOV_HOSTS -- single-tenant vendor host,,,,,,,
tier3_auto_transcription_queue.txt,https://www.utah.gov/pmn/sitemap/notice/1065645.html,www.utah.gov,www.utah.gov,registry,not in MULTI_GOV_HOSTS -- single-tenant vendor host,,,,,,,
tier3_auto_transcription_queue.txt,https://www.utah.gov/pmn/sitemap/notice/1066082.html,www.utah.gov,www.utah.gov,registry,not in MULTI_GOV_HOSTS -- single-tenant vendor host,,,,,,,
tier3_auto_transcription_queue.txt,https://www.utah.gov/pmn/sitemap/notice/1074183.html,www.utah.gov,www.utah.gov,registry,not in MULTI_GOV_HOSTS -- single-tenant vendor host,,,,,,,
tier3_auto_transcription_queue.txt,https://www.utah.gov/pmn/sitemap/notice/1069657.html,www.utah.gov,www.utah.gov,registry,not in MULTI_GOV_HOSTS -- single-tenant vendor host,,,,,,,
tier3_auto_transcription_queue.txt,https://www.utah.gov/pmn/sitemap/notice/1069767.html,www.utah.gov,www.utah.gov,registry,not in MULTI_GOV_HOSTS -- single-tenant vendor host,,,,,,,
tier3_auto_transcription_queue.txt,https://www.utah.gov/pmn/sitemap/notice/1074181.html,www.utah.gov,www.utah.gov,registry,not in MULTI_GOV_HOSTS -- single-tenant vendor host,,,,,,,
tier3_auto_transcription_queue.txt,https://www.utah.gov/pmn/sitemap/notice/1067107.html,www.utah.gov,www.utah.gov,registry,not in MULTI_GOV_HOSTS -- single-tenant vendor host,,,,,,,
tier3_auto_transcription_queue.txt,https://www.utah.gov/pmn/sitemap/notice/1078267.html,www.utah.gov,www.utah.gov,registry,not in MULTI_GOV_HOSTS -- single-tenant vendor host,,,,,,,
tier3_auto_transcription_queue.txt,https://www.utah.gov/pmn/sitemap/notice/1084911.html,www.utah.gov,www.utah.gov,registry,not in MULTI_GOV_HOSTS -- single-tenant vendor host,,,,,,,
tier3_auto_transcription_queue.txt,https://www.utah.gov/pmn/sitemap/notice/1065561.html,www.utah.gov,www.utah.gov,registry,not in MULTI_GOV_HOSTS -- single-tenant vendor host,,,,,,,
tier3_auto_transcription_queue.txt,https://www.utah.gov/pmn/sitemap/notice/1071305.html,www.utah.gov,www.utah.gov,registry,not in MULTI_GOV_HOSTS -- single-tenant vendor host,,,,,,,
tier3_auto_transcription_queue.txt,https://www.utah.gov/pmn/sitemap/notice/1045721.html,www.utah.gov,www.utah.gov,registry,not in MULTI_GOV_HOSTS -- single-tenant vendor host,,,,,,,
tier3_auto_transcription_queue.txt,https://www.utah.gov/pmn/sitemap/notice/1087883.html,www.utah.gov,www.utah.gov,registry,not in MULTI_GOV_HOSTS -- single-tenant vendor host,,,,,,,
tier3_auto_transcription_queue.txt,https://www.utah.gov/pmn/sitemap/notice/1073081.html,www.utah.gov,www.utah.gov,registry,not in MULTI_GOV_HOSTS -- single-tenant vendor host,,,,,,,
tier3_auto_transcription_queue.txt,https://www.utah.gov/pmn/sitemap/notice/1075727.html,www.utah.gov,www.utah.gov,registry,not in MULTI_GOV_HOSTS -- single-tenant vendor host,,,,,,,
tier3_auto_transcription_queue.txt,https://www.utah.gov/pmn/sitemap/notice/1066605.html,www.utah.gov,www.utah.gov,registry,not in MULTI_GOV_HOSTS -- single-tenant vendor host,,,,,,,
tier3_auto_transcription_queue.txt,https://www.utah.gov/pmn/sitemap/notice/1067531.html,www.utah.gov,www.utah.gov,registry,not in MULTI_GOV_HOSTS -- single-tenant vendor host,,,,,,,
tier3_auto_transcription_queue.txt,https://www.utah.gov/pmn/sitemap/notice/1065111.html,www.utah.gov,www.utah.gov,registry,not in MULTI_GOV_HOSTS -- single-tenant vendor host,,,,,,,
tier3_auto_transcription_queue.txt,https://www.utah.gov/pmn/sitemap/notice/1091333.html,www.utah.gov,www.utah.gov,registry,not in MULTI_GOV_HOSTS -- single-tenant vendor host,,,,,,,
tier3_auto_transcription_queue.txt,https://www.utah.gov/pmn/sitemap/notice/1098653.html,www.utah.gov,www.utah.gov,registry,not in MULTI_GOV_HOSTS -- single-tenant vendor host,,,,,,,
tier3_auto_transcription_queue.txt,https://www.utah.gov/pmn/sitemap/notice/1042821.html,www.utah.gov,www.utah.gov,registry,not in MULTI_GOV_HOSTS -- single-tenant vendor host,,,,,,,
tier3_auto_transcription_queue.txt,https://www.utah.gov/pmn/sitemap/notice/1080411.html,www.utah.gov,www.utah.gov,registry,not in MULTI_GOV_HOSTS -- single-tenant vendor host,,,,,,,
tier3_auto_transcription_queue.txt,https://www.utah.gov/pmn/sitemap/notice/1065331.html,www.utah.gov,www.utah.gov,registry,not in MULTI_GOV_HOSTS -- single-tenant vendor host,,,,,,,
tier3_auto_transcription_queue.txt,https://www.utah.gov/pmn/sitemap/notice/1075755.html,www.utah.gov,www.utah.gov,registry,not in MULTI_GOV_HOSTS -- single-tenant vendor host,,,,,,,
tier3_auto_transcription_queue.txt,https://www.utah.gov/pmn/sitemap/notice/1064379.html,www.utah.gov,www.utah.gov,registry,not in MULTI_GOV_HOSTS -- single-tenant vendor host,,,,,,,
tier3_auto_transcription_queue.txt,https://www.utah.gov/pmn/sitemap/notice/1067247.html,www.utah.gov,www.utah.gov,registry,not in MULTI_GOV_HOSTS -- single-tenant vendor host,,,,,,,
tier3_auto_transcription_queue.txt,https://www.utah.gov/pmn/sitemap/notice/1069813.html,www.utah.gov,www.utah.gov,registry,not in MULTI_GOV_HOSTS -- single-tenant vendor host,,,,,,,
tier3_auto_transcription_queue.txt,https://www.utah.gov/pmn/sitemap/notice/1085301.html,www.utah.gov,www.utah.gov,registry,not in MULTI_GOV_HOSTS -- single-tenant vendor host,,,,,,,
tier3_auto_transcription_queue.txt,https://www.utah.gov/pmn/sitemap/notice/1073425.html,www.utah.gov,www.utah.gov,registry,not in MULTI_GOV_HOSTS -- single-tenant vendor host,,,,,,,
tier3_auto_transcription_queue.txt,https://www.utah.gov/pmn/sitemap/notice/1064869.html,www.utah.gov,www.utah.gov,registry,not in MULTI_GOV_HOSTS -- single-tenant vendor host,,,,,,,
tier3_auto_transcription_queue.txt,https://www.utah.gov/pmn/sitemap/notice/1068801.html,www.utah.gov,www.utah.gov,registry,not in MULTI_GOV_HOSTS -- single-tenant vendor host,,,,,,,
tier3_auto_transcription_queue.txt,https://www.utah.gov/pmn/sitemap/notice/1069641.html,www.utah.gov,www.utah.gov,registry,not in MULTI_GOV_HOSTS -- single-tenant vendor host,,,,,,,
tier3_auto_transcription_queue.txt,https://www.utah.gov/pmn/sitemap/notice/1067941.html,www.utah.gov,www.utah.gov,registry,not in MULTI_GOV_HOSTS -- single-tenant vendor host,,,,,,,
tier3_auto_transcription_queue.txt,https://www.utah.gov/pmn/sitemap/notice/1049649.html,www.utah.gov,www.utah.gov,registry,not in MULTI_GOV_HOSTS -- single-tenant vendor host,,,,,,,
tier3_auto_transcription_queue.txt,https://www.utah.gov/pmn/sitemap/notice/1051617.html,www.utah.gov,www.utah.gov,registry,not in MULTI_GOV_HOSTS -- single-tenant vendor host,,,,,,,
tier3_auto_transcription_queue.txt,https://www.utah.gov/pmn/sitemap/notice/1070891.html,www.utah.gov,www.utah.gov,registry,not in MULTI_GOV_HOSTS -- single-tenant vendor host,,,,,,,
tier3_auto_transcription_queue.txt,https://www.utah.gov/pmn/sitemap/notice/1072241.html,www.utah.gov,www.utah.gov,registry,not in MULTI_GOV_HOSTS -- single-tenant vendor host,,,,,,,
tier3_auto_transcription_queue.txt,https://www.utah.gov/pmn/sitemap/notice/1089205.html,www.utah.gov,www.utah.gov,registry,not in MULTI_GOV_HOSTS -- single-tenant vendor host,,,,,,,
tier3_auto_transcription_queue.txt,https://www.utah.gov/pmn/sitemap/notice/1076891.html,www.utah.gov,www.utah.gov,registry,not in MULTI_GOV_HOSTS -- single-tenant vendor host,,,,,,,
tier3_auto_transcription_queue.txt,https://www.utah.gov/pmn/sitemap/notice/1076895.html,www.utah.gov,www.utah.gov,registry,not in MULTI_GOV_HOSTS -- single-tenant vendor host,,,,,,,
tier3_auto_transcription_queue.txt,https://www.utah.gov/pmn/sitemap/notice/1076897.html,www.utah.gov,www.utah.gov,registry,not in MULTI_GOV_HOSTS -- single-tenant vendor host,,,,,,,
tier3_auto_transcription_queue.txt,https://www.utah.gov/pmn/sitemap/notice/1076099.html,www.utah.gov,www.utah.gov,registry,not in MULTI_GOV_HOSTS -- single-tenant vendor host,,,,,,,
tier3_auto_transcription_queue.txt,https://www.utah.gov/pmn/sitemap/notice/1076067.html,www.utah.gov,www.utah.gov,registry,not in MULTI_GOV_HOSTS -- single-tenant vendor host,,,,,,,
tier3_auto_transcription_queue.txt,https://www.utah.gov/pmn/sitemap/notice/1076071.html,www.utah.gov,www.utah.gov,registry,not in MULTI_GOV_HOSTS -- single-tenant vendor host,,,,,,,
tier3_auto_transcription_queue.txt,https://www.utah.gov/pmn/sitemap/notice/1083849.html,www.utah.gov,www.utah.gov,registry,not in MULTI_GOV_HOSTS -- single-tenant vendor host,,,,,,,
tier3_auto_transcription_queue.txt,https://www.utah.gov/pmn/sitemap/notice/1101511.html,www.utah.gov,www.utah.gov,registry,not in MULTI_GOV_HOSTS -- single-tenant vendor host,,,,,,,
tier3_auto_transcription_queue.txt,https://www.utah.gov/pmn/sitemap/notice/1064771.html,www.utah.gov,www.utah.gov,registry,not in MULTI_GOV_HOSTS -- single-tenant vendor host,,,,,,,
tier3_auto_transcription_queue.txt,https://www.utah.gov/pmn/sitemap/notice/1064773.html,www.utah.gov,www.utah.gov,registry,not in MULTI_GOV_HOSTS -- single-tenant vendor host,,,,,,,
tier3_auto_transcription_queue.txt,https://www.utah.gov/pmn/sitemap/notice/1064779.html,www.utah.gov,www.utah.gov,registry,not in MULTI_GOV_HOSTS -- single-tenant vendor host,,,,,,,
tier3_auto_transcription_queue.txt,https://www.utah.gov/pmn/sitemap/notice/1064781.html,www.utah.gov,www.utah.gov,registry,not in MULTI_GOV_HOSTS -- single-tenant vendor host,,,,,,,
tier3_auto_transcription_queue.txt,https://www.utah.gov/pmn/sitemap/notice/1064785.html,www.utah.gov,www.utah.gov,registry,not in MULTI_GOV_HOSTS -- single-tenant vendor host,,,,,,,
tier3_auto_transcription_queue.txt,https://www.utah.gov/pmn/sitemap/notice/1064789.html,www.utah.gov,www.utah.gov,registry,not in MULTI_GOV_HOSTS -- single-tenant vendor host,,,,,,,
tier3_auto_transcription_queue.txt,https://www.utah.gov/pmn/sitemap/notice/1064791.html,www.utah.gov,www.utah.gov,registry,not in MULTI_GOV_HOSTS -- single-tenant vendor host,,,,,,,
tier3_auto_transcription_queue.txt,https://www.utah.gov/pmn/sitemap/notice/1064793.html,www.utah.gov,www.utah.gov,registry,not in MULTI_GOV_HOSTS -- single-tenant vendor host,,,,,,,
tier3_auto_transcription_queue.txt,https://www.utah.gov/pmn/sitemap/notice/1064795.html,www.utah.gov,www.utah.gov,registry,not in MULTI_GOV_HOSTS -- single-tenant vendor host,,,,,,,
tier3_auto_transcription_queue.txt,https://www.utah.gov/pmn/sitemap/notice/1064799.html,www.utah.gov,www.utah.gov,registry,not in MULTI_GOV_HOSTS -- single-tenant vendor host,,,,,,,
tier3_auto_transcription_queue.txt,https://www.utah.gov/pmn/sitemap/notice/1077319.html,www.utah.gov,www.utah.gov,registry,not in MULTI_GOV_HOSTS -- single-tenant vendor host,,,,,,,
tier3_auto_transcription_queue.txt,https://www.utah.gov/pmn/sitemap/notice/1075233.html,www.utah.gov,www.utah.gov,registry,not in MULTI_GOV_HOSTS -- single-tenant vendor host,,,,,,,
tier3_auto_transcription_queue.txt,https://www.utah.gov/pmn/sitemap/notice/1083939.html,www.utah.gov,www.utah.gov,registry,not in MULTI_GOV_HOSTS -- single-tenant vendor host,,,,,,,
tier3_auto_transcription_queue.txt,https://www.utah.gov/pmn/sitemap/notice/1087013.html,www.utah.gov,www.utah.gov,registry,not in MULTI_GOV_HOSTS -- single-tenant vendor host,,,,,,,
tier3_auto_transcription_queue.txt,https://www.utah.gov/pmn/sitemap/notice/1082093.html,www.utah.gov,www.utah.gov,registry,not in MULTI_GOV_HOSTS -- single-tenant vendor host,,,,,,,
tier3_auto_transcription_queue.txt,https://www.utah.gov/pmn/sitemap/notice/1071527.html,www.utah.gov,www.utah.gov,registry,not in MULTI_GOV_HOSTS -- single-tenant vendor host,,,,,,,
tier3_auto_transcription_queue.txt,https://www.utah.gov/pmn/sitemap/notice/1068337.html,www.utah.gov,www.utah.gov,registry,not in MULTI_GOV_HOSTS -- single-tenant vendor host,,,,,,,
tier3_auto_transcription_queue.txt,https://www.utah.gov/pmn/sitemap/notice/1071221.html,www.utah.gov,www.utah.gov,registry,not in MULTI_GOV_HOSTS -- single-tenant vendor host,,,,,,,
tier3_auto_transcription_queue.txt,https://www.utah.gov/pmn/sitemap/notice/1087011.html,www.utah.gov,www.utah.gov,registry,not in MULTI_GOV_HOSTS -- single-tenant vendor host,,,,,,,
tier3_auto_transcription_queue.txt,https://www.utah.gov/pmn/sitemap/notice/1072445.html,www.utah.gov,www.utah.gov,registry,not in MULTI_GOV_HOSTS -- single-tenant vendor host,,,,,,,
tier3_auto_transcription_queue.txt,https://www.utah.gov/pmn/sitemap/notice/1062093.html,www.utah.gov,www.utah.gov,registry,not in MULTI_GOV_HOSTS -- single-tenant vendor host,,,,,,,
tier3_auto_transcription_queue.txt,https://www.utah.gov/pmn/sitemap/notice/1065403.html,www.utah.gov,www.utah.gov,registry,not in MULTI_GOV_HOSTS -- single-tenant vendor host,,,,,,,
tier3_auto_transcription_queue.txt,https://www.utah.gov/pmn/sitemap/notice/1072257.html,www.utah.gov,www.utah.gov,registry,not in MULTI_GOV_HOSTS -- single-tenant vendor host,,,,,,,
tier3_auto_transcription_queue.txt,https://www.utah.gov/pmn/sitemap/notice/1072261.html,www.utah.gov,www.utah.gov,registry,not in MULTI_GOV_HOSTS -- single-tenant vendor host,,,,,,,
tier3_auto_transcription_queue.txt,https://www.utah.gov/pmn/sitemap/notice/1072263.html,www.utah.gov,www.utah.gov,registry,not in MULTI_GOV_HOSTS -- single-tenant vendor host,,,,,,,
tier3_auto_transcription_queue.txt,https://www.utah.gov/pmn/sitemap/notice/1072265.html,www.utah.gov,www.utah.gov,registry,not in MULTI_GOV_HOSTS -- single-tenant vendor host,,,,,,,
tier3_auto_transcription_queue.txt,https://www.utah.gov/pmn/sitemap/notice/1074063.html,www.utah.gov,www.utah.gov,registry,not in MULTI_GOV_HOSTS -- single-tenant vendor host,,,,,,,
tier3_auto_transcription_queue.txt,https://www.utah.gov/pmn/sitemap/notice/1077003.html,www.utah.gov,www.utah.gov,registry,not in MULTI_GOV_HOSTS -- single-tenant vendor host,,,,,,,
tier3_auto_transcription_queue.txt,https://www.utah.gov/pmn/sitemap/notice/1065047.html,www.utah.gov,www.utah.gov,registry,not in MULTI_GOV_HOSTS -- single-tenant vendor host,,,,,,,
tier3_auto_transcription_queue.txt,https://www.utah.gov/pmn/sitemap/notice/1083487.html,www.utah.gov,www.utah.gov,registry,not in MULTI_GOV_HOSTS -- single-tenant vendor host,,,,,,,
tier3_auto_transcription_queue.txt,https://www.utah.gov/pmn/sitemap/notice/1072211.html,www.utah.gov,www.utah.gov,registry,not in MULTI_GOV_HOSTS -- single-tenant vendor host,,,,,,,
tier3_auto_transcription_queue.txt,https://www.utah.gov/pmn/sitemap/notice/1085681.html,www.utah.gov,www.utah.gov,registry,not in MULTI_GOV_HOSTS -- single-tenant vendor host,,,,,,,
tier3_auto_transcription_queue.txt,https://www.utah.gov/pmn/sitemap/notice/1090131.html,www.utah.gov,www.utah.gov,registry,not in MULTI_GOV_HOSTS -- single-tenant vendor host,,,,,,,
tier3_auto_transcription_queue.txt,https://www.utah.gov/pmn/sitemap/notice/1075993.html,www.utah.gov,www.utah.gov,registry,not in MULTI_GOV_HOSTS -- single-tenant vendor host,,,,,,,
tier3_auto_transcription_queue.txt,https://www.utah.gov/pmn/sitemap/notice/1096171.html,www.utah.gov,www.utah.gov,registry,not in MULTI_GOV_HOSTS -- single-tenant vendor host,,,,,,,
tier3_auto_transcription_queue.txt,https://www.utah.gov/pmn/sitemap/notice/1085885.html,www.utah.gov,www.utah.gov,registry,not in MULTI_GOV_HOSTS -- single-tenant vendor host,,,,,,,
tier3_auto_transcription_queue.txt,https://www.utah.gov/pmn/sitemap/notice/1074815.html,www.utah.gov,www.utah.gov,registry,not in MULTI_GOV_HOSTS -- single-tenant vendor host,,,,,,,
tier3_auto_transcription_queue.txt,https://www.utah.gov/pmn/sitemap/notice/1074813.html,www.utah.gov,www.utah.gov,registry,not in MULTI_GOV_HOSTS -- single-tenant vendor host,,,,,,,
tier3_auto_transcription_queue.txt,https://www.utah.gov/pmn/sitemap/notice/1074811.html,www.utah.gov,www.utah.gov,registry,not in MULTI_GOV_HOSTS -- single-tenant vendor host,,,,,,,
tier3_auto_transcription_queue.txt,https://www.utah.gov/pmn/sitemap/notice/1074809.html,www.utah.gov,www.utah.gov,registry,not in MULTI_GOV_HOSTS -- single-tenant vendor host,,,,,,,
tier3_auto_transcription_queue.txt,https://www.utah.gov/pmn/sitemap/notice/1074807.html,www.utah.gov,www.utah.gov,registry,not in MULTI_GOV_HOSTS -- single-tenant vendor host,,,,,,,
tier3_auto_transcription_queue.txt,https://www.utah.gov/pmn/sitemap/notice/1074803.html,www.utah.gov,www.utah.gov,registry,not in MULTI_GOV_HOSTS -- single-tenant vendor host,,,,,,,
tier3_auto_transcription_queue.txt,https://www.utah.gov/pmn/sitemap/notice/1074801.html,www.utah.gov,www.utah.gov,registry,not in MULTI_GOV_HOSTS -- single-tenant vendor host,,,,,,,
tier3_auto_transcription_queue.txt,https://www.utah.gov/pmn/sitemap/notice/1074805.html,www.utah.gov,www.utah.gov,registry,not in MULTI_GOV_HOSTS -- single-tenant vendor host,,,,,,,
tier3_auto_transcription_queue.txt,https://www.utah.gov/pmn/sitemap/notice/1070293.html,www.utah.gov,www.utah.gov,registry,not in MULTI_GOV_HOSTS -- single-tenant vendor host,,,,,,,
tier3_auto_transcription_queue.txt,https://www.utah.gov/pmn/sitemap/notice/1075773.html,www.utah.gov,www.utah.gov,registry,not in MULTI_GOV_HOSTS -- single-tenant vendor host,,,,,,,
tier3_auto_transcription_queue.txt,https://www.utah.gov/pmn/sitemap/notice/1087019.html,www.utah.gov,www.utah.gov,registry,not in MULTI_GOV_HOSTS -- single-tenant vendor host,,,,,,,
tier3_auto_transcription_queue.txt,https://www.utah.gov/pmn/sitemap/notice/1089339.html,www.utah.gov,www.utah.gov,registry,not in MULTI_GOV_HOSTS -- single-tenant vendor host,,,,,,,
tier3_auto_transcription_queue.txt,https://www.utah.gov/pmn/sitemap/notice/1089757.html,www.utah.gov,www.utah.gov,registry,not in MULTI_GOV_HOSTS -- single-tenant vendor host,,,,,,,
tier3_auto_transcription_queue.txt,https://www.utah.gov/pmn/sitemap/notice/1083733.html,www.utah.gov,www.utah.gov,registry,not in MULTI_GOV_HOSTS -- single-tenant vendor host,,,,,,,
tier3_auto_transcription_queue.txt,https://www.utah.gov/pmn/sitemap/notice/1074603.html,www.utah.gov,www.utah.gov,registry,not in MULTI_GOV_HOSTS -- single-tenant vendor host,,,,,,,
tier3_auto_transcription_queue.txt,https://www.utah.gov/pmn/sitemap/notice/1063605.html,www.utah.gov,www.utah.gov,registry,not in MULTI_GOV_HOSTS -- single-tenant vendor host,,,,,,,
tier3_auto_transcription_queue.txt,https://www.utah.gov/pmn/sitemap/notice/1088395.html,www.utah.gov,www.utah.gov,registry,not in MULTI_GOV_HOSTS -- single-tenant vendor host,,,,,,,
tier3_auto_transcription_queue.txt,https://www.utah.gov/pmn/sitemap/notice/1073561.html,www.utah.gov,www.utah.gov,registry,not in MULTI_GOV_HOSTS -- single-tenant vendor host,,,,,,,
tier3_auto_transcription_queue.txt,https://www.utah.gov/pmn/sitemap/notice/1067943.html,www.utah.gov,www.utah.gov,registry,not in MULTI_GOV_HOSTS -- single-tenant vendor host,,,,,,,
tier3_auto_transcription_queue.txt,https://www.utah.gov/pmn/sitemap/notice/1094915.html,www.utah.gov,www.utah.gov,registry,not in MULTI_GOV_HOSTS -- single-tenant vendor host,,,,,,,
tier3_auto_transcription_queue.txt,https://www.utah.gov/pmn/sitemap/notice/1069631.html,www.utah.gov,www.utah.gov,registry,not in MULTI_GOV_HOSTS -- single-tenant vendor host,,,,,,,
tier3_auto_transcription_queue.txt,https://www.utah.gov/pmn/sitemap/notice/1067411.html,www.utah.gov,www.utah.gov,registry,not in MULTI_GOV_HOSTS -- single-tenant vendor host,,,,,,,
tier3_auto_transcription_queue.txt,https://www.utah.gov/pmn/sitemap/notice/1076645.html,www.utah.gov,www.utah.gov,registry,not in MULTI_GOV_HOSTS -- single-tenant vendor host,,,,,,,
tier3_auto_transcription_queue.txt,https://www.utah.gov/pmn/sitemap/notice/1070443.html,www.utah.gov,www.utah.gov,registry,not in MULTI_GOV_HOSTS -- single-tenant vendor host,,,,,,,
tier3_auto_transcription_queue.txt,https://www.utah.gov/pmn/sitemap/notice/1064627.html,www.utah.gov,www.utah.gov,registry,not in MULTI_GOV_HOSTS -- single-tenant vendor host,,,,,,,
tier3_auto_transcription_queue.txt,https://www.utah.gov/pmn/sitemap/notice/1089173.html,www.utah.gov,www.utah.gov,registry,not in MULTI_GOV_HOSTS -- single-tenant vendor host,,,,,,,
tier3_auto_transcription_queue.txt,https://www.utah.gov/pmn/sitemap/notice/1067193.html,www.utah.gov,www.utah.gov,registry,not in MULTI_GOV_HOSTS -- single-tenant vendor host,,,,,,,
tier3_auto_transcription_queue.txt,https://www.utah.gov/pmn/sitemap/notice/1067579.html,www.utah.gov,www.utah.gov,registry,not in MULTI_GOV_HOSTS -- single-tenant vendor host,,,,,,,
tier3_auto_transcription_queue.txt,https://www.utah.gov/pmn/sitemap/notice/1068311.html,www.utah.gov,www.utah.gov,registry,not in MULTI_GOV_HOSTS -- single-tenant vendor host,,,,,,,
tier3_auto_transcription_queue.txt,https://www.utah.gov/pmn/sitemap/notice/1072945.html,www.utah.gov,www.utah.gov,registry,not in MULTI_GOV_HOSTS -- single-tenant vendor host,,,,,,,
tier3_auto_transcription_queue.txt,https://www.utah.gov/pmn/sitemap/notice/1068513.html,www.utah.gov,www.utah.gov,registry,not in MULTI_GOV_HOSTS -- single-tenant vendor host,,,,,,,
tier3_auto_transcription_queue.txt,https://www.utah.gov/pmn/sitemap/notice/1086741.html,www.utah.gov,www.utah.gov,registry,not in MULTI_GOV_HOSTS -- single-tenant vendor host,,,,,,,
tier3_auto_transcription_queue.txt,https://www.utah.gov/pmn/sitemap/notice/1065287.html,www.utah.gov,www.utah.gov,registry,not in MULTI_GOV_HOSTS -- single-tenant vendor host,,,,,,,
tier3_auto_transcription_queue.txt,https://www.utah.gov/pmn/sitemap/notice/1065779.html,www.utah.gov,www.utah.gov,registry,not in MULTI_GOV_HOSTS -- single-tenant vendor host,,,,,,,
tier3_auto_transcription_queue.txt,https://www.utah.gov/pmn/sitemap/notice/1065917.html,www.utah.gov,www.utah.gov,registry,not in MULTI_GOV_HOSTS -- single-tenant vendor host,,,,,,,
tier3_auto_transcription_queue.txt,https://www.utah.gov/pmn/sitemap/notice/1075083.html,www.utah.gov,www.utah.gov,registry,not in MULTI_GOV_HOSTS -- single-tenant vendor host,,,,,,,
tier3_auto_transcription_queue.txt,https://www.utah.gov/pmn/sitemap/notice/1064885.html,www.utah.gov,www.utah.gov,registry,not in MULTI_GOV_HOSTS -- single-tenant vendor host,,,,,,,
tier3_auto_transcription_queue.txt,https://www.utah.gov/pmn/sitemap/notice/1064537.html,www.utah.gov,www.utah.gov,registry,not in MULTI_GOV_HOSTS -- single-tenant vendor host,,,,,,,
tier3_auto_transcription_queue.txt,https://www.utah.gov/pmn/sitemap/notice/1063733.html,www.utah.gov,www.utah.gov,registry,not in MULTI_GOV_HOSTS -- single-tenant vendor host,,,,,,,
tier3_auto_transcription_queue.txt,https://www.utah.gov/pmn/sitemap/notice/1066022.html,www.utah.gov,www.utah.gov,registry,not in MULTI_GOV_HOSTS -- single-tenant vendor host,,,,,,,
tier3_auto_transcription_queue.txt,https://www.utah.gov/pmn/sitemap/notice/1068183.html,www.utah.gov,www.utah.gov,registry,not in MULTI_GOV_HOSTS -- single-tenant vendor host,,,,,,,
tier3_auto_transcription_queue.txt,https://www.utah.gov/pmn/sitemap/notice/1070813.html,www.utah.gov,www.utah.gov,registry,not in MULTI_GOV_HOSTS -- single-tenant vendor host,,,,,,,
tier3_auto_transcription_queue.txt,https://www.utah.gov/pmn/sitemap/notice/1067021.html,www.utah.gov,www.utah.gov,registry,not in MULTI_GOV_HOSTS -- single-tenant vendor host,,,,,,,
tier3_auto_transcription_queue.txt,https://www.utah.gov/pmn/sitemap/notice/1072731.html,www.utah.gov,www.utah.gov,registry,not in MULTI_GOV_HOSTS -- single-tenant vendor host,,,,,,,
tier3_auto_transcription_queue.txt,https://www.utah.gov/pmn/sitemap/notice/1068843.html,www.utah.gov,www.utah.gov,registry,not in MULTI_GOV_HOSTS -- single-tenant vendor host,,,,,,,
tier3_auto_transcription_queue.txt,https://www.utah.gov/pmn/sitemap/notice/1064221.html,www.utah.gov,www.utah.gov,registry,not in MULTI_GOV_HOSTS -- single-tenant vendor host,,,,,,,
tier3_auto_transcription_queue.txt,https://www.utah.gov/pmn/sitemap/notice/1068661.html,www.utah.gov,www.utah.gov,registry,not in MULTI_GOV_HOSTS -- single-tenant vendor host,,,,,,,
tier3_auto_transcription_queue.txt,https://www.utah.gov/pmn/sitemap/notice/1074375.html,www.utah.gov,www.utah.gov,registry,not in MULTI_GOV_HOSTS -- single-tenant vendor host,,,,,,,
tier3_auto_transcription_queue.txt,https://www.utah.gov/pmn/sitemap/notice/1065137.html,www.utah.gov,www.utah.gov,registry,not in MULTI_GOV_HOSTS -- single-tenant vendor host,,,,,,,
tier3_auto_transcription_queue.txt,https://www.utah.gov/pmn/sitemap/notice/1077591.html,www.utah.gov,www.utah.gov,registry,not in MULTI_GOV_HOSTS -- single-tenant vendor host,,,,,,,
tier3_auto_transcription_queue.txt,https://www.utah.gov/pmn/sitemap/notice/1064685.html,www.utah.gov,www.utah.gov,registry,not in MULTI_GOV_HOSTS -- single-tenant vendor host,,,,,,,
tier3_auto_transcription_queue.txt,https://www.utah.gov/pmn/sitemap/notice/1064943.html,www.utah.gov,www.utah.gov,registry,not in MULTI_GOV_HOSTS -- single-tenant vendor host,,,,,,,
tier3_auto_transcription_queue.txt,https://www.utah.gov/pmn/sitemap/notice/1062505.html,www.utah.gov,www.utah.gov,registry,not in MULTI_GOV_HOSTS -- single-tenant vendor host,,,,,,,
tier3_auto_transcription_queue.txt,https://www.utah.gov/pmn/sitemap/notice/1072841.html,www.utah.gov,www.utah.gov,registry,not in MULTI_GOV_HOSTS -- single-tenant vendor host,,,,,,,
tier3_auto_transcription_queue.txt,https://www.utah.gov/pmn/sitemap/notice/1024907.html,www.utah.gov,www.utah.gov,registry,not in MULTI_GOV_HOSTS -- single-tenant vendor host,,,,,,,
tier3_auto_transcription_queue.txt,https://www.utah.gov/pmn/sitemap/notice/1065901.html,www.utah.gov,www.utah.gov,registry,not in MULTI_GOV_HOSTS -- single-tenant vendor host,,,,,,,
tier3_auto_transcription_queue.txt,https://www.utah.gov/pmn/sitemap/notice/1066951.html,www.utah.gov,www.utah.gov,registry,not in MULTI_GOV_HOSTS -- single-tenant vendor host,,,,,,,
tier3_auto_transcription_queue.txt,https://www.utah.gov/pmn/sitemap/notice/1069249.html,www.utah.gov,www.utah.gov,registry,not in MULTI_GOV_HOSTS -- single-tenant vendor host,,,,,,,
tier3_auto_transcription_queue.txt,https://www.utah.gov/pmn/sitemap/notice/1071907.html,www.utah.gov,www.utah.gov,registry,not in MULTI_GOV_HOSTS -- single-tenant vendor host,,,,,,,
tier3_auto_transcription_queue.txt,https://www.utah.gov/pmn/sitemap/notice/1076865.html,www.utah.gov,www.utah.gov,registry,not in MULTI_GOV_HOSTS -- single-tenant vendor host,,,,,,,
tier3_auto_transcription_queue.txt,https://www.utah.gov/pmn/sitemap/notice/1076885.html,www.utah.gov,www.utah.gov,registry,not in MULTI_GOV_HOSTS -- single-tenant vendor host,,,,,,,
tier3_auto_transcription_queue.txt,https://sanbernardino.cablecast.tv/internetchannel/show/3557?site=1,sanbernardino.cablecast.tv,cablecast,registry,not in MULTI_GOV_HOSTS -- single-tenant vendor host,,,,,,,
tier3_auto_transcription_queue.txt,https://santacruzcountyca.new.swagit.com/videos/337126,santacruzcountyca.new.swagit.com,swagit,registry,not in MULTI_GOV_HOSTS -- single-tenant vendor host,,,,,,,
tier3_auto_transcription_queue.txt,https://sdmf.new.swagit.com/videos/334434,sdmf.new.swagit.com,swagit,registry,not in MULTI_GOV_HOSTS -- single-tenant vendor host,,,,,,,
tier3_auto_transcription_queue.txt,https://severanceco.portal.civicclerk.com/event/1379/media,severanceco.portal.civicclerk.com,civicclerk,registry,not in MULTI_GOV_HOSTS -- single-tenant vendor host,,,,,,,
tier3_auto_transcription_queue.txt,https://youtu.be/MW7uV8fohm0,youtu.be,youtube,pin-added,owner found via jurisdiction_coverage.csv,us:cousub:2609950480,https://www.macomb-mi.gov/,,,,,
tier3_auto_transcription_queue.txt,https://www.youtube.com/embed/fMfmeh2OtQY?feature=oembed,www.youtube.com,youtube,pin-added,owner found via jurisdiction_coverage.csv,ca:csd:3521010,https://bramptonbot.com/,,,,,
tier3_auto_transcription_queue.txt,https://youtu.be/V_Yb9586WDU,youtu.be,youtube,no-owner,youtu.be is a MULTI_GOV_HOSTS host with no matching pin,,https://sccmo.org,,,,,
tier3_auto_transcription_queue.txt,https://www.youtube.com/watch?v=L0Pa2H_7EhU&source_ve_path=OTY3MTQ&embeds_referring_euri=https%3A%2F%2Fwww.williamsoncounty-tn.gov%2F,www.youtube.com,youtube,pin,tenant_overrides.csv www.youtube.com match=L0Pa2H_7EhU source=wo174_agendacenter_probe,us:county:47187,https://williamsoncounty-tn.gov,,,,,
tier3_auto_transcription_queue.txt,https://www.youtube.com/watch?v=_YDGZgukBe8&list=PLjhh1GFL47dQVKr39-yPdcB_1vTkimWO3,www.youtube.com,youtube,pin-added,owner found via jurisdiction_coverage.csv,us:county:16055,https://kcgov.us,,,,,
tier3_auto_transcription_queue.txt,https://www.youtube.com/watch?v=fApeL8BGY6s,www.youtube.com,youtube,no-owner,www.youtube.com is a MULTI_GOV_HOSTS host with no matching pin,,https://www.tippecanoe.in.gov,,,,,
tier3_auto_transcription_queue.txt,https://youtu.be/32QIE_RB3Ag,youtu.be,youtube,no-owner,youtu.be is a MULTI_GOV_HOSTS host with no matching pin,,https://www.peoriacounty.gov,,,,,
tier3_auto_transcription_queue.txt,https://youtu.be/3QMg2tenXEg,youtu.be,youtube,no-owner,youtu.be is a MULTI_GOV_HOSTS host with no matching pin,,https://dallascountyiowa.gov,,,,,
tier3_auto_transcription_queue.txt,https://youtu.be/A9FiQOaLGSI,youtu.be,youtube,no-owner,youtu.be is a MULTI_GOV_HOSTS host with no matching pin,,https://casscounty.com,,,,,
tier3_auto_transcription_queue.txt,https://www.youtube.com/live/WesxA9CGs9A,www.youtube.com,youtube,pin-added,owner found via jurisdiction_coverage.csv,us:county:01115,https://stclairco.com,,,,,
tier3_auto_transcription_queue.txt,https://youtu.be/6-F1o9b3hgI,youtu.be,youtube,pin-added,owner found via jurisdiction_coverage.csv,us:place:4955980,https://ogdencity.gov,,,,,
tier3_auto_transcription_queue.txt,https://www.youtube.com/live/7Ll50I6Y1L0?si=6vtowUqE8W3szcxZ,www.youtube.com,youtube,pin-added,owner found via jurisdiction_coverage.csv,us:place:1840788,https://lafayette.in.gov,,,,,
tier3_auto_transcription_queue.txt,https://youtube.com/live/Wi3BbioubH4,youtube.com,youtube,pin-added,owner found via jurisdiction_coverage.csv,us:county:13179,https://libertycountyga.gov,,,,,
tier3_auto_transcription_queue.txt,https://www.youtube.com/watch?v=QT27hX7vd9E,www.youtube.com,youtube,pin-added,owner found via jurisdiction_coverage.csv,us:place:1258575,https://www.port-orange.org/,,,,,
tier3_auto_transcription_queue.txt,https://youtube.com/live/BO0rwux7xxU?feature=share,youtube.com,youtube,pin-added,owner found via jurisdiction_coverage.csv,us:place:1801468,https://cityofanderson.com,,,,,
tier3_auto_transcription_queue.txt,https://www.youtube.com/watch?v=51tgvAFakE4,www.youtube.com,youtube,pin-added,owner found via jurisdiction_coverage.csv,us:place:3949840,https://cityofmiddletown.org,,,,,
tier3_auto_transcription_queue.txt,https://www.youtube.com/watch?v=a75lLi0o51s&list=PLO7otJ2vgBoU3rzuI-5IihQ1by7W8OtTG,www.youtube.com,youtube,pin-added,owner found via jurisdiction_coverage.csv,us:place:0947515,https://www.milfordct.us/,,,,,
tier3_auto_transcription_queue.txt,https://www.youtube.com/embed/wvb17rmcMxA?showinfo=0&autoplay=0&rel=0&wmode=opaque&autohide=1,www.youtube.com,youtube,pin,tenant_overrides.csv www.youtube.com match=wvb17rmcMxA source=wo129_confirmed_hits,us:place:1842426,https://www.cityoflawrence.org/lawrencetelevision,,,,,
tier3_auto_transcription_queue.txt,https://www.youtube.com/live/u0fJIlBgJLA?si=VXqCE3Dd7ivgKpYE,www.youtube.com,youtube,pin-added,owner found via jurisdiction_coverage.csv,us:place:2505595,https://beverlyma.gov,,,,,
tier3_auto_transcription_queue.txt,https://www.youtube.com/watch?v=5_NMYokiUZw,www.youtube.com,youtube,pin-added,owner found via jurisdiction_coverage.csv,us:place:2670520,https://saginaw-mi.com,,,,,
tier3_auto_transcription_queue.txt,https://www.youtube.com/watch?v=xUQgC8-bjLg&t=160s,www.youtube.com,youtube,no-owner,www.youtube.com is a MULTI_GOV_HOSTS host with no matching pin,,https://monroenc.org/m/newsflash/home/detail/841,,,,,
tier3_auto_transcription_queue.txt,https://www.youtube.com/watch?v=Wts1NtEOgtM,www.youtube.com,youtube,no-owner,www.youtube.com is a MULTI_GOV_HOSTS host with no matching pin,,https://muscatinecountyiowa.gov/supervisors/meetings_minutes/,,,,,
tier3_auto_transcription_queue.txt,https://www.youtube.com/embed/eAQusyLISpY?feature=oembed,www.youtube.com,youtube,pin-added,owner found via jurisdiction_coverage.csv,us:county:01123,https://tallaco.com/commission-meetings/,,,,,
tier3_auto_transcription_queue.txt,https://www.youtube.com/watch?v=ITohWV8kaMI,www.youtube.com,youtube,pin-added,owner found via jurisdiction_coverage.csv,us:county:41007,https://clatsopcounty.gov,,,,,
tier3_auto_transcription_queue.txt,https://www.youtube.com/live/8gR_xahCwkM​,www.youtube.com,youtube,no-owner,www.youtube.com is a MULTI_GOV_HOSTS host with no matching pin,,https://www.crawfordcountykansas.org/,,,,,
tier3_auto_transcription_queue.txt,https://www.youtube.com/live/_AMTDCs6-hU,www.youtube.com,youtube,pin-added,owner found via jurisdiction_coverage.csv,us:place:1366668,https://romega.gov,,,,,
tier3_auto_transcription_queue.txt,https://www.youtube.com/watch?v=pAFyYoYXa30,www.youtube.com,youtube,no-owner,www.youtube.com is a MULTI_GOV_HOSTS host with no matching pin,,https://www.pickenscountyga.gov,,,,,
tier3_auto_transcription_queue.txt,https://www.youtube.com/live/VSA8l_q5jaQ?si=dxLvqNIc5DAA_0os,www.youtube.com,youtube,pin-added,owner found via jurisdiction_coverage.csv,us:place:1732746,https://hanoverparkillinois.org,,,,,
tier3_auto_transcription_queue.txt,https://www.youtube.com/watch?v=X_nXhhYrR3I,www.youtube.com,youtube,no-owner,www.youtube.com is a MULTI_GOV_HOSTS host with no matching pin,,https://cityofwildwood.com,,,,,
tier3_auto_transcription_queue.txt,https://youtu.be/VhlRRqRhMvE,youtu.be,youtube,no-owner,youtu.be is a MULTI_GOV_HOSTS host with no matching pin,,https://morrisoncountymn.gov/,,,,,
tier3_auto_transcription_queue.txt,https://www.youtube.com/live/dmK4SmG3hyQ?si=ZnIW_t6GpJCAH9Ko,www.youtube.com,youtube,pin-added,owner found via jurisdiction_coverage.csv,us:county:18077,https://jeffersoncounty.in.gov,,,,,
tier3_auto_transcription_queue.txt,https://youtu.be/B8vAw-ETB34,youtu.be,youtube,no-owner,youtu.be is a MULTI_GOV_HOSTS host with no matching pin,,https://www.sheridancountywy.gov/county_government/elected_offices/county_commissioners/agenda_minutes.php,,,,,
tier3_auto_transcription_queue.txt,https://youtu.be/wnTQtEYWTfA,youtu.be,youtube,pin,tenant_overrides.csv youtu.be match=wnTQtEYWTfA source=wo129_confirmed_hits,ca:csd:3531011,https://www.stratford.ca/inside-city-hall/city-council/,,,,,
tier3_auto_transcription_queue.txt,https://www.youtube.com/watch?v=Hv2wxs2Ru-E&list=PL5HvRKG7w0v7FC7A55X10Pf3cpW1KSdr-&index=1,www.youtube.com,youtube,pin-added,owner found via jurisdiction_coverage.csv,us:place:0622300,https://prcity.com,,,,,
tier3_auto_transcription_queue.txt,https://www.youtube.com/watch?v=_pBBH7YsAvY,www.youtube.com,youtube,pin-added,owner found via jurisdiction_coverage.csv,us:place:0534750,https://jacksonvillear.gov,,,,,
tier3_auto_transcription_queue.txt,https://www.youtube.com/watch?v=nSXDBqPN-pE,www.youtube.com,youtube,no-owner,www.youtube.com is a MULTI_GOV_HOSTS host with no matching pin,,https://ellisco.net,,,,,
tier3_auto_transcription_queue.txt,https://youtu.be/FaEen8cqYJA,youtu.be,youtube,no-owner,youtu.be is a MULTI_GOV_HOSTS host with no matching pin,,https://www.garrettcountymd.gov/commissioners/public-meeting-notice,,,,,
tier3_auto_transcription_queue.txt,https://youtu.be/ytrl6JtUBsU?si=LDdDWF_NAAMuRMeb,youtu.be,youtube,pin-added,owner found via jurisdiction_coverage.csv,us:county:51197,https://www.wytheco.org,,,,,
tier3_auto_transcription_queue.txt,https://youtu.be/gZ8FkOTxR0E,youtu.be,youtube,no-owner,youtu.be is a MULTI_GOV_HOSTS host with no matching pin,,https://www.unioncountyga.gov,,,,,
tier3_auto_transcription_queue.txt,https://www.youtube.com/watch?v=V7rxx4cPu4s,www.youtube.com,youtube,pin-added,owner found via jurisdiction_coverage.csv,us:place:2135866,https://hendersonky.gov,,,,,
tier3_auto_transcription_queue.txt,https://www.youtube.com/watch?v=ZBcrFQPd4HQ,www.youtube.com,youtube,pin-added,owner found via jurisdiction_coverage.csv,us:place:4250528,https://monroeville.pa.us,,,,,
tier3_auto_transcription_queue.txt,https://www.youtube.com/watch?v=M6q1LC099aQ,www.youtube.com,youtube,pin,tenant_overrides.csv www.youtube.com match=M6q1LC099aQ source=wo150_muni_ladder_sweep,us:place:1777694,https://vernonhills.org,,,,,
tier3_auto_transcription_queue.txt,https://youtu.be/JGTjaKtTlA0,youtu.be,youtube,pin,tenant_overrides.csv youtu.be match=JGTjaKtTlA0 source=wo149_county_ladder_sweep,us:county:20059,https://www.franklincoks.org/agendacenter,,,,,
tier3_auto_transcription_queue.txt,https://youtu.be/jekd_Z0GqMY?si=ocBmcy3Qk8ziaUOI,youtu.be,youtube,pin-added,owner found via jurisdiction_coverage.csv,us:place:2631420,https://gardencitymi.org,,,,,
tier3_auto_transcription_queue.txt,https://www.youtube.com/embed/6qCKRV4tuTQ?feature=oembed,www.youtube.com,youtube,pin-added,owner found via jurisdiction_coverage.csv,us:county:13111,https://fannincountyga.com,,,,,
tier3_auto_transcription_queue.txt,https://youtu.be/oehXf7FLYo8,youtu.be,youtube,pin,tenant_overrides.csv youtu.be match=oehXf7FLYo8 source=wo129_confirmed_hits,us:place:1784220,https://www.cityofzion.com/agendas-and-meetings/,,,,,
tier3_auto_transcription_queue.txt,https://www.youtube.com/watch?v=p6Dxe3VnOYo,www.youtube.com,youtube,pin-added,owner found via jurisdiction_coverage.csv,us:county:41027,https://www.hoodrivercounty.gov/meetings,,,,,
tier3_auto_transcription_queue.txt,https://youtu.be/rb4zNFKq0QY,youtu.be,youtube,pin-added,owner found via jurisdiction_coverage.csv,us:county:56039,https://tetoncountywy.gov,,,,,
tier3_auto_transcription_queue.txt,https://www.youtube.com/watch?v=Qj4jqjhOc6M,www.youtube.com,youtube,pin-added,owner found via jurisdiction_coverage.csv,us:place:3712960,https://clemmons.org,,,,,
tier3_auto_transcription_queue.txt,https://youtube.com/live/mKJ7-VZl3uQ,youtube.com,youtube,no-owner,youtube.com is a MULTI_GOV_HOSTS host with no matching pin,,https://nmb.us,,,,,
tier3_auto_transcription_queue.txt,https://youtu.be/3BXFaPrisIg,youtu.be,youtube,no-owner,youtu.be is a MULTI_GOV_HOSTS host with no matching pin,,https://geneva.il.us,,,,,
tier3_auto_transcription_queue.txt,https://www.youtube.com/watch?v=835iIyT6Wfw,www.youtube.com,youtube,pin,tenant_overrides.csv www.youtube.com match=835iIyT6Wfw source=wo129_confirmed_hits,us:place:4801576,https://alamotexas.org/government/board-meetings-and-agendas/,,,,,
tier3_auto_transcription_queue.txt,https://www.youtube.com/watch?v=qzK5wzBqiEY,www.youtube.com,youtube,pin,tenant_overrides.csv www.youtube.com match=qzK5wzBqiEY source=wo129_confirmed_hits,ca:csd:3502048,https://russell.ca/news-and-notices/council-meeting-highlights-august-31-2026-2/,,,,,
tier3_auto_transcription_queue.txt,https://youtu.be/VyFa2_x_ktQ,youtu.be,youtube,no-owner,youtu.be is a MULTI_GOV_HOSTS host with no matching pin,,https://crispcounty.com/agendas-minutes/commissioner-meeting-recordings,,,,,
tier3_auto_transcription_queue.txt,https://www.youtube.com/watch?v=W3nC4RnxCGI,www.youtube.com,youtube,pin-added,owner found via jurisdiction_coverage.csv,us:place:4967770,https://santaquin.gov,,,,,
tier3_auto_transcription_queue.txt,https://www.youtube.com/watch?v=WqeSyLlu8UM,www.youtube.com,youtube,pin,tenant_overrides.csv www.youtube.com match=WqeSyLlu8UM source=wo174_agendacenter_probe,us:place:3978050,https://mytwinsburg.com,,,,,
tier3_auto_transcription_queue.txt,https://youtu.be/9QFv5VzO0fg,youtu.be,youtube,pin-added,owner found via jurisdiction_coverage.csv,us:place:3732640,https://townofhopemills.com,,,,,
tier3_auto_transcription_queue.txt,https://youtube.com/live/9QjAc2eyDKI?feature=share,youtube.com,youtube,pin-added,owner found via jurisdiction_coverage.csv,us:place:1711592,https://caryillinois.com,,,,,
tier3_auto_transcription_queue.txt,https://youtube.com/live/Z3IQ8Fj2Nxc?feature=share,youtube.com,youtube,pin-added,owner found via jurisdiction_coverage.csv,us:place:5568275,https://rfcity.org,,,,,
tier3_auto_transcription_queue.txt,https://www.youtube.com/watch?v=m3pCgGTc7pQ,www.youtube.com,youtube,pin,tenant_overrides.csv www.youtube.com match=m3pCgGTc7pQ source=wo129_confirmed_hits,us:place:2128594,https://fortthomasky.org/government/council-committees/archive-council-meetings/,,,,,
tier3_auto_transcription_queue.txt,https://youtu.be/zj8Q_t6_HGg,youtu.be,youtube,pin-added,owner found via jurisdiction_coverage.csv,us:place:0811810,https://canoncity.org,,,,,
tier3_auto_transcription_queue.txt,https://www.youtube.com/watch?v=s7epsezMTkE,www.youtube.com,youtube,pin-added,owner found via jurisdiction_coverage.csv,us:place:0613945,https://clearlake.ca.us,,,,,
tier3_auto_transcription_queue.txt,https://www.youtube.com/embed/aV2B9l85IzM?wmode=transparent&autoplay=0,www.youtube.com,youtube,pin-added,owner found via jurisdiction_coverage.csv,us:county:21203,https://rockcastlecountyky.com,,,,,
tier3_auto_transcription_queue.txt,https://youtu.be/qkLrKX1r1no,youtu.be,youtube,pin,tenant_overrides.csv youtu.be match=qkLrKX1r1no source=wo129_confirmed_hits,us:place:2967790,https://sikeston.org/news_detail_T70_R618.php,,,,,
tier3_auto_transcription_queue.txt,https://www.youtube.com/watch?v=PnjR8n5V300,www.youtube.com,youtube,no-owner,www.youtube.com is a MULTI_GOV_HOSTS host with no matching pin,,https://cityofbeaufort.org,,,,,
tier3_auto_transcription_queue.txt,https://youtu.be/oBGajmNxGVs,youtu.be,youtube,pin-added,owner found via jurisdiction_coverage.csv,us:place:2955550,https://overlandmo.org,,,,,
tier3_auto_transcription_queue.txt,https://www.youtube.com/watch?v=hJQnSwAxAYY,www.youtube.com,youtube,pin-added,owner found via jurisdiction_coverage.csv,us:place:1778929,https://warrenville.il.us,,,,,
tier3_auto_transcription_queue.txt,https://youtu.be/5IoXmnqr72Y,youtu.be,youtube,pin,tenant_overrides.csv youtu.be match=5IoXmnqr72Y source=wo174_agendacenter_probe,us:place:4227552,https://franklinparkborough.us,,,,,
tier3_auto_transcription_queue.txt,https://www.youtube.com/watch?v=CeP30mT1730,www.youtube.com,youtube,pin-added,owner found via jurisdiction_coverage.csv,us:place:4527070,https://fountaininn.org,,,,,
tier3_auto_transcription_queue.txt,https://www.youtube.com/watch?v=jcFF6kXFJI4,www.youtube.com,youtube,pin-added,owner found via jurisdiction_coverage.csv,us:place:2707300,https://brainerdmn.gov,,,,,
tier3_auto_transcription_queue.txt,https://youtu.be/ISkBky2s0BY,youtu.be,youtube,no-owner,youtu.be is a MULTI_GOV_HOSTS host with no matching pin,,https://co.price.wi.us,,,,,
tier3_auto_transcription_queue.txt,https://youtu.be/fsYQnrV6qUM,youtu.be,youtube,pin-added,owner found via jurisdiction_coverage.csv,us:place:3954562,https://newfranklin.org,,,,,
tier3_auto_transcription_queue.txt,https://www.youtube.com/watch?v=-oUp9G1a0sM&list=PLaiU-CIUt-4YUI3VfcWgyegXXloXPOOko&index=1,www.youtube.com,youtube,pin-added,owner found via jurisdiction_coverage.csv,us:place:1740793,https://lagrangepark.org,,,,,
tier3_auto_transcription_queue.txt,https://www.youtube.com/live/kImbFINq0T4?si=cHjYJPC9R3LUYS-k,www.youtube.com,youtube,pin-added,owner found via jurisdiction_coverage.csv,us:place:2922834,https://eureka.mo.us,,,,,
tier3_auto_transcription_queue.txt,https://www.youtube.com/embed/afHjTksIFEo?si=RUb24MBz_SkPODBl,www.youtube.com,youtube,pin,tenant_overrides.csv www.youtube.com match=afHjTksIFEo source=wo129_confirmed_hits,us:place:3762520,https://www.smithfield-nc.com/page/mobile.council_meeting_video,,,,,
tier3_auto_transcription_queue.txt,https://www.youtube.com/watch?v=fGbYPtbQi74,www.youtube.com,youtube,pin-added,owner found via wo150_report.csv,us:place:4862588,https://robinsontexas.org,,,,,
tier3_auto_transcription_queue.txt,https://youtu.be/39WMC-cBUcA,youtu.be,youtube,pin-added,owner found via jurisdiction_coverage.csv,us:place:4237955,https://www.boroughofjeffersonhills.org/,,,,,
tier3_auto_transcription_queue.txt,https://www.youtube.com/watch?v=1mNVWJymais&t=6s,www.youtube.com,youtube,pin-added,owner found via jurisdiction_coverage.csv,us:place:4945090,https://lindon.gov,,,,,
tier3_auto_transcription_queue.txt,https://www.youtube.com/watch?v=asqdyhY3Bbk,www.youtube.com,youtube,pin-added,owner found via jurisdiction_coverage.csv,us:place:4666700,https://www.vermillion.us/,,,,,
tier3_auto_transcription_queue.txt,https://www.youtube.com/watch?v=2Gs8s7qJxjI,www.youtube.com,youtube,no-owner,www.youtube.com is a MULTI_GOV_HOSTS host with no matching pin,,https://www.marioncoks.net,,,,,
tier3_auto_transcription_queue.txt,https://youtube.com/live/C0QyWAFz7R8?feature=share,youtube.com,youtube,pin-added,owner found via jurisdiction_coverage.csv,us:place:2973618,https://town-and-country.org,,,,,
tier3_auto_transcription_queue.txt,https://youtu.be/5KoPxWS1uxE?si=I2OYEBOhhedU7AkO,youtu.be,youtube,pin-added,owner found via jurisdiction_coverage.csv,us:county:21187,https://www.owencountyky.us/copy-of-budget-summary,,,,,
tier3_auto_transcription_queue.txt,https://www.youtube.com/live/Rb1vSpz-c5E?si=xtBe8ybtHgEFHHih,www.youtube.com,youtube,pin-added,owner found via jurisdiction_coverage.csv,us:place:3957260,https://cityofnorton.org,,,,,
tier3_auto_transcription_queue.txt,https://youtu.be/mlT_5_DHSIM,youtu.be,youtube,pin-added,owner found via jurisdiction_coverage.csv,us:place:1962040,https://cityofpella.com,,,,,
tier3_auto_transcription_queue.txt,https://youtu.be/i_il1XI_Nnk,youtu.be,youtube,pin,tenant_overrides.csv youtu.be match=i_il1XI_Nnk source=wo129_confirmed_hits,us:place:1774574,https://taylorville.net/council-video-meetings/,,,,,
tier3_auto_transcription_queue.txt,https://youtu.be/V_3b1mrv31Y,youtu.be,youtube,no-owner,youtu.be is a MULTI_GOV_HOSTS host with no matching pin,,https://moreheadcitync.gov,,,,,
tier3_auto_transcription_queue.txt,https://www.youtube.com/watch?v=G2cQUCYo9ZE,www.youtube.com,youtube,pin,tenant_overrides.csv www.youtube.com match=G2cQUCYo9ZE source=wo129_confirmed_hits,us:place:4252320,https://munhallpa.us/p/council-videos,,,,,
tier3_auto_transcription_queue.txt,https://youtube.com/live/kdW9YVTD0p8?feature=share,youtube.com,youtube,pin-added,owner found via jurisdiction_coverage.csv,us:place:4815436,https://clevelandtexas.com,,,,,
tier3_auto_transcription_queue.txt,https://www.youtube.com/watch?v=IpJSU_3cF9g,www.youtube.com,youtube,pin-added,owner found via jurisdiction_coverage.csv,us:place:1737907,https://itasca.com,,,,,
tier3_auto_transcription_queue.txt,https://www.youtube.com/embed/AcNy0diJug4,www.youtube.com,youtube,pin-added,owner found via jurisdiction_coverage.csv,ca:csd:3522012,https://townofmono.com/government/town-council,,,,,
tier3_auto_transcription_queue.txt,https://youtu.be/GJfYao7CmKk,youtu.be,youtube,no-owner,youtu.be is a MULTI_GOV_HOSTS host with no matching pin,,https://www.humboldtcounty.iowa.gov/offices/administrative/board_of_supervisors/agendas_minutes_videos.php,,,,,
tier3_auto_transcription_queue.txt,https://www.youtube.com/watch?v=8qePLwulFwk,www.youtube.com,youtube,pin-added,owner found via jurisdiction_coverage.csv,us:place:2953624,https://cityofoakgrove.com,,,,,
tier3_auto_transcription_queue.txt,https://www.youtube.com/embed/-pNyufIO7xM?feature=oembed,www.youtube.com,youtube,pin,tenant_overrides.csv www.youtube.com match=-pNyufIO7xM source=wo129_confirmed_hits,us:place:2238355,https://www.cityofjennings.com/council-meetings/,,,,,
tier3_auto_transcription_queue.txt,https://youtube.com/live/XpILexVHL5E,youtube.com,youtube,pin-added,owner found via jurisdiction_coverage.csv,us:county:20151,https://prattcounty.org,,,,,
tier3_auto_transcription_queue.txt,https://www.youtube.com/watch?v=VHiiKGACBwM,www.youtube.com,youtube,pin-added,owner found via jurisdiction_coverage.csv,us:place:2971746,https://sunset-hills.com,,,,,
tier3_auto_transcription_queue.txt,https://youtu.be/Psn_AOc_Tj4,youtu.be,youtube,pin-added,owner found via jurisdiction_coverage.csv,us:place:2954650,https://olivettemo.com,,,,,
tier3_auto_transcription_queue.txt,https://youtu.be/H3MWWMotORM,youtu.be,youtube,pin-added,owner found via jurisdiction_coverage.csv,us:place:1812124,https://cityofcharlestown.com,,,,,
tier3_auto_transcription_queue.txt,https://youtu.be/QGHE5dMzMxk,youtu.be,youtube,no-owner,youtu.be is a MULTI_GOV_HOSTS host with no matching pin,,https://warrencounty.in.gov/how_do_i/general_information/meeting_minutes.php,,,,,
tier3_auto_transcription_queue.txt,https://youtu.be/B4_A2tV1rEk,youtu.be,youtube,pin,tenant_overrides.csv youtu.be match=B4_A2tV1rEk source=ryan_stated,us:place:3969680,https://cityofstmarys.net,,,,,
tier3_auto_transcription_queue.txt,https://youtu.be/l4smdTzD9Us,youtu.be,youtube,pin-added,owner found via jurisdiction_coverage.csv,us:place:2454275,https://mountrainiermd.org,,,,,
tier3_auto_transcription_queue.txt,https://youtu.be/8zgCd-eRfKA,youtu.be,youtube,pin-added,owner found via jurisdiction_coverage.csv,us:place:2004400,https://cityofbasehor.org,,,,,
tier3_auto_transcription_queue.txt,https://youtu.be/Ij2O9pgpPbk,youtu.be,youtube,pin-added,owner found via jurisdiction_coverage.csv,us:place:5003175,https://www.barrecity.org/city-council/,,,,,
tier3_auto_transcription_queue.txt,https://www.youtube.com/watch?v=7QwYdTW6BRg,www.youtube.com,youtube,pin,tenant_overrides.csv www.youtube.com match=7QwYdTW6BRg source=wo129_confirmed_hits,us:place:4839448,https://www.kirbytx.org/government/city-council/,,,,,
tier3_auto_transcription_queue.txt,https://www.youtube.com/watch?v=Ecl8rQgVQJs,www.youtube.com,youtube,pin-added,owner found via jurisdiction_coverage.csv,us:place:4275816,https://swissvaleborough.com,,,,,
tier3_auto_transcription_queue.txt,https://www.youtube.com/watch?v=uJWGuSO98Zc,www.youtube.com,youtube,pin,tenant_overrides.csv www.youtube.com match=uJWGuSO98Zc source=wo129_confirmed_hits,us:place:4924850,https://farrwestcity.gov/government/city-council-new/city-council-agendas-minutes,,,,,
tier3_auto_transcription_queue.txt,https://www.youtube.com/watch?v=BHIQQfdGmZ4,www.youtube.com,youtube,no-owner,www.youtube.com is a MULTI_GOV_HOSTS host with no matching pin,,https://cityofbrevard.com,,,,,
tier3_auto_transcription_queue.txt,https://youtu.be/-yGxfsjzjm8,youtu.be,youtube,pin,tenant_overrides.csv youtu.be match=-yGxfsjzjm8 source=wo129_confirmed_hits,us:place:1770590,https://www.southbeloit.org/agendas-minutes,,,,,
tier3_auto_transcription_queue.txt,https://youtu.be/lsiYRjJddCI,youtu.be,youtube,pin-added,owner found via jurisdiction_coverage.csv,us:place:2007975,https://bonnersprings.org,,,,,
tier3_auto_transcription_queue.txt,https://www.youtube.com/watch?v=xbr5XhABFew,www.youtube.com,youtube,pin,tenant_overrides.csv www.youtube.com match=xbr5XhABFew source=wo174_agendacenter_probe,us:place:4515295,https://www.cityofclintonsc.com,,,,,
tier3_auto_transcription_queue.txt,https://youtu.be/lA7ZsP3k6yA,youtu.be,youtube,pin-added,owner found via jurisdiction_coverage.csv,us:place:1983145,https://www.webstercity.com,,,,,
tier3_auto_transcription_queue.txt,https://www.youtube.com/live/E8a8mb6VkdM?si=wh0GUCWuUYf8_WII,www.youtube.com,youtube,pin,tenant_overrides.csv www.youtube.com match=E8a8mb6VkdM source=wo230,us:place:3735720,https://kdhnc.com/593/Agendas-Packets-and-Minutes,,,,,
tier3_auto_transcription_queue.txt,https://youtube.com/live/thK5WnnKDlU?feature=share,youtube.com,youtube,pin-added,owner found via jurisdiction_coverage.csv,us:place:4817504,https://crandalltexas.com,,,,,
tier3_auto_transcription_queue.txt,https://www.youtube.com/watch?v=IxKhIHcloIk,www.youtube.com,youtube,pin-added,owner found via jurisdiction_coverage.csv,us:place:4834220,https://www.cityofhitchcock.org/agendas___minutes/index.php,,,,,
tier3_auto_transcription_queue.txt,https://www.youtube.com/watch?v=C4DA0gduaUw,www.youtube.com,youtube,pin,tenant_overrides.csv www.youtube.com match=C4DA0gduaUw source=wo129_confirmed_hits,us:place:2310565,https://www.cariboumaine.org/council-meetings-2026/,,,,,
tier3_auto_transcription_queue.txt,https://www.youtube.com/embed/ZdFPHNoK46o,www.youtube.com,youtube,pin,tenant_overrides.csv www.youtube.com match=ZdFPHNoK46o source=wo129_confirmed_hits,us:place:4284704,https://woboro.com/,,,,,
tier3_auto_transcription_queue.txt,https://www.youtube.com/live/jwmTot-hoeE?si=N4aqt86YtFz-9zn6,www.youtube.com,youtube,pin-added,owner found via wo145_report.csv,us:place:3978624,https://utclermont.gov,,,,,
tier3_auto_transcription_queue.txt,https://www.youtube.com/live/Q96jkh9XJ4E,www.youtube.com,youtube,pin-added,owner found via jurisdiction_coverage.csv,us:place:4165950,https://cityofseaside.us,,,,,
tier3_auto_transcription_queue.txt,https://www.youtube.com/watch?v=7OCWidpKJ08,www.youtube.com,youtube,no-owner,www.youtube.com is a MULTI_GOV_HOSTS host with no matching pin,,https://www.wainfleet.ca/town-hall/council/council-meeting-calendar/regular-meeting-council-68,,,,,
tier3_auto_transcription_queue.txt,https://youtu.be/H5mqD6ZYgzw?si=yc8J6YaggiFKsi6P,youtu.be,youtube,pin-added,owner found via jurisdiction_coverage.csv,us:place:2057625,https://cityofprattks.com,,,,,
tier3_auto_transcription_queue.txt,https://www.youtube.com/watch?v=hrG2RzUj78A,www.youtube.com,youtube,pin,tenant_overrides.csv www.youtube.com match=hrG2RzUj78A source=wo129_confirmed_hits,us:place:3712340,https://www.cityofcherryville.com/council-meeting-minutes,,,,,
tier3_auto_transcription_queue.txt,https://www.youtube.com/live/RvW6t6ADwsc?si=fHnrJjInV_ppG6AZ,www.youtube.com,youtube,pin,tenant_overrides.csv www.youtube.com match=RvW6t6ADwsc source=ryan_stated,us:place:4108650,https://brookings.or.us,,,,,
tier3_auto_transcription_queue.txt,https://youtube.com/live/FhSQcRP4PQs,youtube.com,youtube,pin-added,owner found via jurisdiction_coverage.csv,us:place:5523575,https://elmgrovewi.org,,,,,
tier3_auto_transcription_queue.txt,https://youtu.be/X-0qkBUu45I,youtu.be,youtube,pin,tenant_overrides.csv youtu.be match=X-0qkBUu45I source=wo129_confirmed_hits,us:place:3043375,https://cityoflewistown.com/i-want-to/commission-agenda,,,,,
tier3_auto_transcription_queue.txt,https://youtu.be/fUFLzGbMBDE,youtu.be,youtube,pin,tenant_overrides.csv youtu.be match=fUFLzGbMBDE source=ryan_stated,us:place:1750244,https://cityofmonticello.net,,,,,
tier3_auto_transcription_queue.txt,https://youtu.be/YL_IyIyKAaw?si=tbW0i5HOqKk156aN,youtu.be,youtube,pin,tenant_overrides.csv youtu.be match=YL_IyIyKAaw source=wo129_confirmed_hits,ca:csd:4715008,https://humboldt.ca/city-council-meetings/,,,,,
tier3_auto_transcription_queue.txt,https://www.youtube.com/watch?v=qMvItA_QZss,www.youtube.com,youtube,pin,tenant_overrides.csv www.youtube.com match=qMvItA_QZss source=wo174_agendacenter_probe,us:place:1949215,https://maquoketaia.com,,,,,
tier3_auto_transcription_queue.txt,https://www.youtube.com/watch?v=IQAzXEXe-8U,www.youtube.com,youtube,pin-added,owner found via jurisdiction_coverage.csv,us:place:4927490,https://fruitheights.gov,,,,,
tier3_auto_transcription_queue.txt,https://www.youtube.com/watch?v=_NoD-1pBuCA,www.youtube.com,youtube,pin,tenant_overrides.csv www.youtube.com match=_NoD-1pBuCA source=wo129_confirmed_hits,us:place:4865344,https://cityofsandyoaks.com/agendas-and-minutes/,,,,,
tier3_auto_transcription_queue.txt,https://youtu.be/R7HvU9XPO3o,youtu.be,youtube,pin-added,owner found via jurisdiction_coverage.csv,us:place:4123800,https://www.cityofestacada.org/government/mayor-city-council/citycouncilagenda-minutes/,,,,,
tier3_auto_transcription_queue.txt,https://youtu.be/Hiw5f0o-uD0,youtu.be,youtube,pin,tenant_overrides.csv youtu.be match=Hiw5f0o-uD0 source=ryan_stated+proposal,us:place:3016600,https://cityofcolumbiafalls.org,,,,,
tier3_auto_transcription_queue.txt,https://youtu.be/h86duh7HC4g,youtu.be,youtube,pin-added,owner found via jurisdiction_coverage.csv,us:place:1734865,https://cityofhighwood.com,,,,,
tier3_auto_transcription_queue.txt,https://youtu.be/xc2kwJv7H2U,youtu.be,youtube,pin-added,owner found via jurisdiction_coverage.csv,us:place:2034300,https://cityofiola.com,,,,,
tier3_auto_transcription_queue.txt,https://youtu.be/Ly_xicYGjKw,youtu.be,youtube,pin-added,owner found via jurisdiction_coverage.csv,ca:csd:3534042,https://www.westelgin.net/municipal-office/agendas-and-minutes/meeting-videos,,,,,
tier3_auto_transcription_queue.txt,http://www.youtube.com/watch?v=KF4N78Gz64g,www.youtube.com,youtube,no-owner,www.youtube.com is a MULTI_GOV_HOSTS host with no matching pin,,https://cherokeevillage.gov/cherokee-village-arkansas-videos-1.html,,,,,
tier3_auto_transcription_queue.txt,https://youtu.be/DUrqNiBbrlA?si=gwALfJ0AfqDX7nTI,youtu.be,youtube,no-owner,youtu.be is a MULTI_GOV_HOSTS host with no matching pin,,https://townofranlo.org/town-council/minutes-agendas/,,,,,
tier3_auto_transcription_queue.txt,https://youtu.be/Mf7sfXwAS5s,youtu.be,youtube,no-owner,youtu.be is a MULTI_GOV_HOSTS host with no matching pin,,https://jenkintownboro.com/meeting-agendas-and-minutes/,,,,,
tier3_auto_transcription_queue.txt,https://youtu.be/TzLasTBn1MU,youtu.be,youtube,no-owner,youtu.be is a MULTI_GOV_HOSTS host with no matching pin,,https://www.hanwell.nb.ca/council/council-meetings/,,,,,
tier3_auto_transcription_queue.txt,https://youtu.be/px8QNbEOM7o,youtu.be,youtube,no-owner,youtu.be is a MULTI_GOV_HOSTS host with no matching pin,,https://greentreeboro.com/government/borough_council_mayor/agendas_minutes.php,,,,,
tier3_auto_transcription_queue.txt,https://youtu.be/D8JFxbst21c,youtu.be,youtube,pin-added,owner found via jurisdiction_coverage.csv,us:place:4107200,https://www.cityofboardman.com/meetings/recent?boards-commissions=136,,,,,
tier3_auto_transcription_queue.txt,https://youtu.be/0w3JA00vKHg,youtu.be,youtube,pin-added,owner found via jurisdiction_coverage.csv,us:place:4570585,https://surfsidebeach.org,,,,,
tier3_auto_transcription_queue.txt,https://www.youtube.com/watch?v=IeHKW7bHlow&t=529s,www.youtube.com,youtube,no-owner,www.youtube.com is a MULTI_GOV_HOSTS host with no matching pin,,https://www.cityofwalhalla.com/government/city-council/,,,,,
tier3_auto_transcription_queue.txt,https://www.youtube.com/watch?v=uLdoeTmPTv0,www.youtube.com,youtube,pin,tenant_overrides.csv www.youtube.com match=uLdoeTmPTv0 source=wo145_api_first_sweep,us:county:32029,https://storeycounty.org,,,,,
tier3_auto_transcription_queue.txt,https://youtu.be/x60ykiYvPk8,youtu.be,youtube,no-owner,youtu.be is a MULTI_GOV_HOSTS host with no matching pin,,https://www.cityofbaldwin.org/council-meetings,,,,,
tier3_auto_transcription_queue.txt,https://youtu.be/lLhCexaZBMk?si=31P7oL-tCEGeTdZ-,youtu.be,youtube,pin-added,owner found via jurisdiction_coverage.csv,us:place:2053225,https://www.osawatomieks.org,,,,,
tier3_auto_transcription_queue.txt,https://youtu.be/uyqDYCPSmQE,youtu.be,youtube,pin-added,owner found via jurisdiction_coverage.csv,us:place:5517775,https://cross-plains.wi.us,,,,,
tier3_auto_transcription_queue.txt,https://youtu.be/tzmTtHJYHgA,youtu.be,youtube,pin-added,owner found via jurisdiction_coverage.csv,us:place:2923950,https://fentonmo.org,,,,,
tier3_auto_transcription_queue.txt,https://youtu.be/GsVi-Lru84A,youtu.be,youtube,pin-added,owner found via jurisdiction_coverage.csv,us:place:3721160,https://emeraldisle-nc.org,,,,,
tier3_auto_transcription_queue.txt,https://www.youtube.com/watch?v=Zqebch7aGk4,www.youtube.com,youtube,pin-added,owner found via wo190_report.csv,ca:csd:3547035,https://www.bonnecherevalleytwp.com/council-and-staff/agenda/,,,,,
tier3_auto_transcription_queue.txt,https://www.youtube.com/live/L0lsITl9_l0?si=Z26piE2eGFgC8O7-,www.youtube.com,youtube,pin-added,owner found via jurisdiction_coverage.csv,us:place:4867400,https://shenandoahtx.us,,,,,
tier3_auto_transcription_queue.txt,https://youtube.com/live/mHy8DSQKcMM?feature=share,youtube.com,youtube,pin,tenant_overrides.csv youtube.com match=mHy8DSQKcMM source=wo145_api_first_sweep,us:place:1842861,https://www.leocedarville.com,,,,,
tier3_auto_transcription_queue.txt,https://youtu.be/KAz8ccJSW7o,youtu.be,youtube,no-owner,youtu.be is a MULTI_GOV_HOSTS host with no matching pin,,https://www.lvtexas.us/agendas-and-minutes,,,,,
tier3_auto_transcription_queue.txt,https://www.youtube.com/watch?v=6U_2S0h673k,www.youtube.com,youtube,pin-added,owner found via jurisdiction_coverage.csv,us:place:4845288,https://lytletx.org,,,,,
tier3_auto_transcription_queue.txt,https://www.youtube.com/watch?v=zh2fP6-5awU,www.youtube.com,youtube,pin-added,owner found via wo190_report.csv,us:place:1728144,https://cityoffulton.us/council-meetings/,,,,,
tier3_auto_transcription_queue.txt,https://youtu.be/bO4TBORmRlM,youtu.be,youtube,no-owner,youtu.be is a MULTI_GOV_HOSTS host with no matching pin,,https://cityofmyrtlecreek.com/government/city_council/agendas_and_minutes.php,,,,,
tier3_auto_transcription_queue.txt,https://youtu.be/qc1sqhYXFt4,youtu.be,youtube,pin-added,owner found via jurisdiction_coverage.csv,us:place:3952052,https://morelandhills.com,,,,,
tier3_auto_transcription_queue.txt,https://youtube.com/live/LuhRRe_kqC0,youtube.com,youtube,pin-added,owner found via jurisdiction_coverage.csv,us:place:4246792,https://malvern.org,,,,,
tier3_auto_transcription_queue.txt,https://www.youtube.com/watch?v=qBVdyjjimAI,www.youtube.com,youtube,pin-added,owner found via jurisdiction_coverage.csv,us:place:4958510,https://www.parowan.gov,,,,,
tier3_auto_transcription_queue.txt,https://www.youtube.com/embed/n-7ixnwZ5WY?feature=oembed,www.youtube.com,youtube,pin-added,owner found via wo190_report.csv,ca:csd:3552023,https://www.sables-spanish.ca/,,,,,
tier3_auto_transcription_queue.txt,https://youtu.be/RayYiKoN_b8,youtu.be,youtube,no-owner,youtu.be is a MULTI_GOV_HOSTS host with no matching pin,,https://jeffersonohio.gov/committee-meetings/,,,,,
tier3_auto_transcription_queue.txt,https://youtu.be/ka5cHEEF-3k,youtu.be,youtube,no-owner,youtu.be is a MULTI_GOV_HOSTS host with no matching pin,,https://eastdundee.net/government/meeting_agendas___minutes.php,,,,,
tier3_auto_transcription_queue.txt,https://youtu.be/nVoqTpN5upo?si=NFe77iIatGxpvDa6,youtu.be,youtube,pin-added,owner found via jurisdiction_coverage.csv,us:place:1978285,https://www.tiptoniowa.org,,,,,
tier3_auto_transcription_queue.txt,https://www.youtube.com/watch?v=NK9fFbNIrkM,www.youtube.com,youtube,pin-added,owner found via wo190_report.csv,us:place:1983595,https://westbranchiowa.org/city-of-west-branch/mayor-city-council/meetings/,,,,,
tier3_auto_transcription_queue.txt,https://www.youtube.com/watch?v=jm4AftbOdxU,www.youtube.com,youtube,no-owner,www.youtube.com is a MULTI_GOV_HOSTS host with no matching pin,,https://www.cityofeufaulaok.com/meeting-agendas/,,,,,
tier3_auto_transcription_queue.txt,https://youtu.be/GmwMkHaQSx0?si=QLSaSb96RcHTk3nW,youtu.be,youtube,pin,tenant_overrides.csv youtu.be match=GmwMkHaQSx0 source=ryan_stated,us:place:1935265,https://cityofhawarden.com,,,,,
tier3_auto_transcription_queue.txt,https://youtu.be/C2S_e4p_xbk,youtu.be,youtube,no-owner,youtu.be is a MULTI_GOV_HOSTS host with no matching pin,,https://townshipofperry.ca/agendas-minutes/,,,,,
tier3_auto_transcription_queue.txt,https://www.youtube.com/embed/FoF8epxWCjg,www.youtube.com,youtube,pin-added,owner found via wo190_report.csv,us:place:1939585,https://jesupiowa.com/meetings,,,,,
tier3_auto_transcription_queue.txt,https://youtu.be/-dtav9g0l4I,youtu.be,youtube,no-owner,youtu.be is a MULTI_GOV_HOSTS host with no matching pin,,https://eddystoneborough.org/meeting-videos/,,,,,
tier3_auto_transcription_queue.txt,https://www.youtube.com/live/tk6JvDvnfu8?si=vvosXq27vg0gndRd,www.youtube.com,youtube,pin,tenant_overrides.csv www.youtube.com match=tk6JvDvnfu8 source=wo145_api_first_sweep,us:place:2031400,https://www.cityofherington.com,,,,,
tier3_auto_transcription_queue.txt,https://youtu.be/e6-O1fv5wqQ,youtu.be,youtube,no-owner,youtu.be is a MULTI_GOV_HOSTS host with no matching pin,,https://chevychasevillagemd.gov,,,,,
tier3_auto_transcription_queue.txt,https://youtu.be/CwJuTGwsDXI,youtu.be,youtube,no-owner,youtu.be is a MULTI_GOV_HOSTS host with no matching pin,,https://lakeisabellami.org/your_government/meeting_minutes/index.php,,,,,
tier3_auto_transcription_queue.txt,https://youtu.be/2IzfxIBABcM,youtu.be,youtube,pin-added,owner found via jurisdiction_coverage.csv,ca:csd:3538031,https://www.villageofpointedward.com/municipal-office/council-calendar,,,,,
tier3_auto_transcription_queue.txt,https://www.youtube.com/live/pmxf2hPShsQ?si=gpEsh0oAvWV420bS,www.youtube.com,youtube,pin-added,owner found via jurisdiction_coverage.csv,us:place:4037100,https://inolaok.com,,,,,
tier3_auto_transcription_queue.txt,https://youtu.be/ARGwj3EWpLE,youtu.be,youtube,pin-added,owner found via jurisdiction_coverage.csv,us:place:4128450,https://cityofgearhart.com,,,,,
tier3_auto_transcription_queue.txt,https://www.youtube.com/watch?v=DgrpvbZkNQY,www.youtube.com,youtube,pin-added,owner found via wo190_report.csv,us:place:2603520,https://armadatwp.gov/board-of-trustees/,,,,,
tier3_auto_transcription_queue.txt,https://youtube.com/embed/nuY2sVhg2t8?rel=0&showinfo=0&si=ne4uQKn8WYMEQTeb&autoplay=0&loop=0&muted=0&controls=1,youtube.com,youtube,pin-added,owner found via jurisdiction_coverage.csv,us:place:3705460,https://bethelnc.org/town-hall-meetings,,,,,
tier3_auto_transcription_queue.txt,https://youtu.be/LEnTUFG8fZo,youtu.be,youtube,no-owner,youtu.be is a MULTI_GOV_HOSTS host with no matching pin,,https://baltic.govoffice.com/calendar,,,,,
tier3_auto_transcription_queue.txt,https://www.youtube.com/embed/PRCUa5P79rI?si=T4FXaq7F9iq__gDf,www.youtube.com,youtube,pin-added,owner found via wo183_report.csv,us:cousub:5001537075,https://townofjohnson.com,,,,,
tier3_auto_transcription_queue.txt,https://www.youtube.com/watch?v=q9WD5BNNpD0,www.youtube.com,youtube,pin-added,owner found via wo190_report.csv,us:place:2685080,https://webbervillemi.com/village-council-meeting-minutes-and-agendas/,,,,,
tier3_auto_transcription_queue.txt,https://youtu.be/H70t9SnWIKk,youtu.be,youtube,pin-added,owner found via jurisdiction_coverage.csv,us:place:4815328,https://clearlakeshores-tx.gov/m/newsflash/home/detail/1142,,,,,
tier3_auto_transcription_queue.txt,https://www.youtube.com/watch?v=mXaiWzLv5wo,www.youtube.com,youtube,pin-added,owner found via wo190_report.csv,ca:csd:4711014,https://townofdavidson.com/town-office/town-council/,,,,,
tier3_auto_transcription_queue.txt,https://www.youtube.com/embed/1s9vw8DXQzk?si=L0IAcx8CawjYzUgj,www.youtube.com,youtube,pin-added,owner found via wo179_report.csv,us:place:1226250,https://goldenbeach.us,,,,,
tier3_auto_transcription_queue.txt,https://www.youtube.com/live/i3bqItA0Dl4?si=89vjhac18pBerZEY,www.youtube.com,youtube,pin-added,owner found via jurisdiction_coverage.csv,ca:csd:3557066,https://www.princetownship.ca/council-meeting-recordings.html,,,,,
tier3_auto_transcription_queue.txt,https://youtu.be/Hb8AjjYRb90,youtu.be,youtube,pin-added,owner found via jurisdiction_coverage.csv,us:place:2940322,https://www.lakewaukomis.org/,,,,,
tier3_auto_transcription_queue.txt,https://youtu.be/RVxA79NFLDQ,youtu.be,youtube,pin-added,owner found via jurisdiction_coverage.csv,us:place:1901000,https://alburnettia.org/council-meetings,,,,,
tier3_auto_transcription_queue.txt,https://www.youtube.com/watch?v=hGkHytoAVlE,www.youtube.com,youtube,pin,tenant_overrides.csv www.youtube.com match=hGkHytoAVlE source=wo174_agendacenter_probe,us:county:31109,https://www.lancaster.ne.gov,,,,,
tier3_auto_transcription_queue.txt,https://youtu.be/o3qdNG-zNjs?si=VpBGIRjPL19F7mRL,youtu.be,youtube,pin-added,owner found via jurisdiction_coverage.csv,us:place:5034975,https://hydeparkvt.com/boardscommissions/selectboard/agendas_and_minutes.php,,,,,
tier3_auto_transcription_queue.txt,https://www.youtube.com/embed/f8RzDE7tzu8?rel=0&fs=1&wmode=transparent,www.youtube.com,youtube,pin,tenant_overrides.csv www.youtube.com match=f8RzDE7tzu8 source=wo190_resolve_research_urls,us:place:0117968,https://mycountyline.org,,,,,
tier3_auto_transcription_queue.txt,https://www.youtube.com/watch?v=mPG3g1DbLaY,www.youtube.com,youtube,pin-added,owner found via wo145_report.csv,us:cousub:0915001430,https://ashfordtownhall.org/,,,,,
tier3_auto_transcription_queue.txt,https://www.youtube.com/live/-9vm1M_twqs,www.youtube.com,youtube,no-owner,www.youtube.com is a MULTI_GOV_HOSTS host with no matching pin,,https://www.bloomfieldct.gov/,,,,,
tier3_auto_transcription_queue.txt,https://www.youtube.com/watch?v=GswtF4v6CfM,www.youtube.com,youtube,pin-added,owner found via wo190_report.csv,us:cousub:0916016050,https://townofcolebrook.org/,,,,,
tier3_auto_transcription_queue.txt,https://www.youtube.com/watch?v=xqAjH84Un1w&list=PLKZOA8LbpZNyhqR-5eQ3YXX4zlN56ABqj&index=1,www.youtube.com,youtube,pin-added,owner found via wo145_report.csv,us:cousub:0919018850,https://www.darienct.gov/,,,,,
tier3_auto_transcription_queue.txt,https://www.youtube.com/live/g4PAoFyp-nE,www.youtube.com,youtube,no-owner,www.youtube.com is a MULTI_GOV_HOSTS host with no matching pin,,https://www.ellington-ct.gov/government/budget-process/schedule-of-budget-related-meetings,,,,,
tier3_auto_transcription_queue.txt,https://www.youtube.com/watch?v=o9Uhdad-M-I,www.youtube.com,youtube,pin,tenant_overrides.csv www.youtube.com match=o9Uhdad-M-I source=ryan_stated,us:cousub:0919033620,https://www.greenwichct.gov/,,,,,
tier3_auto_transcription_queue.txt,https://youtu.be/hi24D_LydNo,youtu.be,youtube,pin-added,owner found via jurisdiction_coverage.csv,us:cousub:0916037140,https://www.hartlandct.org/boards-commissions/board-of-finance-page,,,,,
tier3_auto_transcription_queue.txt,https://youtu.be/1LliJEzNLRU?si=Z114pyhbyPGTGdKG,youtu.be,youtube,pin-added,owner found via wo145_report.csv,us:cousub:0918043230,https://www.lisbonct.gov,,,,,
tier3_auto_transcription_queue.txt,https://youtu.be/dEoH6q9y90U,youtu.be,youtube,no-owner,youtu.be is a MULTI_GOV_HOSTS host with no matching pin,,https://www.madisonct.org/,,,,,
tier3_auto_transcription_queue.txt,https://www.youtube.com/watch?v=xVt1kQNuhjM,www.youtube.com,youtube,pin-added,owner found via wo190_report.csv,us:cousub:0916049460,https://www.townofmorrisct.com/events-list-past,,,,,
tier3_auto_transcription_queue.txt,https://youtu.be/KV8oQTi5Eu8,youtu.be,youtube,pin-added,owner found via wo145_report.csv,us:cousub:0913057040,https://www.oldlyme-ct.gov/,,,,,
tier3_auto_transcription_queue.txt,https://www.youtube.com/watch?v=bNELfyS-1i0,www.youtube.com,youtube,pin,tenant_overrides.csv www.youtube.com match=bNELfyS-1i0 source=wo145_api_first_sweep,us:cousub:0911068940,https://www.simsbury-ct.gov/,,,,,
tier3_auto_transcription_queue.txt,https://www.youtube.com/watch?v=cQcsHDhRVkY&t=1771s,www.youtube.com,youtube,pin-added,owner found via wo145_report.csv,us:cousub:0915078600,https://www.voluntown.gov/,,,,,
tier3_auto_transcription_queue.txt,https://www.youtube.com/watch?v=_EpSAgzON9A,www.youtube.com,youtube,pin-added,owner found via wo145_report.csv,us:cousub:0916079720,https://www.washingtonct.org/,,,,,
tier3_auto_transcription_queue.txt,https://youtu.be/3lZUXRC8Bxs?si=PvbEf8bgbFTdsYso,youtu.be,youtube,pin-added,owner found via wo145_report.csv,us:cousub:2501703005,https://www.ayer.ma.us,,,,,
tier3_auto_transcription_queue.txt,https://www.youtube.com/watch?v=Yb-dOTijlfU,www.youtube.com,youtube,pin-added,owner found via wo145_report.csv,us:cousub:2501704615,https://www.bedfordma.gov/,,,,,
tier3_auto_transcription_queue.txt,https://youtu.be/xkYuiPKdU1M?si=0nATzND85ApHyuSD,youtu.be,youtube,pin-added,owner found via wo145_report.csv,us:cousub:2501504825,https://www.belchertown.org/,,,,,
tier3_auto_transcription_queue.txt,https://www.youtube.com/watch?v=mtiv9BSkBC4,www.youtube.com,youtube,pin-added,owner found via wo145_report.csv,us:cousub:2502104930,https://www.bellinghamma.org/,,,,,
tier3_auto_transcription_queue.txt,https://www.youtube.com/watch?v=4s2K5eFRgyc,www.youtube.com,youtube,no-owner,www.youtube.com is a MULTI_GOV_HOSTS host with no matching pin,,https://www.boxborough-ma.gov/,,,,,
tier3_auto_transcription_queue.txt,https://www.youtube.com/live/GvuFLziqUmc?si=A-ui9NsFPVpwV8dy,www.youtube.com,youtube,pin-added,owner found via wo145_report.csv,us:cousub:2501713135,https://chelmsfordma.gov/agendacenter,,,,,
tier3_auto_transcription_queue.txt,https://www.youtube.com/watch?v=Vwc-DvBnIfc,www.youtube.com,youtube,no-owner,www.youtube.com is a MULTI_GOV_HOSTS host with no matching pin,,https://concordma.gov/,,,,,
tier3_auto_transcription_queue.txt,https://www.youtube.com/watch?v=89xKLsCjtC4&list=PL97Cp8D5oEfmM_ow6xQxqNzV3za_cjv3t&index=1,www.youtube.com,youtube,pin-added,owner found via wo190_report.csv,us:cousub:2501115200,https://conwayma.gov/p/119/TOWN-MEETING,,,,,
tier3_auto_transcription_queue.txt,https://youtube.com/live/GRxznetH6K8?feature=share,youtube.com,youtube,pin-added,owner found via wo145_report.csv,us:cousub:2500916250,https://www.danversma.gov/,,,,,
tier3_auto_transcription_queue.txt,https://www.youtube.com/watch?v=dMsbk35Gcxk,www.youtube.com,youtube,pin-added,owner found via wo145_report.csv,us:cousub:2501319645,https://eastlongmeadowma.gov,,,,,
tier3_auto_transcription_queue.txt,https://www.youtube.com/embed/n4lM3gWnun4?si=rXVdCbwlP_dVfLZb,www.youtube.com,youtube,pin-added,owner found via wo190_report.csv,us:cousub:2500520100,https://www.easton.ma.us/departments/town_clerk1/town_meeting_information.php,,,,,
tier3_auto_transcription_queue.txt,https://www.youtube.com/embed/3J2iFWUlD1w?feature=oembed,www.youtube.com,youtube,pin-added,owner found via jurisdiction_coverage.csv,us:cousub:2500522130,https://fairhaven-ma.gov/town-meeting-information/,,,,,
tier3_auto_transcription_queue.txt,https://youtu.be/rGPIr-1QA6k?si=GS6tM1X98yyElkBT,youtu.be,youtube,pin-added,owner found via jurisdiction_coverage.csv,us:cousub:2502726430,http://www.grafton-ma.gov/,,,,,
tier3_auto_transcription_queue.txt,https://www.youtube.com/watch?v=_VWbH4lpcuA,www.youtube.com,youtube,pin-added,owner found via wo145_report.csv,us:cousub:2502734165,https://www.ci.lancaster.ma.us/,,,,,
tier3_auto_transcription_queue.txt,https://youtu.be/xRalLU1Fzrk,youtu.be,youtube,pin-added,owner found via wo145_report.csv,us:cousub:2500937995,http://www.manchester.ma.us/,,,,,
tier3_auto_transcription_queue.txt,https://www.youtube.com/watch?v=4Q9Qupm1-ts,www.youtube.com,youtube,pin-added,owner found via wo145_report.csv,us:cousub:2500139100,https://mashpeema.gov,,,,,
tier3_auto_transcription_queue.txt,https://youtu.be/VvCsG7hcfaY,youtu.be,youtube,no-owner,youtu.be is a MULTI_GOV_HOSTS host with no matching pin,,https://www.townofmaynard-ma.gov/,,,,,
tier3_auto_transcription_queue.txt,https://youtu.be/tfbJXO5IHUI,youtu.be,youtube,no-owner,youtu.be is a MULTI_GOV_HOSTS host with no matching pin,,http://www.town.medfield.net/,,,,,
tier3_auto_transcription_queue.txt,https://youtu.be/wA5YzqTNnEE,youtu.be,youtube,pin-added,owner found via wo145_report.csv,us:cousub:2502340850,https://www.middleboroughma.gov/,,,,,
tier3_auto_transcription_queue.txt,https://www.youtube.com/watch?v=_FFpAbPbZI4,www.youtube.com,youtube,pin-added,owner found via wo145_report.csv,us:cousub:2502747135,https://northbrookfield.net,,,,,
tier3_auto_transcription_queue.txt,https://youtu.be/zKkrgXCpdAE?si=cKssnRbdlzm4K3Pv,youtu.be,youtube,pin-added,owner found via wo145_report.csv,us:cousub:2501761380,https://www.sherbornma.org/,,,,,
tier3_auto_transcription_queue.txt,https://youtu.be/nrHr00ClIjk?si=hZwf1TzkLRQAYclF,youtu.be,youtube,pin-added,owner found via wo145_report.csv,us:cousub:2502761800,https://shrewsburyma.gov/,,,,,
tier3_auto_transcription_queue.txt,https://www.youtube.com/watch?v=VX4x4JqZKMg,www.youtube.com,youtube,pin,tenant_overrides.csv www.youtube.com match=VX4x4JqZKMg source=wo145_api_first_sweep,us:cousub:2500562430,https://www.townofsomerset.org/,,,,,
tier3_auto_transcription_queue.txt,https://youtu.be/uSBMTe-eKjk,youtu.be,youtube,pin-added,owner found via wo145_report.csv,us:cousub:2502763165,https://www.southboroughma.gov/,,,,,
tier3_auto_transcription_queue.txt,https://youtu.be/dXLwEk-B-kA,youtu.be,youtube,pin-added,owner found via jurisdiction_coverage.csv,us:cousub:2501365825,https://www.southwickma.gov,,,,,
tier3_auto_transcription_queue.txt,https://www.youtube.com/live/CKAadV7ObcY?si=-LeoDVOXtWqjP4tX,www.youtube.com,youtube,pin-added,owner found via wo145_report.csv,us:cousub:2502768610,https://www.suttonma.gov/,,,,,
tier3_auto_transcription_queue.txt,https://www.youtube.com/watch?v=ikhhqwEB7rE,www.youtube.com,youtube,pin-added,owner found via wo145_report.csv,us:cousub:2500968645,https://www.swampscottma.gov/,,,,,
tier3_auto_transcription_queue.txt,https://youtu.be/uZXQ8mVseeQ,youtu.be,youtube,pin-added,owner found via wo145_report.csv,us:cousub:2501769415,https://www.tewksbury-ma.gov/,,,,,
tier3_auto_transcription_queue.txt,https://youtu.be/izHtAtNqIwA,youtu.be,youtube,pin-added,owner found via jurisdiction_coverage.csv,us:cousub:2502771620,https://uxbridge-ma.gov/m/newsflash/home/detail/165,,,,,
tier3_auto_transcription_queue.txt,https://youtu.be/ZnuFS3zOqcE,youtu.be,youtube,pin-added,owner found via jurisdiction_coverage.csv,us:cousub:2501772215,https://www.wakefieldma.gov,,,,,
tier3_auto_transcription_queue.txt,https://www.youtube.com/live/FJaljAnmwJk?si=g3Tm65z0cF2NG0r8,www.youtube.com,youtube,pin-added,owner found via wo145_report.csv,us:cousub:2502172495,https://www.walpole-ma.gov/,,,,,
tier3_auto_transcription_queue.txt,https://youtu.be/Olyxy0hAwRg?si=mZPmUW9Flw-1x9vI,youtu.be,youtube,pin-added,owner found via wo145_report.csv,us:cousub:2500977150,https://www.wnewbury.org/,,,,,
tier3_auto_transcription_queue.txt,https://youtu.be/rJItSdrOktY,youtu.be,youtube,pin-added,owner found via wo145_report.csv,us:cousub:2500377990,https://www.weststockbridge-ma.gov,,,,,
tier3_auto_transcription_queue.txt,https://youtu.be/-BjU2PJ6PQI,youtu.be,youtube,pin-added,owner found via wo145_report.csv,us:cousub:2501776135,https://westfordma.gov/,,,,,
tier3_auto_transcription_queue.txt,https://www.youtube.com/watch?v=16QaIfTuWOc,www.youtube.com,youtube,pin-added,owner found via jurisdiction_coverage.csv,us:cousub:2502780405,https://www.townofwinchendon.com/,,,,,
tier3_auto_transcription_queue.txt,https://www.youtube.com/watch?v=io2rmvBjmFs,www.youtube.com,youtube,pin-added,owner found via wo145_report.csv,us:cousub:2502182315,https://www.wrentham.gov/,,,,,
tier3_auto_transcription_queue.txt,https://www.youtube.com/watch?v=rXjrOpaYKqE&list=PLICeyXrJUk8g3Qb3_pVmPqZioMqcs3i9l,www.youtube.com,youtube,pin-added,owner found via wo184_ingest_report.csv,us:cousub:2501121780,https://www.erving-ma.gov,,,,,
tier3_auto_transcription_queue.txt,https://youtube.com/watch?v=XykzEivIKJI,youtube.com,youtube,pin-added,owner found via wo225_report.csv,us:cousub:0911082590,https://www.westhartfordct.gov/,,,,,
tier3_auto_transcription_queue.txt,https://youtu.be/O062YJCkeoY?si=HZMBKM2o9I5VsnfB,youtu.be,youtube,no-owner,youtu.be is a MULTI_GOV_HOSTS host with no matching pin,,https://southeast-ny.gov,,,,,
tier3_auto_transcription_queue.txt,https://youtu.be/tFSeTvDlVuU,youtu.be,youtube,pin-added,owner found via wo145_report.csv,us:cousub:3401311200,https://cedargrovenj.org/,,,,,
tier3_auto_transcription_queue.txt,https://www.youtube.com/watch?v=BUo-yztYN3U,www.youtube.com,youtube,pin-added,owner found via wo145_report.csv,us:cousub:3403913150,https://www.ourclark.com/,,,,,
tier3_auto_transcription_queue.txt,https://youtube.com/live/i5xtQ6x6uE8,youtube.com,youtube,pin-added,owner found via wo174_report.csv,us:cousub:3401918820,https://www.eastamwelltownship.com/,,,,,
tier3_auto_transcription_queue.txt,https://www.youtube.com/watch?v=N0BpMNSZsM0&t=1s,www.youtube.com,youtube,pin-added,owner found via wo145_report.csv,us:cousub:3402319000,https://www.eastbrunswick.org/,,,,,
tier3_auto_transcription_queue.txt,https://youtu.be/DlyesU9apFY,youtu.be,youtube,pin,tenant_overrides.csv youtu.be match=DlyesU9apFY source=wo145_api_first_sweep,us:cousub:3400129280,https://www.hamiltonnj.com/,,,,,
tier3_auto_transcription_queue.txt,https://youtu.be/V487mYma6uU,youtu.be,youtube,pin-added,owner found via wo145_report.csv,us:cousub:3402729550,https://www.hanovertownship.com/,,,,,
tier3_auto_transcription_queue.txt,https://youtu.be/lr9RTRYl3gs,youtu.be,youtube,pin-added,owner found via wo145_report.csv,us:cousub:3402533300,https://www.twp.howell.nj.us/,,,,,
tier3_auto_transcription_queue.txt,https://youtube.com/live/Mgfc9hJBC0U?feature=share,youtube.com,youtube,pin-added,owner found via wo145_report.csv,us:cousub:3402934680,https://www.jacksontwpnj.net/,,,,,
tier3_auto_transcription_queue.txt,https://www.youtube.com/watch?v=8y4JOLjcRqA,www.youtube.com,youtube,pin-added,owner found via wo145_report.csv,us:cousub:3402937380,https://www.laceytownship.org/,,,,,
tier3_auto_transcription_queue.txt,https://www.youtube.com/live/nNkMDIgraWU?si=ucgtOHgPoo1nllB3&t=2822,www.youtube.com,youtube,pin-added,owner found via wo145_report.csv,us:cousub:3401313045,https://orangenj.gov/,,,,,
tier3_auto_transcription_queue.txt,https://www.youtube.com/watch?v=LPz-m1kbFxk,www.youtube.com,youtube,pin-added,owner found via wo145_report.csv,us:cousub:3403769690,https://www.spartanj.org/,,,,,
tier3_auto_transcription_queue.txt,https://www.youtube.com/watch?v=6m9ZDv_U1Bw,www.youtube.com,youtube,pin-added,owner found via wo190_report.csv,us:cousub:3400572060,https://www.tabernacle-nj.gov/agendas_and_minutes/index.php,,,,,
tier3_auto_transcription_queue.txt,https://www.youtube.com/watch?v=tWfBzdyIxkw,www.youtube.com,youtube,pin-added,owner found via wo145_report.csv,us:cousub:3301543220,https://londonderrynh.gov,,,,,
tier3_auto_transcription_queue.txt,https://www.youtube.com/live/XkeqGLQ2S3o?si=x5H62hwUaG_8XvP_,www.youtube.com,youtube,pin-added,owner found via jurisdiction_coverage.csv,us:cousub:3301129860,https://goffstownnh.gov,,,,,
tier3_auto_transcription_queue.txt,https://youtu.be/RQ3pxTLZdZo?si=F5vj7kM9cOrddCZ1,youtu.be,youtube,pin,tenant_overrides.csv youtu.be match=RQ3pxTLZdZo source=wo145_api_first_sweep,us:cousub:2609946900,https://lenox-mi.gov,,,,,
tier3_auto_transcription_queue.txt,https://youtu.be/xG6BkGEcoX4,youtu.be,youtube,pin-added,owner found via jurisdiction_coverage.csv,us:cousub:3600336112,https://townofhumeny.gov,,,,,
tier3_auto_transcription_queue.txt,https://www.youtube.com/embed/8Fxfcd47cFA?autoplay=0&controls=1&origin=https://thurmanny.gov&loop=0&mute=0,www.youtube.com,youtube,pin-added,owner found via wo190_report.csv,us:cousub:3611373814,https://thurmanny.gov,,,,,
tier3_auto_transcription_queue.txt,https://youtube.com/live/U4SoNZj0DRI?feature=share,youtube.com,youtube,pin-added,owner found via jurisdiction_coverage.csv,us:cousub:3607912529,https://www.townofcarmelny.gov,,,,,
tier3_auto_transcription_queue.txt,https://youtu.be/FjZJdUABWdE,youtu.be,youtube,pin-added,owner found via jurisdiction_coverage.csv,us:cousub:2604979460,https://thetfordtwpmi.gov/board-of-trustees/,,,,,
tier3_auto_transcription_queue.txt,https://www.youtube.com/watch?v=gP8aIzUc8pc&list=PL19629C231AF5032B&index=1,www.youtube.com,youtube,pin-added,owner found via jurisdiction_coverage.csv,us:cousub:2600513700,https://cascostclair.gov/board-of-trustees/,,,,,
tier3_auto_transcription_queue.txt,https://www.youtube.com/watch?v=BD8AP4EtUoM,www.youtube.com,youtube,no-owner,www.youtube.com is a MULTI_GOV_HOSTS host with no matching pin,,https://pittsfield-mi.gov,,,,,
tier3_auto_transcription_queue.txt,https://www.youtube.com/watch?v=VDx4bwC-wBc,www.youtube.com,youtube,pin-added,owner found via wo179_report.csv,us:cousub:3606912100,https://www.canadiceny.gov/,,,,,
tier3_auto_transcription_queue.txt,https://www.youtube.com/watch?v=nZN7jjP-p8g,www.youtube.com,youtube,pin-added,owner found via wo179_report.csv,us:cousub:2301309725,http://www.camdenmaine.gov/select_board/2026_agendas___minutes___packets/index.php,,,,,
tier3_auto_transcription_queue.txt,https://youtu.be/GLABBLwpnuo,youtu.be,youtube,pin-added,owner found via wo145_report.csv,us:cousub:2613931880,https://georgetown-mi.gov,,,,,
tier3_auto_transcription_queue.txt,https://www.youtube.com/embed/kXRMiKgnj2Y?feature=oembed,www.youtube.com,youtube,pin-added,owner found via wo190_report.csv,us:cousub:5002311350,https://calaisvermont.gov/governance/boards-commissions/board-of-abatement/,,,,,
tier3_auto_transcription_queue.txt,https://youtu.be/6T8ammMeYhQ,youtu.be,youtube,pin-added,owner found via jurisdiction_coverage.csv,us:cousub:3603138396,https://www.townofjayny.gov/meeting-minutes/,,,,,
tier3_auto_transcription_queue.txt,https://youtube.com/live/HAgy5Xmd2AY?feature=share,youtube.com,youtube,pin-added,owner found via wo145_report.csv,us:cousub:3301306500,https://bownh.gov,,,,,
tier3_auto_transcription_queue.txt,https://youtu.be/1rZGxLUgWy0,youtu.be,youtube,pin-added,owner found via wo145_report.csv,us:cousub:3301552900,https://newton-nh.gov,,,,,
tier3_auto_transcription_queue.txt,https://www.youtube.com/watch?v=65NANNXGFeA,www.youtube.com,youtube,pin-added,owner found via wo190_report.csv,us:cousub:2600905240,https://bankstownshipmi.gov,,,,,
tier3_auto_transcription_queue.txt,https://www.youtube.com/watch?v=0NcoauIbmFw,www.youtube.com,youtube,pin-added,owner found via wo145_report.csv,us:cousub:5002144125,https://www.mendonvt.gov,,,,,
tier3_auto_transcription_queue.txt,https://www.youtube.com/watch?v=keVEP85fA4w,www.youtube.com,youtube,no-owner,www.youtube.com is a MULTI_GOV_HOSTS host with no matching pin,,https://wheatfield-ny.gov,,,,,
tier3_auto_transcription_queue.txt,https://www.youtube.com/watch?v=xEmi_xXcSpQ,www.youtube.com,youtube,pin-added,owner found via wo145_report.csv,us:cousub:3605515462,https://www.chiliny.gov,,,,,
tier3_auto_transcription_queue.txt,https://youtu.be/4AIf6JVpzFM,youtu.be,youtube,pin-added,owner found via jurisdiction_coverage.csv,us:cousub:3300908980,https://www.canaannh.gov,,,,,
tier3_auto_transcription_queue.txt,https://youtube.com/live/sWUkyx7R7XA?feature=share,youtube.com,youtube,pin-added,owner found via wo145_report.csv,us:cousub:3301361940,https://www.pittsfieldnh.gov/,,,,,
tier3_auto_transcription_queue.txt,https://youtu.be/JwU1iYRJRxI,youtu.be,youtube,pin-added,owner found via wo145_report.csv,us:cousub:3301551380,https://newfieldsnh.gov,,,,,
tier3_auto_transcription_queue.txt,https://youtu.be/iLANebBysP8,youtu.be,youtube,pin-added,owner found via wo145_report.csv,us:cousub:3610366839,https://shelterislandtown.gov,,,,,
tier3_auto_transcription_queue.txt,https://www.youtube.com/watch?v=wuPdqXeOKFI,www.youtube.com,youtube,pin-added,owner found via wo190_report.csv,us:cousub:2301363660,https://rockportmaine.gov/pathways2026agendasandminutes,,,,,
tier3_auto_transcription_queue.txt,https://youtu.be/iROqXBmQBFs,youtu.be,youtube,pin-added,owner found via wo145_report.csv,us:cousub:3602737209,https://hydeparkny.gov,,,,,
tier3_auto_transcription_queue.txt,https://www.youtube.com/watch?v=-HkLGr86420,www.youtube.com,youtube,pin-added,owner found via wo190_report.csv,us:cousub:4203980000,https://vernontwp-pa.gov/minutes-2022/,,,,,
tier3_auto_transcription_queue.txt,https://youtu.be/qU2bI6djfgc,youtu.be,youtube,pin-added,owner found via wo145_report.csv,us:cousub:3301539780,https://kensingtonnh.gov,,,,,
tier3_auto_transcription_queue.txt,https://youtu.be/yxwWK85jQA0,youtu.be,youtube,pin-added,owner found via wo145_report.csv,us:cousub:3300941860,https://lincolnnh.gov,,,,,
tier3_auto_transcription_queue.txt,https://www.youtube.com/watch?v=HCXq0G0R-nw,www.youtube.com,youtube,no-owner,www.youtube.com is a MULTI_GOV_HOSTS host with no matching pin,,https://www.townshendvt.gov/boards-meetings/selectboard/town-meeting,,,,,
tier3_auto_transcription_queue.txt,https://www.youtube.com/watch?v=F_pAL2il-0Y,www.youtube.com,youtube,pin-added,owner found via wo190_report.csv,us:cousub:3611564782,https://townofsalemny.gov/town-board-meetings/,,,,,
tier3_auto_transcription_queue.txt,https://youtu.be/7mrNRtI8YCQ?si=7FEoaX0mMGulOAYh,youtu.be,youtube,pin-added,owner found via jurisdiction_coverage.csv,us:cousub:3602128871,https://townofghent.org/quicklinks/town-board-minutes/,,,,,
tier3_auto_transcription_queue.txt,https://youtu.be/3szTLclX0t4,youtu.be,youtube,no-owner,youtu.be is a MULTI_GOV_HOSTS host with no matching pin,,https://guilfordvt.gov/documents-and-maps/meeting-minutes/,,,,,
tier3_auto_transcription_queue.txt,https://www.youtube.com/watch?v=nqVamczLc8M,www.youtube.com,youtube,pin-added,owner found via wo145_report.csv,us:cousub:3300907700,https://bristolnh.gov,,,,,
tier3_auto_transcription_queue.txt,https://www.youtube.com/embed/n23mUEIJQ-E,www.youtube.com,youtube,pin-added,owner found via wo190_report.csv,us:cousub:5502126725,https://fortwinn.gov,,,,,
tier3_auto_transcription_queue.txt,https://www.youtube.com/watch?v=IkAL7ob8mr8,www.youtube.com,youtube,pin-added,owner found via wo190_report.csv,us:cousub:3301309860,https://www.canterburynh.gov/departments/administration/town-meeting/,,,,,
tier3_auto_transcription_queue.txt,https://youtu.be/3csdRVYqUeE,youtu.be,youtube,pin-added,owner found via jurisdiction_coverage.csv,us:cousub:5002107750,https://www.brandonvermont.gov,,,,,
tier3_auto_transcription_queue.txt,https://youtu.be/vO5gBZq6JS0,youtu.be,youtube,pin-added,owner found via jurisdiction_coverage.csv,us:cousub:2302941610,https://lubecme.gov/boards/board-of-selectmen/,,,,,
tier3_auto_transcription_queue.txt,https://www.youtube.com/embed/SUTgjBgTU_A?si=KiI7spq2jNgDWZbC,www.youtube.com,youtube,no-owner,www.youtube.com is a MULTI_GOV_HOSTS host with no matching pin,,https://www.lyndenmn.gov/meeting-video/,,,,,
tier3_auto_transcription_queue.txt,https://youtu.be/PnjzsFGT7Co,youtu.be,youtube,pin-added,owner found via wo145_report.csv,us:cousub:5000736700,https://www.jerichovt.org,,,,,
tier3_auto_transcription_queue.txt,https://www.youtube.com/watch?v=Yb4-U8Ne-rY,www.youtube.com,youtube,pin-added,owner found via wo145_report.csv,us:cousub:3301343380,https://loudonnh.org,,,,,
tier3_auto_transcription_queue.txt,https://youtu.be/us2Aj0JNFfM,youtu.be,youtube,pin-added,owner found via wo145_report.csv,us:cousub:2300947630,https://mtdesert.org,,,,,
tier3_auto_transcription_queue.txt,https://youtu.be/j7IU5HyEetU?si=4QI4U9vEU-rgmyEX,youtu.be,youtube,pin-added,owner found via jurisdiction_coverage.csv,us:cousub:2602506720,https://www.bedfordchartertwpmi.gov/government/township_board/agendas___minutes.php,,,,,
tier3_auto_transcription_queue.txt,https://www.youtube.com/watch?v=3AZLoUiAqts&t=15s,www.youtube.com,youtube,pin-added,owner found via wo190_report.csv,us:cousub:2606553140,https://www.meridian.mi.us/news/posts/haslett-road-public-meeting-video-now-available/,,,,,
tier3_auto_transcription_queue.txt,https://youtu.be/i3jgHflUFHs,youtu.be,youtube,pin-added,owner found via jurisdiction_coverage.csv,us:cousub:2609709500,https://www.boisblanctownship.org/boards-and-commissions/meeting-documents/,,,,,
tier3_auto_transcription_queue.txt,https://youtu.be/I0PSbsgUEMg?list=PL1FNTHBBwsYsZDEGIw0wQo2wEYCgu_qG5,youtu.be,youtube,pin,tenant_overrides.csv youtu.be match=I0PSbsgUEMg source=wo145_api_first_sweep,us:cousub:2609916520,https://www.clintontownship.com/,,,,,
tier3_auto_transcription_queue.txt,https://www.youtube.com/watch?v=lAG1c3ldxx4,www.youtube.com,youtube,pin-added,owner found via wo190_report.csv,us:cousub:2614723820,https://www.eastchinatownship.org/nav/new_page/clerks_office/board_meeting_agendas_and_minutes.php,,,,,
tier3_auto_transcription_queue.txt,https://youtu.be/gKPsxhKVx_0?si=Z881PH1KdtFXdQly,youtu.be,youtube,pin,tenant_overrides.csv youtu.be match=gKPsxhKVx_0 source=wo190_resolve_research_urls,us:cousub:2601944240,http://www.laketwp.org/meetings.htm,,,,,
tier3_auto_transcription_queue.txt,https://www.youtube.com/watch?v=28KVL0t45rw,www.youtube.com,youtube,pin-added,owner found via wo190_report.csv,us:cousub:2602551960,https://www.marshalltownship.org/,,,,,
tier3_auto_transcription_queue.txt,https://youtube.com/live/Qn0NeuuOpjg?feature=share,youtube.com,youtube,pin,tenant_overrides.csv youtube.com match=Qn0NeuuOpjg source=wo145_api_first_sweep,us:cousub:2608112500,https://www.caledoniatownship.org/,,,,,
tier3_auto_transcription_queue.txt,https://youtu.be/Wz2gPdrRYWA?si=FugWkKXrRvp5OmK3,youtu.be,youtube,pin-added,owner found via wo174_report.csv,us:cousub:2609946900,http://www.lenox-mi.gov/AgendaCenter,,,,,
tier3_auto_transcription_queue.txt,https://www.youtube.com/watch?v=NKPwfgOK77w,www.youtube.com,youtube,no-owner,www.youtube.com is a MULTI_GOV_HOSTS host with no matching pin,,https://5-rivers.ca/index.asp?SEC=A9C02084-2D42-4724-A651-802C87BFCF42,,,,,
tier3_auto_transcription_queue.txt,https://www.youtube.com/live/Je4pi72iBBM?feature=share,www.youtube.com,youtube,no-owner,www.youtube.com is a MULTI_GOV_HOSTS host with no matching pin,,,,,,,
tier3_auto_transcription_queue.txt,https://youtu.be/em6xC15jPms,youtu.be,youtube,no-owner,youtu.be is a MULTI_GOV_HOSTS host with no matching pin,,https://vilsv.ca/village-office/council/council-meeting-minutes,,,,,
tier3_auto_transcription_queue.txt,https://www.youtube.com/watch?v=G8myJ6ZmN70,www.youtube.com,youtube,no-owner,www.youtube.com is a MULTI_GOV_HOSTS host with no matching pin,,,,,,,
tier3_auto_transcription_queue.txt,https://www.youtube.com/watch?v=ovoSOginpBs,www.youtube.com,youtube,no-owner,www.youtube.com is a MULTI_GOV_HOSTS host with no matching pin,,,,,,,
tier3_auto_transcription_queue.txt,https://buffalo.viebit.com/watch?hash=11TLAPa5nJChjObE,buffalo.viebit.com,buffalo.viebit.com,registry,not in MULTI_GOV_HOSTS -- single-tenant vendor host,,https://ci.buffalo.mn.us/AgendaCenter,,,,,
tier3_auto_transcription_queue.txt,https://youtu.be/a9Hvm9l_-Xk?si=87I36qwnus7tTl6-,youtu.be,youtube,pin,tenant_overrides.csv youtu.be match=a9Hvm9l_-Xk source=wo174_agendacenter_probe,us:county:13217,https://www.newtoncountyga.gov,,,,,
tier3_auto_transcription_queue.txt,https://www.youtube.com/live/qbSbfqh1MQ0?si=mBLw1s2yJJk6vXG8,www.youtube.com,youtube,pin-added,owner found via jurisdiction_coverage.csv,us:county:18059,https://hancockin.gov,,,,,
tier3_auto_transcription_queue.txt,https://www.youtube.com/watch?v=bHdf8AKUo7A&list=PLNI9VsCb9IXSwh1WCuYZKwwXrC-Bhoroc,www.youtube.com,youtube,pin-added,owner found via jurisdiction_coverage.csv,us:county:18095,https://www.madison-in.gov,,,,,
tier3_auto_transcription_queue.txt,https://youtu.be/O1cXygITuRM,youtu.be,youtube,pin,tenant_overrides.csv youtu.be match=O1cXygITuRM source=wo149_county_ladder_sweep,us:county:19129,https://millscountyiowa.gov,,,,,
tier3_auto_transcription_queue.txt,https://www.youtube.com/watch?v=my1pQX-Vhik,www.youtube.com,youtube,pin,tenant_overrides.csv www.youtube.com match=my1pQX-Vhik source=wo149_county_ladder_sweep,us:county:18157,https://www.tippecanoe.in.gov,,,,,
tier3_auto_transcription_queue.txt,https://www.youtube.com/watch?v=CxboOLMlUdQ,www.youtube.com,youtube,pin,tenant_overrides.csv www.youtube.com match=CxboOLMlUdQ source=wo149_county_ladder_sweep,us:county:20057,https://fordcounty.net,,,,,
tier3_auto_transcription_queue.txt,https://youtu.be/ROc7ughPEjg,youtu.be,youtube,pin,tenant_overrides.csv youtu.be match=ROc7ughPEjg source=wo174_agendacenter_probe,us:county:01071,https://jacksoncountyal.gov,,,,,
tier3_auto_transcription_queue.txt,https://www.youtube.com/watch?v=m6xsdWkl7pU,www.youtube.com,youtube,pin,tenant_overrides.csv www.youtube.com match=m6xsdWkl7pU source=wo149_county_ladder_sweep,us:county:39045,https://fairfieldcountyohio.gov,,,,,
tier3_auto_transcription_queue.txt,https://www.youtube.com/watch?v=RTcl3-w3XYM,www.youtube.com,youtube,no-owner,www.youtube.com is a MULTI_GOV_HOSTS host with no matching pin,,https://randolphcountync.gov/m/newsflash/home/detail/2609,,,,,
tier3_auto_transcription_queue.txt,https://www.youtube.com/live/xsFR4ADdnk0?si=WeZ4RgzXNI044Mxz,www.youtube.com,youtube,pin,tenant_overrides.csv www.youtube.com match=xsFR4ADdnk0 source=wo174_agendacenter_probe,us:county:21093,https://hardincountyky.gov,,,,,
tier3_auto_transcription_queue.txt,https://youtube.com/live/KIiYQN_5h1s,youtube.com,youtube,pin,tenant_overrides.csv youtube.com match=KIiYQN_5h1s source=wo149_county_ladder_sweep,us:county:47087,https://jacksoncountytn.gov/government/commissioners/,,,,,
tier3_auto_transcription_queue.txt,https://www.youtube.com/watch?v=Jj4PDHMgOKc&t=10s,www.youtube.com,youtube,pin,tenant_overrides.csv www.youtube.com match=Jj4PDHMgOKc source=wo149_county_ladder_sweep,us:county:56001,https://www.albanycountywy.gov,,,,,
tier3_auto_transcription_queue.txt,https://www.youtube.com/embed/pFCzw5Kofi8?si=sspKev8Khe8dAcHH,www.youtube.com,youtube,pin-added,owner found via jurisdiction_coverage.csv,us:county:11001,https://sboe.dc.gov/,,,,,
tier3_auto_transcription_queue.txt,https://www.youtube.com/watch?v=2GxoGgByB3I,www.youtube.com,youtube,pin,tenant_overrides.csv www.youtube.com match=2GxoGgByB3I source=wo149_county_ladder_sweep,us:county:17179,https://tazewell-il.gov/agendas-and-minutes/,,,,,
tier3_auto_transcription_queue.txt,https://kentcountymd.portal.civicclerk.com/event/860/media,kentcountymd.portal.civicclerk.com,civicclerk,registry,not in MULTI_GOV_HOSTS -- single-tenant vendor host,,https://kentcounty.com,,,,,
tier3_auto_transcription_queue.txt,https://www.youtube.com/watch?v=qUOg21KJ2h4&list=PLpdhAa-KzwkbYfqvSg2DOXcG1o38-06JY,www.youtube.com,youtube,pin,tenant_overrides.csv www.youtube.com match=qUOg21KJ2h4 source=wo149_county_ladder_sweep,us:county:20041,https://www.dkcoks.gov/Commission-Meeting-Viewing,,,,,
tier3_auto_transcription_queue.txt,https://monroecomi.portal.civicclerk.com/event/599/media,monroecomi.portal.civicclerk.com,civicclerk,registry,not in MULTI_GOV_HOSTS -- single-tenant vendor host,,https://www.co.monroe.mi.us,,,,,
tier3_auto_transcription_queue.txt,https://www.youtube.com/embed/AscWHEa0ay4?enablejsapi=1&autoplay=0&cc_load_policy=0&cc_lang_pref=&iv_load_policy=1&loop=0&rel=0&fs=1&playsinline=0&autohide=2&theme=dark&color=red&controls=1&disablekb=0,www.youtube.com,youtube,pin,tenant_overrides.csv www.youtube.com match=AscWHEa0ay4 source=wo149_county_ladder_sweep,us:county:39085,https://www.lakecountyohio.gov/,,,,,
tier3_auto_transcription_queue.txt,https://youtu.be/Rp7tUN-qGLs,youtu.be,youtube,pin,tenant_overrides.csv youtu.be match=Rp7tUN-qGLs source=wo149_county_ladder_sweep,us:county:29037,https://casscounty.com,,,,,
tier3_auto_transcription_queue.txt,https://youtu.be/eM-WJSIDiEg,youtu.be,youtube,pin-added,owner found via wo258_report.csv,us:county:19195,https://worthcountyiowa.gov/board_of_supervisors/meetings/,,,,,
tier3_auto_transcription_queue.txt,https://www.youtube.com/watch?v=-cxYHy0I1wc&list=PLGZywuY2SLqIbaCt9eq65q5GIdc1OE4Xn&index=1,www.youtube.com,youtube,pin,tenant_overrides.csv www.youtube.com match=-cxYHy0I1wc source=wo149_county_ladder_sweep,us:place:3601000,https://albanyny.gov,,,,,
tier3_auto_transcription_queue.txt,https://youtu.be/V60fmU8Y2u4,youtu.be,youtube,pin,tenant_overrides.csv youtu.be match=V60fmU8Y2u4 source=wo149_county_ladder_sweep,us:county:30057,https://madisoncountymt.gov,,,,,
tier3_auto_transcription_queue.txt,https://www.youtube.com/watch?v=5APBji3iQwY,www.youtube.com,youtube,pin,tenant_overrides.csv www.youtube.com match=5APBji3iQwY source=wo149_county_ladder_sweep,us:county:20103,https://www.leavenworthcounty.gov/,,,,,
tier3_auto_transcription_queue.txt,https://www.youtube.com/watch?v=NuL1lEfk9Dw,www.youtube.com,youtube,pin,tenant_overrides.csv www.youtube.com match=NuL1lEfk9Dw source=wo147_access_ladder_sweep,us:county:08103,https://rbc.us,,,,,
tier3_auto_transcription_queue.txt,https://www.youtube.com/watch?v=t6GN8RYBea0,www.youtube.com,youtube,pin,tenant_overrides.csv www.youtube.com match=t6GN8RYBea0 source=wo149_county_ladder_sweep,us:county:21213,https://simpsoncountyky.gov/,,,,,
tier3_auto_transcription_queue.txt,https://www.youtube.com/watch?v=egCrex1uB6A,www.youtube.com,youtube,pin,tenant_overrides.csv www.youtube.com match=egCrex1uB6A source=wo149_county_ladder_sweep,us:county:12127,https://www.volusia.org/government/county-council/county-council-meetings/live-audio.stml,,,,,
tier3_auto_transcription_queue.txt,https://www.youtube.com/watch?v=_KUopZ-jajE,www.youtube.com,youtube,pin-added,owner found via wo190_report.csv,us:county:41059,https://co.umatilla.or.us/departments/board-of-commissioners/agendas-minutes-videos,,,,,
tier3_auto_transcription_queue.txt,https://www.youtube.com/watch?v=P3ewYzEdQA0,www.youtube.com,youtube,pin,tenant_overrides.csv www.youtube.com match=P3ewYzEdQA0 source=wo147_access_ladder_sweep,us:county:18053,https://www.in.gov/counties/grant/,,,,,
tier3_auto_transcription_queue.txt,https://www.youtube.com/watch?v=utKFTIrxl2U,www.youtube.com,youtube,pin,tenant_overrides.csv www.youtube.com match=utKFTIrxl2U source=wo147_access_ladder_sweep,us:county:45025,https://www.chesterfieldcountysc.com/agendas-minutes,,,,,
tier3_auto_transcription_queue.txt,https://www.youtube.com/watch?v=UC1UQVyMyybLHYJrI_Ms7pgA,www.youtube.com,youtube,pin-added,owner found via jurisdiction_coverage.csv,us:county:18083,https://knoxcounty.in.gov,,,,,
tier3_auto_transcription_queue.txt,https://www.youtube.com/watch?v=EbcZURj13AY,www.youtube.com,youtube,pin,tenant_overrides.csv www.youtube.com match=EbcZURj13AY source=wo149_county_ladder_sweep,us:county:47083,https://www.houstoncountytn.gov/legislative-body-meetings,,,,,
tier3_auto_transcription_queue.txt,https://www.youtube.com/watch?v=HY4Sr4X7_9Y,www.youtube.com,youtube,pin,tenant_overrides.csv www.youtube.com match=HY4Sr4X7_9Y source=wo149_county_ladder_sweep,us:county:18167,https://vigocounty.in.gov/meetings/,,,,,
tier3_auto_transcription_queue.txt,https://www.youtube.com/watch?v=4kFzDylX1vQ,www.youtube.com,youtube,pin,tenant_overrides.csv www.youtube.com match=4kFzDylX1vQ source=wo230,us:county:45083,https://www.spartanburgcounty.gov,,,,,
tier3_auto_transcription_queue.txt,https://www.youtube.com/watch?v=Gb4SlsL3HuI,www.youtube.com,youtube,pin,tenant_overrides.csv www.youtube.com match=Gb4SlsL3HuI source=wo149_county_ladder_sweep,us:county:26087,https://lapeercountymi.gov/government/board_of_commissioners/agendas___minutes.php,,,,,
tier3_auto_transcription_queue.txt,https://www.youtube.com/watch?v=l1kKWRFhWWs,www.youtube.com,youtube,pin,tenant_overrides.csv www.youtube.com match=l1kKWRFhWWs source=wo147_access_ladder_sweep,us:county:19127,https://marshallcountyia.gov/supervisors/agendas_minutes/,,,,,
tier3_auto_transcription_queue.txt,https://www.youtube.com/watch?v=LW29dkDS2pM,www.youtube.com,youtube,pin,tenant_overrides.csv www.youtube.com match=LW29dkDS2pM source=wo149_county_ladder_sweep,us:county:37033,https://www.caswellcountync.gov/minutes-and-agendas,,,,,
tier3_auto_transcription_queue.txt,https://www.youtube.com/watch?v=W0TrzjOXol4,www.youtube.com,youtube,pin,tenant_overrides.csv www.youtube.com match=W0TrzjOXol4 source=wo147_access_ladder_sweep,us:county:19193,https://www.woodburycountyiowa.gov/supervisors/meetings_minutes/,,,,,
tier3_auto_transcription_queue.txt,https://www.youtube.com/watch?v=IvtdFNL62To,www.youtube.com,youtube,pin,tenant_overrides.csv www.youtube.com match=IvtdFNL62To source=wo149_county_ladder_sweep,us:county:47103,https://lincolncountytn.gov,,,,,
tier3_auto_transcription_queue.txt,https://www.youtube.com/watch?v=CoBi4lFT1Yc,www.youtube.com,youtube,pin,tenant_overrides.csv www.youtube.com match=CoBi4lFT1Yc source=wo149_county_ladder_sweep,us:county:22017,https://caddo.gov,,,,,
tier3_auto_transcription_queue.txt,https://www.youtube.com/watch?v=IfVlsGxOqhw,www.youtube.com,youtube,pin,tenant_overrides.csv www.youtube.com match=IfVlsGxOqhw source=wo149_county_ladder_sweep,us:county:01069,https://houstoncountyal.gov/commission/meetings/?sPermalink=meetings_minutes&dID=425,,,,,
tier3_auto_transcription_queue.txt,https://www.youtube.com/watch?v=wdjOWGKSD0o,www.youtube.com,youtube,pin,tenant_overrides.csv www.youtube.com match=wdjOWGKSD0o source=wo147_access_ladder_sweep,us:county:22099,https://stmartinparish.net/government/parish_council/agendas___minutes.php,,,,,
tier3_auto_transcription_queue.txt,https://www.youtube.com/watch?v=X4u-R5Wtke0,www.youtube.com,youtube,pin,tenant_overrides.csv www.youtube.com match=X4u-R5Wtke0 source=wo147_access_ladder_sweep,us:county:33005,https://co.cheshire.nh.us/cheshire-county-delegation-presentation/,,,,,
tier3_auto_transcription_queue.txt,https://www.youtube.com/watch?v=qOmpMJzVxkY,www.youtube.com,youtube,pin,tenant_overrides.csv www.youtube.com match=qOmpMJzVxkY source=wo149_county_ladder_sweep,us:county:21215,https://spencercountyky.gov,,,,,
tier3_auto_transcription_queue.txt,https://www.youtube.com/watch?v=qFuwr-662-U,www.youtube.com,youtube,pin-added,owner found via wo147_tier3_pending.csv,us:county:34039,https://ucnj.org,,,,,
tier3_auto_transcription_queue.txt,https://www.youtube.com/watch?v=r12NUvcC0Uw,www.youtube.com,youtube,pin,tenant_overrides.csv www.youtube.com match=r12NUvcC0Uw source=wo149_county_ladder_sweep,us:county:24510,https://www.baltimorecity.gov,,,,,
tier3_auto_transcription_queue.txt,https://www.youtube.com/watch?v=3dam1orK_DM,www.youtube.com,youtube,pin,tenant_overrides.csv www.youtube.com match=3dam1orK_DM source=wo149_county_ladder_sweep,us:county:37065,https://www.edgecombecountync.gov/,,,,,
tier3_auto_transcription_queue.txt,https://youtu.be/EUl6I0yUj78,youtu.be,youtube,pin,tenant_overrides.csv youtu.be match=EUl6I0yUj78 source=wo149_county_ladder_sweep,us:county:41015,https://www.currycountyor.gov/government/board_of_commissioners/agendas_and_minutes.php,,,,,
tier3_auto_transcription_queue.txt,https://montgomeryconc.portal.civicclerk.com/event/5/media,montgomeryconc.portal.civicclerk.com,civicclerk,registry,not in MULTI_GOV_HOSTS -- single-tenant vendor host,,https://www.montgomerycountync.gov/board-of-commissioners,,,,,
tier3_auto_transcription_queue.txt,https://www.youtube.com/watch?v=_6BmRBMtkK8,www.youtube.com,youtube,pin,tenant_overrides.csv www.youtube.com match=_6BmRBMtkK8 source=wo149_county_ladder_sweep,us:county:42103,https://www.pikepa.org/,,,,,
tier3_auto_transcription_queue.txt,https://www.youtube.com/watch?v=VHX5Aeh70zY,www.youtube.com,youtube,pin-added,owner found via wo190_report.csv,us:county:45085,https://www.sumtercountysc.gov/,,,,,
tier3_auto_transcription_queue.txt,https://www.youtube.com/watch?v=KE1hRa780GI,www.youtube.com,youtube,pin,tenant_overrides.csv www.youtube.com match=KE1hRa780GI source=wo149_county_ladder_sweep,us:county:39147,https://senecacountyohio.gov,,,,,
tier3_auto_transcription_queue.txt,https://pueblococo.portal.civicclerk.com/event/6424/media,pueblococo.portal.civicclerk.com,civicclerk,registry,not in MULTI_GOV_HOSTS -- single-tenant vendor host,,https://pueblocounty.gov,,,,,
tier3_auto_transcription_queue.txt,https://www.youtube.com/watch?v=Xjun9K7WEak,www.youtube.com,youtube,pin,tenant_overrides.csv www.youtube.com match=Xjun9K7WEak source=wo149_county_ladder_sweep,us:county:55055,https://jeffersoncountywi.gov,,,,,
tier3_auto_transcription_queue.txt,https://youtu.be/XKOPxGb8VwI,youtu.be,youtube,pin,tenant_overrides.csv youtu.be match=XKOPxGb8VwI source=wo149_county_ladder_sweep,us:county:17157,https://randolphcountyil.gov/recorded-meetings/,,,,,
tier3_auto_transcription_queue.txt,https://www.youtube.com/embed/_Ij_eflJJT8?rel=0,www.youtube.com,youtube,pin,tenant_overrides.csv www.youtube.com match=_Ij_eflJJT8 source=wo149_county_ladder_sweep,us:county:42097,https://northumberlandcountypa.gov/public-meetings-and-agends/,,,,,
tier3_auto_transcription_queue.txt,https://www.youtube.com/watch?v=qzdE6voYIVg,www.youtube.com,youtube,pin,tenant_overrides.csv www.youtube.com match=qzdE6voYIVg source=wo149_county_ladder_sweep,us:county:20045,https://www.dgcoks.gov/,,,,,
tier3_auto_transcription_queue.txt,https://www.youtube.com/watch?v=vWvb9rC0yc4,www.youtube.com,youtube,pin,tenant_overrides.csv www.youtube.com match=vWvb9rC0yc4 source=wo149_county_ladder_sweep,us:county:27115,https://www.pinecountymn.gov/government/administrator/county_board_agendas_and_minutes.php,,,,,
tier3_auto_transcription_queue.txt,https://www.youtube.com/watch?v=77Xxd7yCF78,www.youtube.com,youtube,pin,tenant_overrides.csv www.youtube.com match=77Xxd7yCF78 source=wo149_county_ladder_sweep,us:county:47141,https://putnamcountytn.gov,,,,,
tier3_auto_transcription_queue.txt,https://www.youtube.com/watch?v=zgtFKwC2fek,www.youtube.com,youtube,pin,tenant_overrides.csv www.youtube.com match=zgtFKwC2fek source=wo149_county_ladder_sweep,us:county:31079,https://hallcountyne.gov,,,,,
tier3_auto_transcription_queue.txt,https://www.youtube.com/watch?v=e87vez6YPFo,www.youtube.com,youtube,pin,tenant_overrides.csv www.youtube.com match=e87vez6YPFo source=wo147_access_ladder_sweep,us:county:47169,https://trousdalecountytn.gov/government/local_government/commission_meeting_agendas_minutes.php,,,,,
tier3_auto_transcription_queue.txt,https://www.youtube.com/watch?v=XYUUXTXKdVw,www.youtube.com,youtube,pin,tenant_overrides.csv www.youtube.com match=XYUUXTXKdVw source=wo149_county_ladder_sweep,us:county:35047,https://co.sanmiguel.nm.us/departments/county_manager/meeting_minutes.php,,,,,
tier3_auto_transcription_queue.txt,https://www.youtube.com/watch?v=lOpI6uo0YSE,www.youtube.com,youtube,pin,tenant_overrides.csv www.youtube.com match=lOpI6uo0YSE source=wo149_county_ladder_sweep,us:county:42081,https://lycomingcountypa.gov/government/commissioners/draft_agendas_minutes.php,,,,,
tier3_auto_transcription_queue.txt,https://www.youtube.com/watch?v=mSPtARN27SM,www.youtube.com,youtube,pin,tenant_overrides.csv www.youtube.com match=mSPtARN27SM source=wo147_access_ladder_sweep,us:county:51007,https://ameliacova.com/departments/boards_and_commissions/agendas_and_minutes.php,,,,,
tier3_auto_transcription_queue.txt,https://www.youtube.com/watch?v=62ShXhFdEsg,www.youtube.com,youtube,pin,tenant_overrides.csv www.youtube.com match=62ShXhFdEsg source=wo149_county_ladder_sweep,us:county:01113,https://russellcountyal.gov,,,,,
tier3_auto_transcription_queue.txt,https://www.youtube.com/watch?v=QMBKJ_-1BCI,www.youtube.com,youtube,pin,tenant_overrides.csv www.youtube.com match=QMBKJ_-1BCI source=wo147_access_ladder_sweep,us:county:08019,https://www.clearcreekcounty.us,,,,,
tier3_auto_transcription_queue.txt,https://youtu.be/7RIfyUgSBSA,youtu.be,youtube,pin,tenant_overrides.csv youtu.be match=7RIfyUgSBSA source=wo149_county_ladder_sweep,us:county:13199,https://meriwethercountyga.gov,,,,,
tier3_auto_transcription_queue.txt,https://www.youtube.com/watch?v=7tiaEc49Aho,www.youtube.com,youtube,pin-added,owner found via wo190_report.csv,us:county:51125,https://www.nelsoncounty-va.gov/government/board-of-supervisors/,,,,,
tier3_auto_transcription_queue.txt,https://www.youtube.com/watch?v=DkCP8ls8rxY,www.youtube.com,youtube,pin,tenant_overrides.csv www.youtube.com match=DkCP8ls8rxY source=wo149_county_ladder_sweep,us:county:35007,https://co.colfax.nm.us/government/meeting_stream_archive.php,,,,,
tier3_auto_transcription_queue.txt,https://youtu.be/ebBv2Hd5VLk,youtu.be,youtube,pin,tenant_overrides.csv youtu.be match=ebBv2Hd5VLk source=wo149_county_ladder_sweep,us:county:33017,https://straffordcounty.gov/county-information/strafford-county-meeting-videos,,,,,
tier3_auto_transcription_queue.txt,https://youtu.be/zVs2OzysXVk,youtu.be,youtube,pin,tenant_overrides.csv youtu.be match=zVs2OzysXVk source=wo149_county_ladder_sweep,us:county:47147,https://robertsoncountytn.gov/local_government/county_commissioners/county_commission_minutes.php,,,,,
tier3_auto_transcription_queue.txt,https://www.youtube.com/watch?v=ar7fCh_Js6I,www.youtube.com,youtube,pin-added,owner found via wo149_report.csv,us:county:47153,https://sequatchiecountytn.gov/events.php,,,,,
tier3_auto_transcription_queue.txt,https://www.youtube.com/watch?v=WK-_IvgmAXo,www.youtube.com,youtube,pin,tenant_overrides.csv www.youtube.com match=WK-_IvgmAXo source=wo149_county_ladder_sweep,us:county:54027,http://hampshirewv.com/,,,,,
tier3_auto_transcription_queue.txt,https://www.youtube.com/watch?v=mSsCNen0O2c,www.youtube.com,youtube,pin,tenant_overrides.csv www.youtube.com match=mSsCNen0O2c source=wo149_county_ladder_sweep,us:county:54061,http://www.co.monongalia.wv.us,,,,,
tier3_auto_transcription_queue.txt,https://www.youtube.com/watch?v=_tLzvzGYrg4&t=23s,www.youtube.com,youtube,pin-added,owner found via wo149_report.csv,us:county:56035,https://sublettecountywy.gov,,,,,
tier3_auto_transcription_queue.txt,https://www.youtube.com/watch?v=6bSxgjS0Nos,www.youtube.com,youtube,pin,tenant_overrides.csv www.youtube.com match=6bSxgjS0Nos source=wo149_county_ladder_sweep,us:county:55035,https://eauclairecounty.gov/board_of_supervisors/agendas_minutes,,,,,
tier3_auto_transcription_queue.txt,https://youtu.be/-a-RpEuUt3Y,youtu.be,youtube,pin,tenant_overrides.csv youtu.be match=-a-RpEuUt3Y source=wo149_county_ladder_sweep,us:county:08065,https://lakecountyco.gov,,,,,
tier3_auto_transcription_queue.txt,https://www.youtube.com/watch?v=4vl9l6MWEuw,www.youtube.com,youtube,pin,tenant_overrides.csv www.youtube.com match=4vl9l6MWEuw source=wo147_access_ladder_sweep,us:county:42065,https://www.jeffersoncountypa.gov/,,,,,
tier3_auto_transcription_queue.txt,https://youtu.be/Aeb42Gdp6Nw,youtu.be,youtube,pin,tenant_overrides.csv youtu.be match=Aeb42Gdp6Nw source=wo149_county_ladder_sweep,us:county:17149,https://www.pikecountyil.org/archived-board-meetings-live-stream/,,,,,
tier3_auto_transcription_queue.txt,https://youtu.be/a0lGf-8xa40,youtu.be,youtube,pin,tenant_overrides.csv youtu.be match=a0lGf-8xa40 source=wo149_county_ladder_sweep,us:county:56033,https://www.sheridancountywy.gov/county_government/elected_offices/county_commissioners/agenda_minutes.php,,,,,
tier3_auto_transcription_queue.txt,https://www.youtube.com/live/zRMTdcNOpx4?si=31rFRo8XchKaasP0,www.youtube.com,youtube,pin-added,owner found via jurisdiction_coverage.csv,us:county:17113,https://mcleancountyil.gov,,,,,
tier3_auto_transcription_queue.txt,https://youtu.be/MQKY7v54ixg?t=1454,youtu.be,youtube,pin,tenant_overrides.csv youtu.be match=MQKY7v54ixg source=wo149_county_ladder_sweep,us:county:13039,https://camdencountyga.gov,,,,,
tier3_auto_transcription_queue.txt,https://jodaviesscoil.portal.civicclerk.com/event/2478/media,jodaviesscoil.portal.civicclerk.com,civicclerk,registry,not in MULTI_GOV_HOSTS -- single-tenant vendor host,,https://www.jodaviesscountyil.gov,,,,,
tier3_auto_transcription_queue.txt,https://youtu.be/Wq5iIHC0F3U,youtu.be,youtube,pin,tenant_overrides.csv youtu.be match=Wq5iIHC0F3U source=wo149_county_ladder_sweep,us:county:01039,https://www.covingtoncountyal.gov,,,,,
tier3_auto_transcription_queue.txt,https://www.youtube.com/watch?v=3eGhsGQ8U0E,www.youtube.com,youtube,no-owner,www.youtube.com is a MULTI_GOV_HOSTS host with no matching pin,,https://kankakeecountyil.gov,,,,,
tier3_auto_transcription_queue.txt,https://www.youtube.com/watch?v=Fm6d2szosYc,www.youtube.com,youtube,pin,tenant_overrides.csv www.youtube.com match=Fm6d2szosYc source=wo149_county_ladder_sweep,us:county:27055,https://hocomn.gov/government/board_of_adjustment.php,,,,,
tier3_auto_transcription_queue.txt,https://youtu.be/qVZY4GfKXbk,youtu.be,youtube,pin,tenant_overrides.csv youtu.be match=qVZY4GfKXbk source=wo149_county_ladder_sweep,us:county:22075,https://plaqueminesparish.gov,,,,,
tier3_auto_transcription_queue.txt,https://www.youtube.com/watch?v=r4soy9scbFc,www.youtube.com,youtube,pin-added,owner found via jurisdiction_coverage.csv,us:county:13245,https://www.augustaga.gov/1393/Government-Meetings-Live,,,,,
tier3_auto_transcription_queue.txt,https://www.youtube.com/watch?v=F7YGekOj36U,www.youtube.com,youtube,pin,tenant_overrides.csv www.youtube.com match=F7YGekOj36U source=wo149_county_ladder_sweep,us:county:13223,https://meetings.municode.com/PublishPage/index?cid=PAULDINGGA&ppid=a023d971-d971-44ac-a411-85d5afa307e1&p=1,,,,,
tier3_auto_transcription_queue.txt,https://rileycoks.portal.civicclerk.com/event/725/media,rileycoks.portal.civicclerk.com,civicclerk,registry,not in MULTI_GOV_HOSTS -- single-tenant vendor host,,https://www.rileycountyks.gov/,,,,,
tier3_auto_transcription_queue.txt,https://www.youtube.com/watch?v=veEqVGRMFRM,www.youtube.com,youtube,pin-added,owner found via wo151_report.csv,us:county:28047,https://harrisoncountyms.gov,,,,,
tier3_auto_transcription_queue.txt,https://youtu.be/gGFvlfXMkzk,youtu.be,youtube,no-owner,youtu.be is a MULTI_GOV_HOSTS host with no matching pin,,https://hampdenma.gov,,,,,report=us:cousub:2501328075 (wo183_report.csv) vs jc=us:county:25013 (jurisdiction_coverage.csv)
tier3_auto_transcription_queue.txt,https://www.youtube.com/watch?v=GGErk0S1ZOg,www.youtube.com,youtube,pin,tenant_overrides.csv www.youtube.com match=GGErk0S1ZOg source=wo149_county_ladder_sweep,us:county:25011,https://franklinma.gov,,,,,
tier3_auto_transcription_queue.txt,https://www.youtube.com/watch?v=Rr13U7shSj0,www.youtube.com,youtube,pin,tenant_overrides.csv www.youtube.com match=Rr13U7shSj0 source=wo190_resolve_research_urls,us:county:25023,https://plymouth-ma.gov,,,,,
tier3_auto_transcription_queue.txt,https://www.youtube.com/watch?v=hFMoRLzz-fM,www.youtube.com,youtube,pin-added,owner found via wo216_report.csv,us:county:36005,https://bronxboropres.nyc.gov,,,,,
tier3_auto_transcription_queue.txt,https://www.youtube.com/watch?v=7mSaxSWWCz4,www.youtube.com,youtube,pin-added,owner found via jurisdiction_coverage.csv,us:county:26111,https://midlandcountymi.gov,,,,,
tier3_auto_transcription_queue.txt,https://www.youtube.com/watch?v=hvt6RilOxOQ,www.youtube.com,youtube,no-owner,www.youtube.com is a MULTI_GOV_HOSTS host with no matching pin,,https://lincolncountync.gov,,,,,
tier3_auto_transcription_queue.txt,https://www.youtube.com/embed/ck76bzlEgIU?si=hJuBcYQ3IYkrdUZa,www.youtube.com,youtube,pin,tenant_overrides.csv www.youtube.com match=ck76bzlEgIU source=wo149_county_ladder_sweep,us:county:27119,https://polkcountymn.gov,,,,,
tier3_auto_transcription_queue.txt,https://www.youtube.com/live/IEZoIxA87S8,www.youtube.com,youtube,pin,tenant_overrides.csv www.youtube.com match=IEZoIxA87S8 source=ryan_stated,us:county:34037,https://www.sussex.nj.us,,,,,
tier3_auto_transcription_queue.txt,https://rowancountync.portal.civicclerk.com/event/419/media,rowancountync.portal.civicclerk.com,civicclerk,registry,not in MULTI_GOV_HOSTS -- single-tenant vendor host,,https://www.rowancountync.gov/1209/Agendas-Minutes-Meetings-Notices,,,,,
tier3_auto_transcription_queue.txt,https://vimeo.com/844049346?share=copy,vimeo.com,vimeo,pin-added,owner found via jurisdiction_coverage.csv,us:county:37013,https://beaufortcountync.gov,,,,,
tier3_auto_transcription_queue.txt,https://crookcoor.portal.civicclerk.com/event/3479/media,crookcoor.portal.civicclerk.com,civicclerk,registry,not in MULTI_GOV_HOSTS -- single-tenant vendor host,,https://crookcountyor.gov,,,,,
tier3_auto_transcription_queue.txt,https://lincolncosd.portal.civicclerk.com/event/940/media,lincolncosd.portal.civicclerk.com,civicclerk,registry,not in MULTI_GOV_HOSTS -- single-tenant vendor host,,https://lincolncountysd.gov/311/Agendas-Minutes,,,,,
tier3_auto_transcription_queue.txt,https://campbellcowy.portal.civicclerk.com/event/6808/media,campbellcowy.portal.civicclerk.com,civicclerk,registry,not in MULTI_GOV_HOSTS -- single-tenant vendor host,,https://campbellcountywy.gov/2276/Agendas-and-Minutes,,,,,
tier3_auto_transcription_queue.txt,https://www.youtube.com/live/3zw9XsBgKhs?si=ZMzDm_rC8dsGWXpC,www.youtube.com,youtube,pin,tenant_overrides.csv www.youtube.com match=3zw9XsBgKhs source=wo174_agendacenter_probe,us:county:51049,https://cumberlandcounty.virginia.gov,,,,,
tier3_auto_transcription_queue.txt,https://www.youtube.com/watch?v=PLHelQFD49yC0pEwIoNeti336MKWKm46Wk,www.youtube.com,youtube,no-owner,www.youtube.com is a MULTI_GOV_HOSTS host with no matching pin,,https://fayettecountyga.gov/government/boards_commissions/board_of_elections/index.php,,,,,
tier3_auto_transcription_queue.txt,https://vimeo.com/707985726,vimeo.com,vimeo,pin,tenant_overrides.csv vimeo.com match=707985726 source=wo174_agendacenter_probe,us:county:53053,https://www.piercecountywa.gov,,,,,
tier3_auto_transcription_queue.txt,https://madisoncoil.portal.civicclerk.com/event/429/media,madisoncoil.portal.civicclerk.com,civicclerk,registry,not in MULTI_GOV_HOSTS -- single-tenant vendor host,,https://www.madisoncountyil.gov/departments/county_clerk/county_board_records/board_agendas_and_minutes.php,,,,,
tier3_auto_transcription_queue.txt,https://www.youtube.com/watch?v=opShAXxbREg,www.youtube.com,youtube,no-owner,www.youtube.com is a MULTI_GOV_HOSTS host with no matching pin,,https://www.botetourtva.gov/765/Live-Stream,,,,,
tier3_auto_transcription_queue.txt,https://www.youtube.com/watch?v=LcqnaTUQ4FY,www.youtube.com,youtube,pin-added,owner found via jurisdiction_coverage.csv,us:county:51067,https://franklincountyva.gov,,,,,
tier3_auto_transcription_queue.txt,https://calhouncomi.portal.civicclerk.com/event/2021/media,calhouncomi.portal.civicclerk.com,civicclerk,registry,not in MULTI_GOV_HOSTS -- single-tenant vendor host,,https://calhouncountymi.gov/departments/board_of_commissioners/agendas.php,,,,,
tier3_auto_transcription_queue.txt,https://www.youtube.com/watch?v=ekoJyObfmH4,www.youtube.com,youtube,pin,tenant_overrides.csv www.youtube.com match=ekoJyObfmH4 source=wo149_county_ladder_sweep,us:county:26089,https://leelanau.gov/leelanau_county/board_of_commissioners/agendas_and_minutes_2025.php,,,,,
tier3_auto_transcription_queue.txt,https://youtu.be/C5Rztq-zC34,youtu.be,youtube,pin,tenant_overrides.csv youtu.be match=C5Rztq-zC34 source=wo149_county_ladder_sweep,us:county:26003,https://algercounty.gov/government/board-of-commissioners/meeting-minutes/,,,,,
tier3_auto_transcription_queue.txt,https://www.youtube.com/watch?v=ArNwqw2C-jU,www.youtube.com,youtube,pin,tenant_overrides.csv www.youtube.com match=ArNwqw2C-jU source=wo149_county_ladder_sweep,us:county:26017,https://www.baycountymi.gov/departments/board_of_commissioners/board_meeting_videos.php,,,,,
tier3_auto_transcription_queue.txt,https://www.youtube.com/watch?v=7ydU4OOqTyU,www.youtube.com,youtube,pin,tenant_overrides.csv www.youtube.com match=7ydU4OOqTyU source=wo149_county_ladder_sweep,us:county:51099,https://kinggeorgecountyva.gov,,,,,
tier3_auto_transcription_queue.txt,https://videoplayer.telvue.com/player/w9sPsSE7vna3XTN_39bs1rEXjVWF0kfP/stream/498?fullscreen=true&showtabssearch=true&autostart=true,videoplayer.telvue.com,telvue,pin,tenant_overrides.csv videoplayer.telvue.com match=w9sPsSE7vna3XTN_39bs1rEXjVWF0kfP source=ryan_stated,us:place:4103050,https://jacksoncountyor.gov/government/recorded_meetings/index.php,,,,,
tier3_auto_transcription_queue.txt,https://www.youtube.com/watch?v=h6wvp1r77tY,www.youtube.com,youtube,pin,tenant_overrides.csv www.youtube.com match=h6wvp1r77tY source=wo149_county_ladder_sweep,us:county:47003,https://www.bedfordcountytn.gov/government/boards_and_members/county_board_meetings/board_of_commissioners_meetings.php,,,,,
tier3_auto_transcription_queue.txt,https://www.youtube.com/watch?v=8VQxdfu3ftE,www.youtube.com,youtube,pin-added,owner found via jurisdiction_coverage.csv,us:county:45069,https://marlborocounty.sc.gov/government_/agendas___minutes.php,,,,,
tier3_auto_transcription_queue.txt,https://www.youtube.com/watch?v=HB3VhGv40m0,www.youtube.com,youtube,pin,tenant_overrides.csv www.youtube.com match=HB3VhGv40m0 source=wo149_county_ladder_sweep,us:county:37073,https://gatescountync.gov/index.asp?SEC=555830EA-E0AC-4CCB-AE16-861E5F709830,,,,,
tier3_auto_transcription_queue.txt,https://www.youtube.com/watch?v=zk8FHogMCKA,www.youtube.com,youtube,pin,tenant_overrides.csv www.youtube.com match=zk8FHogMCKA source=wo149_county_ladder_sweep,us:county:42087,https://mifflincountypa.gov,,,,,
tier3_auto_transcription_queue.txt,https://www.youtube.com/watch?v=hH_5Kkf1rOc,www.youtube.com,youtube,pin,tenant_overrides.csv www.youtube.com match=hH_5Kkf1rOc source=wo149_county_ladder_sweep,us:county:38015,https://www.burleigh.gov/government/county-commission/,,,,,
tier3_auto_transcription_queue.txt,https://www.youtube.com/watch?v=VCX5If4u0pc,www.youtube.com,youtube,pin,tenant_overrides.csv www.youtube.com match=VCX5If4u0pc source=wo149_county_ladder_sweep,us:county:46103,https://www.pennco.org/,,,,,
tier3_auto_transcription_queue.txt,https://www.youtube.com/watch?v=vpyf_aYi2fU,www.youtube.com,youtube,pin,tenant_overrides.csv www.youtube.com match=vpyf_aYi2fU source=wo149_county_ladder_sweep,us:county:51035,https://carrollcountyva.gov/government/board_of_supervisors/meeting_documentation.php,,,,,
tier3_auto_transcription_queue.txt,https://www.youtube.com/watch?v=GCavK1jfGuU,www.youtube.com,youtube,pin,tenant_overrides.csv www.youtube.com match=GCavK1jfGuU source=wo147_access_ladder_sweep,us:county:53007,https://co.chelan.wa.us,,,,,
tier3_auto_transcription_queue.txt,https://www.youtube.com/watch?v=-siqE9y76AY,www.youtube.com,youtube,pin,tenant_overrides.csv www.youtube.com match=-siqE9y76AY source=wo149_county_ladder_sweep,us:county:45023,https://chestercountysc.gov,,,,,
tier3_auto_transcription_queue.txt,https://www.youtube.com/embed/pH4QOP-vqr0?feature=oembed,www.youtube.com,youtube,pin,tenant_overrides.csv www.youtube.com match=pH4QOP-vqr0 source=wo149_county_ladder_sweep,us:county:53041,https://lewiscountywa.gov/offices/commissioners/bocc-meetings/lewis-county-bocc-legislative-meeting-recording-for-september-8-2026/,,,,,
tier3_auto_transcription_queue.txt,https://www.youtube.com/watch?v=urHz3VISUvM,www.youtube.com,youtube,pin,tenant_overrides.csv www.youtube.com match=urHz3VISUvM source=wo149_county_ladder_sweep,us:county:51059,https://www.fairfaxcounty.gov/boardofsupervisors/,,,,,
tier3_auto_transcription_queue.txt,https://youtu.be/coDPUTYFtl8,youtu.be,youtube,pin,tenant_overrides.csv youtu.be match=coDPUTYFtl8 source=wo149_county_ladder_sweep,us:county:42047,https://countyofelkpa.gov/elk-county-offices/board-of-commissioners/meeting-minutes-and-agendas/,,,,,
tier3_auto_transcription_queue.txt,https://www.youtube.com/watch?v=vEYcAon81TU,www.youtube.com,youtube,pin,tenant_overrides.csv www.youtube.com match=vEYcAon81TU source=wo129_confirmed_hits,us:place:0908000,https://www.bridgeportct.gov/,,,,,
tier3_auto_transcription_queue.txt,https://youtube.com/live/qobK8hBVjXQ?feature=share,youtube.com,youtube,pin,tenant_overrides.csv youtube.com match=qobK8hBVjXQ source=wo129_confirmed_hits,ca:csd:4602044,https://www.steinbach.ca/city-hall/city-council/,,,,,
tier3_auto_transcription_queue.txt,https://www.youtube.com/embed/gMWk4Rf40Ys?si=GXd0OxdLmAUuaNhr,www.youtube.com,youtube,pin,tenant_overrides.csv www.youtube.com match=gMWk4Rf40Ys source=wo129_confirmed_hits,ca:csd:4622026,https://www.thompson.ca/p/meeting-videos,,,,,
tier3_auto_transcription_queue.txt,https://carljunctionmo.portal.civicclerk.com/event/1038/media,carljunctionmo.portal.civicclerk.com,civicclerk,registry,not in MULTI_GOV_HOSTS -- single-tenant vendor host,,https://www.carljunction.org/vnews/display.v/SEC/Government%7CCouncil%20Meetings,,,,,
tier3_auto_transcription_queue.txt,https://www.youtube.com/watch?v=KjNkNnMEXtY,www.youtube.com,youtube,pin,tenant_overrides.csv www.youtube.com match=KjNkNnMEXtY source=wo129_confirmed_hits,us:place:1736750,https://huntley.il.us/government/agendas_and_minutes.php,,,,,
tier3_auto_transcription_queue.txt,https://www.youtube.com/watch?v=KzJyglNOVv0,www.youtube.com,youtube,pin,tenant_overrides.csv www.youtube.com match=KzJyglNOVv0 source=wo129_confirmed_hits,us:place:3964150,http://www.portclinton.com/,,,,,
tier3_auto_transcription_queue.txt,https://youtube.com/live/Wj8GWdBp2NE,youtube.com,youtube,pin,tenant_overrides.csv youtube.com match=Wj8GWdBp2NE source=wo129_confirmed_hits,us:place:2364675,https://www.sacomaine.org/mayor_and_city_council/council_agendas.php,,,,,
tier3_auto_transcription_queue.txt,https://www.youtube.com/watch?v=Hzve2VbGa9U,www.youtube.com,youtube,pin,tenant_overrides.csv www.youtube.com match=Hzve2VbGa9U source=wo129_confirmed_hits,ca:csd:4617050,https://www.dauphin.ca/p/minutes,,,,,
tier3_auto_transcription_queue.txt,https://www.youtube.com/watch?v=E2L10t16eC4,www.youtube.com,youtube,pin,tenant_overrides.csv www.youtube.com match=E2L10t16eC4 source=wo129_confirmed_hits,us:place:2436500,https://hampsteadmd.gov/council-meetings,,,,,
tier3_auto_transcription_queue.txt,https://www.youtube.com/watch?v=H5W6n0MwcuA&t=23s,www.youtube.com,youtube,pin,tenant_overrides.csv www.youtube.com match=H5W6n0MwcuA source=wo129_confirmed_hits,us:place:3950176,https://milfordohio.org/departments/city_council/minutes_and_agendas.php,,,,,
tier3_auto_transcription_queue.txt,https://youtube.com/live/7wliAwEm8BE?feature=share,youtube.com,youtube,pin,tenant_overrides.csv youtube.com match=7wliAwEm8BE source=wo150_muni_ladder_sweep,us:place:5558800,https://www.oakcreekwi.gov,,,,,
tier3_auto_transcription_queue.txt,https://www.youtube.com/embed/OvpTC-0PEhc,www.youtube.com,youtube,pin,tenant_overrides.csv www.youtube.com match=OvpTC-0PEhc source=wo129_confirmed_hits,ca:csd:4602053,https://www.labroquerie.com/p/council-meeting-recordings,,,,,
tier3_auto_transcription_queue.txt,https://youtu.be/DDUTDYlMo9w,youtu.be,youtube,pin,tenant_overrides.csv youtu.be match=DDUTDYlMo9w source=ryan_stated,us:place:1728872,https://geneva.il.us,,,,,
tier3_auto_transcription_queue.txt,https://videoplayer.telvue.com/player/KPxII4Dm-djtTqV7JZXpXeOM2kiyqvRV/stream/983?fullscreen=true&showtabssearch=true&autostart=true,videoplayer.telvue.com,telvue,pin-added,owner found via jurisdiction_coverage.csv,us:place:1369000,https://savannahga.gov,,,,,
tier3_auto_transcription_queue.txt,https://www.youtube.com/watch?v=FwTIMnX7SOk,www.youtube.com,youtube,pin,tenant_overrides.csv www.youtube.com match=FwTIMnX7SOk source=wo129_confirmed_hits,ca:csd:4602075,https://www.ritchot.com/p/2026-council-meeting-recordings,,,,,
tier3_auto_transcription_queue.txt,https://www.youtube.com/live/IflUy7x1yLE?si=M6ru9ZXWOPnYZTEA,www.youtube.com,youtube,pin,tenant_overrides.csv www.youtube.com match=IflUy7x1yLE source=wo174_agendacenter_probe,us:place:2537000,https://lowellma.gov,,,,,
tier3_auto_transcription_queue.txt,https://www.youtube.com/watch?v=FeTK-WFkghs,www.youtube.com,youtube,pin,tenant_overrides.csv www.youtube.com match=FeTK-WFkghs source=wo129_confirmed_hits,us:place:3406490,https://www.bogotanj.gov/,,,,,
tier3_auto_transcription_queue.txt,https://www.youtube.com/watch?v=Luf0ypMSKJs&list=PLJ924N_iFIQnbv0NKN44S0VRnFm2R93CD,www.youtube.com,youtube,pin,tenant_overrides.csv www.youtube.com match=Luf0ypMSKJs source=wo129_confirmed_hits,us:place:4840588,https://www.lakejackson-tx.gov/770/LJTV,,,,,
tier3_auto_transcription_queue.txt,https://vimeo.com/537299140,vimeo.com,vimeo,pin-added,owner found via jurisdiction_coverage.csv,us:place:4532245,https://hardeevillesc.gov,,,,,
tier3_auto_transcription_queue.txt,https://youtu.be/omPR7tWvQNQ,youtu.be,youtube,pin,tenant_overrides.csv youtu.be match=omPR7tWvQNQ source=wo174_agendacenter_probe,us:place:2758036,https://saintpetermn.gov,,,,,
tier3_auto_transcription_queue.txt,https://youtu.be/aHDYJOZLfVc,youtu.be,youtube,pin,tenant_overrides.csv youtu.be match=aHDYJOZLfVc source=wo129_confirmed_hits,us:place:4281000,https://www.cityofwarrenpa.gov/council-video,,,,,
tier3_auto_transcription_queue.txt,https://www.youtube.com/watch?v=oE1zOO3DLUo,www.youtube.com,youtube,pin-added,owner found via jurisdiction_coverage.csv,us:place:2979820,https://cityofwildwood.com,,,,,
tier3_auto_transcription_queue.txt,https://www.youtube.com/watch?v=rQ_60dFthd0,www.youtube.com,youtube,pin,tenant_overrides.csv www.youtube.com match=rQ_60dFthd0 source=wo129_confirmed_hits,ca:csd:4621045,https://townofthepas.ca/video-gallery,,,,,
tier3_auto_transcription_queue.txt,https://youtu.be/NwrTmYW_iKg,youtu.be,youtube,pin,tenant_overrides.csv youtu.be match=NwrTmYW_iKg source=ryan_stated,us:place:3744320,https://moreheadcitync.gov,,,,,
tier3_auto_transcription_queue.txt,https://www.youtube.com/watch?v=sBs6yVwh7v0,www.youtube.com,youtube,no-owner,www.youtube.com is a MULTI_GOV_HOSTS host with no matching pin,,https://www.bristoltwppa.gov,,,,,
tier3_auto_transcription_queue.txt,https://www.youtube.com/watch?v=xLLndcvtV0c,www.youtube.com,youtube,pin,tenant_overrides.csv www.youtube.com match=xLLndcvtV0c source=wo129_confirmed_hits,us:place:1901135,https://www.algonaiowa.gov/55057/videos-of-council-meetings,,,,,
tier3_auto_transcription_queue.txt,https://www.youtube.com/embed/7RTdyUTcXFk,www.youtube.com,youtube,pin,tenant_overrides.csv www.youtube.com match=7RTdyUTcXFk source=wo129_confirmed_hits,ca:csd:5947012,https://www.princerupert.ca/city-hall/council-meetings/council-meeting-videos,,,,,
tier3_auto_transcription_queue.txt,https://www.youtube.com/watch?v=zv-KSIC9w5s&pp=0gcJCSgKAYcqIYzv,www.youtube.com,youtube,pin,tenant_overrides.csv www.youtube.com match=zv-KSIC9w5s source=wo129_confirmed_hits,ca:csd:3526014,https://www.wainfleet.ca/town-hall/council/council-meeting-calendar/regular-meeting-council-67,,,,,
tier3_auto_transcription_queue.txt,https://www.youtube.com/watch?v=J4T__zUH7m4,www.youtube.com,youtube,pin,tenant_overrides.csv www.youtube.com match=J4T__zUH7m4 source=wo174_agendacenter_probe,us:place:2044250,https://manhattanks.gov,,,,,
tier3_auto_transcription_queue.txt,https://www.youtube.com/watch?v=IZ-e_Vi8a-A,www.youtube.com,youtube,pin,tenant_overrides.csv www.youtube.com match=IZ-e_Vi8a-A source=wo129_confirmed_hits,us:place:1234132,https://islamorada.fl.us/AlertCenter.aspx?AID=A-restored-uninterrupted-copy-of-last-ni-11,,,,,
tier3_auto_transcription_queue.txt,https://springfieldma.portal.civicclerk.com/event/12108/media,springfieldma.portal.civicclerk.com,civicclerk,registry,not in MULTI_GOV_HOSTS -- single-tenant vendor host,,https://www.springfield-ma.gov/cos/;iqm2=https://www.springfield-ma.gov/cos/,,,,,
tier3_auto_transcription_queue.txt,https://www.youtube.com/watch?v=jQN6jrz8kXI,www.youtube.com,youtube,pin,tenant_overrides.csv www.youtube.com match=jQN6jrz8kXI source=wo129_confirmed_hits,ca:csd:1202001,https://munargyle.com/minutes-agendas-and-recordings.html,,,,,
tier3_auto_transcription_queue.txt,https://southfultonga.portal.civicclerk.com/event/1775/media,southfultonga.portal.civicclerk.com,civicclerk,registry,not in MULTI_GOV_HOSTS -- single-tenant vendor host,,https://www.cityofsouthfultonga.gov/m/newsflash/home/detail/994,,,,,
tier3_auto_transcription_queue.txt,https://watchungnj.portal.civicclerk.com/event/365/media,watchungnj.portal.civicclerk.com,civicclerk,registry,not in MULTI_GOV_HOSTS -- single-tenant vendor host,,https://watchungnj.gov,,,,,
tier3_auto_transcription_queue.txt,https://www.youtube.com/watch?v=ME-g4YWUuHU,www.youtube.com,youtube,pin,tenant_overrides.csv www.youtube.com match=ME-g4YWUuHU source=ryan_stated,us:place:3464650,https://www.rosellepark.gov,,,,,
tier3_auto_transcription_queue.txt,https://www.youtube.com/watch?v=_QHJvvBO9NI,www.youtube.com,youtube,pin,tenant_overrides.csv www.youtube.com match=_QHJvvBO9NI source=wo129_confirmed_hits,us:place:2954074,https://ofallonmo.gov,,,,,
tier3_auto_transcription_queue.txt,https://www.youtube.com/watch?v=iJn9InK2GQw,www.youtube.com,youtube,pin,tenant_overrides.csv www.youtube.com match=iJn9InK2GQw source=wo129_confirmed_hits,us:place:5566800,https://www.reedsburgwi.gov/index.asp?SEC=93000E88-F045-4841-8659-34D750D80645,,,,,
tier3_auto_transcription_queue.txt,https://www.youtube.com/watch?v=0FU_UvxUH4A,www.youtube.com,youtube,pin,tenant_overrides.csv www.youtube.com match=0FU_UvxUH4A source=wo139_confirmed_hits,us:place:4159000,https://www.portland.gov/council/agenda,,,,,
tier3_auto_transcription_queue.txt,https://carlsbadnm.portal.civicclerk.com/event/1449/media,carlsbadnm.portal.civicclerk.com,civicclerk,registry,not in MULTI_GOV_HOSTS -- single-tenant vendor host,,https://www.cityofcarlsbadnm.com/Home,,,,,
tier3_auto_transcription_queue.txt,https://glencoveny.portal.civicclerk.com/event/68/media,glencoveny.portal.civicclerk.com,civicclerk,registry,not in MULTI_GOV_HOSTS -- single-tenant vendor host,,https://glencoveny.gov/city-council-meeting-livestream,,,,,
tier3_auto_transcription_queue.txt,https://pelhamal.portal.civicclerk.com/event/3492/media,pelhamal.portal.civicclerk.com,civicclerk,registry,not in MULTI_GOV_HOSTS -- single-tenant vendor host,,https://pelhamalabama.gov/CivicAlerts.aspx?AID=1745,,,,,
tier3_auto_transcription_queue.txt,https://munsterin.portal.civicclerk.com/event/14/media,munsterin.portal.civicclerk.com,civicclerk,registry,not in MULTI_GOV_HOSTS -- single-tenant vendor host,,https://www.munster.org/,,,,,
tier3_auto_transcription_queue.txt,https://northlibertyiowa.portal.civicclerk.com/event/18/media,northlibertyiowa.portal.civicclerk.com,civicclerk,registry,not in MULTI_GOV_HOSTS -- single-tenant vendor host,,https://northlibertyiowa.gov/,,,,,
tier3_auto_transcription_queue.txt,https://www.youtube.com/watch?v=WQU12I63rV8,www.youtube.com,youtube,pin,tenant_overrides.csv www.youtube.com match=WQU12I63rV8 source=wo139_confirmed_hits,us:place:4148650,https://milwaukieoregon.gov/,,,,,
tier3_auto_transcription_queue.txt,https://www.youtube.com/watch?v=Idnn5YYfooo,www.youtube.com,youtube,pin,tenant_overrides.csv www.youtube.com match=Idnn5YYfooo source=wo139_confirmed_hits,us:place:1367984,https://stmarysga.gov/,,,,,
tier3_auto_transcription_queue.txt,https://www.youtube.com/watch?v=ntGUO3_EkJY,www.youtube.com,youtube,pin,tenant_overrides.csv www.youtube.com match=ntGUO3_EkJY source=wo139_confirmed_hits,us:place:5559925,https://www.onalaskawi.gov/,,,,,
tier3_auto_transcription_queue.txt,https://www.youtube.com/watch?v=_9X7yh20UzY,www.youtube.com,youtube,pin,tenant_overrides.csv www.youtube.com match=_9X7yh20UzY source=wo139_confirmed_hits,us:cousub:3601958585,https://www.townofplattsburghny.gov/,,,,,
tier3_auto_transcription_queue.txt,https://www.youtube.com/embed/R6MKqu87_r0?enablejsapi=1&width=100%&height=350&theme=dark&autoplay=0&vq=large&rel=0&showinfo=0&modestbranding=1&iv_load_policy=1&controls=0&autohide=1&wmode=opaque,www.youtube.com,youtube,pin,tenant_overrides.csv www.youtube.com match=R6MKqu87_r0 source=wo139_confirmed_hits,us:place:4133700,https://www.hermiston.gov/,,,,,
tier3_auto_transcription_queue.txt,https://www.youtube.com/watch?v=QEHN0tW8YHk,www.youtube.com,youtube,pin,tenant_overrides.csv www.youtube.com match=QEHN0tW8YHk source=wo139_confirmed_hits,ca:csd:2466032,https://westmount.org/en/city/municipal-life/council-meetings,,,,,
tier3_auto_transcription_queue.txt,https://www.youtube.com/watch?v=O0hsozGhPqE,www.youtube.com,youtube,pin,tenant_overrides.csv www.youtube.com match=O0hsozGhPqE source=wo139_confirmed_hits,us:place:2025425,https://gardnerkansas.gov/,,,,,
tier3_auto_transcription_queue.txt,https://www.youtube.com/watch?v=37ucDsYZ0fw,www.youtube.com,youtube,pin,tenant_overrides.csv www.youtube.com match=37ucDsYZ0fw source=wo139_confirmed_hits,us:place:5577975,https://suamicowi.gov/,,,,,
tier3_auto_transcription_queue.txt,https://www.youtube.com/live/C3leSOGa4yw?si=6IKnUyIF3OCHFBSy,www.youtube.com,youtube,pin-added,owner found via wo190_report.csv,us:place:4850376,https://nassaubay.com/AgendaCenter,,,,,
tier3_auto_transcription_queue.txt,https://youtube.com/live/Dp5zkf8BL_A?feature=share,youtube.com,youtube,pin,tenant_overrides.csv youtube.com match=Dp5zkf8BL_A source=wo174_agendacenter_probe,us:county:21021,https://boylecountyky.gov/AgendaCenter,,,,,
tier3_auto_transcription_queue.txt,https://www.youtube.com/watch?v=3jBmAbkdVUc,www.youtube.com,youtube,no-owner,www.youtube.com is a MULTI_GOV_HOSTS host with no matching pin,,https://shenandoahcountyva.gov/AgendaCenter,,,,,
tier3_auto_transcription_queue.txt,https://www.youtube.com/watch?v=xXFy4OxmttE,www.youtube.com,youtube,pin-added,owner found via jurisdiction_coverage.csv,us:place:5578650,https://superiorwi.gov/agendacenter,,,,,
tier3_auto_transcription_queue.txt,https://www.youtube.com/live/hBBbD6r3_Po?si=-Fhvwu9KryncRBbw,www.youtube.com,youtube,no-owner,www.youtube.com is a MULTI_GOV_HOSTS host with no matching pin,,https://russellvillear.gov/AgendaCenter,,,,,
tier3_auto_transcription_queue.txt,https://www.youtube.com/live/cbpJlSLDgOw?si=HuOq4vRYmv19mzuL,www.youtube.com,youtube,pin-added,owner found via wo190_report.csv,us:place:0603274,https://cityofavalon.gov/AgendaCenter,,,,,
tier3_auto_transcription_queue.txt,https://www.youtube.com/live/jnh1-uUp6mU?si=I-y45AvXWnQt7TsD,www.youtube.com,youtube,pin-added,owner found via wo190_report.csv,us:place:0671806,https://www.sierramadreca.gov/leadership-transparency/agendas-and-minutes/,,,,,
tier3_auto_transcription_queue.txt,https://www.youtube.com/live/53RKpieHIy0?si=DsTFDw0I9o-Y27tO,www.youtube.com,youtube,pin-added,owner found via wo190_report.csv,us:place:0806255,https://berthoud.org/AgendaCenter,,,,,
tier3_auto_transcription_queue.txt,https://youtu.be/N2Tt8Tle1sE,youtu.be,youtube,no-owner,youtu.be is a MULTI_GOV_HOSTS host with no matching pin,,https://daconoco.gov/AgendaCenter,,,,,
tier3_auto_transcription_queue.txt,https://youtube.com/live/uE7yLYVsXKA,youtube.com,youtube,no-owner,youtube.com is a MULTI_GOV_HOSTS host with no matching pin,,https://panamacity.gov/agendacenter,,,,,
tier3_auto_transcription_queue.txt,https://www.youtube.com/embed/ChJUP0bOdCo,www.youtube.com,youtube,no-owner,www.youtube.com is a MULTI_GOV_HOSTS host with no matching pin,,https://columbiail.gov/AgendaCenter,,,,,
tier3_auto_transcription_queue.txt,https://www.youtube.com/watch?v=x1Y2_Sue_tI,www.youtube.com,youtube,no-owner,www.youtube.com is a MULTI_GOV_HOSTS host with no matching pin,,https://palosheights.org/AgendaCenter,,,,,
tier3_auto_transcription_queue.txt,https://www.youtube.com/watch?v=LJc2STduGZE,www.youtube.com,youtube,pin-added,owner found via jurisdiction_coverage.csv,us:place:1847448,https://www.martinsville.in.gov/AgendaCenter,,,,,
tier3_auto_transcription_queue.txt,https://www.youtube.com/embed/MXls04C2mNA,www.youtube.com,youtube,no-owner,www.youtube.com is a MULTI_GOV_HOSTS host with no matching pin,,https://cityofcarterlake.com/videos/,,,,,
tier3_auto_transcription_queue.txt,https://www.youtube.com/watch?v=FMgjD0nu66c,www.youtube.com,youtube,no-owner,www.youtube.com is a MULTI_GOV_HOSTS host with no matching pin,,https://fairmountheightsmd.gov/agendacenter,,,,,
tier3_auto_transcription_queue.txt,https://sjcity.granicus.com/MediaPlayer.php?view_id=3&clip_id=946,sjcity.granicus.com,granicus,registry,not in MULTI_GOV_HOSTS -- single-tenant vendor host,,,,,,,
tier3_auto_transcription_queue.txt,https://www.youtube.com/watch?v=Xi1R7BTS_hs,www.youtube.com,youtube,pin,tenant_overrides.csv www.youtube.com match=Xi1R7BTS_hs source=ryan_stated,us:place:2676960,https://www.sturgismi.gov/AgendaCenter,,,,,
tier3_auto_transcription_queue.txt,https://www.youtube.com/live/C_1NKoJ0DCs?si=2XDsl9_lD2qjqOZ5,www.youtube.com,youtube,no-owner,www.youtube.com is a MULTI_GOV_HOSTS host with no matching pin,,https://www.bluespringsgov.com/AgendaCenter,,,,,
tier3_auto_transcription_queue.txt,https://www.youtube.com/watch?v=XeWevpU5Kpc,www.youtube.com,youtube,pin-added,owner found via jurisdiction_coverage.csv,us:place:2955910,https://pacificmo.gov/AgendaCenter,,,,,
tier3_auto_transcription_queue.txt,https://youtu.be/f-Ix5e3ZzrY,youtu.be,youtube,no-owner,youtu.be is a MULTI_GOV_HOSTS host with no matching pin,,https://townofhorseheads.gov/AgendaCenter,,,,,
tier3_auto_transcription_queue.txt,https://www.youtube.com/watch?v=x_iwanMA0DE,www.youtube.com,youtube,no-owner,www.youtube.com is a MULTI_GOV_HOSTS host with no matching pin,,https://mountvernonny.gov/agendacenter,,,,,
tier3_auto_transcription_queue.txt,https://youtube.com/live/Qy9iLHkt6bo?feature=share,youtube.com,youtube,pin-added,owner found via wo183_report.csv,us:cousub:3606977387,https://townofvictorny.gov/agendacenter,,,,,
tier3_auto_transcription_queue.txt,https://youtube.com/live/1zscyx8f124?feature=share,youtube.com,youtube,pin,tenant_overrides.csv youtube.com match=1zscyx8f124 source=ryan_stated+proposal,us:cousub:3605578971,https://websterny.gov/agendacenter,,,,,
tier3_auto_transcription_queue.txt,https://www.youtube.com/watch?v=joi_wva5WW8&t=4021s,www.youtube.com,youtube,no-owner,www.youtube.com is a MULTI_GOV_HOSTS host with no matching pin,,https://boilingspringsnc.gov/AgendaCenter,,,,,
tier3_auto_transcription_queue.txt,https://www.youtube.com/live/DRQfLh6zoXM,www.youtube.com,youtube,pin-added,owner found via jurisdiction_coverage.csv,us:place:3735200,https://www.kannapolisnc.gov/citycouncil,,,,,
tier3_auto_transcription_queue.txt,https://youtube.com/live/WXNvJOuLjKw,youtube.com,youtube,no-owner,youtube.com is a MULTI_GOV_HOSTS host with no matching pin,,https://clayton.oh.us/172/Council-Meeting-AgendasMinutes-and-Video,,,,,
tier3_auto_transcription_queue.txt,https://www.youtube.com/watch?v=TBr78xMZxpg,www.youtube.com,youtube,no-owner,www.youtube.com is a MULTI_GOV_HOSTS host with no matching pin,,https://www.newphiladelphiaoh.gov/AgendaCenter,,,,,
tier3_auto_transcription_queue.txt,https://www.youtube.com/watch?v=QVaJ4dxTLFE,www.youtube.com,youtube,pin-added,owner found via jurisdiction_coverage.csv,us:place:4539895,https://www.lancastercitysc.com/AgendaCenter,,,,,
tier3_auto_transcription_queue.txt,https://www.youtube.com/watch?v=6RhNBl6-k-s,www.youtube.com,youtube,no-owner,www.youtube.com is a MULTI_GOV_HOSTS host with no matching pin,,https://tompsc.com/AgendaCenter,,,,,
tier3_auto_transcription_queue.txt,https://youtu.be/9uy2D6Kdd7Y,youtu.be,youtube,no-owner,youtu.be is a MULTI_GOV_HOSTS host with no matching pin,,https://littlefieldtexas.net/AgendaCenter,,,,,
tier3_auto_transcription_queue.txt,https://www.youtube.com/watch?v=JHW3Blu3-ZE&list=PLljLFn4BZd2NhM59Ok6XPPTGC8lTj9w32&index=3,www.youtube.com,youtube,pin,tenant_overrides.csv www.youtube.com match=JHW3Blu3-ZE source=wo230,us:place:5066175,https://southburlingtonvt.gov/AgendaCenter,,,,,
tier3_auto_transcription_queue.txt,https://youtu.be/IvsSBC4gNq4,youtu.be,youtube,no-owner,youtu.be is a MULTI_GOV_HOSTS host with no matching pin,,https://cityofweirton.com/AgendaCenter,,,,,
tier3_auto_transcription_queue.txt,https://www.youtube.com/watch?v=ktgYPhnicvU&list=PLuOvQjp9VUNM2wKjIu3hPaXEkCvVy7hde,www.youtube.com,youtube,pin,tenant_overrides.csv www.youtube.com match=ktgYPhnicvU source=wo174_agendacenter_probe,us:place:5553675,https://mymonona.com/AgendaCenter,,,,,
tier3_auto_transcription_queue.txt,https://www.youtube.com/watch?v=Yc7Lap20wwQ,www.youtube.com,youtube,no-owner,www.youtube.com is a MULTI_GOV_HOSTS host with no matching pin,,https://www.torringtonwy.gov/AgendaCenter,,,,,
tier3_auto_transcription_queue.txt,https://lumbertonnc.portal.civicclerk.com/event/267/media,lumbertonnc.portal.civicclerk.com,civicclerk,registry,not in MULTI_GOV_HOSTS -- single-tenant vendor host,,,,,,,
tier3_auto_transcription_queue.txt,https://videoplayer.telvue.com/player/uClcIN88BHKHJoveFoaVN_8_5Tg72P0o/media/1042555?showtabssearch=true&fullscreen=false,videoplayer.telvue.com,telvue,pin-added,owner found via wo145_report.csv,us:cousub:2501705070,,,,,,
tier3_auto_transcription_queue.txt,https://www.youtube.com/watch?v=1eeyITPL75I,www.youtube.com,youtube,pin,tenant_overrides.csv www.youtube.com match=1eeyITPL75I source=wo147_access_ladder_sweep,us:county:24043,https://www.youtube.com/embed/videoseries?list=PL7X-j0EwreAd_6kV3IjxO-_XNwDNn0esS,,,,,
tier3_auto_transcription_queue.txt,https://www.youtube.com/watch?v=MqHP5haO8kc,www.youtube.com,youtube,pin,tenant_overrides.csv www.youtube.com match=MqHP5haO8kc source=wo147_access_ladder_sweep,us:county:23019,https://www.youtube.com/playlist?list=PLhieFRhse8Qj1pHItgFmWWGo0qJ4EDxSI,,,,,
tier3_auto_transcription_queue.txt,https://youtu.be/LBHd4IE_M1k,youtu.be,youtube,pin,tenant_overrides.csv youtu.be match=LBHd4IE_M1k source=wo174_agendacenter_probe,us:county:19013,https://youtu.be/YIKchHq_0oM,,,,,
tier3_auto_transcription_queue.txt,https://youtu.be/Cbo0XwMd12U,youtu.be,youtube,pin-added,owner found via wo147_report.csv,us:county:13185,,,,,,
tier3_auto_transcription_queue.txt,https://howardcotx.portal.civicclerk.com/event/206/media,howardcotx.portal.civicclerk.com,civicclerk,registry,not in MULTI_GOV_HOSTS -- single-tenant vendor host,,,,,,,
tier3_auto_transcription_queue.txt,https://kenmorewa.portal.civicclerk.com/event/812/media,kenmorewa.portal.civicclerk.com,civicclerk,registry,not in MULTI_GOV_HOSTS -- single-tenant vendor host,,,,,,,
tier3_auto_transcription_queue.txt,https://www.youtube.com/watch?v=fCrNiL-BMH8,www.youtube.com,youtube,pin-added,owner found via wo147_report.csv,us:county:27149,https://youtu.be/yCSnEANgJDY,,,,,
tier3_auto_transcription_queue.txt,https://www.youtube.com/watch?v=gJ8xgqDs-gM,www.youtube.com,youtube,pin,tenant_overrides.csv www.youtube.com match=gJ8xgqDs-gM source=wo147_access_ladder_sweep,us:place:4134100,https://www.youtube.com/user/CityofHillsboroOR,,,,,
tier3_auto_transcription_queue.txt,https://www.youtube.com/watch?v=PLamAmOKp9k,www.youtube.com,youtube,pin,tenant_overrides.csv www.youtube.com match=PLamAmOKp9k source=wo147_access_ladder_sweep,us:place:2509000,https://www.youtube.com/channel/UCeKi5Rwk6gS_3mfIUPa3F_A,,,,,
tier3_auto_transcription_queue.txt,https://www.youtube.com/watch?v=ChznrUpI7pQ,www.youtube.com,youtube,pin,tenant_overrides.csv www.youtube.com match=ChznrUpI7pQ source=wo147_access_ladder_sweep,us:county:33009,https://www.youtube.com/@graftoncountynh,,,,,
tier3_auto_transcription_queue.txt,https://www.youtube.com/watch?v=jFIWJI_xt54,www.youtube.com,youtube,pin,tenant_overrides.csv www.youtube.com match=jFIWJI_xt54 source=wo147_access_ladder_sweep,us:county:54011,https://www.youtube.com/channel/UCNBBXxJ-Bz8oxJajgj--HKA,,,,,
tier3_auto_transcription_queue.txt,https://www.youtube.com/watch?v=UNKQkJiffNg,www.youtube.com,youtube,pin,tenant_overrides.csv www.youtube.com match=UNKQkJiffNg source=wo147_access_ladder_sweep,us:place:4206088,https://www.youtube.com/channel/UCRLFG5Y9Ui0jADKaRE1W3xw,,,,,
tier3_auto_transcription_queue.txt,https://www.youtube.com/watch?v=Emf0-SGduzs,www.youtube.com,youtube,pin,tenant_overrides.csv www.youtube.com match=Emf0-SGduzs source=wo147_access_ladder_sweep,us:county:05115,https://www.youtube.com/channel/UCUUPiHc3lxKSi_bIIhpgcvA,,,,,
tier3_auto_transcription_queue.txt,https://www.youtube.com/watch?v=jOS1M_NYgJo,www.youtube.com,youtube,pin,tenant_overrides.csv www.youtube.com match=jOS1M_NYgJo source=wo147_access_ladder_sweep,us:county:26015,https://www.youtube.com/@barrycountymichigan3498/streams,,,,,
tier3_auto_transcription_queue.txt,https://www.youtube.com/watch?v=wPfGkmjJyec,www.youtube.com,youtube,pin,tenant_overrides.csv www.youtube.com match=wPfGkmjJyec source=wo147_access_ladder_sweep,us:place:0670224,https://www.youtube.com/@cityofsanteecaoffical,,,,,
tier3_auto_transcription_queue.txt,https://www.youtube.com/watch?v=WYX-3BOJw3c,www.youtube.com,youtube,pin,tenant_overrides.csv www.youtube.com match=WYX-3BOJw3c source=wo147_access_ladder_sweep,us:place:1754820,https://www.youtube.com/channel/UCCD__W3EWOiUsbJQfXXZL9g,,,,,
tier3_auto_transcription_queue.txt,https://www.youtube.com/watch?v=QknbDa1mvv0,www.youtube.com,youtube,pin,tenant_overrides.csv www.youtube.com match=QknbDa1mvv0 source=wo147_access_ladder_sweep,us:place:3731060,https://www.youtube.com/user/CityofHickory,,,,,
tier3_auto_transcription_queue.txt,https://www.youtube.com/watch?v=s54kxOirdFo,www.youtube.com,youtube,pin,tenant_overrides.csv www.youtube.com match=s54kxOirdFo source=wo147_access_ladder_sweep,us:county:18037,https://www.youtube.com/results?search_query=dubois+county+government,,,,,
tier3_auto_transcription_queue.txt,https://www.youtube.com/watch?v=19uWchEOe1w,www.youtube.com,youtube,pin,tenant_overrides.csv www.youtube.com match=19uWchEOe1w source=wo147_access_ladder_sweep,us:place:1711332,https://www.youtube.com/channel/UCiMvaujdXhkXThl8hlShA2g,,,,,
tier3_auto_transcription_queue.txt,https://www.youtube.com/watch?v=3ike8lKixCI,www.youtube.com,youtube,pin,tenant_overrides.csv www.youtube.com match=3ike8lKixCI source=wo147_access_ladder_sweep,us:place:0667042,https://www.youtube.com/CityofSanGabriel,,,,,
tier3_auto_transcription_queue.txt,https://www.youtube.com/watch?v=steJb4YdIQg,www.youtube.com,youtube,pin,tenant_overrides.csv www.youtube.com match=steJb4YdIQg source=wo147_access_ladder_sweep,us:county:38089,https://www.youtube.com/channel/UCmTjX_m6uT8qIiXxnbbfUVw,,,,,
tier3_auto_transcription_queue.txt,https://www.youtube.com/watch?v=R6df4R7eYJc,www.youtube.com,youtube,pin,tenant_overrides.csv www.youtube.com match=R6df4R7eYJc source=wo147_access_ladder_sweep,us:county:48449,https://www.youtube.com/channel/UCWtusnZhfIw0prlR89zEXBw,,,,,
tier3_auto_transcription_queue.txt,https://www.youtube.com/watch?v=FpEQDdaoNKE,www.youtube.com,youtube,pin,tenant_overrides.csv www.youtube.com match=FpEQDdaoNKE source=wo147_access_ladder_sweep,us:place:1754534,https://www.youtube.com/@OAKBROOKTV,,,,,
tier3_auto_transcription_queue.txt,https://columbiasc.portal.civicclerk.com/event/1840/media,columbiasc.portal.civicclerk.com,civicclerk,registry,not in MULTI_GOV_HOSTS -- single-tenant vendor host,,,,,,,
tier3_auto_transcription_queue.txt,https://www.youtube.com/watch?v=BkUSE5bDM4s,www.youtube.com,youtube,pin,tenant_overrides.csv www.youtube.com match=BkUSE5bDM4s source=wo149_county_ladder_sweep,us:county:12099,https://www.youtube.com/@pbctvchannel20,,,,,
tier3_auto_transcription_queue.txt,https://www.youtube.com/watch?v=ckVksbvGpDI,www.youtube.com,youtube,pin,tenant_overrides.csv www.youtube.com match=ckVksbvGpDI source=wo149_county_ladder_sweep,us:county:25021,https://www.youtube.com/user/NorfolkCable,,,,,
tier3_auto_transcription_queue.txt,https://www.youtube.com/watch?v=PyswiwEtQGA,www.youtube.com,youtube,pin,tenant_overrides.csv www.youtube.com match=PyswiwEtQGA source=wo149_county_ladder_sweep,us:county:34017,https://www.youtube.com/user/hudcotv,,,,,
tier3_auto_transcription_queue.txt,https://www.youtube.com/watch?v=8wc3mm9L6-k,www.youtube.com,youtube,pin,tenant_overrides.csv www.youtube.com match=8wc3mm9L6-k source=wo149_county_ladder_sweep,us:county:20091,https://www.youtube.com/user/jocovideos,,,,,
tier3_auto_transcription_queue.txt,https://www.youtube.com/watch?v=mKgZQ3Ym3n8,www.youtube.com,youtube,pin,tenant_overrides.csv www.youtube.com match=mKgZQ3Ym3n8 source=wo149_county_ladder_sweep,us:county:24003,https://www.youtube.com/user/AACTVWIR,,,,,
tier3_auto_transcription_queue.txt,https://www.youtube.com/watch?v=RDTqZQhHdKg,www.youtube.com,youtube,pin,tenant_overrides.csv www.youtube.com match=RDTqZQhHdKg source=wo149_county_ladder_sweep,us:county:45079,https://www.youtube.com/user/richlandonline,,,,,
tier3_auto_transcription_queue.txt,https://www.youtube.com/watch?v=6x4mvHQWAJ4,www.youtube.com,youtube,pin,tenant_overrides.csv www.youtube.com match=6x4mvHQWAJ4 source=wo149_county_ladder_sweep,us:county:47065,https://www.youtube.com/@HamiltonCountyTN,,,,,
tier3_auto_transcription_queue.txt,https://www.youtube.com/watch?v=a8lyQeoQoqE,www.youtube.com,youtube,pin,tenant_overrides.csv www.youtube.com match=a8lyQeoQoqE source=wo149_county_ladder_sweep,us:county:08123,https://www.youtube.com/user/WeldCountyCO,,,,,
tier3_auto_transcription_queue.txt,https://www.youtube.com/watch?v=05doUGew0cA,www.youtube.com,youtube,pin,tenant_overrides.csv www.youtube.com match=05doUGew0cA source=wo149_county_ladder_sweep,us:county:33015,https://www.youtube.com/@rockinghamcounty,,,,,
tier3_auto_transcription_queue.txt,https://www.youtube.com/watch?v=0Svntq6k51c,www.youtube.com,youtube,pin,tenant_overrides.csv www.youtube.com match=0Svntq6k51c source=wo149_county_ladder_sweep,us:county:42043,https://www.youtube.com/user/dauphincounty,,,,,
tier3_auto_transcription_queue.txt,https://www.youtube.com/watch?v=BI2Obi8v0rM,www.youtube.com,youtube,pin,tenant_overrides.csv www.youtube.com match=BI2Obi8v0rM source=wo149_county_ladder_sweep,us:county:17201,https://www.youtube.com/@WinnebagoCountyIL,,,,,
tier3_auto_transcription_queue.txt,https://www.youtube.com/watch?v=LGfkSQKOzCk,www.youtube.com,youtube,pin,tenant_overrides.csv www.youtube.com match=LGfkSQKOzCk source=wo149_county_ladder_sweep,us:county:29510,https://www.youtube.com/user/CityofStLouisMO/,,,,,
tier3_auto_transcription_queue.txt,https://www.youtube.com/watch?v=7laCXqTFfW8,www.youtube.com,youtube,pin,tenant_overrides.csv www.youtube.com match=7laCXqTFfW8 source=wo149_county_ladder_sweep,us:county:22103,https://www.youtube.com/@StTammany,,,,,
tier3_auto_transcription_queue.txt,https://www.youtube.com/watch?v=Z4Q44aRi8KY,www.youtube.com,youtube,pin,tenant_overrides.csv www.youtube.com match=Z4Q44aRi8KY source=wo149_county_ladder_sweep,us:county:16027,https://www.youtube.com/user/TheCanyonCounty,,,,,
tier3_auto_transcription_queue.txt,https://www.youtube.com/watch?v=dyWAm41zTu0,www.youtube.com,youtube,pin,tenant_overrides.csv www.youtube.com match=dyWAm41zTu0 source=wo149_county_ladder_sweep,us:county:05143,https://www.youtube.com/user/washcoar,,,,,
tier3_auto_transcription_queue.txt,https://www.youtube.com/watch?v=0Mz3K303geg,www.youtube.com,youtube,pin,tenant_overrides.csv www.youtube.com match=0Mz3K303geg source=wo149_county_ladder_sweep,us:county:37025,https://www.youtube.com/cabarruscounty,,,,,
tier3_auto_transcription_queue.txt,https://www.youtube.com/watch?v=POtR6vwEN5E,www.youtube.com,youtube,pin,tenant_overrides.csv www.youtube.com match=POtR6vwEN5E source=wo149_county_ladder_sweep,us:county:04015,https://www.youtube.com/user/mohavecountyus,,,,,
tier3_auto_transcription_queue.txt,https://www.youtube.com/watch?v=-CaR4Z7oRFg,www.youtube.com,youtube,pin,tenant_overrides.csv www.youtube.com match=-CaR4Z7oRFg source=wo149_county_ladder_sweep,us:county:41029,https://www.youtube.com/jacksoncountyoregon,,,,,
tier3_auto_transcription_queue.txt,https://www.youtube.com/watch?v=JPSzfrRPEHE,www.youtube.com,youtube,pin,tenant_overrides.csv www.youtube.com match=JPSzfrRPEHE source=wo149_county_ladder_sweep,us:county:39025,https://www.youtube.com/user/clermontcounty,,,,,
tier3_auto_transcription_queue.txt,https://www.youtube.com/watch?v=JNh6OzHFTnU,www.youtube.com,youtube,pin,tenant_overrides.csv www.youtube.com match=JNh6OzHFTnU source=wo149_county_ladder_sweep,us:county:27137,https://www.youtube.com/user/StLouisCountyMN,,,,,
tier3_auto_transcription_queue.txt,https://www.youtube.com/watch?v=gw4N-YkXUEY,www.youtube.com,youtube,pin,tenant_overrides.csv www.youtube.com match=gw4N-YkXUEY source=wo149_county_ladder_sweep,us:county:37057,https://www.youtube.com/DavidsonCountyNC/,,,,,
tier3_auto_transcription_queue.txt,https://www.youtube.com/watch?v=lZkch9T-ZfQ,www.youtube.com,youtube,pin,tenant_overrides.csv www.youtube.com match=lZkch9T-ZfQ source=wo149_county_ladder_sweep,us:county:42089,https://www.youtube.com/channel/UCpBRcD4gxDnyejPd0ufR5dQ,,,,,
tier3_auto_transcription_queue.txt,https://www.youtube.com/watch?v=bBonOjC49Uk,www.youtube.com,youtube,pin,tenant_overrides.csv www.youtube.com match=bBonOjC49Uk source=wo149_county_ladder_sweep,us:county:47163,https://www.youtube.com/@sullivancountycommission255/streams,,,,,
tier3_auto_transcription_queue.txt,https://www.youtube.com/watch?v=DgvPOFTI3c0,www.youtube.com,youtube,pin,tenant_overrides.csv www.youtube.com match=DgvPOFTI3c0 source=wo149_county_ladder_sweep,us:county:22063,https://www.youtube.com/channel/UCYoes-UXdq_mCDY4-fmSduQ,,,,,
tier3_auto_transcription_queue.txt,https://www.youtube.com/watch?v=dt_eMQAkHTc,www.youtube.com,youtube,pin,tenant_overrides.csv www.youtube.com match=dt_eMQAkHTc source=wo149_county_ladder_sweep,us:county:51177,https://www.youtube.com/channel/UCk7OM8Pm_tfLfXW7wrVL6kA,,,,,
tier3_auto_transcription_queue.txt,https://www.youtube.com/watch?v=UxevVljp1nU,www.youtube.com,youtube,pin,tenant_overrides.csv www.youtube.com match=UxevVljp1nU source=wo149_county_ladder_sweep,us:county:37151,https://www.youtube.com/channel/UC6CuqfASFGDNUC1n-S7CHLw,,,,,
tier3_auto_transcription_queue.txt,https://www.youtube.com/watch?v=dpO_xVesY6s,www.youtube.com,youtube,pin,tenant_overrides.csv www.youtube.com match=dpO_xVesY6s source=wo149_county_ladder_sweep,us:county:37085,https://www.youtube.com/channel/UCU7mTF6HTD65x_98EhAMeMg,,,,,
tier3_auto_transcription_queue.txt,https://www.youtube.com/watch?v=2zWjdtyRq2k,www.youtube.com,youtube,pin,tenant_overrides.csv www.youtube.com match=2zWjdtyRq2k source=wo149_county_ladder_sweep,us:county:42075,https://www.youtube.com/channel/UCqdPMXu_iPEQLwse8l0RrGw,,,,,
tier3_auto_transcription_queue.txt,https://www.youtube.com/watch?v=qr1o-QNhVgQ,www.youtube.com,youtube,pin,tenant_overrides.csv www.youtube.com match=qr1o-QNhVgQ source=wo149_county_ladder_sweep,us:county:22105,https://www.youtube.com/channel/UCe6KCuRSOXL9ECAxqott_mw,,,,,
tier3_auto_transcription_queue.txt,https://www.youtube.com/watch?v=cGmhc_iyd4I,www.youtube.com,youtube,pin,tenant_overrides.csv www.youtube.com match=cGmhc_iyd4I source=wo149_county_ladder_sweep,us:county:05045,https://www.youtube.com/@faulknercountyarkansas7233,,,,,
tier3_auto_transcription_queue.txt,https://www.youtube.com/watch?v=NAChcnWbz9Q,www.youtube.com,youtube,pin,tenant_overrides.csv www.youtube.com match=NAChcnWbz9Q source=wo149_county_ladder_sweep,us:county:13113,https://www.youtube.com/@FayetteCountyBOC,,,,,
tier3_auto_transcription_queue.txt,https://www.youtube.com/watch?v=SlPQ7ffx20k,www.youtube.com,youtube,pin,tenant_overrides.csv www.youtube.com match=SlPQ7ffx20k source=wo149_county_ladder_sweep,us:county:26005,https://www.youtube.com/@AlleganCounty/streams,,,,,
tier3_auto_transcription_queue.txt,https://www.youtube.com/watch?v=wesnaWK56no,www.youtube.com,youtube,pin,tenant_overrides.csv www.youtube.com match=wesnaWK56no source=wo149_county_ladder_sweep,us:county:35045,https://www.youtube.com/channel/UC57dRGehfbQ4ledSx3fIPjQ,,,,,
tier3_auto_transcription_queue.txt,https://www.youtube.com/watch?v=oI2Nj2aD8jc,www.youtube.com,youtube,pin,tenant_overrides.csv www.youtube.com match=oI2Nj2aD8jc source=wo149_county_ladder_sweep,us:county:42013,https://www.youtube.com/channel/UCc5rI2UKgdR0C2zoz66BrJA,,,,,
tier3_auto_transcription_queue.txt,https://www.youtube.com/watch?v=Yx_Rw_-Jn3A,www.youtube.com,youtube,pin,tenant_overrides.csv www.youtube.com match=Yx_Rw_-Jn3A source=wo149_county_ladder_sweep,us:county:48231,https://www.youtube.com/channel/UC_VYOdye4TaK-AxUhEeOolw,,,,,
tier3_auto_transcription_queue.txt,https://www.youtube.com/watch?v=Dw5b5fu8LmQ,www.youtube.com,youtube,pin,tenant_overrides.csv www.youtube.com match=Dw5b5fu8LmQ source=wo149_county_ladder_sweep,us:county:27019,https://www.youtube.com/user/CarverCountyMN,,,,,
tier3_auto_transcription_queue.txt,https://www.youtube.com/watch?v=9SU--kwmqgY,www.youtube.com,youtube,pin,tenant_overrides.csv www.youtube.com match=9SU--kwmqgY source=wo149_county_ladder_sweep,us:county:36089,https://www.youtube.com/channel/UCNm2QNSNzIDiuMewtPoSPiw,,,,,
tier3_auto_transcription_queue.txt,https://www.youtube.com/watch?v=8ILAHEz9ssA,www.youtube.com,youtube,pin,tenant_overrides.csv www.youtube.com match=8ILAHEz9ssA source=wo149_county_ladder_sweep,us:county:21059,https://www.youtube.com/channel/UCJvfApPciy6-cHsDrTSfm6g/videos,,,,,
tier3_auto_transcription_queue.txt,https://www.youtube.com/watch?v=6S9KnBct2Ok,www.youtube.com,youtube,pin,tenant_overrides.csv www.youtube.com match=6S9KnBct2Ok source=wo149_county_ladder_sweep,us:county:22057,https://www.youtube.com/@lafourcheparishgovernment5525,,,,,
tier3_auto_transcription_queue.txt,https://www.youtube.com/watch?v=LafHTNbm1A8,www.youtube.com,youtube,pin,tenant_overrides.csv www.youtube.com match=LafHTNbm1A8 source=wo149_county_ladder_sweep,us:county:21037,https://www.youtube.com/user/CampbellCountyMedia,,,,,
tier3_auto_transcription_queue.txt,https://www.youtube.com/watch?v=R9aeV8Y01fs,www.youtube.com,youtube,pin,tenant_overrides.csv www.youtube.com match=R9aeV8Y01fs source=wo149_county_ladder_sweep,us:county:19155,https://www.youtube.com/channel/UCeP9ZQIBgMpuSyOprlyMl6g,,,,,
tier3_auto_transcription_queue.txt,https://www.youtube.com/watch?v=JNf4c_qvn20,www.youtube.com,youtube,pin,tenant_overrides.csv www.youtube.com match=JNf4c_qvn20 source=wo149_county_ladder_sweep,us:county:37157,https://www.youtube.com/channel/UCJXK1Sv6H3htOyr_o8CYU4Q,,,,,
tier3_auto_transcription_queue.txt,https://www.youtube.com/watch?v=-E2VRYDABM0,www.youtube.com,youtube,pin,tenant_overrides.csv www.youtube.com match=-E2VRYDABM0 source=wo149_county_ladder_sweep,us:county:39157,https://www.youtube.com/channel/UCJZiodL2LMtOFg9ng1dD69g,,,,,
tier3_auto_transcription_queue.txt,https://www.youtube.com/watch?v=iUDCpLEUKZQ,www.youtube.com,youtube,pin,tenant_overrides.csv www.youtube.com match=iUDCpLEUKZQ source=wo149_county_ladder_sweep,us:county:16005,https://www.youtube.com/channel/UCYPzBrOISwzVKWh1XnkG7Tg/videos,,,,,
tier3_auto_transcription_queue.txt,https://www.youtube.com/watch?v=xiBQFyvKIeM,www.youtube.com,youtube,pin,tenant_overrides.csv www.youtube.com match=xiBQFyvKIeM source=wo149_county_ladder_sweep,us:county:41033,https://www.YouTube.com/JosephineCountyOR,,,,,
tier3_auto_transcription_queue.txt,https://www.youtube.com/watch?v=ujf7Pg1UwKI,www.youtube.com,youtube,pin,tenant_overrides.csv www.youtube.com match=ujf7Pg1UwKI source=wo149_county_ladder_sweep,us:county:18067,https://www.youtube.com/@howardcountygovernmentindi4259,,,,,
tier3_auto_transcription_queue.txt,https://www.youtube.com/watch?v=8bYCEx7I4Nc,www.youtube.com,youtube,pin,tenant_overrides.csv www.youtube.com match=8bYCEx7I4Nc source=wo149_county_ladder_sweep,us:county:45073,https://www.youtube.com/channel/UCDSqrQTlYk9ynVApyugUfHw/videos,,,,,
tier3_auto_transcription_queue.txt,https://www.youtube.com/watch?v=4zUstbtf6ok,www.youtube.com,youtube,pin,tenant_overrides.csv www.youtube.com match=4zUstbtf6ok source=wo149_county_ladder_sweep,us:county:42039,https://www.youtube.com/channel/UCZBo9UZ-3WHDZAh7wtGtcpA,,,,,
tier3_auto_transcription_queue.txt,https://www.youtube.com/watch?v=16IZVw2bPeM,www.youtube.com,youtube,pin,tenant_overrides.csv www.youtube.com match=16IZVw2bPeM source=wo149_county_ladder_sweep,us:county:18085,https://www.youtube.com/@kosciuskocountygovernment4816,,,,,
tier3_auto_transcription_queue.txt,https://www.youtube.com/watch?v=oezmMID3f_A,www.youtube.com,youtube,pin-added,owner found via wo149_tier3_pending.csv,us:county:36019,https://www.youtube.com/@NYSBOE,,,,,
tier3_auto_transcription_queue.txt,https://www.youtube.com/watch?v=6C1IPgak1x0,www.youtube.com,youtube,pin,tenant_overrides.csv www.youtube.com match=6C1IPgak1x0 source=wo149_county_ladder_sweep,us:county:30049,https://www.youtube.com/channel/UCJ2n-hNci_JB7B_u5j9K4Gw,,,,,
tier3_auto_transcription_queue.txt,https://www.youtube.com/watch?v=RGQV338DOe4,www.youtube.com,youtube,pin-added,owner found via wo149_tier3_pending.csv,us:county:40037,https://www.youtube.com/channel/UCG38vdcbPyt7RHfldqbMwDA,,,,,
tier3_auto_transcription_queue.txt,https://www.youtube.com/watch?v=rCmqJfhsKek,www.youtube.com,youtube,pin,tenant_overrides.csv www.youtube.com match=rCmqJfhsKek source=wo149_county_ladder_sweep,us:county:45059,https://www.youtube.com/channel/UCnyLNzHSPkv2IZvGljc7fVQ,,,,,
tier3_auto_transcription_queue.txt,https://www.youtube.com/watch?v=bylDreBfFds,www.youtube.com,youtube,pin,tenant_overrides.csv www.youtube.com match=bylDreBfFds source=wo149_county_ladder_sweep,us:county:29187,https://www.youtube.com/channel/UCs2lcEcIS6ZLmGXyfPWEoVQ,,,,,
tier3_auto_transcription_queue.txt,https://www.youtube.com/watch?v=swsuzPps1zo,www.youtube.com,youtube,pin,tenant_overrides.csv www.youtube.com match=swsuzPps1zo source=wo149_county_ladder_sweep,us:county:48427,https://www.youtube.com/user/StarrCountyTx/videos,,,,,
tier3_auto_transcription_queue.txt,https://www.youtube.com/watch?v=JlJPjgb6SPM,www.youtube.com,youtube,pin,tenant_overrides.csv www.youtube.com match=JlJPjgb6SPM source=wo149_county_ladder_sweep,us:county:18173,https://www.youtube.com/@WarrickCountyMeetings,,,,,
tier3_auto_transcription_queue.txt,https://www.youtube.com/watch?v=TsSxTBga050,www.youtube.com,youtube,pin,tenant_overrides.csv www.youtube.com match=TsSxTBga050 source=wo149_county_ladder_sweep,us:county:48467,http://youtube.com/channel/UCUmuwCfKoTy2tWoTF-MEnTg,,,,,
tier3_auto_transcription_queue.txt,https://www.youtube.com/watch?v=ZjZMCD4L7vw,www.youtube.com,youtube,pin,tenant_overrides.csv www.youtube.com match=ZjZMCD4L7vw source=wo149_county_ladder_sweep,us:county:36113,https://www.youtube.com/@WarrenCountyNewYork,,,,,
tier3_auto_transcription_queue.txt,https://www.youtube.com/watch?v=CAqZECr0DMY,www.youtube.com,youtube,pin,tenant_overrides.csv www.youtube.com match=CAqZECr0DMY source=wo149_county_ladder_sweep,us:county:26073,https://www.youtube.com/channel/UCYtC0LjVNBfoIJy4fyAwHvA,,,,,
tier3_auto_transcription_queue.txt,https://www.youtube.com/watch?v=csfKdN6CjEk,www.youtube.com,youtube,pin,tenant_overrides.csv www.youtube.com match=csfKdN6CjEk source=wo149_county_ladder_sweep,us:county:54033,https://www.youtube.com/channel/UC3dvMQRuRnRr4rD7pLgjA7w,,,,,
tier3_auto_transcription_queue.txt,https://www.youtube.com/watch?v=xJjb8c6seqk,www.youtube.com,youtube,pin,tenant_overrides.csv www.youtube.com match=xJjb8c6seqk source=wo149_county_ladder_sweep,us:county:21209,https://www.youtube.com/channel/UCbwvLVLIFKm1jzaOED0vQxA,,,,,
tier3_auto_transcription_queue.txt,https://www.youtube.com/watch?v=R9_vXqPHnpM,www.youtube.com,youtube,pin,tenant_overrides.csv www.youtube.com match=R9_vXqPHnpM source=wo149_county_ladder_sweep,us:county:27111,https://www.youtube.com/OtterTailCountyMN,,,,,
tier3_auto_transcription_queue.txt,https://www.youtube.com/watch?v=O_kUcv2NrfQ,www.youtube.com,youtube,pin,tenant_overrides.csv www.youtube.com match=O_kUcv2NrfQ source=wo149_county_ladder_sweep,us:county:37163,https://www.youtube.com/@sampsoncountygovernment,,,,,
tier3_auto_transcription_queue.txt,https://www.youtube.com/watch?v=i1_IofTGFX4,www.youtube.com,youtube,pin,tenant_overrides.csv www.youtube.com match=i1_IofTGFX4 source=wo149_county_ladder_sweep,us:county:18099,https://m.youtube.com/@MarshallCountyIN/streams,,,,,
tier3_auto_transcription_queue.txt,https://www.youtube.com/watch?v=hVShsVktHZs,www.youtube.com,youtube,pin,tenant_overrides.csv www.youtube.com match=hVShsVktHZs source=wo149_county_ladder_sweep,us:county:05091,https://www.youtube.com/@millercountyar,,,,,
tier3_auto_transcription_queue.txt,https://vimeo.com/560189851,vimeo.com,vimeo,pin-added,owner found via wo149_tier3_pending.csv,us:county:37139,https://vimeo.com/channels/1570654,,,,,
tier3_auto_transcription_queue.txt,https://www.youtube.com/watch?v=7RW7VRUDn3I,www.youtube.com,youtube,pin,tenant_overrides.csv www.youtube.com match=7RW7VRUDn3I source=wo149_county_ladder_sweep,us:county:37041,https://www.youtube.com/channel/UCb1CXWu_V08NI--XRa3FzAA,,,,,
tier3_auto_transcription_queue.txt,https://www.youtube.com/watch?v=g0ZCC-GROnk,www.youtube.com,youtube,pin,tenant_overrides.csv www.youtube.com match=g0ZCC-GROnk source=wo149_county_ladder_sweep,us:county:51081,https://www.youtube.com/@countyofgreensville1146,,,,,
tier3_auto_transcription_queue.txt,https://www.youtube.com/watch?v=jxOpy7Gp1Nc,www.youtube.com,youtube,pin,tenant_overrides.csv www.youtube.com match=jxOpy7Gp1Nc source=wo149_county_ladder_sweep,us:county:41063,https://www.youtube.com/@WallowaCountyGov,,,,,
tier3_auto_transcription_queue.txt,https://www.youtube.com/watch?v=jnHV1mqRQFc,www.youtube.com,youtube,pin,tenant_overrides.csv www.youtube.com match=jnHV1mqRQFc source=wo148_headless_sweep,us:place:3727280,https://www.cityofgraham.com/agendas-minutes/,,,,,
tier3_auto_transcription_queue.txt,https://www.youtube.com/watch?v=TopVL6GwVZQ,www.youtube.com,youtube,pin,tenant_overrides.csv www.youtube.com match=TopVL6GwVZQ source=wo148_headless_sweep,us:place:1804204,https://www.beechgrove.com/watch-city-meetings,,,,,
tier3_auto_transcription_queue.txt,https://spenceria.portal.civicclerk.com/event/65/media,spenceria.portal.civicclerk.com,civicclerk,registry,not in MULTI_GOV_HOSTS -- single-tenant vendor host,,https://spenceriowacity.com/departments/administration/meeting-agendas-minutes/,,,,,
tier3_auto_transcription_queue.txt,https://www.youtube.com/watch?v=HSVqzZUqeL4,www.youtube.com,youtube,no-owner,www.youtube.com is a MULTI_GOV_HOSTS host with no matching pin,,,,,,,
tier3_auto_transcription_queue.txt,https://www.youtube.com/watch?v=qbb_Xn858DE,www.youtube.com,youtube,no-owner,www.youtube.com is a MULTI_GOV_HOSTS host with no matching pin,,,,,,,
tier3_auto_transcription_queue.txt,https://delnortecoca.portal.civicclerk.com/event/190/media,delnortecoca.portal.civicclerk.com,civicclerk,registry,not in MULTI_GOV_HOSTS -- single-tenant vendor host,,https://delnortecoca.portal.civicclerk.com,,,,,
tier3_auto_transcription_queue.txt,https://greencastlein.portal.civicclerk.com/event/1585/media,greencastlein.portal.civicclerk.com,civicclerk,registry,not in MULTI_GOV_HOSTS -- single-tenant vendor host,,https://greencastlein.portal.civicclerk.com,,,,,
tier3_auto_transcription_queue.txt,https://lebanonmo.portal.civicclerk.com/event/460/media,lebanonmo.portal.civicclerk.com,civicclerk,registry,not in MULTI_GOV_HOSTS -- single-tenant vendor host,,https://lebanonmo.portal.civicclerk.com,,,,,
tier3_auto_transcription_queue.txt,https://davidsonnc.portal.civicclerk.com/event/314/media,davidsonnc.portal.civicclerk.com,civicclerk,registry,not in MULTI_GOV_HOSTS -- single-tenant vendor host,,https://davidsonnc.portal.civicclerk.com,,,,,
tier3_auto_transcription_queue.txt,https://bridgeporttx.portal.civicclerk.com/event/935/media,bridgeporttx.portal.civicclerk.com,civicclerk,registry,not in MULTI_GOV_HOSTS -- single-tenant vendor host,,https://bridgeporttx.portal.civicclerk.com,,,,,
tier3_auto_transcription_queue.txt,https://springvalleytx.portal.civicclerk.com/event/398/media,springvalleytx.portal.civicclerk.com,civicclerk,registry,not in MULTI_GOV_HOSTS -- single-tenant vendor host,,https://springvalleytx.portal.civicclerk.com,,,,,
tier3_auto_transcription_queue.txt,https://venustx.portal.civicclerk.com/event/295/media,venustx.portal.civicclerk.com,civicclerk,registry,not in MULTI_GOV_HOSTS -- single-tenant vendor host,,https://venustx.portal.civicclerk.com,,,,,
tier3_auto_transcription_queue.txt,https://springvalleytx.com/DocumentCenter/View/2503/08-14-2024-August-BOA-Meeting-,springvalleytx.com,springvalleytx.com,registry,not in MULTI_GOV_HOSTS -- single-tenant vendor host,,,,,,,
tier3_auto_transcription_queue.txt,https://www.youtube.com/watch?v=QIBgfake-Hc,www.youtube.com,youtube,pin-added,owner found via wo152_report.csv,ca:csd:2462075,https://www.youtube.com/channel/UCT7F_3aum6nsHKVjvZINd0Q,,,,,
tier3_auto_transcription_queue.txt,https://www.youtube.com/watch?v=lNJoncQNJbM,www.youtube.com,youtube,pin-added,owner found via wo152_report.csv,us:place:3616419,https://www.youtube.com/channel/UCZQ_75rIN8F5d0uDSUJUORg/videos,,,,,
tier3_auto_transcription_queue.txt,https://www.youtube.com/watch?v=_cov1l0fDDI,www.youtube.com,youtube,pin-added,owner found via wo152_report.csv,us:place:0853175,https://www.youtube.com/channel/UCknLzh_H3jXUCHNN2r-H37w,,,,,
tier3_auto_transcription_queue.txt,https://www.youtube.com/watch?v=JNMcIYg0KYo,www.youtube.com,youtube,pin-added,owner found via wo152_report.csv,us:cousub:0917034950,https://www.youtube.com/user/GCTVGuilford/videos,,,,,
tier3_auto_transcription_queue.txt,https://www.youtube.com/watch?v=-YVuGYC3JL8,www.youtube.com,youtube,no-owner,www.youtube.com is a MULTI_GOV_HOSTS host with no matching pin,,https://www.danielscountymt.gov/commissioners,,,,,
tier3_auto_transcription_queue.txt,https://www.youtube.com/watch?v=0zVwyjeXPJQ,www.youtube.com,youtube,pin,tenant_overrides.csv www.youtube.com match=0zVwyjeXPJQ source=wo151_research_url_ladder_sweep,us:place:3945178,https://www.youtube.com/embed/0zVwyjeXPJQ?controls=1&rel=0&playsinline=0&cc_load_policy=0&autoplay=0&enablejsapi=1&origin=https%3A%2F%2Fvillageoflowellvilleoh.gov&widgetid=1&forigin=https%3A%2F%2Fvillageoflowellvilleoh.gov%2F&aoriginsup=1&vf=1,,,,,
tier3_auto_transcription_queue.txt,https://www.youtube.com/watch?v=5ZgnQdjResc,www.youtube.com,youtube,no-owner,www.youtube.com is a MULTI_GOV_HOSTS host with no matching pin,,https://monitortwp.gov/meeting-recordings/,,,,,
tier3_auto_transcription_queue.txt,https://www.youtube.com/watch?v=7u90sjTNDy4,www.youtube.com,youtube,no-owner,www.youtube.com is a MULTI_GOV_HOSTS host with no matching pin,,https://www.townofgranvilleny.gov/agendaminutes.html,,,,,
tier3_auto_transcription_queue.txt,https://www.youtube.com/watch?v=8JbllUU4Ajg,www.youtube.com,youtube,no-owner,www.youtube.com is a MULTI_GOV_HOSTS host with no matching pin,,https://www.tangentor.gov/,,,,,
tier3_auto_transcription_queue.txt,https://www.youtube.com/watch?v=8NvsBdaeP8A,www.youtube.com,youtube,no-owner,www.youtube.com is a MULTI_GOV_HOSTS host with no matching pin,,https://tannersvilleny.gov/meeting-minutes/,,,,,
tier3_auto_transcription_queue.txt,https://www.youtube.com/watch?v=8z_sNsUrWWY,www.youtube.com,youtube,no-owner,www.youtube.com is a MULTI_GOV_HOSTS host with no matching pin,,https://cityofmountainlakemn.gov/city-mountain-lake/lake-commission/,,,,,
tier3_auto_transcription_queue.txt,https://www.youtube.com/watch?v=A0UxAk0XNgQ,www.youtube.com,youtube,no-owner,www.youtube.com is a MULTI_GOV_HOSTS host with no matching pin,,https://www.townofargos.com/,,,,,
tier3_auto_transcription_queue.txt,https://www.youtube.com/watch?v=C1E0MQ3rvvY,www.youtube.com,youtube,pin-added,owner found via wo151_report.csv,us:place:3548060,https://www.mesillanm.gov/government/minutes-agendas/,,,,,
tier3_auto_transcription_queue.txt,https://www.youtube.com/watch?v=CMJxuqmf7gw,www.youtube.com,youtube,pin-added,owner found via wo151_report.csv,us:place:3624020,https://www.townofellicottvilleny.gov/,,,,,
tier3_auto_transcription_queue.txt,https://www.youtube.com/watch?v=EKHuKHk3-ro,www.youtube.com,youtube,pin-added,owner found via wo151_report.csv,us:place:3648296,https://www.samsung.com/id/watches/galaxy-watch/galaxy-watch-ultra-titanium-gray-bluetooth-sm-l700ndaaxse/,,,,,
tier3_auto_transcription_queue.txt,https://www.youtube.com/watch?v=EUQWQavrsIU,www.youtube.com,youtube,no-owner,www.youtube.com is a MULTI_GOV_HOSTS host with no matching pin,,https://waltonhillsohio.gov/community/videos.php,,,,,
tier3_auto_transcription_queue.txt,https://www.youtube.com/watch?v=FzVh16sVlHE,www.youtube.com,youtube,no-owner,www.youtube.com is a MULTI_GOV_HOSTS host with no matching pin,,https://urbannava.gov/pages/public-notice-archive.php,,,,,
tier3_auto_transcription_queue.txt,https://www.youtube.com/watch?v=Jq_wljOepIM,www.youtube.com,youtube,no-owner,www.youtube.com is a MULTI_GOV_HOSTS host with no matching pin,,https://villageofspeculator.gov,,,,,
tier3_auto_transcription_queue.txt,https://www.youtube.com/watch?v=K2UsRB0z214,www.youtube.com,youtube,no-owner,www.youtube.com is a MULTI_GOV_HOSTS host with no matching pin,,https://townofsharptown.org/?page_id=32,,,,,
tier3_auto_transcription_queue.txt,https://www.youtube.com/watch?v=NS4xH5B2xIo,www.youtube.com,youtube,no-owner,www.youtube.com is a MULTI_GOV_HOSTS host with no matching pin,,https://www.eureka-mt.gov/minutes/,,,,,
tier3_auto_transcription_queue.txt,https://www.youtube.com/watch?v=OCHAsm-JIi4,www.youtube.com,youtube,pin-added,owner found via wo151_report.csv,us:place:3603188,https://www.townofaurorany.gov/meetings-and-minutes/,,,,,
tier3_auto_transcription_queue.txt,https://www.youtube.com/watch?v=Qvru1EkXBws,www.youtube.com,youtube,pin,tenant_overrides.csv www.youtube.com match=Qvru1EkXBws source=wo151_research_url_ladder_sweep,us:place:1743094,https://www.youtube.com/embed/Qvru1EkXBws?autohide=1&autoplay=0&controls=0&enablejsapi=1&iv_load_policy=3&loop=0&modestbranding=1&playsinline=1&rel=0&showinfo=0&wmode=opaque&origin=https%3A%2F%2Fwww.lexingtonil.gov&widgetid=1&forigin=https%3A%2F%2Fwww.lexingtonil.gov%2F&aoriginsup=1&vf=1,,,,,
tier3_auto_transcription_queue.txt,https://www.youtube.com/watch?v=Smg87KgqGoA,www.youtube.com,youtube,no-owner,www.youtube.com is a MULTI_GOV_HOSTS host with no matching pin,,https://escalanteutah.gov,,,,,
tier3_auto_transcription_queue.txt,https://www.youtube.com/watch?v=TGscABmCPy8,www.youtube.com,youtube,pin-added,owner found via wo151_report.csv,us:place:3776200,https://www.youngsvillenc.gov/government/boc_agenda_and_minutes.php,,,,,
tier3_auto_transcription_queue.txt,https://www.youtube.com/watch?v=TosFbITlv4Y,www.youtube.com,youtube,pin,tenant_overrides.csv www.youtube.com match=TosFbITlv4Y source=wo190_resolve_research_urls,us:place:4834628,https://hollywoodpark-tx.gov/agendas/city-council/,,,,,
tier3_auto_transcription_queue.txt,https://www.youtube.com/watch?v=W-mR6IUW3o0,www.youtube.com,youtube,no-owner,www.youtube.com is a MULTI_GOV_HOSTS host with no matching pin,,https://garrettparkmd.gov/government/committees/explore_the_collection.php,,,,,
tier3_auto_transcription_queue.txt,https://www.youtube.com/watch?v=Xl1SctaMya4,www.youtube.com,youtube,no-owner,www.youtube.com is a MULTI_GOV_HOSTS host with no matching pin,,https://townofcapevincent.gov/town-board-meeting-july-2-2026/,,,,,
tier3_auto_transcription_queue.txt,https://www.youtube.com/watch?v=aKiW2lTKIxc,www.youtube.com,youtube,pin-added,owner found via wo151_report.csv,us:place:2922474,https://www.eoliamo.gov/,,,,,
tier3_auto_transcription_queue.txt,https://www.youtube.com/watch?v=as_1xCC0T60,www.youtube.com,youtube,pin-added,owner found via wo151_report.csv,us:place:3649781,https://www.nelsonvilleny.gov/meeting-minutes,,,,,
tier3_auto_transcription_queue.txt,https://www.youtube.com/watch?v=bimqmorwx5w,www.youtube.com,youtube,no-owner,www.youtube.com is a MULTI_GOV_HOSTS host with no matching pin,,https://www.townofsomersetmd.gov/government/council_agendas___minutes.php,,,,,
tier3_auto_transcription_queue.txt,https://www.youtube.com/watch?v=fqQ_hmgJtw4,www.youtube.com,youtube,no-owner,www.youtube.com is a MULTI_GOV_HOSTS host with no matching pin,,https://stonington-ct.gov,,,,,
tier3_auto_transcription_queue.txt,https://www.youtube.com/watch?v=fzWU823Zf8U,www.youtube.com,youtube,pin,tenant_overrides.csv www.youtube.com match=fzWU823Zf8U source=wo151_research_url_ladder_sweep,us:place:3764260,https://www.youtube.com/embed/fzWU823Zf8U?feature=youtu.be&playlist=fzWU823Zf8U&loop=1&rel=0&autoplay=1&controls=0&modestbranding=1&mute=1&playsinline=1,,,,,
tier3_auto_transcription_queue.txt,https://www.youtube.com/watch?v=h_tYdVC7EGk,www.youtube.com,youtube,no-owner,www.youtube.com is a MULTI_GOV_HOSTS host with no matching pin,,https://sacketsharbor-ny.gov/meetings/2026-9-08-village-board-of-trustees-meeting/,,,,,
tier3_auto_transcription_queue.txt,https://www.youtube.com/watch?v=iGQMjRs0jQc,www.youtube.com,youtube,pin,tenant_overrides.csv www.youtube.com match=iGQMjRs0jQc source=wo151_research_url_ladder_sweep,us:place:3104615,https://www.youtube.com/embed/iGQMjRs0jQc?&rel=0&modestbranding=1,,,,,
tier3_auto_transcription_queue.txt,https://www.youtube.com/watch?v=jjc3KW1qIYU,www.youtube.com,youtube,pin-added,owner found via wo151_report.csv,us:place:3403940,https://beachhaven-nj.gov,,,,,
tier3_auto_transcription_queue.txt,https://www.youtube.com/watch?v=k_wf7OfLOVc,www.youtube.com,youtube,no-owner,www.youtube.com is a MULTI_GOV_HOSTS host with no matching pin,,https://www.townofchamplain.gov/,,,,,
tier3_auto_transcription_queue.txt,https://www.youtube.com/watch?v=lfNPN_FIA6g,www.youtube.com,youtube,no-owner,www.youtube.com is a MULTI_GOV_HOSTS host with no matching pin,,https://utica-il.gov,,,,,
tier3_auto_transcription_queue.txt,https://www.youtube.com/watch?v=m7CPofOhjG4,www.youtube.com,youtube,no-owner,www.youtube.com is a MULTI_GOV_HOSTS host with no matching pin,,https://northchevychase.gov,,,,,
tier3_auto_transcription_queue.txt,https://www.youtube.com/watch?v=mFFW66EIvNM,www.youtube.com,youtube,no-owner,www.youtube.com is a MULTI_GOV_HOSTS host with no matching pin,,https://glenwillow-oh.gov,,,,,
tier3_auto_transcription_queue.txt,https://www.youtube.com/watch?v=nkYLHT9DZxs,www.youtube.com,youtube,pin-added,owner found via wo151_report.csv,us:place:1728430,https://www.galvail.gov/,,,,,
tier3_auto_transcription_queue.txt,https://www.youtube.com/watch?v=o8bkqiPJ8Y4,www.youtube.com,youtube,no-owner,www.youtube.com is a MULTI_GOV_HOSTS host with no matching pin,,https://www.soaplakewa.gov/soaplakewacivilservice,,,,,
tier3_auto_transcription_queue.txt,https://www.youtube.com/watch?v=oQ3YVXM2rzE,www.youtube.com,youtube,no-owner,www.youtube.com is a MULTI_GOV_HOSTS host with no matching pin,,https://www.dunescity.gov/city-council-meetings,,,,,
tier3_auto_transcription_queue.txt,https://www.youtube.com/watch?v=rjTMIuXnzNI,www.youtube.com,youtube,pin,tenant_overrides.csv www.youtube.com match=rjTMIuXnzNI source=wo190_resolve_research_urls,us:place:3639562,https://kinderhook-ny.gov/eventdetail/9471/-/town-board-meeting.html,,,,,
tier3_auto_transcription_queue.txt,https://www.youtube.com/watch?v=x2rRqLhkQPU,www.youtube.com,youtube,pin-added,owner found via wo151_report.csv,us:cousub:0918080280,https://www.waterfordct.gov/AgendaCenter,,,,,
tier3_auto_transcription_queue.txt,https://www.youtube.com/watch?v=xh4DlMrr5ME,www.youtube.com,youtube,pin-added,owner found via wo151_report.csv,us:place:3663979,https://rousespointny.gov/government_departments/administration_village_board/youtube_council_meetings.php,,,,,
tier3_auto_transcription_queue.txt,https://youtu.be/e8Jr18zynxs,youtu.be,youtube,pin-added,owner found via wo174_report.csv,us:place:2669800,,,,,,
tier3_auto_transcription_queue.txt,https://vimeo.com/646562708,vimeo.com,vimeo,pin,tenant_overrides.csv vimeo.com match=646562708 source=wo174_agendacenter_probe,us:county:37013,,,,,,
tier3_auto_transcription_queue.txt,https://mabletonga.portal.civicclerk.com/event/672/media,mabletonga.portal.civicclerk.com,civicclerk,registry,not in MULTI_GOV_HOSTS -- single-tenant vendor host,,,,,,,
tier3_auto_transcription_queue.txt,https://manliusny.portal.civicclerk.com/event/1095/media,manliusny.portal.civicclerk.com,civicclerk,registry,not in MULTI_GOV_HOSTS -- single-tenant vendor host,,,,,,,
tier3_auto_transcription_queue.txt,https://spearfishsd.portal.civicclerk.com/event/3353/media,spearfishsd.portal.civicclerk.com,civicclerk,registry,not in MULTI_GOV_HOSTS -- single-tenant vendor host,,,,,,,
tier3_auto_transcription_queue.txt,https://comptoncity.granicus.com/MediaPlayer.php?view_id=2&clip_id=2260,comptoncity.granicus.com,granicus,registry,not in MULTI_GOV_HOSTS -- single-tenant vendor host,,,,,,,
tier3_auto_transcription_queue.txt,https://jupiterislandfl.portal.civicclerk.com/event/341/media,jupiterislandfl.portal.civicclerk.com,civicclerk,registry,not in MULTI_GOV_HOSTS -- single-tenant vendor host,,,,,,,
tier3_auto_transcription_queue.txt,https://mcphersoncoks.portal.civicclerk.com/event/547/media,mcphersoncoks.portal.civicclerk.com,civicclerk,registry,not in MULTI_GOV_HOSTS -- single-tenant vendor host,,,,,,,
tier3_auto_transcription_queue.txt,https://portervilleca.portal.civicclerk.com/event/554/media,portervilleca.portal.civicclerk.com,civicclerk,registry,not in MULTI_GOV_HOSTS -- single-tenant vendor host,,https://www.ci.porterville.ca.us/government/city_council/meeting_agendas___minutes.php,,,,,
tier3_auto_transcription_queue.txt,https://rollinghillsca.portal.civicclerk.com/event/808/media,rollinghillsca.portal.civicclerk.com,civicclerk,registry,not in MULTI_GOV_HOSTS -- single-tenant vendor host,,https://www.rolling-hills.org/,,,,,
tier3_auto_transcription_queue.txt,https://fernleynv.portal.civicclerk.com/event/520/media,fernleynv.portal.civicclerk.com,civicclerk,registry,not in MULTI_GOV_HOSTS -- single-tenant vendor host,,http://www.cityoffernley.org,,,,,
tier3_auto_transcription_queue.txt,https://saratogaspringsny.new.swagit.com/videos/133742,saratogaspringsny.new.swagit.com,swagit,registry,not in MULTI_GOV_HOSTS -- single-tenant vendor host,,,,,,,
tier3_auto_transcription_queue.txt,https://lynnhavenfl.portal.civicclerk.com/event/2115/media,lynnhavenfl.portal.civicclerk.com,civicclerk,registry,not in MULTI_GOV_HOSTS -- single-tenant vendor host,,https://cityoflynnhaven.gov,,,,,
tier3_auto_transcription_queue.txt,https://stjosephmo.portal.civicclerk.com/event/1309/media,stjosephmo.portal.civicclerk.com,civicclerk,registry,not in MULTI_GOV_HOSTS -- single-tenant vendor host,,,,,,,
tier3_auto_transcription_queue.txt,https://grantconm.portal.civicclerk.com/event/716/media,grantconm.portal.civicclerk.com,civicclerk,registry,not in MULTI_GOV_HOSTS -- single-tenant vendor host,,,,,,,
tier3_auto_transcription_queue.txt,https://lantanafl.granicus.com/MediaPlayer.php?view_id=1&clip_id=255,lantanafl.granicus.com,granicus,registry,not in MULTI_GOV_HOSTS -- single-tenant vendor host,,,,,,,
tier3_auto_transcription_queue.txt,https://richfieldmn.portal.civicclerk.com/event/2605/media,richfieldmn.portal.civicclerk.com,civicclerk,registry,not in MULTI_GOV_HOSTS -- single-tenant vendor host,,,,,,,
tier3_auto_transcription_queue.txt,https://hcnv.granicus.com/MediaPlayer.php?view_id=2&clip_id=36,hcnv.granicus.com,granicus,registry,not in MULTI_GOV_HOSTS -- single-tenant vendor host,,,,,,,
tier3_auto_transcription_queue.txt,https://levycofl.portal.civicclerk.com/event/2033/media,levycofl.portal.civicclerk.com,civicclerk,registry,not in MULTI_GOV_HOSTS -- single-tenant vendor host,,,,,,,
tier3_auto_transcription_queue.txt,https://brecksvilleoh.portal.civicclerk.com/event/1425/media,brecksvilleoh.portal.civicclerk.com,civicclerk,registry,not in MULTI_GOV_HOSTS -- single-tenant vendor host,,https://brecksville.oh.us,,,,,
tier3_auto_transcription_queue.txt,https://pleasantontx.iqm2.com/Citizens/Detail_Meeting.aspx?ID=1371,pleasantontx.iqm2.com,iqm2,registry,not in MULTI_GOV_HOSTS -- single-tenant vendor host,,,,,,,
tier3_auto_transcription_queue.txt,https://www.youtube.com/watch?v=IPLLmvDDvjE,www.youtube.com,youtube,pin,tenant_overrides.csv www.youtube.com match=IPLLmvDDvjE source=wo189_ryan_decision,us:place:5667235,https://www.youtube.com/@rockspringswy,,,,,
tier3_auto_transcription_queue.txt,https://www.youtube.com/watch?v=NF13srAY9i4,www.youtube.com,youtube,pin,tenant_overrides.csv www.youtube.com match=NF13srAY9i4 source=wo189_ryan_decision,us:place:1838358,https://www.youtube.com/@JeffCityCouncil,,,,,
tier3_auto_transcription_queue.txt,https://www.youtube.com/watch?v=zEUEhkWn1v8,www.youtube.com,youtube,pin,tenant_overrides.csv www.youtube.com match=zEUEhkWn1v8 source=wo189_ryan_decision,us:county:12123,https://www.youtube.com/@misdirector5910,,,,,
tier3_auto_transcription_queue.txt,https://www.youtube.com/watch?v=qbQqZZgGRaE,www.youtube.com,youtube,pin,tenant_overrides.csv www.youtube.com match=qbQqZZgGRaE source=wo189_ryan_decision,us:cousub:4209100156,https://www.youtube.com/@AbingtonTownship,,,,,
tier3_auto_transcription_queue.txt,https://www.youtube.com/watch?v=lE5-ntOUEo4,www.youtube.com,youtube,pin-added,owner found via wo179_report.csv,us:county:27137,https://www.youtube.com/user/StLouisCountyMN,,,,,
tier3_auto_transcription_queue.txt,https://www.youtube.com/watch?v=CoVf_pZt1to,www.youtube.com,youtube,pin-added,owner found via wo179_report.csv,ca:csd:4607062,https://www.youtube.com/user/CityofBrandonMB,,,,,
tier3_auto_transcription_queue.txt,https://www.youtube.com/watch?v=JVXqo2VOr_A,www.youtube.com,youtube,pin-added,owner found via wo179_report.csv,us:place:5571163,https://www.youtube.com/c/VillageofSalemLakesWI,,,,,
tier3_auto_transcription_queue.txt,https://yazoo.granicus.com/MediaPlayer.php?view_id=1&clip_id=237,yazoo.granicus.com,granicus,registry,not in MULTI_GOV_HOSTS -- single-tenant vendor host,,https://yazoo.granicus.com/ViewPublisher.php?view_id=1,,,,,
tier3_auto_transcription_queue.txt,https://www.youtube.com/watch?v=CRjz_MamYYA,www.youtube.com,youtube,pin-added,owner found via wo179_report.csv,us:place:1801612,https://www.youtube.com/@TownofandrewsIN,,,,,
tier3_auto_transcription_queue.txt,https://www.youtube.com/watch?v=cD4bPov9BQQ,www.youtube.com,youtube,pin-added,owner found via wo179_report.csv,us:place:2727188,https://www.youtube.com/channel/UCAgMZD_gMuhgTdpQmZn2ACg,,,,,
tier3_auto_transcription_queue.txt,https://parkland.legistar.com/Video.aspx?Mode=Granicus&ID1=1327&Mode2=Video,parkland.legistar.com,legistar,registry,not in MULTI_GOV_HOSTS -- single-tenant vendor host,,https://www.parklandcounty.com/,,,,,
tier3_auto_transcription_queue.txt,https://www.youtube.com/watch?v=C5Rztq-zC34,www.youtube.com,youtube,pin,tenant_overrides.csv www.youtube.com match=C5Rztq-zC34 source=wo149_county_ladder_sweep,us:county:26003,https://youtu.be/C5Rztq-zC34,,,,,
tier3_auto_transcription_queue.txt,https://pembrokeparkfl.portal.civicclerk.com/event/4284/media,pembrokeparkfl.portal.civicclerk.com,civicclerk,registry,not in MULTI_GOV_HOSTS -- single-tenant vendor host,,,,,,,
tier3_auto_transcription_queue.txt,https://www.youtube.com/watch?v=sWUkyx7R7XA,www.youtube.com,youtube,no-owner,www.youtube.com is a MULTI_GOV_HOSTS host with no matching pin,,https://youtube.com/live/sWUkyx7R7XA?feature=share,,,,,
tier3_auto_transcription_queue.txt,https://www.youtube.com/watch?v=I0PSbsgUEMg,www.youtube.com,youtube,pin,tenant_overrides.csv www.youtube.com match=I0PSbsgUEMg source=wo145_api_first_sweep,us:cousub:2609916520,https://youtu.be/I0PSbsgUEMg?list=PL1FNTHBBwsYsZDEGIw0wQo2wEYCgu_qG5,,,,,
tier3_auto_transcription_queue.txt,https://www.youtube.com/watch?v=RQ3pxTLZdZo,www.youtube.com,youtube,pin,tenant_overrides.csv www.youtube.com match=RQ3pxTLZdZo source=wo145_api_first_sweep,us:cousub:2609946900,https://youtu.be/RQ3pxTLZdZo?si=F5vj7kM9cOrddCZ1,,,,,
tier3_auto_transcription_queue.txt,https://www.youtube.com/watch?v=2PvriDwha-g,www.youtube.com,youtube,pin-added,owner found via wo183_tier3_pending.csv,us:cousub:2300512300,https://www.youtube.com/channel/UCaRFz_LxSS_zcUgEIGfIdUg/videos,,,,,
tier3_auto_transcription_queue.txt,https://www.youtube.com/watch?v=z0nnVqiAhz4,www.youtube.com,youtube,pin-added,owner found via wo183_tier3_pending.csv,us:cousub:3915138094,https://www.youtube.com/channel/UCv9E_465QV3gi88DGIXmz2Q,,,,,
tier3_auto_transcription_queue.txt,https://videoplayer.telvue.com/player/GBRlyEOJkXtkfSrhIDK-uv2PonrUwFBn/playlists/11625/media/1041521,videoplayer.telvue.com,telvue,pin-added,owner found via wo183_tier3_pending.csv,us:cousub:3403576940,https://warrennj.org/agendacenter,,,,,
tier3_auto_transcription_queue.txt,https://pewaukeewi.portal.civicclerk.com/event/1245/media,pewaukeewi.portal.civicclerk.com,civicclerk,registry,not in MULTI_GOV_HOSTS -- single-tenant vendor host,,https://pewaukeewi.portal.civicclerk.com/,,,,,
tier3_auto_transcription_queue.txt,https://www.utah.gov/pmn/sitemap/notice/1051133.html,www.utah.gov,www.utah.gov,registry,not in MULTI_GOV_HOSTS -- single-tenant vendor host,,https://magna.utah.gov/AgendaCenter,,,,,
tier3_auto_transcription_queue.txt,https://cloud.castus.tv/vod/weston/video/6a9884618f04390002ee839d?page=HOME,cloud.castus.tv,castus,pin-added,owner found via wo191_tier3_pending.csv,us:cousub:2501777255,https://westonma.gov/agendacenter,,,,,
tier3_auto_transcription_queue.txt,https://crd.ca.granicus.com/MediaPlayer.php?view_id=1&clip_id=3674,crd.ca.granicus.com,granicus,registry,not in MULTI_GOV_HOSTS -- single-tenant vendor host,,,,,,,
tier3_auto_transcription_queue.txt,https://www.youtube.com/watch?v=ax-OzF0VRk4,www.youtube.com,youtube,no-owner,www.youtube.com is a MULTI_GOV_HOSTS host with no matching pin,,https://www.youtube.com/channel/channel UCfNNyG4keplIyA11WcOXbqw (HPA-TV),,,,,
tier3_auto_transcription_queue.txt,https://www.youtube.com/watch?v=VKdaVfiMi1Y,www.youtube.com,youtube,no-owner,www.youtube.com is a MULTI_GOV_HOSTS host with no matching pin,,https://www.youtube.com/channel/UCo3PRSgZA4B4Y20Ji1f1Glw,,,,,
tier3_auto_transcription_queue.txt,https://www.youtube.com/watch?v=wG3LI2-IwLo,www.youtube.com,youtube,no-owner,www.youtube.com is a MULTI_GOV_HOSTS host with no matching pin,,https://www.youtube.com/channel/UC6moug2QGKRi1E7FMPTWe1A,,,,,
tier3_auto_transcription_queue.txt,https://www.youtube.com/watch?v=nnQfACEZn8g,www.youtube.com,youtube,no-owner,www.youtube.com is a MULTI_GOV_HOSTS host with no matching pin,,https://www.youtube.com/channel/UCSnuY-41GkWR3vhNV5jSIQQ,,,,,
tier3_auto_transcription_queue.txt,https://www.youtube.com/watch?v=muWeOtee4NE,www.youtube.com,youtube,pin,tenant_overrides.csv www.youtube.com match=muWeOtee4NE source=wo195_channel_probe,ca:cd:3513,https://www.youtube.com/channel/UC-pC50bXg1pZOX0vajv5goQ,,,,,
tier3_auto_transcription_queue.txt,https://www.youtube.com/watch?v=7NSAe00gN-8,www.youtube.com,youtube,no-owner,www.youtube.com is a MULTI_GOV_HOSTS host with no matching pin,,https://www.youtube.com/channel/UCDEhxGyYjgZkYrLb-NGeq2g,,,,,
tier3_auto_transcription_queue.txt,https://www.youtube.com/watch?v=UuxKIjTrhSc,www.youtube.com,youtube,no-owner,www.youtube.com is a MULTI_GOV_HOSTS host with no matching pin,,https://www.youtube.com/channel/UC77nCMbOHhM_YrdFUtjdAoA,,,,,
tier3_auto_transcription_queue.txt,https://www.youtube.com/watch?v=jvF1Mt92XgQ,www.youtube.com,youtube,no-owner,www.youtube.com is a MULTI_GOV_HOSTS host with no matching pin,,https://www.youtube.com/channel/UCXkx16z_21qDgJ_usjU5JJA,,,,,
tier3_auto_transcription_queue.txt,https://www.youtube.com/watch?v=MnWgIHaqzTw,www.youtube.com,youtube,no-owner,www.youtube.com is a MULTI_GOV_HOSTS host with no matching pin,,https://www.youtube.com/channel/UCTpbms5e05CzcxouiSdLsCA,,,,,
tier3_auto_transcription_queue.txt,https://www.youtube.com/watch?v=QMAgnrYIRKI,www.youtube.com,youtube,no-owner,www.youtube.com is a MULTI_GOV_HOSTS host with no matching pin,,https://www.youtube.com/channel/UC8TfNiborOhLrkQBBbzfTdA,,,,,
tier3_auto_transcription_queue.txt,https://www.youtube.com/watch?v=Y4PnjlWz_2A,www.youtube.com,youtube,pin-added,owner found via jurisdiction_coverage.csv,us:place:0686440,https://www.youtube.com/channel/UCgmpD7BaFitxWRr3evayo-Q,,,,,
tier3_auto_transcription_queue.txt,https://www.youtube.com/watch?v=7dtp4hCZFfQ,www.youtube.com,youtube,pin-added,owner found via jurisdiction_coverage.csv,us:place:4849860,https://www.youtube.com/channel/UCcdOYdk1MlAJxcvOBIlaOYA,,,,,
tier3_auto_transcription_queue.txt,https://www.youtube.com/watch?v=pJqSTtKGawg,www.youtube.com,youtube,pin-added,owner found via jurisdiction_coverage.csv,us:place:2745808,https://www.youtube.com/channel/UCk5HM-d6w9QZvfADV6kpr6A,,,,,
tier3_auto_transcription_queue.txt,https://www.youtube.com/watch?v=IdUynrr3jxE,www.youtube.com,youtube,no-owner,www.youtube.com is a MULTI_GOV_HOSTS host with no matching pin,,https://www.youtube.com/channel/UCbKSSZptq8GoC2hCfxt5Eiw,,,,,
tier3_auto_transcription_queue.txt,https://www.youtube.com/watch?v=NX2NmQp44i8,www.youtube.com,youtube,no-owner,www.youtube.com is a MULTI_GOV_HOSTS host with no matching pin,,https://www.youtube.com/channel/UCURxsqUJYXvu4-gqqebkFDw,,,,,
tier3_auto_transcription_queue.txt,https://www.youtube.com/watch?v=joLLAVzkNJs,www.youtube.com,youtube,pin-added,owner found via jurisdiction_coverage.csv,ca:csd:5955034,https://www.youtube.com/user/CityFSJ,,,,,
tier3_auto_transcription_queue.txt,https://www.youtube.com/watch?v=4pdLtlcWSf0,www.youtube.com,youtube,pin,tenant_overrides.csv www.youtube.com match=4pdLtlcWSf0 source=wo195_channel_probe,ca:csd:3543015,https://www.youtube.com/channel/UCzhcoASavyb3nVr4jxzx8vA,,,,,
tier3_auto_transcription_queue.txt,https://vimeo.com/1029046024?share=copy#t=0,vimeo.com,vimeo,pin,tenant_overrides.csv vimeo.com match=1029046024 source=wo174_agendacenter_probe,us:place:1780242,,,,,,
tier3_auto_transcription_queue.txt,https://www.youtube.com/watch?v=EZy79sQFuT0,www.youtube.com,youtube,pin-added,owner found via wo184_onehop_tier3_pending.csv,us:place:2642820,https://www.youtube.com/playlist?list=PLo5hIXUzoJM6nr4RYvBtczMinNhM0u2HN,,,,,
tier3_auto_transcription_queue.txt,https://www.youtube.com/watch?v=QfOV2qPwxyc,www.youtube.com,youtube,pin-added,owner found via wo184_tier3_pending.csv,us:county:13301,https://www.youtube.com/channel/UCtX_R-r3j6eGzlTw081lE6g,,,,,
tier3_auto_transcription_queue.txt,https://www.youtube.com/watch?v=XaoAbEJMtmM,www.youtube.com,youtube,pin-added,owner found via wo184_tier3_pending.csv,us:place:2240735,https://www.youtube.com/%40LafayetteConsolidatedGovt,,,,,
tier3_auto_transcription_queue.txt,https://www.youtube.com/watch?v=SU6ky6OL4es,www.youtube.com,youtube,pin-added,owner found via wo184_tier3_pending.csv,us:place:0673962,https://www.youtube.com/CityofStanton,,,,,
tier3_auto_transcription_queue.txt,https://www.youtube.com/watch?v=332B9eGOZCE,www.youtube.com,youtube,pin-added,owner found via wo184_tier3_pending.csv,us:place:1814716,https://www.youtube.com/channel/UCc-5pQrwMYdWNJiST7NXvXg,,,,,
tier3_auto_transcription_queue.txt,https://foxpointwi.portal.civicclerk.com/event/1006/media,foxpointwi.portal.civicclerk.com,civicclerk,registry,not in MULTI_GOV_HOSTS -- single-tenant vendor host,,https://foxpointwi.portal.civicclerk.com/,,,,,
tier3_auto_transcription_queue.txt,https://www.youtube.com/watch?v=6I7NBXq1rnM,www.youtube.com,youtube,pin-added,owner found via wo184_tier3_pending.csv,us:place:3937842,https://www.youtube.com/channel/UCGF1XYOeXabkJA4XZCv4MTw,,,,,
tier3_auto_transcription_queue.txt,https://www.youtube.com/watch?v=eeqdewlwnmM,www.youtube.com,youtube,pin-added,owner found via wo184_tier3_pending.csv,us:place:4287048,https://www.youtube.com/watch?v=eeqdewlwnmM,,,,,
tier3_auto_transcription_queue.txt,https://prosserwa.portal.civicclerk.com/event/215/media,prosserwa.portal.civicclerk.com,civicclerk,registry,not in MULTI_GOV_HOSTS -- single-tenant vendor host,,https://prosserwa.portal.civicclerk.com/,,,,,
tier3_auto_transcription_queue.txt,https://www.youtube.com/watch?v=ZQDYJBGJy9k,www.youtube.com,youtube,pin-added,owner found via wo184_tier3_pending.csv,us:place:0862880,https://www.youtube.com/channel/UCbknkQEi2HZQqAZcedkfP5Q,,,,,
tier3_auto_transcription_queue.txt,https://www.youtube.com/watch?v=cPaFUjYlNY0,www.youtube.com,youtube,pin-added,owner found via wo184_tier3_pending.csv,us:place:1876310,https://www.youtube.com/@trafalgarpublicmeetings,,,,,
tier3_auto_transcription_queue.txt,https://yachatsor.portal.civicclerk.com/event/1157/media,yachatsor.portal.civicclerk.com,civicclerk,registry,not in MULTI_GOV_HOSTS -- single-tenant vendor host,,https://yachatsor.portal.civicclerk.com/,,,,,
tier3_auto_transcription_queue.txt,https://vimeo.com/868329507,vimeo.com,vimeo,pin-added,owner found via wo184_tier3_pending.csv,us:cousub:2501125730,https://vimeo.com/channels/282976,,,,,
tier3_auto_transcription_queue.txt,https://www.youtube.com/watch?v=djHoAR-kPJE,www.youtube.com,youtube,pin-added,owner found via wo191_tier3_pending.csv,us:place:1850580,https://www.youtube.com/@monrovia_indiana/streams,,,,,
tier3_auto_transcription_queue.txt,https://www.youtube.com/watch?v=mFLgkhTDK4k,www.youtube.com,youtube,pin-added,owner found via wo191_tier3_pending.csv,us:place:2974284,https://www.youtube.com/@TwinOaksMissouri,,,,,
tier3_auto_transcription_queue.txt,https://www.youtube.com/watch?v=s2TTtUcnzag,www.youtube.com,youtube,pin-added,owner found via wo183_report.csv,us:cousub:2301945810,https://www.youtube.com/@townofmillinocket6054,,,,,
tier3_auto_transcription_queue.txt,https://www.youtube.com/watch?v=tmfvXiRUPfE,www.youtube.com,youtube,pin-added,owner found via jurisdiction_coverage.csv,us:cousub:3611530037,https://www.youtube.com/@townofgranville4545,,,,,
tier3_auto_transcription_queue.txt,https://www.youtube.com/watch?v=V_lFTibeVyQ,www.youtube.com,youtube,pin-added,owner found via jurisdiction_coverage.csv,us:cousub:0918073770,https://www.youtube.com/@townofstoningtonct.9270,,,,,
tier3_auto_transcription_queue.txt,https://www.youtube.com/watch?v=4O873q7Q-1U,www.youtube.com,youtube,no-owner,www.youtube.com is a MULTI_GOV_HOSTS host with no matching pin,,https://www.youtube.com/@TexasWorkforceCommission,,,,,report=us:place:4834502 (wo191_report.csv) vs jc=rtr:us:tx:texas-workforce-commission (jurisdiction_coverage.csv)
tier3_auto_transcription_queue.txt,https://cantonoh.portal.civicclerk.com/event/2106/media,cantonoh.portal.civicclerk.com,civicclerk,registry,not in MULTI_GOV_HOSTS -- single-tenant vendor host,,https://cantonohio.gov,,,,,
tier3_auto_transcription_queue.txt,https://winterhaven-fl.granicus.com/MediaPlayer.php?view_id=1&clip_id=617,winterhaven-fl.granicus.com,granicus,registry,not in MULTI_GOV_HOSTS -- single-tenant vendor host,,https://winterhaven-fl.granicus.com/ViewPublisher.php?view_id=1,,,,,
tier3_auto_transcription_queue.txt,https://hobbsnm.portal.civicclerk.com/event/119/media,hobbsnm.portal.civicclerk.com,civicclerk,registry,not in MULTI_GOV_HOSTS -- single-tenant vendor host,,https://hobbsnm.portal.civicclerk.com/,,,,,
tier3_auto_transcription_queue.txt,https://www.youtube.com/watch?v=QUoRTvjmRQ4,www.youtube.com,youtube,pin-added,owner found via wo216_tier3_pending.csv,us:place:2754214,https://www.youtube.com/@CityofRichfield,,,,,
tier3_auto_transcription_queue.txt,https://northwoodoh.portal.civicclerk.com/event/297/media,northwoodoh.portal.civicclerk.com,civicclerk,registry,not in MULTI_GOV_HOSTS -- single-tenant vendor host,,https://northwoodoh.portal.civicclerk.com/,,,,,
tier3_auto_transcription_queue.txt,https://www.youtube.com/watch?v=1s9vw8DXQzk,www.youtube.com,youtube,no-owner,www.youtube.com is a MULTI_GOV_HOSTS host with no matching pin,,https://www.youtube.com/embed/1s9vw8DXQzk?si=L0IAcx8CawjYzUgj,,,,,
tier3_auto_transcription_queue.txt,https://guadalupe.granicus.com/MediaPlayer.php?view_id=1&clip_id=1170,guadalupe.granicus.com,granicus,registry,not in MULTI_GOV_HOSTS -- single-tenant vendor host,,https://guadalupe.granicus.com/ViewPublisher.php?view_id=1,,,,,
tier3_auto_transcription_queue.txt,https://www.youtube.com/watch?v=PqH6BABYbGg,www.youtube.com,youtube,pin-added,owner found via wo216_tier3_pending.csv,ca:csd:4607062,https://www.youtube.com/user/CityofBrandonMB,,,,,
tier3_auto_transcription_queue.txt,https://sccity.granicus.com/MediaPlayer.php?view_id=1&clip_id=257,sccity.granicus.com,granicus,registry,not in MULTI_GOV_HOSTS -- single-tenant vendor host,,https://sccity.granicus.com/account/forgotpassword,,,,,
tier3_auto_transcription_queue.txt,https://cloud.castus.tv/vod/littleton/video/6a57b6bfb0f73f000288066b?page=HOME,cloud.castus.tv,castus,pin,tenant_overrides.csv cloud.castus.tv match=/vod/littleton/ source=wo309b,us:cousub:2501735950,,,,,,
tier3_auto_transcription_queue.txt,https://cloud.castus.tv/vod/hampsteadcabletv/video/6a8cd54966e46e000252e997?page=ALL,cloud.castus.tv,castus,pin-added,owner found via wo174_report.csv,us:cousub:3301532900,,,,,,
tier3_auto_transcription_queue.txt,https://reflect-hamptonnh.cablecast.tv/internetchannel/show/1978?channel=1,reflect-hamptonnh.cablecast.tv,cablecast,registry,not in MULTI_GOV_HOSTS -- single-tenant vendor host,,,,,,,
tier3_auto_transcription_queue.txt,https://www.youtube.com/watch?v=cmGDbndqqj4,www.youtube.com,youtube,pin-added,owner found via wo225_jc_queued_tier3.csv,us:place:2127982,https://www.youtube.com/channel/UCY0VfS8DMdsY4arnVCZ_Eww,,,,,
tier3_auto_transcription_queue.txt,https://www.youtube.com/watch?v=Up_r22VTQBg,www.youtube.com,youtube,pin-added,owner found via wo225_jc_queued_tier3.csv,us:place:2303355,https://www.youtube.com/@CityofBathMaineBCTV,,,,,
tier3_auto_transcription_queue.txt,https://www.youtube.com/watch?v=H9bkC7YRGUo,www.youtube.com,youtube,pin-added,owner found via wo225_jc_queued_tier3.csv,ca:csd:2490012,https://www.youtube.com/channel/UC0INBWQnm9MeTzIc9E8Y8Tg/streams,,,,,
tier3_auto_transcription_queue.txt,https://www.youtube.com/watch?v=WASs5KsmAGs,www.youtube.com,youtube,pin,tenant_overrides.csv www.youtube.com match=WASs5KsmAGs source=wo149_finish_tier3,us:county:55059,https://www.youtube.com/live/c7kIXhHrM1Y?si=m4Jsu1iz9UKt1tRX,,,,,
tier3_auto_transcription_queue.txt,https://www.youtube.com/watch?v=WzqIpTCYPOU,www.youtube.com,youtube,pin,tenant_overrides.csv www.youtube.com match=WzqIpTCYPOU source=wo149_finish_tier3,us:county:20161,https://rileycoks.portal.civicclerk.com/event/720/media,,,,,
tier3_auto_transcription_queue.txt,https://www.youtube.com/watch?v=5OFSWnNQ6qA,www.youtube.com,youtube,pin-added,owner found via jurisdiction_coverage.csv,us:county:30093,https://www.youtube.com/@ButteSilverBow/playlists,,,,,
tier3_auto_transcription_queue.txt,https://www.youtube.com/watch?v=hNTApwbDndM,www.youtube.com,youtube,pin,tenant_overrides.csv www.youtube.com match=hNTApwbDndM source=wo230,us:county:26037,https://clinton-county.org/agendacenter,,,,,
tier3_auto_transcription_queue.txt,https://www.utah.gov/pmn/sitemap/notice/1089851.html,www.utah.gov,www.utah.gov,registry,not in MULTI_GOV_HOSTS -- single-tenant vendor host,,https://cityofhurricane.com/AgendaCenter,,,,,
tier3_auto_transcription_queue.txt,https://www.youtube.com/watch?v=YfCQuZlKm7o,www.youtube.com,youtube,pin-added,owner found via jurisdiction_coverage.csv,us:county:53021,https://www.youtube.com/@FranklinVotes/videos,,,,,
tier3_auto_transcription_queue.txt,https://www.youtube.com/watch?v=hd6VzRitAM8,www.youtube.com,youtube,pin-added,owner found via jurisdiction_coverage.csv,ca:csd:5933042,https://www.youtube.com/user/cityofkamloops,,,,,
tier3_auto_transcription_queue.txt,https://www.youtube.com/watch?v=gD0j8h3psZA,www.youtube.com,youtube,pin-added,owner found via jurisdiction_coverage.csv,us:place:3972928,https://youtube.com/channel/UCdDeXn3nyRcDuK4qB9bwl1A,,,,,
tier3_auto_transcription_queue.txt,https://www.youtube.com/watch?v=nflZ-goEZIE,www.youtube.com,youtube,pin-added,owner found via jurisdiction_coverage.csv,us:place:2119882,https://www.youtube.com/@CityofDanvilleKentucky/streams,,,,,
tier3_auto_transcription_queue.txt,https://elmirageaz.granicus.com/MediaPlayer.php?view_id=1&clip_id=276,elmirageaz.granicus.com,granicus,registry,not in MULTI_GOV_HOSTS -- single-tenant vendor host,,https://public.destinyhosted.com/agenda_publish.cfm?id=35647,,,,,
tier3_auto_transcription_queue.txt,https://www.youtube.com/watch?v=fOoLPVTh1CM,www.youtube.com,youtube,no-owner,www.youtube.com is a MULTI_GOV_HOSTS host with no matching pin,,https://www.youtube.com/@CityofPurcellOk/streams,,,,,
tier3_auto_transcription_queue.txt,https://mindenla.portal.civicclerk.com/event/126/media,mindenla.portal.civicclerk.com,civicclerk,registry,not in MULTI_GOV_HOSTS -- single-tenant vendor host,,https://mindenla.portal.civicclerk.com,,,,,
tier3_auto_transcription_queue.txt,https://cayugaheights.gov/village-government/board-of-trustees/,cayugaheights.gov,cayugaheights.gov,registry,not in MULTI_GOV_HOSTS -- single-tenant vendor host,,,,,,,
tier3_auto_transcription_queue.txt,https://www.utah.gov/pmn/sitemap/notice/872229.html,www.utah.gov,www.utah.gov,registry,not in MULTI_GOV_HOSTS -- single-tenant vendor host,,,,,,,
tier3_auto_transcription_queue.txt,https://lewisberryborough.org/residents/meeting-agendas-and-minutes/,lewisberryborough.org,lewisberryborough.org,registry,not in MULTI_GOV_HOSTS -- single-tenant vendor host,,,,,,,
tier3_auto_transcription_queue.txt,https://williamstownma.gov/2026-elections-and-town-meeting/,williamstownma.gov,williamstownma.gov,registry,not in MULTI_GOV_HOSTS -- single-tenant vendor host,,,,,,,
tier3_auto_transcription_queue.txt,https://tatetownship.org/trustees-and-clerk/meeting-minutes/2025-trustee-meeting-minutes-videos/,tatetownship.org,tatetownship.org,registry,not in MULTI_GOV_HOSTS -- single-tenant vendor host,,,,,,,
tier3_auto_transcription_queue.txt,https://www.youtube.com/watch?v=5QV8GitLo1Q,www.youtube.com,youtube,no-owner,www.youtube.com is a MULTI_GOV_HOSTS host with no matching pin,,https://sheboygan-wi.municodemeetings.com/bc-commoncouncil/page/tenth-regular-common-council-meeting-2,,,,,
tier3_auto_transcription_queue.txt,https://leecoal.portal.civicclerk.com/event/1596/media,leecoal.portal.civicclerk.com,civicclerk,registry,not in MULTI_GOV_HOSTS -- single-tenant vendor host,,https://leecoal.civicclerk.com/web/Home.aspx,,,,,
tier3_auto_transcription_queue.txt,https://boxcast.tv/view-embed/dcj8qnxnnonndniok58o?showTitle=1&showDescription=1&showHighlights=1&showRelated=1&defaultVideo=next&playInline=0&dvr=1&market=government&showCountdown=0&showDonations=0&showDocuments=1&showIndex=1&showChat=1&hidePreBroadcastTextOverlay=0&layout=playlist-to-right,boxcast.tv,boxcast.tv,pin-added,owner found via wo258_report.csv,us:county:13137,https://boxcast.tv/view-embed/dcj8qnxnnonndniok58o?showTitle=1&showDescription=1&showHighlights=1&showRelated=1&defaultVideo=next&playInline=0&dvr=1&market=government&showCountdown=0&showDonations=0&showDocuments=1&showIndex=1&showChat=1&hidePreBroadcastTextOverlay=0&layout=playlist-to-right,,,,,
tier3_auto_transcription_queue.txt,https://harrisonburg-va.granicus.com/MediaPlayer.php?view_id=2&clip_id=1370,harrisonburg-va.granicus.com,granicus,registry,not in MULTI_GOV_HOSTS -- single-tenant vendor host,,https://harrisonburg-va.granicus.com/account/forgotpassword,,,,,
tier3_auto_transcription_queue.txt,https://www.youtube.com/watch?v=xwdX3VDCVHs,www.youtube.com,youtube,pin-added,owner found via jurisdiction_coverage.csv,us:county:05091,https://www.youtube.com/@MillerCountyAR,,,,,
tier3_auto_transcription_queue.txt,https://boxcast.tv/channel/aetaajdf64jalxx20o9a,boxcast.tv,boxcast.tv,pin-added,owner found via wo258_report.csv,us:place:4834676,https://boxcast.tv/channel/aetaajdf64jalxx20o9a,,,,,
tier3_auto_transcription_queue.txt,https://tollesonaz.portal.civicclerk.com/event/234/media,tollesonaz.portal.civicclerk.com,civicclerk,registry,not in MULTI_GOV_HOSTS -- single-tenant vendor host,,https://tolleson.az.gov/AgendaCenter,,,,,
tier3_auto_transcription_queue.txt,https://calhouncotx.portal.civicclerk.com/event/386/media,calhouncotx.portal.civicclerk.com,civicclerk,registry,not in MULTI_GOV_HOSTS -- single-tenant vendor host,,https://calhouncotx.portal.civicclerk.com,,,,,
tier3_auto_transcription_queue.txt,https://www.youtube.com/watch?v=P9fjphPtFjw,www.youtube.com,youtube,pin-added,owner found via wo259_tier3_pending.csv,us:place:3747000,https://www.youtube.com/user/cityofnewtonnc,,,,,
tier3_auto_transcription_queue.txt,https://lakedallastx.portal.civicclerk.com/event/1431/media,lakedallastx.portal.civicclerk.com,civicclerk,registry,not in MULTI_GOV_HOSTS -- single-tenant vendor host,,https://lakedallastx.portal.civicclerk.com/,,,,,
tier3_auto_transcription_queue.txt,https://laurelmt.portal.civicclerk.com/event/2386/media,laurelmt.portal.civicclerk.com,civicclerk,registry,not in MULTI_GOV_HOSTS -- single-tenant vendor host,,https://laurelmt.portal.civicclerk.com/,,,,,
tier3_auto_transcription_queue.txt,https://southernpinesnc.portal.civicclerk.com/event/495/media,southernpinesnc.portal.civicclerk.com,civicclerk,registry,not in MULTI_GOV_HOSTS -- single-tenant vendor host,,https://southernpinesnc.portal.civicclerk.com/event/495/media,,,,,
tier3_auto_transcription_queue.txt,https://boxcast.tv/channel/thzz3mve4hxxwwce9csj,boxcast.tv,boxcast.tv,pin-added,owner found via wo279_report.csv,us:place:2042875,https://louisburgkansas.gov/agendacenter,,,,,
tier3_auto_transcription_queue.txt,https://turtlecreekborough.us/images/videos/MS4 PP 2021.mp4,turtlecreekborough.us,turtlecreekborough.us,registry,not in MULTI_GOV_HOSTS -- single-tenant vendor host,,,,,,,
tier3_auto_transcription_queue.txt,https://www.utah.gov/pmn/sitemap/notice/1100607.html,www.utah.gov,www.utah.gov,registry,not in MULTI_GOV_HOSTS -- single-tenant vendor host,,https://emery.utah.gov/home/department-directory/economic-development/economic-development-meetings/,,,,,
tier3_auto_transcription_queue.txt,https://boxcast.tv/view/farmersville-community-development-corporation-fcdc-4b-meeting-ewh3fjbymcc64jcz0sja,boxcast.tv,boxcast.tv,pin-added,owner found via wo309b_report.csv,us:place:4825488,https://www.farmersvilletx.com/meetings/recent?boards-commissions=71,,,,,
tier3_auto_transcription_queue.txt,https://parkcounty.granicus.com/MediaPlayer.php?view_id=1&clip_id=2806,parkcounty.granicus.com,granicus,registry,not in MULTI_GOV_HOSTS -- single-tenant vendor host,,https://www.parkcountymt.gov/Government-Departments/Commissioners/Commission-Enhanced-Agendas-Audio-and-Meeting-Minutes/,,,,,
tier3_auto_transcription_queue.txt,https://vimeo.com/1103129533/8573f518c3?ts=0&share=copy,vimeo.com,vimeo,no-owner,vimeo.com is a MULTI_GOV_HOSTS host with no matching pin,,https://www.mille-isles.ca,,,,,
tier3_auto_transcription_queue.txt,https://boxcast.tv/view/pascagoula-city-council-81826-z0nwcd5m4geotcf6h3ti,boxcast.tv,boxcast.tv,pin-added,owner found via jurisdiction_coverage.csv,us:place:2855360,https://cityofpascagoula.com/AgendaCenter,,,,,
tier3_auto_transcription_queue.txt,https://townhallstreams.com/stream.php?location_id=154&id=75643,townhallstreams.com,townhallstreams,registry,not in MULTI_GOV_HOSTS -- single-tenant vendor host,,https://townhallstreams.com/towns/sagadahoc_me,,,,,
tier3_auto_transcription_queue.txt,https://reflect-hamptonnh.cablecast.tv/internetchannel/show/1958?channel=1,reflect-hamptonnh.cablecast.tv,cablecast,registry,not in MULTI_GOV_HOSTS -- single-tenant vendor host,,,,,,,
tier3_auto_transcription_queue.txt,https://videoplayer.telvue.com/player/5sDJy4puFHzGcdLZ5XfXaWK8ROY8_W2m/media/989568,videoplayer.telvue.com,telvue,pin,tenant_overrides.csv videoplayer.telvue.com match=5sDJy4puFHzGcdLZ5XfXaWK8ROY8_W2m source=wo309,us:cousub:3400125560,,,,,,
tier3_auto_transcription_queue.txt,https://clermontny.gov/category/resources-documents/board-meeting-videos/,clermontny.gov,clermontny.gov,registry,not in MULTI_GOV_HOSTS -- single-tenant vendor host,,,,,,,
tier3_auto_transcription_queue.txt,https://www.mantuautah.gov/town-council-3,www.mantuautah.gov,www.mantuautah.gov,registry,not in MULTI_GOV_HOSTS -- single-tenant vendor host,,,,,,,
tier3_auto_transcription_queue.txt,https://www.crd.ca/government-administration/boards-committees/committees-commissions/capital-region-housing,www.crd.ca,www.crd.ca,registry,not in MULTI_GOV_HOSTS -- single-tenant vendor host,,,,,,,
tier3_auto_transcription_queue.txt,https://weblink.deschutes.org/WebLink/ElectronicFile.aspx?docid=94746&dbid=0&repo=LFPUB,weblink.deschutes.org,weblink.deschutes.org,registry,not in MULTI_GOV_HOSTS -- single-tenant vendor host,,,,,,,
tier3_auto_transcription_queue.txt,https://weblink.cityoframsey.com/WebLink/0/edoc/813049/Meeting%20AudioVideo%20-%20Council%20Work%20Session%20-%2009082026.mp3,weblink.cityoframsey.com,weblink.cityoframsey.com,registry,not in MULTI_GOV_HOSTS -- single-tenant vendor host,,,,,,,
tier3_auto_transcription_queue.txt,https://cloud.castus.tv/vod/tbnk/video/6a90dbca07d37600029e76e1,cloud.castus.tv,castus,pin-added,owner found via jurisdiction_coverage.csv,us:place:2148378,https://cloud.castus.tv/vod/tbnk/playlist/City%20of%20Ludlow?page=PLAYLIST,,,,,
tier3_auto_transcription_queue.txt,https://cloud.castus.tv/vod/tbnk/video/6a83ae174c520c0002b5bfb0,cloud.castus.tv,castus,pin-added,owner found via jurisdiction_coverage.csv,us:place:2159255,https://cloud.castus.tv/vod/tbnk/playlist/City%20of%20Park%20Hills?page=PLAYLIST,,,,,
tier3_auto_transcription_queue.txt,https://cloud.castus.tv/vod/tbnk/video/6a7c716bb8cfced59fdfeaa1,cloud.castus.tv,castus,pin-added,owner found via jurisdiction_coverage.csv,us:place:2143606,https://cloud.castus.tv/vod/tbnk/playlist/City%20of%20Lakeside%20Park?page=PLAYLIST,,,,,
tier3_auto_transcription_queue.txt,https://reflect-vod-cityoftybee.cablecast.tv/internetchannel/show/9696?site=1,reflect-vod-cityoftybee.cablecast.tv,cablecast,registry,not in MULTI_GOV_HOSTS -- single-tenant vendor host,,https://reflect-vod-cityoftybee.cablecast.tv/cablecastapi/v1/shows?pageSize=50&sortColumn=cablecastShowID&sortDirection=DESC,,,,,
tier3_auto_transcription_queue.txt,https://reflect-townofwellfleet.cablecast.tv/internetchannel/show/7568?channel=1,reflect-townofwellfleet.cablecast.tv,cablecast,registry,not in MULTI_GOV_HOSTS -- single-tenant vendor host,,https://reflect-townofwellfleet.cablecast.tv/cablecastapi/v1/shows?pageSize=30&sortColumn=cablecastShowID&sortDirection=DESC&channel=1,,,,,
tier3_auto_transcription_queue.txt,https://cloud.castus.tv/vod/littleton/video/6aa2e20e9a0aed0002091584,cloud.castus.tv,castus,pin,tenant_overrides.csv cloud.castus.tv match=/vod/littleton/ source=wo309b,us:cousub:2501735950,https://cloud.castus.tv/vod/littleton/?page=RECENT,,,,,
tier3_auto_transcription_queue.txt,https://reflect-kckps.cablecast.tv/internetchannel/show/611?channel=1,reflect-kckps.cablecast.tv,cablecast,registry,not in MULTI_GOV_HOSTS -- single-tenant vendor host,,https://reflect-kckps.cablecast.tv/cablecastapi/v1/shows?pageSize=50&sortColumn=cablecastShowID&sortDirection=DESC&channel=1,,,,,
tier3_auto_transcription_queue.txt,https://reflect-niagarafallsosc.cablecast.tv/CablecastPublicSite/show/2160?site=1,reflect-niagarafallsosc.cablecast.tv,cablecast,registry,not in MULTI_GOV_HOSTS -- single-tenant vendor host,,https://reflect-niagarafallsosc.cablecast.tv/cablecastapi/v1/shows?pageSize=50&sortColumn=cablecastShowID&sortDirection=DESC&channel=1,,,,,
tier3_auto_transcription_queue.txt,http://agawamvod.cablecast.tv/internetchannel/show/2825?site=1,agawamvod.cablecast.tv,cablecast,registry,not in MULTI_GOV_HOSTS -- single-tenant vendor host,,,,,,,
tier3_auto_transcription_queue.txt,https://playback.orionontv.org/internetchannel/show/5821?site=3,playback.orionontv.org,playback.orionontv.org,registry,not in MULTI_GOV_HOSTS -- single-tenant vendor host,,,,,,,
tier3_auto_transcription_queue.txt,https://www.youtube.com/watch?v=wmqe8C6b8DE,www.youtube.com,youtube,no-owner,www.youtube.com is a MULTI_GOV_HOSTS host with no matching pin,,,,,,,
tier3_auto_transcription_queue.txt,https://www.youtube.com/watch?v=5v2GccMk9ho,www.youtube.com,youtube,no-owner,www.youtube.com is a MULTI_GOV_HOSTS host with no matching pin,,,,,,,
tier3_auto_transcription_queue.txt,https://wrightcountymn.portal.civicclerk.com/event/31/media,wrightcountymn.portal.civicclerk.com,civicclerk,registry,not in MULTI_GOV_HOSTS -- single-tenant vendor host,,,,,,,
tier3_auto_transcription_queue.txt,https://claytonca.portal.civicclerk.com/event/22/media,claytonca.portal.civicclerk.com,civicclerk,registry,not in MULTI_GOV_HOSTS -- single-tenant vendor host,,,,,,,
tier3_auto_transcription_queue.txt,https://play.champds.com/atlantaga/event/1000,play.champds.com,play.champds.com,registry,not in MULTI_GOV_HOSTS -- single-tenant vendor host,,,,,,,
tier3_auto_transcription_queue.txt,https://play.champds.com/bellemeadetn/event/200,play.champds.com,play.champds.com,registry,not in MULTI_GOV_HOSTS -- single-tenant vendor host,,,,,,,
tier3_auto_transcription_queue.txt,https://play.champds.com/chathamma/event/2500,play.champds.com,play.champds.com,registry,not in MULTI_GOV_HOSTS -- single-tenant vendor host,,,,,,,
tier3_auto_transcription_queue.txt,https://play.champds.com/mentoroh/event/200,play.champds.com,play.champds.com,registry,not in MULTI_GOV_HOSTS -- single-tenant vendor host,,,,,,,
tier3_auto_transcription_queue.txt,https://washougalwa.portal.civicclerk.com/event/485/media,washougalwa.portal.civicclerk.com,civicclerk,registry,not in MULTI_GOV_HOSTS -- single-tenant vendor host,,,,,,,
tier3_auto_transcription_queue.txt,https://youtu.be/2BEGEZeHzS0,youtu.be,youtube,pin,tenant_overrides.csv youtu.be match=2BEGEZeHzS0 source=wo127_civicplus_pipeline,us:place:5586025,,,,,,
tier3_auto_transcription_queue.txt,https://videoplayer.telvue.com/player/FcqTL0OYMCGU6WlccUApyUL3twz4dm9V/stream/819?fullscreen=false&showtabssearch=true&autostart=true,videoplayer.telvue.com,telvue,pin,tenant_overrides.csv videoplayer.telvue.com match=player/FcqTL0OYMCGU6WlccUApyUL3twz4dm9V source=archive_study_2026-09-09,us:place:3622865,,,,,,
tier3_auto_transcription_queue.txt,https://www.youtube.com/watch?v=TLkDEoTodMs,www.youtube.com,youtube,pin,tenant_overrides.csv www.youtube.com match=TLkDEoTodMs source=wo171_localview,us:place:0439370,,,,,,
tier3_auto_transcription_queue.txt,https://www.youtube.com/watch?v=74kLn7B1P5k,www.youtube.com,youtube,pin,tenant_overrides.csv www.youtube.com match=74kLn7B1P5k source=wo171_localview,us:place:0566080,,,,,,
tier3_auto_transcription_queue.txt,https://www.youtube.com/watch?v=v0TOpJIeAPc,www.youtube.com,youtube,pin,tenant_overrides.csv www.youtube.com match=v0TOpJIeAPc source=wo171_localview,us:place:0610928,,,,,,
tier3_auto_transcription_queue.txt,https://www.youtube.com/watch?v=cGA0CKMbJwI,www.youtube.com,youtube,pin,tenant_overrides.csv www.youtube.com match=cGA0CKMbJwI source=wo171_localview,us:county:01129,,,,,,
tier3_auto_transcription_queue.txt,https://www.youtube.com/watch?v=jLwez0zk4K4,www.youtube.com,youtube,pin,tenant_overrides.csv www.youtube.com match=jLwez0zk4K4 source=wo171_localview,us:place:1712684,,,,,,
tier3_auto_transcription_queue.txt,https://www.youtube.com/watch?v=MHc5UmbXtCM,www.youtube.com,youtube,pin,tenant_overrides.csv www.youtube.com match=MHc5UmbXtCM source=wo171_localview,us:place:1715833,,,,,,
tier3_auto_transcription_queue.txt,https://www.youtube.com/watch?v=SZv2Hfzb4xs,www.youtube.com,youtube,pin,tenant_overrides.csv www.youtube.com match=SZv2Hfzb4xs source=wo171_localview,us:place:1748892,,,,,,
tier3_auto_transcription_queue.txt,https://www.youtube.com/watch?v=PxoH1N6Dm04,www.youtube.com,youtube,pin,tenant_overrides.csv www.youtube.com match=PxoH1N6Dm04 source=wo171_localview,us:place:1954840,,,,,,
tier3_auto_transcription_queue.txt,https://www.youtube.com/watch?v=kyvAdEL42KA,www.youtube.com,youtube,pin,tenant_overrides.csv www.youtube.com match=kyvAdEL42KA source=wo171_localview,us:place:2273640,,,,,,
tier3_auto_transcription_queue.txt,https://www.youtube.com/watch?v=SNIptxpKeEY,www.youtube.com,youtube,pin,tenant_overrides.csv www.youtube.com match=SNIptxpKeEY source=wo171_localview,us:cousub:2301154560,,,,,,
tier3_auto_transcription_queue.txt,https://www.youtube.com/watch?v=BW9_nCmRnSk,www.youtube.com,youtube,pin,tenant_overrides.csv www.youtube.com match=BW9_nCmRnSk source=wo171_localview,us:county:26017,,,,,,
tier3_auto_transcription_queue.txt,https://www.youtube.com/watch?v=TS5NQsz9EE0,www.youtube.com,youtube,pin,tenant_overrides.csv www.youtube.com match=TS5NQsz9EE0 source=wo171_localview,us:place:2659920,,,,,,
tier3_auto_transcription_queue.txt,https://www.youtube.com/watch?v=CSYBCOHYNV0,www.youtube.com,youtube,pin,tenant_overrides.csv www.youtube.com match=CSYBCOHYNV0 source=wo171_localview,us:place:2686000,,,,,,
tier3_auto_transcription_queue.txt,https://www.youtube.com/watch?v=zMXmOC43iWo,www.youtube.com,youtube,pin,tenant_overrides.csv www.youtube.com match=zMXmOC43iWo source=wo171_localview,us:cousub:2616189160,,,,,,
tier3_auto_transcription_queue.txt,https://www.youtube.com/watch?v=JHWOIGvbppo,www.youtube.com,youtube,pin,tenant_overrides.csv www.youtube.com match=JHWOIGvbppo source=wo171_localview,us:place:2732840,,,,,,
tier3_auto_transcription_queue.txt,https://www.youtube.com/watch?v=4r3RsGgDtbg,www.youtube.com,youtube,pin,tenant_overrides.csv www.youtube.com match=4r3RsGgDtbg source=wo171_localview,us:place:2741570,,,,,,
tier3_auto_transcription_queue.txt,https://www.youtube.com/watch?v=3U2CWsTfkpM,www.youtube.com,youtube,pin,tenant_overrides.csv www.youtube.com match=3U2CWsTfkpM source=wo171_localview,us:place:2758648,,,,,,
tier3_auto_transcription_queue.txt,https://www.youtube.com/watch?v=V1bCRp8b-3Q,www.youtube.com,youtube,pin,tenant_overrides.csv www.youtube.com match=V1bCRp8b-3Q source=wo171_localview,us:place:2926434,,,,,,
tier3_auto_transcription_queue.txt,https://www.youtube.com/watch?v=MWswEpzzwIc,www.youtube.com,youtube,pin,tenant_overrides.csv www.youtube.com match=MWswEpzzwIc source=wo171_localview,us:place:2963956,,,,,,
tier3_auto_transcription_queue.txt,https://www.youtube.com/watch?v=wcEZMEjlfuQ,www.youtube.com,youtube,pin,tenant_overrides.csv www.youtube.com match=wcEZMEjlfuQ source=wo171_localview,us:place:3418400,,,,,,
tier3_auto_transcription_queue.txt,https://www.youtube.com/watch?v=pVj_j7jdwAM,www.youtube.com,youtube,pin,tenant_overrides.csv www.youtube.com match=pVj_j7jdwAM source=wo171_localview,us:cousub:3403775740,,,,,,
tier3_auto_transcription_queue.txt,https://www.youtube.com/watch?v=z2YfUgKB2w4,www.youtube.com,youtube,pin,tenant_overrides.csv www.youtube.com match=z2YfUgKB2w4 source=wo171_localview,us:place:3659388,,,,,,
tier3_auto_transcription_queue.txt,https://www.youtube.com/watch?v=5HExSPqlXII,www.youtube.com,youtube,pin,tenant_overrides.csv www.youtube.com match=5HExSPqlXII source=wo171_localview,us:cousub:3605578971,,,,,,
tier3_auto_transcription_queue.txt,https://www.youtube.com/watch?v=qcckJKkzO_I,www.youtube.com,youtube,pin,tenant_overrides.csv www.youtube.com match=qcckJKkzO_I source=wo171_localview,us:place:3701520,,,,,,
tier3_auto_transcription_queue.txt,https://www.youtube.com/watch?v=YLG2Ksqvgz8,www.youtube.com,youtube,pin,tenant_overrides.csv www.youtube.com match=YLG2Ksqvgz8 source=wo171_localview,us:place:3707720,,,,,,
tier3_auto_transcription_queue.txt,https://www.youtube.com/watch?v=CPk4eMnNogY,www.youtube.com,youtube,pin,tenant_overrides.csv www.youtube.com match=CPk4eMnNogY source=wo171_localview,us:place:3726880,,,,,,
tier3_auto_transcription_queue.txt,https://www.youtube.com/watch?v=P8JZQNaAmXs,www.youtube.com,youtube,pin,tenant_overrides.csv www.youtube.com match=P8JZQNaAmXs source=wo171_localview,us:place:3735720,,,,,,
tier3_auto_transcription_queue.txt,https://www.youtube.com/watch?v=2BnGhRTWi2Q,www.youtube.com,youtube,pin,tenant_overrides.csv www.youtube.com match=2BnGhRTWi2Q source=wo171_localview,us:place:3765900,,,,,,
tier3_auto_transcription_queue.txt,https://www.youtube.com/watch?v=ivXBSrZPKHI,www.youtube.com,youtube,pin,tenant_overrides.csv www.youtube.com match=ivXBSrZPKHI source=wo171_localview,us:place:3915644,,,,,,
tier3_auto_transcription_queue.txt,https://www.youtube.com/watch?v=Bw_uKS-YZ28,www.youtube.com,youtube,pin,tenant_overrides.csv www.youtube.com match=Bw_uKS-YZ28 source=wo171_localview,us:place:3921308,,,,,,
tier3_auto_transcription_queue.txt,https://www.youtube.com/watch?v=hh1-WRZvlxg,www.youtube.com,youtube,pin,tenant_overrides.csv www.youtube.com match=hh1-WRZvlxg source=wo171_localview,us:place:3964150,,,,,,
tier3_auto_transcription_queue.txt,https://www.youtube.com/watch?v=HZ-0srvTyKc,www.youtube.com,youtube,pin,tenant_overrides.csv www.youtube.com match=HZ-0srvTyKc source=wo171_localview,us:place:3977588,,,,,,
tier3_auto_transcription_queue.txt,https://www.youtube.com/watch?v=0grlViaUnOI,www.youtube.com,youtube,pin,tenant_overrides.csv www.youtube.com match=0grlViaUnOI source=wo171_localview,us:place:3978050,,,,,,
tier3_auto_transcription_queue.txt,https://www.youtube.com/watch?v=EtFeN6Jit20,www.youtube.com,youtube,pin,tenant_overrides.csv www.youtube.com match=EtFeN6Jit20 source=wo171_localview,us:place:4121150,,,,,,
tier3_auto_transcription_queue.txt,https://www.youtube.com/watch?v=JC5Sp9wHLAE,www.youtube.com,youtube,pin,tenant_overrides.csv www.youtube.com match=JC5Sp9wHLAE source=wo171_localview,us:place:4134100,,,,,,
tier3_auto_transcription_queue.txt,https://www.youtube.com/watch?v=Hjw1JHVEhfE,www.youtube.com,youtube,pin,tenant_overrides.csv www.youtube.com match=Hjw1JHVEhfE source=wo171_localview,us:county:42075,,,,,,
tier3_auto_transcription_queue.txt,https://www.youtube.com/watch?v=C6KkB7oDpIw,www.youtube.com,youtube,pin,tenant_overrides.csv www.youtube.com match=C6KkB7oDpIw source=wo171_localview,us:county:42103,,,,,,
tier3_auto_transcription_queue.txt,https://www.youtube.com/watch?v=HN4lOEaQ13M,www.youtube.com,youtube,pin,tenant_overrides.csv www.youtube.com match=HN4lOEaQ13M source=wo171_localview,us:place:4548535,,,,,,
tier3_auto_transcription_queue.txt,https://www.youtube.com/watch?v=ovqcAkMA5-s,www.youtube.com,youtube,pin,tenant_overrides.csv www.youtube.com match=ovqcAkMA5-s source=wo171_localview,us:county:46103,,,,,,
tier3_auto_transcription_queue.txt,https://www.youtube.com/watch?v=uJIB2uqhgRY,www.youtube.com,youtube,pin,tenant_overrides.csv www.youtube.com match=uJIB2uqhgRY source=wo171_localview,us:place:4636380,,,,,,
tier3_auto_transcription_queue.txt,https://www.youtube.com/watch?v=mZKEYXGhArA,www.youtube.com,youtube,pin,tenant_overrides.csv www.youtube.com match=mZKEYXGhArA source=wo171_localview,us:county:47187,,,,,,
tier3_auto_transcription_queue.txt,https://www.youtube.com/watch?v=MZ2yRsvyY8g,www.youtube.com,youtube,pin,tenant_overrides.csv www.youtube.com match=MZ2yRsvyY8g source=wo171_localview,us:county:47189,,,,,,
tier3_auto_transcription_queue.txt,https://www.youtube.com/watch?v=WfaE3oiV2xs,www.youtube.com,youtube,pin,tenant_overrides.csv www.youtube.com match=WfaE3oiV2xs source=wo171_localview,us:place:4779420,,,,,,
tier3_auto_transcription_queue.txt,https://www.youtube.com/watch?v=jLLDQzorqeQ,www.youtube.com,youtube,pin,tenant_overrides.csv www.youtube.com match=jLLDQzorqeQ source=wo171_localview,us:county:51143,,,,,,
tier3_auto_transcription_queue.txt,https://www.youtube.com/watch?v=0KpIahUFr1A,www.youtube.com,youtube,pin,tenant_overrides.csv www.youtube.com match=0KpIahUFr1A source=wo171_localview,us:place:5373780,,,,,,
tier3_auto_transcription_queue.txt,https://www.youtube.com/watch?v=AGemXoT7RLc,www.youtube.com,youtube,pin,tenant_overrides.csv www.youtube.com match=AGemXoT7RLc source=wo171_localview,us:place:5455756,,,,,,
tier3_auto_transcription_queue.txt,https://www.youtube.com/watch?v=IiXRnVNWB_U,www.youtube.com,youtube,pin,tenant_overrides.csv www.youtube.com match=IiXRnVNWB_U source=wo171_localview,us:place:5666220,,,,,,
tier3_auto_transcription_queue.txt,https://www.youtube.com/watch?v=un1QQ7xI4dY,www.youtube.com,youtube,pin,tenant_overrides.csv www.youtube.com match=un1QQ7xI4dY source=wo175_localview_recheck,us:place:3978050,,,,,,
tier3_auto_transcription_queue.txt,https://www.youtube.com/watch?v=dKSIrbDom3M,www.youtube.com,youtube,pin,tenant_overrides.csv www.youtube.com match=dKSIrbDom3M source=wo175_localview_recheck,us:place:3983902,,,,,,
tier3_auto_transcription_queue.txt,https://www.youtube.com/watch?v=4IE3MWqjGno,www.youtube.com,youtube,pin-added,owner found via jurisdiction_coverage.csv,us:county:41015,,,,,,
tier3_auto_transcription_queue.txt,https://cityofracine.granicus.com/MediaPlayer.php?view_id=1&clip_id=794,cityofracine.granicus.com,granicus,registry,not in MULTI_GOV_HOSTS -- single-tenant vendor host,,,,,,,
tier3_auto_transcription_queue.txt,https://youtu.be/I_CWisOvcFs,youtu.be,youtube,pin-added,owner found via wo191_tier3_pending.csv,ca:csd:4817021,,,,,,
tier3_auto_transcription_queue.txt,https://cloud.castus.tv/vod/andover/video/6254e320aa3c200009aac94e?page=HOME,cloud.castus.tv,castus,pin,tenant_overrides.csv cloud.castus.tv match=/vod/andover/ source=wo306_finish_small_video_platforms,us:cousub:2500901465,,,,,,
tier3_auto_transcription_queue.txt,https://southfultonga.portal.civicclerk.com/event/1773/media,southfultonga.portal.civicclerk.com,civicclerk,registry,not in MULTI_GOV_HOSTS -- single-tenant vendor host,,https://www.cityofsouthfultonga.gov/AgendaCenter,,,,,
tier3_auto_transcription_queue.txt,https://waconiamn.portal.civicclerk.com/event/411/media,waconiamn.portal.civicclerk.com,civicclerk,registry,not in MULTI_GOV_HOSTS -- single-tenant vendor host,,https://waconiamn.gov,,,,,
tier3_auto_transcription_queue.txt,https://hendersontx.portal.civicclerk.com/event/176/media,hendersontx.portal.civicclerk.com,civicclerk,registry,not in MULTI_GOV_HOSTS -- single-tenant vendor host,,https://hendersontx.us,,,,,
tier3_auto_transcription_queue.txt,https://townmeetings.s3.us-east-2.amazonaws.com/Board+of+Finance/2026/Board+of+Finance+Regular+Meeting+8.17.2026-20260817_190208-Meeting+Recording.mp4,townmeetings.s3.us-east-2.amazonaws.com,townmeetings.s3.us-east-2.amazonaws.com,registry,not in MULTI_GOV_HOSTS -- single-tenant vendor host,,,,,,,
tier3_auto_transcription_queue.txt,https://dixon-ca.granicus.com/MediaPlayer.php?view_id=3&clip_id=1917,dixon-ca.granicus.com,granicus,registry,not in MULTI_GOV_HOSTS -- single-tenant vendor host,,,,,,,
tier3_auto_transcription_queue.txt,https://oakgrove.granicus.com/MediaPlayer.php?view_id=2&clip_id=737,oakgrove.granicus.com,granicus,registry,not in MULTI_GOV_HOSTS -- single-tenant vendor host,,,,,,,
tier3_auto_transcription_queue.txt,https://jeffersoncityga.iqm2.com/Citizens/Detail_Meeting.aspx?ID=1749,jeffersoncityga.iqm2.com,iqm2,registry,not in MULTI_GOV_HOSTS -- single-tenant vendor host,,https://jeffersoncityga.iqm2.com/Citizens/Default.aspx,,,,,
tier3_auto_transcription_queue.txt,https://townhallstreams.com/stream.php?location_id=153&id=76303,townhallstreams.com,townhallstreams,registry,not in MULTI_GOV_HOSTS -- single-tenant vendor host,,https://townhallstreams.com/towns/dorchestercountymd,,,,,
tier3_auto_transcription_queue.txt,https://townhallstreams.com/stream.php?location_id=166&id=73625,townhallstreams.com,townhallstreams,registry,not in MULTI_GOV_HOSTS -- single-tenant vendor host,,https://townhallstreams.com/towns/rindge_nh,,,,,
tier3_auto_transcription_queue.txt,https://townhallstreams.com/stream.php?location_id=114&id=75836,townhallstreams.com,townhallstreams,registry,not in MULTI_GOV_HOSTS -- single-tenant vendor host,,https://townhallstreams.com/towns/orringme,,,,,
tier3_auto_transcription_queue.txt,https://townhallstreams.com/stream.php?location_id=140&id=75885,townhallstreams.com,townhallstreams,registry,not in MULTI_GOV_HOSTS -- single-tenant vendor host,,https://townhallstreams.com/towns/union_me,,,,,
tier3_auto_transcription_queue.txt,https://townhallstreams.com/stream.php?location_id=48&id=76573,townhallstreams.com,townhallstreams,registry,not in MULTI_GOV_HOSTS -- single-tenant vendor host,,https://townhallstreams.com/towns/wells_maine,,,,,
tier3_auto_transcription_queue.txt,https://townhallstreams.com/stream.php?location_id=127&id=76628,townhallstreams.com,townhallstreams,registry,not in MULTI_GOV_HOSTS -- single-tenant vendor host,,https://townhallstreams.com/towns/neptune_nj,,,,,
tier3_auto_transcription_queue.txt,https://townhallstreams.com/stream.php?location_id=119&id=76366,townhallstreams.com,townhallstreams,registry,not in MULTI_GOV_HOSTS -- single-tenant vendor host,,https://townhallstreams.com/towns/eastgreenbushny,,,,,
tier3_auto_transcription_queue.txt,http://www.crowwingcountymn.iqm2.com/Citizens/Detail_Meeting.aspx?ID=21876,www.crowwingcountymn.iqm2.com,iqm2,registry,not in MULTI_GOV_HOSTS -- single-tenant vendor host,,https://crowwing.gov/1002/Your-Government,,,,,
tier3_auto_transcription_queue.txt,https://drive.google.com/file/d/1h7Pfp4UKVEGE5UV36IQQLr0oqjzrlmOa/view?usp=sharing,drive.google.com,drive.google.com,pin-added,owner found via jurisdiction_coverage.csv,us:cousub:5000764300,https://vt-shelburne.civicplus.com/,,,,,
tier3_auto_transcription_queue.txt,https://wimberleytx.portal.civicclerk.com/event/1510/media,wimberleytx.portal.civicclerk.com,civicclerk,registry,not in MULTI_GOV_HOSTS -- single-tenant vendor host,,https://cityofwimberley.com/Calendar.aspx?EID=1202,,,,,
tier3_auto_transcription_queue.txt,https://townhallstreams.com/stream.php?location_id=57&id=76598,townhallstreams.com,townhallstreams,registry,not in MULTI_GOV_HOSTS -- single-tenant vendor host,,https://townhallstreams.com/towns/kennebunkport_maine,,,,,
tier3_auto_transcription_queue.txt,https://tv.sharontv.com/internetchannel/show/15269,tv.sharontv.com,tv.sharontv.com,registry,not in MULTI_GOV_HOSTS -- single-tenant vendor host,,https://www.townofsharon.net/,,,,,
tier3_auto_transcription_queue.txt,https://townhallstreams.com/stream.php?location_id=54&id=76609,townhallstreams.com,townhallstreams,registry,not in MULTI_GOV_HOSTS -- single-tenant vendor host,,https://townhallstreams.com/towns/brookline_nh,,,,,
tier3_auto_transcription_queue.txt,https://www.hudsonctv.com/internetchannel/show/20916?site=3,www.hudsonctv.com,www.hudsonctv.com,registry,not in MULTI_GOV_HOSTS -- single-tenant vendor host,,https://hudsonnh.gov/,,,,,
tier3_auto_transcription_queue.txt,https://townhallstreams.com/stream.php?location_id=33&id=73862,townhallstreams.com,townhallstreams,registry,not in MULTI_GOV_HOSTS -- single-tenant vendor host,,https://townhallstreams.com/towns/sand_lake_ny,,,,,
tier3_auto_transcription_queue.txt,https://northhempsteadny.portal.civicclerk.com/event/2364/media,northhempsteadny.portal.civicclerk.com,civicclerk,registry,not in MULTI_GOV_HOSTS -- single-tenant vendor host,,https://northhempsteadny.gov/government/boards_commissions/town_board/index.php,,,,,
tier3_long_meetings_deferred.txt,https://minotnd.portal.civicclerk.com/event/1586/media,minotnd.portal.civicclerk.com,civicclerk,deferred-file-gov-id,gov_id already recorded in the deferred file,us:place:3853380,,,,,,
tier3_long_meetings_deferred.txt,http://sanjoaquincountyca.iqm2.com/Citizens/SplitView.aspx?Mode=Video&MeetingID=1114&MinutesItemID=59851&Format=Minutes&MediaPosition=8570.969,sanjoaquincountyca.iqm2.com,iqm2,deferred-file-gov-id,gov_id already recorded in the deferred file,us:county:06077,,,,,,
tier3_long_meetings_deferred.txt,http://sccgov.iqm2.com/Citizens/Detail_LegiFile.aspx?Frame=&MeetingID=16823&MediaPosition=&ID=126983&CssClass=,sccgov.iqm2.com,iqm2,deferred-file-gov-id,gov_id already recorded in the deferred file,us:county:06085,,,,,,
tier3_long_meetings_deferred.txt,http://sjrwmd.iqm2.com/Citizens/SplitView.aspx?Mode=Video&MeetingID=1175&Format=Agenda,sjrwmd.iqm2.com,iqm2,deferred-file-gov-id,gov_id already recorded in the deferred file,rtr:us:fl:st-johns-river-water-management-district-florida,,,,,,
tier3_long_meetings_deferred.txt,http://southamptonny.iqm2.com/Citizens/Detail_LegiFile.aspx?Frame=&MeetingID=8488&MediaPosition=&ID=39402&CssClass=,southamptonny.iqm2.com,iqm2,deferred-file-gov-id,gov_id already recorded in the deferred file,rtr:us:ny:southampton-long-island-town,,,,,,
tier3_long_meetings_deferred.txt,https://sanramonca.iqm2.com/Citizens/Detail_LegiFile.aspx?Frame=&MeetingID=5139&MediaPosition=409.779&ID=4653&CssClass=,sanramonca.iqm2.com,iqm2,deferred-file-gov-id,gov_id already recorded in the deferred file,us:place:0668378,,,,,,
tier3_long_meetings_deferred.txt,https://shelbytownmi.iqm2.com/Citizens/SplitView.aspx?Mode=Video&MeetingID=1502&Format=Agenda,shelbytownmi.iqm2.com,iqm2,deferred-file-gov-id,gov_id already recorded in the deferred file,us:place:2672840,,,,,,
tier3_long_meetings_deferred.txt,https://suttercountyca.iqm2.com/Citizens/SplitView.aspx?Mode=Video&MeetingID=3029&Format=Agenda,suttercountyca.iqm2.com,iqm2,deferred-file-gov-id,gov_id already recorded in the deferred file,us:county:06101,,,,,,
tier3_long_meetings_deferred.txt,https://walworthcowi.portal.civicclerk.com/event/2098/media,walworthcowi.portal.civicclerk.com,civicclerk,deferred-file-gov-id,gov_id already recorded in the deferred file,us:county:55127,,,,,,
tier3_long_meetings_deferred.txt,https://losaltoshillsca.portal.civicclerk.com/event/4525/media,losaltoshillsca.portal.civicclerk.com,civicclerk,deferred-file-gov-id,gov_id already recorded in the deferred file,us:place:0643294,,,,,,
tier3_long_meetings_deferred.txt,https://neoshomo.portal.civicclerk.com/event/1283/media,neoshomo.portal.civicclerk.com,civicclerk,deferred-file-gov-id,gov_id already recorded in the deferred file,us:place:2951572,,,,,,
tier3_long_meetings_deferred.txt,https://mabletonga.portal.civicclerk.com/event/611/media,mabletonga.portal.civicclerk.com,civicclerk,deferred-file-gov-id,gov_id already recorded in the deferred file,us:place:1348288,,,,,,
tier3_long_meetings_deferred.txt,https://hobbsnm.portal.civicclerk.com/event/182/media,hobbsnm.portal.civicclerk.com,civicclerk,deferred-file-gov-id,gov_id already recorded in the deferred file,us:place:3532520,,,,,,
tier3_long_meetings_deferred.txt,https://manliusny.portal.civicclerk.com/event/1036/media,manliusny.portal.civicclerk.com,civicclerk,deferred-file-gov-id,gov_id already recorded in the deferred file,us:place:3645018,,,,,,
tier3_long_meetings_deferred.txt,https://spearfishsd.portal.civicclerk.com/event/2212/media,spearfishsd.portal.civicclerk.com,civicclerk,deferred-file-gov-id,gov_id already recorded in the deferred file,us:place:4660020,,,,,,
tier3_long_meetings_deferred.txt,https://comptoncity.granicus.com/MediaPlayer.php?view_id=2&clip_id=2264,comptoncity.granicus.com,granicus,registry,not in MULTI_GOV_HOSTS -- single-tenant vendor host,,,,,,,
tier3_long_meetings_deferred.txt,https://californiacity.granicus.com/MediaPlayer.php?view_id=1&clip_id=602,californiacity.granicus.com,granicus,deferred-file-gov-id,gov_id already recorded in the deferred file,us:place:0609780,,,,,,
tier3_long_meetings_deferred.txt,https://chccs.granicus.com/viewpublisher.php?view_id=2,chccs.granicus.com,granicus,deferred-file-gov-id,gov_id already recorded in the deferred file,rtr:us:nc:chapel-hill-carrboro-city-schools-board-of-education,,,,,,
tier3_long_meetings_deferred.txt,https://riversidecountyca.iqm2.com/Citizens/Detail_Meeting.aspx?ID=3503,riversidecountyca.iqm2.com,iqm2,deferred-file-gov-id,gov_id already recorded in the deferred file,us:county:06065,,,,,,
tier3_long_meetings_deferred.txt,https://teanecktownnj.iqm2.com/Citizens/Detail_Meeting.aspx?ID=2315,teanecktownnj.iqm2.com,iqm2,deferred-file-gov-id,gov_id already recorded in the deferred file,rtr:us:nj:teaneck-township-new-jersey,,,,,,
tier3_long_meetings_deferred.txt,https://brawley-ca.granicus.com/MediaPlayer.php?view_id=1&clip_id=286,brawley-ca.granicus.com,granicus,deferred-file-gov-id,gov_id already recorded in the deferred file,us:place:0608058,,,,,,
tier3_long_meetings_deferred.txt,https://pub-sprucegrove.escribemeetings.com/Meeting.aspx?Id=565757fe-623f-4170-8317-5ad08ad66f3d,pub-sprucegrove.escribemeetings.com,escribe,deferred-file-gov-id,gov_id already recorded in the deferred file,ca:csd:4811049,,,,,,
tier3_long_meetings_deferred.txt,https://gcva.granicus.com/MediaPlayer.php?view_id=1&clip_id=1047,gcva.granicus.com,granicus,deferred-file-gov-id,gov_id already recorded in the deferred file,us:county:51079,,,,,,
tier3_long_meetings_deferred.txt,https://northcastleny.granicus.com/MediaPlayer.php?view_id=2&clip_id=2886,northcastleny.granicus.com,granicus,deferred-file-gov-id,gov_id already recorded in the deferred file,us:cousub:3611951693,,,,,,
tier3_long_meetings_deferred.txt,https://townspi.granicus.com/MediaPlayer.php?view_id=4&clip_id=4721,townspi.granicus.com,granicus,deferred-file-gov-id,gov_id already recorded in the deferred file,us:place:4869140,,,,,,
tier3_long_meetings_deferred.txt,https://jupiterislandfl.portal.civicclerk.com/event/280/media,jupiterislandfl.portal.civicclerk.com,civicclerk,deferred-file-gov-id,gov_id already recorded in the deferred file,rtr:us:fl:hobe-sound,,,,,,
tier3_long_meetings_deferred.txt,https://bucoks.granicus.com/player/clip/652,bucoks.granicus.com,granicus,deferred-file-gov-id,gov_id already recorded in the deferred file,us:county:20155,,,,,,
tier3_long_meetings_deferred.txt,https://mcphersoncoks.portal.civicclerk.com/event/553/media,mcphersoncoks.portal.civicclerk.com,civicclerk,deferred-file-gov-id,gov_id already recorded in the deferred file,us:county:20113,,,,,,
tier3_long_meetings_deferred.txt,https://hebercityut.portal.civicclerk.com/event/546/media,hebercityut.portal.civicclerk.com,civicclerk,deferred-file-gov-id,gov_id already recorded in the deferred file,us:place:4934200,,,,,,
tier3_long_meetings_deferred.txt,https://portagecowi.portal.civicclerk.com/event/9410/media,portagecowi.portal.civicclerk.com,civicclerk,deferred-file-gov-id,gov_id already recorded in the deferred file,us:county:55097,,,,,,
tier3_long_meetings_deferred.txt,https://portervilleca.portal.civicclerk.com/event/542/media,portervilleca.portal.civicclerk.com,civicclerk,deferred-file-gov-id,gov_id already recorded in the deferred file,us:place:0658240,https://www.ci.porterville.ca.us/government/city_council/meeting_agendas___minutes.php,,,,,
tier3_long_meetings_deferred.txt,https://rollinghillsca.portal.civicclerk.com/event/833/media,rollinghillsca.portal.civicclerk.com,civicclerk,deferred-file-gov-id,gov_id already recorded in the deferred file,us:place:0662602,https://www.rolling-hills.org/,,,,,
tier3_long_meetings_deferred.txt,https://parkcityut.portal.civicclerk.com/event/3725/media,parkcityut.portal.civicclerk.com,civicclerk,deferred-file-gov-id,gov_id already recorded in the deferred file,us:place:4958070,,,,,,
tier3_long_meetings_deferred.txt,https://ivins.granicus.com/player/clip/2395?view_id=2&redirect=true,ivins.granicus.com,granicus,deferred-file-gov-id,gov_id already recorded in the deferred file,us:place:4938710,,,,,,
tier3_long_meetings_deferred.txt,https://fernleynv.portal.civicclerk.com/event/480/media,fernleynv.portal.civicclerk.com,civicclerk,deferred-file-gov-id,gov_id already recorded in the deferred file,us:place:3224900,http://www.cityoffernley.org,,,,,
tier3_long_meetings_deferred.txt,https://cityofmaricopa.granicus.com/MediaPlayer.php?view_id=2&clip_id=1532,cityofmaricopa.granicus.com,granicus,deferred-file-gov-id,gov_id already recorded in the deferred file,us:place:0444410,,,,,,
tier3_long_meetings_deferred.txt,https://danbury.granicus.com/MediaPlayer.php?view_id=2&clip_id=3826,danbury.granicus.com,granicus,deferred-file-gov-id,gov_id already recorded in the deferred file,us:place:0918430,,,,,,
tier3_long_meetings_deferred.txt,https://bethanybeach.granicus.com/MediaPlayer.php?view_id=2&clip_id=1227,bethanybeach.granicus.com,granicus,deferred-file-gov-id,gov_id already recorded in the deferred file,us:place:1005690,,,,,,
tier3_long_meetings_deferred.txt,https://deltona.granicus.com/MediaPlayer.php?view_id=1&clip_id=1712,deltona.granicus.com,granicus,deferred-file-gov-id,gov_id already recorded in the deferred file,us:place:1217200,,,,,,
tier3_long_meetings_deferred.txt,https://dunedin.granicus.com/MediaPlayer.php?view_id=2&clip_id=3626,dunedin.granicus.com,granicus,deferred-file-gov-id,gov_id already recorded in the deferred file,us:place:1218575,,,,,,
tier3_long_meetings_deferred.txt,https://city-lighthousepoint.granicus.com/MediaPlayer.php?view_id=1&clip_id=849,city-lighthousepoint.granicus.com,granicus,deferred-file-gov-id,gov_id already recorded in the deferred file,us:place:1240450,,,,,,
tier3_long_meetings_deferred.txt,https://margatefl.granicus.com/MediaPlayer.php?view_id=1&clip_id=1098,margatefl.granicus.com,granicus,deferred-file-gov-id,gov_id already recorded in the deferred file,us:place:1243125,,,,,,
tier3_long_meetings_deferred.txt,https://miramar.granicus.com/MediaPlayer.php?view_id=1&clip_id=1088,miramar.granicus.com,granicus,deferred-file-gov-id,gov_id already recorded in the deferred file,us:place:1245975,,,,,,
tier3_long_meetings_deferred.txt,https://oaklandparkfl.granicus.com/MediaPlayer.php?view_id=2&clip_id=4560,oaklandparkfl.granicus.com,granicus,deferred-file-gov-id,gov_id already recorded in the deferred file,us:place:1250575,,,,,,
tier3_long_meetings_deferred.txt,https://sunrisefl.granicus.com/MediaPlayer.php?view_id=2&clip_id=1237,sunrisefl.granicus.com,granicus,deferred-file-gov-id,gov_id already recorded in the deferred file,us:place:1269700,,,,,,
tier3_long_meetings_deferred.txt,https://martin.granicus.com/MediaPlayer.php?view_id=2&clip_id=5771,martin.granicus.com,granicus,deferred-file-gov-id,gov_id already recorded in the deferred file,rtr:us:fl:martin-county-florida,,,,,,
tier3_long_meetings_deferred.txt,https://gaston.granicus.com/MediaPlayer.php?view_id=1&clip_id=586,gaston.granicus.com,granicus,deferred-file-gov-id,gov_id already recorded in the deferred file,us:county:37071,,,,,,
tier3_long_meetings_deferred.txt,https://onslow.granicus.com/MediaPlayer.php?view_id=3&clip_id=1134,onslow.granicus.com,granicus,deferred-file-gov-id,gov_id already recorded in the deferred file,us:county:37133,,,,,,
tier3_long_meetings_deferred.txt,https://westchestercountyny.granicus.com/MediaPlayer.php?view_id=1&clip_id=8462,westchestercountyny.granicus.com,granicus,deferred-file-gov-id,gov_id already recorded in the deferred file,us:county:36119,,,,,,
tier3_long_meetings_deferred.txt,https://rivertoncity.granicus.com/MediaPlayer.php?view_id=1&clip_id=869,rivertoncity.granicus.com,granicus,deferred-file-gov-id,gov_id already recorded in the deferred file,us:place:4964340,,,,,,
tier3_long_meetings_deferred.txt,https://chesterfieldva.granicus.com/MediaPlayer.php?view_id=2&clip_id=1533,chesterfieldva.granicus.com,granicus,deferred-file-gov-id,gov_id already recorded in the deferred file,rtr:us:va:chesterfield-county-virginia,,,,,,
tier3_long_meetings_deferred.txt,https://harrisonburg-va.granicus.com/MediaPlayer.php?view_id=2&clip_id=1369,harrisonburg-va.granicus.com,granicus,deferred-file-gov-id,gov_id already recorded in the deferred file,rtr:us:va:harrisonburg-city,,,,,,
tier3_long_meetings_deferred.txt,https://edmondswa.granicus.com/MediaPlayer.php?view_id=1&clip_id=255,edmondswa.granicus.com,granicus,deferred-file-gov-id,gov_id already recorded in the deferred file,us:place:5320750,,,,,,
tier3_long_meetings_deferred.txt,https://cityofracine.granicus.com/MediaPlayer.php?view_id=1&clip_id=793,cityofracine.granicus.com,granicus,deferred-file-gov-id,gov_id already recorded in the deferred file,us:place:5566000,,,,,,
tier3_long_meetings_deferred.txt,https://waukesha.granicus.com/MediaPlayer.php?view_id=1&clip_id=6861,waukesha.granicus.com,granicus,deferred-file-gov-id,gov_id already recorded in the deferred file,us:place:5584250,,,,,,
tier3_long_meetings_deferred.txt,https://rowletttx.new.swagit.com/videos/385912,rowletttx.new.swagit.com,swagit,deferred-file-gov-id,gov_id already recorded in the deferred file,us:place:4863572,,,,,,
tier3_long_meetings_deferred.txt,https://saltlakecounty.portal.civicclerk.com/event/38/media,saltlakecounty.portal.civicclerk.com,civicclerk,deferred-file-gov-id,gov_id already recorded in the deferred file,us:county:49035,,,,,,
tier3_long_meetings_deferred.txt,https://sandyspringsga.portal.civicclerk.com/event/1864/media,sandyspringsga.portal.civicclerk.com,civicclerk,deferred-file-gov-id,gov_id already recorded in the deferred file,us:place:1368516,,,,,,
tier3_long_meetings_deferred.txt,https://sanjuancowa.portal.civicclerk.com/event/4015/media,sanjuancowa.portal.civicclerk.com,civicclerk,deferred-file-gov-id,gov_id already recorded in the deferred file,us:county:53055,,,,,,
tier3_long_meetings_deferred.txt,https://santarosacofl.portal.civicclerk.com/event/1247/media,santarosacofl.portal.civicclerk.com,civicclerk,deferred-file-gov-id,gov_id already recorded in the deferred file,us:county:12113,,,,,,
tier3_long_meetings_deferred.txt,https://saratogaspringsny.new.swagit.com/videos/389959,saratogaspringsny.new.swagit.com,swagit,deferred-file-gov-id,gov_id already recorded in the deferred file,us:place:3665255,,,,,,
tier3_long_meetings_deferred.txt,https://anacorteswa.portal.civicclerk.com/event/1452/media,anacorteswa.portal.civicclerk.com,civicclerk,deferred-file-gov-id,gov_id already recorded in the deferred file,us:place:5301990,,,,,,
tier3_long_meetings_deferred.txt,https://anaheim.granicus.com/MediaPlayer.php?view_id=2&clip_id=3665,anaheim.granicus.com,granicus,registry,not in MULTI_GOV_HOSTS -- single-tenant vendor host,,,,,,,
tier3_long_meetings_deferred.txt,https://annapolismd.granicus.com/MediaPlayer.php?view_id=1&clip_id=1597,annapolismd.granicus.com,granicus,deferred-file-gov-id,gov_id already recorded in the deferred file,us:place:2401600,,,,,,
tier3_long_meetings_deferred.txt,https://antiochca.portal.civicclerk.com/event/12/media,antiochca.portal.civicclerk.com,civicclerk,deferred-file-gov-id,gov_id already recorded in the deferred file,us:place:0602252,,,,,,
tier3_long_meetings_deferred.txt,https://bainbridgeislandwa.portal.civicclerk.com/event/1071/media,bainbridgeislandwa.portal.civicclerk.com,civicclerk,deferred-file-gov-id,gov_id already recorded in the deferred file,us:place:5303736,,,,,,
tier3_long_meetings_deferred.txt,https://barstowcityca.iqm2.com/Citizens/Detail_Meeting.aspx?ID=3142,barstowcityca.iqm2.com,iqm2,deferred-file-gov-id,gov_id already recorded in the deferred file,us:place:0604030,,,,,,
tier3_long_meetings_deferred.txt,https://berwynheights.granicus.com/MediaPlayer.php?view_id=1&clip_id=894,berwynheights.granicus.com,granicus,deferred-file-gov-id,gov_id already recorded in the deferred file,us:place:2406925,,,,,,
tier3_long_meetings_deferred.txt,https://chino.granicus.com/MediaPlayer.php?view_id=1&clip_id=4999,chino.granicus.com,granicus,deferred-file-gov-id,gov_id already recorded in the deferred file,us:place:0613210,,,,,,
tier3_long_meetings_deferred.txt,https://cityfortbragg.granicus.com/MediaPlayer.php?view_id=1&clip_id=1565,cityfortbragg.granicus.com,granicus,deferred-file-gov-id,gov_id already recorded in the deferred file,rtr:us:ca:fort-bragg-city,,,,,,
tier3_long_meetings_deferred.txt,https://cityofbowie.granicus.com/MediaPlayer.php?view_id=2&clip_id=828,cityofbowie.granicus.com,granicus,deferred-file-gov-id,gov_id already recorded in the deferred file,us:place:2408775,,,,,,
tier3_long_meetings_deferred.txt,https://cityofmillvalley.granicus.com/MediaPlayer.php?view_id=2&clip_id=2244,cityofmillvalley.granicus.com,granicus,deferred-file-gov-id,gov_id already recorded in the deferred file,us:place:0647710,,,,,,
tier3_long_meetings_deferred.txt,https://cityofnewport.granicus.com/MediaPlayer.php?view_id=1&clip_id=1026,cityofnewport.granicus.com,granicus,deferred-file-gov-id,gov_id already recorded in the deferred file,us:place:4449960,,,,,,
tier3_long_meetings_deferred.txt,https://cityofrosemead.granicus.com/MediaPlayer.php?view_id=2&clip_id=3664,cityofrosemead.granicus.com,granicus,deferred-file-gov-id,gov_id already recorded in the deferred file,us:place:0662896,,,,,,
tier3_long_meetings_deferred.txt,https://college-park.granicus.com/MediaPlayer.php?view_id=2&clip_id=1726,college-park.granicus.com,granicus,deferred-file-gov-id,gov_id already recorded in the deferred file,rtr:us:md:college-park-city,,,,,,
tier3_long_meetings_deferred.txt,https://cosm.granicus.com/MediaPlayer.php?view_id=1&clip_id=777,cosm.granicus.com,granicus,deferred-file-gov-id,gov_id already recorded in the deferred file,us:place:0668252,,,,,,
tier3_long_meetings_deferred.txt,https://cumberland.iqm2.com/Citizens/Detail_Meeting.aspx?ID=1785,cumberland.iqm2.com,iqm2,deferred-file-gov-id,gov_id already recorded in the deferred file,rtr:us:nj:cumberland-county-new-jersey,,,,,,
tier3_long_meetings_deferred.txt,https://elmonte.granicus.com/MediaPlayer.php?view_id=2&clip_id=1532,elmonte.granicus.com,granicus,deferred-file-gov-id,gov_id already recorded in the deferred file,us:place:0622230,,,,,,
tier3_long_meetings_deferred.txt,https://lakehavasucity.granicus.com/player/clip/1475?view_id=3,lakehavasucity.granicus.com,granicus,deferred-file-gov-id,gov_id already recorded in the deferred file,rtr:us:az:lake-havasu-city,,,,,,
tier3_long_meetings_deferred.txt,https://derby.civicweb.net/Portal/MeetingInformation.aspx?Id=6076,derby.civicweb.net,derby.civicweb.net,deferred-file-gov-id,gov_id already recorded in the deferred file,us:place:2017800,,,,,,
tier3_long_meetings_deferred.txt,https://imperial.granicus.com/player/clip/2496,imperial.granicus.com,granicus,deferred-file-gov-id,gov_id already recorded in the deferred file,us:county:06025,,,,,,
tier3_long_meetings_deferred.txt,https://jacksoncomi.portal.civicclerk.com/event/1092/media,jacksoncomi.portal.civicclerk.com,civicclerk,deferred-file-gov-id,gov_id already recorded in the deferred file,us:county:26075,,,,,,
tier3_long_meetings_deferred.txt,https://leacountynm.portal.civicclerk.com/event/187/media,leacountynm.portal.civicclerk.com,civicclerk,deferred-file-gov-id,gov_id already recorded in the deferred file,us:county:35025,,,,,,
tier3_long_meetings_deferred.txt,https://albemarle.granicus.com/player/clip/1452,albemarle.granicus.com,granicus,registry,not in MULTI_GOV_HOSTS -- single-tenant vendor host,,,,,,,
tier3_long_meetings_deferred.txt,https://redmond.granicus.com/player/clip/3124?view_id=2,redmond.granicus.com,granicus,deferred-file-gov-id,gov_id already recorded in the deferred file,rtr:us:wa:redmond-city,,,,,,
tier3_long_meetings_deferred.txt,https://morgantown.granicus.com/player/clip/897?view_id=2,morgantown.granicus.com,granicus,deferred-file-gov-id,gov_id already recorded in the deferred file,rtr:us:wv:morgantown-city,,,,,,
tier3_long_meetings_deferred.txt,https://pub-richmond.escribemeetings.com/Meeting.aspx?Id=109ce607-21c0-4495-9bfc-e2024d85afac&Agenda=Agenda,pub-richmond.escribemeetings.com,escribe,deferred-file-gov-id,gov_id already recorded in the deferred file,us:place:0660620,,,,,,
tier3_long_meetings_deferred.txt,https://harrisoncountyin.portal.civicclerk.com/event/1068/media,harrisoncountyin.portal.civicclerk.com,civicclerk,deferred-file-gov-id,gov_id already recorded in the deferred file,us:county:18061,https://www.in.gov/counties/harrison/leadership/meeting-video-recordings/,,,,,
tier3_long_meetings_deferred.txt,https://guadalupe.granicus.com/ViewPublisher.php?view_id=1,guadalupe.granicus.com,granicus,deferred-file-gov-id,gov_id already recorded in the deferred file,us:county:48187,https://www.guadalupetx.gov/page/commcourt.agendas,,,,,
tier3_long_meetings_deferred.txt,https://stjosephmo.portal.civicclerk.com/event/1310/media,stjosephmo.portal.civicclerk.com,civicclerk,registry,not in MULTI_GOV_HOSTS -- single-tenant vendor host,,,,,,,
tier3_long_meetings_deferred.txt,https://grantconm.portal.civicclerk.com/event/883/media,grantconm.portal.civicclerk.com,civicclerk,deferred-file-gov-id,gov_id already recorded in the deferred file,us:county:35017,,,,,,
tier3_long_meetings_deferred.txt,https://lantanafl.granicus.com/MediaPlayer.php?view_id=1&clip_id=257,lantanafl.granicus.com,granicus,deferred-file-gov-id,gov_id already recorded in the deferred file,us:place:1239375,,,,,,
tier3_long_meetings_deferred.txt,https://ottawaks.portal.civicclerk.com/event/1023/media,ottawaks.portal.civicclerk.com,civicclerk,deferred-file-gov-id,gov_id already recorded in the deferred file,us:place:2053550,,,,,,
tier3_long_meetings_deferred.txt,https://richfieldmn.portal.civicclerk.com/event/2593/media,richfieldmn.portal.civicclerk.com,civicclerk,deferred-file-gov-id,gov_id already recorded in the deferred file,us:place:2754214,,,,,,
tier3_long_meetings_deferred.txt,https://hcnv.granicus.com/MediaPlayer.php?clip_id=44&view_id=2,hcnv.granicus.com,granicus,deferred-file-gov-id,gov_id already recorded in the deferred file,us:county:32013,,,,,,
tier3_long_meetings_deferred.txt,https://fishkilltownny.iqm2.com/Citizens/Detail_Meeting.aspx?ID=1904,fishkilltownny.iqm2.com,iqm2,deferred-file-gov-id,gov_id already recorded in the deferred file,us:cousub:3602725978,,,,,,
tier3_long_meetings_deferred.txt,https://hooksett.granicus.com/MediaPlayer.php?clip_id=2917&view_id=2,hooksett.granicus.com,granicus,deferred-file-gov-id,gov_id already recorded in the deferred file,us:cousub:3301337300,,,,,,
tier3_long_meetings_deferred.txt,https://levycofl.portal.civicclerk.com/event/2038/media,levycofl.portal.civicclerk.com,civicclerk,deferred-file-gov-id,gov_id already recorded in the deferred file,us:county:12075,,,,,,
tier3_long_meetings_deferred.txt,https://minnesotapuc.granicus.com/MediaPlayer.php?clip_id=27,minnesotapuc.granicus.com,granicus,registry,not in MULTI_GOV_HOSTS -- single-tenant vendor host,,,,,,,
tier3_long_meetings_deferred.txt,https://brecksvilleoh.portal.civicclerk.com/event/1389/media,brecksvilleoh.portal.civicclerk.com,civicclerk,deferred-file-gov-id,gov_id already recorded in the deferred file,us:place:3908364,https://brecksville.oh.us,,,,,
tier3_long_meetings_deferred.txt,https://pleasantontx.iqm2.com/Citizens/Detail_Meeting.aspx?ID=1372,pleasantontx.iqm2.com,iqm2,deferred-file-gov-id,gov_id already recorded in the deferred file,us:place:4858280,,,,,,
tier3_long_meetings_deferred.txt,https://lakecounty.granicus.com/player/clip/848?view_id=1&redirect=true,lakecounty.granicus.com,granicus,deferred-file-gov-id,gov_id already recorded in the deferred file,us:county:06033,,,,,,
tier3_long_meetings_deferred.txt,https://pembrokeparkfl.portal.civicclerk.com/event/2040/media,pembrokeparkfl.portal.civicclerk.com,civicclerk,deferred-file-gov-id,gov_id already recorded in the deferred file,us:place:1255750,,,,,,
tier3_long_meetings_deferred.txt,https://pub-grand-forks.escribemeetings.com/Meeting.aspx?Id=0a99c7a9-840b-4a61-832d-b6975a2855e5&Agenda=PostMinutes&lang=English,pub-grand-forks.escribemeetings.com,escribe,deferred-file-gov-id,gov_id already recorded in the deferred file,ca:csd:5905032,,,,,,
tier3_long_meetings_deferred.txt,https://crd.ca.granicus.com/MediaPlayer.php?view_id=1&clip_id=3676,crd.ca.granicus.com,granicus,registry,not in MULTI_GOV_HOSTS -- single-tenant vendor host,,,,,,,
tier3_long_meetings_deferred.txt,https://walworthcowi.portal.civicclerk.com/event/2446/media,walworthcowi.portal.civicclerk.com,civicclerk,deferred-file-gov-id,gov_id already recorded in the deferred file,us:county:55127,,,,,,
tier3_long_meetings_deferred.txt,https://walworthcowi.portal.civicclerk.com/event/2550/media,walworthcowi.portal.civicclerk.com,civicclerk,deferred-file-gov-id,gov_id already recorded in the deferred file,us:county:55127,,,,,,
tier3_long_meetings_deferred.txt,https://walworthcowi.portal.civicclerk.com/event/2498/media,walworthcowi.portal.civicclerk.com,civicclerk,deferred-file-gov-id,gov_id already recorded in the deferred file,us:county:55127,,,,,,
tier3_long_meetings_deferred.txt,https://walworthcowi.portal.civicclerk.com/event/2656/media,walworthcowi.portal.civicclerk.com,civicclerk,deferred-file-gov-id,gov_id already recorded in the deferred file,us:county:55127,,,,,,
tier3_long_meetings_deferred.txt,https://walworthcowi.portal.civicclerk.com/event/2115/media,walworthcowi.portal.civicclerk.com,civicclerk,deferred-file-gov-id,gov_id already recorded in the deferred file,us:county:55127,,,,,,
tier3_long_meetings_deferred.txt,https://walworthcowi.portal.civicclerk.com/event/2499/media,walworthcowi.portal.civicclerk.com,civicclerk,deferred-file-gov-id,gov_id already recorded in the deferred file,us:county:55127,,,,,,
tier3_long_meetings_deferred.txt,https://walworthcowi.portal.civicclerk.com/event/2447/media,walworthcowi.portal.civicclerk.com,civicclerk,deferred-file-gov-id,gov_id already recorded in the deferred file,us:county:55127,,,,,,
tier3_long_meetings_deferred.txt,https://losaltoshillsca.portal.civicclerk.com/event/4274/media,losaltoshillsca.portal.civicclerk.com,civicclerk,deferred-file-gov-id,gov_id already recorded in the deferred file,us:place:0643294,,,,,,
tier3_long_meetings_deferred.txt,https://walworthcowi.portal.civicclerk.com/event/2657/media,walworthcowi.portal.civicclerk.com,civicclerk,deferred-file-gov-id,gov_id already recorded in the deferred file,us:county:55127,,,,,,
tier3_long_meetings_deferred.txt,https://walworthcowi.portal.civicclerk.com/event/2561/media,walworthcowi.portal.civicclerk.com,civicclerk,deferred-file-gov-id,gov_id already recorded in the deferred file,us:county:55127,,,,,,
tier3_long_meetings_deferred.txt,https://losaltoshillsca.portal.civicclerk.com/event/4273/media,losaltoshillsca.portal.civicclerk.com,civicclerk,deferred-file-gov-id,gov_id already recorded in the deferred file,us:place:0643294,,,,,,
tier3_long_meetings_deferred.txt,https://walworthcowi.portal.civicclerk.com/event/2122/media,walworthcowi.portal.civicclerk.com,civicclerk,deferred-file-gov-id,gov_id already recorded in the deferred file,us:county:55127,,,,,,
tier3_long_meetings_deferred.txt,https://losaltoshillsca.portal.civicclerk.com/event/4519/media,losaltoshillsca.portal.civicclerk.com,civicclerk,deferred-file-gov-id,gov_id already recorded in the deferred file,us:place:0643294,,,,,,
tier3_long_meetings_deferred.txt,https://walworthcowi.portal.civicclerk.com/event/2500/media,walworthcowi.portal.civicclerk.com,civicclerk,deferred-file-gov-id,gov_id already recorded in the deferred file,us:county:55127,,,,,,
tier3_long_meetings_deferred.txt,https://walworthcowi.portal.civicclerk.com/event/2460/media,walworthcowi.portal.civicclerk.com,civicclerk,deferred-file-gov-id,gov_id already recorded in the deferred file,us:county:55127,,,,,,
tier3_long_meetings_deferred.txt,https://losaltoshillsca.portal.civicclerk.com/event/4520/media,losaltoshillsca.portal.civicclerk.com,civicclerk,deferred-file-gov-id,gov_id already recorded in the deferred file,us:place:0643294,,,,,,
tier3_long_meetings_deferred.txt,https://losaltoshillsca.portal.civicclerk.com/event/4275/media,losaltoshillsca.portal.civicclerk.com,civicclerk,deferred-file-gov-id,gov_id already recorded in the deferred file,us:place:0643294,,,,,,
tier3_long_meetings_deferred.txt,https://walworthcowi.portal.civicclerk.com/event/2563/media,walworthcowi.portal.civicclerk.com,civicclerk,deferred-file-gov-id,gov_id already recorded in the deferred file,us:county:55127,,,,,,
tier3_long_meetings_deferred.txt,https://walworthcowi.portal.civicclerk.com/event/2658/media,walworthcowi.portal.civicclerk.com,civicclerk,deferred-file-gov-id,gov_id already recorded in the deferred file,us:county:55127,,,,,,
tier3_long_meetings_deferred.txt,https://losaltoshillsca.portal.civicclerk.com/event/4526/media,losaltoshillsca.portal.civicclerk.com,civicclerk,deferred-file-gov-id,gov_id already recorded in the deferred file,us:place:0643294,,,,,,
tier3_long_meetings_deferred.txt,https://walworthcowi.portal.civicclerk.com/event/2127/media,walworthcowi.portal.civicclerk.com,civicclerk,deferred-file-gov-id,gov_id already recorded in the deferred file,us:county:55127,,,,,,
tier3_long_meetings_deferred.txt,https://walworthcowi.portal.civicclerk.com/event/2564/media,walworthcowi.portal.civicclerk.com,civicclerk,deferred-file-gov-id,gov_id already recorded in the deferred file,us:county:55127,,,,,,
tier3_long_meetings_deferred.txt,https://walworthcowi.portal.civicclerk.com/event/2659/media,walworthcowi.portal.civicclerk.com,civicclerk,deferred-file-gov-id,gov_id already recorded in the deferred file,us:county:55127,,,,,,
tier3_long_meetings_deferred.txt,https://losaltoshillsca.portal.civicclerk.com/event/4094/media,losaltoshillsca.portal.civicclerk.com,civicclerk,deferred-file-gov-id,gov_id already recorded in the deferred file,us:place:0643294,,,,,,
tier3_long_meetings_deferred.txt,https://losaltoshillsca.portal.civicclerk.com/event/4315/media,losaltoshillsca.portal.civicclerk.com,civicclerk,deferred-file-gov-id,gov_id already recorded in the deferred file,us:place:0643294,,,,,,
tier3_long_meetings_deferred.txt,https://walworthcowi.portal.civicclerk.com/event/2461/media,walworthcowi.portal.civicclerk.com,civicclerk,deferred-file-gov-id,gov_id already recorded in the deferred file,us:county:55127,,,,,,
tier3_long_meetings_deferred.txt,https://losaltoshillsca.portal.civicclerk.com/event/4529/media,losaltoshillsca.portal.civicclerk.com,civicclerk,deferred-file-gov-id,gov_id already recorded in the deferred file,us:place:0643294,,,,,,
tier3_long_meetings_deferred.txt,https://walworthcowi.portal.civicclerk.com/event/2501/media,walworthcowi.portal.civicclerk.com,civicclerk,deferred-file-gov-id,gov_id already recorded in the deferred file,us:county:55127,,,,,,
tier3_long_meetings_deferred.txt,https://walworthcowi.portal.civicclerk.com/event/2145/media,walworthcowi.portal.civicclerk.com,civicclerk,deferred-file-gov-id,gov_id already recorded in the deferred file,us:county:55127,,,,,,
tier3_long_meetings_deferred.txt,https://walworthcowi.portal.civicclerk.com/event/2462/media,walworthcowi.portal.civicclerk.com,civicclerk,deferred-file-gov-id,gov_id already recorded in the deferred file,us:county:55127,,,,,,
tier3_long_meetings_deferred.txt,https://losaltoshillsca.portal.civicclerk.com/event/4314/media,losaltoshillsca.portal.civicclerk.com,civicclerk,deferred-file-gov-id,gov_id already recorded in the deferred file,us:place:0643294,,,,,,
tier3_long_meetings_deferred.txt,https://walworthcowi.portal.civicclerk.com/event/2506/media,walworthcowi.portal.civicclerk.com,civicclerk,deferred-file-gov-id,gov_id already recorded in the deferred file,us:county:55127,,,,,,
tier3_long_meetings_deferred.txt,https://losaltoshillsca.portal.civicclerk.com/event/4316/media,losaltoshillsca.portal.civicclerk.com,civicclerk,deferred-file-gov-id,gov_id already recorded in the deferred file,us:place:0643294,,,,,,
tier3_long_meetings_deferred.txt,https://losaltoshillsca.portal.civicclerk.com/event/4530/media,losaltoshillsca.portal.civicclerk.com,civicclerk,deferred-file-gov-id,gov_id already recorded in the deferred file,us:place:0643294,,,,,,
tier3_long_meetings_deferred.txt,https://walworthcowi.portal.civicclerk.com/event/2463/media,walworthcowi.portal.civicclerk.com,civicclerk,deferred-file-gov-id,gov_id already recorded in the deferred file,us:county:55127,,,,,,
tier3_long_meetings_deferred.txt,https://walworthcowi.portal.civicclerk.com/event/2179/media,walworthcowi.portal.civicclerk.com,civicclerk,deferred-file-gov-id,gov_id already recorded in the deferred file,us:county:55127,,,,,,
tier3_long_meetings_deferred.txt,https://walworthcowi.portal.civicclerk.com/event/2507/media,walworthcowi.portal.civicclerk.com,civicclerk,deferred-file-gov-id,gov_id already recorded in the deferred file,us:county:55127,,,,,,
tier3_long_meetings_deferred.txt,https://walworthcowi.portal.civicclerk.com/event/2573/media,walworthcowi.portal.civicclerk.com,civicclerk,deferred-file-gov-id,gov_id already recorded in the deferred file,us:county:55127,,,,,,
tier3_long_meetings_deferred.txt,https://losaltoshillsca.portal.civicclerk.com/event/4318/media,losaltoshillsca.portal.civicclerk.com,civicclerk,deferred-file-gov-id,gov_id already recorded in the deferred file,us:place:0643294,,,,,,
tier3_long_meetings_deferred.txt,https://losaltoshillsca.portal.civicclerk.com/event/4567/media,losaltoshillsca.portal.civicclerk.com,civicclerk,deferred-file-gov-id,gov_id already recorded in the deferred file,us:place:0643294,,,,,,
tier3_long_meetings_deferred.txt,https://walworthcowi.portal.civicclerk.com/event/2279/media,walworthcowi.portal.civicclerk.com,civicclerk,deferred-file-gov-id,gov_id already recorded in the deferred file,us:county:55127,,,,,,
tier3_long_meetings_deferred.txt,https://walworthcowi.portal.civicclerk.com/event/2464/media,walworthcowi.portal.civicclerk.com,civicclerk,deferred-file-gov-id,gov_id already recorded in the deferred file,us:county:55127,,,,,,
tier3_long_meetings_deferred.txt,https://walworthcowi.portal.civicclerk.com/event/2575/media,walworthcowi.portal.civicclerk.com,civicclerk,deferred-file-gov-id,gov_id already recorded in the deferred file,us:county:55127,,,,,,
tier3_long_meetings_deferred.txt,https://losaltoshillsca.portal.civicclerk.com/event/4321/media,losaltoshillsca.portal.civicclerk.com,civicclerk,deferred-file-gov-id,gov_id already recorded in the deferred file,us:place:0643294,,,,,,
tier3_long_meetings_deferred.txt,https://losaltoshillsca.portal.civicclerk.com/event/4568/media,losaltoshillsca.portal.civicclerk.com,civicclerk,deferred-file-gov-id,gov_id already recorded in the deferred file,us:place:0643294,,,,,,
tier3_long_meetings_deferred.txt,https://walworthcowi.portal.civicclerk.com/event/2315/media,walworthcowi.portal.civicclerk.com,civicclerk,deferred-file-gov-id,gov_id already recorded in the deferred file,us:county:55127,,,,,,
tier3_long_meetings_deferred.txt,https://walworthcowi.portal.civicclerk.com/event/2465/media,walworthcowi.portal.civicclerk.com,civicclerk,deferred-file-gov-id,gov_id already recorded in the deferred file,us:county:55127,,,,,,
tier3_long_meetings_deferred.txt,https://walworthcowi.portal.civicclerk.com/event/2576/media,walworthcowi.portal.civicclerk.com,civicclerk,deferred-file-gov-id,gov_id already recorded in the deferred file,us:county:55127,,,,,,
tier3_long_meetings_deferred.txt,https://losaltoshillsca.portal.civicclerk.com/event/4570/media,losaltoshillsca.portal.civicclerk.com,civicclerk,deferred-file-gov-id,gov_id already recorded in the deferred file,us:place:0643294,,,,,,
tier3_long_meetings_deferred.txt,https://walworthcowi.portal.civicclerk.com/event/2316/media,walworthcowi.portal.civicclerk.com,civicclerk,deferred-file-gov-id,gov_id already recorded in the deferred file,us:county:55127,,,,,,
tier3_long_meetings_deferred.txt,https://walworthcowi.portal.civicclerk.com/event/2466/media,walworthcowi.portal.civicclerk.com,civicclerk,deferred-file-gov-id,gov_id already recorded in the deferred file,us:county:55127,,,,,,
tier3_long_meetings_deferred.txt,https://walworthcowi.portal.civicclerk.com/event/2585/media,walworthcowi.portal.civicclerk.com,civicclerk,deferred-file-gov-id,gov_id already recorded in the deferred file,us:county:55127,,,,,,
tier3_long_meetings_deferred.txt,https://losaltoshillsca.portal.civicclerk.com/event/4203/media,losaltoshillsca.portal.civicclerk.com,civicclerk,deferred-file-gov-id,gov_id already recorded in the deferred file,us:place:0643294,,,,,,
tier3_long_meetings_deferred.txt,https://losaltoshillsca.portal.civicclerk.com/event/4356/media,losaltoshillsca.portal.civicclerk.com,civicclerk,deferred-file-gov-id,gov_id already recorded in the deferred file,us:place:0643294,,,,,,
tier3_long_meetings_deferred.txt,https://losaltoshillsca.portal.civicclerk.com/event/4571/media,losaltoshillsca.portal.civicclerk.com,civicclerk,deferred-file-gov-id,gov_id already recorded in the deferred file,us:place:0643294,,,,,,
tier3_long_meetings_deferred.txt,https://walworthcowi.portal.civicclerk.com/event/2586/media,walworthcowi.portal.civicclerk.com,civicclerk,deferred-file-gov-id,gov_id already recorded in the deferred file,us:county:55127,,,,,,
tier3_long_meetings_deferred.txt,https://walworthcowi.portal.civicclerk.com/event/2467/media,walworthcowi.portal.civicclerk.com,civicclerk,deferred-file-gov-id,gov_id already recorded in the deferred file,us:county:55127,,,,,,
tier3_long_meetings_deferred.txt,https://walworthcowi.portal.civicclerk.com/event/2319/media,walworthcowi.portal.civicclerk.com,civicclerk,deferred-file-gov-id,gov_id already recorded in the deferred file,us:county:55127,,,,,,
tier3_long_meetings_deferred.txt,https://losaltoshillsca.portal.civicclerk.com/event/4574/media,losaltoshillsca.portal.civicclerk.com,civicclerk,deferred-file-gov-id,gov_id already recorded in the deferred file,us:place:0643294,,,,,,
tier3_long_meetings_deferred.txt,https://walworthcowi.portal.civicclerk.com/event/2342/media,walworthcowi.portal.civicclerk.com,civicclerk,deferred-file-gov-id,gov_id already recorded in the deferred file,us:county:55127,,,,,,
tier3_long_meetings_deferred.txt,https://losaltoshillsca.portal.civicclerk.com/event/4358/media,losaltoshillsca.portal.civicclerk.com,civicclerk,deferred-file-gov-id,gov_id already recorded in the deferred file,us:place:0643294,,,,,,
tier3_long_meetings_deferred.txt,https://walworthcowi.portal.civicclerk.com/event/2475/media,walworthcowi.portal.civicclerk.com,civicclerk,deferred-file-gov-id,gov_id already recorded in the deferred file,us:county:55127,,,,,,
tier3_long_meetings_deferred.txt,https://losaltoshillsca.portal.civicclerk.com/event/4206/media,losaltoshillsca.portal.civicclerk.com,civicclerk,deferred-file-gov-id,gov_id already recorded in the deferred file,us:place:0643294,,,,,,
tier3_long_meetings_deferred.txt,https://losaltoshillsca.portal.civicclerk.com/event/4215/media,losaltoshillsca.portal.civicclerk.com,civicclerk,deferred-file-gov-id,gov_id already recorded in the deferred file,us:place:0643294,,,,,,
tier3_long_meetings_deferred.txt,https://walworthcowi.portal.civicclerk.com/event/2343/media,walworthcowi.portal.civicclerk.com,civicclerk,deferred-file-gov-id,gov_id already recorded in the deferred file,us:county:55127,,,,,,
tier3_long_meetings_deferred.txt,https://walworthcowi.portal.civicclerk.com/event/2587/media,walworthcowi.portal.civicclerk.com,civicclerk,deferred-file-gov-id,gov_id already recorded in the deferred file,us:county:55127,,,,,,
tier3_long_meetings_deferred.txt,https://losaltoshillsca.portal.civicclerk.com/event/4359/media,losaltoshillsca.portal.civicclerk.com,civicclerk,deferred-file-gov-id,gov_id already recorded in the deferred file,us:place:0643294,,,,,,
tier3_long_meetings_deferred.txt,https://losaltoshillsca.portal.civicclerk.com/event/4577/media,losaltoshillsca.portal.civicclerk.com,civicclerk,deferred-file-gov-id,gov_id already recorded in the deferred file,us:place:0643294,,,,,,
tier3_long_meetings_deferred.txt,https://walworthcowi.portal.civicclerk.com/event/2476/media,walworthcowi.portal.civicclerk.com,civicclerk,deferred-file-gov-id,gov_id already recorded in the deferred file,us:county:55127,,,,,,
tier3_long_meetings_deferred.txt,https://losaltoshillsca.portal.civicclerk.com/event/4216/media,losaltoshillsca.portal.civicclerk.com,civicclerk,deferred-file-gov-id,gov_id already recorded in the deferred file,us:place:0643294,,,,,,
tier3_long_meetings_deferred.txt,https://walworthcowi.portal.civicclerk.com/event/2596/media,walworthcowi.portal.civicclerk.com,civicclerk,deferred-file-gov-id,gov_id already recorded in the deferred file,us:county:55127,,,,,,
tier3_long_meetings_deferred.txt,https://losaltoshillsca.portal.civicclerk.com/event/4360/media,losaltoshillsca.portal.civicclerk.com,civicclerk,deferred-file-gov-id,gov_id already recorded in the deferred file,us:place:0643294,,,,,,
tier3_long_meetings_deferred.txt,https://losaltoshillsca.portal.civicclerk.com/event/4578/media,losaltoshillsca.portal.civicclerk.com,civicclerk,deferred-file-gov-id,gov_id already recorded in the deferred file,us:place:0643294,,,,,,
tier3_long_meetings_deferred.txt,https://walworthcowi.portal.civicclerk.com/event/2344/media,walworthcowi.portal.civicclerk.com,civicclerk,deferred-file-gov-id,gov_id already recorded in the deferred file,us:county:55127,,,,,,
tier3_long_meetings_deferred.txt,https://walworthcowi.portal.civicclerk.com/event/2597/media,walworthcowi.portal.civicclerk.com,civicclerk,deferred-file-gov-id,gov_id already recorded in the deferred file,us:county:55127,,,,,,
tier3_long_meetings_deferred.txt,https://walworthcowi.portal.civicclerk.com/event/2477/media,walworthcowi.portal.civicclerk.com,civicclerk,deferred-file-gov-id,gov_id already recorded in the deferred file,us:county:55127,,,,,,
tier3_long_meetings_deferred.txt,https://losaltoshillsca.portal.civicclerk.com/event/4217/media,losaltoshillsca.portal.civicclerk.com,civicclerk,deferred-file-gov-id,gov_id already recorded in the deferred file,us:place:0643294,,,,,,
tier3_long_meetings_deferred.txt,https://losaltoshillsca.portal.civicclerk.com/event/4361/media,losaltoshillsca.portal.civicclerk.com,civicclerk,deferred-file-gov-id,gov_id already recorded in the deferred file,us:place:0643294,,,,,,
tier3_long_meetings_deferred.txt,https://walworthcowi.portal.civicclerk.com/event/2345/media,walworthcowi.portal.civicclerk.com,civicclerk,deferred-file-gov-id,gov_id already recorded in the deferred file,us:county:55127,,,,,,
tier3_long_meetings_deferred.txt,https://losaltoshillsca.portal.civicclerk.com/event/4580/media,losaltoshillsca.portal.civicclerk.com,civicclerk,deferred-file-gov-id,gov_id already recorded in the deferred file,us:place:0643294,,,,,,
tier3_long_meetings_deferred.txt,https://walworthcowi.portal.civicclerk.com/event/2478/media,walworthcowi.portal.civicclerk.com,civicclerk,deferred-file-gov-id,gov_id already recorded in the deferred file,us:county:55127,,,,,,
tier3_long_meetings_deferred.txt,https://walworthcowi.portal.civicclerk.com/event/2598/media,walworthcowi.portal.civicclerk.com,civicclerk,deferred-file-gov-id,gov_id already recorded in the deferred file,us:county:55127,,,,,,
tier3_long_meetings_deferred.txt,https://losaltoshillsca.portal.civicclerk.com/event/4243/media,losaltoshillsca.portal.civicclerk.com,civicclerk,deferred-file-gov-id,gov_id already recorded in the deferred file,us:place:0643294,,,,,,
tier3_long_meetings_deferred.txt,https://losaltoshillsca.portal.civicclerk.com/event/4362/media,losaltoshillsca.portal.civicclerk.com,civicclerk,deferred-file-gov-id,gov_id already recorded in the deferred file,us:place:0643294,,,,,,
tier3_long_meetings_deferred.txt,https://walworthcowi.portal.civicclerk.com/event/2346/media,walworthcowi.portal.civicclerk.com,civicclerk,deferred-file-gov-id,gov_id already recorded in the deferred file,us:county:55127,,,,,,
tier3_long_meetings_deferred.txt,https://walworthcowi.portal.civicclerk.com/event/2479/media,walworthcowi.portal.civicclerk.com,civicclerk,deferred-file-gov-id,gov_id already recorded in the deferred file,us:county:55127,,,,,,
tier3_long_meetings_deferred.txt,https://walworthcowi.portal.civicclerk.com/event/2517/media,walworthcowi.portal.civicclerk.com,civicclerk,deferred-file-gov-id,gov_id already recorded in the deferred file,us:county:55127,,,,,,
tier3_long_meetings_deferred.txt,https://losaltoshillsca.portal.civicclerk.com/event/4218/media,losaltoshillsca.portal.civicclerk.com,civicclerk,deferred-file-gov-id,gov_id already recorded in the deferred file,us:place:0643294,,,,,,
tier3_long_meetings_deferred.txt,https://losaltoshillsca.portal.civicclerk.com/event/4368/media,losaltoshillsca.portal.civicclerk.com,civicclerk,deferred-file-gov-id,gov_id already recorded in the deferred file,us:place:0643294,,,,,,
tier3_long_meetings_deferred.txt,https://walworthcowi.portal.civicclerk.com/event/2480/media,walworthcowi.portal.civicclerk.com,civicclerk,deferred-file-gov-id,gov_id already recorded in the deferred file,us:county:55127,,,,,,
tier3_long_meetings_deferred.txt,https://walworthcowi.portal.civicclerk.com/event/2518/media,walworthcowi.portal.civicclerk.com,civicclerk,deferred-file-gov-id,gov_id already recorded in the deferred file,us:county:55127,,,,,,
tier3_long_meetings_deferred.txt,https://walworthcowi.portal.civicclerk.com/event/2600/media,walworthcowi.portal.civicclerk.com,civicclerk,deferred-file-gov-id,gov_id already recorded in the deferred file,us:county:55127,,,,,,
tier3_long_meetings_deferred.txt,https://losaltoshillsca.portal.civicclerk.com/event/4221/media,losaltoshillsca.portal.civicclerk.com,civicclerk,deferred-file-gov-id,gov_id already recorded in the deferred file,us:place:0643294,,,,,,
tier3_long_meetings_deferred.txt,https://walworthcowi.portal.civicclerk.com/event/2386/media,walworthcowi.portal.civicclerk.com,civicclerk,deferred-file-gov-id,gov_id already recorded in the deferred file,us:county:55127,,,,,,
tier3_long_meetings_deferred.txt,https://losaltoshillsca.portal.civicclerk.com/event/4369/media,losaltoshillsca.portal.civicclerk.com,civicclerk,deferred-file-gov-id,gov_id already recorded in the deferred file,us:place:0643294,,,,,,
tier3_long_meetings_deferred.txt,https://walworthcowi.portal.civicclerk.com/event/2481/media,walworthcowi.portal.civicclerk.com,civicclerk,deferred-file-gov-id,gov_id already recorded in the deferred file,us:county:55127,,,,,,
tier3_long_meetings_deferred.txt,https://walworthcowi.portal.civicclerk.com/event/2601/media,walworthcowi.portal.civicclerk.com,civicclerk,deferred-file-gov-id,gov_id already recorded in the deferred file,us:county:55127,,,,,,
tier3_long_meetings_deferred.txt,https://losaltoshillsca.portal.civicclerk.com/event/4222/media,losaltoshillsca.portal.civicclerk.com,civicclerk,deferred-file-gov-id,gov_id already recorded in the deferred file,us:place:0643294,,,,,,
tier3_long_meetings_deferred.txt,https://losaltoshillsca.portal.civicclerk.com/event/4382/media,losaltoshillsca.portal.civicclerk.com,civicclerk,deferred-file-gov-id,gov_id already recorded in the deferred file,us:place:0643294,,,,,,
tier3_long_meetings_deferred.txt,https://walworthcowi.portal.civicclerk.com/event/2519/media,walworthcowi.portal.civicclerk.com,civicclerk,deferred-file-gov-id,gov_id already recorded in the deferred file,us:county:55127,,,,,,
tier3_long_meetings_deferred.txt,https://walworthcowi.portal.civicclerk.com/event/2482/media,walworthcowi.portal.civicclerk.com,civicclerk,deferred-file-gov-id,gov_id already recorded in the deferred file,us:county:55127,,,,,,
tier3_long_meetings_deferred.txt,https://walworthcowi.portal.civicclerk.com/event/2387/media,walworthcowi.portal.civicclerk.com,civicclerk,deferred-file-gov-id,gov_id already recorded in the deferred file,us:county:55127,,,,,,
tier3_long_meetings_deferred.txt,https://walworthcowi.portal.civicclerk.com/event/2602/media,walworthcowi.portal.civicclerk.com,civicclerk,deferred-file-gov-id,gov_id already recorded in the deferred file,us:county:55127,,,,,,
tier3_long_meetings_deferred.txt,https://losaltoshillsca.portal.civicclerk.com/event/4228/media,losaltoshillsca.portal.civicclerk.com,civicclerk,deferred-file-gov-id,gov_id already recorded in the deferred file,us:place:0643294,,,,,,
tier3_long_meetings_deferred.txt,https://walworthcowi.portal.civicclerk.com/event/2520/media,walworthcowi.portal.civicclerk.com,civicclerk,deferred-file-gov-id,gov_id already recorded in the deferred file,us:county:55127,,,,,,
tier3_long_meetings_deferred.txt,https://losaltoshillsca.portal.civicclerk.com/event/4437/media,losaltoshillsca.portal.civicclerk.com,civicclerk,deferred-file-gov-id,gov_id already recorded in the deferred file,us:place:0643294,,,,,,
tier3_long_meetings_deferred.txt,https://walworthcowi.portal.civicclerk.com/event/2388/media,walworthcowi.portal.civicclerk.com,civicclerk,deferred-file-gov-id,gov_id already recorded in the deferred file,us:county:55127,,,,,,
tier3_long_meetings_deferred.txt,https://walworthcowi.portal.civicclerk.com/event/2483/media,walworthcowi.portal.civicclerk.com,civicclerk,deferred-file-gov-id,gov_id already recorded in the deferred file,us:county:55127,,,,,,
tier3_long_meetings_deferred.txt,https://walworthcowi.portal.civicclerk.com/event/2521/media,walworthcowi.portal.civicclerk.com,civicclerk,deferred-file-gov-id,gov_id already recorded in the deferred file,us:county:55127,,,,,,
tier3_long_meetings_deferred.txt,https://walworthcowi.portal.civicclerk.com/event/2621/media,walworthcowi.portal.civicclerk.com,civicclerk,deferred-file-gov-id,gov_id already recorded in the deferred file,us:county:55127,,,,,,
tier3_long_meetings_deferred.txt,https://losaltoshillsca.portal.civicclerk.com/event/4229/media,losaltoshillsca.portal.civicclerk.com,civicclerk,deferred-file-gov-id,gov_id already recorded in the deferred file,us:place:0643294,,,,,,
tier3_long_meetings_deferred.txt,https://losaltoshillsca.portal.civicclerk.com/event/4438/media,losaltoshillsca.portal.civicclerk.com,civicclerk,deferred-file-gov-id,gov_id already recorded in the deferred file,us:place:0643294,,,,,,
tier3_long_meetings_deferred.txt,https://walworthcowi.portal.civicclerk.com/event/2522/media,walworthcowi.portal.civicclerk.com,civicclerk,deferred-file-gov-id,gov_id already recorded in the deferred file,us:county:55127,,,,,,
tier3_long_meetings_deferred.txt,https://walworthcowi.portal.civicclerk.com/event/2484/media,walworthcowi.portal.civicclerk.com,civicclerk,deferred-file-gov-id,gov_id already recorded in the deferred file,us:county:55127,,,,,,
tier3_long_meetings_deferred.txt,https://walworthcowi.portal.civicclerk.com/event/2391/media,walworthcowi.portal.civicclerk.com,civicclerk,deferred-file-gov-id,gov_id already recorded in the deferred file,us:county:55127,,,,,,
tier3_long_meetings_deferred.txt,https://walworthcowi.portal.civicclerk.com/event/2626/media,walworthcowi.portal.civicclerk.com,civicclerk,deferred-file-gov-id,gov_id already recorded in the deferred file,us:county:55127,,,,,,
tier3_long_meetings_deferred.txt,https://losaltoshillsca.portal.civicclerk.com/event/4231/media,losaltoshillsca.portal.civicclerk.com,civicclerk,deferred-file-gov-id,gov_id already recorded in the deferred file,us:place:0643294,,,,,,
tier3_long_meetings_deferred.txt,https://losaltoshillsca.portal.civicclerk.com/event/4439/media,losaltoshillsca.portal.civicclerk.com,civicclerk,deferred-file-gov-id,gov_id already recorded in the deferred file,us:place:0643294,,,,,,
tier3_long_meetings_deferred.txt,https://walworthcowi.portal.civicclerk.com/event/2392/media,walworthcowi.portal.civicclerk.com,civicclerk,deferred-file-gov-id,gov_id already recorded in the deferred file,us:county:55127,,,,,,
tier3_long_meetings_deferred.txt,https://walworthcowi.portal.civicclerk.com/event/2523/media,walworthcowi.portal.civicclerk.com,civicclerk,deferred-file-gov-id,gov_id already recorded in the deferred file,us:county:55127,,,,,,
tier3_long_meetings_deferred.txt,https://walworthcowi.portal.civicclerk.com/event/2485/media,walworthcowi.portal.civicclerk.com,civicclerk,deferred-file-gov-id,gov_id already recorded in the deferred file,us:county:55127,,,,,,
tier3_long_meetings_deferred.txt,https://walworthcowi.portal.civicclerk.com/event/2627/media,walworthcowi.portal.civicclerk.com,civicclerk,deferred-file-gov-id,gov_id already recorded in the deferred file,us:county:55127,,,,,,
tier3_long_meetings_deferred.txt,https://walworthcowi.portal.civicclerk.com/event/2394/media,walworthcowi.portal.civicclerk.com,civicclerk,deferred-file-gov-id,gov_id already recorded in the deferred file,us:county:55127,,,,,,
tier3_long_meetings_deferred.txt,https://losaltoshillsca.portal.civicclerk.com/event/4441/media,losaltoshillsca.portal.civicclerk.com,civicclerk,deferred-file-gov-id,gov_id already recorded in the deferred file,us:place:0643294,,,,,,
tier3_long_meetings_deferred.txt,https://losaltoshillsca.portal.civicclerk.com/event/4232/media,losaltoshillsca.portal.civicclerk.com,civicclerk,deferred-file-gov-id,gov_id already recorded in the deferred file,us:place:0643294,,,,,,
tier3_long_meetings_deferred.txt,https://walworthcowi.portal.civicclerk.com/event/2486/media,walworthcowi.portal.civicclerk.com,civicclerk,deferred-file-gov-id,gov_id already recorded in the deferred file,us:county:55127,,,,,,
tier3_long_meetings_deferred.txt,https://walworthcowi.portal.civicclerk.com/event/2524/media,walworthcowi.portal.civicclerk.com,civicclerk,deferred-file-gov-id,gov_id already recorded in the deferred file,us:county:55127,,,,,,
tier3_long_meetings_deferred.txt,https://losaltoshillsca.portal.civicclerk.com/event/4455/media,losaltoshillsca.portal.civicclerk.com,civicclerk,deferred-file-gov-id,gov_id already recorded in the deferred file,us:place:0643294,,,,,,
tier3_long_meetings_deferred.txt,https://losaltoshillsca.portal.civicclerk.com/event/4242/media,losaltoshillsca.portal.civicclerk.com,civicclerk,deferred-file-gov-id,gov_id already recorded in the deferred file,us:place:0643294,,,,,,
tier3_long_meetings_deferred.txt,https://walworthcowi.portal.civicclerk.com/event/2632/media,walworthcowi.portal.civicclerk.com,civicclerk,deferred-file-gov-id,gov_id already recorded in the deferred file,us:county:55127,,,,,,
tier3_long_meetings_deferred.txt,https://walworthcowi.portal.civicclerk.com/event/2487/media,walworthcowi.portal.civicclerk.com,civicclerk,deferred-file-gov-id,gov_id already recorded in the deferred file,us:county:55127,,,,,,
tier3_long_meetings_deferred.txt,https://walworthcowi.portal.civicclerk.com/event/2397/media,walworthcowi.portal.civicclerk.com,civicclerk,deferred-file-gov-id,gov_id already recorded in the deferred file,us:county:55127,,,,,,
tier3_long_meetings_deferred.txt,https://walworthcowi.portal.civicclerk.com/event/2525/media,walworthcowi.portal.civicclerk.com,civicclerk,deferred-file-gov-id,gov_id already recorded in the deferred file,us:county:55127,,,,,,
tier3_long_meetings_deferred.txt,https://walworthcowi.portal.civicclerk.com/event/2633/media,walworthcowi.portal.civicclerk.com,civicclerk,deferred-file-gov-id,gov_id already recorded in the deferred file,us:county:55127,,,,,,
tier3_long_meetings_deferred.txt,https://losaltoshillsca.portal.civicclerk.com/event/4257/media,losaltoshillsca.portal.civicclerk.com,civicclerk,deferred-file-gov-id,gov_id already recorded in the deferred file,us:place:0643294,,,,,,
tier3_long_meetings_deferred.txt,https://losaltoshillsca.portal.civicclerk.com/event/4458/media,losaltoshillsca.portal.civicclerk.com,civicclerk,deferred-file-gov-id,gov_id already recorded in the deferred file,us:place:0643294,,,,,,
tier3_long_meetings_deferred.txt,https://walworthcowi.portal.civicclerk.com/event/2398/media,walworthcowi.portal.civicclerk.com,civicclerk,deferred-file-gov-id,gov_id already recorded in the deferred file,us:county:55127,,,,,,
tier3_long_meetings_deferred.txt,https://walworthcowi.portal.civicclerk.com/event/2634/media,walworthcowi.portal.civicclerk.com,civicclerk,deferred-file-gov-id,gov_id already recorded in the deferred file,us:county:55127,,,,,,
tier3_long_meetings_deferred.txt,https://losaltoshillsca.portal.civicclerk.com/event/4461/media,losaltoshillsca.portal.civicclerk.com,civicclerk,deferred-file-gov-id,gov_id already recorded in the deferred file,us:place:0643294,,,,,,
tier3_long_meetings_deferred.txt,https://walworthcowi.portal.civicclerk.com/event/2526/media,walworthcowi.portal.civicclerk.com,civicclerk,deferred-file-gov-id,gov_id already recorded in the deferred file,us:county:55127,,,,,,
tier3_long_meetings_deferred.txt,https://losaltoshillsca.portal.civicclerk.com/event/4259/media,losaltoshillsca.portal.civicclerk.com,civicclerk,deferred-file-gov-id,gov_id already recorded in the deferred file,us:place:0643294,,,,,,
tier3_long_meetings_deferred.txt,https://walworthcowi.portal.civicclerk.com/event/2399/media,walworthcowi.portal.civicclerk.com,civicclerk,deferred-file-gov-id,gov_id already recorded in the deferred file,us:county:55127,,,,,,
tier3_long_meetings_deferred.txt,https://walworthcowi.portal.civicclerk.com/event/2527/media,walworthcowi.portal.civicclerk.com,civicclerk,deferred-file-gov-id,gov_id already recorded in the deferred file,us:county:55127,,,,,,
tier3_long_meetings_deferred.txt,https://walworthcowi.portal.civicclerk.com/event/2643/media,walworthcowi.portal.civicclerk.com,civicclerk,deferred-file-gov-id,gov_id already recorded in the deferred file,us:county:55127,,,,,,
tier3_long_meetings_deferred.txt,https://losaltoshillsca.portal.civicclerk.com/event/4463/media,losaltoshillsca.portal.civicclerk.com,civicclerk,deferred-file-gov-id,gov_id already recorded in the deferred file,us:place:0643294,,,,,,
tier3_long_meetings_deferred.txt,https://walworthcowi.portal.civicclerk.com/event/2400/media,walworthcowi.portal.civicclerk.com,civicclerk,deferred-file-gov-id,gov_id already recorded in the deferred file,us:county:55127,,,,,,
tier3_long_meetings_deferred.txt,https://losaltoshillsca.portal.civicclerk.com/event/4260/media,losaltoshillsca.portal.civicclerk.com,civicclerk,deferred-file-gov-id,gov_id already recorded in the deferred file,us:place:0643294,,,,,,
tier3_long_meetings_deferred.txt,https://walworthcowi.portal.civicclerk.com/event/2528/media,walworthcowi.portal.civicclerk.com,civicclerk,deferred-file-gov-id,gov_id already recorded in the deferred file,us:county:55127,,,,,,
tier3_long_meetings_deferred.txt,https://walworthcowi.portal.civicclerk.com/event/2644/media,walworthcowi.portal.civicclerk.com,civicclerk,deferred-file-gov-id,gov_id already recorded in the deferred file,us:county:55127,,,,,,
tier3_long_meetings_deferred.txt,https://walworthcowi.portal.civicclerk.com/event/2408/media,walworthcowi.portal.civicclerk.com,civicclerk,deferred-file-gov-id,gov_id already recorded in the deferred file,us:county:55127,,,,,,
tier3_long_meetings_deferred.txt,https://losaltoshillsca.portal.civicclerk.com/event/4485/media,losaltoshillsca.portal.civicclerk.com,civicclerk,deferred-file-gov-id,gov_id already recorded in the deferred file,us:place:0643294,,,,,,
tier3_long_meetings_deferred.txt,https://losaltoshillsca.portal.civicclerk.com/event/4261/media,losaltoshillsca.portal.civicclerk.com,civicclerk,deferred-file-gov-id,gov_id already recorded in the deferred file,us:place:0643294,,,,,,
tier3_long_meetings_deferred.txt,https://walworthcowi.portal.civicclerk.com/event/2529/media,walworthcowi.portal.civicclerk.com,civicclerk,deferred-file-gov-id,gov_id already recorded in the deferred file,us:county:55127,,,,,,
tier3_long_meetings_deferred.txt,https://walworthcowi.portal.civicclerk.com/event/2645/media,walworthcowi.portal.civicclerk.com,civicclerk,deferred-file-gov-id,gov_id already recorded in the deferred file,us:county:55127,,,,,,
tier3_long_meetings_deferred.txt,https://losaltoshillsca.portal.civicclerk.com/event/4262/media,losaltoshillsca.portal.civicclerk.com,civicclerk,deferred-file-gov-id,gov_id already recorded in the deferred file,us:place:0643294,,,,,,
tier3_long_meetings_deferred.txt,https://losaltoshillsca.portal.civicclerk.com/event/4500/media,losaltoshillsca.portal.civicclerk.com,civicclerk,deferred-file-gov-id,gov_id already recorded in the deferred file,us:place:0643294,,,,,,
tier3_long_meetings_deferred.txt,https://walworthcowi.portal.civicclerk.com/event/2537/media,walworthcowi.portal.civicclerk.com,civicclerk,deferred-file-gov-id,gov_id already recorded in the deferred file,us:county:55127,,,,,,
tier3_long_meetings_deferred.txt,https://walworthcowi.portal.civicclerk.com/event/2409/media,walworthcowi.portal.civicclerk.com,civicclerk,deferred-file-gov-id,gov_id already recorded in the deferred file,us:county:55127,,,,,,
tier3_long_meetings_deferred.txt,https://walworthcowi.portal.civicclerk.com/event/2494/media,walworthcowi.portal.civicclerk.com,civicclerk,deferred-file-gov-id,gov_id already recorded in the deferred file,us:county:55127,,,,,,
tier3_long_meetings_deferred.txt,https://walworthcowi.portal.civicclerk.com/event/2646/media,walworthcowi.portal.civicclerk.com,civicclerk,deferred-file-gov-id,gov_id already recorded in the deferred file,us:county:55127,,,,,,
tier3_long_meetings_deferred.txt,https://losaltoshillsca.portal.civicclerk.com/event/4263/media,losaltoshillsca.portal.civicclerk.com,civicclerk,deferred-file-gov-id,gov_id already recorded in the deferred file,us:place:0643294,,,,,,
tier3_long_meetings_deferred.txt,https://losaltoshillsca.portal.civicclerk.com/event/4504/media,losaltoshillsca.portal.civicclerk.com,civicclerk,deferred-file-gov-id,gov_id already recorded in the deferred file,us:place:0643294,,,,,,
tier3_long_meetings_deferred.txt,https://walworthcowi.portal.civicclerk.com/event/2414/media,walworthcowi.portal.civicclerk.com,civicclerk,deferred-file-gov-id,gov_id already recorded in the deferred file,us:county:55127,,,,,,
tier3_long_meetings_deferred.txt,https://walworthcowi.portal.civicclerk.com/event/2538/media,walworthcowi.portal.civicclerk.com,civicclerk,deferred-file-gov-id,gov_id already recorded in the deferred file,us:county:55127,,,,,,
tier3_long_meetings_deferred.txt,https://walworthcowi.portal.civicclerk.com/event/2647/media,walworthcowi.portal.civicclerk.com,civicclerk,deferred-file-gov-id,gov_id already recorded in the deferred file,us:county:55127,,,,,,
tier3_long_meetings_deferred.txt,https://losaltoshillsca.portal.civicclerk.com/event/4506/media,losaltoshillsca.portal.civicclerk.com,civicclerk,deferred-file-gov-id,gov_id already recorded in the deferred file,us:place:0643294,,,,,,
tier3_long_meetings_deferred.txt,https://losaltoshillsca.portal.civicclerk.com/event/4271/media,losaltoshillsca.portal.civicclerk.com,civicclerk,deferred-file-gov-id,gov_id already recorded in the deferred file,us:place:0643294,,,,,,
tier3_long_meetings_deferred.txt,https://walworthcowi.portal.civicclerk.com/event/2443/media,walworthcowi.portal.civicclerk.com,civicclerk,deferred-file-gov-id,gov_id already recorded in the deferred file,us:county:55127,,,,,,
tier3_long_meetings_deferred.txt,https://walworthcowi.portal.civicclerk.com/event/2539/media,walworthcowi.portal.civicclerk.com,civicclerk,deferred-file-gov-id,gov_id already recorded in the deferred file,us:county:55127,,,,,,
tier3_long_meetings_deferred.txt,https://walworthcowi.portal.civicclerk.com/event/2496/media,walworthcowi.portal.civicclerk.com,civicclerk,deferred-file-gov-id,gov_id already recorded in the deferred file,us:county:55127,,,,,,
tier3_long_meetings_deferred.txt,https://walworthcowi.portal.civicclerk.com/event/2648/media,walworthcowi.portal.civicclerk.com,civicclerk,deferred-file-gov-id,gov_id already recorded in the deferred file,us:county:55127,,,,,,
tier3_long_meetings_deferred.txt,https://losaltoshillsca.portal.civicclerk.com/event/4272/media,losaltoshillsca.portal.civicclerk.com,civicclerk,deferred-file-gov-id,gov_id already recorded in the deferred file,us:place:0643294,,,,,,
tier3_long_meetings_deferred.txt,https://losaltoshillsca.portal.civicclerk.com/event/4507/media,losaltoshillsca.portal.civicclerk.com,civicclerk,deferred-file-gov-id,gov_id already recorded in the deferred file,us:place:0643294,,,,,,
tier3_long_meetings_deferred.txt,https://walworthcowi.portal.civicclerk.com/event/2497/media,walworthcowi.portal.civicclerk.com,civicclerk,deferred-file-gov-id,gov_id already recorded in the deferred file,us:county:55127,,,,,,
tier3_long_meetings_deferred.txt,https://walworthcowi.portal.civicclerk.com/event/2444/media,walworthcowi.portal.civicclerk.com,civicclerk,deferred-file-gov-id,gov_id already recorded in the deferred file,us:county:55127,,,,,,
tier3_long_meetings_deferred.txt,https://walworthcowi.portal.civicclerk.com/event/2649/media,walworthcowi.portal.civicclerk.com,civicclerk,deferred-file-gov-id,gov_id already recorded in the deferred file,us:county:55127,,,,,,
tier3_long_meetings_deferred.txt,https://walworthcowi.portal.civicclerk.com/event/2548/media,walworthcowi.portal.civicclerk.com,civicclerk,deferred-file-gov-id,gov_id already recorded in the deferred file,us:county:55127,,,,,,
tier3_long_meetings_deferred.txt,https://losaltoshillsca.portal.civicclerk.com/event/4509/media,losaltoshillsca.portal.civicclerk.com,civicclerk,deferred-file-gov-id,gov_id already recorded in the deferred file,us:place:0643294,,,,,,
tier3_long_meetings_deferred.txt,https://walworthcowi.portal.civicclerk.com/event/2549/media,walworthcowi.portal.civicclerk.com,civicclerk,deferred-file-gov-id,gov_id already recorded in the deferred file,us:county:55127,,,,,,
tier3_long_meetings_deferred.txt,https://summitcounty.granicus.com/player/clip/1441,summitcounty.granicus.com,granicus,deferred-file-gov-id,gov_id already recorded in the deferred file,us:county:49043,,,,,,
tier3_long_meetings_deferred.txt,https://summitcounty.granicus.com/player/clip/1444,summitcounty.granicus.com,granicus,deferred-file-gov-id,gov_id already recorded in the deferred file,us:county:49043,,,,,,
tier3_long_meetings_deferred.txt,https://summitcounty.granicus.com/player/clip/1451,summitcounty.granicus.com,granicus,deferred-file-gov-id,gov_id already recorded in the deferred file,us:county:49043,,,,,,
tier3_long_meetings_deferred.txt,https://summitcounty.granicus.com/player/clip/1456,summitcounty.granicus.com,granicus,deferred-file-gov-id,gov_id already recorded in the deferred file,us:county:49043,,,,,,
tier3_long_meetings_deferred.txt,https://summitcounty.granicus.com/player/clip/1448,summitcounty.granicus.com,granicus,deferred-file-gov-id,gov_id already recorded in the deferred file,us:county:49043,,,,,,
tier3_long_meetings_deferred.txt,https://summitcounty.granicus.com/player/clip/1439,summitcounty.granicus.com,granicus,deferred-file-gov-id,gov_id already recorded in the deferred file,us:county:49043,,,,,,
tier3_long_meetings_deferred.txt,https://summitcounty.granicus.com/player/clip/1450,summitcounty.granicus.com,granicus,deferred-file-gov-id,gov_id already recorded in the deferred file,us:county:49043,,,,,,
tier3_long_meetings_deferred.txt,https://summitcounty.granicus.com/player/clip/1458,summitcounty.granicus.com,granicus,deferred-file-gov-id,gov_id already recorded in the deferred file,us:county:49043,,,,,,
tier3_long_meetings_deferred.txt,https://hebercityut.portal.civicclerk.com/event/535/media,hebercityut.portal.civicclerk.com,civicclerk,deferred-file-gov-id,gov_id already recorded in the deferred file,us:place:4934200,,,,,,
tier3_long_meetings_deferred.txt,https://hebercityut.portal.civicclerk.com/event/491/media,hebercityut.portal.civicclerk.com,civicclerk,deferred-file-gov-id,gov_id already recorded in the deferred file,us:place:4934200,,,,,,
tier3_long_meetings_deferred.txt,https://hebercityut.portal.civicclerk.com/event/587/media,hebercityut.portal.civicclerk.com,civicclerk,deferred-file-gov-id,gov_id already recorded in the deferred file,us:place:4934200,,,,,,
tier3_long_meetings_deferred.txt,https://summitcounty.granicus.com/player/clip/1264,summitcounty.granicus.com,granicus,deferred-file-gov-id,gov_id already recorded in the deferred file,us:county:49043,,,,,,
tier3_long_meetings_deferred.txt,https://summitcounty.granicus.com/player/clip/1269,summitcounty.granicus.com,granicus,deferred-file-gov-id,gov_id already recorded in the deferred file,us:county:49043,,,,,,
tier3_long_meetings_deferred.txt,https://summitcounty.granicus.com/player/clip/1273,summitcounty.granicus.com,granicus,deferred-file-gov-id,gov_id already recorded in the deferred file,us:county:49043,,,,,,
tier3_long_meetings_deferred.txt,https://summitcounty.granicus.com/player/clip/1274,summitcounty.granicus.com,granicus,deferred-file-gov-id,gov_id already recorded in the deferred file,us:county:49043,,,,,,
tier3_long_meetings_deferred.txt,https://summitcounty.granicus.com/player/clip/1297,summitcounty.granicus.com,granicus,deferred-file-gov-id,gov_id already recorded in the deferred file,us:county:49043,,,,,,
tier3_long_meetings_deferred.txt,https://summitcounty.granicus.com/player/clip/1329,summitcounty.granicus.com,granicus,deferred-file-gov-id,gov_id already recorded in the deferred file,us:county:49043,,,,,,
tier3_long_meetings_deferred.txt,https://summitcounty.granicus.com/player/clip/1342,summitcounty.granicus.com,granicus,deferred-file-gov-id,gov_id already recorded in the deferred file,us:county:49043,,,,,,
tier3_long_meetings_deferred.txt,https://summitcounty.granicus.com/player/clip/1347,summitcounty.granicus.com,granicus,deferred-file-gov-id,gov_id already recorded in the deferred file,us:county:49043,,,,,,
tier3_long_meetings_deferred.txt,https://summitcounty.granicus.com/player/clip/1350,summitcounty.granicus.com,granicus,deferred-file-gov-id,gov_id already recorded in the deferred file,us:county:49043,,,,,,
tier3_long_meetings_deferred.txt,https://summitcounty.granicus.com/player/clip/1351,summitcounty.granicus.com,granicus,deferred-file-gov-id,gov_id already recorded in the deferred file,us:county:49043,,,,,,
tier3_long_meetings_deferred.txt,https://summitcounty.granicus.com/player/clip/1370,summitcounty.granicus.com,granicus,deferred-file-gov-id,gov_id already recorded in the deferred file,us:county:49043,,,,,,
tier3_long_meetings_deferred.txt,https://summitcounty.granicus.com/player/clip/1376,summitcounty.granicus.com,granicus,deferred-file-gov-id,gov_id already recorded in the deferred file,us:county:49043,,,,,,
tier3_long_meetings_deferred.txt,https://summitcounty.granicus.com/player/clip/1378,summitcounty.granicus.com,granicus,deferred-file-gov-id,gov_id already recorded in the deferred file,us:county:49043,,,,,,
tier3_long_meetings_deferred.txt,https://summitcounty.granicus.com/player/clip/1391,summitcounty.granicus.com,granicus,deferred-file-gov-id,gov_id already recorded in the deferred file,us:county:49043,,,,,,
tier3_long_meetings_deferred.txt,https://summitcounty.granicus.com/player/clip/1394,summitcounty.granicus.com,granicus,deferred-file-gov-id,gov_id already recorded in the deferred file,us:county:49043,,,,,,
tier3_long_meetings_deferred.txt,https://summitcounty.granicus.com/player/clip/1396,summitcounty.granicus.com,granicus,deferred-file-gov-id,gov_id already recorded in the deferred file,us:county:49043,,,,,,
tier3_long_meetings_deferred.txt,https://summitcounty.granicus.com/player/clip/1397,summitcounty.granicus.com,granicus,deferred-file-gov-id,gov_id already recorded in the deferred file,us:county:49043,,,,,,
tier3_long_meetings_deferred.txt,https://summitcounty.granicus.com/player/clip/1401,summitcounty.granicus.com,granicus,deferred-file-gov-id,gov_id already recorded in the deferred file,us:county:49043,,,,,,
tier3_long_meetings_deferred.txt,https://summitcounty.granicus.com/player/clip/1409,summitcounty.granicus.com,granicus,deferred-file-gov-id,gov_id already recorded in the deferred file,us:county:49043,,,,,,
tier3_long_meetings_deferred.txt,https://summitcounty.granicus.com/player/clip/1434,summitcounty.granicus.com,granicus,deferred-file-gov-id,gov_id already recorded in the deferred file,us:county:49043,,,,,,
tier3_long_meetings_deferred.txt,https://summitcounty.granicus.com/player/clip/1263,summitcounty.granicus.com,granicus,deferred-file-gov-id,gov_id already recorded in the deferred file,us:county:49043,,,,,,
tier3_long_meetings_deferred.txt,https://summitcounty.granicus.com/player/clip/1270,summitcounty.granicus.com,granicus,deferred-file-gov-id,gov_id already recorded in the deferred file,us:county:49043,,,,,,
tier3_long_meetings_deferred.txt,https://summitcounty.granicus.com/player/clip/1272,summitcounty.granicus.com,granicus,deferred-file-gov-id,gov_id already recorded in the deferred file,us:county:49043,,,,,,
tier3_long_meetings_deferred.txt,https://summitcounty.granicus.com/player/clip/1276,summitcounty.granicus.com,granicus,deferred-file-gov-id,gov_id already recorded in the deferred file,us:county:49043,,,,,,
tier3_long_meetings_deferred.txt,https://summitcounty.granicus.com/player/clip/1304,summitcounty.granicus.com,granicus,deferred-file-gov-id,gov_id already recorded in the deferred file,us:county:49043,,,,,,
tier3_long_meetings_deferred.txt,https://summitcounty.granicus.com/player/clip/1287,summitcounty.granicus.com,granicus,deferred-file-gov-id,gov_id already recorded in the deferred file,us:county:49043,,,,,,
tier3_long_meetings_deferred.txt,https://summitcounty.granicus.com/player/clip/1332,summitcounty.granicus.com,granicus,deferred-file-gov-id,gov_id already recorded in the deferred file,us:county:49043,,,,,,
tier3_long_meetings_deferred.txt,https://summitcounty.granicus.com/player/clip/1344,summitcounty.granicus.com,granicus,deferred-file-gov-id,gov_id already recorded in the deferred file,us:county:49043,,,,,,
tier3_long_meetings_deferred.txt,https://summitcounty.granicus.com/player/clip/1346,summitcounty.granicus.com,granicus,deferred-file-gov-id,gov_id already recorded in the deferred file,us:county:49043,,,,,,
tier3_long_meetings_deferred.txt,https://summitcounty.granicus.com/player/clip/1355,summitcounty.granicus.com,granicus,deferred-file-gov-id,gov_id already recorded in the deferred file,us:county:49043,,,,,,
tier3_long_meetings_deferred.txt,https://summitcounty.granicus.com/player/clip/1361,summitcounty.granicus.com,granicus,deferred-file-gov-id,gov_id already recorded in the deferred file,us:county:49043,,,,,,
tier3_long_meetings_deferred.txt,https://summitcounty.granicus.com/player/clip/1399,summitcounty.granicus.com,granicus,deferred-file-gov-id,gov_id already recorded in the deferred file,us:county:49043,,,,,,
tier3_long_meetings_deferred.txt,https://summitcounty.granicus.com/player/clip/1393,summitcounty.granicus.com,granicus,deferred-file-gov-id,gov_id already recorded in the deferred file,us:county:49043,,,,,,
tier3_long_meetings_deferred.txt,https://summitcounty.granicus.com/player/clip/1398,summitcounty.granicus.com,granicus,deferred-file-gov-id,gov_id already recorded in the deferred file,us:county:49043,,,,,,
tier3_long_meetings_deferred.txt,https://summitcounty.granicus.com/player/clip/1402,summitcounty.granicus.com,granicus,deferred-file-gov-id,gov_id already recorded in the deferred file,us:county:49043,,,,,,
tier3_long_meetings_deferred.txt,https://summitcounty.granicus.com/player/clip/1438,summitcounty.granicus.com,granicus,deferred-file-gov-id,gov_id already recorded in the deferred file,us:county:49043,,,,,,
tier3_long_meetings_deferred.txt,https://summitcounty.granicus.com/player/clip/1365,summitcounty.granicus.com,granicus,deferred-file-gov-id,gov_id already recorded in the deferred file,us:county:49043,,,,,,
tier3_long_meetings_deferred.txt,https://summitcounty.granicus.com/player/clip/1293,summitcounty.granicus.com,granicus,deferred-file-gov-id,gov_id already recorded in the deferred file,us:county:49043,,,,,,
tier3_long_meetings_deferred.txt,https://summitcounty.granicus.com/player/clip/1305,summitcounty.granicus.com,granicus,deferred-file-gov-id,gov_id already recorded in the deferred file,us:county:49043,,,,,,
tier3_long_meetings_deferred.txt,https://summitcounty.granicus.com/player/clip/1348,summitcounty.granicus.com,granicus,deferred-file-gov-id,gov_id already recorded in the deferred file,us:county:49043,,,,,,
tier3_long_meetings_deferred.txt,https://summitcounty.granicus.com/player/clip/1377,summitcounty.granicus.com,granicus,deferred-file-gov-id,gov_id already recorded in the deferred file,us:county:49043,,,,,,
tier3_long_meetings_deferred.txt,https://hebercityut.portal.civicclerk.com/event/421/media,hebercityut.portal.civicclerk.com,civicclerk,deferred-file-gov-id,gov_id already recorded in the deferred file,us:place:4934200,,,,,,
tier3_long_meetings_deferred.txt,https://hebercityut.portal.civicclerk.com/event/434/media,hebercityut.portal.civicclerk.com,civicclerk,deferred-file-gov-id,gov_id already recorded in the deferred file,us:place:4934200,,,,,,
tier3_long_meetings_deferred.txt,https://hebercityut.portal.civicclerk.com/event/422/media,hebercityut.portal.civicclerk.com,civicclerk,deferred-file-gov-id,gov_id already recorded in the deferred file,us:place:4934200,,,,,,
tier3_long_meetings_deferred.txt,https://hebercityut.portal.civicclerk.com/event/529/media,hebercityut.portal.civicclerk.com,civicclerk,deferred-file-gov-id,gov_id already recorded in the deferred file,us:place:4934200,,,,,,
tier3_long_meetings_deferred.txt,https://hebercityut.portal.civicclerk.com/event/528/media,hebercityut.portal.civicclerk.com,civicclerk,deferred-file-gov-id,gov_id already recorded in the deferred file,us:place:4934200,,,,,,
tier3_long_meetings_deferred.txt,https://hebercityut.portal.civicclerk.com/event/423/media,hebercityut.portal.civicclerk.com,civicclerk,deferred-file-gov-id,gov_id already recorded in the deferred file,us:place:4934200,,,,,,
tier3_long_meetings_deferred.txt,https://hebercityut.portal.civicclerk.com/event/583/media,hebercityut.portal.civicclerk.com,civicclerk,deferred-file-gov-id,gov_id already recorded in the deferred file,us:place:4934200,,,,,,
tier3_long_meetings_deferred.txt,https://hebercityut.portal.civicclerk.com/event/436/media,hebercityut.portal.civicclerk.com,civicclerk,deferred-file-gov-id,gov_id already recorded in the deferred file,us:place:4934200,,,,,,
tier3_long_meetings_deferred.txt,https://hebercityut.portal.civicclerk.com/event/437/media,hebercityut.portal.civicclerk.com,civicclerk,deferred-file-gov-id,gov_id already recorded in the deferred file,us:place:4934200,,,,,,
tier3_long_meetings_deferred.txt,https://hebercityut.portal.civicclerk.com/event/534/media,hebercityut.portal.civicclerk.com,civicclerk,deferred-file-gov-id,gov_id already recorded in the deferred file,us:place:4934200,,,,,,
tier3_long_meetings_deferred.txt,https://hebercityut.portal.civicclerk.com/event/438/media,hebercityut.portal.civicclerk.com,civicclerk,deferred-file-gov-id,gov_id already recorded in the deferred file,us:place:4934200,,,,,,
tier3_long_meetings_deferred.txt,https://hebercityut.portal.civicclerk.com/event/584/media,hebercityut.portal.civicclerk.com,civicclerk,deferred-file-gov-id,gov_id already recorded in the deferred file,us:place:4934200,,,,,,
tier3_long_meetings_deferred.txt,https://hebercityut.portal.civicclerk.com/event/446/media,hebercityut.portal.civicclerk.com,civicclerk,deferred-file-gov-id,gov_id already recorded in the deferred file,us:place:4934200,,,,,,
tier3_long_meetings_deferred.txt,https://hebercityut.portal.civicclerk.com/event/486/media,hebercityut.portal.civicclerk.com,civicclerk,deferred-file-gov-id,gov_id already recorded in the deferred file,us:place:4934200,,,,,,
tier3_long_meetings_deferred.txt,https://hebercityut.portal.civicclerk.com/event/447/media,hebercityut.portal.civicclerk.com,civicclerk,deferred-file-gov-id,gov_id already recorded in the deferred file,us:place:4934200,,,,,,
tier3_long_meetings_deferred.txt,https://hebercityut.portal.civicclerk.com/event/448/media,hebercityut.portal.civicclerk.com,civicclerk,deferred-file-gov-id,gov_id already recorded in the deferred file,us:place:4934200,,,,,,
tier3_long_meetings_deferred.txt,https://hebercityut.portal.civicclerk.com/event/488/media,hebercityut.portal.civicclerk.com,civicclerk,deferred-file-gov-id,gov_id already recorded in the deferred file,us:place:4934200,,,,,,
tier3_long_meetings_deferred.txt,https://hebercityut.portal.civicclerk.com/event/449/media,hebercityut.portal.civicclerk.com,civicclerk,deferred-file-gov-id,gov_id already recorded in the deferred file,us:place:4934200,,,,,,
tier3_long_meetings_deferred.txt,https://hebercityut.portal.civicclerk.com/event/450/media,hebercityut.portal.civicclerk.com,civicclerk,deferred-file-gov-id,gov_id already recorded in the deferred file,us:place:4934200,,,,,,
tier3_long_meetings_deferred.txt,https://hebercityut.portal.civicclerk.com/event/490/media,hebercityut.portal.civicclerk.com,civicclerk,deferred-file-gov-id,gov_id already recorded in the deferred file,us:place:4934200,,,,,,
tier3_long_meetings_deferred.txt,https://hebercityut.portal.civicclerk.com/event/531/media,hebercityut.portal.civicclerk.com,civicclerk,deferred-file-gov-id,gov_id already recorded in the deferred file,us:place:4934200,,,,,,
tier3_long_meetings_deferred.txt,https://hebercityut.portal.civicclerk.com/event/523/media,hebercityut.portal.civicclerk.com,civicclerk,deferred-file-gov-id,gov_id already recorded in the deferred file,us:place:4934200,,,,,,
tier3_long_meetings_deferred.txt,https://hebercityut.portal.civicclerk.com/event/515/media,hebercityut.portal.civicclerk.com,civicclerk,deferred-file-gov-id,gov_id already recorded in the deferred file,us:place:4934200,,,,,,
tier3_long_meetings_deferred.txt,https://hebercityut.portal.civicclerk.com/event/514/media,hebercityut.portal.civicclerk.com,civicclerk,deferred-file-gov-id,gov_id already recorded in the deferred file,us:place:4934200,,,,,,
tier3_long_meetings_deferred.txt,https://walworthcowi.portal.civicclerk.com/event/2509/media,walworthcowi.portal.civicclerk.com,civicclerk,deferred-file-gov-id,gov_id already recorded in the deferred file,us:county:55127,,,,,,
tier3_long_meetings_deferred.txt,https://hebercityut.portal.civicclerk.com/event/586/media,hebercityut.portal.civicclerk.com,civicclerk,deferred-file-gov-id,gov_id already recorded in the deferred file,us:place:4934200,,,,,,
tier3_long_meetings_deferred.txt,https://cosumnescommunityservices.portal.civicclerk.com/event/615/media,cosumnescommunityservices.portal.civicclerk.com,civicclerk,deferred-file-gov-id,gov_id already recorded in the deferred file,rtr:us:ca:cosumnes-community-services-district,,,,,,
tier3_long_meetings_deferred.txt,https://cosumnescommunityservices.portal.civicclerk.com/event/614/media,cosumnescommunityservices.portal.civicclerk.com,civicclerk,deferred-file-gov-id,gov_id already recorded in the deferred file,rtr:us:ca:cosumnes-community-services-district,,,,,,
tier3_long_meetings_deferred.txt,https://sanfordnc.portal.civicclerk.com/event/2025/media,sanfordnc.portal.civicclerk.com,civicclerk,deferred-file-gov-id,gov_id already recorded in the deferred file,us:place:3759280,,,,,,
tier3_long_meetings_deferred.txt,https://sanfordnc.portal.civicclerk.com/event/2026/media,sanfordnc.portal.civicclerk.com,civicclerk,deferred-file-gov-id,gov_id already recorded in the deferred file,us:place:3759280,,,,,,
tier3_long_meetings_deferred.txt,https://sanfordnc.portal.civicclerk.com/event/2038/media,sanfordnc.portal.civicclerk.com,civicclerk,deferred-file-gov-id,gov_id already recorded in the deferred file,us:place:3759280,,,,,,
tier3_long_meetings_deferred.txt,https://sanfordnc.portal.civicclerk.com/event/2039/media,sanfordnc.portal.civicclerk.com,civicclerk,deferred-file-gov-id,gov_id already recorded in the deferred file,us:place:3759280,,,,,,
tier3_long_meetings_deferred.txt,https://sanfordnc.portal.civicclerk.com/event/2040/media,sanfordnc.portal.civicclerk.com,civicclerk,deferred-file-gov-id,gov_id already recorded in the deferred file,us:place:3759280,,,,,,
tier3_long_meetings_deferred.txt,https://sanfordnc.portal.civicclerk.com/event/2041/media,sanfordnc.portal.civicclerk.com,civicclerk,deferred-file-gov-id,gov_id already recorded in the deferred file,us:place:3759280,,,,,,
tier3_long_meetings_deferred.txt,https://cosumnescommunityservices.portal.civicclerk.com/event/560/media,cosumnescommunityservices.portal.civicclerk.com,civicclerk,deferred-file-gov-id,gov_id already recorded in the deferred file,rtr:us:ca:cosumnes-community-services-district,,,,,,
tier3_long_meetings_deferred.txt,https://sanfordnc.portal.civicclerk.com/event/2048/media,sanfordnc.portal.civicclerk.com,civicclerk,deferred-file-gov-id,gov_id already recorded in the deferred file,us:place:3759280,,,,,,
tier3_long_meetings_deferred.txt,https://sanfordnc.portal.civicclerk.com/event/2050/media,sanfordnc.portal.civicclerk.com,civicclerk,deferred-file-gov-id,gov_id already recorded in the deferred file,us:place:3759280,,,,,,
tier3_long_meetings_deferred.txt,https://cosumnescommunityservices.portal.civicclerk.com/event/561/media,cosumnescommunityservices.portal.civicclerk.com,civicclerk,deferred-file-gov-id,gov_id already recorded in the deferred file,rtr:us:ca:cosumnes-community-services-district,,,,,,
tier3_long_meetings_deferred.txt,https://sanfordnc.portal.civicclerk.com/event/2051/media,sanfordnc.portal.civicclerk.com,civicclerk,deferred-file-gov-id,gov_id already recorded in the deferred file,us:place:3759280,,,,,,
tier3_long_meetings_deferred.txt,https://cosumnescommunityservices.portal.civicclerk.com/event/527/media,cosumnescommunityservices.portal.civicclerk.com,civicclerk,deferred-file-gov-id,gov_id already recorded in the deferred file,rtr:us:ca:cosumnes-community-services-district,,,,,,
tier3_long_meetings_deferred.txt,https://sanfordnc.portal.civicclerk.com/event/2052/media,sanfordnc.portal.civicclerk.com,civicclerk,deferred-file-gov-id,gov_id already recorded in the deferred file,us:place:3759280,,,,,,
tier3_long_meetings_deferred.txt,https://sanfordnc.portal.civicclerk.com/event/2053/media,sanfordnc.portal.civicclerk.com,civicclerk,deferred-file-gov-id,gov_id already recorded in the deferred file,us:place:3759280,,,,,,
tier3_long_meetings_deferred.txt,https://cosumnescommunityservices.portal.civicclerk.com/event/564/media,cosumnescommunityservices.portal.civicclerk.com,civicclerk,deferred-file-gov-id,gov_id already recorded in the deferred file,rtr:us:ca:cosumnes-community-services-district,,,,,,
tier3_long_meetings_deferred.txt,https://cosumnescommunityservices.portal.civicclerk.com/event/572/media,cosumnescommunityservices.portal.civicclerk.com,civicclerk,deferred-file-gov-id,gov_id already recorded in the deferred file,rtr:us:ca:cosumnes-community-services-district,,,,,,
tier3_long_meetings_deferred.txt,https://sanfordnc.portal.civicclerk.com/event/2059/media,sanfordnc.portal.civicclerk.com,civicclerk,deferred-file-gov-id,gov_id already recorded in the deferred file,us:place:3759280,,,,,,
tier3_long_meetings_deferred.txt,https://cosumnescommunityservices.portal.civicclerk.com/event/573/media,cosumnescommunityservices.portal.civicclerk.com,civicclerk,deferred-file-gov-id,gov_id already recorded in the deferred file,rtr:us:ca:cosumnes-community-services-district,,,,,,
tier3_long_meetings_deferred.txt,https://sanfordnc.portal.civicclerk.com/event/2066/media,sanfordnc.portal.civicclerk.com,civicclerk,deferred-file-gov-id,gov_id already recorded in the deferred file,us:place:3759280,,,,,,
tier3_long_meetings_deferred.txt,https://sanfordnc.portal.civicclerk.com/event/2067/media,sanfordnc.portal.civicclerk.com,civicclerk,deferred-file-gov-id,gov_id already recorded in the deferred file,us:place:3759280,,,,,,
tier3_long_meetings_deferred.txt,https://cosumnescommunityservices.portal.civicclerk.com/event/598/media,cosumnescommunityservices.portal.civicclerk.com,civicclerk,deferred-file-gov-id,gov_id already recorded in the deferred file,rtr:us:ca:cosumnes-community-services-district,,,,,,
tier3_long_meetings_deferred.txt,https://cosumnescommunityservices.portal.civicclerk.com/event/574/media,cosumnescommunityservices.portal.civicclerk.com,civicclerk,deferred-file-gov-id,gov_id already recorded in the deferred file,rtr:us:ca:cosumnes-community-services-district,,,,,,
tier3_long_meetings_deferred.txt,https://sanfordnc.portal.civicclerk.com/event/2068/media,sanfordnc.portal.civicclerk.com,civicclerk,deferred-file-gov-id,gov_id already recorded in the deferred file,us:place:3759280,,,,,,
tier3_long_meetings_deferred.txt,https://cosumnescommunityservices.portal.civicclerk.com/event/599/media,cosumnescommunityservices.portal.civicclerk.com,civicclerk,deferred-file-gov-id,gov_id already recorded in the deferred file,rtr:us:ca:cosumnes-community-services-district,,,,,,
tier3_long_meetings_deferred.txt,https://sanfordnc.portal.civicclerk.com/event/2117/media,sanfordnc.portal.civicclerk.com,civicclerk,deferred-file-gov-id,gov_id already recorded in the deferred file,us:place:3759280,,,,,,
tier3_long_meetings_deferred.txt,https://cosumnescommunityservices.portal.civicclerk.com/event/612/media,cosumnescommunityservices.portal.civicclerk.com,civicclerk,deferred-file-gov-id,gov_id already recorded in the deferred file,rtr:us:ca:cosumnes-community-services-district,,,,,,
tier3_long_meetings_deferred.txt,https://ivins.granicus.com/player/clip/2420?view_id=2&redirect=true,ivins.granicus.com,granicus,deferred-file-gov-id,gov_id already recorded in the deferred file,us:place:4938710,,,,,,
tier3_long_meetings_deferred.txt,https://kaysvilleut.portal.civicclerk.com/event/1169/media,kaysvilleut.portal.civicclerk.com,civicclerk,deferred-file-gov-id,gov_id already recorded in the deferred file,us:place:4940360,,,,,,
tier3_long_meetings_deferred.txt,https://kaysvilleut.portal.civicclerk.com/event/1157/media,kaysvilleut.portal.civicclerk.com,civicclerk,deferred-file-gov-id,gov_id already recorded in the deferred file,us:place:4940360,,,,,,
tier3_long_meetings_deferred.txt,https://parkcityut.portal.civicclerk.com/event/3726/media,parkcityut.portal.civicclerk.com,civicclerk,deferred-file-gov-id,gov_id already recorded in the deferred file,us:place:4958070,,,,,,
tier3_long_meetings_deferred.txt,https://vineyardut.portal.civicclerk.com/event/1441/media,vineyardut.portal.civicclerk.com,civicclerk,deferred-file-gov-id,gov_id already recorded in the deferred file,us:place:4980420,,,,,,
tier3_long_meetings_deferred.txt,https://vineyardut.portal.civicclerk.com/event/1650/media,vineyardut.portal.civicclerk.com,civicclerk,deferred-file-gov-id,gov_id already recorded in the deferred file,us:place:4980420,,,,,,
tier3_long_meetings_deferred.txt,https://vineyardut.portal.civicclerk.com/event/1515/media,vineyardut.portal.civicclerk.com,civicclerk,deferred-file-gov-id,gov_id already recorded in the deferred file,us:place:4980420,,,,,,
tier3_long_meetings_deferred.txt,https://vineyardut.portal.civicclerk.com/event/1661/media,vineyardut.portal.civicclerk.com,civicclerk,deferred-file-gov-id,gov_id already recorded in the deferred file,us:place:4980420,,,,,,
tier3_long_meetings_deferred.txt,https://ivins.granicus.com/player/clip/2403?view_id=2&redirect=true,ivins.granicus.com,granicus,deferred-file-gov-id,gov_id already recorded in the deferred file,us:place:4938710,,,,,,
tier3_long_meetings_deferred.txt,https://ivins.granicus.com/player/clip/2408?view_id=2&redirect=true,ivins.granicus.com,granicus,deferred-file-gov-id,gov_id already recorded in the deferred file,us:place:4938710,,,,,,
tier3_long_meetings_deferred.txt,https://ivins.granicus.com/player/clip/2410?view_id=2&redirect=true,ivins.granicus.com,granicus,deferred-file-gov-id,gov_id already recorded in the deferred file,us:place:4938710,,,,,,
tier3_long_meetings_deferred.txt,https://ivins.granicus.com/player/clip/2415?view_id=2&redirect=true,ivins.granicus.com,granicus,deferred-file-gov-id,gov_id already recorded in the deferred file,us:place:4938710,,,,,,
tier3_long_meetings_deferred.txt,https://ivins.granicus.com/player/clip/2417?view_id=2&redirect=true,ivins.granicus.com,granicus,deferred-file-gov-id,gov_id already recorded in the deferred file,us:place:4938710,,,,,,
tier3_long_meetings_deferred.txt,https://ivins.granicus.com/player/clip/2376?view_id=2&redirect=true,ivins.granicus.com,granicus,deferred-file-gov-id,gov_id already recorded in the deferred file,us:place:4938710,,,,,,
tier3_long_meetings_deferred.txt,https://ivins.granicus.com/player/clip/2386?view_id=2&redirect=true,ivins.granicus.com,granicus,deferred-file-gov-id,gov_id already recorded in the deferred file,us:place:4938710,,,,,,
tier3_long_meetings_deferred.txt,https://ivins.granicus.com/player/clip/2397?view_id=2&redirect=true,ivins.granicus.com,granicus,deferred-file-gov-id,gov_id already recorded in the deferred file,us:place:4938710,,,,,,
tier3_long_meetings_deferred.txt,https://kaysvilleut.portal.civicclerk.com/event/1164/media,kaysvilleut.portal.civicclerk.com,civicclerk,deferred-file-gov-id,gov_id already recorded in the deferred file,us:place:4940360,,,,,,
tier3_long_meetings_deferred.txt,https://kaysvilleut.portal.civicclerk.com/event/1165/media,kaysvilleut.portal.civicclerk.com,civicclerk,deferred-file-gov-id,gov_id already recorded in the deferred file,us:place:4940360,,,,,,
tier3_long_meetings_deferred.txt,https://kaysvilleut.portal.civicclerk.com/event/1248/media,kaysvilleut.portal.civicclerk.com,civicclerk,deferred-file-gov-id,gov_id already recorded in the deferred file,us:place:4940360,,,,,,
tier3_long_meetings_deferred.txt,https://kaysvilleut.portal.civicclerk.com/event/1166/media,kaysvilleut.portal.civicclerk.com,civicclerk,deferred-file-gov-id,gov_id already recorded in the deferred file,us:place:4940360,,,,,,
tier3_long_meetings_deferred.txt,https://kaysvilleut.portal.civicclerk.com/event/1154/media,kaysvilleut.portal.civicclerk.com,civicclerk,deferred-file-gov-id,gov_id already recorded in the deferred file,us:place:4940360,,,,,,
tier3_long_meetings_deferred.txt,https://kaysvilleut.portal.civicclerk.com/event/1167/media,kaysvilleut.portal.civicclerk.com,civicclerk,deferred-file-gov-id,gov_id already recorded in the deferred file,us:place:4940360,,,,,,
tier3_long_meetings_deferred.txt,https://kaysvilleut.portal.civicclerk.com/event/1168/media,kaysvilleut.portal.civicclerk.com,civicclerk,deferred-file-gov-id,gov_id already recorded in the deferred file,us:place:4940360,,,,,,
tier3_long_meetings_deferred.txt,https://kaysvilleut.portal.civicclerk.com/event/1156/media,kaysvilleut.portal.civicclerk.com,civicclerk,deferred-file-gov-id,gov_id already recorded in the deferred file,us:place:4940360,,,,,,
tier3_long_meetings_deferred.txt,https://parkcityut.portal.civicclerk.com/event/3704/media,parkcityut.portal.civicclerk.com,civicclerk,deferred-file-gov-id,gov_id already recorded in the deferred file,us:place:4958070,,,,,,
tier3_long_meetings_deferred.txt,https://parkcityut.portal.civicclerk.com/event/3707/media,parkcityut.portal.civicclerk.com,civicclerk,deferred-file-gov-id,gov_id already recorded in the deferred file,us:place:4958070,,,,,,
tier3_long_meetings_deferred.txt,https://parkcityut.portal.civicclerk.com/event/3710/media,parkcityut.portal.civicclerk.com,civicclerk,deferred-file-gov-id,gov_id already recorded in the deferred file,us:place:4958070,,,,,,
tier3_long_meetings_deferred.txt,https://parkcityut.portal.civicclerk.com/event/3711/media,parkcityut.portal.civicclerk.com,civicclerk,deferred-file-gov-id,gov_id already recorded in the deferred file,us:place:4958070,,,,,,
tier3_long_meetings_deferred.txt,https://parkcityut.portal.civicclerk.com/event/3713/media,parkcityut.portal.civicclerk.com,civicclerk,deferred-file-gov-id,gov_id already recorded in the deferred file,us:place:4958070,,,,,,
tier3_long_meetings_deferred.txt,https://parkcityut.portal.civicclerk.com/event/3929/media,parkcityut.portal.civicclerk.com,civicclerk,deferred-file-gov-id,gov_id already recorded in the deferred file,us:place:4958070,,,,,,
tier3_long_meetings_deferred.txt,https://parkcityut.portal.civicclerk.com/event/3930/media,parkcityut.portal.civicclerk.com,civicclerk,deferred-file-gov-id,gov_id already recorded in the deferred file,us:place:4958070,,,,,,
tier3_long_meetings_deferred.txt,https://parkcityut.portal.civicclerk.com/event/3720/media,parkcityut.portal.civicclerk.com,civicclerk,deferred-file-gov-id,gov_id already recorded in the deferred file,us:place:4958070,,,,,,
tier3_long_meetings_deferred.txt,https://parkcityut.portal.civicclerk.com/event/3934/media,parkcityut.portal.civicclerk.com,civicclerk,deferred-file-gov-id,gov_id already recorded in the deferred file,us:place:4958070,,,,,,
tier3_long_meetings_deferred.txt,https://parkcityut.portal.civicclerk.com/event/3813/media,parkcityut.portal.civicclerk.com,civicclerk,deferred-file-gov-id,gov_id already recorded in the deferred file,us:place:4958070,,,,,,
tier3_long_meetings_deferred.txt,https://parkcityut.portal.civicclerk.com/event/3814/media,parkcityut.portal.civicclerk.com,civicclerk,deferred-file-gov-id,gov_id already recorded in the deferred file,us:place:4958070,,,,,,
tier3_long_meetings_deferred.txt,https://vineyardut.portal.civicclerk.com/event/1580/media,vineyardut.portal.civicclerk.com,civicclerk,deferred-file-gov-id,gov_id already recorded in the deferred file,us:place:4980420,,,,,,
tier3_long_meetings_deferred.txt,https://vineyardut.portal.civicclerk.com/event/1450/media,vineyardut.portal.civicclerk.com,civicclerk,deferred-file-gov-id,gov_id already recorded in the deferred file,us:place:4980420,,,,,,
tier3_long_meetings_deferred.txt,https://vineyardut.portal.civicclerk.com/event/1439/media,vineyardut.portal.civicclerk.com,civicclerk,deferred-file-gov-id,gov_id already recorded in the deferred file,us:place:4980420,,,,,,
tier3_long_meetings_deferred.txt,https://vineyardut.portal.civicclerk.com/event/1634/media,vineyardut.portal.civicclerk.com,civicclerk,deferred-file-gov-id,gov_id already recorded in the deferred file,us:place:4980420,,,,,,
tier3_long_meetings_deferred.txt,https://vineyardut.portal.civicclerk.com/event/1451/media,vineyardut.portal.civicclerk.com,civicclerk,deferred-file-gov-id,gov_id already recorded in the deferred file,us:place:4980420,,,,,,
tier3_long_meetings_deferred.txt,https://vineyardut.portal.civicclerk.com/event/1616/media,vineyardut.portal.civicclerk.com,civicclerk,deferred-file-gov-id,gov_id already recorded in the deferred file,us:place:4980420,,,,,,
tier3_long_meetings_deferred.txt,https://vineyardut.portal.civicclerk.com/event/1617/media,vineyardut.portal.civicclerk.com,civicclerk,deferred-file-gov-id,gov_id already recorded in the deferred file,us:place:4980420,,,,,,
tier3_long_meetings_deferred.txt,https://vineyardut.portal.civicclerk.com/event/1633/media,vineyardut.portal.civicclerk.com,civicclerk,deferred-file-gov-id,gov_id already recorded in the deferred file,us:place:4980420,,,,,,
tier3_long_meetings_deferred.txt,https://vineyardut.portal.civicclerk.com/event/1638/media,vineyardut.portal.civicclerk.com,civicclerk,deferred-file-gov-id,gov_id already recorded in the deferred file,us:place:4980420,,,,,,
tier3_long_meetings_deferred.txt,https://vineyardut.portal.civicclerk.com/event/1656/media,vineyardut.portal.civicclerk.com,civicclerk,deferred-file-gov-id,gov_id already recorded in the deferred file,us:place:4980420,,,,,,
tier3_long_meetings_deferred.txt,https://vineyardut.portal.civicclerk.com/event/1657/media,vineyardut.portal.civicclerk.com,civicclerk,deferred-file-gov-id,gov_id already recorded in the deferred file,us:place:4980420,,,,,,
tier3_long_meetings_deferred.txt,https://ivins.granicus.com/MediaPlayer.php?view_id=2&clip_id=2433,ivins.granicus.com,granicus,deferred-file-gov-id,gov_id already recorded in the deferred file,us:place:4938710,,,,,,
tier3_long_meetings_deferred.txt,https://sanfordnc.portal.civicclerk.com/event/2015/media,sanfordnc.portal.civicclerk.com,civicclerk,deferred-file-gov-id,gov_id already recorded in the deferred file,us:place:3759280,,,,,,
tier3_long_meetings_deferred.txt,https://parkcityut.portal.civicclerk.com/event/3936/media,parkcityut.portal.civicclerk.com,civicclerk,deferred-file-gov-id,gov_id already recorded in the deferred file,us:place:4958070,,,,,,
tier3_long_meetings_deferred.txt,https://www.youtube.com/watch?v=6N4jEHd7zw8,www.youtube.com,youtube,deferred-file-gov-id,gov_id already recorded in the deferred file,rtr:ca:nb:cap-acadie,,,,,,
tier3_long_meetings_deferred.txt,https://www.youtube.com/watch?v=AumDIgXZnBc,www.youtube.com,youtube,deferred-file-gov-id,gov_id already recorded in the deferred file,rtr:ca:ns:municipality-of-the-county-of-pictou,,,,,,
tier3_long_meetings_deferred.txt,https://www.utah.gov/pmn/sitemap/notice/1103283.html,www.utah.gov,www.utah.gov,registry,not in MULTI_GOV_HOSTS -- single-tenant vendor host,,,,,,,
tier3_long_meetings_deferred.txt,https://www.utah.gov/pmn/sitemap/notice/1092969.html,www.utah.gov,www.utah.gov,registry,not in MULTI_GOV_HOSTS -- single-tenant vendor host,,,,,,,
tier3_long_meetings_deferred.txt,https://www.utah.gov/pmn/sitemap/notice/1013043.html,www.utah.gov,www.utah.gov,registry,not in MULTI_GOV_HOSTS -- single-tenant vendor host,,,,,,,
tier3_long_meetings_deferred.txt,https://www.utah.gov/pmn/sitemap/notice/1102999.html,www.utah.gov,www.utah.gov,registry,not in MULTI_GOV_HOSTS -- single-tenant vendor host,,,,,,,
tier3_long_meetings_deferred.txt,https://www.utah.gov/pmn/sitemap/notice/1101513.html,www.utah.gov,www.utah.gov,registry,not in MULTI_GOV_HOSTS -- single-tenant vendor host,,,,,,,
tier3_long_meetings_deferred.txt,https://www.utah.gov/pmn/sitemap/notice/1098651.html,www.utah.gov,www.utah.gov,registry,not in MULTI_GOV_HOSTS -- single-tenant vendor host,,,,,,,
tier3_long_meetings_deferred.txt,https://www.utah.gov/pmn/sitemap/notice/1100659.html,www.utah.gov,www.utah.gov,registry,not in MULTI_GOV_HOSTS -- single-tenant vendor host,,,,,,,
tier3_long_meetings_deferred.txt,https://www.utah.gov/pmn/sitemap/notice/1103475.html,www.utah.gov,www.utah.gov,deferred-file-gov-id,gov_id already recorded in the deferred file,us:county:49049,,,,,,
tier3_long_meetings_deferred.txt,https://www.utah.gov/pmn/sitemap/notice/1101167.html,www.utah.gov,www.utah.gov,registry,not in MULTI_GOV_HOSTS -- single-tenant vendor host,,,,,,,
tier3_long_meetings_deferred.txt,https://www.utah.gov/pmn/sitemap/notice/1102325.html,www.utah.gov,www.utah.gov,registry,not in MULTI_GOV_HOSTS -- single-tenant vendor host,,,,,,,
tier3_long_meetings_deferred.txt,https://www.utah.gov/pmn/sitemap/notice/1100997.html,www.utah.gov,www.utah.gov,registry,not in MULTI_GOV_HOSTS -- single-tenant vendor host,,,,,,,
tier3_long_meetings_deferred.txt,https://www.utah.gov/pmn/sitemap/notice/1101033.html,www.utah.gov,www.utah.gov,registry,not in MULTI_GOV_HOSTS -- single-tenant vendor host,,,,,,,
tier3_long_meetings_deferred.txt,https://www.utah.gov/pmn/sitemap/notice/1100358.html,www.utah.gov,www.utah.gov,deferred-file-gov-id,gov_id already recorded in the deferred file,us:county:49013,,,,,,
tier3_long_meetings_deferred.txt,https://www.utah.gov/pmn/sitemap/notice/1102483.html,www.utah.gov,www.utah.gov,deferred-file-gov-id,gov_id already recorded in the deferred file,us:county:49015,,,,,,
tier3_long_meetings_deferred.txt,https://www.utah.gov/pmn/sitemap/notice/1100143.html,www.utah.gov,www.utah.gov,deferred-file-gov-id,gov_id already recorded in the deferred file,us:county:49019,,,,,,
tier3_long_meetings_deferred.txt,https://www.utah.gov/pmn/sitemap/notice/1099845.html,www.utah.gov,www.utah.gov,deferred-file-gov-id,gov_id already recorded in the deferred file,us:county:49021,,,,,,
tier3_long_meetings_deferred.txt,https://www.utah.gov/pmn/sitemap/notice/1101573.html,www.utah.gov,www.utah.gov,deferred-file-gov-id,gov_id already recorded in the deferred file,us:county:49037,,,,,,
tier3_long_meetings_deferred.txt,https://www.utah.gov/pmn/sitemap/notice/1105341.html,www.utah.gov,www.utah.gov,deferred-file-gov-id,gov_id already recorded in the deferred file,us:county:49039,,,,,,
tier3_long_meetings_deferred.txt,https://www.utah.gov/pmn/sitemap/notice/1103333.html,www.utah.gov,www.utah.gov,deferred-file-gov-id,gov_id already recorded in the deferred file,us:place:4914840,,,,,,
tier3_long_meetings_deferred.txt,https://www.utah.gov/pmn/sitemap/notice/1101843.html,www.utah.gov,www.utah.gov,deferred-file-gov-id,gov_id already recorded in the deferred file,us:place:4920340,,,,,,
tier3_long_meetings_deferred.txt,https://www.utah.gov/pmn/sitemap/notice/1099999.html,www.utah.gov,www.utah.gov,deferred-file-gov-id,gov_id already recorded in the deferred file,us:place:4924410,,,,,,
tier3_long_meetings_deferred.txt,https://www.utah.gov/pmn/sitemap/notice/1101089.html,www.utah.gov,www.utah.gov,deferred-file-gov-id,gov_id already recorded in the deferred file,us:place:4925180,,,,,,
tier3_long_meetings_deferred.txt,https://www.utah.gov/pmn/sitemap/notice/1103073.html,www.utah.gov,www.utah.gov,deferred-file-gov-id,gov_id already recorded in the deferred file,us:place:4926720,,,,,,
tier3_long_meetings_deferred.txt,https://www.utah.gov/pmn/sitemap/notice/1100175.html,www.utah.gov,www.utah.gov,deferred-file-gov-id,gov_id already recorded in the deferred file,us:place:4931120,,,,,,
tier3_long_meetings_deferred.txt,https://www.utah.gov/pmn/sitemap/notice/1100059.html,www.utah.gov,www.utah.gov,deferred-file-gov-id,gov_id already recorded in the deferred file,us:place:4933540,,,,,,
tier3_long_meetings_deferred.txt,https://www.utah.gov/pmn/sitemap/notice/1099535.html,www.utah.gov,www.utah.gov,deferred-file-gov-id,gov_id already recorded in the deferred file,us:place:4937390,,,,,,
tier3_long_meetings_deferred.txt,https://www.utah.gov/pmn/sitemap/notice/1100392.html,www.utah.gov,www.utah.gov,deferred-file-gov-id,gov_id already recorded in the deferred file,us:place:4939920,,,,,,
tier3_long_meetings_deferred.txt,https://www.utah.gov/pmn/sitemap/notice/1099861.html,www.utah.gov,www.utah.gov,deferred-file-gov-id,gov_id already recorded in the deferred file,us:place:4947620,,,,,,
tier3_long_meetings_deferred.txt,https://www.utah.gov/pmn/sitemap/notice/1101553.html,www.utah.gov,www.utah.gov,deferred-file-gov-id,gov_id already recorded in the deferred file,us:place:4949820,,,,,,
tier3_long_meetings_deferred.txt,https://www.utah.gov/pmn/sitemap/notice/1099987.html,www.utah.gov,www.utah.gov,deferred-file-gov-id,gov_id already recorded in the deferred file,us:place:4950700,,,,,,
tier3_long_meetings_deferred.txt,https://www.utah.gov/pmn/sitemap/notice/1101735.html,www.utah.gov,www.utah.gov,deferred-file-gov-id,gov_id already recorded in the deferred file,us:place:4953010,,,,,,
tier3_long_meetings_deferred.txt,https://www.utah.gov/pmn/sitemap/notice/1102791.html,www.utah.gov,www.utah.gov,deferred-file-gov-id,gov_id already recorded in the deferred file,us:place:4954990,,,,,,
tier3_long_meetings_deferred.txt,https://www.utah.gov/pmn/sitemap/notice/1101899.html,www.utah.gov,www.utah.gov,deferred-file-gov-id,gov_id already recorded in the deferred file,us:place:4955100,,,,,,
tier3_long_meetings_deferred.txt,https://www.utah.gov/pmn/sitemap/notice/1105409.html,www.utah.gov,www.utah.gov,deferred-file-gov-id,gov_id already recorded in the deferred file,us:place:4957080,,,,,,
tier3_long_meetings_deferred.txt,https://www.utah.gov/pmn/sitemap/notice/1100733.html,www.utah.gov,www.utah.gov,deferred-file-gov-id,gov_id already recorded in the deferred file,us:place:4958510,,,,,,
tier3_long_meetings_deferred.txt,https://www.utah.gov/pmn/sitemap/notice/1097129.html,www.utah.gov,www.utah.gov,deferred-file-gov-id,gov_id already recorded in the deferred file,us:place:4961150,,,,,,
tier3_long_meetings_deferred.txt,https://www.utah.gov/pmn/sitemap/notice/1098231.html,www.utah.gov,www.utah.gov,deferred-file-gov-id,gov_id already recorded in the deferred file,us:place:4962470,,,,,,
tier3_long_meetings_deferred.txt,https://www.utah.gov/pmn/sitemap/notice/1099957.html,www.utah.gov,www.utah.gov,deferred-file-gov-id,gov_id already recorded in the deferred file,us:place:4967660,,,,,,
tier3_long_meetings_deferred.txt,https://www.utah.gov/pmn/sitemap/notice/1105893.html,www.utah.gov,www.utah.gov,deferred-file-gov-id,gov_id already recorded in the deferred file,us:place:4971730,,,,,,
tier3_long_meetings_deferred.txt,https://www.utah.gov/pmn/sitemap/notice/1100637.html,www.utah.gov,www.utah.gov,deferred-file-gov-id,gov_id already recorded in the deferred file,us:place:4976680,,,,,,
tier3_long_meetings_deferred.txt,https://www.utah.gov/pmn/sitemap/notice/1076447.html,www.utah.gov,www.utah.gov,deferred-file-gov-id,gov_id already recorded in the deferred file,us:place:4977230,,,,,,
tier3_long_meetings_deferred.txt,https://www.utah.gov/pmn/sitemap/notice/1099935.html,www.utah.gov,www.utah.gov,deferred-file-gov-id,gov_id already recorded in the deferred file,us:place:4981960,,,,,,
tier3_long_meetings_deferred.txt,https://www.utah.gov/pmn/sitemap/notice/1101775.html,www.utah.gov,www.utah.gov,deferred-file-gov-id,gov_id already recorded in the deferred file,us:place:4982070,,,,,,
tier3_long_meetings_deferred.txt,https://www.utah.gov/pmn/sitemap/notice/1100260.html,www.utah.gov,www.utah.gov,deferred-file-gov-id,gov_id already recorded in the deferred file,us:place:4983390,,,,,,
tier3_long_meetings_deferred.txt,https://www.utah.gov/pmn/sitemap/notice/1095715.html,www.utah.gov,www.utah.gov,deferred-file-gov-id,gov_id already recorded in the deferred file,us:place:4984710,,,,,,
tier3_long_meetings_deferred.txt,https://www.utah.gov/pmn/sitemap/notice/1100559.html,www.utah.gov,www.utah.gov,registry,not in MULTI_GOV_HOSTS -- single-tenant vendor host,,,,,,,
tier3_long_meetings_deferred.txt,https://www.utah.gov/pmn/sitemap/notice/1105715.html,www.utah.gov,www.utah.gov,registry,not in MULTI_GOV_HOSTS -- single-tenant vendor host,,,,,,,
tier3_long_meetings_deferred.txt,https://www.utah.gov/pmn/sitemap/notice/1102671.html,www.utah.gov,www.utah.gov,registry,not in MULTI_GOV_HOSTS -- single-tenant vendor host,,,,,,,
tier3_long_meetings_deferred.txt,https://www.utah.gov/pmn/sitemap/notice/1100536.html,www.utah.gov,www.utah.gov,deferred-file-gov-id,gov_id already recorded in the deferred file,us:place:4906700,,,,,,
tier3_long_meetings_deferred.txt,https://www.utah.gov/pmn/sitemap/notice/1100545.html,www.utah.gov,www.utah.gov,deferred-file-gov-id,gov_id already recorded in the deferred file,us:place:4908570,,,,,,
tier3_long_meetings_deferred.txt,https://www.utah.gov/pmn/sitemap/notice/1102641.html,www.utah.gov,www.utah.gov,deferred-file-gov-id,gov_id already recorded in the deferred file,us:place:4923640,,,,,,
tier3_long_meetings_deferred.txt,https://www.utah.gov/pmn/sitemap/notice/1100815.html,www.utah.gov,www.utah.gov,deferred-file-gov-id,gov_id already recorded in the deferred file,us:place:4942010,,,,,,
tier3_long_meetings_deferred.txt,https://www.utah.gov/pmn/sitemap/notice/1101449.html,www.utah.gov,www.utah.gov,registry,not in MULTI_GOV_HOSTS -- single-tenant vendor host,,,,,,,
tier3_long_meetings_deferred.txt,https://www.utah.gov/pmn/sitemap/notice/1103709.html,www.utah.gov,www.utah.gov,registry,not in MULTI_GOV_HOSTS -- single-tenant vendor host,,,,,,,
tier3_long_meetings_deferred.txt,https://www.utah.gov/pmn/sitemap/notice/1102023.html,www.utah.gov,www.utah.gov,registry,not in MULTI_GOV_HOSTS -- single-tenant vendor host,,,,,,,
tier3_long_meetings_deferred.txt,https://www.utah.gov/pmn/sitemap/notice/1102021.html,www.utah.gov,www.utah.gov,registry,not in MULTI_GOV_HOSTS -- single-tenant vendor host,,,,,,,
tier3_long_meetings_deferred.txt,https://www.utah.gov/pmn/sitemap/notice/1100292.html,www.utah.gov,www.utah.gov,registry,not in MULTI_GOV_HOSTS -- single-tenant vendor host,,,,,,,
tier3_long_meetings_deferred.txt,https://www.utah.gov/pmn/sitemap/notice/1102779.html,www.utah.gov,www.utah.gov,registry,not in MULTI_GOV_HOSTS -- single-tenant vendor host,,,,,,,
tier3_long_meetings_deferred.txt,https://www.utah.gov/pmn/sitemap/notice/1027939.html,www.utah.gov,www.utah.gov,registry,not in MULTI_GOV_HOSTS -- single-tenant vendor host,,,,,,,
tier3_long_meetings_deferred.txt,https://www.utah.gov/pmn/sitemap/notice/1100543.html,www.utah.gov,www.utah.gov,registry,not in MULTI_GOV_HOSTS -- single-tenant vendor host,,,,,,,
tier3_long_meetings_deferred.txt,https://www.utah.gov/pmn/sitemap/notice/1102025.html,www.utah.gov,www.utah.gov,registry,not in MULTI_GOV_HOSTS -- single-tenant vendor host,,,,,,,
tier3_long_meetings_deferred.txt,https://www.utah.gov/pmn/sitemap/notice/1102211.html,www.utah.gov,www.utah.gov,registry,not in MULTI_GOV_HOSTS -- single-tenant vendor host,,,,,,,
tier3_long_meetings_deferred.txt,https://www.utah.gov/pmn/sitemap/notice/1104237.html,www.utah.gov,www.utah.gov,deferred-file-gov-id,gov_id already recorded in the deferred file,us:county:49043,,,,,,
tier3_long_meetings_deferred.txt,https://www.utah.gov/pmn/sitemap/notice/1100216.html,www.utah.gov,www.utah.gov,registry,not in MULTI_GOV_HOSTS -- single-tenant vendor host,,,,,,,
tier3_long_meetings_deferred.txt,https://www.utah.gov/pmn/sitemap/notice/1100571.html,www.utah.gov,www.utah.gov,deferred-file-gov-id,gov_id already recorded in the deferred file,us:place:4955980,,,,,,
tier3_long_meetings_deferred.txt,https://www.utah.gov/pmn/sitemap/notice/1099581.html,www.utah.gov,www.utah.gov,registry,not in MULTI_GOV_HOSTS -- single-tenant vendor host,,,,,,,
tier3_long_meetings_deferred.txt,https://www.utah.gov/pmn/sitemap/notice/1102017.html,www.utah.gov,www.utah.gov,registry,not in MULTI_GOV_HOSTS -- single-tenant vendor host,,,,,,,
tier3_long_meetings_deferred.txt,https://www.utah.gov/pmn/sitemap/notice/1103823.html,www.utah.gov,www.utah.gov,deferred-file-gov-id,gov_id already recorded in the deferred file,us:place:4920340,,,,,,
tier3_long_meetings_deferred.txt,https://www.utah.gov/pmn/sitemap/notice/1099817.html,www.utah.gov,www.utah.gov,registry,not in MULTI_GOV_HOSTS -- single-tenant vendor host,,,,,,,
tier3_long_meetings_deferred.txt,https://www.utah.gov/pmn/sitemap/notice/1097963.html,www.utah.gov,www.utah.gov,registry,not in MULTI_GOV_HOSTS -- single-tenant vendor host,,,,,,,
tier3_long_meetings_deferred.txt,https://www.utah.gov/pmn/sitemap/notice/1100348.html,www.utah.gov,www.utah.gov,registry,not in MULTI_GOV_HOSTS -- single-tenant vendor host,,,,,,,
tier3_long_meetings_deferred.txt,https://www.utah.gov/pmn/sitemap/notice/1102647.html,www.utah.gov,www.utah.gov,registry,not in MULTI_GOV_HOSTS -- single-tenant vendor host,,,,,,,
tier3_long_meetings_deferred.txt,https://www.utah.gov/pmn/sitemap/notice/1104653.html,www.utah.gov,www.utah.gov,registry,not in MULTI_GOV_HOSTS -- single-tenant vendor host,,,,,,,
tier3_long_meetings_deferred.txt,https://www.utah.gov/pmn/sitemap/notice/1101193.html,www.utah.gov,www.utah.gov,registry,not in MULTI_GOV_HOSTS -- single-tenant vendor host,,,,,,,
tier3_long_meetings_deferred.txt,https://www.utah.gov/pmn/sitemap/notice/1102893.html,www.utah.gov,www.utah.gov,registry,not in MULTI_GOV_HOSTS -- single-tenant vendor host,,,,,,,
tier3_long_meetings_deferred.txt,https://www.utah.gov/pmn/sitemap/notice/1102847.html,www.utah.gov,www.utah.gov,registry,not in MULTI_GOV_HOSTS -- single-tenant vendor host,,,,,,,
tier3_long_meetings_deferred.txt,https://www.utah.gov/pmn/sitemap/notice/1103117.html,www.utah.gov,www.utah.gov,registry,not in MULTI_GOV_HOSTS -- single-tenant vendor host,,,,,,,
tier3_long_meetings_deferred.txt,https://www.utah.gov/pmn/sitemap/notice/1102879.html,www.utah.gov,www.utah.gov,registry,not in MULTI_GOV_HOSTS -- single-tenant vendor host,,,,,,,
tier3_long_meetings_deferred.txt,https://www.utah.gov/pmn/sitemap/notice/1103767.html,www.utah.gov,www.utah.gov,registry,not in MULTI_GOV_HOSTS -- single-tenant vendor host,,,,,,,
tier3_long_meetings_deferred.txt,https://www.utah.gov/pmn/sitemap/notice/1102855.html,www.utah.gov,www.utah.gov,registry,not in MULTI_GOV_HOSTS -- single-tenant vendor host,,,,,,,
tier3_long_meetings_deferred.txt,https://www.utah.gov/pmn/sitemap/notice/1103189.html,www.utah.gov,www.utah.gov,registry,not in MULTI_GOV_HOSTS -- single-tenant vendor host,,,,,,,
tier3_long_meetings_deferred.txt,https://www.utah.gov/pmn/sitemap/notice/627707.html,www.utah.gov,www.utah.gov,deferred-file-gov-id,gov_id already recorded in the deferred file,us:county:49049,,,,,,
tier3_long_meetings_deferred.txt,https://www.utah.gov/pmn/sitemap/notice/1102255.html,www.utah.gov,www.utah.gov,registry,not in MULTI_GOV_HOSTS -- single-tenant vendor host,,,,,,,
tier3_long_meetings_deferred.txt,https://www.utah.gov/pmn/sitemap/notice/1102229.html,www.utah.gov,www.utah.gov,registry,not in MULTI_GOV_HOSTS -- single-tenant vendor host,,,,,,,
tier3_long_meetings_deferred.txt,https://www.utah.gov/pmn/sitemap/notice/1102959.html,www.utah.gov,www.utah.gov,registry,not in MULTI_GOV_HOSTS -- single-tenant vendor host,,,,,,,
tier3_long_meetings_deferred.txt,https://www.utah.gov/pmn/sitemap/notice/1091787.html,www.utah.gov,www.utah.gov,registry,not in MULTI_GOV_HOSTS -- single-tenant vendor host,,,,,,,
tier3_long_meetings_deferred.txt,https://www.utah.gov/pmn/sitemap/notice/1099215.html,www.utah.gov,www.utah.gov,deferred-file-gov-id,gov_id already recorded in the deferred file,us:sd:4900360,,,,,,
tier3_long_meetings_deferred.txt,https://www.utah.gov/pmn/sitemap/notice/1073815.html,www.utah.gov,www.utah.gov,deferred-file-gov-id,gov_id already recorded in the deferred file,us:sd:4900630,,,,,,
tier3_long_meetings_deferred.txt,https://www.utah.gov/pmn/sitemap/notice/1100019.html,www.utah.gov,www.utah.gov,registry,not in MULTI_GOV_HOSTS -- single-tenant vendor host,,,,,,,
tier3_long_meetings_deferred.txt,https://www.utah.gov/pmn/sitemap/notice/1099083.html,www.utah.gov,www.utah.gov,registry,not in MULTI_GOV_HOSTS -- single-tenant vendor host,,,,,,,
tier3_long_meetings_deferred.txt,https://www.utah.gov/pmn/sitemap/notice/1093955.html,www.utah.gov,www.utah.gov,registry,not in MULTI_GOV_HOSTS -- single-tenant vendor host,,,,,,,
tier3_long_meetings_deferred.txt,https://www.utah.gov/pmn/sitemap/notice/1103035.html,www.utah.gov,www.utah.gov,registry,not in MULTI_GOV_HOSTS -- single-tenant vendor host,,,,,,,
tier3_long_meetings_deferred.txt,https://www.utah.gov/pmn/sitemap/notice/1101425.html,www.utah.gov,www.utah.gov,registry,not in MULTI_GOV_HOSTS -- single-tenant vendor host,,,,,,,
tier3_long_meetings_deferred.txt,https://www.utah.gov/pmn/sitemap/notice/1100919.html,www.utah.gov,www.utah.gov,registry,not in MULTI_GOV_HOSTS -- single-tenant vendor host,,,,,,,
tier3_long_meetings_deferred.txt,https://www.utah.gov/pmn/sitemap/notice/1101279.html,www.utah.gov,www.utah.gov,registry,not in MULTI_GOV_HOSTS -- single-tenant vendor host,,,,,,,
tier3_long_meetings_deferred.txt,https://www.utah.gov/pmn/sitemap/notice/1104077.html,www.utah.gov,www.utah.gov,registry,not in MULTI_GOV_HOSTS -- single-tenant vendor host,,,,,,,
tier3_long_meetings_deferred.txt,https://www.utah.gov/pmn/sitemap/notice/1102425.html,www.utah.gov,www.utah.gov,registry,not in MULTI_GOV_HOSTS -- single-tenant vendor host,,,,,,,
tier3_long_meetings_deferred.txt,https://www.utah.gov/pmn/sitemap/notice/1095231.html,www.utah.gov,www.utah.gov,registry,not in MULTI_GOV_HOSTS -- single-tenant vendor host,,,,,,,
tier3_long_meetings_deferred.txt,https://www.utah.gov/pmn/sitemap/notice/1065055.html,www.utah.gov,www.utah.gov,registry,not in MULTI_GOV_HOSTS -- single-tenant vendor host,,,,,,,
tier3_long_meetings_deferred.txt,https://www.utah.gov/pmn/sitemap/notice/1072099.html,www.utah.gov,www.utah.gov,deferred-file-gov-id,gov_id already recorded in the deferred file,us:county:49049,,,,,,
tier3_long_meetings_deferred.txt,https://www.utah.gov/pmn/sitemap/notice/1067421.html,www.utah.gov,www.utah.gov,registry,not in MULTI_GOV_HOSTS -- single-tenant vendor host,,,,,,,
tier3_long_meetings_deferred.txt,https://www.utah.gov/pmn/sitemap/notice/1070287.html,www.utah.gov,www.utah.gov,deferred-file-gov-id,gov_id already recorded in the deferred file,us:county:49023,,,,,,
tier3_long_meetings_deferred.txt,https://www.utah.gov/pmn/sitemap/notice/1080247.html,www.utah.gov,www.utah.gov,deferred-file-gov-id,gov_id already recorded in the deferred file,us:county:49033,,,,,,
tier3_long_meetings_deferred.txt,https://www.utah.gov/pmn/sitemap/notice/1066957.html,www.utah.gov,www.utah.gov,deferred-file-gov-id,gov_id already recorded in the deferred file,us:place:4928810,,,,,,
tier3_long_meetings_deferred.txt,https://www.utah.gov/pmn/sitemap/notice/1064353.html,www.utah.gov,www.utah.gov,deferred-file-gov-id,gov_id already recorded in the deferred file,us:place:4952130,,,,,,
tier3_long_meetings_deferred.txt,https://www.utah.gov/pmn/sitemap/notice/1062445.html,www.utah.gov,www.utah.gov,deferred-file-gov-id,gov_id already recorded in the deferred file,us:place:4967000,,,,,,
tier3_long_meetings_deferred.txt,https://www.utah.gov/pmn/sitemap/notice/1067375.html,www.utah.gov,www.utah.gov,deferred-file-gov-id,gov_id already recorded in the deferred file,us:place:4980970,,,,,,
tier3_long_meetings_deferred.txt,https://www.utah.gov/pmn/sitemap/notice/1065915.html,www.utah.gov,www.utah.gov,registry,not in MULTI_GOV_HOSTS -- single-tenant vendor host,,,,,,,
tier3_long_meetings_deferred.txt,https://www.utah.gov/pmn/sitemap/notice/1068627.html,www.utah.gov,www.utah.gov,registry,not in MULTI_GOV_HOSTS -- single-tenant vendor host,,,,,,,
tier3_long_meetings_deferred.txt,https://www.utah.gov/pmn/sitemap/notice/1074091.html,www.utah.gov,www.utah.gov,registry,not in MULTI_GOV_HOSTS -- single-tenant vendor host,,,,,,,
tier3_long_meetings_deferred.txt,https://www.utah.gov/pmn/sitemap/notice/1064987.html,www.utah.gov,www.utah.gov,registry,not in MULTI_GOV_HOSTS -- single-tenant vendor host,,,,,,,
tier3_long_meetings_deferred.txt,https://www.utah.gov/pmn/sitemap/notice/1065923.html,www.utah.gov,www.utah.gov,registry,not in MULTI_GOV_HOSTS -- single-tenant vendor host,,,,,,,
tier3_long_meetings_deferred.txt,https://www.utah.gov/pmn/sitemap/notice/1065953.html,www.utah.gov,www.utah.gov,registry,not in MULTI_GOV_HOSTS -- single-tenant vendor host,,,,,,,
tier3_long_meetings_deferred.txt,https://www.utah.gov/pmn/sitemap/notice/1068391.html,www.utah.gov,www.utah.gov,registry,not in MULTI_GOV_HOSTS -- single-tenant vendor host,,,,,,,
tier3_long_meetings_deferred.txt,https://www.utah.gov/pmn/sitemap/notice/1053403.html,www.utah.gov,www.utah.gov,registry,not in MULTI_GOV_HOSTS -- single-tenant vendor host,,,,,,,
tier3_long_meetings_deferred.txt,https://www.utah.gov/pmn/sitemap/notice/1074791.html,www.utah.gov,www.utah.gov,registry,not in MULTI_GOV_HOSTS -- single-tenant vendor host,,,,,,,
tier3_long_meetings_deferred.txt,https://www.utah.gov/pmn/sitemap/notice/1077855.html,www.utah.gov,www.utah.gov,deferred-file-gov-id,gov_id already recorded in the deferred file,us:place:4977890,,,,,,
tier3_long_meetings_deferred.txt,https://www.utah.gov/pmn/sitemap/notice/1087761.html,www.utah.gov,www.utah.gov,registry,not in MULTI_GOV_HOSTS -- single-tenant vendor host,,,,,,,
tier3_long_meetings_deferred.txt,https://www.utah.gov/pmn/sitemap/notice/1088515.html,www.utah.gov,www.utah.gov,registry,not in MULTI_GOV_HOSTS -- single-tenant vendor host,,,,,,,
tier3_long_meetings_deferred.txt,https://www.utah.gov/pmn/sitemap/notice/1065107.html,www.utah.gov,www.utah.gov,deferred-file-gov-id,gov_id already recorded in the deferred file,us:county:49049,,,,,,
tier3_long_meetings_deferred.txt,https://www.utah.gov/pmn/sitemap/notice/1073251.html,www.utah.gov,www.utah.gov,registry,not in MULTI_GOV_HOSTS -- single-tenant vendor host,,,,,,,
tier3_long_meetings_deferred.txt,https://www.utah.gov/pmn/sitemap/notice/1066719.html,www.utah.gov,www.utah.gov,registry,not in MULTI_GOV_HOSTS -- single-tenant vendor host,,,,,,,
tier3_long_meetings_deferred.txt,https://www.utah.gov/pmn/sitemap/notice/1068535.html,www.utah.gov,www.utah.gov,registry,not in MULTI_GOV_HOSTS -- single-tenant vendor host,,,,,,,
tier3_long_meetings_deferred.txt,https://www.utah.gov/pmn/sitemap/notice/1064549.html,www.utah.gov,www.utah.gov,registry,not in MULTI_GOV_HOSTS -- single-tenant vendor host,,,,,,,
tier3_long_meetings_deferred.txt,https://www.utah.gov/pmn/sitemap/notice/1066677.html,www.utah.gov,www.utah.gov,registry,not in MULTI_GOV_HOSTS -- single-tenant vendor host,,,,,,,
tier3_long_meetings_deferred.txt,https://hugomn.granicus.com/MediaPlayer.php?view_id=1&clip_id=861,hugomn.granicus.com,granicus,deferred-file-gov-id,gov_id already recorded in the deferred file,us:place:2730392,,,,,,
tier3_long_meetings_deferred.txt,https://boxcast.tv/view/city-council-meeting-081926-kdhkjrwnostnrznx7yxy,boxcast.tv,boxcast.tv,deferred-file-gov-id,gov_id already recorded in the deferred file,us:place:3402080,https://www.acnj.gov/pages/meeting-recordings,,,,,
tier3_long_meetings_deferred.txt,https://brighton.civicweb.net/Portal/MeetingInformation.aspx?Id=1656,brighton.civicweb.net,brighton.civicweb.net,deferred-file-gov-id,gov_id already recorded in the deferred file,ca:csd:3514004,,,,,,
tier3_long_meetings_deferred.txt,https://cialbionmius.civicweb.net/Portal/MeetingInformation.aspx?Id=375,cialbionmius.civicweb.net,cialbionmius.civicweb.net,registry,not in MULTI_GOV_HOSTS -- single-tenant vendor host,,,,,,,
tier3_long_meetings_deferred.txt,https://cityofspringtown.civicweb.net/Portal/MeetingInformation.aspx?Id=2268,cityofspringtown.civicweb.net,cityofspringtown.civicweb.net,registry,not in MULTI_GOV_HOSTS -- single-tenant vendor host,,,,,,,
tier3_long_meetings_deferred.txt,https://clearwatercounty.civicweb.net/Portal/MeetingInformation.aspx?Id=490,clearwatercounty.civicweb.net,clearwatercounty.civicweb.net,deferred-file-gov-id,gov_id already recorded in the deferred file,ca:csd:4809002,,,,,,
tier3_long_meetings_deferred.txt,https://eastgwillimbury.civicweb.net/Portal/MeetingInformation.aspx?Id=2010,eastgwillimbury.civicweb.net,eastgwillimbury.civicweb.net,deferred-file-gov-id,gov_id already recorded in the deferred file,ca:csd:3519054,,,,,,
tier3_long_meetings_deferred.txt,https://georgianbay.civicweb.net/Portal/MeetingInformation.aspx?Id=1887,georgianbay.civicweb.net,georgianbay.civicweb.net,deferred-file-gov-id,gov_id already recorded in the deferred file,ca:csd:3544065,,,,,,
tier3_long_meetings_deferred.txt,https://greyhighlands.civicweb.net/Portal/MeetingInformation.aspx?Id=3178,greyhighlands.civicweb.net,greyhighlands.civicweb.net,deferred-file-gov-id,gov_id already recorded in the deferred file,ca:csd:3542015,,,,,,
tier3_long_meetings_deferred.txt,https://hubbardcounty.civicweb.net/Portal/MeetingInformation.aspx?Id=6037,hubbardcounty.civicweb.net,hubbardcounty.civicweb.net,deferred-file-gov-id,gov_id already recorded in the deferred file,us:county:27057,,,,,,
tier3_long_meetings_deferred.txt,https://montesereno.civicweb.net/Portal/MeetingInformation.aspx?Id=7472,montesereno.civicweb.net,montesereno.civicweb.net,deferred-file-gov-id,gov_id already recorded in the deferred file,us:place:0648956,,,,,,
tier3_long_meetings_deferred.txt,https://nelson.civicweb.net/Portal/MeetingInformation.aspx?Id=2083,nelson.civicweb.net,nelson.civicweb.net,deferred-file-gov-id,gov_id already recorded in the deferred file,ca:csd:5903015,,,,,,
tier3_long_meetings_deferred.txt,https://townofchenango.civicweb.net/Portal/MeetingInformation.aspx?Id=2287,townofchenango.civicweb.net,townofchenango.civicweb.net,deferred-file-gov-id,gov_id already recorded in the deferred file,us:cousub:3600715110,,,,,,
tier3_long_meetings_deferred.txt,https://umatilla.civicweb.net/Portal/MeetingInformation.aspx?Id=2339,umatilla.civicweb.net,umatilla.civicweb.net,deferred-file-gov-id,gov_id already recorded in the deferred file,us:place:4175650,,,,,,
tier3_long_meetings_deferred.txt,http://sancarlosca.iqm2.com/Citizens/SplitView.aspx?Mode=Video&MeetingID=1050&Format=Agenda,sancarlosca.iqm2.com,iqm2,deferred-file-gov-id,gov_id already recorded in the deferred file,us:place:0665070,,,,,,
tier3_long_meetings_deferred.txt,http://santapaulaca.iqm2.com/Citizens/SplitView.aspx?Mode=Video&MeetingID=1351&Format=Agenda,santapaulaca.iqm2.com,iqm2,deferred-file-gov-id,gov_id already recorded in the deferred file,us:place:0670042,,,,,,
tier3_long_meetings_deferred.txt,http://sfwmd.iqm2.com/Citizens/SplitView.aspx?Mode=Video&MeetingID=1598&Format=None&MediaFileFormat=wmv,sfwmd.iqm2.com,iqm2,deferred-file-gov-id,gov_id already recorded in the deferred file,rtr:us:fl:south-florida-water-management,,,,,,
tier3_long_meetings_deferred.txt,http://victoriacountytx.iqm2.com/Citizens/SplitView.aspx?Mode=Video&MeetingID=1314&MinutesID=1329&FileFormat=pdf&Format=Minutes&MediaFileFormat=mpeg4,victoriacountytx.iqm2.com,iqm2,deferred-file-gov-id,gov_id already recorded in the deferred file,us:county:48469,,,,,,
tier3_long_meetings_deferred.txt,http://wacocitytx.iqm2.com/Citizens/Detail_LegiFile.aspx?Frame=&MeetingID=3347&MediaPosition=2761.611&ID=8728&CssClass=,wacocitytx.iqm2.com,iqm2,deferred-file-gov-id,gov_id already recorded in the deferred file,us:place:4876000,,,,,,
tier3_long_meetings_deferred.txt,http://wappingertownny.iqm2.com/Citizens/Detail_LegiFile.aspx?Frame=&MeetingID=1563&MediaPosition=&ID=5704&CssClass=,wappingertownny.iqm2.com,iqm2,deferred-file-gov-id,gov_id already recorded in the deferred file,us:cousub:3602778157,,,,,,
tier3_long_meetings_deferred.txt,http://washingtoncountyva.iqm2.com/Citizens/Detail_LegiFile.aspx?Frame=&MeetingID=2231&MediaPosition=&ID=2391&CssClass=,washingtoncountyva.iqm2.com,iqm2,deferred-file-gov-id,gov_id already recorded in the deferred file,us:county:51191,,,,,,
tier3_long_meetings_deferred.txt,http://wentzvillemo.iqm2.com/Citizens/Detail_LegiFile.aspx?Frame=&MeetingID=2112&MediaPosition=&ID=7899&CssClass=,wentzvillemo.iqm2.com,iqm2,deferred-file-gov-id,gov_id already recorded in the deferred file,us:place:2978442,,,,,,
tier3_long_meetings_deferred.txt,http://westwendovernv.iqm2.com/Citizens/Detail_LegiFile.aspx?Frame=&MeetingID=2378&MediaPosition=7273.254&ID=2368&CssClass=,westwendovernv.iqm2.com,iqm2,deferred-file-gov-id,gov_id already recorded in the deferred file,us:place:3283730,,,,,,
tier3_long_meetings_deferred.txt,http://winchesterva.iqm2.com/Citizens/Detail_LegiFile.aspx?Frame=&MeetingID=1774&MediaPosition=&ID=2024&CssClass=,winchesterva.iqm2.com,iqm2,deferred-file-gov-id,gov_id already recorded in the deferred file,us:place:5186720,,,,,,
tier3_long_meetings_deferred.txt,https://santacruzcountyca.iqm2.com/Citizens/Detail_LegiFile.aspx?Frame=None&MeetingID=1881&MediaPosition=10535.215&ID=10968&CssClass=,santacruzcountyca.iqm2.com,iqm2,deferred-file-gov-id,gov_id already recorded in the deferred file,us:county:06087,,,,,,
tier3_long_meetings_deferred.txt,https://stcroixcountywi.iqm2.com/Citizens/Detail_LegiFile.aspx?Frame=&MeetingID=3661&MediaPosition=8924.113&ID=10801&CssClass=,stcroixcountywi.iqm2.com,iqm2,deferred-file-gov-id,gov_id already recorded in the deferred file,us:county:55109,,,,,,
tier3_long_meetings_deferred.txt,https://texarkanacitytx.iqm2.com/Citizens/Detail_LegiFile.aspx?Frame=&MeetingID=1079&MediaPosition=1944.848&ID=1545&CssClass=,texarkanacitytx.iqm2.com,iqm2,deferred-file-gov-id,gov_id already recorded in the deferred file,us:place:4872368,,,,,,
tier3_long_meetings_deferred.txt,https://tompkinscountyny.iqm2.com/Citizens/Detail_LegiFile.aspx?Frame=&MeetingID=4213&MediaPosition=&ID=13804&CssClass=,tompkinscountyny.iqm2.com,iqm2,deferred-file-gov-id,gov_id already recorded in the deferred file,us:county:36109,,,,,,
tier3_long_meetings_deferred.txt,https://yuccavalleyca.iqm2.com/Citizens/Detail_LegiFile.aspx?Frame=&MeetingID=1335&MediaPosition=2805.288&ID=2233&CssClass=,yuccavalleyca.iqm2.com,iqm2,deferred-file-gov-id,gov_id already recorded in the deferred file,us:place:0687056,,,,,,
tier3_long_meetings_deferred.txt,https://walworthcowi.portal.civicclerk.com/event/2599/media,walworthcowi.portal.civicclerk.com,civicclerk,deferred-file-gov-id,gov_id already recorded in the deferred file,us:place:5583250,,,,,,
tier3_long_meetings_deferred.txt,https://cosumnescommunityservices.portal.civicclerk.com/event/562/media,cosumnescommunityservices.portal.civicclerk.com,civicclerk,deferred-file-gov-id,gov_id already recorded in the deferred file,rtr:us:ca:cosumnes-community-services-district,,,,,,
tier3_long_meetings_deferred.txt,https://neoshomo.portal.civicclerk.com/event/1340/media,neoshomo.portal.civicclerk.com,civicclerk,deferred-file-gov-id,gov_id already recorded in the deferred file,us:place:2951572,,,,,,
tier3_long_meetings_deferred.txt,https://imperial.granicus.com/MediaPlayer.php?view_id=2&clip_id=2954,imperial.granicus.com,granicus,deferred-file-gov-id,gov_id already recorded in the deferred file,us:county:06025,,,,,,
tier3_long_meetings_deferred.txt,https://winchendon.cablecast.tv/CablecastPublicSite/gallery/5?site=1,winchendon.cablecast.tv,cablecast,deferred-file-gov-id,gov_id already recorded in the deferred file,us:cousub:2502780405,,,,,,
tier3_long_meetings_deferred.txt,https://boisecityid.iqm2.com/Citizens/Detail_Meeting.aspx?ID=5669,boisecityid.iqm2.com,iqm2,deferred-file-gov-id,gov_id already recorded in the deferred file,us:place:1608830,,,,,,
tier3_long_meetings_deferred.txt,https://agourahills.granicus.com/MediaPlayer.php?view_id=2&clip_id=2084,agourahills.granicus.com,granicus,deferred-file-gov-id,gov_id already recorded in the deferred file,us:place:0600394,,,,,,
tier3_long_meetings_deferred.txt,https://buffalony.iqm2.com/Citizens/Detail_Meeting.aspx?ID=3434,buffalony.iqm2.com,iqm2,deferred-file-gov-id,gov_id already recorded in the deferred file,us:place:3611000,,,,,,
tier3_long_meetings_deferred.txt,https://fishkilltownny.iqm2.com/Citizens/Detail_Meeting.aspx?ID=1932,fishkilltownny.iqm2.com,iqm2,deferred-file-gov-id,gov_id already recorded in the deferred file,us:cousub:3602725978,,,,,,
tier3_long_meetings_deferred.txt,https://bchd.granicus.com/MediaPlayer.php?view_id=2&clip_id=766,bchd.granicus.com,granicus,deferred-file-gov-id,gov_id already recorded in the deferred file,rtr:us:ca:beach-cities-health-district,,,,,,
tier3_long_meetings_deferred.txt,https://sanjoaquincountyca.iqm2.com/Citizens/Detail_Meeting.aspx?ID=2656,sanjoaquincountyca.iqm2.com,iqm2,deferred-file-gov-id,gov_id already recorded in the deferred file,us:county:06077,,,,,,
tier3_long_meetings_deferred.txt,https://washingtoncountyva.iqm2.com/Citizens/Detail_Meeting.aspx?ID=3494,washingtoncountyva.iqm2.com,iqm2,deferred-file-gov-id,gov_id already recorded in the deferred file,us:county:51191,,,,,,
tier3_long_meetings_deferred.txt,https://chanhassen.granicus.com/MediaPlayer.php?view_id=1&clip_id=2065,chanhassen.granicus.com,granicus,deferred-file-gov-id,gov_id already recorded in the deferred file,us:place:2710918,,,,,,
tier3_long_meetings_deferred.txt,https://pub-guelph.escribemeetings.com/Meeting.aspx?Id=77aa8796-b281-43d5-a540-833c5c73e18a,pub-guelph.escribemeetings.com,escribe,deferred-file-gov-id,gov_id already recorded in the deferred file,ca:csd:3523008,,,,,,
tier3_long_meetings_deferred.txt,https://johnson-county.granicus.com/MediaPlayer.php?view_id=1&clip_id=4241,johnson-county.granicus.com,granicus,deferred-file-gov-id,gov_id already recorded in the deferred file,us:county:19103,,,,,,
tier3_long_meetings_deferred.txt,https://metro.granicus.com/MediaPlayer.php?view_id=2&clip_id=4243,metro.granicus.com,granicus,deferred-file-gov-id,gov_id already recorded in the deferred file,rtr:us:ca:los-angeles-county-metropolitan-transportation-authority,,,,,,
tier3_long_meetings_deferred.txt,https://payson.granicus.com/MediaPlayer.php?view_id=2&clip_id=1271,payson.granicus.com,granicus,deferred-file-gov-id,gov_id already recorded in the deferred file,us:place:0453700,,,,,,
tier3_long_meetings_deferred.txt,https://samtrans.granicus.com/MediaPlayer.php?view_id=1&clip_id=1532,samtrans.granicus.com,granicus,registry,not in MULTI_GOV_HOSTS -- single-tenant vendor host,,,,,,,
tier3_long_meetings_deferred.txt,https://villagenpb.new.swagit.com/videos/399555,villagenpb.new.swagit.com,swagit,deferred-file-gov-id,gov_id already recorded in the deferred file,us:place:1249600,,,,,,
tier3_long_meetings_deferred.txt,https://winterparkfl.portal.civicclerk.com/event/2729/media,winterparkfl.portal.civicclerk.com,civicclerk,deferred-file-gov-id,gov_id already recorded in the deferred file,us:place:1278300,,,,,,
tier3_long_meetings_deferred.txt,http://agawamvod.cablecast.tv/internetchannel/show/2894?site=1,agawamvod.cablecast.tv,cablecast,deferred-file-gov-id,gov_id already recorded in the deferred file,rtr:unknown:agawamvod.cablecast.tv,,,,,,
tier3_long_meetings_deferred.txt,https://westfargond.portal.civicclerk.com/event/1044/media,westfargond.portal.civicclerk.com,civicclerk,deferred-file-gov-id,gov_id already recorded in the deferred file,us:place:3884780,,,,,,
tier3_long_meetings_deferred.txt,https://centervilleut.portal.civicclerk.com/event/1700/media,centervilleut.portal.civicclerk.com,civicclerk,deferred-file-gov-id,gov_id already recorded in the deferred file,us:place:4911980,,,,,,
tier3_long_meetings_deferred.txt,https://tustin.granicus.com/ViewPublisher.php?view_id=5,tustin.granicus.com,granicus,deferred-file-gov-id,gov_id already recorded in the deferred file,us:place:0680854,https://www.tustinca.org/282/Meetings-Agendas,,,,,
tier3_long_meetings_deferred.txt,https://southelmonteca.portal.civicclerk.com/event/582/media,southelmonteca.portal.civicclerk.com,civicclerk,deferred-file-gov-id,gov_id already recorded in the deferred file,us:place:0672996,https://www.cityofsouthelmonte.org/129/Meeting-Agendas-Minutes,,,,,
tier3_long_meetings_deferred.txt,https://eagle-id.granicus.com/ViewPublisher.php?view_id=1,eagle-id.granicus.com,granicus,deferred-file-gov-id,gov_id already recorded in the deferred file,us:place:1623410,https://www.cityofeagle.org/,,,,,
tier3_long_meetings_deferred.txt,https://player.vimeo.com/video/504411836?h=1dfeda2344,player.vimeo.com,vimeo,deferred-file-gov-id,gov_id already recorded in the deferred file,us:place:0654274,https://www.boroughofroselle.com/government/media/videos.php,,,,,
tier3_long_meetings_deferred.txt,https://kaysvilleut.portal.civicclerk.com/event/1264/media,kaysvilleut.portal.civicclerk.com,civicclerk,deferred-file-gov-id,gov_id already recorded in the deferred file,us:place:4940360,,,,,,
tier3_long_meetings_deferred.txt,https://summitcounty.granicus.com/player/clip/1286,summitcounty.granicus.com,granicus,deferred-file-gov-id,gov_id already recorded in the deferred file,us:county:49043,,,,,,
tier3_long_meetings_deferred.txt,https://hebercityut.portal.civicclerk.com/event/527/media,hebercityut.portal.civicclerk.com,civicclerk,deferred-file-gov-id,gov_id already recorded in the deferred file,us:place:4934200,,,,,,
tier3_long_meetings_deferred.txt,https://parkcityut.portal.civicclerk.com/event/3931/media,parkcityut.portal.civicclerk.com,civicclerk,deferred-file-gov-id,gov_id already recorded in the deferred file,us:place:4958070,,,,,,
tier3_long_meetings_deferred.txt,https://wasatchcout.portal.civicclerk.com/event/1618/media,wasatchcout.portal.civicclerk.com,civicclerk,deferred-file-gov-id,gov_id already recorded in the deferred file,us:county:49051,,,,,,
tier3_long_meetings_deferred.txt,https://wasatchcout.portal.civicclerk.com/event/1619/media,wasatchcout.portal.civicclerk.com,civicclerk,deferred-file-gov-id,gov_id already recorded in the deferred file,us:county:49051,,,,,,
tier3_long_meetings_deferred.txt,https://wasatchcout.portal.civicclerk.com/event/1620/media,wasatchcout.portal.civicclerk.com,civicclerk,deferred-file-gov-id,gov_id already recorded in the deferred file,us:county:49051,,,,,,
tier3_long_meetings_deferred.txt,https://wasatchcout.portal.civicclerk.com/event/1812/media,wasatchcout.portal.civicclerk.com,civicclerk,deferred-file-gov-id,gov_id already recorded in the deferred file,us:county:49051,,,,,,
tier3_long_meetings_deferred.txt,https://wasatchcout.portal.civicclerk.com/event/1621/media,wasatchcout.portal.civicclerk.com,civicclerk,deferred-file-gov-id,gov_id already recorded in the deferred file,us:county:49051,,,,,,
tier3_long_meetings_deferred.txt,https://churchillconv.portal.civicclerk.com/event/4000/media,churchillconv.portal.civicclerk.com,civicclerk,deferred-file-gov-id,gov_id already recorded in the deferred file,us:county:32001,https://churchillcountynv.gov,,,,,
tier3_long_meetings_deferred.txt,https://churchillconv.portal.civicclerk.com/event/3990/media,churchillconv.portal.civicclerk.com,civicclerk,deferred-file-gov-id,gov_id already recorded in the deferred file,us:county:32001,https://churchillcountynv.gov,,,,,
tier3_long_meetings_deferred.txt,https://churchillconv.portal.civicclerk.com/event/3900/media,churchillconv.portal.civicclerk.com,civicclerk,deferred-file-gov-id,gov_id already recorded in the deferred file,us:county:32001,https://churchillcountynv.gov,,,,,
tier3_long_meetings_deferred.txt,https://churchillconv.portal.civicclerk.com/event/3850/media,churchillconv.portal.civicclerk.com,civicclerk,deferred-file-gov-id,gov_id already recorded in the deferred file,us:county:32001,https://churchillcountynv.gov,,,,,
tier3_long_meetings_deferred.txt,https://cityofstamford.granicus.com/MediaPlayer.php?view_id=2&clip_id=9691,cityofstamford.granicus.com,granicus,deferred-file-gov-id,gov_id already recorded in the deferred file,us:place:0973000,,,,,,
tier3_long_meetings_deferred.txt,https://bocaraton.granicus.com/MediaPlayer.php?view_id=3&clip_id=546,bocaraton.granicus.com,granicus,deferred-file-gov-id,gov_id already recorded in the deferred file,us:place:1207300,,,,,,
tier3_long_meetings_deferred.txt,https://coralgables.granicus.com/MediaPlayer.php?view_id=2&clip_id=4044,coralgables.granicus.com,granicus,deferred-file-gov-id,gov_id already recorded in the deferred file,us:place:1214250,,,,,,
tier3_long_meetings_deferred.txt,https://cityofdoral.granicus.com/MediaPlayer.php?view_id=2&clip_id=848,cityofdoral.granicus.com,granicus,deferred-file-gov-id,gov_id already recorded in the deferred file,us:place:1217935,,,,,,
tier3_long_meetings_deferred.txt,https://dunnellon.granicus.com/MediaPlayer.php?view_id=1&clip_id=561,dunnellon.granicus.com,granicus,deferred-file-gov-id,gov_id already recorded in the deferred file,us:place:1218675,,,,,,
tier3_long_meetings_deferred.txt,https://citynmb.granicus.com/MediaPlayer.php?view_id=1&clip_id=2042,citynmb.granicus.com,granicus,deferred-file-gov-id,gov_id already recorded in the deferred file,us:place:1249475,,,,,,
tier3_long_meetings_deferred.txt,https://pinecrest.granicus.com/MediaPlayer.php?view_id=2&clip_id=834,pinecrest.granicus.com,granicus,deferred-file-gov-id,gov_id already recorded in the deferred file,us:place:1256625,,,,,,
tier3_long_meetings_deferred.txt,https://pompano.granicus.com/MediaPlayer.php?view_id=2&clip_id=2651,pompano.granicus.com,granicus,deferred-file-gov-id,gov_id already recorded in the deferred file,us:place:1258050,,,,,,
tier3_long_meetings_deferred.txt,https://puntagorda.granicus.com/MediaPlayer.php?view_id=1&clip_id=1371,puntagorda.granicus.com,granicus,deferred-file-gov-id,gov_id already recorded in the deferred file,us:place:1259200,,,,,,
tier3_long_meetings_deferred.txt,https://mysanibel.granicus.com/MediaPlayer.php?view_id=1&clip_id=2696,mysanibel.granicus.com,granicus,deferred-file-gov-id,gov_id already recorded in the deferred file,us:place:1263700,,,,,,
tier3_long_meetings_deferred.txt,https://townofsurfsidefl.granicus.com/MediaPlayer.php?view_id=1&clip_id=542,townofsurfsidefl.granicus.com,granicus,deferred-file-gov-id,gov_id already recorded in the deferred file,us:place:1270075,,,,,,
tier3_long_meetings_deferred.txt,https://brevardfl.granicus.com/MediaPlayer.php?view_id=1&clip_id=638,brevardfl.granicus.com,granicus,deferred-file-gov-id,gov_id already recorded in the deferred file,us:county:12009,,,,,,
tier3_long_meetings_deferred.txt,https://hernandoschools.granicus.com/MediaPlayer.php?view_id=1&clip_id=472,hernandoschools.granicus.com,granicus,deferred-file-gov-id,gov_id already recorded in the deferred file,us:county:12053,,,,,,
tier3_long_meetings_deferred.txt,https://manateeschools.granicus.com/MediaPlayer.php?view_id=1&clip_id=346,manateeschools.granicus.com,granicus,deferred-file-gov-id,gov_id already recorded in the deferred file,us:sd:1201230,,,,,,
tier3_long_meetings_deferred.txt,https://nassaufl.granicus.com/MediaPlayer.php?view_id=2&clip_id=2416,nassaufl.granicus.com,granicus,deferred-file-gov-id,gov_id already recorded in the deferred file,us:county:12089,,,,,,
tier3_long_meetings_deferred.txt,https://mauicounty.granicus.com/MediaPlayer.php?view_id=1&clip_id=2490,mauicounty.granicus.com,granicus,deferred-file-gov-id,gov_id already recorded in the deferred file,us:county:15009,,,,,,
tier3_long_meetings_deferred.txt,https://johnson-county.granicus.com/MediaPlayer.php?view_id=1&clip_id=4246,johnson-county.granicus.com,granicus,deferred-file-gov-id,gov_id already recorded in the deferred file,us:county:19103,,,,,,
tier3_long_meetings_deferred.txt,https://cityofmalden.granicus.com/MediaPlayer.php?view_id=2&clip_id=275,cityofmalden.granicus.com,granicus,deferred-file-gov-id,gov_id already recorded in the deferred file,us:place:2537875,,,,,,
tier3_long_meetings_deferred.txt,https://ravalli-mt.granicus.com/MediaPlayer.php?view_id=1&clip_id=2559,ravalli-mt.granicus.com,granicus,deferred-file-gov-id,gov_id already recorded in the deferred file,us:county:30081,,,,,,
tier3_long_meetings_deferred.txt,https://cityofstillwater.granicus.com/MediaPlayer.php?view_id=3&clip_id=1895,cityofstillwater.granicus.com,granicus,deferred-file-gov-id,gov_id already recorded in the deferred file,us:place:2762824,,,,,,
tier3_long_meetings_deferred.txt,https://ashecounty.granicus.com/MediaPlayer.php?view_id=2&clip_id=678,ashecounty.granicus.com,granicus,deferred-file-gov-id,gov_id already recorded in the deferred file,us:county:37009,,,,,,
tier3_long_meetings_deferred.txt,https://chathamnc.granicus.com/MediaPlayer.php?view_id=2&clip_id=576,chathamnc.granicus.com,granicus,deferred-file-gov-id,gov_id already recorded in the deferred file,us:county:37037,,,,,,
tier3_long_meetings_deferred.txt,https://mecklenburg.granicus.com/MediaPlayer.php?view_id=2&clip_id=3281,mecklenburg.granicus.com,granicus,deferred-file-gov-id,gov_id already recorded in the deferred file,us:county:37119,,,,,,
tier3_long_meetings_deferred.txt,https://chemungny.granicus.com/MediaPlayer.php?view_id=1&clip_id=878,chemungny.granicus.com,granicus,deferred-file-gov-id,gov_id already recorded in the deferred file,us:county:36015,,,,,,
tier3_long_meetings_deferred.txt,https://sullivancountyny.granicus.com/MediaPlayer.php?view_id=1&clip_id=2239,sullivancountyny.granicus.com,granicus,deferred-file-gov-id,gov_id already recorded in the deferred file,us:county:36105,,,,,,
tier3_long_meetings_deferred.txt,https://allegheny.granicus.com/MediaPlayer.php?view_id=2&clip_id=1052,allegheny.granicus.com,granicus,deferred-file-gov-id,gov_id already recorded in the deferred file,us:county:42003,,,,,,
tier3_long_meetings_deferred.txt,https://lackawanna.granicus.com/MediaPlayer.php?view_id=2&clip_id=503,lackawanna.granicus.com,granicus,deferred-file-gov-id,gov_id already recorded in the deferred file,us:county:42069,,,,,,
tier3_long_meetings_deferred.txt,https://ashland-va.granicus.com/MediaPlayer.php?view_id=1&clip_id=1790,ashland-va.granicus.com,granicus,deferred-file-gov-id,gov_id already recorded in the deferred file,us:place:5103368,,,,,,
tier3_long_meetings_deferred.txt,https://fallschurch-va.granicus.com/MediaPlayer.php?view_id=2&clip_id=3513,fallschurch-va.granicus.com,granicus,deferred-file-gov-id,gov_id already recorded in the deferred file,us:place:5127200,,,,,,
tier3_long_meetings_deferred.txt,https://leesburgva.granicus.com/MediaPlayer.php?view_id=2&clip_id=2981,leesburgva.granicus.com,granicus,deferred-file-gov-id,gov_id already recorded in the deferred file,us:place:5144984,,,,,,
tier3_long_meetings_deferred.txt,https://richmondva.granicus.com/MediaPlayer.php?view_id=1&clip_id=5000,richmondva.granicus.com,granicus,deferred-file-gov-id,gov_id already recorded in the deferred file,us:place:5167000,,,,,,
tier3_long_meetings_deferred.txt,https://vienna-va.granicus.com/MediaPlayer.php?view_id=1&clip_id=1994,vienna-va.granicus.com,granicus,deferred-file-gov-id,gov_id already recorded in the deferred file,us:place:5181072,,,,,,
tier3_long_meetings_deferred.txt,https://clallam.granicus.com/MediaPlayer.php?view_id=2&clip_id=2181,clallam.granicus.com,granicus,deferred-file-gov-id,gov_id already recorded in the deferred file,us:county:53009,,,,,,
tier3_long_meetings_deferred.txt,https://whatcom.granicus.com/MediaPlayer.php?view_id=1&clip_id=1569,whatcom.granicus.com,granicus,deferred-file-gov-id,gov_id already recorded in the deferred file,us:county:53073,,,,,,
tier3_long_meetings_deferred.txt,https://longview-wa.granicus.com/MediaPlayer.php?view_id=2&clip_id=207,longview-wa.granicus.com,granicus,deferred-file-gov-id,gov_id already recorded in the deferred file,us:place:5340245,,,,,,
tier3_long_meetings_deferred.txt,https://marysville.granicus.com/MediaPlayer.php?view_id=2&clip_id=664,marysville.granicus.com,granicus,deferred-file-gov-id,gov_id already recorded in the deferred file,us:place:5343955,,,,,,
tier3_long_meetings_deferred.txt,https://mukilteo-wa.granicus.com/MediaPlayer.php?view_id=2&clip_id=2022,mukilteo-wa.granicus.com,granicus,deferred-file-gov-id,gov_id already recorded in the deferred file,us:place:5347735,,,,,,
tier3_long_meetings_deferred.txt,https://olympia.granicus.com/MediaPlayer.php?view_id=2&clip_id=3013,olympia.granicus.com,granicus,deferred-file-gov-id,gov_id already recorded in the deferred file,us:place:5351300,,,,,,
tier3_long_meetings_deferred.txt,https://cityofpt.granicus.com/MediaPlayer.php?view_id=2&clip_id=3908,cityofpt.granicus.com,granicus,deferred-file-gov-id,gov_id already recorded in the deferred file,us:place:5355855,,,,,,
tier3_long_meetings_deferred.txt,https://redmond.granicus.com/MediaPlayer.php?view_id=2&clip_id=3405,redmond.granicus.com,granicus,deferred-file-gov-id,gov_id already recorded in the deferred file,rtr:us:wa:redmond,,,,,,
tier3_long_meetings_deferred.txt,https://sequim-wa.granicus.com/MediaPlayer.php?view_id=1&clip_id=723,sequim-wa.granicus.com,granicus,deferred-file-gov-id,gov_id already recorded in the deferred file,us:place:5363385,,,,,,
tier3_long_meetings_deferred.txt,https://snohomish.granicus.com/MediaPlayer.php?view_id=2&clip_id=9292,snohomish.granicus.com,granicus,deferred-file-gov-id,gov_id already recorded in the deferred file,us:county:53061,,,,,,
tier3_long_meetings_deferred.txt,https://cityoftacoma.granicus.com/MediaPlayer.php?view_id=2&clip_id=7795,cityoftacoma.granicus.com,granicus,deferred-file-gov-id,gov_id already recorded in the deferred file,us:place:5370000,,,,,,
tier3_long_meetings_deferred.txt,https://sauk.granicus.com/MediaPlayer.php?view_id=2&clip_id=2950,sauk.granicus.com,granicus,deferred-file-gov-id,gov_id already recorded in the deferred file,us:county:55111,,,,,,
tier3_long_meetings_deferred.txt,https://lincolnri.portal.civicclerk.com/event/5463/media,lincolnri.portal.civicclerk.com,civicclerk,deferred-file-gov-id,gov_id already recorded in the deferred file,us:cousub:4400741500,https://www.lincolnri.gov,,,,,
tier3_long_meetings_deferred.txt,https://ryeny.new.swagit.com/videos/80201,ryeny.new.swagit.com,swagit,deferred-file-gov-id,gov_id already recorded in the deferred file,us:place:3664309,,,,,,
tier3_long_meetings_deferred.txt,https://sachsetx.new.swagit.com/videos/01192022-801,sachsetx.new.swagit.com,swagit,deferred-file-gov-id,gov_id already recorded in the deferred file,us:place:4864064,,,,,,
tier3_long_meetings_deferred.txt,https://salem.cablecast.tv/internetchannel/show/19115,salem.cablecast.tv,cablecast,registry,not in MULTI_GOV_HOSTS -- single-tenant vendor host,,,,,,,
tier3_long_meetings_deferred.txt,https://sanbenitotx.new.swagit.com/videos/135693,sanbenitotx.new.swagit.com,swagit,deferred-file-gov-id,gov_id already recorded in the deferred file,us:place:4865036,,,,,,
tier3_long_meetings_deferred.txt,https://sanjoseca.new.swagit.com/videos/304643,sanjoseca.new.swagit.com,swagit,deferred-file-gov-id,gov_id already recorded in the deferred file,us:place:0668000,,,,,,
tier3_long_meetings_deferred.txt,https://sanpatriciocountytx.new.swagit.com/videos/353476,sanpatriciocountytx.new.swagit.com,swagit,deferred-file-gov-id,gov_id already recorded in the deferred file,us:county:48409,,,,,,
tier3_long_meetings_deferred.txt,https://sapatv.cablecast.tv/internetchannel/show/35396?site=2,sapatv.cablecast.tv,cablecast,deferred-file-gov-id,gov_id already recorded in the deferred file,rtr:unknown:sapatv.cablecast.tv,,,,,,
tier3_long_meetings_deferred.txt,https://scarsdaleny.new.swagit.com/videos/249667,scarsdaleny.new.swagit.com,swagit,deferred-file-gov-id,gov_id already recorded in the deferred file,us:place:3665431,,,,,,
tier3_long_meetings_deferred.txt,https://sccoe.new.swagit.com/videos/247894/transcript,sccoe.new.swagit.com,swagit,deferred-file-gov-id,gov_id already recorded in the deferred file,us:county:06085,,,,,,
tier3_long_meetings_deferred.txt,https://sccwi.portal.civicclerk.com/event/923/media,sccwi.portal.civicclerk.com,civicclerk,deferred-file-gov-id,gov_id already recorded in the deferred file,us:county:55109,,,,,,
tier3_long_meetings_deferred.txt,https://scgtv.new.swagit.com/videos/27666,scgtv.new.swagit.com,swagit,deferred-file-gov-id,gov_id already recorded in the deferred file,rtr:unknown:scgtv.new.swagit.com,,,,,,
tier3_long_meetings_deferred.txt,https://schertztx.new.swagit.com/videos/381442,schertztx.new.swagit.com,swagit,deferred-file-gov-id,gov_id already recorded in the deferred file,us:place:4866128,,,,,,
tier3_long_meetings_deferred.txt,https://seasideheightsnj.new.swagit.com/videos/267408/download_section,seasideheightsnj.new.swagit.com,swagit,deferred-file-gov-id,gov_id already recorded in the deferred file,us:place:3466450,,,,,,
tier3_long_meetings_deferred.txt,https://sedonaaz.new.swagit.com/videos/06302022-516,sedonaaz.new.swagit.com,swagit,deferred-file-gov-id,gov_id already recorded in the deferred file,us:place:0465350,,,,,,
tier3_long_meetings_deferred.txt,https://sedrowoolleywa.portal.civicclerk.com/event/184/media,sedrowoolleywa.portal.civicclerk.com,civicclerk,deferred-file-gov-id,gov_id already recorded in the deferred file,us:place:5363210,,,,,,
tier3_long_meetings_deferred.txt,https://sewardcountyks.new.swagit.com/videos/364518,sewardcountyks.new.swagit.com,swagit,deferred-file-gov-id,gov_id already recorded in the deferred file,us:county:20175,,,,,,
tier3_long_meetings_deferred.txt,https://albanyca.granicus.com/MediaPlayer.php?view_id=2&clip_id=2731,albanyca.granicus.com,granicus,deferred-file-gov-id,gov_id already recorded in the deferred file,us:place:0600674,,,,,,
tier3_long_meetings_deferred.txt,https://arvin.granicus.com/MediaPlayer.php?view_id=2&clip_id=346,arvin.granicus.com,granicus,deferred-file-gov-id,gov_id already recorded in the deferred file,us:place:0602924,,,,,,
tier3_long_meetings_deferred.txt,https://atherton.primegov.com/Portal/Meeting?meetingTemplateId=2464,atherton.primegov.com,atherton.primegov.com,deferred-file-gov-id,gov_id already recorded in the deferred file,us:place:0603092,,,,,,
tier3_long_meetings_deferred.txt,https://auburn.granicus.com/MediaPlayer.php?view_id=1&clip_id=1687,auburn.granicus.com,granicus,deferred-file-gov-id,gov_id already recorded in the deferred file,us:place:0603204,,,,,,
tier3_long_meetings_deferred.txt,https://bcnv.primegov.com/Portal/Meeting?meetingTemplateId=3504,bcnv.primegov.com,bcnv.primegov.com,deferred-file-gov-id,gov_id already recorded in the deferred file,us:place:3206500,,,,,,
tier3_long_meetings_deferred.txt,https://belleplaine.granicus.com/MediaPlayer.php?view_id=2&clip_id=954,belleplaine.granicus.com,granicus,deferred-file-gov-id,gov_id already recorded in the deferred file,us:place:2704834,,,,,,
tier3_long_meetings_deferred.txt,https://berkeley.granicus.com/MediaPlayer.php?view_id=2&clip_id=5700,berkeley.granicus.com,granicus,deferred-file-gov-id,gov_id already recorded in the deferred file,us:place:0606000,,,,,,
tier3_long_meetings_deferred.txt,https://brokenarrow.granicus.com/MediaPlayer.php?view_id=2&clip_id=2614,brokenarrow.granicus.com,granicus,deferred-file-gov-id,gov_id already recorded in the deferred file,us:place:4009050,,,,,,
tier3_long_meetings_deferred.txt,https://brunswick-md.granicus.com/MediaPlayer.php?view_id=2&clip_id=650,brunswick-md.granicus.com,granicus,deferred-file-gov-id,gov_id already recorded in the deferred file,us:place:2410900,,,,,,
tier3_long_meetings_deferred.txt,https://buttecoca.portal.civicclerk.com/event/1078/media,buttecoca.portal.civicclerk.com,civicclerk,deferred-file-gov-id,gov_id already recorded in the deferred file,us:county:06007,,,,,,
tier3_long_meetings_deferred.txt,https://californiacity.granicus.com/MediaPlayer.php?view_id=1&clip_id=603,californiacity.granicus.com,granicus,deferred-file-gov-id,gov_id already recorded in the deferred file,us:place:0609780,,,,,,
tier3_long_meetings_deferred.txt,https://calumetcounty.civicweb.net/Portal/MeetingInformation.aspx?Id=3281,calumetcounty.civicweb.net,calumetcounty.civicweb.net,deferred-file-gov-id,gov_id already recorded in the deferred file,us:county:55015,,,,,,
tier3_long_meetings_deferred.txt,https://camarillo.primegov.com/Portal/Meeting?meetingTemplateId=7030,camarillo.primegov.com,camarillo.primegov.com,deferred-file-gov-id,gov_id already recorded in the deferred file,us:place:0610046,,,,,,
tier3_long_meetings_deferred.txt,https://carpinteria.granicus.com/MediaPlayer.php?view_id=2&clip_id=1783,carpinteria.granicus.com,granicus,deferred-file-gov-id,gov_id already recorded in the deferred file,us:place:0611446,,,,,,
tier3_long_meetings_deferred.txt,https://casselberryfl.portal.civicclerk.com/event/524/media,casselberryfl.portal.civicclerk.com,civicclerk,deferred-file-gov-id,gov_id already recorded in the deferred file,us:place:1211050,,,,,,
tier3_long_meetings_deferred.txt,https://cathedralcity.granicus.com/MediaPlayer.php?view_id=2&clip_id=2898,cathedralcity.granicus.com,granicus,deferred-file-gov-id,gov_id already recorded in the deferred file,us:place:0612048,,,,,,
tier3_long_meetings_deferred.txt,https://chaffeecoco.portal.civicclerk.com/event/1671/media,chaffeecoco.portal.civicclerk.com,civicclerk,deferred-file-gov-id,gov_id already recorded in the deferred file,us:county:08015,,,,,,
tier3_long_meetings_deferred.txt,https://charlestonwv.portal.civicclerk.com/event/3736/media,charlestonwv.portal.civicclerk.com,civicclerk,deferred-file-gov-id,gov_id already recorded in the deferred file,us:place:5414600,,,,,,
tier3_long_meetings_deferred.txt,https://chinohills.granicus.com/MediaPlayer.php?view_id=2&clip_id=702,chinohills.granicus.com,granicus,deferred-file-gov-id,gov_id already recorded in the deferred file,us:place:0613214,,,,,,
tier3_long_meetings_deferred.txt,https://churchillconv.portal.civicclerk.com/event/4243/media,churchillconv.portal.civicclerk.com,civicclerk,deferred-file-gov-id,gov_id already recorded in the deferred file,us:county:32001,,,,,,
tier3_long_meetings_deferred.txt,https://citwentynine-palmsca.civicweb.net/Portal/MeetingInformation.aspx?Id=10712,citwentynine-palmsca.civicweb.net,citwentynine-palmsca.civicweb.net,deferred-file-gov-id,gov_id already recorded in the deferred file,us:place:0680994,,,,,,
tier3_long_meetings_deferred.txt,https://cityofdhs.civicweb.net/Portal/MeetingInformation.aspx?Id=4455,cityofdhs.civicweb.net,cityofdhs.civicweb.net,deferred-file-gov-id,gov_id already recorded in the deferred file,us:place:0618996,,,,,,
tier3_long_meetings_deferred.txt,https://cityoflamirada.granicus.com/MediaPlayer.php?view_id=1&clip_id=769,cityoflamirada.granicus.com,granicus,deferred-file-gov-id,gov_id already recorded in the deferred file,us:place:0640032,,,,,,
tier3_long_meetings_deferred.txt,https://cityoflawton.granicus.com/MediaPlayer.php?view_id=1&clip_id=2104,cityoflawton.granicus.com,granicus,deferred-file-gov-id,gov_id already recorded in the deferred file,us:place:4041850,,,,,,
tier3_long_meetings_deferred.txt,https://cityofmerced.granicus.com/MediaPlayer.php?view_id=1&clip_id=1153,cityofmerced.granicus.com,granicus,deferred-file-gov-id,gov_id already recorded in the deferred file,us:place:0646898,,,,,,
tier3_long_meetings_deferred.txt,https://cityoforange.granicus.com/MediaPlayer.php?view_id=2&clip_id=1037,cityoforange.granicus.com,granicus,deferred-file-gov-id,gov_id already recorded in the deferred file,us:place:0653980,,,,,,
tier3_long_meetings_deferred.txt,https://cityofoviedo.primegov.com/Portal/Meeting?meetingTemplateId=10905,cityofoviedo.primegov.com,cityofoviedo.primegov.com,deferred-file-gov-id,gov_id already recorded in the deferred file,us:place:1253575,,,,,,
tier3_long_meetings_deferred.txt,https://cityofrehoboth.civicweb.net/Portal/MeetingInformation.aspx?Id=14580,cityofrehoboth.civicweb.net,cityofrehoboth.civicweb.net,deferred-file-gov-id,gov_id already recorded in the deferred file,us:place:1060290,,,,,,
tier3_long_meetings_deferred.txt,https://cityofrsm.granicus.com/MediaPlayer.php?view_id=2&clip_id=979,cityofrsm.granicus.com,granicus,deferred-file-gov-id,gov_id already recorded in the deferred file,us:place:0659587,,,,,,
tier3_long_meetings_deferred.txt,https://cityofventura.granicus.com/MediaPlayer.php?view_id=2&clip_id=2917,cityofventura.granicus.com,granicus,deferred-file-gov-id,gov_id already recorded in the deferred file,us:place:0665042,,,,,,
tier3_long_meetings_deferred.txt,https://claremontca.granicus.com/MediaPlayer.php?view_id=2&clip_id=1912,claremontca.granicus.com,granicus,deferred-file-gov-id,gov_id already recorded in the deferred file,us:place:0613756,,,,,,
tier3_long_meetings_deferred.txt,https://cobergennj.granicus.com/MediaPlayer.php?view_id=1&clip_id=428,cobergennj.granicus.com,granicus,deferred-file-gov-id,gov_id already recorded in the deferred file,us:county:34003,,,,,,
tier3_long_meetings_deferred.txt,https://costamesa.granicus.com/MediaPlayer.php?view_id=4&clip_id=4427,costamesa.granicus.com,granicus,deferred-file-gov-id,gov_id already recorded in the deferred file,us:place:0616532,,,,,,
tier3_long_meetings_deferred.txt,https://danvilleva.portal.civicclerk.com/event/2582/media,danvilleva.portal.civicclerk.com,civicclerk,deferred-file-gov-id,gov_id already recorded in the deferred file,us:place:5121344,,,,,,
tier3_long_meetings_deferred.txt,https://eagle-id.granicus.com/MediaPlayer.php?view_id=1&clip_id=2294,eagle-id.granicus.com,granicus,deferred-file-gov-id,gov_id already recorded in the deferred file,us:place:1623410,,,,,,
tier3_long_meetings_deferred.txt,https://emeryville.granicus.com/MediaPlayer.php?view_id=3&clip_id=2707,emeryville.granicus.com,granicus,deferred-file-gov-id,gov_id already recorded in the deferred file,us:place:0622594,,,,,,
tier3_long_meetings_deferred.txt,https://huntingtonpark.granicus.com/player/clip/566?view_id=2,huntingtonpark.granicus.com,granicus,deferred-file-gov-id,gov_id already recorded in the deferred file,rtr:us:ca:huntington-park,,,,,,
tier3_long_meetings_deferred.txt,https://buttecoca.portal.civicclerk.com/event/140/media,buttecoca.portal.civicclerk.com,civicclerk,deferred-file-gov-id,gov_id already recorded in the deferred file,us:county:06007,,,,,,
tier3_long_meetings_deferred.txt,https://norwalk.primegov.com/Portal/Meeting?meetingTemplateId=7634,norwalk.primegov.com,norwalk.primegov.com,deferred-file-gov-id,gov_id already recorded in the deferred file,us:place:0652526,,,,,,
tier3_long_meetings_deferred.txt,https://blackfordcoin.portal.civicclerk.com/event/2157/media,blackfordcoin.portal.civicclerk.com,civicclerk,deferred-file-gov-id,gov_id already recorded in the deferred file,us:county:18009,,,,,,
tier3_long_meetings_deferred.txt,https://desmoines.civicweb.net/Portal/MeetingInformation.aspx?Id=586,desmoines.civicweb.net,desmoines.civicweb.net,deferred-file-gov-id,gov_id already recorded in the deferred file,us:place:5317635,,,,,,
tier3_long_meetings_deferred.txt,https://princeton.civicweb.net/Portal/MeetingInformation.aspx?Id=910,princeton.civicweb.net,princeton.civicweb.net,deferred-file-gov-id,gov_id already recorded in the deferred file,ca:csd:5907024,,,,,,
tier3_long_meetings_deferred.txt,http://agawamvod.cablecast.tv/internetchannel/show/2912?site=1,agawamvod.cablecast.tv,cablecast,deferred-file-gov-id,gov_id already recorded in the deferred file,rtr:unknown:agawamvod.cablecast.tv,http://agawamvod.cablecast.tv/CablecastPublicSite/gallery/8?site=1,,,,,
tier3_long_meetings_deferred.txt,https://longbeach.primegov.com/Portal/Meeting?meetingTemplateId=36784,longbeach.primegov.com,longbeach.primegov.com,deferred-file-gov-id,gov_id already recorded in the deferred file,us:place:0643000,,,,,,
tier3_long_meetings_deferred.txt,https://pub-lincoln.escribemeetings.com/Meeting.aspx?Agenda=Agenda&Id=08e3d8fe-c855-4b61-9c1c-4a1bcec8fcab&lang=English,pub-lincoln.escribemeetings.com,escribe,deferred-file-gov-id,gov_id already recorded in the deferred file,ca:csd:3526057,,,,,,
tier3_long_meetings_deferred.txt,http://colonieny.iqm2.com/Citizens/SplitView.aspx?Format=Minutes&MeetingID=1083&Mode=Video,colonieny.iqm2.com,iqm2,deferred-file-gov-id,gov_id already recorded in the deferred file,us:place:3617332,,,,,,
tier3_long_meetings_deferred.txt,https://niagarafalls.civicweb.net/Portal/MeetingInformation.aspx?Id=1998&Org=Cal,niagarafalls.civicweb.net,niagarafalls.civicweb.net,deferred-file-gov-id,gov_id already recorded in the deferred file,ca:csd:3526043,,,,,,
tier3_long_meetings_deferred.txt,https://whitehouse.civicweb.net/Portal/MeetingInformation.aspx?Id=5493,whitehouse.civicweb.net,whitehouse.civicweb.net,deferred-file-gov-id,gov_id already recorded in the deferred file,us:place:4878388,,,,,,
tier3_long_meetings_deferred.txt,https://douglas-mi.municodemeetings.com/bc-citycouncil/page/regular-meeting-city-council-91,douglas-mi.municodemeetings.com,douglas-mi.municodemeetings.com,deferred-file-gov-id,gov_id already recorded in the deferred file,us:place:2622740,,,,,,
tier3_long_meetings_deferred.txt,https://harrisonburg-va.granicus.com/player/clip/1234?view_id=4,harrisonburg-va.granicus.com,granicus,deferred-file-gov-id,gov_id already recorded in the deferred file,rtr:us:va:harrisonburg,,,,,,
tier3_long_meetings_deferred.txt,https://snohomish.granicus.com/player/clip/9589?view_id=18,snohomish.granicus.com,granicus,deferred-file-gov-id,gov_id already recorded in the deferred file,us:county:53061,,,,,,
tier3_long_meetings_deferred.txt,https://hartford.civicweb.net/Portal/MeetingInformation.aspx?Id=3385,hartford.civicweb.net,hartford.civicweb.net,deferred-file-gov-id,gov_id already recorded in the deferred file,us:place:0937000,,,,,,
tier3_long_meetings_deferred.txt,https://watertown.civicweb.net/Portal/MeetingInformation.aspx?Id=117,watertown.civicweb.net,watertown.civicweb.net,registry,not in MULTI_GOV_HOSTS -- single-tenant vendor host,,,,,,,
tier3_long_meetings_deferred.txt,https://laramiecounty.granicus.com/player/clip/841?view_id=1,laramiecounty.granicus.com,granicus,deferred-file-gov-id,gov_id already recorded in the deferred file,us:county:56021,,,,,,
tier3_long_meetings_deferred.txt,https://pub-elgincounty.escribemeetings.com/Meeting.aspx?Id=401f3f40-356d-4776-bb76-b6061d58f2a5,pub-elgincounty.escribemeetings.com,escribe,deferred-file-gov-id,gov_id already recorded in the deferred file,ca:cd:3534,,,,,,
tier3_long_meetings_deferred.txt,https://brewstercotx.portal.civicclerk.com/event/95/media,brewstercotx.portal.civicclerk.com,civicclerk,deferred-file-gov-id,gov_id already recorded in the deferred file,us:county:48043,https://www.brewstercounty.gov/page/comm.court.home,,,,,
tier3_long_meetings_deferred.txt,https://polkcotx.portal.civicclerk.com/event/1892/media,polkcotx.portal.civicclerk.com,civicclerk,deferred-file-gov-id,gov_id already recorded in the deferred file,us:county:48373,https://www.polktx.gov,,,,,
tier3_long_meetings_deferred.txt,https://lakehavasucity.granicus.com/MediaPlayer.php?view_id=2&clip_id=1838,lakehavasucity.granicus.com,granicus,deferred-file-gov-id,gov_id already recorded in the deferred file,rtr:us:az:lake-havasu,https://lakehavasucity.granicus.com/account/login?ReturnUrl=/,,,,,
tier3_long_meetings_deferred.txt,https://huntingtonpark.granicus.com/MediaPlayer.php?clip_id=652&view_id=2,huntingtonpark.granicus.com,granicus,deferred-file-gov-id,gov_id already recorded in the deferred file,rtr:us:ca:huntington-park,,,,,,
tier3_long_meetings_deferred.txt,https://petersburg.granicus.com/MediaPlayer.php?clip_id=2235&view_id=2,petersburg.granicus.com,granicus,deferred-file-gov-id,gov_id already recorded in the deferred file,us:county:02195,,,,,,
tier3_long_meetings_deferred.txt,https://reflect-townofmerrimack.cablecast.tv/internetchannel/show/8878?seekto=21&site=5&query=conservation+commission,reflect-townofmerrimack.cablecast.tv,cablecast,deferred-file-gov-id,gov_id already recorded in the deferred file,rtr:unknown:reflect-townofmerrimack.cablecast.tv,,,,,,
tier3_long_meetings_deferred.txt,https://pub-twpec.escribemeetings.com/Meeting.aspx?Agenda=Agenda&Id=82262d5f-c7dc-4dc0-ad6a-aec952969cf9&lang=English,pub-twpec.escribemeetings.com,escribe,registry,not in MULTI_GOV_HOSTS -- single-tenant vendor host,,https://calendar.twpec.ca/meetings,,,,,
tier3_long_meetings_deferred.txt,https://lmctvny.new.swagit.com/videos/169569,lmctvny.new.swagit.com,swagit,registry,not in MULTI_GOV_HOSTS -- single-tenant vendor host,,https://larchmontny.gov,,,,,
tier3_long_meetings_deferred.txt,https://sanjoaquincountyca.iqm2.com/Citizens/Detail_Meeting.aspx?ID=2654,sanjoaquincountyca.iqm2.com,iqm2,deferred-file-gov-id,gov_id already recorded in the deferred file,us:county:06077,,,,,,
tier3_long_meetings_deferred.txt,https://sccgov.iqm2.com/Citizens/Detail_Meeting.aspx?ID=18036,sccgov.iqm2.com,iqm2,deferred-file-gov-id,gov_id already recorded in the deferred file,us:county:06085,,,,,,
tier3_long_meetings_deferred.txt,https://sjrwmd.iqm2.com/Citizens/Detail_Meeting.aspx?ID=1252,sjrwmd.iqm2.com,iqm2,deferred-file-gov-id,gov_id already recorded in the deferred file,rtr:us:fl:st-johns-river-water-management-district,,,,,,
tier3_long_meetings_deferred.txt,https://southamptonny.iqm2.com/Citizens/Detail_Meeting.aspx?ID=9655,southamptonny.iqm2.com,iqm2,deferred-file-gov-id,gov_id already recorded in the deferred file,rtr:us:ny:southampton-long-island,,,,,,
tier3_long_meetings_deferred.txt,https://sanramonca.iqm2.com/Citizens/Detail_Meeting.aspx?ID=5303,sanramonca.iqm2.com,iqm2,deferred-file-gov-id,gov_id already recorded in the deferred file,us:place:0668378,,,,,,
tier3_long_meetings_deferred.txt,https://shelbytownmi.iqm2.com/Citizens/Detail_Meeting.aspx?ID=1549,shelbytownmi.iqm2.com,iqm2,deferred-file-gov-id,gov_id already recorded in the deferred file,us:place:2672840,,,,,,
tier3_long_meetings_deferred.txt,https://suttercountyca.iqm2.com/Citizens/Detail_Meeting.aspx?ID=3027,suttercountyca.iqm2.com,iqm2,deferred-file-gov-id,gov_id already recorded in the deferred file,us:county:06101,,,,,,
tier3_long_meetings_deferred.txt,https://losaltoshillsca.portal.civicclerk.com/event/4638/media,losaltoshillsca.portal.civicclerk.com,civicclerk,deferred-file-gov-id,gov_id already recorded in the deferred file,us:place:0643294,,,,,,
tier3_long_meetings_deferred.txt,https://neoshomo.portal.civicclerk.com/event/1339/media,neoshomo.portal.civicclerk.com,civicclerk,deferred-file-gov-id,gov_id already recorded in the deferred file,us:place:2951572,,,,,,
tier3_long_meetings_deferred.txt,https://californiacity.granicus.com/MediaPlayer.php?view_id=1&clip_id=600,californiacity.granicus.com,granicus,deferred-file-gov-id,gov_id already recorded in the deferred file,us:place:0609780,,,,,,
tier3_long_meetings_deferred.txt,https://chccs.granicus.com/MediaPlayer.php?view_id=2&clip_id=787,chccs.granicus.com,granicus,deferred-file-gov-id,gov_id already recorded in the deferred file,rtr:us:nc:chapel-hill-carrboro-city-schools-board-of-education,,,,,,
tier3_long_meetings_deferred.txt,https://riversidecountyca.iqm2.com/Citizens/Detail_Meeting.aspx?ID=3500,riversidecountyca.iqm2.com,iqm2,deferred-file-gov-id,gov_id already recorded in the deferred file,us:county:06065,,,,,,
tier3_long_meetings_deferred.txt,https://teanecktownnj.iqm2.com/Citizens/Detail_Meeting.aspx?ID=2301,teanecktownnj.iqm2.com,iqm2,deferred-file-gov-id,gov_id already recorded in the deferred file,us:cousub:3400372360,,,,,,
tier3_long_meetings_deferred.txt,https://brawley-ca.granicus.com/MediaPlayer.php?view_id=1&clip_id=285,brawley-ca.granicus.com,granicus,deferred-file-gov-id,gov_id already recorded in the deferred file,us:place:0608058,,,,,,
tier3_long_meetings_deferred.txt,https://pub-sprucegrove.escribemeetings.com/Meeting.aspx?Id=f2ac295e-a967-4c2b-a06d-e176120a9db8&Agenda=Agenda&lang=English,pub-sprucegrove.escribemeetings.com,escribe,deferred-file-gov-id,gov_id already recorded in the deferred file,ca:csd:4811049,,,,,,
tier3_long_meetings_deferred.txt,https://gcva.granicus.com/MediaPlayer.php?view_id=1&clip_id=1007,gcva.granicus.com,granicus,deferred-file-gov-id,gov_id already recorded in the deferred file,us:county:51079,,,,,,
tier3_long_meetings_deferred.txt,https://northcastleny.granicus.com/MediaPlayer.php?view_id=2&clip_id=2872,northcastleny.granicus.com,granicus,deferred-file-gov-id,gov_id already recorded in the deferred file,us:cousub:3611951693,,,,,,
tier3_long_meetings_deferred.txt,https://townspi.granicus.com/MediaPlayer.php?view_id=4&clip_id=4714,townspi.granicus.com,granicus,deferred-file-gov-id,gov_id already recorded in the deferred file,us:place:4869140,,,,,,
tier3_long_meetings_deferred.txt,https://bucoks.granicus.com/MediaPlayer.php?view_id=1&clip_id=649,bucoks.granicus.com,granicus,deferred-file-gov-id,gov_id already recorded in the deferred file,us:county:20015,,,,,,
tier3_long_meetings_deferred.txt,https://portagecowi.portal.civicclerk.com/event/9367/media,portagecowi.portal.civicclerk.com,civicclerk,deferred-file-gov-id,gov_id already recorded in the deferred file,us:county:55097,,,,,,
tier3_long_meetings_deferred.txt,https://ivins.granicus.com/MediaPlayer.php?view_id=2&clip_id=2424,ivins.granicus.com,granicus,deferred-file-gov-id,gov_id already recorded in the deferred file,us:place:4938710,,,,,,
tier3_long_meetings_deferred.txt,https://cityofmaricopa.granicus.com/MediaPlayer.php?view_id=2&clip_id=643,cityofmaricopa.granicus.com,granicus,deferred-file-gov-id,gov_id already recorded in the deferred file,us:place:0444410,,,,,,
tier3_long_meetings_deferred.txt,https://danbury.granicus.com/MediaPlayer.php?view_id=2&clip_id=3779,danbury.granicus.com,granicus,deferred-file-gov-id,gov_id already recorded in the deferred file,us:place:0918430,,,,,,
tier3_long_meetings_deferred.txt,https://bethanybeach.granicus.com/MediaPlayer.php?view_id=2&clip_id=1223,bethanybeach.granicus.com,granicus,deferred-file-gov-id,gov_id already recorded in the deferred file,us:place:1005690,,,,,,
tier3_long_meetings_deferred.txt,https://deltona.granicus.com/MediaPlayer.php?view_id=1&clip_id=1714,deltona.granicus.com,granicus,deferred-file-gov-id,gov_id already recorded in the deferred file,us:place:1217200,,,,,,
tier3_long_meetings_deferred.txt,https://dunedin.granicus.com/MediaPlayer.php?view_id=2&clip_id=1007,dunedin.granicus.com,granicus,deferred-file-gov-id,gov_id already recorded in the deferred file,us:place:1218575,,,,,,
tier3_long_meetings_deferred.txt,https://city-lighthousepoint.granicus.com/MediaPlayer.php?view_id=1&clip_id=812,city-lighthousepoint.granicus.com,granicus,deferred-file-gov-id,gov_id already recorded in the deferred file,us:place:1240450,,,,,,
tier3_long_meetings_deferred.txt,https://margatefl.granicus.com/MediaPlayer.php?view_id=1&clip_id=1092,margatefl.granicus.com,granicus,deferred-file-gov-id,gov_id already recorded in the deferred file,us:place:1243125,,,,,,
tier3_long_meetings_deferred.txt,https://miramar.granicus.com/MediaPlayer.php?view_id=1&clip_id=1085,miramar.granicus.com,granicus,deferred-file-gov-id,gov_id already recorded in the deferred file,us:place:1245975,,,,,,
tier3_long_meetings_deferred.txt,https://oaklandparkfl.granicus.com/MediaPlayer.php?view_id=2&clip_id=1414,oaklandparkfl.granicus.com,granicus,deferred-file-gov-id,gov_id already recorded in the deferred file,us:place:1250575,,,,,,
tier3_long_meetings_deferred.txt,https://sunrisefl.granicus.com/MediaPlayer.php?view_id=2&clip_id=1228,sunrisefl.granicus.com,granicus,deferred-file-gov-id,gov_id already recorded in the deferred file,us:place:1269700,,,,,,
tier3_long_meetings_deferred.txt,https://martin.granicus.com/MediaPlayer.php?view_id=2&clip_id=5762,martin.granicus.com,granicus,deferred-file-gov-id,gov_id already recorded in the deferred file,us:county:12085,,,,,,
tier3_long_meetings_deferred.txt,https://gaston.granicus.com/MediaPlayer.php?view_id=1&clip_id=584,gaston.granicus.com,granicus,deferred-file-gov-id,gov_id already recorded in the deferred file,us:county:37071,,,,,,
tier3_long_meetings_deferred.txt,https://onslow.granicus.com/MediaPlayer.php?view_id=3&clip_id=1116,onslow.granicus.com,granicus,deferred-file-gov-id,gov_id already recorded in the deferred file,us:county:37133,,,,,,
tier3_long_meetings_deferred.txt,https://westchestercountyny.granicus.com/MediaPlayer.php?view_id=1&clip_id=8468,westchestercountyny.granicus.com,granicus,deferred-file-gov-id,gov_id already recorded in the deferred file,us:county:36119,,,,,,
tier3_long_meetings_deferred.txt,https://rivertoncity.granicus.com/MediaPlayer.php?view_id=1&clip_id=865,rivertoncity.granicus.com,granicus,deferred-file-gov-id,gov_id already recorded in the deferred file,us:place:4964340,,,,,,
tier3_long_meetings_deferred.txt,https://chesterfieldva.granicus.com/MediaPlayer.php?view_id=2&clip_id=1529,chesterfieldva.granicus.com,granicus,deferred-file-gov-id,gov_id already recorded in the deferred file,us:county:51041,,,,,,
tier3_long_meetings_deferred.txt,https://harrisonburg-va.granicus.com/MediaPlayer.php?view_id=2&clip_id=1359,harrisonburg-va.granicus.com,granicus,deferred-file-gov-id,gov_id already recorded in the deferred file,rtr:us:va:harrisonburg,,,,,,
tier3_long_meetings_deferred.txt,https://edmondswa.granicus.com/MediaPlayer.php?view_id=1&clip_id=248,edmondswa.granicus.com,granicus,deferred-file-gov-id,gov_id already recorded in the deferred file,us:place:5320750,,,,,,
tier3_long_meetings_deferred.txt,https://waukesha.granicus.com/MediaPlayer.php?view_id=1&clip_id=6854,waukesha.granicus.com,granicus,deferred-file-gov-id,gov_id already recorded in the deferred file,us:place:5584250,,,,,,
tier3_long_meetings_deferred.txt,https://rowletttx.new.swagit.com/videos/35358,rowletttx.new.swagit.com,swagit,deferred-file-gov-id,gov_id already recorded in the deferred file,us:place:4863572,,,,,,
tier3_long_meetings_deferred.txt,https://saltlakecounty.portal.civicclerk.com/event/4172/media,saltlakecounty.portal.civicclerk.com,civicclerk,deferred-file-gov-id,gov_id already recorded in the deferred file,us:place:4967000,,,,,,
tier3_long_meetings_deferred.txt,https://sandyspringsga.portal.civicclerk.com/event/2144/media,sandyspringsga.portal.civicclerk.com,civicclerk,deferred-file-gov-id,gov_id already recorded in the deferred file,us:place:1368516,,,,,,
tier3_long_meetings_deferred.txt,https://sanjuancowa.portal.civicclerk.com/event/4366/media,sanjuancowa.portal.civicclerk.com,civicclerk,deferred-file-gov-id,gov_id already recorded in the deferred file,us:county:53055,,,,,,
tier3_long_meetings_deferred.txt,https://santarosacofl.portal.civicclerk.com/event/1689/media,santarosacofl.portal.civicclerk.com,civicclerk,deferred-file-gov-id,gov_id already recorded in the deferred file,us:place:1245750,,,,,,
tier3_long_meetings_deferred.txt,https://anacorteswa.portal.civicclerk.com/event/1447/media,anacorteswa.portal.civicclerk.com,civicclerk,deferred-file-gov-id,gov_id already recorded in the deferred file,us:place:5301990,,,,,,
tier3_long_meetings_deferred.txt,https://anaheim.granicus.com/MediaPlayer.php?view_id=2&clip_id=3663,anaheim.granicus.com,granicus,deferred-file-gov-id,gov_id already recorded in the deferred file,us:place:0602000,,,,,,
tier3_long_meetings_deferred.txt,https://annapolismd.granicus.com/MediaPlayer.php?view_id=1&clip_id=1596,annapolismd.granicus.com,granicus,deferred-file-gov-id,gov_id already recorded in the deferred file,us:place:2401600,,,,,,
tier3_long_meetings_deferred.txt,https://antiochca.portal.civicclerk.com/event/1088/media,antiochca.portal.civicclerk.com,civicclerk,deferred-file-gov-id,gov_id already recorded in the deferred file,us:place:0602252,,,,,,
tier3_long_meetings_deferred.txt,https://bainbridgeislandwa.portal.civicclerk.com/event/1109/media,bainbridgeislandwa.portal.civicclerk.com,civicclerk,deferred-file-gov-id,gov_id already recorded in the deferred file,us:place:5303736,,,,,,
tier3_long_meetings_deferred.txt,https://barstowcityca.iqm2.com/Citizens/Detail_Meeting.aspx?ID=3171,barstowcityca.iqm2.com,iqm2,deferred-file-gov-id,gov_id already recorded in the deferred file,us:place:0604030,,,,,,
tier3_long_meetings_deferred.txt,https://berwynheights.granicus.com/MediaPlayer.php?view_id=1&clip_id=893,berwynheights.granicus.com,granicus,deferred-file-gov-id,gov_id already recorded in the deferred file,us:place:2406925,,,,,,
tier3_long_meetings_deferred.txt,https://chino.granicus.com/MediaPlayer.php?view_id=1&clip_id=4991,chino.granicus.com,granicus,deferred-file-gov-id,gov_id already recorded in the deferred file,us:place:0613210,,,,,,
tier3_long_meetings_deferred.txt,https://cityfortbragg.granicus.com/MediaPlayer.php?view_id=1&clip_id=1556,cityfortbragg.granicus.com,granicus,deferred-file-gov-id,gov_id already recorded in the deferred file,us:place:0625058,,,,,,
tier3_long_meetings_deferred.txt,https://cityofbowie.granicus.com/MediaPlayer.php?view_id=2&clip_id=826,cityofbowie.granicus.com,granicus,deferred-file-gov-id,gov_id already recorded in the deferred file,us:place:2408775,,,,,,
tier3_long_meetings_deferred.txt,https://cityofmillvalley.granicus.com/MediaPlayer.php?view_id=2&clip_id=2235,cityofmillvalley.granicus.com,granicus,deferred-file-gov-id,gov_id already recorded in the deferred file,us:place:0647710,,,,,,
tier3_long_meetings_deferred.txt,https://cityofnewport.granicus.com/MediaPlayer.php?view_id=1&clip_id=1024,cityofnewport.granicus.com,granicus,deferred-file-gov-id,gov_id already recorded in the deferred file,us:place:4449960,,,,,,
tier3_long_meetings_deferred.txt,https://cityofrosemead.granicus.com/MediaPlayer.php?view_id=2&clip_id=3649,cityofrosemead.granicus.com,granicus,deferred-file-gov-id,gov_id already recorded in the deferred file,us:place:0662896,,,,,,
tier3_long_meetings_deferred.txt,https://college-park.granicus.com/MediaPlayer.php?view_id=2&clip_id=1717,college-park.granicus.com,granicus,deferred-file-gov-id,gov_id already recorded in the deferred file,us:place:2418750,,,,,,
tier3_long_meetings_deferred.txt,https://cosm.granicus.com/MediaPlayer.php?view_id=1&clip_id=759,cosm.granicus.com,granicus,deferred-file-gov-id,gov_id already recorded in the deferred file,us:place:0668252,,,,,,
tier3_long_meetings_deferred.txt,https://cumberland.iqm2.com/Citizens/Detail_Meeting.aspx?ID=1784,cumberland.iqm2.com,iqm2,deferred-file-gov-id,gov_id already recorded in the deferred file,us:county:34011,,,,,,
tier3_long_meetings_deferred.txt,https://elmonte.granicus.com/MediaPlayer.php?view_id=2&clip_id=1525,elmonte.granicus.com,granicus,deferred-file-gov-id,gov_id already recorded in the deferred file,us:place:0622230,,,,,,
tier3_long_meetings_deferred.txt,https://lakehavasucity.granicus.com/MediaPlayer.php?view_id=2&clip_id=1833,lakehavasucity.granicus.com,granicus,deferred-file-gov-id,gov_id already recorded in the deferred file,rtr:us:az:lake-havasu,,,,,,
tier3_long_meetings_deferred.txt,https://derby.civicweb.net/Portal/MeetingInformation.aspx?Id=6006,derby.civicweb.net,derby.civicweb.net,deferred-file-gov-id,gov_id already recorded in the deferred file,us:place:2017800,,,,,,
tier3_long_meetings_deferred.txt,https://imperial.granicus.com/MediaPlayer.php?view_id=2&clip_id=2947,imperial.granicus.com,granicus,deferred-file-gov-id,gov_id already recorded in the deferred file,us:county:06025,,,,,,
tier3_long_meetings_deferred.txt,https://jacksoncomi.portal.civicclerk.com/event/1088/media,jacksoncomi.portal.civicclerk.com,civicclerk,deferred-file-gov-id,gov_id already recorded in the deferred file,us:county:26075,,,,,,
tier3_long_meetings_deferred.txt,https://leacountynm.portal.civicclerk.com/event/593/media,leacountynm.portal.civicclerk.com,civicclerk,deferred-file-gov-id,gov_id already recorded in the deferred file,us:county:35025,,,,,,
tier3_long_meetings_deferred.txt,https://albemarle.granicus.com/MediaPlayer.php?view_id=1&clip_id=1530,albemarle.granicus.com,granicus,deferred-file-gov-id,gov_id already recorded in the deferred file,us:county:51003,,,,,,
tier3_long_meetings_deferred.txt,https://redmond.granicus.com/MediaPlayer.php?view_id=2&clip_id=3406,redmond.granicus.com,granicus,deferred-file-gov-id,gov_id already recorded in the deferred file,rtr:us:wa:redmond,,,,,,
tier3_long_meetings_deferred.txt,https://morgantown.granicus.com/MediaPlayer.php?view_id=2&clip_id=1395,morgantown.granicus.com,granicus,deferred-file-gov-id,gov_id already recorded in the deferred file,rtr:us:wv:morgantown,,,,,,
tier3_long_meetings_deferred.txt,https://pub-richmond.escribemeetings.com/Meeting.aspx?Id=c3c39254-53cc-4461-9b85-041288171803&Agenda=Agenda&lang=English,pub-richmond.escribemeetings.com,escribe,deferred-file-gov-id,gov_id already recorded in the deferred file,us:place:0660620,,,,,,
tier3_long_meetings_deferred.txt,https://fishkilltownny.iqm2.com/Citizens/Detail_Meeting.aspx?ID=1903,fishkilltownny.iqm2.com,iqm2,deferred-file-gov-id,gov_id already recorded in the deferred file,us:cousub:3602725978,,,,,,
tier3_long_meetings_deferred.txt,https://hooksett.granicus.com/MediaPlayer.php?view_id=2&clip_id=2917,hooksett.granicus.com,granicus,deferred-file-gov-id,gov_id already recorded in the deferred file,rtr:us:nh:hooksett,,,,,,
tier3_long_meetings_deferred.txt,https://minnesotapuc.granicus.com/MediaPlayer.php?view_id=2&clip_id=2729,minnesotapuc.granicus.com,granicus,deferred-file-gov-id,gov_id already recorded in the deferred file,us:county:27007,,,,,,
tier3_long_meetings_deferred.txt,https://reflect-vsctv.cablecast.tv/internetchannel/show/7442?site=1,reflect-vsctv.cablecast.tv,cablecast,deferred-file-gov-id,gov_id already recorded in the deferred file,rtr:unknown:reflect-vsctv.cablecast.tv,,,,,,
tier3_long_meetings_deferred.txt,https://lakecounty.granicus.com/MediaPlayer.php?view_id=1&clip_id=859,lakecounty.granicus.com,granicus,deferred-file-gov-id,gov_id already recorded in the deferred file,us:county:06033,,,,,,
tier3_long_meetings_deferred.txt,https://clark.granicus.com/player/clip/6905?view_id=14&redirect=true,clark.granicus.com,granicus,deferred-file-gov-id,gov_id already recorded in the deferred file,us:county:32003,,,,,,
tier3_long_meetings_deferred.txt,https://huntingtonpark.granicus.com/MediaPlayer.php?view_id=2&clip_id=669,huntingtonpark.granicus.com,granicus,deferred-file-gov-id,gov_id already recorded in the deferred file,rtr:us:ca:huntington-park,https://huntingtonpark.granicus.com/account/forgotpassword,,,,,
tier3_long_meetings_deferred.txt,https://hooksett.granicus.com/MediaPlayer.php?view_id=2&clip_id=2919,hooksett.granicus.com,granicus,deferred-file-gov-id,gov_id already recorded in the deferred file,rtr:us:nh:hooksett,https://hooksett.granicus.com/ViewPublisher.php?view_id=2,,,,,
tier3_long_meetings_deferred.txt,https://boxcast.tv/view/village-board-meeting-e142v1tfenqbrkuywbn9,boxcast.tv,boxcast.tv,deferred-file-gov-id,gov_id already recorded in the deferred file,us:cousub:2300140770,,,,,,
tier3_long_meetings_deferred.txt,https://reflect-vsctv.cablecast.tv/internetchannel/show/6225?site=1&query=clinton+town+council,reflect-vsctv.cablecast.tv,cablecast,deferred-file-gov-id,gov_id already recorded in the deferred file,rtr:unknown:reflect-vsctv.cablecast.tv,,,,,,
tier3_long_meetings_deferred.txt,https://reflect-brunswick-me.cablecast.tv/internetchannel/show/6559?site=1,reflect-brunswick-me.cablecast.tv,cablecast,registry,not in MULTI_GOV_HOSTS -- single-tenant vendor host,,,,,,,
tier3_long_meetings_deferred.txt,https://boxcast.tv/view-embed/nwrokauspk1efbe4hifp?showTitle=1&showDescription=1&showHighlights=1&showRelated=1&defaultVideo=next&market=smb&showDocuments=1&showIndex=1&showDonations=0&showChat=1&showCountdown=1&layout=playlist-to-right,boxcast.tv,boxcast.tv,deferred-file-gov-id,gov_id already recorded in the deferred file,us:cousub:2300140770,https://cityofpascagoula.com/AgendaCenter,,,,,
tier3_long_meetings_deferred.txt,https://townhallstreams.com/stream.php?location_id=94&id=75799,townhallstreams.com,townhallstreams,deferred-file-gov-id,gov_id already recorded in the deferred file,us:cousub:2300140035,,,,,,
tier3_long_meetings_deferred.txt,https://townhallstreams.com/stream.php?location_id=47&id=21880,townhallstreams.com,townhallstreams,registry,not in MULTI_GOV_HOSTS -- single-tenant vendor host,,,,,,,
tier3_long_meetings_deferred.txt,https://townhallstreams.com/stream.php?location_id=108&id=35970,townhallstreams.com,townhallstreams,registry,not in MULTI_GOV_HOSTS -- single-tenant vendor host,,,,,,,
tier3_long_meetings_deferred.txt,https://townhallstreams.com/stream.php?location_id=169&id=67490,townhallstreams.com,townhallstreams,deferred-file-gov-id,gov_id already recorded in the deferred file,us:cousub:3300577380,,,,,,
tier3_long_meetings_deferred.txt,https://townhallstreams.com/stream.php?location_id=47&id=76243,townhallstreams.com,townhallstreams,registry,not in MULTI_GOV_HOSTS -- single-tenant vendor host,,,,,,,
tier3_long_meetings_deferred.txt,https://townhallstreams.com/stream.php?location_id=94&id=76283,townhallstreams.com,townhallstreams,deferred-file-gov-id,gov_id already recorded in the deferred file,us:cousub:2300140035,,,,,,
tier3_long_meetings_deferred.txt,https://townhallstreams.com/stream.php?location_id=108&id=76123,townhallstreams.com,townhallstreams,registry,not in MULTI_GOV_HOSTS -- single-tenant vendor host,,,,,,,
tier3_long_meetings_deferred.txt,https://townhallstreams.com/stream.php?location_id=169&id=75941,townhallstreams.com,townhallstreams,deferred-file-gov-id,gov_id already recorded in the deferred file,us:cousub:3300577380,,,,,,
tier3_long_meetings_deferred.txt,https://www.utah.gov/pmn/sitemap/notice/1035147.html,www.utah.gov,www.utah.gov,deferred-file-gov-id,gov_id already recorded in the deferred file,rtr:us:ut:department-of-commerce,,,,,,
tier3_long_meetings_deferred.txt,https://www.utah.gov/pmn/sitemap/notice/1102583.html,www.utah.gov,www.utah.gov,deferred-file-gov-id,gov_id already recorded in the deferred file,rtr:us:ut:department-of-natural-resources-dnr,,,,,,
tier3_long_meetings_deferred.txt,https://www.utah.gov/pmn/sitemap/notice/1098005.html,www.utah.gov,www.utah.gov,deferred-file-gov-id,gov_id already recorded in the deferred file,rtr:us:ut:department-of-natural-resources-dnr-division-of-forestry-fire-and-state-lands,,,,,,
tier3_long_meetings_deferred.txt,https://www.utah.gov/pmn/sitemap/notice/1097079.html,www.utah.gov,www.utah.gov,deferred-file-gov-id,gov_id already recorded in the deferred file,us:county:49019,,,,,,
tier3_long_meetings_deferred.txt,https://www.utah.gov/pmn/sitemap/notice/1094395.html,www.utah.gov,www.utah.gov,deferred-file-gov-id,gov_id already recorded in the deferred file,us:county:49021,,,,,,
tier3_long_meetings_deferred.txt,https://www.utah.gov/pmn/sitemap/notice/1041417.html,www.utah.gov,www.utah.gov,deferred-file-gov-id,gov_id already recorded in the deferred file,us:county:49035,,,,,,
tier3_long_meetings_deferred.txt,https://www.utah.gov/pmn/sitemap/notice/1099107.html,www.utah.gov,www.utah.gov,deferred-file-gov-id,gov_id already recorded in the deferred file,us:county:49047,,,,,,
tier3_long_meetings_deferred.txt,https://www.utah.gov/pmn/sitemap/notice/1100915.html,www.utah.gov,www.utah.gov,deferred-file-gov-id,gov_id already recorded in the deferred file,us:county:49049,,,,,,
tier3_long_meetings_deferred.txt,https://www.utah.gov/pmn/sitemap/notice/1102545.html,www.utah.gov,www.utah.gov,deferred-file-gov-id,gov_id already recorded in the deferred file,us:county:49053,,,,,,
tier3_long_meetings_deferred.txt,https://www.utah.gov/pmn/sitemap/notice/1097711.html,www.utah.gov,www.utah.gov,deferred-file-gov-id,gov_id already recorded in the deferred file,us:place:4911000,,,,,,
tier3_long_meetings_deferred.txt,https://www.utah.gov/pmn/sitemap/notice/1102185.html,www.utah.gov,www.utah.gov,deferred-file-gov-id,gov_id already recorded in the deferred file,us:place:4911980,,,,,,
tier3_long_meetings_deferred.txt,https://www.utah.gov/pmn/sitemap/notice/1097333.html,www.utah.gov,www.utah.gov,deferred-file-gov-id,gov_id already recorded in the deferred file,us:place:4931120,,,,,,
tier3_long_meetings_deferred.txt,https://www.utah.gov/pmn/sitemap/notice/1098501.html,www.utah.gov,www.utah.gov,deferred-file-gov-id,gov_id already recorded in the deferred file,us:place:4933540,,,,,,
tier3_long_meetings_deferred.txt,https://www.utah.gov/pmn/sitemap/notice/1092293.html,www.utah.gov,www.utah.gov,deferred-file-gov-id,gov_id already recorded in the deferred file,us:place:4950700,,,,,,
tier3_long_meetings_deferred.txt,https://www.utah.gov/pmn/sitemap/notice/1105389.html,www.utah.gov,www.utah.gov,deferred-file-gov-id,gov_id already recorded in the deferred file,us:place:4954990,,,,,,
tier3_long_meetings_deferred.txt,https://www.utah.gov/pmn/sitemap/notice/1076929.html,www.utah.gov,www.utah.gov,deferred-file-gov-id,gov_id already recorded in the deferred file,us:place:4955100,,,,,,
tier3_long_meetings_deferred.txt,https://www.utah.gov/pmn/sitemap/notice/1101851.html,www.utah.gov,www.utah.gov,deferred-file-gov-id,gov_id already recorded in the deferred file,us:place:4957300,,,,,,
tier3_long_meetings_deferred.txt,https://www.utah.gov/pmn/sitemap/notice/1103991.html,www.utah.gov,www.utah.gov,deferred-file-gov-id,gov_id already recorded in the deferred file,us:place:4958510,,,,,,
tier3_long_meetings_deferred.txt,https://www.utah.gov/pmn/sitemap/notice/1100861.html,www.utah.gov,www.utah.gov,deferred-file-gov-id,gov_id already recorded in the deferred file,us:place:4958730,,,,,,
tier3_long_meetings_deferred.txt,https://www.utah.gov/pmn/sitemap/notice/1077183.html,www.utah.gov,www.utah.gov,deferred-file-gov-id,gov_id already recorded in the deferred file,us:place:4961150,,,,,,
tier3_long_meetings_deferred.txt,https://www.utah.gov/pmn/sitemap/notice/1097203.html,www.utah.gov,www.utah.gov,deferred-file-gov-id,gov_id already recorded in the deferred file,us:place:4962470,,,,,,
tier3_long_meetings_deferred.txt,https://www.utah.gov/pmn/sitemap/notice/1103087.html,www.utah.gov,www.utah.gov,deferred-file-gov-id,gov_id already recorded in the deferred file,us:place:4967770,,,,,,
tier3_long_meetings_deferred.txt,https://www.utah.gov/pmn/sitemap/notice/1098077.html,www.utah.gov,www.utah.gov,deferred-file-gov-id,gov_id already recorded in the deferred file,us:place:4967825,,,,,,
tier3_long_meetings_deferred.txt,https://www.utah.gov/pmn/sitemap/notice/1100230.html,www.utah.gov,www.utah.gov,deferred-file-gov-id,gov_id already recorded in the deferred file,us:place:4971290,,,,,,
tier3_long_meetings_deferred.txt,https://www.utah.gov/pmn/sitemap/notice/1100234.html,www.utah.gov,www.utah.gov,deferred-file-gov-id,gov_id already recorded in the deferred file,us:place:4971840,,,,,,
tier3_long_meetings_deferred.txt,https://www.utah.gov/pmn/sitemap/notice/1102267.html,www.utah.gov,www.utah.gov,deferred-file-gov-id,gov_id already recorded in the deferred file,us:place:4965330,,,,,,
tier3_long_meetings_deferred.txt,https://www.utah.gov/pmn/sitemap/notice/1096651.html,www.utah.gov,www.utah.gov,deferred-file-gov-id,gov_id already recorded in the deferred file,us:place:4976680,,,,,,
tier3_long_meetings_deferred.txt,https://www.utah.gov/pmn/sitemap/notice/1100865.html,www.utah.gov,www.utah.gov,deferred-file-gov-id,gov_id already recorded in the deferred file,us:place:4937924,,,,,,
tier3_long_meetings_deferred.txt,https://www.utah.gov/pmn/sitemap/notice/1103677.html,www.utah.gov,www.utah.gov,deferred-file-gov-id,gov_id already recorded in the deferred file,rtr:us:ut:tooele-county-school-district,,,,,,
tier3_long_meetings_deferred.txt,https://www.utah.gov/pmn/sitemap/notice/1094777.html,www.utah.gov,www.utah.gov,deferred-file-gov-id,gov_id already recorded in the deferred file,us:county:49003,,,,,,
tier3_long_meetings_deferred.txt,https://www.utah.gov/pmn/sitemap/notice/1091125.html,www.utah.gov,www.utah.gov,deferred-file-gov-id,gov_id already recorded in the deferred file,us:county:49027,,,,,,
tier3_long_meetings_deferred.txt,https://www.utah.gov/pmn/sitemap/notice/1066341.html,www.utah.gov,www.utah.gov,deferred-file-gov-id,gov_id already recorded in the deferred file,us:county:49043,,,,,,
tier3_long_meetings_deferred.txt,https://www.utah.gov/pmn/sitemap/notice/1073435.html,www.utah.gov,www.utah.gov,deferred-file-gov-id,gov_id already recorded in the deferred file,us:county:49051,,,,,,
tier3_long_meetings_deferred.txt,https://www.utah.gov/pmn/sitemap/notice/1004884.html,www.utah.gov,www.utah.gov,deferred-file-gov-id,gov_id already recorded in the deferred file,us:place:4900650,,,,,,
tier3_long_meetings_deferred.txt,https://www.utah.gov/pmn/sitemap/notice/1065787.html,www.utah.gov,www.utah.gov,deferred-file-gov-id,gov_id already recorded in the deferred file,us:place:4901905,,,,,,
tier3_long_meetings_deferred.txt,https://www.utah.gov/pmn/sitemap/notice/1090913.html,www.utah.gov,www.utah.gov,deferred-file-gov-id,gov_id already recorded in the deferred file,us:place:4926940,,,,,,
tier3_long_meetings_deferred.txt,https://www.utah.gov/pmn/sitemap/notice/1070155.html,www.utah.gov,www.utah.gov,deferred-file-gov-id,gov_id already recorded in the deferred file,us:place:4936400,,,,,,
tier3_long_meetings_deferred.txt,https://www.utah.gov/pmn/sitemap/notice/1069021.html,www.utah.gov,www.utah.gov,deferred-file-gov-id,gov_id already recorded in the deferred file,us:place:4945090,,,,,,
tier3_long_meetings_deferred.txt,https://www.utah.gov/pmn/sitemap/notice/1071327.html,www.utah.gov,www.utah.gov,deferred-file-gov-id,gov_id already recorded in the deferred file,us:place:4954660,,,,,,
tier3_long_meetings_deferred.txt,https://www.utah.gov/pmn/sitemap/notice/1092383.html,www.utah.gov,www.utah.gov,deferred-file-gov-id,gov_id already recorded in the deferred file,us:place:4962360,,,,,,
tier3_long_meetings_deferred.txt,https://www.utah.gov/pmn/sitemap/notice/1080145.html,www.utah.gov,www.utah.gov,deferred-file-gov-id,gov_id already recorded in the deferred file,us:place:4964340,,,,,,
tier3_long_meetings_deferred.txt,https://www.utah.gov/pmn/sitemap/notice/1098397.html,www.utah.gov,www.utah.gov,deferred-file-gov-id,gov_id already recorded in the deferred file,us:place:4967000,,,,,,
tier3_long_meetings_deferred.txt,https://www.utah.gov/pmn/sitemap/notice/1074021.html,www.utah.gov,www.utah.gov,deferred-file-gov-id,gov_id already recorded in the deferred file,us:place:4967440,,,,,,
tier3_long_meetings_deferred.txt,https://www.utah.gov/pmn/sitemap/notice/1098733.html,www.utah.gov,www.utah.gov,deferred-file-gov-id,gov_id already recorded in the deferred file,us:place:4971070,,,,,,
tier3_long_meetings_deferred.txt,https://www.utah.gov/pmn/sitemap/notice/1087919.html,www.utah.gov,www.utah.gov,deferred-file-gov-id,gov_id already recorded in the deferred file,us:place:4980420,,,,,,
tier3_long_meetings_deferred.txt,https://www.utah.gov/pmn/sitemap/notice/1096823.html,www.utah.gov,www.utah.gov,deferred-file-gov-id,gov_id already recorded in the deferred file,us:place:4982950,,,,,,
tier3_long_meetings_deferred.txt,https://www.utah.gov/pmn/sitemap/notice/1081913.html,www.utah.gov,www.utah.gov,deferred-file-gov-id,gov_id already recorded in the deferred file,us:place:4913850,,,,,,
tier3_long_meetings_deferred.txt,https://calhouncotx.portal.civicclerk.com/event/5480/media,calhouncotx.portal.civicclerk.com,civicclerk,deferred-file-gov-id,gov_id already recorded in the deferred file,us:county:48057,,,,,,
tier3_long_meetings_deferred.txt,https://cantonoh.portal.civicclerk.com/event/2105/media,cantonoh.portal.civicclerk.com,civicclerk,deferred-file-gov-id,gov_id already recorded in the deferred file,us:place:3912000,,,,,,
tier3_long_meetings_deferred.txt,https://crestviewfl.portal.civicclerk.com/event/1370/media,crestviewfl.portal.civicclerk.com,civicclerk,deferred-file-gov-id,gov_id already recorded in the deferred file,us:place:1215475,,,,,,
tier3_long_meetings_deferred.txt,https://frasermi.portal.civicclerk.com/event/1035/media,frasermi.portal.civicclerk.com,civicclerk,deferred-file-gov-id,gov_id already recorded in the deferred file,us:place:2630420,,,,,,
tier3_long_meetings_deferred.txt,https://godleytx.portal.civicclerk.com/event/6070/media,godleytx.portal.civicclerk.com,civicclerk,deferred-file-gov-id,gov_id already recorded in the deferred file,us:place:4829972,,,,,,
tier3_long_meetings_deferred.txt,https://grantconm.portal.civicclerk.com/event/704/media,grantconm.portal.civicclerk.com,civicclerk,registry,not in MULTI_GOV_HOSTS -- single-tenant vendor host,,,,,,,
tier3_long_meetings_deferred.txt,https://guadalupe.granicus.com/MediaPlayer.php?clip_id=1160&view_id=1,guadalupe.granicus.com,granicus,deferred-file-gov-id,gov_id already recorded in the deferred file,us:county:48187,,,,,,
tier3_long_meetings_deferred.txt,https://guadalupe.granicus.com/MediaPlayer.php?view_id=1&clip_id=1168,guadalupe.granicus.com,granicus,deferred-file-gov-id,gov_id already recorded in the deferred file,us:county:48187,,,,,,
tier3_long_meetings_deferred.txt,https://guadalupe.granicus.com/player/clip/1160?view_id=1&redirect=true,guadalupe.granicus.com,granicus,deferred-file-gov-id,gov_id already recorded in the deferred file,us:county:48187,,,,,,
tier3_long_meetings_deferred.txt,https://harrisoncountyin.portal.civicclerk.com/event/1066/media,harrisoncountyin.portal.civicclerk.com,civicclerk,deferred-file-gov-id,gov_id already recorded in the deferred file,us:county:18061,,,,,,
tier3_long_meetings_deferred.txt,https://harrisoncountyin.portal.civicclerk.com/event/1067/media,harrisoncountyin.portal.civicclerk.com,civicclerk,deferred-file-gov-id,gov_id already recorded in the deferred file,us:county:18061,,,,,,
tier3_long_meetings_deferred.txt,https://hcnv.granicus.com/player/clip/44?view_id=2&redirect=true,hcnv.granicus.com,granicus,registry,not in MULTI_GOV_HOSTS -- single-tenant vendor host,,,,,,,
tier3_long_meetings_deferred.txt,https://hobbsnm.portal.civicclerk.com/event/212/media,hobbsnm.portal.civicclerk.com,civicclerk,registry,not in MULTI_GOV_HOSTS -- single-tenant vendor host,,,,,,,
tier3_long_meetings_deferred.txt,https://howardcotx.portal.civicclerk.com/event/179/media,howardcotx.portal.civicclerk.com,civicclerk,deferred-file-gov-id,gov_id already recorded in the deferred file,us:county:48227,,,,,,
tier3_long_meetings_deferred.txt,https://kenmorewa.portal.civicclerk.com/event/1802/media,kenmorewa.portal.civicclerk.com,civicclerk,registry,not in MULTI_GOV_HOSTS -- single-tenant vendor host,,,,,,,
tier3_long_meetings_deferred.txt,https://kentcountymd.portal.civicclerk.com/event/859/media,kentcountymd.portal.civicclerk.com,civicclerk,deferred-file-gov-id,gov_id already recorded in the deferred file,us:county:24029,,,,,,
tier3_long_meetings_deferred.txt,https://kentcountymd.portal.civicclerk.com/event/1037/media,kentcountymd.portal.civicclerk.com,civicclerk,deferred-file-gov-id,gov_id already recorded in the deferred file,us:county:24029,,,,,,
tier3_long_meetings_deferred.txt,https://levycofl.portal.civicclerk.com/event/2039/media,levycofl.portal.civicclerk.com,civicclerk,deferred-file-gov-id,gov_id already recorded in the deferred file,us:county:12075,,,,,,
tier3_long_meetings_deferred.txt,https://lumbertonnc.portal.civicclerk.com/event/263/media,lumbertonnc.portal.civicclerk.com,civicclerk,deferred-file-gov-id,gov_id already recorded in the deferred file,us:place:3739700,,,,,,
tier3_long_meetings_deferred.txt,https://lynnhavenfl.portal.civicclerk.com/event/2112/media,lynnhavenfl.portal.civicclerk.com,civicclerk,deferred-file-gov-id,gov_id already recorded in the deferred file,us:place:1241825,,,,,,
tier3_long_meetings_deferred.txt,https://madisoncoil.portal.civicclerk.com/event/560/media,madisoncoil.portal.civicclerk.com,civicclerk,deferred-file-gov-id,gov_id already recorded in the deferred file,us:county:17119,,,,,,
tier3_long_meetings_deferred.txt,https://madisoncoil.portal.civicclerk.com/event/417/media,madisoncoil.portal.civicclerk.com,civicclerk,deferred-file-gov-id,gov_id already recorded in the deferred file,us:county:17119,,,,,,
tier3_long_meetings_deferred.txt,https://northwoodoh.portal.civicclerk.com/event/309/media,northwoodoh.portal.civicclerk.com,civicclerk,registry,not in MULTI_GOV_HOSTS -- single-tenant vendor host,,,,,,,
tier3_long_meetings_deferred.txt,https://ottawaks.portal.civicclerk.com/event/1101/media,ottawaks.portal.civicclerk.com,civicclerk,deferred-file-gov-id,gov_id already recorded in the deferred file,us:place:2053550,,,,,,
tier3_long_meetings_deferred.txt,https://prairievillageks.portal.civicclerk.com/event/684/media,prairievillageks.portal.civicclerk.com,civicclerk,deferred-file-gov-id,gov_id already recorded in the deferred file,us:place:2057575,,,,,,
tier3_long_meetings_deferred.txt,https://prosserwa.portal.civicclerk.com/event/203/media,prosserwa.portal.civicclerk.com,civicclerk,deferred-file-gov-id,gov_id already recorded in the deferred file,us:place:5356450,,,,,,
tier3_long_meetings_deferred.txt,https://pueblococo.portal.civicclerk.com/event/10402/media,pueblococo.portal.civicclerk.com,civicclerk,deferred-file-gov-id,gov_id already recorded in the deferred file,us:county:08101,,,,,,
tier3_long_meetings_deferred.txt,https://rockawaybeachor.portal.civicclerk.com/event/2070/media,rockawaybeachor.portal.civicclerk.com,civicclerk,deferred-file-gov-id,gov_id already recorded in the deferred file,us:place:4162900,,,,,,
tier3_long_meetings_deferred.txt,https://rockporttx.portal.civicclerk.com/event/1102/media,rockporttx.portal.civicclerk.com,civicclerk,deferred-file-gov-id,gov_id already recorded in the deferred file,us:place:4862804,,,,,,
tier3_long_meetings_deferred.txt,https://saratogaspringsny.new.swagit.com/videos/306992,saratogaspringsny.new.swagit.com,swagit,registry,not in MULTI_GOV_HOSTS -- single-tenant vendor host,,,,,,,
tier3_long_meetings_deferred.txt,https://seadrifttx.portal.civicclerk.com/event/5/media,seadrifttx.portal.civicclerk.com,civicclerk,deferred-file-gov-id,gov_id already recorded in the deferred file,us:place:4866416,,,,,,
tier3_long_meetings_deferred.txt,https://seadrifttx.portal.civicclerk.com/event/21/media,seadrifttx.portal.civicclerk.com,civicclerk,deferred-file-gov-id,gov_id already recorded in the deferred file,us:place:4866416,,,,,,
tier3_long_meetings_deferred.txt,https://waycrossga.portal.civicclerk.com/event/308/media,waycrossga.portal.civicclerk.com,civicclerk,deferred-file-gov-id,gov_id already recorded in the deferred file,us:place:1380956,,,,,,
tier3_long_meetings_deferred.txt,https://whiteville.granicus.com/player/clip/388?view_id=1&redirect=true,whiteville.granicus.com,granicus,registry,not in MULTI_GOV_HOSTS -- single-tenant vendor host,,,,,,,
tier3_long_meetings_deferred.txt,https://winterhaven-fl.granicus.com/MediaPlayer.php?clip_id=616&view_id=1,winterhaven-fl.granicus.com,granicus,registry,not in MULTI_GOV_HOSTS -- single-tenant vendor host,,,,,,,
tier3_long_meetings_deferred.txt,https://winterhaven-fl.granicus.com/player/clip/616?view_id=1&redirect=true,winterhaven-fl.granicus.com,granicus,registry,not in MULTI_GOV_HOSTS -- single-tenant vendor host,,,,,,,
tier3_long_meetings_deferred.txt,https://winterhaven-fl.granicus.com/MediaPlayer.php?view_id=1&clip_id=616,winterhaven-fl.granicus.com,granicus,registry,not in MULTI_GOV_HOSTS -- single-tenant vendor host,,,,,,,
tier3_long_meetings_deferred.txt,https://wrightcountymn.portal.civicclerk.com/event/1667/media,wrightcountymn.portal.civicclerk.com,civicclerk,deferred-file-gov-id,gov_id already recorded in the deferred file,us:county:27171,,,,,,
tier3_long_meetings_deferred.txt,https://wrightcountymn.portal.civicclerk.com/event/2682/media,wrightcountymn.portal.civicclerk.com,civicclerk,deferred-file-gov-id,gov_id already recorded in the deferred file,us:county:27171,,,,,,
tier3_long_meetings_deferred.txt,https://wrightcountymn.portal.civicclerk.com/event/30/media,wrightcountymn.portal.civicclerk.com,civicclerk,deferred-file-gov-id,gov_id already recorded in the deferred file,us:county:27171,,,,,,
tier3_long_meetings_deferred.txt,https://yazoo.granicus.com/MediaPlayer.php?view_id=1&clip_id=238,yazoo.granicus.com,granicus,registry,not in MULTI_GOV_HOSTS -- single-tenant vendor host,,,,,,,
tier3_long_meetings_deferred.txt,https://pub-edmonton.escribemeetings.com/Meeting.aspx?Agenda=Agenda&Id=6f5d15ef-01bf-411b-8af1-0b22d2f92009&Item=54&Tab=attachments&lang=English,pub-edmonton.escribemeetings.com,escribe,deferred-file-gov-id,gov_id already recorded in the deferred file,us:place:2123968,,,,,,
tier3_long_meetings_deferred.txt,https://www.crd.ca/government-administration/boards-committees/committees-commissions/capital-regional-district-board,www.crd.ca,www.crd.ca,deferred-file-gov-id,gov_id already recorded in the deferred file,ca:cd:5917,https://www.crd.ca/government-administration/boards-committees/committees-commissions/capital-regional-district-board,,,,,
tier3_long_meetings_deferred.txt,https://cloud.castus.tv/vod/littleton/video/6aa38884265b27000284bb5b,cloud.castus.tv,castus,deferred-file-gov-id,gov_id already recorded in the deferred file,us:cousub:2501735950,https://cloud.castus.tv/vod/littleton/?page=RECENT,,,,,
tier3_long_meetings_deferred.txt,https://playback.orionontv.org/internetchannel/show/5760?site=3,playback.orionontv.org,playback.orionontv.org,deferred-file-gov-id,gov_id already recorded in the deferred file,us:cousub:2612561100,https://playback.orionontv.org/internetchannel/show/5760?site=3,,,,,
tier3_long_meetings_deferred.txt,https://oakgrove.granicus.com/MediaPlayer.php?view_id=2&clip_id=759,oakgrove.granicus.com,granicus,deferred-file-gov-id,gov_id already recorded in the deferred file,us:place:2747690,https://oakgrove.granicus.com/MediaPlayer.php?view_id=2&clip_id=759,,,,,
