gov_id,government,state,lane,lead_url,kind,meeting_source_has_no_video,run,all_youtube_addresses_seen
us:place:2929494,Greenwood city,Missouri,youtube,https://www.youtube.com/user/greenwoodmo,channel,no,group4_pilot300_run,https://www.youtube.com/user/greenwoodmo
us:place:4835084,Howe town,Texas,youtube,https://www.youtube.com/embed/uCTfeG7Vmnk?playlist=uCTfeG7Vmnk&loop=1&rel=0&autoplay=1&controls=0&modestbranding=1&mute=1&playsinline=1,playlist,no,group4_pilot300_run,https://www.youtube.com/embed/uCTfeG7Vmnk?playlist=uCTfeG7Vmnk&loop=1&rel=0&autoplay=1&controls=0&modestbranding=1&mute=1&playsinline=1
us:place:3626462,Fonda village,New York,youtube,https://www.youtube.com/embed/s_BQ0u39Op4?feature=oembed,single_video,no,group4_pilot300_run,https://www.youtube.com/embed/s_BQ0u39Op4?feature=oembed
us:place:3856420,New Leipzig city,North Dakota,youtube,https://youtube.com/embed/nfDIgbtzgZ8?rel=0&showinfo=0&start=0&autoplay=0&loop=0&muted=0&controls=1,single_video,no,group4_pilot300_run,https://youtube.com/embed/nfDIgbtzgZ8?rel=0&showinfo=0&start=0&autoplay=0&loop=0&muted=0&controls=1
us:place:1852740,New Castle city,Indiana,youtube,https://www.youtube.com/@cityofnewcastle9911,channel,no,group4_pilot300_run,https://www.youtube.com/@cityofnewcastle9911
us:place:1834420,Homecroft town,Indiana,youtube,https://www.youtube.com/@homecrofttowncouncil,channel,no,group4_pilot300_run,https://www.youtube.com/watch?v=w1M73qgB12w https://youtu.be/R0jCn9HmHB0 https://www.youtube.com/@homecrofttowncouncil https://www.youtube.com/channel/UCfLYcp8eh4VAC8_BBRsHhFg
us:place:3610341,Buchanan village,New York,youtube,https://www.youtube.com/@villageofbuchanan,channel,no,group4_pilot300_run,https://www.youtube.com/@villageofbuchanan https://www.youtube.com/embed/ODd_fxdhCSU?si=30s05hWdLE5dN6O1 https://www.youtube.com/embed/pSe3_oeDMgc https://www.youtube.com/embed/T6bMugEESfM https://www.youtube.com/embed/IPQHHNVtNkU https://www.youtube.com/embed/udzHn7z4Emo https://www.youtube.com/embed/FQdr6li13_A https://www.youtube.com/embed/9lB_60IDL18 https://www.youtube.com/embed/U230BV0RsOQ https://www.youtube.com/embed/31iGJDjlSi4 https://www.youtube.com/embed/XXHRSkUPP8c?rel=0 https://www.youtube.com/embed/hK91ge4ETTw?rel=0 https://www.youtube.com/embed/_ClvIakZq8k?rel=0 https://youtu.be/Y9JwrU4nKK0?si=08pLAuBDxwVfq-Tm https://youtu.be/d_pRxcB3Ezs?si=Bvl_h-gPlE7Mh9-V https://youtu.be/wp6t72SCAok?si=KPg6P6oY8dKmfWnh https://youtu.be/VAbibVB6Etg?si=64WoDXFX3vGJfHsp https://youtu.be/U2yqRqsJx_c?si=z9NjvOZu1R9flVU0 https://youtu.be/p3Cy7pkyA_w?si=Sn5UYoCFjWQEpTG9 https://youtu.be/7-m6MidfnR0?si=hZhozpneMzOYIeew https://youtu.be/b7IamW3AhYA?si=n0zHzInfnfm0eBuH https://youtu.be/INqH3AEa5Ek?si=o3ivtFMMAvuIgY8C https://youtu.be/_-P02hKRC-I?si=sTpiIGoswt9LuFB9 https://youtu.be/-nUK1r4th6E?si=ggivyd1yAKrply_h https://youtu.be/jOQ9pu8a2kk?si=k3EMGkAGgBmRwUpl https://youtu.be/9GmZwPUjPGs?si=M9PwALb92A5sTtuB https://youtu.be/Csw3tOPGy9g?si=x2NTkqPQUg69PSmY https://youtu.be/AFEmgiGGYVc?si=3into1DL7-KBj4-C https://youtu.be/Pi9uBSopjtQ?si=-lyUiwTBnA3vDLAw https://youtu.be/8Ri2puEmoTE?si=Gvkmp5x0zVdQ_C_z https://youtu.be/0vsC1wjWONo?si=kIR6ghYquu7Jlxxv https://youtu.be/Lst6Z_1F4z4?si=ok82m_KJpWHIlBsa https://youtu.be/LCG6oBzvQXg?si=PQjPrMHC9gnwuhfZ https://youtu.be/OcYtJtRZj-M?si=irwoNJV4ogZiPSkZ https://youtu.be/IdS9Uxph9xw?si=3ffoNVBk7ScshOlm https://youtu.be/EhE0VxiNKRU?si=gIPlrw7-ZU4mFS5G https://youtu.be/tMiO_2jguKk?si=8kMXOs9EMpr8en3X https://youtu.be/fZyi_bP4ZzU?si=Oj4Vs8LEr9XR2MhV https://youtu.be/kH3NU3luGYA?si=shPixZFAcE5rXJUQ https://youtu.be/8zRJqOCqF3g?si=WzYDlk8ED5aFZNex https://youtu.be/6f_KSL6kNmo?si=lBhNCV6Tzmzo5lpd https://youtu.be/y-eE3arOay4?si=evuhQx8YJYxC5gNS https://youtu.be/hOVI-iSN1aU?si=6CrvW2TBGwnr5JGz https://youtu.be/l9JR0fXkHn0?si=pTGQIDV9ds-2K2tZ https://youtu.be/xWM_OKcFPd4?si=jcI0bn-zSMsWhgIw https://youtu.be/LXqG9MucqGo?si=g7GFzho8gpErNFXZ https://youtu.be/huMaDK6sDKE?si=yzChmyHz2hS5NMPn https://youtu.be/s-oachbMLTU?si=5545iIz4E4lvBbC8 https://youtu.be/2yCMVzgkcFk?si=-pBDQdnOx99j9-qk https://youtu.be/RbQHlhC5qpY?si=NLjVHgyqfDJP9gBI https://youtu.be/3St9fm62F-4?si=jJthWb0No4OLFMt- https://youtu.be/lL1XbhtMJoI?si=oi2lTfK97G61J1_7 https://youtu.be/J1hTBqGCHTA?si=sgCBbHslXbc1xqJ8 https://youtu.be/VX37_9Xq8VU?si=5_NYTsd3skHstGAv https://youtu.be/idKAthKDwn8?si=lZc87TggsHSvV7Wn https://youtu.be/SKGCoO7MlWY?si=LcITB6sermAY0WOk https://youtu.be/PIBEJ1XK4xU?si=KlRqpzFnFNsouthp https://youtu.be/8bNcE-sVkQA?si=l8-gwDyxcbYAxXUG https://youtu.be/ZXQO3RAEX0E?si=jnSmh9wdzlgKANIk https://youtu.be/LwWlgXbjysE?si=8-Q63mPGz068OOyH https://youtu.be/UwojTV0nFsw?si=j_Sff5nlZgHsJ-_4 https://youtu.be/1J8uYVHgAWE?si=ABylP_SQf5pWs-Il https://youtu.be/4UDpowZUOeE?si=-OXHJ8cyLWVHfOfY https://youtu.be/OdeqAq2YMLM https://youtu.be/BDKDP03IoXs?si=wRjBmaK4zvy_PTmE https://youtu.be/OyBBXPVMeu0?si=go0X32L9xZaFUm5b https://youtu.be/CZXZ3qg3BQQ?si=TS3ung3qVvtrFkYv https://youtu.be/fgW38IlBnbs?si=D60Bpdr1TMzVmt4x https://youtu.be/HBMljYHfCF8?si=YRGcppDTjgSyXHkx https://youtu.be/Z3usAHZola0?si=5SZOnlPrLUqidZps https://youtu.be/-XQe2Ocf8Z0?si=mJAHfPS1mieeKZg_ https://youtu.be/THZ-YX4if-w?si=kcfABgHg6vxVSRfD https://youtu.be/Kr40FJJ6vp4?si=xRIWOll00rFDq6Bc https://youtu.be/cAP7gQMrrdo?si=GAhBWNfMO2ncdNjs https://youtu.be/47I4IFXD_o4?si=bRBROqlTTSWtTP8r https://youtu.be/bn10ouLPzwA?si=eovKCqacP49YhmbS https://youtu.be/wjD9kpmlLdg?si=hu_Ds5T2RxlKiBxi https://youtu.be/WxORIerZY84?si=OeDTmvtgfr7L70Qh https://youtu.be/lCj2PE7zr6w?si=xflaK_GEqqu8oHn_ https://youtu.be/adgl56gDQ9I?si=TzEx6yCxuTRlhgxx https://youtu.be/AN-i_0tPFoI?si=3Mcx2JoyyD_mY5i1 https://youtu.be/MuuVW-6ahjE?si=g15twQd701qljng3 https://youtu.be/QY8OyDRhtkg?si=toEVv3-KfTXD4vrx https://youtu.be/J-2O9VU_svA?si=tObnmImg-wimU7w5 https://youtu.be/50a7BRMM3fE?si=N6e4TBFR3vBhTfVV https://youtu.be/YOLgeHpmrWA?si=79JYGHFxHsv0anHO https://youtu.be/NUmbjfJW5Cs?si=zdd-cLDXgnmGxYa9 https://youtu.be/qdf9iB0VnEo?si=4Sg280aK2EapPeLw https://youtu.be/TFMdyE9nspQ?si=hFD9gqt8SVjK1zHm https://youtu.be/Df-0nlWc578?si=L-1WPEXukFd7wkiS https://youtu.be/c1GRxFWoFjI?si=dtKoIsBOBVqL04AJ https://youtu.be/w2vsTmvynMI?si=toA8Gg5BA6enxCo6 https://youtu.be/ZT20bquJjhc?si=6_LcBCV4zboaR82k https://youtu.be/xqxOzRAcy0E?si=UeXltWpdHD2sXDiG https://youtu.be/gYAZqlhh3j8?si=hKtRtnQ2X0mcj3F0 https://youtu.be/b7vEh8758SI?si=Ujs0PkgWqRjmR84s https://youtu.be/hygof1Y9tfg?si=WT9pA2-TQdZ92a4U https://youtu.be/VUJrrseFtuM?si=2IJlOwUd3Ekp51tp https://youtu.be/sUDzclP8AJs?si=KefIVkr-Fk5XGzsz https://youtu.be/6dkrQHnC11k?si=LXR3DaXCtOn0v32L https://youtu.be/wH4-bPJkPKc?si=--Lq-ejMLFZncelI https://youtu.be/3PJZFQWUT5g https://youtu.be/6XZXPGyMvuk https://youtu.be/DJiRcvragrI https://youtu.be/jxS9WKqWs3c https://youtu.be/Ocjqp_31dS4 https://youtu.be/i7mRqMMssaI https://youtu.be/rfSLoPpvwTI https://youtu.be/iyk6dwO_gU8 https://youtu.be/CRzyCLCQSME https://youtu.be/BMXzZXorI-M https://youtu.be/Clwtl6io9Ak https://youtu.be/tK0WKIDqIsA https://youtu.be/Cb5Yj-dApa4 https://youtu.be/VR6EDkzP0-s https://youtu.be/aaMMGqxAsBM https://youtu.be/G6HOY0GYweE https://youtu.be/NXmQM2iZOHw https://youtu.be/CeCV8eIQTZI https://youtu.be/-oVnV7BEGBE https://youtu.be/IQuS7otOMi0 https://youtu.be/k1UuRo8WkBQ https://youtu.be/Uy2jvzpo07E https://youtu.be/KTak42-c3lA https://youtu.be/S6Bo617zzMU https://youtu.be/f1HKQkNbdV4 https://youtu.be/UH4117lxEeg https://youtu.be/X6U6SJUP8I0 https://youtu.be/l7IB6YMGM20 https://youtu.be/88cKYc5UJnQ https://youtu.be/w0wcNOWgaHs https://youtu.be/n3WXWN1_SSk https://youtu.be/X_CC8-g40uY https://youtu.be/yrDD4qoF9qw https://youtu.be/JGu-l8ZKBz8 https://youtu.be/O7MruqWeAkk https://youtu.be/8e-pP_hDEYM https://youtu.be/DC_w91hAF_k https://youtu.be/XN6OK2mdKDk https://youtu.be/lnI8PJP02wo https://youtu.be/8r_4gWm0lcQ https://youtu.be/2nD1n8YC59U https://youtu.be/r4SNS_CJ8SY https://youtu.be/CyJ8l6L6NGE https://youtu.be/uJv08JL3YFw https://youtu.be/_VMuaCu_Ybc https://youtu.be/L5Vi4_eDGvM https://youtu.be/wQVCaA7kfgw https://youtu.be/-cZrth3soBw https://youtu.be/0yo58nUcNr8 https://youtu.be/USL5mnqt0RY https://youtu.be/h3-Amg8_s8c https://youtu.be/oiAiNlqTmSw https://youtu.be/wnwXDS_51Rg https://youtu.be/t15zCQeTESg https://youtu.be/LpHkctelU_o https://youtu.be/6sGe2h-wE0Y https://youtu.be/skkWBhAFNZw https://youtu.be/yemrOlcIYiw https://youtu.be/lqMb7qszFpY https://youtu.be/ofUDsHEgiAA https://youtu.be/gOP2Fa0FZ2M https://youtu.be/aZ01eYkyp5I https://youtu.be/1nJzok6rXQo https://youtu.be/niQUtcrJ8Ac https://youtu.be/nIH3kiRpZ5g https://youtu.be/QKpLcQdWt1Q https://youtu.be/4SEbZ9YxJfo https://youtu.be/hJVIYmUqk0E https://youtu.be/P2oWnkOjePU https://youtu.be/Kk_Lm8VMLBo https://youtu.be/i-_J0bdfMPM https://youtu.be/1luhA-Ek9BM https://youtu.be/Esmht_kJnts https://youtu.be/sxISeGiNtsg https://youtu.be/Cr8ZN8zd4Fs https://youtu.be/hQtl3veQbeE https://youtu.be/k_LMamEYyOc https://youtu.be/8l5mVXaSiJc https://youtu.be/YutEV5YzG2A https://youtu.be/hnUhusIyxHM https://youtu.be/LDrw7WjwCSw https://youtu.be/fzYZzV5daZs https://youtu.be/BhDaYLPpw_4 https://youtu.be/CMNA9meczzw https://youtu.be/GJipLB-PVpo https://youtu.be/5neWaM1oh9U https://youtu.be/Y5dDoVdgeI4 https://youtu.be/TuaXjP0w8sw https://youtu.be/tbGTryBvEdw https://youtu.be/3SEdFUzxFk8 https://youtu.be/zEQm1XM8nxk https://youtu.be/Hwhj17BkPAU https://youtu.be/VAKGaLsy_tg https://youtu.be/3yfacwcuVjE https://youtu.be/3o_27y-P5p8 https://youtu.be/VAhzMAgFnv8 https://youtu.be/970Hff_vEEE https://www.youtube.com/live/xa5qQZ-fht0?feature=share https://youtu.be/ZwXbFVs6jdE https://youtu.be/xmedLI1YyFc https://youtu.be/Zgx9M25v6K8 https://youtu.be/u9SWM7nmRJQ https://youtu.be/UPZnGGZxE0I https://youtu.be/KHNNeGlIAMg https://youtu.be/MXe-mlbWB_g https://youtu.be/xuIsE6ks5uI https://www.youtube.com/live/C1TISgUyr5w?feature=share https://youtu.be/jERlBMVUXUc https://youtu.be/3oZ11qfZATA https://youtu.be/lJCkdSL7XhI https://youtu.be/Mv7zdp_YxKc https://youtu.be/B3nQcdXy5cw https://youtu.be/MguAiARcId0 https://youtu.be/AY8p7Ifj0bM https://youtu.be/EISEanCC2mQ
us:place:1237800,Lake Clarke Shores town,Florida,youtube,https://www.youtube.com/channel/UCXyjM0vOPeUiJ5US3YDFvZg,channel,no,group4_pilot300_run,https://www.youtube.com/channel/UCXyjM0vOPeUiJ5US3YDFvZg https://www.youtube.com/@townoflcs6709
us:place:3605034,Bayville village,New York,youtube,https://www.youtube.com/channel/UCCHHAZ7yyOOHCkVZ6AqZstw,channel,yes,group4_pilot300_run,https://www.youtube.com/channel/UCCHHAZ7yyOOHCkVZ6AqZstw
us:place:5561025,Palmyra village,Wisconsin,youtube,https://www.youtube.com/embed/Ftl5_KjG4Ls,single_video,no,group4_pilot300_run,https://www.youtube.com/embed/Ftl5_KjG4Ls https://www.youtube.com/embed/EUUUItr5TUE
us:place:3625527,Fayetteville village,New York,youtube,https://www.youtube.com/c/BoxCast,channel,yes,group4_pilot300_run,https://www.youtube.com/playlist?list=PL-wL96a9X8Mguru0jl0p0sGn_K8XGpRy7 https://www.youtube.com/c/BoxCast
us:place:3858740,Oakes city,North Dakota,youtube,https://www.youtube.com/channel/UCLzYhoqBmhsCUiD-xv_zg1g,channel,no,group4_pilot300_run,https://www.youtube.com/channel/UCLzYhoqBmhsCUiD-xv_zg1g
us:place:1839546,Kentland town,Indiana,youtube,https://www.youtube.com/channel/UChLTvQ7K59kBoDjvFCrn_vg,channel,no,group4_pilot300_run,https://www.youtube.com/channel/UChLTvQ7K59kBoDjvFCrn_vg
us:place:1064320,Seaford city,Delaware,youtube,http://www.youtube.com/channel/UCmTD6-NSvIMLwLSg3FUCzIA,channel,no,group4_pilot300_run,http://www.youtube.com/channel/UCmTD6-NSvIMLwLSg3FUCzIA
us:place:3979912,Versailles village,Ohio,youtube,https://www.youtube.com/embed/WQvawEr1ce0,single_video,no,group4_pilot300_run,https://www.youtube.com/embed/WQvawEr1ce0 https://www.youtube.com/embed/hkRARjKKByo
us:place:4805552,Bangs city,Texas,youtube,https://youtu.be/iMnCG-vlM_4,single_video,no,group4_pilot300_run,https://youtu.be/iMnCG-vlM_4
us:place:5508850,Boscobel city,Wisconsin,youtube,https://www.youtube.com/embed/eV138uM1h-w?rel=0,single_video,no,group4_pilot300_run,https://www.youtube.com/embed/eV138uM1h-w?rel=0 https://www.youtube.com/embed/GoU7AvAOrI0?rel=0 https://www.youtube.com/embed/Ecu3YkiDRs8?rel=0 https://www.youtube.com/embed/QUFSbOsX8qY?rel=0
us:place:1732200,Hainesville village,Illinois,youtube,https://www.youtube.com/@HainesvilleIL,channel,yes,group4_batch2_run,https://www.youtube.com/@HainesvilleIL
us:place:5314170,Colville city,Washington,youtube,https://www.youtube.com/channel/UCKHyAbGEMhgZ8Ago8jSmVhw,channel,no,group4_batch2_run,https://www.youtube.com/embed/FxIJIjMgK7Q?wmode=transparent&fs=0&rel=0&enablejsapi=1&version=3 https://www.youtube.com/channel/UCKHyAbGEMhgZ8Ago8jSmVhw https://www.youtube.com/user/secstatewa
us:place:0807410,Blue River town,Colorado,youtube,https://www.youtube.com/channel/UCbylTAgl039HX-AMIPSyWhQ,channel,no,group4_batch2_run,https://www.youtube.com/channel/UCbylTAgl039HX-AMIPSyWhQ
us:place:0677574,Taft city,California,youtube,https://www.youtube.com/watch?v=4ot3oxD1HL0&t=431s,single_video,no,group4_batch2_run,https://www.youtube.com/watch?v=4ot3oxD1HL0&t=431s
us:place:3454360,Ocean City city,New Jersey,youtube,https://youtu.be/CkeRrFhLwuo,single_video,no,group4_batch2_run,https://youtu.be/CkeRrFhLwuo https://youtu.be/t-_9z0vbKbs https://youtu.be/R6B1z6Dc12M https://youtu.be/VaAJq8vuYQ8 https://youtu.be/RYh3Yn-xmUU https://youtu.be/Eh4z4yWslSQ https://youtu.be/So6KfJ8hCog https://youtu.be/n6p38h_30Rs https://youtu.be/7-_qde7IMRU https://youtu.be/Y6CCRSK0sVI https://youtu.be/xWicHCofcNA https://youtu.be/ORzLaGJ5EGI https://www.youtube.com/watch?v=0NLTmN4179c&feature=youtu.be https://youtu.be/luX3ezD3BMY http://youtu.be/tOnnpolsRbY https://youtu.be/WIiDtPYN9YU https://youtu.be/Cn4uUaTex_Y https://youtu.be/0YzuhKe3-_M https://youtu.be/zBuH6hDW1Sk https://youtu.be/WLKL9Dd5A_g https://youtu.be/npybVqUBfTs https://youtu.be/OOZ8yLiN86o https://youtu.be/FdNo9CQPAP0 https://youtu.be/AMgDj_MTJSM https://youtu.be/A799rnTrBEU https://youtu.be/ubx84RCjYHw https://youtu.be/oXmkk8QjHg8 https://youtu.be/mxE4RnrkvjY https://youtu.be/Yz0F4oivXgs https://youtu.be/fPYASqYua3M https://youtu.be/5abUdam-W0U https://youtu.be/ib_Q25Xb7cQ https://youtu.be/8Hl-R3EfOrw?si=J1CxV_NeUJXE9mRe https://youtu.be/txn0yZNCRaA https://youtu.be/eIedcBsJzTE https://youtu.be/pnq0IIkGOaI https://youtu.be/nN9xoOn4hDw https://youtu.be/RTtxaXb30Mg https://youtu.be/jSjAuc9W8TY https://youtu.be/fT_dU201ij0?si=6yVZKR2FFfYlFLvU https://youtu.be/lyUD-j7KT2E?si=g0MqYfFkIWX4mPlA https://youtu.be/UUW9mA5_m-E https://youtu.be/D9eKf5oDH2Q https://youtu.be/s2M_b63wFJg https://youtu.be/dE_8A90Wfas https://youtu.be/HA8dMKo6DIE https://youtu.be/sWbDf_AVEc0 https://youtu.be/7GEpwE0IheY https://youtu.be/zDQemYLZ4mU https://youtu.be/0Z2PAwD8abs https://youtu.be/qwVs0ZO0ZE8 https://youtu.be/WcmTIeIHe6s https://youtu.be/L0UOPBvcxsU https://youtu.be/rLTwSpNsi3U https://youtu.be/XuEcDlCnNTw https://youtu.be/ODokjOTmVRA
us:place:3150965,Wahoo city,Nebraska,youtube,https://www.youtube.com/@saunderscountyonline5994/streams,channel,yes,group4_batch2_run,https://www.youtube.com/@saunderscountyonline5994/streams
us:place:1607840,Blackfoot city,Idaho,youtube,https://www.youtube.com/watch?v=Gv1aDEFlXq8&feature=youtu.be&list=UUrd8W0u23ND2XxxjqHq5-aA,playlist,yes,group4_batch2_run,https://www.youtube.com/watch?v=Gv1aDEFlXq8&feature=youtu.be&list=UUrd8W0u23ND2XxxjqHq5-aA
us:place:3470140,Spring Lake Heights borough,New Jersey,youtube,https://youtu.be/InJOHjj20Fw,single_video,no,group4_batch2_run,https://youtu.be/InJOHjj20Fw
us:place:1922890,Dunlap city,Iowa,youtube,https://www.youtube.com/channel/UCgIlR9Kn2mMxY7CZCsrqfoQ,channel,no,group4_batch2_run,https://www.youtube.com/channel/UCgIlR9Kn2mMxY7CZCsrqfoQ
us:place:2723714,Gilbert city,Minnesota,vimeo,https://player.vimeo.com/video/1230071800?h=1828741cf5&portfolio_id=646358,single_video,no,group4_batch2_run,
us:place:4911440,Cedar Hills city,Utah,youtube,https://www.youtube.com/@cedarhillsutah,channel,no,group4_batch2_run,https://www.youtube.com/@cedarhillsutah
us:place:0125840,Fayette city,Alabama,youtube,https://www.youtube.com/watch?v=G0vyujmTsiA,single_video,no,group4_final_run,https://www.youtube.com/watch?v=G0vyujmTsiA
us:place:2035950,Kanopolis city,Kansas,youtube,https://www.youtube.com/embed/7IHBHSd9S3w?feature=oembed,single_video,no,group4_final_run,https://www.youtube.com/embed/7IHBHSd9S3w?feature=oembed
us:place:4207160,Blossburg borough,Pennsylvania,youtube,http://www.youtube.com/embed/F8Iuw4ECerQ,single_video,no,group4_final_run,http://www.youtube.com/embed/F8Iuw4ECerQ https://www.youtube.com/embed/ExwrHeoMWt8?feature=oembed https://www.youtube.com/embed/SRuX2U2tZTo?feature=oembed https://www.youtube.com/embed/qwKN_JCq5ok?feature=oembed https://www.youtube.com/embed/WA8AuwoSTs4?feature=oembed https://www.youtube.com/embed/KTERai3_wFg?feature=oembed https://www.youtube.com/embed/mkwbPi54BzA?feature=oembed https://www.youtube.com/embed/P4T1LbVtthw?feature=oembed https://www.youtube.com/embed/KNdzs4fTrv8?feature=oembed https://www.youtube.com/embed/1_gcfVe2xQY?feature=oembed https://www.youtube.com/embed/5qmbUgOCsLQ?feature=oembed https://www.youtube.com/embed/tMWNOph3q1Q?feature=oembed
us:place:3985484,Willoughby city,Ohio,youtube,https://www.youtube.com/channel/UCr3jEcrIRW_JFBwUfDbd-Xg,channel,no,group4_final_run,https://www.youtube.com/embed/XEbBEg8NsSc?feature=oembed https://www.youtube.com/channel/UCr3jEcrIRW_JFBwUfDbd-Xg
us:place:3111825,Curtis city,Nebraska,youtube,https://www.youtube.com/embed/BwPS1du23p0?&rel=0&modestbranding=1,single_video,no,group4_final_run,https://www.youtube.com/embed/BwPS1du23p0?&rel=0&modestbranding=1
us:place:3474540,Union Beach borough,New Jersey,youtube,https://www.youtube.com/watch?v=NEq6TqTcN54,single_video,no,group4_final_run,https://www.youtube.com/watch?v=NEq6TqTcN54 https://youtu.be/Rk5bZHp2ud0
us:place:4203736,Baden borough,Pennsylvania,youtube,https://www.youtube.com/embed/XvM7yHjkPmY?feature=oembed,single_video,no,group4_final_run,https://www.youtube.com/embed/XvM7yHjkPmY?feature=oembed
us:place:4510855,Camden city,South Carolina,youtube,https://www.youtube.com/channel/UCTCz8V09IXiKbywfXSGf7nA,channel,no,group4_final_run,https://www.youtube.com/channel/UCTCz8V09IXiKbywfXSGf7nA
us:place:4746700,Maynardville city,Tennessee,youtube,https://www.youtube.com/embed/VC5NnH5dgzY?feature=oembed,single_video,no,group4_final_run,https://www.youtube.com/embed/VC5NnH5dgzY?feature=oembed
us:place:4763080,Ridgeside city,Tennessee,youtube,https://youtu.be/KS4xRiaSaFA,single_video,no,group4_final_run,https://youtu.be/KS4xRiaSaFA
us:place:4278448,Union City borough,Pennsylvania,youtube,https://www.youtube.com/embed/5w6Qnxpzx-Y,single_video,no,group4_final_run,https://www.youtube.com/embed/5w6Qnxpzx-Y https://www.youtube.com/embed/yAGL365w5vo
us:place:3444520,Matawan borough,New Jersey,youtube,https://www.youtube.com/@MatawanBorough,channel,no,group4_final_run,https://www.youtube.com/@MatawanBorough
us:place:3453040,North Haledon borough,New Jersey,youtube,https://www.youtube.com/embed/negkoINTiow?wmode=transparent,single_video,no,group4_final_run,https://www.youtube.com/embed/negkoINTiow?wmode=transparent
us:place:4834088,Hillsboro city,Texas,youtube,https://www.youtube.com/@HillsboroTexas-CityGovernment,channel,no,group4_final_run,https://www.youtube.com/@HillsboroTexas-CityGovernment
us:place:0652694,Oakdale city,California,youtube,https://www.youtube.com/@CityofOakdaleca,channel,no,group4_final_run,https://www.youtube.com/@CityofOakdaleca
us:place:4262432,Pottsville city,Pennsylvania,youtube,https://youtube.com/playlist?list=PLm7nIWYF6R8dZFWYdaQGh0QmWNMAuEMbS,playlist,no,group4_final_run,https://youtube.com/playlist?list=PLm7nIWYF6R8dZFWYdaQGh0QmWNMAuEMbS
us:place:1959835,Osceola city,Iowa,youtube,https://www.youtube.com/watch?v=P9pcBTugGuE,single_video,yes,group4_final_run,https://www.youtube.com/watch?v=P9pcBTugGuE https://www.youtube.com/embed/um87Gl7lvAk
us:place:1759052,Peotone village,Illinois,youtube,https://youtu.be/JAxmz-PGuao?si=SnWLBy2txGfkABl2,single_video,yes,group4_final_run,https://youtu.be/JAxmz-PGuao?si=SnWLBy2txGfkABl2 https://youtu.be/Mz-dYx7GZDk?si=7u8aiHu4cq1Iwpc3 https://youtu.be/c3s4XuR5JGM?si=SdHt2_DfgIffANIH https://youtu.be/mxLnFKA3rEI?si=S8GkXgCuu8NVwul3 https://youtu.be/h8y5utigWjI?si=swTISzz9O7vHOCEY https://youtu.be/vQ__uwlHAcM?si=CROVK1_dawyvx-tU https://youtu.be/qfqQ4JlRArk?si=Q_6WYzVpCdxb90Ma https://youtu.be/3eXudSDK_OI?si=cSTI6hEVJBaQj7Pj https://youtu.be/S0ljm_gvyy4?si=YUnZFAlZHXZfEfGI https://youtu.be/WlWvJykgzaM?si=LIA2vHSvjBo6sLq4 https://youtu.be/yVuKJIxS_ps?si=TON70DqRAbOXbsGt https://youtu.be/lfg-jhe8x4M?si=UkvXU-jcssIZN5aE https://youtu.be/933oRlV2Seg?si=-Xu6B8E-kdWMbfVd https://youtu.be/gDJrjDZH5uA?si=zuYGIkvDisOBT259 https://youtu.be/Q3JBaf7CFGY?si=ALSebW5xomkgsAwM https://youtu.be/XPiVeKElOtc?si=L3FhzzNMZrGxSb9w https://youtu.be/UdI0I5A4wTs?si=VQcSD19swlRUhAKx https://youtu.be/RKs6_EyH5CU?si=INJYksm1_EZbUbeq https://youtu.be/rCHfXLtvycM?si=BGPSUHS4k4SOrFex https://youtu.be/aluojiLx6CA?si=7ZggXs38_GFhroov https://youtu.be/B1niF8Aa5DY?si=w5RIYsd-ZVDHM0LD https://youtu.be/28PJGUa4U_U?si=eEADeFf2ujo56mKA https://youtu.be/pbw9XNmAnvM?si=bjx4pRGMW5O-VD6x https://youtu.be/pP33cK8E1NQ?si=-9HtFe2UuNAtV7sd https://www.youtube.com/watch?v=Zy7bGrqkrVc
us:place:4223440,Elverson borough,Pennsylvania,youtube,http://youtu.be/O_eyEPl_jzA,single_video,yes,group4_final_run,http://youtu.be/O_eyEPl_jzA
us:place:4749360,Minor Hill city,Tennessee,youtube,https://youtube.com/@slotgacor,channel,no,group4_final_run,https://youtube.com/@slotgacor
us:place:5411188,Buckhannon city,West Virginia,youtube,https://www.youtube.com/user/ch3buckhannon/videos?fbclid=IwAR3euO88MUR10ALf56ImjIK_JIVkwghTKLtdC547lmZElC4PpxGCHWuNTt4,channel,no,group4_final_run,https://www.youtube.com/user/ch3buckhannon/videos?fbclid=IwAR3euO88MUR10ALf56ImjIK_JIVkwghTKLtdC547lmZElC4PpxGCHWuNTt4
us:place:2928594,Grant City town,Missouri,youtube,https://www.youtube.com/@dr88rcom,channel,no,group4_final_run,https://www.youtube.com/@dr88rcom
us:place:4238248,Johnsonburg borough,Pennsylvania,vimeo,https://player.vimeo.com/video/205208966,single_video,no,group4_final_run,
us:place:3980402,Waite Hill village,Ohio,youtube,http://www.youtube.com/embed/7u5ByTr5eR8?rel=0,single_video,no,group4_final_run,http://www.youtube.com/embed/7u5ByTr5eR8?rel=0
us:place:1701049,Altamont city,Illinois,youtube,https://www.youtube.com/embed/v2l5kwrBjak?si=Xj_ZDfoSzjqVQao3,single_video,no,group4_final_run,https://www.youtube.com/embed/v2l5kwrBjak?si=Xj_ZDfoSzjqVQao3
us:place:0171976,Spanish Fort city,Alabama,youtube,https://youtube.com/playlist?list=PLmzqF5_XukJZhlZVJBI666ncIuUfgzj0K,playlist,no,group4_final_run,https://youtube.com/playlist?list=PLmzqF5_XukJZhlZVJBI666ncIuUfgzj0K
us:place:4867688,Shoreacres city,Texas,youtube,https://youtu.be/uJmZekytFgI,single_video,no,group4_final_run,https://youtu.be/uJmZekytFgI https://youtu.be/k8UFTYX2nWw https://youtu.be/3mjTqOES1sA https://youtu.be/c_e9D4-wt8U https://youtu.be/huxpsUaungk https://youtu.be/UgbGo64s52k?si=w6Q_UW6moIP8yYbg https://youtu.be/s9jdOaGLXl4 https://youtu.be/ynslvc5LLkQ https://youtu.be/NUuFJ2jCmJo https://youtu.be/Cg22D5qHbmY https://youtu.be/WTkrlD0MuDA https://youtu.be/zsDWngxkvec https://youtu.be/NdxiYrijEnM https://www.youtube.com/watch?v=cY-BIyPL7J8 https://youtu.be/YRxV6zGdS2M https://youtu.be/J5kOUHzoQGw https://youtu.be/QRT55Elk6fM https://youtu.be/O8fLq2l2-eI https://youtu.be/JqoIqBpUv0I https://youtu.be/sJjCdTbgm6E https://youtu.be/MMFAG76IiuE https://youtu.be/Xlp1NoNjmdY https://youtu.be/Ya005OJwo7A https://youtu.be/zxF5tKmtUko?si=Uy8rYG45N3_gAE4X https://youtu.be/YEyJGhqGdZI?si=iW_fsEvE5sZwbSQ3 https://www.youtube.com/watch?v=_OW4waLtUp4 https://youtu.be/DKJeQyVNNwQ?si=UaaA4gSXcLfI6PZv https://youtu.be/kY7-lb0W04Q?si=_CJsBGKX5rNNZH1U https://youtu.be/NP37fxBhpnI?si=WPxo92h2IHNMx1rs https://youtu.be/ygSFgcL-ZWo?si=j37PPwzskATdAh0N https://youtu.be/1HCxt8SN9iM https://youtu.be/oTGM_yqHDEg https://youtu.be/EAci5K4YxNo https://youtu.be/HwHeF16tdo0?si=zmnIvSu6VXfU6rNu https://youtu.be/g7rpWmJCOwU?si=h5ZxnKdSvkG20wt8 https://youtu.be/dT1JO3TOCIA?si=7gFpZbXXuin8DWbG https://youtu.be/-sOS-MoHvko?si=goMjxqxjqJT_MzI9 https://youtu.be/NWbEq6KtVZg?si=BOyCKWkV0bI4jr6a https://youtu.be/e0As39PHkrY https://youtu.be/mmU-1QBVukM https://www.youtube.com/watch?v=k5cClyyfwOQ https://www.youtube.com/watch?v=4leK5zrmDU0
us:place:5152680,Monterey town,Virginia,youtube,https://www.youtube.com/embed/l5Xc_OmP6yg?feature=oembed,single_video,no,group4_final_run,https://www.youtube.com/embed/l5Xc_OmP6yg?feature=oembed https://www.youtube.com/embed/7jfYB3naf6o?feature=oembed https://www.youtube.com/embed/lxUAL-WXTOE?feature=oembed
us:place:1800820,Albion town,Indiana,youtube,https://youtu.be/8_w4TsKS5Y4,single_video,no,group4_final_run,https://youtu.be/8_w4TsKS5Y4 https://youtu.be/B78Nh6saMRE https://youtu.be/mG4eLElEBSU https://youtu.be/090X1YgvZj4 https://youtu.be/B4E8ZA-DdxU https://youtu.be/jswWtFohONo https://youtu.be/jNEZQgZlikE https://youtu.be/zvD3LEy0xgw https://youtu.be/k8Hh4wLUYco https://youtu.be/NS87bNycl8I https://youtu.be/xotsjYxnPpk https://youtu.be/ar-6x2qTBps https://youtu.be/IyVKI19e1vI https://youtu.be/2a2uCXFpZ1g https://youtu.be/IYHt9aFIVCQ https://youtu.be/ExJgKyxzBe8 https://youtu.be/7UYpiOetIME https://youtu.be/-uM-UgHY0Ko https://youtu.be/gTf1FGjPT6E https://youtu.be/BF34jMy87dg https://youtu.be/EBbW9IC0_lY https://youtu.be/0c6OYbSdf7s https://youtu.be/JZ9NhmjmBM0 https://youtu.be/wwGQtUWLudQ https://youtu.be/SVu79_ogBg4 https://youtu.be/cc49ou80QWQ https://youtu.be/lk_YT1wdZI0 https://youtu.be/ZJ1kNShFa-8 https://youtu.be/atFU6piSdHs https://youtu.be/y2-qOzjjiA4 https://youtu.be/8VUpyXA9k9E https://youtu.be/jTIgezjv4t4 https://youtu.be/JsL46eTrdUg https://youtu.be/O2F538K56kQ https://youtu.be/w-NSostZ9Rw https://youtu.be/6a01y7IjPm0 https://youtu.be/0zs4vIjenaQ https://youtu.be/usT4AL0LUDE https://youtu.be/OT15N0Yhovo https://youtu.be/fx9-qGwHajI https://youtu.be/YiX3GaJBLkM https://youtu.be/tLhBQtKPAF0 https://youtu.be/PbUvBDXdP-4 https://youtu.be/TU2dMcWK9Zc https://youtu.be/jbZXh3EWjSE https://youtu.be/8Xr6sTBpZKM https://youtu.be/5oUNC94ZaKY https://youtu.be/7bJ-exymOfk https://youtu.be/91D4KgFtE6w https://youtu.be/y2mUnMZHEf4 https://youtu.be/5Jzxj3G6jwM https://youtu.be/pweTrTNKhJo https://youtu.be/bLTd91dqRSo https://youtu.be/iGBP2tQBceU https://youtu.be/p1KJn5RbQHw https://youtu.be/mhL7ZGjVvmM https://youtu.be/G5nUNNdx-yY
us:place:3465160,Runnemede borough,New Jersey,youtube,https://www.youtube.com/@BoroughofRunnemede,channel,no,group4_final_run,https://www.youtube.com/@BoroughofRunnemede
us:place:1986565,Winthrop city,Iowa,youtube,https://www.youtube.com/channel/UCmz4SVskzLqEDGkM8BWWloQ,channel,no,group4_final_run,https://www.youtube.com/channel/UCmz4SVskzLqEDGkM8BWWloQ
us:place:3616573,Clyde village,New York,youtube,https://www.youtube.com/embed/RZhq1itC-mM?feature=oembed,single_video,no,group4_final_run,https://www.youtube.com/embed/RZhq1itC-mM?feature=oembed
us:place:2706256,Blackduck city,Minnesota,youtube,https://www.youtube.com/channel/UC2ehoQXXporNW3jffBnHTnQ/videos,channel,no,group4_final_run,https://www.youtube.com/channel/UC2ehoQXXporNW3jffBnHTnQ/videos https://youtu.be/TQjzecOf5Us?si=kb1J874SuRe-47Or https://youtu.be/xE9v4ZDBsWI?si=T2IgbVJdRX1FjveG https://www.youtube.com/watch?v=j7arOMlSNrw https://youtu.be/Qmwz_0Jjz68?si=iSOa7vVlKEKn6inQ https://www.youtube.com/watch?v=k5gbAcZj6qk https://youtu.be/-0qG4bh2hWM?si=kJdv6kTFuTSsNqAq https://www.youtube.com/watch?v=kqYb6b1vV4g https://www.youtube.com/watch?v=zY_1iYeKHoY https://www.youtube.com/watch?v=waYypuJlT8M https://www.youtube.com/watch?v=rE8y7w03rJI&t=1s https://www.youtube.com/watch?v=FXrhzbYZDvY https://www.youtube.com/watch?v=ehOViuvxH-E https://www.youtube.com/watch?v=j0xqlnQOzmY https://www.youtube.com/watch?v=OLNx1_14M4c https://www.youtube.com/watch?v=051WpeQoVzU&t=1s https://www.youtube.com/watch?v=B60wOnLvxwM https://www.youtube.com/watch?v=NxvAOgFF5Vs https://www.youtube.com/watch?v=CUbQo2yoJ60 https://www.youtube.com/watch?v=lWdXpbxoZw4 https://www.youtube.com/watch?v=_MMn_W1GJWQ https://www.youtube.com/watch?v=d1H-MDVH-3g https://www.youtube.com/watch?v=XEjALyGAcDE https://www.youtube.com/watch?v=ug7qBsgz-Ew https://www.youtube.com/watch?v=KYWwGTXkRYA https://www.youtube.com/watch?v=pq_c58sUJQ0 https://www.youtube.com/watch?v=ANd3L9EjPgk https://www.youtube.com/watch?v=1g9-7q92faY https://www.youtube.com/watch?v=fUMLD9yzcf4 https://www.youtube.com/watch?v=JI5OlZuO68E https://www.youtube.com/watch?v=bHsb-EDQHes https://www.youtube.com/watch?v=TzrUMBWvT5k https://www.youtube.com/watch?v=ssaLuSZan5Y https://www.youtube.com/watch?v=6FJ2rWg7cvQ https://www.youtube.com/watch?v=rrGlh-PBVeI https://www.youtube.com/watch?v=sG75I5phuyo https://www.youtube.com/watch?v=sUADXaT_PeU https://www.youtube.com/watch?v=qcdOnDtHb5w https://www.youtube.com/watch?v=gG72-8TJk1g https://www.youtube.com/watch?v=nePY_T4evcM https://www.youtube.com/watch?v=yNEQDybu2Ns
us:place:3463300,Riverdale borough,New Jersey,youtube,https://www.youtube.com/shorts/SQFiDSuCh2k,single_video,no,group4_final_run,https://www.youtube.com/shorts/SQFiDSuCh2k
us:place:5551300,Merrillan village,Wisconsin,youtube,https://www.youtube.com/watch?v=MET796K1FDE,single_video,no,group4_final_run,https://www.youtube.com/watch?v=MET796K1FDE
us:place:3635672,Hornell city,New York,youtube,https://www.youtube.com/watch?v=HrmfeP6QOqYV4,single_video,no,group4_final_run,https://www.youtube.com/watch?v=HrmfeP6QOqYV4
us:place:2965144,St. Robert city,Missouri,youtube,https://www.youtube.com/channel/UCA_kWl2-KBWuxxbRcIb1jqw,channel,no,group4_final_run,https://www.youtube.com/channel/UCA_kWl2-KBWuxxbRcIb1jqw https://youtu.be/TWps-VIdtQ0?si=mQGrvY5HeIK0XztQ
us:place:2752630,Proctor city,Minnesota,youtube,https://www.youtube.com/@trac7298/streams,channel,yes,group4_final_run,https://www.youtube.com/@trac7298/streams
us:place:1252125,Orange Park town,Florida,youtube,https://www.youtube.com/@townoforangepark,channel,yes,group4_final_run,https://www.youtube.com/@townoforangepark
us:place:3951772,Montpelier village,Ohio,vimeo,https://player.vimeo.com/video/1230298101?dnt=1&app_id=122963,single_video,no,group4_final_run,
us:place:2163858,Raceland city,Kentucky,youtube,https://www.youtube.com/@cityofraceland1809,channel,no,group4_final_run,https://www.youtube.com/@cityofraceland1809
us:place:4869476,Spearman city,Texas,youtube,https://www.youtube.com/@CityofSpearmanTX,channel,no,group4_final_run,https://www.youtube.com/@CityofSpearmanTX
us:place:3955678,Newtown village,Ohio,youtube,https://www.youtube.com/embed/21oUVHhbhws?feature=oembed,single_video,no,group4_final_run,https://www.youtube.com/embed/21oUVHhbhws?feature=oembed
us:place:2904222,Bellefontaine Neighbors city,Missouri,youtube,https://www.youtube.com/channel/UCTHzz7ePB6mKzR_5LVfq1hA,channel,no,group4_final_run,https://youtu.be/1aC_tnS3dDc?si=ecLpQ7CVwRxZRj8d https://youtu.be/AZXHrHAI3-U https://youtu.be/hm31cubvIHc https://youtu.be/tEdL0ceUgLc https://youtu.be/a9HoE4T0rso https://youtu.be/2yn6tSoBv8o https://youtu.be/XM5tyScw8Ik https://youtu.be/CRt3mqiGFE4 https://youtu.be/HgUlfC-OM4M https://youtu.be/AFVBcD7WUko https://youtu.be/Hu_ERw6fDFY https://youtu.be/09ECIU55uIY https://youtu.be/e4kUoTDlB_Q https://youtu.be/7JSlTaBOTi4 https://youtu.be/m3AKziZDOR4 https://youtu.be/xEhXxQAGuR8 https://youtu.be/3_65GkE--Do https://youtu.be/a5VLtTgt9lo https://youtu.be/uZLoDKqbCtw https://youtu.be/YKHcJMqaTl0 https://youtu.be/xPYjaV0Zg6c https://youtu.be/-JIzD4qm_4M https://youtu.be/fpu4LjIPNl0 https://youtu.be/-k9zSmbZqwA https://youtu.be/V5GWY13ciI4 https://youtu.be/gULE5CHdwGQ https://www.youtube.com/channel/UCTHzz7ePB6mKzR_5LVfq1hA
us:place:0528360,Gravette city,Arkansas,youtube,https://www.youtube.com/channel/UC5L-KVG-9wiBtZRebmjX5pQ,channel,no,group4_final_run,https://www.youtube.com/channel/UC5L-KVG-9wiBtZRebmjX5pQ https://www.youtube.com/embed/MXscTJbqjtA?autohide=1&autoplay=0&controls=0&enablejsapi=1&iv_load_policy=3&loop=0&modestbranding=1&playsinline=1&rel=0&showinfo=0&wmode=opaque&origin=https%3A%2F%2Fwww.gravettear.gov&widgetid=1&forigin=https%3A%2F%2Fwww.gravettear.gov%2F&aoriginsup=1&vf=1
us:place:4572430,Travelers Rest city,South Carolina,youtube,https://www.youtube.com/@cityoftravelersrest6747,channel,yes,group4_final_run,https://www.youtube.com/@cityoftravelersrest6747 https://www.youtube.com/channel/UCyau-beS3wyxOv1drMCpGMw
us:place:2766460,Vadnais Heights city,Minnesota,youtube,https://www.youtube.com/user/RamseyCountyMN,channel,yes,group4_final_run,https://www.youtube.com/user/RamseyCountyMN
us:place:1371282,Sky Valley city,Georgia,youtube,https://www.youtube.com/watch?v=fUOHlNfJYdI,single_video,no,group4_final_run,https://www.youtube.com/watch?v=fUOHlNfJYdI https://youtu.be/9IxPHlAd3YA https://www.youtube.com/watch?v=biXEfQzEU_o https://www.youtube.com/watch?v=rEjn6Dn-J6g&t=1647s https://www.youtube.com/watch?v=OTieMOlZjXY https://www.youtube.com/watch?v=B0JmyGiMnxg&t=2064s https://youtu.be/qausrWy0FXI https://youtu.be/GsMA-WJOIVM https://youtu.be/Y-p5Y7kLmkk https://youtu.be/nfZDXCajWoA https://youtu.be/uL0oqOYFrNk https://youtu.be/XLf1fHxGrA8 https://youtu.be/E6CoQc4AYKA https://youtu.be/Z5CXjmo8P6c https://youtu.be/bjp_-pYrwhY https://youtu.be/IsTAg7DaLKI https://youtu.be/eSmi15olXL4 https://youtu.be/ieLQoUVYroU https://youtu.be/DB32IReaEdo https://www.youtube.com/watch?v=QODXCyuvdcE https://youtu.be/fbG5vWYuk3Y https://youtu.be/MT0yeEIk7O4 https://youtu.be/iN4OxCMgyZQ https://youtu.be/A-0AVY0J1Vo https://youtu.be/fhXEyA0DRxI https://youtu.be/TKoxIS6Rdls https://youtu.be/_sc4m95mBOs https://youtu.be/z0MlgCcwK_s https://youtu.be/dwFiIlgFavE https://youtu.be/ja1Tvv5DZt0 https://youtu.be/SAEJBHuFgLg https://youtu.be/4ZTJgl0lCU4 https://youtu.be/o71Hwdh7z6I https://www.youtube.com/watch?v=HBKcGNOx0AQ&t=11s https://youtu.be/3BBN_v3jcrw https://www.youtube.com/watch?v=pmjutjiqedg&t=10s https://www.youtube.com/watch?v=HkoYELRA7Fw&t=13s https://youtu.be/ovEHQx9pfOM https://youtu.be/NhxCv9pnycU https://www.youtube.com/watch?v=OSOEN0xoPEY https://youtu.be/sLDIR8HlJpY https://www.youtube.com/watch?v=cRW_N2Q6aKA https://youtu.be/AsBxVxrXUMw https://youtu.be/eo2GAboSb8U https://youtu.be/Gbvh4nsCL-Y https://youtu.be/GhXDUiUNvNA https://youtu.be/jKiufyKmnus https://youtu.be/A3ZWRBvBTu8 https://www.youtube.com/watch?v=6BJALgXFQvA https://youtu.be/XnEM8U8zgHM https://youtu.be/xhLBiASySLg https://youtu.be/4HthciZoFUw https://youtu.be/Kbq4JqNxUqQ https://youtu.be/mB98KW0J7aI https://youtu.be/FHwrZlPVwyw https://www.youtube.com/embed/09uimerPsHE?enablejsapi=1&autoplay=0&cc_load_policy=1&cc_lang_pref=en&iv_load_policy=1&loop=0&rel=0&fs=1&playsinline=0&autohide=2&hl=en_US&theme=dark&color=red&controls=1&disablekb=0& https://www.youtube.com/embed/jNaUJyDlBb0?enablejsapi=1&autoplay=0&cc_load_policy=1&cc_lang_pref=en&iv_load_policy=1&loop=0&rel=0&fs=1&playsinline=0&autohide=2&hl=en_US&theme=dark&color=red&controls=1&disablekb=0& https://www.youtube.com/embed/kgtf4ooCpAY?enablejsapi=1&autoplay=0&cc_load_policy=1&cc_lang_pref=en&iv_load_policy=1&loop=0&rel=0&fs=1&playsinline=0&autohide=2&hl=en_US&theme=dark&color=red&controls=1&disablekb=0& https://www.youtube.com/embed/jq6lyfWbLqc?enablejsapi=1&autoplay=0&cc_load_policy=1&cc_lang_pref=en&iv_load_policy=1&loop=0&rel=0&fs=1&playsinline=0&autohide=2&hl=en_US&theme=dark&color=red&controls=1&disablekb=0& https://www.youtube.com/embed/dW6fgTDt8nw?enablejsapi=1&autoplay=0&cc_load_policy=1&cc_lang_pref=en&iv_load_policy=1&loop=0&rel=0&fs=1&playsinline=0&autohide=2&hl=en_US&theme=dark&color=red&controls=1&disablekb=0& https://www.youtube.com/embed/OkPHQaNJ17s?enablejsapi=1&autoplay=0&cc_load_policy=1&cc_lang_pref=en&iv_load_policy=1&loop=0&rel=0&fs=1&playsinline=0&autohide=2&hl=en_US&theme=dark&color=red&controls=1&disablekb=0& https://www.youtube.com/embed/2F0EJJ9jYkM?enablejsapi=1&autoplay=0&cc_load_policy=1&cc_lang_pref=en&iv_load_policy=1&loop=0&rel=0&fs=1&playsinline=0&autohide=2&hl=en_US&theme=dark&color=red&controls=1&disablekb=0& https://www.youtube.com/embed/tzvMQl-WrZI?enablejsapi=1&autoplay=0&cc_load_policy=1&cc_lang_pref=en&iv_load_policy=1&loop=0&rel=0&fs=1&playsinline=0&autohide=2&hl=en_US&theme=dark&color=red&controls=1&disablekb=0& https://www.youtube.com/embed/tNzNVSI99UQ?enablejsapi=1&autoplay=0&cc_load_policy=1&cc_lang_pref=en&iv_load_policy=1&loop=0&rel=0&fs=1&playsinline=0&autohide=2&hl=en_US&theme=dark&color=red&controls=1&disablekb=0& https://www.youtube.com/embed/PbYEFuZytX8?enablejsapi=1&autoplay=0&cc_load_policy=1&cc_lang_pref=en&iv_load_policy=1&loop=0&rel=0&fs=1&playsinline=0&autohide=2&hl=en_US&theme=dark&color=red&controls=1&disablekb=0&
us:place:1812034,Chandler town,Indiana,youtube,https://www.youtube.com/channel/UC7o7NHRH6dGDR6mBDWOY8gg,channel,no,group4_final_run,https://www.youtube.com/embed/qIaMsTe-EVA?feature=oembed https://www.youtube.com/channel/UC7o7NHRH6dGDR6mBDWOY8gg
us:place:1986070,Wilton city,Iowa,youtube,https://www.youtube.com/@MuscatineCounty,channel,no,group4_final_run,https://www.youtube.com/@MuscatineCounty
us:place:3640530,Lake Grove village,New York,youtube,https://www.youtube.com/embed/uL6mFIxC0YI?feature=oembed,single_video,no,group4_final_run,https://www.youtube.com/embed/uL6mFIxC0YI?feature=oembed
us:place:2446475,Leonardtown town,Maryland,youtube,https://www.youtube.com/channel/UCix23WheaS8iUKGA2ei1XLg,channel,no,group4_final_run,https://www.youtube.com/channel/UCix23WheaS8iUKGA2ei1XLg https://www.youtube.com/c/townofleonardtown
us:place:2940034,Lake Ozark city,Missouri,youtube,https://www.youtube.com/channel/UCuQtHdLG4XOptoe8Qb7h6LQ/,channel,no,group4_final_run,https://www.youtube.com/embed/wPLf_5sIPGo https://www.youtube.com/channel/UCuQtHdLG4XOptoe8Qb7h6LQ/
us:place:3969540,St. Henry village,Ohio,youtube,https://youtu.be/h5Co4yFEK90,single_video,no,group4_final_run,https://youtu.be/h5Co4yFEK90
us:place:4229760,Glen Rock borough,Pennsylvania,youtube,https://www.youtube.com/@mercari_app/shorts,channel,yes,group4_final_run,https://www.youtube.com/@mercari_app/shorts
us:place:2233210,Harrisonburg village,Louisiana,youtube,https://www.youtube.com/embed/tVRtfTIqCl0?start=190&feature=oembed,single_video,no,group4_final_run,https://www.youtube.com/embed/tVRtfTIqCl0?start=190&feature=oembed
us:place:5368330,Sumas city,Washington,youtube,https://youtu.be/QuzWcQHGseM,single_video,yes,group4_final_run,https://youtu.be/QuzWcQHGseM
us:place:0101228,Aliceville city,Alabama,youtube,https://www.youtube.com/channel/UCg_U6XNTOdTaemIL8kaeUEQ,channel,no,group4_final_run,https://www.youtube.com/channel/UCg_U6XNTOdTaemIL8kaeUEQ
us:place:1939450,Jefferson city,Iowa,youtube,https://www.youtube.com/watch?v=bvh93SxvE1g&feature=youtu.be,single_video,no,group4_final_run,https://www.youtube.com/watch?v=bvh93SxvE1g&feature=youtu.be
us:place:2811100,Canton city,Mississippi,youtube,https://www.youtube.com/embed/3aaEYgRn80c?feature=oembed,single_video,no,group4_final_run,https://www.youtube.com/embed/3aaEYgRn80c?feature=oembed https://www.youtube.com/embed/RIaSlE-Bics?feature=oembed
us:place:2104546,Beattyville city,Kentucky,youtube,https://www.youtube.com/user/beattyvilleky/,channel,no,group4_final_run,https://www.youtube.com/embed/o9ld_I_r3wk?feature=oembed https://www.youtube.com/user/beattyvilleky/
us:place:1719837,Diamond village,Illinois,youtube,https://www.youtube.com/watch?v=czrAmuF53Co,single_video,no,group4_final_run,https://www.youtube.com/watch?v=czrAmuF53Co
us:place:0162496,Prichard city,Alabama,youtube,https://www.youtube.com/@CityofPrichard,channel,no,group4_final_run,https://youtu.be/WA51Uqxt0-4?si=4YJiczV-maEV534T&t=2596 https://www.youtube.com/@CityofPrichard
us:place:4854726,Palisades village,Texas,youtube,https://www.youtube.com/watch?v=mzikDC-13qA,single_video,no,group4_final_run,https://www.youtube.com/watch?v=mzikDC-13qA https://youtu.be/ryi6GOEYHlU https://youtu.be/lZz9VzTHzQ4 https://youtu.be/DY1Lupj5C6o https://youtu.be/pyvE2o17AHA
us:place:4840204,La Feria city,Texas,youtube,https://www.youtube.com/user/cityoflaferia,channel,yes,run_govs_01,https://www.youtube.com/user/cityoflaferia
us:place:1319728,Cornelia city,Georgia,youtube,https://www.youtube.com/@CityofCornelia,channel,no,run_govs_01,https://www.youtube.com/watch?v=nonqbZR9YTc https://www.youtube.com/@CityofCornelia
us:place:2913600,Chesterfield city,Missouri,youtube,https://www.youtube.com/user/cityofchesterfield,channel,no,run_govs_01,https://www.youtube.com/user/cityofchesterfield https://www.youtube.com/embed/JHlWETz1MKE
us:cousub:2300566775,Sebago town,Maine,youtube,https://youtu.be/yyME-XY6LBc,single_video,no,run_govs_01,https://youtu.be/yyME-XY6LBc
us:cousub:5513328487,T Genesee,Wisconsin,vimeo,https://vimeo.com/1225414475/f4353a4457,single_video,no,run_govs_01,
us:place:3620698,Dobbs Ferry village,New York,youtube,https://www.youtube.com/watch?v=-6FyW442x3k,single_video,no,run_govs_01,https://www.youtube.com/watch?v=-6FyW442x3k https://www.youtube.com/watch?v=kwuBfgvfUC4
us:place:1883816,Whiteland town,Indiana,youtube,https://www.youtube.com/embed/fkQ17HqINcY?wmode=transparent&autoplay=0&mute=1&loop=1&playlist=fkQ17HqINcY,playlist,no,run_govs_01,https://www.youtube.com/embed/fkQ17HqINcY?wmode=transparent&autoplay=0&mute=1&loop=1&playlist=fkQ17HqINcY
us:cousub:0911001080,Andover,Connecticut,youtube,https://www.youtube.com/channel/UCUJaR7vvOBk9RdeTYegbB6Q,channel,no,run_govs_01,https://www.youtube.com/channel/UCUJaR7vvOBk9RdeTYegbB6Q
us:place:4853376,Odem city,Texas,youtube,https://www.youtube.com/channel/UCukRKHOpRadM9BV4eJo3AjA,channel,no,run_govs_01,https://www.youtube.com/channel/UCukRKHOpRadM9BV4eJo3AjA
us:place:2260530,Pineville city,Louisiana,youtube,https://www.youtube.com/@pinevillela,channel,no,run_govs_01,https://www.youtube.com/@pinevillela
us:place:2461150,Perryville town,Maryland,youtube,https://youtu.be/sohSl0DrlnI?si=G5i7dxIQdaUa77qt,single_video,no,run_govs_01,https://youtu.be/sohSl0DrlnI?si=G5i7dxIQdaUa77qt
us:cousub:0919052980,Newtown town,Connecticut,youtube,https://www.youtube.com/watch?v=TFU5agmHKnw,single_video,no,run_govs_01,https://www.youtube.com/watch?v=TFU5agmHKnw
us:place:3428680,Hackensack city,New Jersey,youtube,https://www.youtube.com/@HackensackCity,channel,no,run_govs_01,https://www.youtube.com/@HackensackCity https://www.youtube.com/channel/UC4AD3f42PWAMq5OBjdhDzHQ https://www.youtube.com/embed/videoseries?si=Z324Vs0q2dzKJNLp&list=PL9MZrFQiRRhOsykis8jKIWcUWd1K0TFt4
us:place:4738540,Jonesborough town,Tennessee,youtube,https://www.youtube.com/embed/qSnnGpUBQLI?si=K_NswFhtwRmGTv42&controls=0,single_video,no,run_govs_01,https://www.youtube.com/embed/qSnnGpUBQLI?si=K_NswFhtwRmGTv42&controls=0 https://youtube.com/live/SU0pjjcSwLY?feature=share https://www.youtube.com/live/A4i0EE8btpA https://youtube.com/live/X_hQGksBrPg?feature=share https://youtube.com/live/BM1sBZvCj-g?feature=share https://www.youtube.com/live/izMbo9NK4VM https://youtube.com/live/qTOvLOR1NNc?feature=share https://youtu.be/_aR5nLxcoIM https://youtube.com/live/jHPQrnBrkz8?feature=share https://youtube.com/live/RNxS0I5Hksc?feature=share https://www.youtube.com/live/LevkN10H58w?si=y5ICLbqXyK8rxsed https://www.youtube.com/live/A9wVvBp4C-A?si=K8bhyp_7ICrOzL7l https://youtube.com/live/nRTeDKazcaE https://youtube.com/live/KPfHksJ1DSY?feature=share https://www.youtube.com/live/R-HiiBl7BSc?si=Wi5lvtkATAWGVxfT https://youtube.com/live/ELHvXZZwFko?feature=share https://youtube.com/live/TrdHdT91hJM?feature=share https://youtube.com/live/qtHiUJawahg?feature=share https://youtube.com/live/eT7C_6I53nU https://youtube.com/live/iDBHSR0JIgc?feature=share https://youtube.com/live/DkYITcN_86w?feature=share https://youtube.com/live/4RS5HhdLEQs?feature=share https://youtube.com/live/tlSVHb4zDJQ?feature=share
us:place:1745889,Macomb city,Illinois,youtube,https://www.youtube.com/channel/UCMQNXkTxSX5a5x4pZObC8pQ,channel,no,run_govs_01,https://www.youtube.com/channel/UCMQNXkTxSX5a5x4pZObC8pQ
us:place:3976778,Tiffin city,Ohio,youtube,https://www.youtube.com/channel/UC_w-bQ_j9P9A2QRiXIZHS_g,channel,no,run_govs_01,https://www.youtube.com/channel/UC_w-bQ_j9P9A2QRiXIZHS_g
us:place:1935940,Hiawatha city,Iowa,youtube,https://www.youtube.com/channel/UCU2fOHAw8h3TcINqDW_QeJw,channel,no,run_govs_01,https://www.youtube.com/channel/UCU2fOHAw8h3TcINqDW_QeJw
us:place:4274888,Stroudsburg borough,Pennsylvania,youtube,https://youtu.be/sOMkgivO56s?si=D_paD2LvdtAeqNaj,single_video,no,run_govs_01,https://youtu.be/sOMkgivO56s?si=D_paD2LvdtAeqNaj
us:place:3980486,Walbridge village,Ohio,youtube,https://youtu.be/vxpDZL-Dcj4,single_video,no,run_govs_01,https://youtu.be/vxpDZL-Dcj4 https://youtu.be/SnCW532wPNo
us:cousub:3901750162,Milford township,Ohio,youtube,https://www.youtube.com/watch?v=VJB-kuscGVI,single_video,no,run_govs_01,https://www.youtube.com/watch?v=VJB-kuscGVI
us:place:1850976,Mooresville town,Indiana,youtube,https://www.youtube.com/@townofmooresvilleindiana683,channel,no,run_govs_01,https://www.youtube.com/@townofmooresvilleindiana683
us:place:1701010,Alsip village,Illinois,youtube,https://www.youtube.com/channel/UCf12ovPF9q7gFtiapqYHqLA,channel,no,run_govs_01,https://www.youtube.com/channel/UCf12ovPF9q7gFtiapqYHqLA
us:place:1728638,Gardner village,Illinois,youtube,https://www.youtube.com/@RyanHallYall,channel,no,run_govs_01,https://www.youtube.com/@RyanHallYall
us:place:1374936,Suwanee city,Georgia,youtube,https://www.youtube.com/user/CityofSuwanee/videos,channel,no,run_govs_01,https://www.youtube.com/user/CityofSuwanee/videos
us:place:1767795,Saunemin village,Illinois,youtube,https://www.youtube.com/c/yahoonews,channel,no,run_govs_01,https://www.youtube.com/c/yahoonews
us:place:4076650,Valliant town,Oklahoma,youtube,https://youtube.com/@slot terpercaya,channel,no,run_govs_01,https://youtube.com/@slot terpercaya
us:place:2709370,Cambridge city,Minnesota,youtube,https://www.youtube.com/channel/UCK_Ud8vx5TegibeftLTgx8w/,channel,no,run_govs_01,https://www.youtube.com/channel/UCK_Ud8vx5TegibeftLTgx8w/
us:place:3422860,Fanwood borough,New Jersey,youtube,https://www.youtube.com/channel/UCV5mTIBq9hdP9gvZQX_C9pQ,channel,no,run_govs_01,https://www.youtube.com/channel/UCV5mTIBq9hdP9gvZQX_C9pQ https://youtu.be/0PVhh55YIRA https://youtu.be/cd_cAJuwQC8 https://youtu.be/11sxLT7JBWM https://youtu.be/gazNTQmslyE https://youtube.com/playlist?list=PLoYWIBUl1ItSVAdju95y1_zXOyiGhWP4P https://www.youtube.com/embed/3P7E3O3EK-Y?feature=oembed https://www.youtube.com/embed/F4SzSeBnc7Y?wmode=transparent&autoplay=0 https://www.youtube.com/embed/nx2VN0xnEbI?wmode=transparent&autoplay=0 https://www.youtube.com/embed/J-4n_lNgIz4?wmode=transparent&autoplay=0 https://www.youtube.com/embed/GmiXgWJaL10?wmode=transparent&autoplay=0 https://www.youtube.com/embed/2r_LSuJvgDM?wmode=transparent&autoplay=0 https://www.youtube.com/embed/KR02zkQQ8As?wmode=transparent&autoplay=0 https://www.youtube.com/embed/PI8XHvaHBpc?wmode=transparent&autoplay=0 https://www.youtube.com/embed/iBcHq2CMWyk?wmode=transparent&autoplay=0 https://www.youtube.com/embed/Jd9Amp2J79k?wmode=transparent&autoplay=0 https://www.youtube.com/embed/gG3uVh95KmM https://www.youtube.com/embed/RKIEXSrgxLM https://www.youtube.com/embed/7kzk-WmmmGk https://www.youtube.com/embed/uBsh8M69Dkw https://www.youtube.com/embed/totONLbiVfY https://www.youtube.com/embed/boUh8cWUYw8 https://www.youtube.com/embed/DDQjAqlN5nA https://www.youtube.com/embed/z7Nh99cKTAE https://www.youtube.com/embed/0ajckUQcK5Q https://www.youtube.com/embed/PBPKHNdeUo0 https://www.youtube.com/embed/AGzgLp5Q4Ic https://www.youtube.com/embed/Vq9PAo_loLs https://www.youtube.com/embed/9EokxU5dcfY https://www.youtube.com/embed/9y4mCX4s_S0 https://www.youtube.com/embed/2Sg0LnbFDUU https://www.youtube.com/embed/M2jzlZ_d2BE https://www.youtube.com/embed/lm5Q4Z6Zll4 https://www.youtube.com/embed/9zR9N8zqFHs https://www.youtube.com/embed/3iWU6tUEGPA https://www.youtube.com/embed/ODH_aPDIeZE https://www.youtube.com/embed/L9AwlZ0syqg https://www.youtube.com/embed/kL-EOUjK2Wg https://www.youtube.com/embed/1lUW__KH2bA https://www.youtube.com/watch?v=lUfGCXY4x5E https://www.youtube.com/watch?v=HR0hAlexyYo https://www.youtube.com/watch?v=JtQRJ_TP4uA https://www.youtube.com/watch?v=z4yq281i9l4 https://www.youtube.com/watch?v=GtM0zR1Q1Fg https://www.youtube.com/watch?v=cU4rBp6mmr4 https://www.youtube.com/watch?v=XXA_kkN2oks https://www.youtube.com/watch?v=LFQu37q3_oA&t=0s https://www.youtube.com/watch?v=eRlSc176Dcg https://www.youtube.com/watch?v=a--xrNu5DsM https://www.youtube.com/watch?v=N0W4YLXi86E&t=0s https://youtu.be/hkkvcLLNXMo https://www.youtube.com/watch?v=6685zZQwKo0 https://www.youtube.com/watch?v=MKPgluqpUIo https://www.youtube.com/watch?v=30isZDVmPwQ https://www.youtube.com/watch?v=fRZD7G4blhU https://www.youtube.com/watch?v=d0Od8YHBeTQ https://www.youtube.com/watch?v=_k10sGUahdQ https://www.youtube.com/watch?v=qn6VHCEX4Dk https://www.youtube.com/watch?v=tTYqe60EY5Q&feature=youtu.be https://www.youtube.com/watch?v=77Zo2NEjL-g https://www.youtube.com/watch?v=HRDFACK6nSs https://www.youtube.com/watch?v=aRsTu59NE0E https://www.youtube.com/watch?v=4ydtQFkRZRc https://www.youtube.com/watch?v=gaNRN3dGPUI https://www.youtube.com/watch?v=0uJjkpK0_uI https://www.youtube.com/watch?v=OSdDhe6xrA0 https://www.youtube.com/watch?v=U6jwZuWpjcY https://www.youtube.com/watch?v=iA7BjbA5SWI https://www.youtube.com/watch?v=oh9fb1iZC40 https://www.youtube.com/watch?v=xYX4WpakB_w https://www.youtube.com/watch?v=AB0GqqS8vGA https://www.youtube.com/watch?v=DxAddXh1v8Y https://www.youtube.com/watch?v=c7sEW3GHNRg https://www.youtube.com/watch?v=2vK578h-AlM https://www.youtube.com/embed/_AtSKiwAiow https://www.youtube.com/embed/obkdz1BkkNc https://www.youtube.com/embed/YeC3dACCCJo https://www.youtube.com/embed/VOMxDNyRuZQ https://www.youtube.com/embed/1rC9Vmd_Ymw https://www.youtube.com/embed/GyeZjbPMS04 https://www.youtube.com/embed/foHUj_4oy2Y https://www.youtube.com/embed/MgGU-DrgxgY https://www.youtube.com/embed/9fpe4co4ouM https://www.youtube.com/embed/-i6U8HszoUg https://www.youtube.com/embed/LJxghYqIPcI https://youtu.be/o8d4SmZ0uVA https://www.youtube.com/embed/BScxo4d36aQ?feature=oembed https://youtube.com/playlist?list=PLoYWIBUl1ItRM4AEPdkBPtoXB2CnQMK1N https://youtube.com/playlist?list=PLoYWIBUl1ItSlGk6tnf9ELtcv3argzQ19 https://youtube.com/playlist?list=PLoYWIBUl1ItREp8zTacxv9s0aHAQysiV_ https://www.youtube.com/embed/jpVUsPDKM34 https://www.youtube.com/embed/5vVLUFrP-AU https://www.youtube.com/embed/DnQqVce_-BM https://www.youtube.com/embed/BzqUD_hJ4N0 https://www.youtube.com/embed/4s0ACpe2hcY https://www.youtube.com/embed/5LlB5r-ox2U https://www.youtube.com/embed/tkg6YS6YzT4 https://www.youtube.com/embed/Suwc3V5DJ9Q https://www.youtube.com/embed/ZQV0wib5qJU https://www.youtube.com/embed/W3udKVCx0cs https://www.youtube.com/embed/9dM914Cyhrc https://www.youtube.com/embed/V010TP9ls3k https://www.youtube.com/embed/PhpqU9lkL2Q https://www.youtube.com/embed/FHFjEMxUQHI https://www.youtube.com/embed/bdT-uz-rnko https://www.youtube.com/embed/V9Bewkkvj2o https://www.youtube.com/embed/sCV7gutPFRw https://www.youtube.com/embed/sKcetuC-MIc https://www.youtube.com/embed/bqhiP9r8bcs https://www.youtube.com/embed/k7bXbbzj1kw https://www.youtube.com/embed/ppA9j56gNyw https://www.youtube.com/embed/Fd5o-RPKgu8 https://www.youtube.com/embed/tmdobuel5bc https://www.youtube.com/embed/Zf_EEhh9uiM https://www.youtube.com/embed/Qb-lNIvDD8s https://www.youtube.com/embed/3QVce6-kDq4 https://www.youtube.com/embed/UlY6f8HQEm4 https://www.youtube.com/embed/GfJL5gzq3XA https://www.youtube.com/embed/fSdVwAk9Nbw https://www.youtube.com/embed/WH8geRDOUeU https://www.youtube.com/embed/9FPOVMIO3WE https://www.youtube.com/embed/TU9iy-zBD-M https://www.youtube.com/watch?v=OKnsk40w9Hc https://www.youtube.com/watch?v=V1hMpZ2ZY1A https://www.youtube.com/watch?v=AeVkzPo5lfc https://www.youtube.com/watch?v=yA6zJW_xMco https://www.youtube.com/watch?v=Bcg1PsFXRfM https://www.youtube.com/watch?v=IAGjxEzgrnk https://www.youtube.com/watch?v=aV-oVbj1F6I https://www.youtube.com/watch?v=ROTJdKecdNk https://www.youtube.com/watch?v=OOo7lJ_0HCY https://www.youtube.com/watch?v=ImTT_WeA7Dk https://www.youtube.com/watch?v=t4Fn_Ck3J6E https://www.youtube.com/watch?v=BB1rsi6DlYc https://www.youtube.com/watch?v=kwlaQ5OktRU https://www.youtube.com/watch?v=A6H7Xnp8exQ https://www.youtube.com/watch?v=_mjrMABWO2s https://www.youtube.com/watch?v=djbvNTYVFlQ https://www.youtube.com/watch?v=7F3jxiTOYP8 https://www.youtube.com/watch?v=3Qf67IamTBk https://www.youtube.com/watch?v=c6DX90PLjgs https://www.youtube.com/watch?v=biMPZfAGE44 https://www.youtube.com/watch?v=e_SgkV_V-iU
us:place:1820404,Edinburgh town,Indiana,youtube,https://www.youtube.com/@TownofEdinburgh/playlists,channel,yes,run_govs_01,https://www.youtube.com/@TownofEdinburgh/playlists
us:place:5404876,Bath (Berkeley Springs) town,West Virginia,youtube,https://www.youtube.com/@townofbathwv5408,channel,no,run_govs_01,https://www.youtube.com/@townofbathwv5408 https://www.youtube.com/@TownofBathWV?utm_source=chatgpt.com
us:place:4556140,Pickens city,South Carolina,youtube,https://youtu.be/IqjV792tklg,single_video,no,run_govs_01,https://youtu.be/IqjV792tklg https://youtu.be/fA2V7V341bQ https://youtu.be/mIegZlJMQh8 https://youtu.be/gJno3JSxMbM?si=kNeOsvlMeK7l58gg https://youtu.be/WkO6zyW3i1Q https://www.youtube.com/watch?v=omOaZeBlLrI https://youtu.be/mbuXrosEJnU?si=p-e6TY6T6uMA3qd5 https://youtu.be/Jva_7VanTRg https://youtu.be/JigZObv50pI https://youtu.be/IoY1QHgf2X4 https://youtu.be/W1Y5qUZ9t1M https://youtu.be/X_Y1c-uJFsI?si=ew5-wGFNsUPxB7mz https://youtu.be/_Qk2Pl9mCXs https://youtu.be/aZZUNCVaGsY?si=WMQ4QkcuTv35AMoI https://www.youtube.com/live/xT5X1yySekQ?si=Yd80byAUxEt_HEjT https://youtu.be/XpRAcAKCAfk https://www.youtube.com/watch?v=TON7p11BTiE https://youtu.be/04TO1PgngFo https://youtube.com/watch?v=IQJxW7cZPwU&feature=shared https://youtu.be/KP-gSPp7z4o https://youtu.be/t-3o7Jd7xSM https://youtu.be/kDwxa81Peog https://youtu.be/TAClZEmwuhA https://youtu.be/V3GUoo8tgpg https://youtu.be/JGVGI4s2SuE https://youtu.be/ssCgkOBMr5c https://www.youtube.com/watch?v=0t0rOrgH-tM https://www.youtube.com/watch?v=OEtYgf1vE1g https://www.youtube.com/watch?v=Kfx6GLUIshc https://www.youtube.com/watch?v=mF-ODXf33f8&feature=youtu.be https://www.youtube.com/watch?v=7b1jT3TV96w https://www.youtube.com/watch?v=OwFm0rlDIbk https://www.youtube.com/watch?v=QxTueZ_uWtk https://www.youtube.com/watch?v=JqaNT8MD4Dw https://www.youtube.com/watch?v=owysd27g2FI https://youtu.be/TD7Q2iZ2T_U?si=aN9VwN6MEARBu8yihttps:// https://youtu.be/s8lNRPlS2Z4?si=NzdkCusEKbzX0IDg https://www.youtube.com/watch?v=Z4CtCk_J9sU https://www.youtube.com/watch?v=99DQ9dPdsk4 https://www.youtube.com/watch?v=M8kyaviJRDo https://youtu.be/Tt9JQ_AaalY?si=tYQitqQnGSRA4LAO https://youtu.be/YIDrtiBNIko?si=jrzHTPKHzTqpXRUF https://youtu.be/S91Z__SzPQ4?si=B2KQSFZstTCNJBe2 https://youtu.be/vbB2dbvTjhY https://youtu.be/ZVcWpU45HJ0?si=tEVuj9j_5Wddkbx9 https://youtu.be/xpi9Adz1LHQ?si=629jz00K_wg3Od3F https://youtu.be/OGB2EIib_78?si=6FCZO8-0P1JMcHkj https://youtu.be/1grVXtwqEpw https://youtu.be/oDQlac8Fb58 https://youtu.be/f64AeINinkQ https://youtu.be/mHxopkZb2_M https://youtu.be/N0ypkd--KzA https://youtu.be/mHz5DEA_WVA https://youtu.be/tZltGGKsMus https://youtu.be/-fOcNN6sp70 https://youtu.be/PZ1a09JsMPE https://youtu.be/e1Ih3PCRiUw https://youtu.be/hyzO_mtq0BA https://youtu.be/9NExFdeCxxc https://youtu.be/H3AMP2hzjNE https://youtu.be/G1UrdPbTaX4 https://youtu.be/yJXSWwvr79Q https://youtu.be/R4MiEoBDmDo https://youtu.be/X88OEiHLoLM?si=uFacZC0gbzv278R- https://youtu.be/FWA6k3nA7Rk?si=oz7RiPcd5alemvGv https://youtu.be/mCCaLoIJIgk https://youtu.be/I4BH_NRi3BM https://youtu.be/8tjKcvZjg5I https://youtu.be/wByMxX7MO6s https://youtu.be/1Es_Smlou_A?si=cYU_4pwNyho0-Df5 https://youtu.be/uwImuwjmPiQ?si=JgpTZm-qOhDYFVF6 https://youtu.be/GxveO5yrRnI?si=QCMc69Bx9zt9h-4c https://youtu.be/5vrzYXbeklA?si=t3cqMSR4X7SZcFO7 https://youtu.be/YsU2-M67z7A https://youtu.be/9qK_045wPWc https://youtu.be/GTzxCaGDlbw https://youtu.be/eHM0bWXsHFw https://youtu.be/i7_Mz_WfcJ8 https://youtu.be/7_3NHjQWX_o https://www.youtube.com/watch?v=5qAPi1VCHz8 https://youtu.be/pnKC_McV5Vk https://youtu.be/fBpZHIcrcWg https://youtu.be/-cDj3bVBB_w https://youtu.be/c681-uW95MQ https://youtu.be/_MbN6a_s5ds https://youtu.be/GAn2ACdoJRg?si=fAwalU0ES8AYyIDp https://youtu.be/jut64_iRLAE https://youtu.be/Onb3IYMBaKA?si=62LZKHMqnpU7x3ny https://youtu.be/SDsg4482HMY?si=vot181trVMxc7xj9
us:place:3482960,Wrightstown borough,New Jersey,youtube,https://www.youtube.com/watch?v=nrVk-q33yAc,single_video,no,run_govs_01,https://www.youtube.com/watch?v=nrVk-q33yAc
us:place:2674960,Southgate city,Michigan,youtube,https://www.youtube.com/@CityofSouthgate,channel,no,run_govs_01,https://www.youtube.com/@CityofSouthgate https://www.youtube.com/watch?v=kO0xTI3f6KM&t=1s
us:place:4831928,Haltom City city,Texas,vimeo,https://vimeo.com/1226952611/624e278e19,single_video,no,run_govs_01,
us:place:2508130,Bridgewater Town city,Massachusetts,youtube,https://www.youtube.com/@BTVAccessOnline,channel,yes,run_govs_01,https://www.youtube.com/@BTVAccessOnline
us:place:5459068,Nitro city,West Virginia,youtube,https://www.youtube-nocookie.com/embed/WzRd3K1nZ5g,single_video,yes,run_govs_01,https://www.youtube-nocookie.com/embed/WzRd3K1nZ5g
us:place:3948468,Mayfield village,Ohio,youtube,https://www.youtube.com/channel/UCBlFm6YRel2JTWh6yu0mN5w,channel,yes,run_govs_01,https://www.youtube.com/channel/UCBlFm6YRel2JTWh6yu0mN5w
us:place:4015400,Clinton city,Oklahoma,youtube,https://www.youtube.com/user/clintonokla,channel,no,run_govs_01,https://www.youtube.com/user/clintonokla
us:place:1782686,Winthrop Harbor village,Illinois,youtube,https://www.youtube.com/@villageofwinthropharbor3283,channel,no,run_govs_01,https://www.youtube.com/@villageofwinthropharbor3283
us:place:2073250,Valley Center city,Kansas,youtube,https://www.youtube.com/channel/UCCSXNrtyPbG7ksh8wBQBJeQ,channel,no,run_govs_01,https://www.youtube.com/channel/UCCSXNrtyPbG7ksh8wBQBJeQ https://youtube.com/live/i0_g_2V2YH4 https://youtube.com/live/1kqcxGAqSus https://youtube.com/live/fwouKUEfY_4 https://www.youtube.com/live/xPmoh1tp50Y https://youtube.com/live/Ztz-6M5D0Ms https://youtube.com/live/fHSggMaTZoI https://youtube.com/live/2nWtZcwbM5g https://youtube.com/live/mvUth7P2Cr0 https://youtube.com/live/cM9sPgTlMkI https://youtube.com/live/bXN34qx5sys https://www.youtube.com/live/R12ovXAsEco https://youtube.com/live/I_1bV1Gkpys https://youtube.com/live/m88rTUgN5P0 https://youtube.com/live/1ZW1uCZje30 https://youtube.com/live/pix-r3B0Cn8 https://youtube.com/live/l03Y6bbBjMU https://youtube.com/live/8cg58jwQNd0 https://youtube.com/live/tjhrhL-L0aQ https://youtube.com/live/j-i2VdBUBP0 https://youtube.com/live/VGamiguYtRQ https://youtube.com/live/Yu8fEoVE3K0 https://youtube.com/live/SNYxN4Br11Q https://youtube.com/live/SzGlDIIhDtc https://youtube.com/live/auFC7dAu0Hg https://youtube.com/live/20UEyyLYVyc https://www.youtube.com/live/Q653MNT16ds https://youtube.com/live/vMCR8An6VQM https://youtube.com/live/ocf9HQKOusA https://www.youtube.com/live/vurTd2jJ_0U https://www.youtube.com/live/EWiT8d7_7wA https://youtube.com/live/-nW84OOlhh4 https://youtube.com/live/_2_g8XxWjIM https://youtube.com/live/uNb1x4QeiVg https://youtube.com/live/sv5LzIDb5No https://youtube.com/live/yintik8tyRI https://youtube.com/live/rNCvF_zlIMg https://youtube.com/live/mftz1tkjC64 https://youtube.com/live/9LW5sclPg10 https://youtube.com/live/QNtskH59nSE https://youtube.com/live/ggK4T88SxDs https://youtube.com/live/ok2umykVW-0?feature=share https://youtube.com/live/jeh79aaJCz4 https://youtube.com/live/NhJC79dd79k https://youtube.com/live/OB0ZtHfT8oI https://youtube.com/live/REcVXvKf10c https://youtube.com/live/CgMF5z2ZG50?feature=share https://youtube.com/live/6M7t3iUtajg https://youtube.com/live/pPvyd4W9uMA https://youtube.com/live/8KJEk7dqabU https://youtube.com/live/IoOrlK7ny2o https://youtube.com/live/hQLIzj8Fbpk https://youtube.com/live/ig70KyanTNc https://youtube.com/live/tfbbgNCEDQE https://youtube.com/live/-m-x4TT1b5E https://youtube.com/live/_3z4PmQm258 https://www.youtube.com/live/v8QKByLVeB0?si=ygyNMgkQnWNWrQEu https://youtube.com/live/1e47Fwv8Bbg https://youtube.com/live/nna8K0bC2Vg https://youtube.com/live/5SeOkiFPc1A https://www.youtube.com/watch?v=toIXkbc81Yc&t=37s https://youtube.com/live/4F_isGuu_lU https://youtube.com/live/biGaas-OjwI https://youtube.com/live/_OH26SR3ADs https://youtube.com/live/9-BvH-Zjp_w https://youtube.com/live/5xsR2BNWizY https://youtube.com/live/Rh5nF-wrTWU https://youtube.com/live/4A4JfAtz3-k https://youtube.com/live/EfpYY54NUgI https://youtu.be/vdMjm_E5dv8 https://youtube.com/live/K44-JGBJhFk https://www.youtube.com/watch?v=wBw8b7eFiqk https://youtube.com/live/f-MS3XjvWPc https://youtube.com/live/4I8VR7ROg8U https://youtube.com/live/kofdKp83XOU https://youtube.com/live/RkyG4aPCg1c https://youtube.com/live/HhTyVS2DeZM https://youtube.com/live/M4KId-jUilA https://youtube.com/live/cATLV335E0I https://youtube.com/live/D1cDYqB881g https://youtube.com/live/I-xuKLCw2v4 https://youtube.com/live/LeZSjs8Icqg https://youtube.com/live/9E3z9xiohyE https://youtube.com/live/VnCsjMkvIX8 https://youtube.com/live/u670wQK-NWw https://youtube.com/live/TQ-cPMfDSYY https://youtube.com/live/0eTgj-VWWdo https://youtube.com/live/38_UpvXS8YQ https://youtube.com/live/ySX0VBeFk-Y https://youtube.com/live/naSd89luzg8 https://youtube.com/live/4UkcS0kwxrA https://youtube.com/live/nnWkm_YMpGc https://youtube.com/live/GEOBMPmRlWc?feature=share https://youtu.be/y8tYc6aEapA https://youtu.be/dXSi3I6UwDc https://youtu.be/0h0oP8m8Z6A https://www.youtube.com/watch?v=JQAuO12WYIE
us:place:3648890,Mount Kisco village,New York,vimeo,https://vimeo.com/1206005514?fl=pl&fe=sh,single_video,no,run_govs_01,
us:place:0116768,Columbiana city,Alabama,youtube,https://www.youtube.com/channel/UCtBboKIQynuOFT-bWqkRbLg,channel,no,run_govs_01,https://www.youtube.com/channel/UCtBboKIQynuOFT-bWqkRbLg https://www.youtube.com/@cityofcolumbianaalabama/streams
us:place:3715320,Creedmoor city,North Carolina,youtube,https://www.youtube.com/channel/UCmn38LeuciZNir6B3nCoS0g,channel,no,run_govs_01,https://www.youtube.com/channel/UCmn38LeuciZNir6B3nCoS0g
us:place:1233375,Indialantic town,Florida,youtube,https://www.youtube.com/watch?v=2K-dNDNbBpI,single_video,no,run_govs_01,https://www.youtube.com/watch?v=2K-dNDNbBpI https://www.youtube.com/watch?v=xn-5P-xYPE4&t=6s https://www.youtube.com/watch?v=H07SZuJBKV8 https://www.youtube.com/watch?v=jBs7L-LJkLA https://www.youtube.com/watch?v=FlEXhXaecE4 https://www.youtube.com/watch?v=g-F_RrHYVeo https://www.youtube.com/watch?v=UvD4mFI050o&t=183s https://www.youtube.com/watch?v=6fs4S_GwG3Q
us:place:5557100,New Richmond city,Wisconsin,youtube,https://youtu.be/QtWoSMO9Sx8,single_video,no,run_govs_01,https://youtu.be/QtWoSMO9Sx8
us:place:3715260,Cramerton town,North Carolina,youtube,https://www.youtube.com/@cramertonplanning6183,channel,yes,run_govs_01,https://www.youtube.com/@cramertonplanning6183
us:place:4737960,Jefferson City city,Tennessee,youtube,https://www.youtube.com/embed/1y5YVGfUx2Y,single_video,no,run_govs_01,https://www.youtube.com/embed/1y5YVGfUx2Y
us:place:4102000,Amity city,Oregon,youtube,https://www.youtube.com/channel/UCBbzEMNHYwCobPCTcgb5hFA,channel,no,run_govs_01,https://www.youtube.com/channel/UCBbzEMNHYwCobPCTcgb5hFA
us:place:2657760,Niles city,Michigan,youtube,https://www.youtube.com/channel/UCmM1ZFk8hLzi57B3VCj6Irw,channel,no,run_govs_01,https://www.youtube.com/channel/UCmM1ZFk8hLzi57B3VCj6Irw
us:place:2600440,Adrian city,Michigan,youtube,https://www.youtube.com/watch?v=acY8Rvm0sbw,single_video,no,run_govs_01,https://www.youtube.com/watch?v=acY8Rvm0sbw https://youtu.be/P5iyOn0Mc90 https://youtu.be/VhCN-DceyGU https://www.youtube.com/watch?v=RZ9HwdFwPC8 https://www.youtube.com/watch?v=CmiKNfg_5l0&t=6083s https://www.youtube.com/watch?v=dpR2FxJwQEc&t=7052s https://youtu.be/RVx98yWtnec https://youtu.be/ssQ7p8elwTw https://youtu.be/C84mDWc2fQc https://youtu.be/Fu-KaS8PNyU https://youtu.be/GhLZTCrEBaw https://youtu.be/Uy9uEYsvM-Y https://youtu.be/Yre97UBSNH0 https://youtu.be/bkEusd_ngJw https://youtu.be/lZ2OoBkoaOM https://youtu.be/zdW77PCM1XQ https://youtu.be/SbqFWWe_ER4 https://youtu.be/UhFsggUls-w https://youtu.be/NF-iy_7g-E0 https://youtu.be/kP5cbp7fPNA https://youtu.be/Acl_RHCb6Cg https://youtu.be/i8g6HcfRQlQ https://youtu.be/jYF-at4VnjM https://youtu.be/cKZrIoG87XE https://youtu.be/UF1xbGvgFMQ https://youtu.be/mk4qTaJWuzI https://youtu.be/RhjcrC_vz7s https://youtu.be/5qRVOdXf_H0 https://youtu.be/MRf3WG3p1I8 https://youtu.be/6Pzla4EE8Cw https://youtu.be/S5Ospv-nEmc https://youtu.be/ofO8l1nHIj0 https://youtu.be/9tlgC8rTuiI https://youtu.be/-aFIEvs44dY https://youtu.be/7szrdjekCkU https://youtu.be/K84qNBpFWzY https://youtu.be/G5OUgPFKbA0 https://youtu.be/1mAQyNSZFIc https://youtu.be/DczxNy7O5qQ https://youtu.be/hayNyIP6rks https://youtu.be/4G7n-YAETT8 https://youtu.be/0tI2b6hGYKI https://youtu.be/vqk7t-f1E_Q https://youtu.be/kijXZBcwwyI https://youtu.be/QtWAlDSFhZs https://youtu.be/Whu4TEIQ0CY https://youtu.be/d6pgD-iYs74 https://youtu.be/uTToHVbpDns https://youtu.be/nJ8gSzNGwXw https://youtu.be/oGplYngNYKY https://youtu.be/iiB5wKbstRw https://youtu.be/uSXFTZzTuCU https://youtu.be/5It4o1xcmBA https://youtu.be/4PJ_-TaERWo https://youtu.be/dm8vKVmkjyE https://youtu.be/gJvQVg3Iaxs https://youtu.be/tRfT3c-c3VE https://youtu.be/vfgmAW2mHGo https://youtu.be/0w6BbOYLcRs https://youtu.be/HKaf_GwOapA https://youtu.be/vlBZsUgffh4 https://youtu.be/DSg4HTaqY4A https://youtu.be/3ox4PN6PM3w https://youtu.be/HNL6sQrHy6g?feature=shared https://youtu.be/VZuWLlBS_pw https://youtu.be/QVrbIwnFtMA https://youtu.be/0o9lerx5g6w https://youtu.be/UAK29kJnNpY https://youtu.be/ZGqdPl69psE https://youtu.be/eOw0JWFAwXY https://youtu.be/AYhOzHTPos0 https://youtu.be/-c1lzTH9Sgs https://youtu.be/zB5HDflyUW8 https://youtu.be/PmtAAKV0a1Q https://www.youtube.com/watch?v=vsY-3x0BDjk https://youtu.be/hpqq1BYYqGo https://youtu.be/iM0p9xgs25w https://youtu.be/pByQqByVmgI https://youtu.be/zqAqV-Ugcd0 https://youtu.be/BVbWDO18vx0 https://youtu.be/mnzt0rJOpnI https://youtu.be/e8bKtMsuxCw https://youtu.be/WsaKeZOqAuU https://youtu.be/Ybw87AU7syo https://youtu.be/GyrvK5Jkk60 https://youtu.be/SfzASvC0XRs https://youtu.be/5VUXqdHZQtI https://youtu.be/Pv3FW5zDy1Q https://youtu.be/SG2c0HzN3Lk https://youtu.be/C9OoI10ubHk https://youtu.be/ZCi5MqSWeFQ https://youtu.be/QyFM_gL12eU https://youtu.be/GmHT_z-nreU https://youtu.be/ik2anegWTlw https://youtu.be/GV4tBXATixk https://youtu.be/PJv7VJgKXyc https://youtu.be/38N9JMuIqyU https://youtu.be/YNlDlWwbVzY https://youtu.be/LlfIpasTKKI https://youtu.be/4cDAl3V81tU https://youtu.be/8dhb_6qyQi4 https://youtu.be/FpPteE3j81E https://youtu.be/4p7TzZEy65k https://youtu.be/xd8K5PG2Mxk https://youtu.be/evzO43pgIkg https://youtu.be/7-olJNxhLLQ https://youtu.be/JAQw1VGjE4A https://youtu.be/6aZbiLKXXPg https://youtu.be/qKOshjyiHh4 https://youtu.be/8DAd06iUy_Q https://youtu.be/qFhGYBJcHd0 https://youtu.be/uWlhwBhKY5Q https://youtu.be/ip6FjXnimdo https://youtu.be/wNzFseHj-yQ https://youtu.be/yszwIF5fF3c https://youtu.be/jPqDptu0quY https://youtu.be/37pC09KtG9c https://youtu.be/h1NKyHcT4Tw https://youtu.be/e6IQ_Q0P6EY https://youtu.be/Ar4z_4fhKOM https://youtu.be/vAMqg3BwwnI https://youtu.be/2BpreEB4FD0 https://youtu.be/U02XRkY4nXQ https://youtu.be/lGXb6ifamJY https://youtu.be/9qukbjeiF7o https://youtu.be/NapfIgySQm4 https://youtu.be/Mhy04zPGVo0 https://youtu.be/brkQwq6j7h0 https://youtu.be/qoA3y39rCOs https://youtu.be/-W9469HaoU4 https://youtu.be/_hUmznY1Cd0 https://youtu.be/FpmasHHH6ec https://youtu.be/oZgin8_HzYQ https://youtu.be/9YAA2vo54bA https://youtu.be/FxNzbGaaaRg https://youtu.be/xuE3KtICqHg https://youtu.be/yGQzH8dMYZY https://youtu.be/XZvhfnp-f6U https://youtu.be/SLMSxdAgrUc https://youtu.be/ykDvP4EX5qU https://youtu.be/a-4wgyDGdfk https://youtu.be/hgvLY2YIbZc https://youtu.be/0rnX_Hlh7V0 https://youtu.be/BxJ0eZDYkWI https://youtu.be/IoQwiqsRXSA https://youtu.be/3vzpVgKubM4 https://youtu.be/tMu31Zz-txY https://youtu.be/UZHuTxV6xhY https://youtu.be/2Co1b5ZcyRo https://youtu.be/PEJfCJB4lzY https://youtu.be/RwE_d5iJxB0 https://youtu.be/bYMlnh0StxE https://youtu.be/Ytpeg7ZTz9Y https://youtu.be/IcdCNAT4RFU https://www.youtube.com/watch?v=4Xlkxc_1YGA&feature=youtu.be https://youtu.be/6WEm7QNNQNw https://youtu.be/xhs04zKxQAA https://youtu.be/gcm9R35qloA https://youtu.be/FSrMg6ItoGQ https://youtu.be/kdRaQHkdjEc https://youtu.be/QIWX9KFjkTU https://youtu.be/1o6NGm83DjM https://youtu.be/f5QokUgIEfM https://youtu.be/2qAOmcWJpV0 https://youtu.be/lop0JzCsk9U https://youtu.be/s_uVBj59Y08 https://youtu.be/yEtw9INm4x4 https://youtu.be/KnTo57gAB3c https://youtu.be/waPtyvTn96I https://youtu.be/0u38bC-KmAE https://youtu.be/7gMOtqyP_60 https://youtu.be/Oew_pkLYnw8 https://youtu.be/q8RL18papnc https://youtu.be/1hyZ_rRy7O8 https://youtu.be/fgBGAeFny4o https://youtu.be/3o9kJdkAyEk https://youtu.be/tfojsbW1fMY https://youtu.be/RE5EGR62BDM https://youtu.be/uHCHeighCdE https://youtu.be/ao1-4oiiins https://youtu.be/bn7EmLAAZHM https://youtu.be/tuktAW7isvo https://youtu.be/8MXu5jrsTt0 https://youtu.be/k7JMvIOz8lY https://youtu.be/bBXX9ZLqz_I https://youtu.be/YQRTzH--EYI https://youtu.be/hAobBLx3j_s https://youtu.be/UTV69hYFErg https://youtu.be/OFsfdErCygs https://youtu.be/_G2f67sr2TY https://youtu.be/qMF32US8BxA https://youtu.be/6D7bSOQi0n8 https://youtu.be/6rD3wKV2hHA https://youtu.be/y-Pg19TkhS4 https://youtu.be/t65a3Y3ztuI https://youtu.be/14kjYXQtmbE https://youtu.be/Dwor8cS_4YY https://youtu.be/2tOUAmql-CM https://youtu.be/DE34ZWjF-QQ https://youtu.be/McUtNCekLWY https://youtu.be/fVdPuxH_Ldk https://youtu.be/zY18TrV1gFY https://youtu.be/Tr4URViXRmE https://youtu.be/OnQxLSGQFdA https://youtu.be/6bghKsG-qvM
us:place:5341225,McCleary city,Washington,youtube,https://youtu.be/6Y8Ks3HAEY4,single_video,no,run_govs_01,https://youtu.be/6Y8Ks3HAEY4
us:place:3907300,Blue Ash city,Ohio,vimeo,https://vimeo.com/1225805009,single_video,no,run_govs_01,
us:place:3741060,Manteo town,North Carolina,youtube,https://www.youtube.com/embed/1RuJwBJ7MpQ?autoplay=1,single_video,no,run_govs_01,https://www.youtube.com/embed/1RuJwBJ7MpQ?autoplay=1 https://www.youtube.com/embed/syvSNeaCF8g?autoplay=1 https://www.youtube.com/embed/aT1n4F5vjrQ?autoplay=1 https://www.manteonc.gov/?splash=https://youtube.com/live/uPrcAYsPaM0?feature%3Dshare&____isexternal=true#sitebody https://www.manteonc.gov/?splash=https://youtube.com/live/gmxI9Pr95HM?feature%3Dshare&____isexternal=true#sitebody
us:place:1878902,Vernon town,Indiana,youtube,https://youtu.be/kTYpzwiErZw,single_video,no,run_govs_01,https://youtu.be/kTYpzwiErZw
us:place:3740540,Macon town,North Carolina,youtube,https://www.youtube.com/channel/UC59-D2PQ94Ax9NAfgyMgJKA/videos.html,channel,no,run_govs_01,https://www.youtube.com/channel/UC59-D2PQ94Ax9NAfgyMgJKA/videos.html
us:cousub:3300987060,Woodstock town,New Hampshire,youtube,https://www.youtube.com/channel/UCxMH7OFC8H3KqBhYHsBr53g,channel,no,run_govs_01,https://www.youtube.com/channel/UCxMH7OFC8H3KqBhYHsBr53g
us:cousub:4202921696,EAST PIKELAND TWP,Pennsylvania,youtube,https://www.youtube.com/@EastPikelandTownship,channel,no,run_govs_01,https://www.youtube.com/@EastPikelandTownship
us:cousub:4202927376,Franklin township,Pennsylvania,youtube,https://www.youtube.com/channel/UCWDfgmhYat5IrKvh1W2X_XQ,channel,no,run_govs_01,https://www.youtube.com/channel/UCWDfgmhYat5IrKvh1W2X_XQ
us:place:0812815,Centennial city,Colorado,youtube,https://www.youtube.com/user/CentennialGov,channel,no,run_govs_01,https://www.youtube.com/user/CentennialGov
us:place:0407940,Buckeye city,Arizona,youtube,https://www.youtube.com/@BuckeyeArizona,channel,no,run_govs_01,https://www.youtube.com/@BuckeyeArizona
us:place:4561405,Rock Hill city,South Carolina,youtube,https://www.youtube.com/c/RockHillSCGOV,channel,no,run_govs_01,https://www.youtube.com/c/RockHillSCGOV
us:place:1768003,Schaumburg village,Illinois,youtube,https://www.youtube.com/@VillageofSchaumburg,channel,no,run_govs_01,https://www.youtube.com/@VillageofSchaumburg
us:place:1756640,Orland Park village,Illinois,youtube,https://www.youtube.com/user/villageoforlandpark,channel,no,run_govs_01,https://www.youtube.com/embed/g0RJgpqdYN8?autoplay=1 https://www.youtube.com/embed/TFC1jmbSbko?autoplay=1 https://www.youtube.com/embed/RFArXLmp5jE?autoplay=1 https://www.youtube.com/user/villageoforlandpark
us:cousub:1805782714,Westfield Washington township,Indiana,youtube,https://www.youtube.com/@WWTownship,channel,no,run_govs_01,https://www.youtube.com/@WWTownship
us:place:0636546,Inglewood city,California,youtube,https://www.youtube.com/user/TheCityofInglewood,channel,no,run_govs_01,https://youtu.be/YDAdXRbKfC0 https://www.youtube.com/user/TheCityofInglewood
us:cousub:1805911368,Center township,Indiana,youtube,https://youtube.com/live/R4r8olCBaj8,single_video,no,run_govs_01,https://youtube.com/live/R4r8olCBaj8
us:place:3901000,Akron city,Ohio,youtube,https://www.youtube.com/channel/UCTRzlObsoxdg6IFgWSFCOgA/videos,channel,no,run_govs_01,https://www.youtube.com/channel/UCTRzlObsoxdg6IFgWSFCOgA/videos https://youtu.be/kR6MuL9m98k https://www.youtube.com/@AkronCityCouncil/featured
us:place:0437620,Kingman city,Arizona,youtube,https://www.youtube.com/channel/UCCefFg5UL6weXKr-wenyHVQ,channel,yes,run_govs_01,https://www.youtube.com/channel/UCCefFg5UL6weXKr-wenyHVQ
us:place:1848528,Merrillville town,Indiana,youtube,https://www.youtube.com/watch?v=bMfza7MaXqY,single_video,no,run_govs_01,https://www.youtube.com/watch?v=bMfza7MaXqY https://www.youtube.com/watch?v=NKFK3a9veSg https://www.youtube.com/watch?v=I6DFU8IrYh0 https://www.youtube.com/watch?v=T3L260sFFsg
us:cousub:3611166597,Shandaken town,New York,youtube,http://www.youtube.com/user/townofshandaken,channel,no,run_govs_01,http://www.youtube.com/user/townofshandaken
us:place:4972280,Springville city,Utah,youtube,https://www.youtube.com/channel/UCewh9AHZNXnpm2AD9e6Y19g,channel,no,run_govs_01,https://www.youtube.com/channel/UCewh9AHZNXnpm2AD9e6Y19g
us:place:0827865,Fountain city,Colorado,youtube,https://www.youtube.com/c/fountaincolorado,channel,no,run_govs_01,https://www.youtube.com/c/fountaincolorado
us:place:0648872,Monterey city,California,youtube,https://www.youtube.com/playlist?list=PLBEob3gBrpaxGnwYK3o1HHvULdyX1fCSn,playlist,no,run_govs_01,https://www.youtube.com/embed/7r6_42u4hWw https://www.youtube.com/playlist?list=PLBEob3gBrpaxGnwYK3o1HHvULdyX1fCSn https://www.youtube.com/playlist?list=PLBEob3gBrpazfqaSG9TkwrARloyIJhuSE https://www.youtube.com/playlist?list=PLBEob3gBrpaxjJuh4mt7-hWwKWh3OoN98 https://www.youtube.com/playlist?list=PLBEob3gBrpawGjyq63PvL_NJ2kaKiQwef https://www.youtube.com/playlist?list=PLBEob3gBrpawrzeRb1ByR3PKfWmGWclCr https://www.youtube.com/playlist?list=PLBEob3gBrpaxq3kAupi9KeYjZyP3W3YvR https://www.youtube.com/playlist?list=PLBEob3gBrpazL_NfOjkLYZWFcvO-dbCzj https://www.youtube.com/playlist?list=PLBEob3gBrpawU9Y4QuiZMTBmFjuKlZVPJ https://www.youtube.com/playlist?list=PLBEob3gBrpayY-A7do5D-YGhaurEXWfJs https://www.youtube.com/playlist?list=PLBEob3gBrpazdiheOvS-k_1fzYjB7EbIQ
us:place:5510025,Brookfield city,Wisconsin,youtube,https://youtube.com/@cityofbrookfieldwisconsin?si=kIaelyuvRCHcUlaO,channel,yes,run_govs_01,https://youtube.com/@cityofbrookfieldwisconsin?si=kIaelyuvRCHcUlaO
us:place:5551575,Middleton city,Wisconsin,youtube,https://www.youtube.com/live/X1VG34BQqhg,single_video,no,run_govs_01,https://www.youtube.com/live/X1VG34BQqhg
us:cousub:3602759652,Poughkeepsie town,New York,youtube,https://www.youtube.com/channel/UCjeRDRCg17z3K2GhMIJ_Y5Q,channel,yes,run_govs_01,https://www.youtube.com/channel/UCjeRDRCg17z3K2GhMIJ_Y5Q
us:place:1644290,Kuna city,Idaho,youtube,https://www.youtube.com/@cityofkuna1084,channel,no,run_govs_01,https://www.youtube.com/@cityofkuna1084
us:place:2854840,Oxford city,Mississippi,youtube,https://www.youtube.com/@cityofoxfordmississippi,channel,no,run_govs_01,https://www.youtube.com/@cityofoxfordmississippi
us:place:3134615,Norfolk city,Nebraska,youtube,https://www.youtube.com/user/norfolkne1,channel,no,run_govs_01,https://www.youtube.com/user/norfolkne1 https://www.youtube.com/@cityofnorfolknebraskameeti3587/streams
us:place:3720080,Eden city,North Carolina,youtube,https://www.youtube.com/@EdenNCIT,channel,no,run_govs_01,https://www.youtube.com/embed/eD3f2p4K5fo?autoplay=1 https://www.youtube.com/embed/7-fMvY6uxnk?autoplay=1 https://www.youtube.com/embed/7pNQ0gBUm4A?autoplay=1 https://www.youtube.com/embed/brMfjmwz6cg?autoplay=1 https://www.youtube.com/embed/J08IbeDhLvM?autoplay=1 https://www.youtube.com/@EdenNCIT
us:place:2680420,Trenton city,Michigan,youtube,https://www.youtube.com/channel/UCmti_8HnV5e6yd0bIPahcLA/videos,channel,yes,run_govs_01,https://www.youtube.com/channel/UCmti_8HnV5e6yd0bIPahcLA/videos
us:place:5560500,Oshkosh city,Wisconsin,youtube,https://www.youtube.com/user/OshkoshOCMS,channel,no,run_govs_01,https://www.youtube.com/user/OshkoshOCMS https://www.youtube.com/channel/UCC9D_8ntiG4H7tlVmHlv1yA https://www.youtube.com/embed/n5mZ4nRIyiI?feature=player_embedded&autoplay=1
us:place:2158620,Owensboro city,Kentucky,youtube,https://www.youtube.com/user/cityofowensboro,channel,no,run_govs_01,https://www.youtube.com/user/cityofowensboro
us:place:0666070,San Dimas city,California,youtube,https://www.youtube.com/@cityofsandimas6330,channel,no,run_govs_01,https://www.youtube.com/@cityofsandimas6330 https://www.youtube.com/channel/UC5JuGp_ZnyKNab6zGsrI2cg https://www.youtube.com/watch?v=DBfH-ymqJFk
us:place:3702080,Asheboro city,North Carolina,youtube,https://www.youtube.com/@CityofAsheboro,channel,no,run_govs_01,https://www.youtube.com/@CityofAsheboro
us:place:3655574,Oswego city,New York,youtube,https://www.youtube.com/@cityofoswego9558,channel,no,run_govs_01,https://www.youtube.com/@cityofoswego9558
us:place:1743939,Lisle village,Illinois,youtube,https://www.youtube.com/channel/UCjPeBl6J2p8T-3RpGgXZZFQ,channel,no,run_govs_01,https://www.youtube.com/channel/UCjPeBl6J2p8T-3RpGgXZZFQ https://www.youtube.com/user/lislecatv
us:place:1745726,Machesney Park village,Illinois,youtube,https://www.youtube.com/channel/UC-v3TGWfPRbpCw8PU7-VUiw,channel,no,run_govs_01,https://www.youtube.com/channel/UC-v3TGWfPRbpCw8PU7-VUiw https://www.youtube.com/@MachesneyPark/streams https://www.youtube.com/live/-uiMJu0VV4g?si=qePzmpQSbIGIg4ND https://www.youtube.com/live/sAD-lqm5G3s?si=wCCV7J_4xs73l5-v https://www.youtube.com/watch?v=HXg76mihzp8 https://www.youtube.com/watch?v=KgNZ3b9eysM https://www.youtube.com/live/kai5Z61anM0?si=tXUU59UxZ5R0V_hN https://www.youtube.com/live/gK6jPC7VG30?si=ZLKUqkVr9JSPYb_W https://www.youtube.com/live/nj3ziIZpRSc?si=_W73fXV1TXTIx5rv https://www.youtube.com/live/gARYXPpsJT0?si=5_vXTSiAfP3Yx4r- https://www.youtube.com/live/_JqFC38m3WA?si=fFfD3n-l_IcTaAGO https://www.youtube.com/watch?v=mVKjWlGWudw https://www.youtube.com/watch?v=1ikb8D7l_JU&t=315s https://www.youtube.com/watch?v=Vajqxe_dIec https://www.youtube.com/watch?v=lOSWHmjqn1I https://www.youtube.com/watch?v=84GLIr9KIB8 https://www.youtube.com/watch?v=XC3nDS3Q3Xk https://www.youtube.com/watch?v=hl1AuxSvrjE https://www.youtube.com/watch?v=qExyn5vo6wU https://www.youtube.com/watch?v=Pzuw66pZc4c https://www.youtube.com/watch?v=_Yq7bCRORWs&t=4s https://www.youtube.com/watch?v=7yAoNBX-5AM https://www.youtube.com/watch?v=1HeDSkFKJH8 https://www.youtube.com/watch?v=UPZgQoZuEq4 https://www.youtube.com/watch?v=1LCKJ6UxKzA https://www.youtube.com/watch?v=8vU-ap3R9SE https://www.youtube.com/watch?v=k4fQPu-ors0 https://www.youtube.com/watch?v=Ggpo6LTNWXE https://www.youtube.com/watch?v=SjFQSB5Q9JQ https://www.youtube.com/watch?v=tw6oyh-1y4I https://www.youtube.com/watch?v=FF0d4HoIKLA https://www.youtube.com/watch?v=pQ7GrXxD0W0 https://www.youtube.com/watch?v=uppKhKacYBA https://www.youtube.com/watch?v=aJdpmF7zt78 https://www.youtube.com/watch?v=9_5095QV9t4 https://www.youtube.com/watch?v=ewPcn2aEkpM https://www.youtube.com/watch?v=PQIKWevJjCs https://www.youtube.com/watch?v=K8EZecHBlYk https://www.youtube.com/watch?v=edJwBlmACzk https://www.youtube.com/watch?v=CualwOO-khc https://www.youtube.com/watch?v=xL2Q3NzyhpE https://www.youtube.com/watch?v=hw7YksHgD8w https://www.youtube.com/watch?v=JSms4PrUAAQ https://www.youtube.com/watch?v=qxWPwHTkge4&t=2s https://www.youtube.com/watch?v=NuEmmpaPJDU https://www.youtube.com/watch?v=LeJbeAUF_kk&t=1s https://www.youtube.com/watch?v=-QDpk6-WFQw https://www.youtube.com/watch?v=o-L73wNmBtw https://www.youtube.com/watch?v=91uo7I_eris https://www.youtube.com/watch?v=O975J8cH2ao https://www.youtube.com/watch?v=-o_MNy4l6DI https://www.youtube.com/watch?v=d2i0X4vMveg https://www.youtube.com/watch?v=5Fctad4qy74 https://www.youtube.com/watch?v=WhnqHDAa-pk https://www.youtube.com/watch?v=JXmr6qBMc30 https://www.youtube.com/watch?v=8VDjqFoBYio https://www.youtube.com/watch?v=wAeg-HM3UKg https://www.youtube.com/watch?v=fioKgrjp0YQ https://www.youtube.com/watch?v=jRi3zgT_XxI&t=304s https://www.youtube.com/watch?v=38LvqFX9y5w&t=460s https://www.youtube.com/watch?v=JlWDKNI_ezI&t=388s https://www.youtube.com/watch?v=4pdqe-7aC94 https://www.youtube.com/watch?v=wBRDJkSsmk8 https://www.youtube.com/watch?v=6lydsLWA5yo https://www.youtube.com/watch?v=XQAvC_VR_lA https://www.youtube.com/watch?v=0JY7M60ri-E https://www.youtube.com/watch?v=urov1X8dirk https://www.youtube.com/watch?v=sX1GbwBGhvs https://www.youtube.com/watch?v=IBfGIZHiVxE https://www.youtube.com/watch?v=MkIhkUUYymg https://www.youtube.com/watch?v=k_VRx25f7m0 https://www.youtube.com/watch?v=a66ldlMnjAU https://www.youtube.com/watch?v=P0oQ-q3hfr0 https://www.youtube.com/watch?v=ZWvuNwFsfVk https://www.youtube.com/watch?v=1DJtD6L539k https://www.youtube.com/watch?v=wbkKBbGL4FY https://www.youtube.com/watch?v=6ChtJfXPeKg https://www.youtube.com/watch?v=lXnGrIJRX5g https://www.youtube.com/watch?v=7QIvh34A8XM https://www.youtube.com/watch?v=IVOvIuC8TO0 https://www.youtube.com/watch?v=jd7H0cWq2R0 https://www.youtube.com/watch?v=_3V77KDju1k https://www.youtube.com/watch?v=SSdVeRvYauA https://www.youtube.com/watch?v=D61_r1NIFSU https://www.youtube.com/watch?v=uXfpB08Iwx0 https://www.youtube.com/watch?v=_TehAanPdy4 https://www.youtube.com/watch?v=0_Fhn9Cpprw https://www.youtube.com/watch?v=aNJh9kFGDMQ https://www.youtube.com/watch?v=AoTgI0HDQao https://www.youtube.com/watch?v=BCK8L6Sbj24 https://www.youtube.com/watch?v=kUU9VjI8ffU https://www.youtube.com/watch?v=s-ZerD-xTHA https://www.youtube.com/watch?v=1GSV04KiRGg https://www.youtube.com/watch?v=RwODMuhr0wg https://www.youtube.com/watch?v=1-NvTIbHvRk https://www.youtube.com/watch?v=vOK2jBh-VnM https://www.youtube.com/watch?v=aUdyJiP2nPs https://www.youtube.com/watch?v=I8QCfZNwg-o https://www.youtube.com/watch?v=Ulz8hWYtFCk https://www.youtube.com/watch?v=U6-bg9dFPSI https://www.youtube.com/watch?v=m-enpAsyea0 https://www.youtube.com/watch?v=Q6EYrP0onbo https://www.youtube.com/watch?v=AI1hgjB302E https://www.youtube.com/watch?v=tPbqTH1lTJ0 https://www.youtube.com/watch?v=MLLyxx_lAS8 https://www.youtube.com/watch?v=nO5uEamfsGU https://www.youtube.com/watch?v=GwXSAFAK3Ek https://www.youtube.com/watch?v=buliceoxJAE https://www.youtube.com/watch?v=4hzkivLLWGE https://www.youtube.com/watch?v=yFgv0ixvHBs https://www.youtube.com/watch?v=4ZW52qEeUt4 https://www.youtube.com/watch?v=_AEpIscl3KY https://www.youtube.com/watch?v=r3akgZCSkNQ https://www.youtube.com/watch?v=G2Shs191ask https://www.youtube.com/watch?v=KVXtu85ZJNw https://www.youtube.com/watch?v=hW_oj2Qq8kM https://www.youtube.com/watch?v=ZOHkMEYZxyE https://www.youtube.com/watch?v=z6K2BEs_iqU https://www.youtube.com/watch?v=ZfSXDjPZSj0 https://www.youtube.com/watch?v=Hwa3tlkwf8Y https://www.youtube.com/watch?v=IkZmsF9Bzas https://www.youtube.com/watch?v=uDo8ixHYg20 https://www.youtube.com/watch?v=oexNSd1aSE4 https://www.youtube.com/watch?v=TL4knnCqGdI https://www.youtube.com/watch?v=B3-vaFX8_0o https://www.youtube.com/watch?v=mVtix1iF9r0 https://www.youtube.com/watch?v=3bd4O5-LLzI https://www.youtube.com/watch?v=-nxcpdP82SE https://www.youtube.com/watch?v=7e4Drne5YYE&t=8s https://www.youtube.com/watch?v=kpwpT_3BDFM https://www.youtube.com/watch?v=u8FxPlIPcr4 https://www.youtube.com/watch?v=PX1BwN-QfRY https://www.youtube.com/watch?v=y5cDMhVnEe4 https://www.youtube.com/watch?v=khuBi_PPdQ0 https://www.youtube.com/watch?v=MKLz50sSVeA https://www.youtube.com/watch?v=vIxdOPdDq10 https://www.youtube.com/watch?v=6FeMpFgbkws https://www.youtube.com/watch?v=DRax0jZzIXM https://www.youtube.com/watch?v=6DlUZPbRB34 https://www.youtube.com/watch?v=lmcC7puwrr0 https://www.youtube.com/watch?v=NQsuXOLNGbI https://youtu.be/XrQkkkC7VL0 https://youtu.be/fMT8qLG4WlY https://youtu.be/uvbQ-LZLJtY https://www.youtube.com/watch?v=v_0sFC3Mz80 https://youtu.be/94QPMakHDt8 https://youtu.be/TnoqYQyla8w https://youtu.be/bzftUS5bGCA https://youtu.be/nnx9Q-IRNM4 https://www.youtube.com/watch?v=TG06qigO7Tk https://youtu.be/Hy42RRtGyWA https://youtu.be/jnZ8nk6VXoA https://www.youtube.com/watch?v=KyI0zOpgK6k https://www.youtube.com/watch?v=PIb_Cjy1zSo https://www.youtube.com/watch?v=7hvyv4DBob0 https://www.youtube.com/watch?v=we368qFDahg https://youtu.be/CyQVWOdbt7Q https://youtu.be/G4jIfLpB4KM https://youtu.be/pN9aEDcX2Yg https://youtu.be/JDqLoX08oa0 https://youtu.be/WlHgXOfYmBY https://youtu.be/RWYIDJMgnlU
us:place:0642370,Loma Linda city,California,youtube,https://www.youtube.com/channel/UCSOe1mP-1Iw9W8ZeX3CUS0Q,channel,yes,run_govs_01,https://www.youtube.com/channel/UCSOe1mP-1Iw9W8ZeX3CUS0Q
us:place:0655520,Paradise town,California,youtube,https://www.youtube.com/channel/UCahySuEER2uUrqJ6G5ET-Xg/videos,channel,no,run_govs_01,https://www.youtube.com/channel/UCahySuEER2uUrqJ6G5ET-Xg/videos
us:place:4945860,Logan city,Utah,youtube,https://www.youtube.com/channel/UCFLPAOK5eawKS_RDBU0stRQ,channel,no,run_govs_01,https://www.youtube.com/channel/UCFLPAOK5eawKS_RDBU0stRQ https://www.youtube.com/channel/UCUj9AhYHj4Pc_WCXatnwHwg/feed
us:place:1330956,Fort Oglethorpe city,Georgia,youtube,https://youtu.be/5OBKToVXjGI?si=aIAXffgVdpR3KbLx,single_video,no,run_govs_01,https://youtu.be/5OBKToVXjGI?si=aIAXffgVdpR3KbLx https://youtu.be/seQfI_6isUY?si=66WjDntIcxPRysyI https://www.youtube.com/watch?v=cz5aZ7AqcYk https://youtu.be/4b9zQ4zBfLM?si=80XEslB2dBoeHRgR https://youtu.be/LnO-oNnpcGI?si=hxTWWN9OKeaoVBqS https://youtu.be/JGXii0Mr1rE?si=trdk4o53zasZ54n0 https://youtu.be/poeTwOcW31o https://youtu.be/NBqrjkATOJ4 https://youtu.be/6_HiFu0909Q https://www.youtube.com/watch?v=TLnUwgdHHI0 https://youtu.be/gpMl2Kxe7RM https://youtu.be/Yj099yBaPCI https://youtu.be/KhBtiB00FNc https://youtu.be/W75UYTCA858?si=wpjH9kd3zI9_JuVB https://youtu.be/SfWRNhNYYjg https://youtu.be/PJ3iqnJwgag https://youtu.be/WiAAKUqfjR8?si=wWf1Btz1P--wafpa https://www.youtube.com/watch?v=sTEs5s8mXH8 https://youtu.be/6ahOc4PHQno?si=8PQ2W3VMzF7qHZJQ https://youtu.be/9tzZSQuJZlo?si=x2Zde2M_-oXu-ZpR https://youtu.be/GhaSM6ORuGk https://www.youtube.com/watch?v=nv5W1Y4it-U https://www.youtube.com/watch?v=owO6FQ3HkZQ https://www.youtube.com/watch?v=yEcAOpPis_U https://www.youtube.com/watch?v=z7Pp_RVVzdg https://youtu.be/OtsQfc38_dw https://youtu.be/cBaLkwGbWX0 https://youtu.be/a0lTyEIF3II https://youtu.be/YpIDUVjv5sM
us:place:3628178,Garden City village,New York,youtube,https://www.youtube.com/embed/YlYcdUDH6Ic?si=UsigUjlaMkPa8hZJ,single_video,yes,run_govs_01,https://www.youtube.com/embed/YlYcdUDH6Ic?si=UsigUjlaMkPa8hZJ https://www.youtube.com/embed/LRnxn8csQKA?si=MV2aiOghwcth8Mr8 https://www.youtube.com/embed/8nDP-XtE0os?si=mCZ4658UMMWSGHsz https://www.youtube.com/embed/Kttm2C9HF1A?si=pl9_fQ8jTYQ-XGlC https://www.youtube.com/embed/MwTndnRxdDs?si=lvrZagtcwL_YxK_c https://www.youtube.com/embed/WY-DJmtfJHQ?si=YkktD6ZlrOdrQoW6 https://www.youtube.com/embed/nsyLfWfxuNU?si=nc8rqCk9l89a-Xeg https://www.youtube.com/embed/Xv36NZ-l-jA?si=KN7wdcSFonei5T3- https://www.youtube.com/embed/R9GAKaL5x0g?si=pFo8zAd7uc2z8A_e https://www.youtube.com/embed/O5J6EkWH95s?si=AE7jMs-EG3goHBDA https://www.youtube.com/embed/DzD4sjUIw64?si=Vjr2XtbHbSUV_61b https://www.youtube.com/embed/XgZ3_h6nIJU?si=Ne6lfyiFhskyKc9Q https://www.youtube.com/embed/aOZdKy0c3-8?si=mSEDgfZZy3nIgmLZ https://www.youtube.com/embed/qLPWdRs_e9A?si=S_tmvZr25Odgy2-V https://www.youtube.com/embed/joWKTk3zUI0?si=Yxt0pxd5JRD6Uw97 https://www.youtube.com/embed/ZX3tM9Gl6WI?si=-pcWcMvalP0szxu1 https://www.youtube.com/embed/Gmtl_nPBlfQ?si=yzuyNGUsnvPqe-HT https://www.youtube.com/embed/hDMFbVJqQGA?si=kIQfd_hGq7Y-XwbA https://www.youtube.com/embed/U3cPPbmRPhk?si=YLHrQlvzoRNFKT9l https://www.youtube.com/embed/uk40tLEO3aA?si=r_BzpTOOLyVgoR5z https://www.youtube.com/embed/yAMnrfOT5rs?si=pyece_MubOxX6gq0 https://www.youtube.com/embed/5OB2HYNyMWM?si=gUCRIy9woc_t_Dju https://www.youtube.com/embed/ZqaQd3prxD4?si=6pQedyoe_PXfPF-6 https://www.youtube.com/embed/dBAAqFxwkhA?si=BbCUnPtRhuOcJCTO https://www.youtube.com/embed/356Ilb2Zr4g?si=26XRy2DLv48E2dLF https://www.youtube.com/embed/w79NIbb47Us?si=78d26H_pocu0eafA https://www.youtube.com/embed/GaD2y_fWdqA?si=7AXeTPGg_-uxgeyc https://www.youtube.com/embed/0Z11EmQTZfY?si=-IK6NhsfoBCAF-An https://www.youtube.com/embed/nq76kUQcNh4?si=9B4t6Tummap6aPLA https://www.youtube.com/embed/36Pc7bem0WA?si=BLOAskMCaZrZ146n https://www.youtube.com/embed/EN2zyWIrB8g?si=yLMF0uqqdG46kC5P https://www.youtube.com/embed/3paIPZE8pAg?si=nH3PIKgu1vTqdma_ https://www.youtube.com/embed/iIYp9OG1PFM?si=YK6VlsUKQnC04_wR https://www.youtube.com/embed/DzqngJX1ib4?si=CqBJX8XDsxQEvMxb https://www.youtube.com/embed/9fn6Ov_klz8?si=kzoa1OKGFqd8jb3e https://www.youtube.com/embed/vKzB-rBw61I?si=zYn751niJ8Mox7NE
us:place:1757394,Palos Hills city,Illinois,youtube,https://www.youtube.com/channel/UC_qGIDobTehGmIroUUgk0xQ,channel,yes,run_govs_01,https://www.youtube.com/channel/UC_qGIDobTehGmIroUUgk0xQ
us:place:2128918,Franklin city,Kentucky,youtube,https://www.youtube.com/@cityoffranklinky,channel,no,run_govs_01,https://www.youtube.com/@cityoffranklinky https://www.youtube.com/watch?v=C13JhB7da0k https://www.youtube.com/watch?v=3eqMAHKyjbk https://www.youtube.com/watch?v=-2hAbhl-o64 https://www.youtube.com/watch?v=JROoDN3xOAQ https://www.youtube.com/watch?v=axNBkTYZsFc https://www.youtube.com/watch?v=rQZEoskfJUM https://www.youtube.com/watch?v=n7wz6B81Qmw https://www.youtube.com/watch?v=bfz8wMbQy4o https://www.youtube.com/watch?v=ir7zkHeDO38 https://www.youtube.com/watch?v=iOm22LbD_Wk https://www.youtube.com/watch?v=Nuxdy2kRcD0 https://www.youtube.com/watch?v=YnSrcZ5NjdY https://www.youtube.com/watch?v=U6nJQ2-0TnQ https://www.youtube.com/watch?v=uuK0w4KFZ3E https://www.youtube.com/watch?v=7o95IcOGQEI https://www.youtube.com/watch?v=HE3g7M_hqmA https://www.youtube.com/watch?v=PXSvuPoOb9k https://www.youtube.com/watch?v=YemwdCynlsA https://www.youtube.com/watch?v=RxSEJrI0uJc https://www.youtube.com/watch?v=1T8rC2wON5A https://www.youtube.com/watch?v=SECgO-wn3R0 https://www.youtube.com/watch?v=OM6hAHwnjV0 https://www.youtube.com/watch?v=POfxJP2oaCM https://www.youtube.com/watch?v=Dd71HBd9hs8 https://www.youtube.com/watch?v=aB1LldvfLAI https://www.youtube.com/watch?v=UuyVmmjSnfg https://www.youtube.com/watch?v=PEnIR2hxI_c https://www.youtube.com/watch?v=USI-zFNic9o https://www.youtube.com/watch?v=3bQRGBfoNXM https://www.youtube.com/watch?v=6I5FEVDV_QI https://www.youtube.com/watch?v=UyokABV5-ms https://www.youtube.com/watch?v=h19fiBHWLRI https://www.youtube.com/watch?v=wNDzV2ba9z4 https://www.youtube.com/watch?v=Sfj6MIJtah0 https://www.youtube.com/watch?v=9VlNzVwzRqA&t=8947s https://www.youtube.com/watch?v=SOsxKIbBPPU&t=18s https://www.youtube.com/watch?v=uRtcQ8H2Lcc&t=8646s https://www.youtube.com/watch?v=-l2CESJLoLw&t=13s https://www.youtube.com/watch?v=HcYret35CiY https://www.youtube.com/watch?v=5KJmF269BmE&t=4s https://www.youtube.com/watch?v=5meK0dM2WFE https://www.youtube.com/watch?v=u09CbdSp-TM https://www.youtube.com/watch?v=uyaQMKEya8E https://www.youtube.com/watch?v=w6jPDgeD7Gs https://www.youtube.com/watch?v=DKMLKAQbFmE&t=2026s https://www.youtube.com/watch?v=iSBjAJlL5e8&t=2s https://www.youtube.com/watch?v=40AtXzKkp3w https://www.youtube.com/watch?v=nsv0VBtmXhA&t=54s https://www.youtube.com/watch?v=SJgp-wkx2nk&t=3724s https://www.youtube.com/watch?v=1C2G6o4W96s&t=11s https://www.youtube.com/watch?v=430efVvh6IU&t=205s https://www.youtube.com/watch?v=OxOTKS3WLLU https://www.youtube.com/watch?v=QEy3JSWHjqg&t=4s https://www.youtube.com/watch?v=MJf0JRnfyGk&t=1775s https://www.youtube.com/watch?v=x6TuMBwYlGA https://www.youtube.com/watch?v=UG6lorrQDvM https://www.youtube.com/watch?v=EI88sBj0rHM https://www.youtube.com/live/aqmDXyNwnhE?si=IOGMd1yxFLTgiSv9 https://www.youtube.com/live/6js1JIFgYaA?si=IbTulNJTl-_ayMaI https://www.youtube.com/live/ssgl8gmJab4?si=P7m-o6P2a_RROiCy https://youtube.com/live/506H-0sHvE0 https://www.youtube.com/live/wjl2z26QBWg https://youtube.com/live/YJZwNk-vPpY https://youtu.be/qcRMDm6LZ28 https://youtu.be/Ce_zG4JXbgk https://youtu.be/7falQZCo9PM https://www.youtube.com/watch?v=qLIx17mcJ10 https://youtu.be/L1XTeLAggG8 https://youtu.be/kTGgrllc_Rw https://youtu.be/y__q9GKyl0w https://youtu.be/Y2b_NmKHYnA https://youtu.be/IJuUKJJwRs4 https://youtu.be/1zxUFNg66Mw https://youtu.be/RTtjWnfWrls https://youtu.be/jpVpjxG3qqk https://youtu.be/YTrbXBJitE4 https://youtu.be/MHCD6X-paS8 https://youtu.be/F0BnrdvyINQ https://youtu.be/i8P_dJr_q3w https://youtu.be/pS_ZG6hhK0k https://youtu.be/QE9cfHCWjnY https://youtu.be/2jZ3GnQf-Jo https://youtu.be/wTneiemmyYo https://youtu.be/TWDwBuvWX9w https://youtu.be/HcwKld_HflQ https://youtu.be/2R6_S7x06T4 https://youtu.be/4IwWwG6btGA https://youtu.be/ON_plyQFIaI https://youtu.be/K9SR4D8ABcY https://youtu.be/GkHSWitaxiw https://youtu.be/9F_oeKmHgOM https://youtu.be/9g0oGMZEfkY https://youtu.be/s-AeFWXVrcA https://youtu.be/UmnOfOLE_i0 https://youtu.be/a7RjBEnwyXU https://youtu.be/SR7ui3sqkJg https://youtu.be/UYgQZtzyt2Q https://youtu.be/k6HHn5jAZvU https://youtu.be/f0EL7vXg8pE https://youtu.be/KBtvH_atoXg https://youtu.be/ejNm4L94t5o https://youtu.be/GkBgMR3teY0 https://youtu.be/ZrwBrlTBVek
us:place:1766040,Round Lake Beach village,Illinois,youtube,https://www.youtube.com/channel/UCWcqvWSN4eljv8kcE6f1Fng/feed,channel,no,run_govs_01,https://www.youtube.com/channel/UCWcqvWSN4eljv8kcE6f1Fng/feed https://youtu.be/Y0XyORC4or0 https://www.youtube.com/watch?v=IZZQw1W4KHU https://youtu.be/t85_MqFPO2k https://youtu.be/VkeO1nPBFzo https://youtu.be/tkbu9GUbyvY https://youtu.be/coH-daXkD5M https://youtu.be/cVYVWvNdIjw https://youtu.be/_eLRbhxV_4E https://youtu.be/-vV_9ELQgp4 https://youtu.be/uWfdTVRCl4Q https://youtu.be/D4QqVkobPWY https://youtu.be/WfbuUtHpSpc https://youtu.be/gFp0iHN-G3g https://www.youtube.com/watch?v=ppstW6mh4qI https://youtu.be/WkhU1u_kcbA https://youtu.be/Z49WiJxaXD4 https://www.youtube.com/watch?v=SNizfDdcTwk https://youtu.be/o7EtskNYdIA https://youtu.be/OuXSCfSS0_E https://youtu.be/ZSlxULSNInE https://youtu.be/hzO58T3E0bI
us:place:4844116,Los Fresnos city,Texas,youtube,https://www.youtube.com/@CityofLosFresnosTX,channel,no,run_govs_01,https://www.youtube.com/@CityofLosFresnosTX https://www.youtube.com/@cityoflosfresnos7157 https://www.youtube.com/channel/UCM586ihF_ubb7Kz4aqFCBKQ
us:place:3925256,Elyria city,Ohio,youtube,https://www.youtube.com/channel/UCXGJiwin7ztBh9Q_ITQRhwA/featured,channel,yes,run_govs_01,https://www.youtube.com/channel/UCXGJiwin7ztBh9Q_ITQRhwA/featured
us:place:0570010,Trumann city,Arkansas,youtube,https://www.youtube.com/@cityoftrumann/streams,channel,no,run_govs_01,https://www.youtube.com/watch?v=nwvNp8C2cEo https://www.youtube.com/@cityoftrumann/streams
us:place:5439460,Huntington city,West Virginia,youtube,https://www.youtube.com/channel/UCIbOv9DiKt7s8KPLAjRwD8g,channel,no,run_govs_01,https://www.youtube.com/channel/UCIbOv9DiKt7s8KPLAjRwD8g
us:place:5323970,Fircrest city,Washington,youtube,https://www.youtube.com/watch?v=4qr1Aj6Di7w&fbclid=IwAR3DPrBagk8eZ1iwN_W5TqZJvEP8nK4gu7emDI8PsBKRv1h9gVfRYLnl-uE,single_video,no,run_govs_01,https://www.youtube.com/watch?v=4qr1Aj6Di7w&fbclid=IwAR3DPrBagk8eZ1iwN_W5TqZJvEP8nK4gu7emDI8PsBKRv1h9gVfRYLnl-uE
us:place:3743480,Mint Hill town,North Carolina,youtube,https://www.youtube.com/channel/UC5LTHPE0q3K_NrtO2MP4y6w/live,channel,no,run_govs_01,https://www.youtube.com/channel/UC5LTHPE0q3K_NrtO2MP4y6w/live https://www.youtube.com/watch?v=2N7LWPJE4DI https://www.youtube.com/watch?v=nCEnGkAv15g https://www.youtube.com/watch?v=IedeqRobu90 https://www.youtube.com/watch?v=9lbE40Kd5IY https://www.youtube.com/watch?v=uTY0R64gC4Q https://www.youtube.com/watch?v=wMGyAojrJso https://www.youtube.com/watch?v=rsy_cdM91kQ https://www.youtube.com/watch?v=aouxN6CL78Q https://www.youtube.com/watch?v=NQtf2Pt9LRw https://www.youtube.com/watch?v=r-jHoi_yHBo https://www.youtube.com/watch?v=3J3uor27lFc https://www.youtube.com/watch?v=L6VK162Y7Oc https://www.youtube.com/watch?v=B71gSAQV_Mk https://www.youtube.com/watch?v=xeKQdawOn-c https://www.youtube.com/watch?v=Se7GkHbJuXE https://www.youtube.com/watch?v=DpSL5_z6Ow4 https://www.youtube.com/watch?v=SwhOrySybEQ https://www.youtube.com/watch?v=oErjehWFy9g https://www.youtube.com/watch?v=IxCWPwadgyw https://www.youtube.com/watch?v=4ez6cI_xRQ0 https://www.youtube.com/watch?v=fUiFd5eEjFo https://www.youtube.com/watch?v=PkrAc0KexGY https://www.youtube.com/watch?v=0GaHo8OJhb4 https://www.youtube.com/watch?v=kFyb-zLdhI8 https://www.youtube.com/watch?v=Uz7ji5FFQZw https://www.youtube.com/watch?v=wyHHEici7Wk https://www.youtube.com/watch?v=MGw2jSQrfmI https://www.youtube.com/watch?v=Xg_Yqlif7ww https://www.youtube.com/watch?v=ks5wDmWLRMs https://www.youtube.com/watch?v=5BrAm5yq7OQ https://www.youtube.com/watch?v=etCIuXo2syU https://www.youtube.com/watch?v=cbwP9ntFg0g https://www.youtube.com/watch?v=vr42FiQ1hY4 https://www.youtube.com/watch?v=r3c8d9GSNME https://www.youtube.com/watch?v=UXK0An2Pcwg https://www.youtube.com/watch?v=Kskq08umEI4 https://www.youtube.com/watch?v=dkyX4ge99_k https://www.youtube.com/watch?v=11FokyvPNaY https://www.youtube.com/watch?v=XfnQv4PKSl8 https://www.youtube.com/watch?v=C01eSDVdSn4 https://www.youtube.com/watch?v=agO-FhtuJbs https://www.youtube.com/watch?v=nx7KUMxN8e0 https://www.youtube.com/watch?v=UxI7jetH_9E https://www.youtube.com/watch?v=mtY2S4qc56s https://www.youtube.com/watch?v=lqARMQLQXNk https://www.youtube.com/watch?v=_pjC1JEsBGk https://www.youtube.com/watch?v=dGLRaEktN04 https://www.youtube.com/watch?v=xsFkdojX0j8 https://www.youtube.com/watch?v=FmgoU1f-A5Y https://www.youtube.com/watch?v=9otvz7H_FmA https://www.youtube.com/watch?v=tDcsfPh-H_I https://www.youtube.com/watch?v=ZHKZxtSMGpY https://www.youtube.com/watch?v=r-oDlO688pA https://www.youtube.com/watch?v=BSWLvUNFWa0 https://www.youtube.com/watch?v=dBzYKL0pkz0 https://www.youtube.com/watch?v=BcU8XCR8Sik https://www.youtube.com/watch?v=z2YVOLJoF7U https://youtu.be/GHdCiRmV550 https://www.youtube.com/watch?v=bF_QskfX8js https://www.youtube.com/watch?v=NfdbIyuhom4 https://www.youtube.com/watch?v=eQdWSAl7rFA https://www.youtube.com/watch?v=_WAEjlStPlI https://www.youtube.com/watch?v=xW5vlCRJnXc https://www.youtube.com/watch?v=1Bdt138SdsU https://www.youtube.com/watch?v=95U1ik_KQyg https://www.youtube.com/watch?v=_nPz8di5174 https://www.youtube.com/watch?v=KVGMSr3ZNKI https://www.youtube.com/watch?v=DNXIm-XUZsA https://www.youtube.com/watch?v=aFpSDx6D044 https://www.youtube.com/watch?v=Q6_rcJZDOfo https://www.youtube.com/watch?v=eJV3dOidtp4 https://www.youtube.com/watch?v=MXxPGQNRglQ https://www.youtube.com/watch?v=SZIroVdUUKI https://www.youtube.com/watch?v=9kgD-DT0nys https://www.youtube.com/watch?v=-3DnXqJ8Kv0 https://www.youtube.com/watch?v=jBKQWISYc2I https://www.youtube.com/watch?v=aDVUf2dBom0 https://www.youtube.com/watch?v=XqIluJdl8Gk https://www.youtube.com/watch?v=FYPzJ1X_bvI https://www.youtube.com/watch?v=mn3--cs463U https://www.youtube.com/watch?v=Pu6GuxVS_Jg https://www.youtube.com/watch?v=ercz56RgV60 https://www.youtube.com/watch?v=8maUkrbq0hs https://www.youtube.com/watch?v=eo5xWPnfE9U https://www.youtube.com/watch?v=fjMsQnWdouc https://www.youtube.com/watch?v=IKIuZHWsUug https://www.youtube.com/watch?v=cqzQmeFzUK4 https://www.youtube.com/watch?v=Dbpk1_zUqdQ https://www.youtube.com/watch?v=WxlzwbxqT-E https://www.youtube.com/watch?v=4jQR2_QiTpE https://www.youtube.com/watch?v=V0vuNvKC00U https://www.youtube.com/watch?v=YEQEQBMT684 https://www.youtube.com/watch?v=wiLrg6EQa-M https://www.youtube.com/watch?v=2q9anCfmlRc https://www.youtube.com/watch?v=X_LGqgiu4Vw https://www.youtube.com/watch?v=KMjQevZFrY0 https://www.youtube.com/watch?v=BaQuSdnoVj8 https://www.youtube.com/watch?v=hBYa5gxHbgg https://www.youtube.com/watch?v=WbUO2_rc5xA https://www.youtube.com/watch?v=ccBf4I6tYg4 https://www.youtube.com/watch?v=tl2HQ103b9Y https://www.youtube.com/watch?v=8pB7oGJXCxQ https://www.youtube.com/watch?v=-WmuMvfB2eM https://www.youtube.com/watch?v=CUcQo14nGv8 https://www.youtube.com/watch?v=AKbtWWvXKcY https://www.youtube.com/watch?v=_ocCmF4o36k https://www.youtube.com/watch?v=4YNA7vjO-Zs https://www.youtube.com/watch?v=E-CViqu5-aE https://www.youtube.com/watch?v=k0QM3HxD5C0 https://www.youtube.com/watch?v=WMqxr4pwBsc https://www.youtube.com/watch?v=TYzMw5kVsCg https://www.youtube.com/watch?v=l53SOfvqsrk https://www.youtube.com/watch?v=qBD9XMqMHQs https://www.youtube.com/watch?v=TTU3bqhipX0 https://www.youtube.com/watch?v=bqyVKAF2-TA https://www.youtube.com/watch?v=7RXWdIC-MVM https://www.youtube.com/watch?v=A2AOeFti_4g https://www.youtube.com/watch?v=drLDEf-3yDQ https://www.youtube.com/watch?v=HeJ9o2bSpJQ
us:place:4838548,Keene city,Texas,youtube,https://www.youtube.com/@cityofkeenetexas,channel,no,run_govs_01,https://www.youtube.com/@cityofkeenetexas
us:place:3741960,Matthews town,North Carolina,youtube,https://www.youtube.com/channel/UC0DdNfJsqXeYtJYJfX-eqaw,channel,no,run_govs_01,https://www.youtube.com/channel/UC0DdNfJsqXeYtJYJfX-eqaw https://www.youtube.com/embed/zgKD9z_JaOA
us:place:2683060,Walled Lake city,Michigan,youtube,https://www.youtube.com/channel/UCDwQJiyMCqMbmg9Ru-sKMEw,channel,no,run_govs_01,https://www.youtube.com/channel/UCDwQJiyMCqMbmg9Ru-sKMEw
us:place:5582575,Vernon village,Wisconsin,youtube,https://www.youtube.com/channel/UCYtqAAiyly9HwdaX6MHmDTg,channel,no,run_govs_01,https://www.youtube.com/channel/UCYtqAAiyly9HwdaX6MHmDTg https://www.youtube.com/@villageofvernonwi4857/streams
us:place:3744960,Mount Holly city,North Carolina,youtube,https://www.youtube.com/@mounthollync9659,channel,yes,run_govs_01,https://www.youtube.com/@mounthollync9659 https://www.youtube.com/channel/UCJ8i-dP1dPqArrPjkQAdkiA https://www.youtube.com/watch?v=72GwWTmyg0Q https://www.youtube.com/watch?v=wvqRUoUAx-8 https://www.youtube.com/watch?v=DZ2c-82UtkU https://www.youtube.com/watch?v=Xb4krveVIQ4 https://youtube.com/live/NlglBT8nDJ8 https://youtube.com/live/iyVK6KrifqI https://youtube.com/live/3aJJgBuBdlQ https://youtube.com/live/QP9H3Mz7CRA https://youtube.com/live/VoEJMniA8JA https://youtube.com/live/4HpVD8o1Ee4 https://youtube.com/live/iS29yPt08GQ https://youtube.com/live/o4F8KAqwYp4 https://youtube.com/live/Qiauct4hIe4 https://youtube.com/live/4Ox8oqzFLsc https://youtube.com/live/dzM1e0ufLzM https://youtube.com/live/WMyxZDcUHKM https://youtube.com/live/B5OXL-k5pek https://www.youtube.com/live/qlzt4tS1YeI?si=qiHZRm2xnlueyuPF https://youtube.com/live/Tr3zzlfpPZ8 https://youtube.com/live/w-Vhe5lm3FM https://youtube.com/live/0gUkAHAwUPw https://youtube.com/live/QPt3Bszfx0M?feature=share https://youtube.com/live/BVwroBy4fZc https://youtube.com/live/sxHzTcxQL3Q https://youtube.com/live/Ao2eQB1D6Dk https://youtube.com/live/5WrJSzpL2Dg https://youtube.com/live/A60MEBI7yTE https://youtube.com/live/gqce9J5j1Do https://youtube.com/live/ZegD-pyxsFU https://youtube.com/live/_8anGzbzWLI https://youtube.com/live/8WQ-lNHhlc4 https://www.youtube.com/watch?v=6uzj9rq4Rtk https://www.youtube.com/watch?v=7gDDb-_95ug https://youtube.com/live/YofbMFHyZ0Q https://youtube.com/live/onekJK6OSc8 https://youtube.com/live/BARt6tvayU4 https://youtube.com/live/8F2jwSfOJ9k https://youtube.com/live/MsgDAU9-oMw https://youtube.com/live/q3rVTfBptz8 https://youtube.com/live/pHPG6ehlMEc https://youtube.com/live/Tt5wlXsLIV0
us:place:1803394,Bargersville town,Indiana,youtube,https://www.youtube.com/@townofbargersville,channel,no,run_govs_01,https://www.youtube.com/@townofbargersville https://www.youtube.com/channel/UCD0IyoEb1MDSC4JimpDEK_w
us:place:4284704,White Oak borough,Pennsylvania,youtube,https://www.youtube.com/playlist?list=PLT1tCT3zJrpi2hsSVrD4ogP1SyXZHgf1U,playlist,no,run_govs_01,https://www.youtube.com/playlist?list=PLT1tCT3zJrpi2hsSVrD4ogP1SyXZHgf1U
us:place:5462140,Parkersburg city,West Virginia,youtube,https://www.youtube.com/@cityofparkersburgwv4119,channel,no,run_govs_01,https://www.youtube.com/@cityofparkersburgwv4119
us:place:3705220,Bessemer City city,North Carolina,youtube,http://www.youtube.com/user/BessemerCityNC,channel,no,run_govs_01,https://www.youtube.com/embed/uHwiegzzKlQ?feature=oembed http://www.youtube.com/user/BessemerCityNC https://www.youtube.com/@bessemercity
us:place:3775280,Woodfin town,North Carolina,youtube,https://www.youtube.com/channel/UCv81LNHe8tyBLiG13Jlsufw,channel,no,run_govs_01,https://www.youtube.com/channel/UCv81LNHe8tyBLiG13Jlsufw https://www.youtube.com/watch?v=vy6gFSHnzJQ https://www.youtube.com/live/XIS_5VUVaOI?si=pfWfvAnORe664PB7 https://www.youtube.com/live/TLP7C66HSVc?si=K-omFuHC0DQi1ONI https://www.youtube.com/live/P17Qi10c7BM?si=CEfuovKkotTa-re0 https://www.youtube.com/live/XIXpyePhupo?si=KuYqWNF-CILRR-hd https://www.youtube.com/live/Uke_C6fBu1Y?si=EGor20SNX5njtxZQ https://www.youtube.com/live/vbC-gqylmoM?si=x3TjMOGPUulKAgjv https://www.youtube.com/live/6vJOrK6Wq_U?si=DV0RAjHbL1QUbKoi https://www.youtube.com/live/KQVpCJgzg6M?si=xFEhj7xBWghiCesW https://youtube.com/live/JapJ6re22tw?feature=share https://www.youtube.com/live/VwakZwvz10Q?si=j79yci9PhH1UBKp6 https://youtube.com/live/H5udV5eTSRk?feature=share https://youtube.com/live/HfHr2PpTePY?feature=share https://www.youtube.com/live/KDpPaqNN9NM?si=_r8X8QbRZwpQyhQw https://www.youtube.com/live/OuLMFB3lsbU?si=TP0Ve-pH_CsSAlgg https://www.youtube.com/live/txTedYx7Dw4?si=yWJazgFKaeSyTe_y https://youtube.com/live/mpYF5PtHBs4?feature=share https://youtube.com/live/HT8qoB_6lQk?feature=share https://www.youtube.com/live/ZdyCXZ0Dh7s?si=Rq3zSViPVYZFueB9 https://www.youtube.com/live/qFczwHLJXxk?si=JIkq4LDXPXeh98al https://youtube.com/live/FVKGvMwRxNQ?feature=share https://youtube.com/live/VYv6qeRT8u8?feature=share https://www.youtube.com/live/_OuLjqiBGTs?si=nDivwitz_att1QpS https://youtube.com/live/16BcqpcXFNo?feature=share https://youtube.com/live/mjHh2kKucZo?feature=share https://youtube.com/live/WIPsDn1-jbU?feature=share https://www.youtube.com/live/FnVRK5Fip2Y?si=VqO1M1EkHhYed9N9 https://youtube.com/live/Iba2u3ahlAY?feature=share https://www.youtube.com/live/3JM00FJhmto?si=oFdjZQFHmto6q_75 https://www.youtube.com/live/XC8SgIVyWyg?si=g2PHojBp8e-ukwZ7 https://www.youtube.com/live/DhBsghupozs?si=PNvkmJRjGc1RSzDV https://youtube.com/@townofwoodfinnc1104?si=JHD6vCmOzTqwfUKx https://www.youtube.com/watch?v=1cWW37mVun4&list=PLPLLEmY4qvMS82aKS1MiL3j9DkxuCj1WZ&index=36 https://www.youtube.com/watch?v=7GgTYBpps-Y&list=PLPLLEmY4qvMS82aKS1MiL3j9DkxuCj1WZ&index=37 https://youtube.com/live/yTq9hRqnR_k?feature=share https://www.youtube.com/live/mXbTh-Vc-o8?si=QX0qij0WlMAxqjkR https://youtube.com/live/1pVjeRKpW88?feature=share https://www.youtube.com/live/IPe7FF4PjlY?si=ra4v8_812pmTrZDs https://www.youtube.com/watch?v=v2qsbWMJbQg https://www.youtube.com/live/F7U0Os9Rb90?si=m_TuwcMPnXOi1RtK https://www.youtube.com/live/2kG6c5phpyE?si=E_agvks4CcxGq-Fy https://www.youtube.com/live/a8zqfW9cKmA?si=MihT5nTxMBWhGLY5 https://www.youtube.com/watch?v=hNl4wtWJ_1g&t=12s https://www.youtube.com/watch?v=rVhJudVJwjs&list=PLPLLEmY4qvMS82aKS1MiL3j9DkxuCj1WZ&index=30 https://www.youtube.com/live/JXAHJTRMLto?si=mW-BPoqToynLNsnS https://www.youtube.com/watch?v=hR7ABl1uq2c&list=PLPLLEmY4qvMS82aKS1MiL3j9DkxuCj1WZ&index=35
us:place:2652180,Mason city,Michigan,youtube,https://www.youtube.com/channel/UC-bfTBGSk5br74iSQnzpoqw,channel,no,run_govs_01,https://www.youtube.com/channel/UC-bfTBGSk5br74iSQnzpoqw https://youtube.com/live/s2tBxvmv4qc?feature=share https://youtube.com/live/ncNIbAPJD2c?feature=share https://youtube.com/live/3DE4HckBvb4?feature=share https://youtube.com/live/8be2S9P1npY?feature=share https://youtu.be/6Ep8AJ7ZlEc https://youtube.com/live/5LDfVX1KhEM?feature=share https://youtube.com/live/HO6SLlmqGvs?feature=share https://youtube.com/live/uUY3Zcm_ziY?feature=share https://youtube.com/live/NAc7fmFOeDo?feature=share https://youtube.com/live/VZgtgyOsNzQ https://youtube.com/live/uDkr_Iq1T5Q?feature=share https://youtube.com/live/HnYzIHvgM8U https://youtube.com/live/ZVc0lbEnBKA?feature=share https://youtube.com/live/zi1qYdT8W3s?feature=share https://youtu.be/rO59rr-MPLo https://youtube.com/live/B7XNpe7LBiY?feature=share https://youtube.com/live/sYLYXcWoA4k?feature=share https://youtube.com/live/oGWmVDLvy7E?feature=share https://youtube.com/live/o0KT9VLWyKc?feature=share https://youtube.com/live/klfHS9rFM4U?feature=share https://youtube.com/live/a68gHRB6dWI?feature=share https://youtube.com/live/qeMYMaFQxjY?feature=share https://youtube.com/live/SYfvo0vs6Gw?feature=share https://youtube.com/live/0fJshGtzwx8?feature=share https://youtube.com/live/P31YYLosvjM?feature=share https://youtu.be/1wKQPfHkIww https://youtube.com/live/Ax_i4YPbY2Q?feature=share https://youtube.com/live/YYUyX_3ZsM8?feature=share https://youtube.com/live/x568FgSrmtM?feature=share https://youtube.com/live/tjup5VizHoc?feature=share https://youtube.com/live/QrVa0-NpNXA?feature=share https://youtube.com/live/MeT3ZWAQY_g?feature=share https://youtube.com/live/k3WQeRqV1s0?feature=share https://youtube.com/live/7KE9xnFkRso?feature=share https://youtube.com/live/W6Frhf-xKrc?feature=share https://youtube.com/live/MEbepEsor8E?feature=share https://youtube.com/live/uXvtu56yeSw?feature=share https://youtube.com/live/xygoTfQmXxs?feature=share https://youtube.com/live/ObqAuYMzFpU?feature=share https://youtu.be/GLNZDtOUKxU https://youtube.com/live/59dojQoaraA?feature=share https://youtube.com/live/Hdu7rHHK_jo?feature=share https://youtube.com/live/mEjkd5_koU4?feature=share https://youtube.com/live/SVxzfgzmVuM?feature=share https://www.youtube.com/live/-o3peI6CoGc?si=A1QxwA0GNsDx7yIZ https://youtube.com/live/AO4NoReh2tc?feature=share https://www.youtube.com/live/QWfXOIxBHwI?si=LoQXsKkL7WeqLoMj https://youtube.com/live/Zt14N3AIAbI?feature=share https://youtube.com/live/yKBaOa6s2G8?feature=share https://youtube.com/live/73vwFaNFEQs?feature=share https://youtube.com/live/nI9vL_1ECes?feature=share https://www.youtube.com/watch?v=_NVZ2KK4UqM https://www.youtube.com/watch?v=pF204X-dY84 https://youtube.com/live/fTmYDgb-3u8?feature=share https://youtube.com/live/qcMRTNpZR4I?feature=share https://www.youtube.com/watch?v=fztL9wMULbo https://youtu.be/nSFvUn832PQ https://www.youtube.com/watch?v=eqf1IqYdRW0 https://www.youtube.com/watch?v=A4CjNegHQXs https://www.youtube.com/watch?v=dtS3VwZWGPs https://youtube.com/live/2-YYPbk6MmI?feature=share https://youtube.com/live/VdzCFxH7w_c?feature=share https://youtube.com/live/OjTynokY4Lg?feature=share https://youtube.com/live/yUTfLFQUXkU?feature=share https://www.youtube.com/watch?v=YhQu-GgiH5g https://www.youtube.com/watch?v=H8VFimQese4 https://youtube.com/live/kKysFrHXVN4?feature=share https://youtube.com/live/hYOFmNZtQgA?feature=share https://youtube.com/live/gId-RyTjlcI?feature=share https://www.youtube.com/watch?v=s--j1CrYnMw&list=PLRKcexNiSyTMsm8KRSU5QInpomEAkoRcz&index=11 https://youtube.com/live/anbFwE79o4I?feature=share https://www.youtube.com/watch?v=qJzYbBf9bhs https://www.youtube.com/watch?v=Loizha8wrx0 https://www.youtube.com/watch?v=7adGe_YVV28 https://www.youtube.com/watch?v=RBdNXdLOWNI https://www.youtube.com/live/xaUeNbVsR6o?si=t9CpXWl2oWM8xyQN https://www.youtube.com/watch?v=k4EU0alAbJ8 https://www.youtube.com/watch?v=cyZfkYDlScw https://www.youtube.com/watch?v=-lxlvHqY6DA https://youtube.com/live/oTv_SSrWjrM https://youtube.com/live/BoN3Zr264ag https://www.youtube.com/watch?v=4ZplKqBJAuI https://www.youtube.com/watch?v=l8q8Th6SqXw https://www.youtube.com/watch?v=s_Kjzazg9u8 https://www.youtube.com/watch?v=2E4GCvuB9bQ https://www.youtube.com/watch?v=p-FCh1a3qng https://www.youtube.com/watch?v=6XBUAoBJRz8 https://www.youtube.com/watch?v=fQ2kLRqxHWE https://www.youtube.com/watch?v=PdqUOllj4HI https://www.youtube.com/watch?v=piMkr_dmFaY https://www.youtube.com/watch?v=khc0AbcSfLQ https://www.youtube.com/watch?v=7WQClp-F0lU&list=PLqNGkHOcD7lm8Cr1SN0db2s_WSbeQ3TuR&index=11 https://www.youtube.com/watch?v=ipMyriJFICw&list=PLqNGkHOcD7lm8Cr1SN0db2s_WSbeQ3TuR&index=15 https://www.youtube.com/watch?v=8E2L96UeyIM&list=PLqNGkHOcD7lm8Cr1SN0db2s_WSbeQ3TuR&index=10 https://www.youtube.com/watch?v=L52BpZqEVb8 https://www.youtube.com/watch?v=DmICoBzln6U https://www.youtube.com/watch?v=l3pevi27sLY https://www.youtube.com/watch?v=UNiEWPZqWUA https://www.youtube.com/watch?v=lmVGYMEHz88 https://www.youtube.com/watch?v=aKL9XhCjnbI https://www.youtube.com/watch?v=02NMXPzEMZE https://www.youtube.com/watch?v=sn-alidJNCY https://www.youtube.com/watch?v=RlFr3_G2-9o https://www.youtube.com/watch?v=vYXzO2OS8CA https://www.youtube.com/watch?v=b7dYbM0ewK0 https://www.youtube.com/watch?v=5K_YBCwFI9M https://www.youtube.com/watch?v=bU7a9CwUF3E&list=PLqNGkHOcD7llj0HxrN9qrSG4Wg_WKLsCz&index=2 https://www.youtube.com/watch?v=R0_eDDZLGwo&list=PLqNGkHOcD7llj0HxrN9qrSG4Wg_WKLsCz&index=2 https://www.youtube.com/watch?v=eQPgHsVLLQo https://youtu.be/Owtdh1OkTi8 https://www.youtube.com/watch?v=D_xUn0lwxys https://www.youtube.com/watch?v=-OBx94CAi7s https://youtu.be/vgsZI2q5L4M https://www.youtube.com/watch?v=HGs5wGka1Gg https://www.youtube.com/watch?v=PJN8GEi0VDA https://youtu.be/UNyRajH6gPg https://youtu.be/SdwRCrNiorA https://youtu.be/elG3WdSxJFw https://www.youtube.com/watch?v=n9sL99R4kN4&list=PLqNGkHOcD7llj0HxrN9qrSG4Wg_WKLsCz https://youtu.be/lSNDn4t_NaE https://youtu.be/6jhcR3wC8W8 https://youtu.be/yDRrgDARSuU https://youtu.be/NtDa4V-RgqE https://youtu.be/yfnkur4ByVY https://www.youtube.com/watch?v=4Ry0HIZP6a8 https://www.youtube.com/watch?v=VdjO9HxNh9E https://youtu.be/Gv8y-0U-aXY https://www.youtube.com/watch?v=9RDSOzmHJpo https://www.youtube.com/watch?v=JUv44SBVRPw https://www.youtube.com/watch?v=RNzEIfgtA70&list=PLqNGkHOcD7llSegnzDMAvDWuNwPXHnstu&index=1 https://www.youtube.com/watch?v=ibhFEVuSBUA&list=PLqNGkHOcD7llSegnzDMAvDWuNwPXHnstu&index=2 https://www.youtube.com/watch?v=nF74vPO9iRc&list=PLqNGkHOcD7llSegnzDMAvDWuNwPXHnstu&index=27 https://www.youtube.com/watch?v=zMTvD5QUqnY&list=PLqNGkHOcD7llSegnzDMAvDWuNwPXHnstu&index=26 https://www.youtube.com/watch?v=i00lxb3aWkI&list=PLqNGkHOcD7llSegnzDMAvDWuNwPXHnstu&index=25 https://www.youtube.com/watch?v=kL9KHpc-064&list=PLqNGkHOcD7llSegnzDMAvDWuNwPXHnstu&index=3 https://www.youtube.com/watch?v=2jZnjcB0Pbg&list=PLqNGkHOcD7llSegnzDMAvDWuNwPXHnstu&index=28 https://www.youtube.com/watch?v=GNOV-vu6Vuk&list=PLqNGkHOcD7llSegnzDMAvDWuNwPXHnstu&index=4 https://www.youtube.com/watch?v=49-IoKJTCG8&list=PLqNGkHOcD7llSegnzDMAvDWuNwPXHnstu&index=5 https://www.youtube.com/watch?v=Kjufx5--d9M&list=PLqNGkHOcD7llSegnzDMAvDWuNwPXHnstu&index=6 https://www.youtube.com/watch?v=rXRFtakEt3U&list=PLqNGkHOcD7llSegnzDMAvDWuNwPXHnstu&index=7 https://www.youtube.com/watch?v=nAc_S9ib-O0&list=PLqNGkHOcD7llSegnzDMAvDWuNwPXHnstu&index=8 https://www.youtube.com/watch?v=Fzqd6t7jvU4&list=PLqNGkHOcD7llSegnzDMAvDWuNwPXHnstu&index=9 https://www.youtube.com/watch?v=gR8kBhWHv2A&list=PLqNGkHOcD7llSegnzDMAvDWuNwPXHnstu&index=10 https://www.youtube.com/watch?v=QkevdB0yoRM&list=PLqNGkHOcD7llSegnzDMAvDWuNwPXHnstu&index=24 https://www.youtube.com/watch?v=DpDru0DsmdI&list=PLqNGkHOcD7llSegnzDMAvDWuNwPXHnstu&index=11 https://www.youtube.com/watch?v=5dmRBw9sTKo&list=PLqNGkHOcD7llSegnzDMAvDWuNwPXHnstu&index=12 https://www.youtube.com/watch?v=_vpnoR6QIs0&list=PLqNGkHOcD7llSegnzDMAvDWuNwPXHnstu&index=13 https://www.youtube.com/watch?v=3d836-hF5jM&list=PLqNGkHOcD7llSegnzDMAvDWuNwPXHnstu&index=22 https://www.youtube.com/watch?v=GBfn8GzoplE&list=PLqNGkHOcD7llSegnzDMAvDWuNwPXHnstu&index=23 https://www.youtube.com/watch?v=LcpTkpN0iqU&list=PLqNGkHOcD7llSegnzDMAvDWuNwPXHnstu&index=14 https://www.youtube.com/watch?v=R8bKCg1nwBY&list=PLqNGkHOcD7llSegnzDMAvDWuNwPXHnstu&index=21 https://www.youtube.com/watch?v=6-ZFtb06XGc&list=PLqNGkHOcD7llSegnzDMAvDWuNwPXHnstu&index=15 https://www.youtube.com/watch?v=oMi5V5CDcCU&list=PLqNGkHOcD7llSegnzDMAvDWuNwPXHnstu&index=16 https://www.youtube.com/watch?v=3uHXMlsQwSw&list=PLqNGkHOcD7llSegnzDMAvDWuNwPXHnstu&index=20 https://www.youtube.com/watch?v=aQwOMM2DZiw&list=PLqNGkHOcD7llSegnzDMAvDWuNwPXHnstu&index=17 https://www.youtube.com/watch?v=XFPAGbN0L3Q&list=PLqNGkHOcD7llSegnzDMAvDWuNwPXHnstu&index=18 https://www.youtube.com/watch?v=lNk99Xj8Sg4&list=PLqNGkHOcD7llSegnzDMAvDWuNwPXHnstu&index=19 https://youtube.com/live/y406iYeejiQ?feature=share https://youtube.com/live/dXBCz6GpGtw?feature=share https://youtube.com/live/fLuTsQrQua4 https://youtube.com/live/qc3H-IenMQA?feature=share https://youtube.com/live/35j8l-4nFLc?feature=share https://youtube.com/live/UqJ1txaZ21E?feature=share https://www.youtube.com/watch?v=SY5b3g7E56g&list=PLRKcexNiSyTPTXwsL3UPqhJNqHi8slhAX https://youtu.be/VUCX4y5xbkE https://youtube.com/live/sLbeXrw6UNE?feature=share https://youtube.com/live/x92UOPf9wrE?feature=share https://youtube.com/live/_T-g5hIVAgM?feature=share https://youtube.com/live/SpgrbjiKsDc?feature=share https://youtube.com/live/ANsz4gzwf-E?feature=share https://youtube.com/live/f5IcQJHnBsI?feature=share https://youtube.com/live/Qdrr-BllixA?feature=share https://youtube.com/live/eEZhlKWgp0M?feature=share https://www.youtube.com/watch?v=p5Fo3JKGRgw https://www.youtube.com/watch?v=APXaa6AjPcA https://www.youtube.com/watch?v=1JUUbG8jHTA&list=PLRKcexNiSyTP7zw4XaO64SpNfeGx1F849&index=6 https://youtube.com/live/I1QVNKZNwFA?feature=share https://youtube.com/live/8NlgXiAkXLg?feature=share https://www.youtube.com/watch?v=sDflOZO-NlQ https://youtube.com/live/I1WOH-15fB4?feature=share https://youtu.be/yi74G8SH5OY https://www.youtube.com/watch?v=nBFQOhgJeAI https://youtube.com/live/08uD-J5ZA20 https://www.youtube.com/watch?v=Wovpa4XoOPw https://www.youtube.com/watch?v=V4G-rZLj2TM https://www.youtube.com/watch?v=ZFjefwuJSSs https://www.youtube.com/watch?v=HTHZubTlsJg&list=PLqNGkHOcD7lkYiS4r6QpKLp8CI3NRPcoU&index=3 https://www.youtube.com/watch?v=NhGW-RyPi68 https://www.youtube.com/watch?v=nQaGFEKJ7SM https://www.youtube.com/watch?v=3bGItPT0Qlk https://www.youtube.com/watch?v=3MOss04b8Pk https://www.youtube.com/watch?v=36SWbCvJVJM&t=183s https://www.youtube.com/watch?v=ngj6W18_rrA&list=PLqNGkHOcD7llIsojCQCvgpLv4wRmLXVJX&index=3 https://www.youtube.com/watch?v=1fwBjpd6TA0&list=PLqNGkHOcD7llIsojCQCvgpLv4wRmLXVJX&index=5 https://www.youtube.com/watch?v=Hw1stozxo0Q&list=PLqNGkHOcD7llIsojCQCvgpLv4wRmLXVJX&index=6 https://youtu.be/YyPpsZN6MVE https://youtu.be/bXlThbGuUEY https://youtu.be/Vr9G3W-5G94 https://youtu.be/tWaSHYncw7c https://youtu.be/iIujQwbZuug https://youtu.be/R8bKCg1nwBY https://youtu.be/IpCvqKuEQEI https://youtu.be/UudhPybHCsQ
us:place:3969526,St. Clairsville city,Ohio,youtube,https://www.youtube.com/embed/LI8rKkh8aN0?start=8&feature=oembed,single_video,no,run_govs_01,https://www.youtube.com/embed/LI8rKkh8aN0?start=8&feature=oembed
us:place:2607520,Benton Harbor city,Michigan,youtube,https://www.youtube.com/@cityofbentonharbor6046/streams,channel,no,run_govs_01,https://www.youtube.com/@cityofbentonharbor6046/streams https://www.youtube.com/watch?v=xKjp1kprC5o&t=6291s https://www.youtube.com/watch?v=wHJVdD3qhik&t=9s
us:place:1654550,Moscow city,Idaho,youtube,https://www.youtube.com/user/CityofMoscow,channel,yes,run_govs_01,https://www.youtube.com/user/CityofMoscow https://www.youtube.com/@CityofMoscow/streams https://www.youtube.com/embed/videoseries?si=hktognD-BFLvcP-q&list=PLFaiNAV02ViJStdVs3swDm7zTN_zrQPaN https://www.youtube.com/embed/videoseries?si=Z9N5NT3Q8ig-Y4kp&list=PLFaiNAV02ViLxB2f6rLH8jxzMiZoLS0BU https://www.youtube.com/embed/videoseries?si=VsXwVHrQWaNYglhP&list=PLFaiNAV02ViKJBxIMjlYCZ6Y-2QrJQNzY https://www.youtube.com/embed/videoseries?si=ajOQ3gX4F721nf0b&list=PLFaiNAV02ViJdImW5rp0QXRJp6j-3PUvr
us:place:3765040,Stokesdale town,North Carolina,youtube,https://www.youtube.com/channel/UC1tJH7T0Q_56F_EDH6wljiA,channel,no,run_govs_01,https://www.youtube.com/channel/UC1tJH7T0Q_56F_EDH6wljiA https://www.youtube.com/watch?v=Pq0j1dJ9qxk
us:place:1901135,Algona city,Iowa,youtube,https://www.youtube.com/channel/UCrgM2QkvoghD2wFVZ7JEPNQ,channel,yes,run_govs_01,https://www.youtube.com/channel/UCrgM2QkvoghD2wFVZ7JEPNQ https://www.youtube.com/@AHSBroadcasting/videos https://www.youtube.com/embed/xLLndcvtV0c?si=ELfD8oxlRMXxT38u?autoplay=1 https://youtu.be/iqfzyYLBJEk?si=zOiQ28yyz-82MIYf https://youtu.be/NiB5d0UQ3ms?si=_98hp6EYahu6dMdz https://youtu.be/4igZnctK7YQ?si=bsGuPeSDZJnfS93o https://youtu.be/Am1H7GYVQG0?si=K9Lp27ZtcCK7bHho https://youtu.be/wFfTFiq17nk?si=mRPCczuLdMHiCzbH https://youtu.be/HD-6K-PuT_Y?si=SPpR-CatBEF7wEPh https://youtu.be/6Fo-wWLCA5E?si=FqrkDp_GJiLeQn0i https://youtu.be/-e5yYkYepEQ?si=pAJnq74L0Ai1oL4G https://youtu.be/4r701zQdDxA?si=CWx3Se4hqzcFRy5U https://youtu.be/SciDzzxc9yM?si=bLg0gfNpYo8MpiLT https://youtu.be/a-U2M476few?si=8T_hHj75xLOD7wgq https://youtu.be/jUtNK18VWnM?si=5tnGYeTfUdhm3t7F https://youtu.be/uudlaVMHmpY?si=6Yd0e_wDbfMUgDIR https://youtu.be/UBnppb6PRAE?si=3KBmJTGsURi82l0j https://youtu.be/bE95zmOlEgw?si=hyt6agRECZfTsPNd https://youtu.be/Sz1dRQG5-do?si=EtlcftMT9nyQTkbH https://youtu.be/NUyW_J-2YqM?si=iotLNdl2PnGakgrN https://youtu.be/9_Jg5ezRo5A?si=Ngkdd2cBcg2xnQ4G https://youtu.be/15kyq6imK3U?si=hBOpAK6tCSzmT44S https://youtu.be/1pXJZSuSIag?si=iYHTu_TxARqmo6a0 https://youtu.be/_27SwO08eQ0?si=UZvQFEF6aRVj6RzG https://youtu.be/TdOTC3D7icU?si=IJXs67ZKKOmKyqr6 https://youtu.be/ilsR0IOYAf4?si=a6HwJwNUr52E4N6W https://youtu.be/8tPz7j1pvCI?si=7BzpiiGTtVF7wjfT https://youtu.be/fBwFTVi_8vU?si=oPmQD-w8yw1pLZtD https://youtu.be/LPYUNs9KDaQ?si=AhS3rYFddntrzS1S https://youtu.be/nC3h05WYAHg?si=KdiCA8385V2CFyBf https://youtu.be/Vxu47_ZYJAU?si=tP7GmLYxuY4QGfc_ https://youtu.be/rPK71WXRLuE?si=mIOOihLVxR-5uNzP https://youtu.be/SeCStBbmx4I?si=1uanLfMfA0dQZkWd https://youtu.be/lBBYkLK7O8g?si=8Ac3bRuLMVi6In8U https://youtu.be/Zw5oWzEg-a8?si=z11q0u9ndu-WsObS https://youtu.be/wsrK73N7Tpo?si=8hp8UosQzW43oesm https://youtu.be/EOxtwFVISeg?si=xjY0j140_MbTSlPf https://youtu.be/Iqu4B77aQiE?si=-W1Nm0kj2oUwzXzP https://youtu.be/2KE5X5djsSg?si=M0zXN7I7RqVYqM8J https://youtu.be/DAp0GP_n8EE?si=-3c1xLR84dsdvNBC https://youtu.be/LeltTdqV-BE?si=o4-NdaJm-0PK_C3a https://youtu.be/HdPy6koPSPU?si=8jqExEo6HgAXLQd0 https://www.youtube.com/c/AHSBroadcasting https://www.youtube.com/@algonaiowa
us:place:3721095,Elon town,North Carolina,youtube,https://www.youtube.com/@townofelon1117,channel,yes,run_govs_01,https://www.youtube.com/@townofelon1117
us:place:0918780,Danielson borough,Connecticut,youtube,https://www.youtube.com/channel/UCUT8mByfPfMQAqR9Q8-PiSg,channel,yes,run_govs_01,https://www.youtube.com/channel/UCUT8mByfPfMQAqR9Q8-PiSg
us:place:3953312,Munroe Falls city,Ohio,youtube,https://youtu.be/HTYvzcm7WG0,single_video,no,run_govs_01,https://youtu.be/HTYvzcm7WG0
us:place:1312624,Camilla city,Georgia,youtube,https://www.youtube.com/watch?v=88RKUFJGhx0&t=1s,single_video,no,run_govs_01,https://www.youtube.com/watch?v=88RKUFJGhx0&t=1s https://www.youtube.com/watch?v=oVhcp1DXBjs https://www.youtube.com/watch?v=DmrzQnvjh-Q&t=3s https://www.youtube.com/watch?v=X_VOn1I2qGE https://www.youtube.com/watch?v=VUDDisTDI7c https://www.youtube.com/watch?v=dL77EuVE834 https://www.youtube.com/watch?v=QzCuSa1PWYA&t=3s https://www.youtube.com/watch?v=IKnga2b5wpU&t=8s https://www.youtube.com/watch?v=qZJnGBxGA30 https://www.youtube.com/watch?v=Fn_AAzTiDlg https://www.youtube.com/watch?v=OtRJxq2rif4 https://www.youtube.com/watch?v=t45dFANddgo https://www.youtube.com/watch?v=UxZQBD99l-I&t=20s https://www.youtube.com/watch?v=WBwVdxQU3Iw&t=16s https://www.youtube.com/watch?v=_OPAenrxNms https://www.youtube.com/watch?v=gGE28uJuCno&t=3s https://www.youtube.com/watch?v=u6txFzR6Je8&t=2s https://www.youtube.com/watch?v=CMq3vKP4KLE&t=5s https://www.youtube.com/watch?v=jb6dZeiisMI https://www.youtube.com/watch?v=6JW2OpncOLo https://www.youtube.com/watch?v=-EY8duH8yEY https://www.youtube.com/watch?v=3cmo-rTuAxA&t=2s https://www.youtube.com/watch?v=q_84bghJz2Y https://www.youtube.com/watch?v=2MIunq1-3YI&t=9s https://www.youtube.com/watch?v=dE2DjGF2-cU https://www.youtube.com/watch?v=G931vqNrV00&t=45s https://www.youtube.com/watch?v=KGk3IiE0Luc&t=2s https://www.youtube.com/watch?v=FdMwNDdCtP0 https://www.youtube.com/watch?v=-PmlqGVsoKo https://www.youtube.com/live/bF6ZJiypOjo https://www.youtube.com/watch?v=_sUVlWgjcpI https://www.youtube.com/watch?v=ad0ArQzRI_Q&t=1s https://www.youtube.com/watch?v=Q9qePMzaINg https://www.youtube.com/watch?v=4DHbk5ajk5k&t=2s https://www.youtube.com/watch?v=tFccQNK7jBk https://www.youtube.com/watch?v=gvn4smjKXQ0&t=6s https://www.youtube.com/watch?v=LgM72HSxIZk https://www.youtube.com/watch?v=AL1lR7qNd2k https://www.youtube.com/watch?v=umXJ6VMT0zA https://www.youtube.com/watch?v=OIh-lUr7CAA&t=6s https://www.youtube.com/watch?v=29cMr_zs-BA&t=5s https://youtu.be/HAK2-nxDquk https://www.youtube.com/watch?v=DHw6S-zWlVQ&t=23s https://www.youtube.com/watch?v=jr0D-XoiExo https://www.youtube.com/watch?v=Gp9YQENpmE4&t=1s https://www.youtube.com/watch?v=zcMFXlq6M9s https://www.youtube.com/watch?v=TMOtE5R5ass&t=11s https://www.youtube.com/watch?v=LbUcjkD3Tz4&t=2s https://www.youtube.com/watch?v=sFPfeqx3oQc&t=22s https://youtu.be/By4FDpr54Wk https://www.youtube.com/watch?v=PnuNBNcvWDs https://www.youtube.com/watch?v=5NvJAF-Z5iQ https://www.youtube.com/watch?v=1mpVPt7-UuA https://www.youtube.com/watch?v=ASP3pFgcL4w https://www.youtube.com/watch?v=Gkzb9dBjEao https://www.youtube.com/watch?v=8lqvmSvCqg4 https://www.youtube.com/watch?v=MKDWAnVoF84 https://www.youtube.com/watch?v=h0J58rDY-gA https://youtu.be/QGmc0IW10m0 https://www.youtube.com/watch?v=EAZCt-A02_A https://www.youtube.com/watch?v=bU4YhAuMDvw https://www.youtube.com/watch?v=PIcYo8casuA https://www.youtube.com/watch?v=f87J8CtjKek https://www.youtube.com/watch?v=MsHJh0BvtKo https://www.youtube.com/watch?v=AceSlVHhGZM https://www.youtube.com/watch?v=JrKbXe1Q5rM
us:place:3626352,Flower Hill village,New York,youtube,https://www.youtube.com/@villageofflowerhill,channel,no,run_govs_01,https://www.youtube.com/@villageofflowerhill
us:place:3732980,Hudson town,North Carolina,youtube,https://www.youtube.com/channel/UCOsX-YDt65IPLOO2t3Qxk7g,channel,no,run_govs_01,https://www.youtube.com/channel/UCOsX-YDt65IPLOO2t3Qxk7g
us:place:3950904,Mingo Junction village,Ohio,youtube,https://www.youtube.com/channel/UCANQUo0UNQP74uQxDelLesA,channel,no,run_govs_01,https://www.youtube.com/channel/UCANQUo0UNQP74uQxDelLesA
us:place:3625076,Fairport village,New York,vimeo,https://vimeo.com/1182804943/1387309dde,single_video,no,run_govs_01,
us:place:4769620,Somerville town,Tennessee,youtube,https://www.youtube.com/channel/UC92dAz4fMznceaFT35JfiIA,channel,no,run_govs_01,https://www.youtube.com/channel/UC92dAz4fMznceaFT35JfiIA
us:place:1728300,Galena city,Illinois,youtube,https://www.youtube.com/@cityofgalena1826,channel,yes,run_govs_01,https://www.youtube.com/@cityofgalena1826
us:place:5346895,Montesano city,Washington,youtube,https://www.youtube.com/channel/UC2Hl6mY_-6NLZQSTdRxcNLA/videos,channel,no,run_govs_01,https://www.youtube.com/channel/UC2Hl6mY_-6NLZQSTdRxcNLA/videos
us:place:2278470,Vidalia town,Louisiana,youtube,https://www.youtube.com/channel/UCa6cbVaGERmEA6WGt33z-dg,channel,no,run_govs_01,https://www.youtube.com/channel/UCa6cbVaGERmEA6WGt33z-dg https://youtube.com/playlist?list=PLR1z4iAF42-cEezM3bczbwkaQNP58tmOt&si=JrxrX_uERGL02zOR
us:place:5380500,Zillah city,Washington,youtube,http://www.youtube.com/channel/UCvkD0lSCanbyyTkgV4n6l3Q,channel,no,run_govs_01,http://www.youtube.com/channel/UCvkD0lSCanbyyTkgV4n6l3Q https://youtu.be/pYFNbm5H7Ws https://youtu.be/PcwRSmPrOns https://youtu.be/63PHqkJUtyg https://youtu.be/8Y7QJkRQkz0 https://youtu.be/9J4hKgNaWwc https://youtu.be/fOgnzCeT8QY https://youtu.be/_-YNsAzWyo8 https://youtu.be/_iOQxxzseRg https://youtu.be/1z2BhPW-QzY https://youtu.be/SnP0N5QP024 https://youtu.be/V_XdaM5wFVI https://youtu.be/e0ZUvQsdI1s https://youtu.be/XBWXsm0Xn38 https://youtu.be/gbkEBRPDhHY https://youtu.be/X1B26dDtnaA https://youtu.be/fx3Q1e3QLzM https://youtu.be/Ocd92rmywxs https://youtu.be/KJn0MnRLf2Q https://youtu.be/XC6--wu_iNU https://youtu.be/AWuXZDFDF8g https://youtu.be/Ea1-SOUGSRk https://youtu.be/iEgt6aNJIIg https://youtu.be/X0iEJ7fyuP4 https://youtu.be/bzs8e5GaiEc https://youtu.be/uF7y8tQmjac https://youtu.be/VTYV4Fpw78c https://youtu.be/eNKU6Ha8wq4 https://youtu.be/1Pqb1ltEfTg https://youtu.be/dKI2MDdLG2s https://youtu.be/7y3l6-7c-Fc https://youtu.be/WtDT06TeGLE https://youtu.be/WCYnfZj4wZE https://youtu.be/J6VlZjSHdok https://youtu.be/uqyq8csW0C8 https://youtu.be/iTB68ecX6N8 https://youtu.be/ilkmrGDrF58 https://youtu.be/9kmddBQ2QFQ https://www.youtube.com/watch?v=7wQqtFsfQvg https://www.youtube.com/watch?v=AsV7okGAc9k https://www.youtube.com/watch?v=31yCF17vS2U https://www.youtube.com/watch?v=hGXS9ainVlI https://youtu.be/qFxnpUAobAM https://www.youtube.com/watch?v=goV4Wtzc2-Y https://www.youtube.com/watch?v=iNmBJPR_MA4 https://www.youtube.com/watch?v=0DoHt14_FbQ https://www.youtube.com/watch?v=uCBRkHx6R9s https://www.youtube.com/watch?v=EsxTi7ZCCxs https://www.youtube.com/watch?v=wkeR5ZgKqHo https://www.youtube.com/watch?v=7fwe5_og9SI https://www.youtube.com/watch?v=7hIZ6N9Ttgc&list=PLklwT2NdHXYBq-v0Kv1wjrmo64_nq-L6s&index=14 https://www.youtube.com/watch?v=yAY50joU3Sk&list=PLklwT2NdHXYBq-v0Kv1wjrmo64_nq-L6s&index=13 https://www.youtube.com/watch?v=Kxcidc3-pW0&list=PLklwT2NdHXYBq-v0Kv1wjrmo64_nq-L6s&index=13 https://www.youtube.com/watch?v=_zX6XPmzVio&list=PLklwT2NdHXYBq-v0Kv1wjrmo64_nq-L6s&index=11 https://www.youtube.com/watch?v=yYP8Pno-8Dk https://www.youtube.com/watch?v=PNdw6GvOV0s&list=PLklwT2NdHXYBq-v0Kv1wjrmo64_nq-L6s&index=10 https://www.youtube.com/watch?v=W6h7paN1-ek&list=PLklwT2NdHXYBq-v0Kv1wjrmo64_nq-L6s&index=9 https://www.youtube.com/watch?v=iOun8NTUtqc&list=PLklwT2NdHXYBq-v0Kv1wjrmo64_nq-L6s&index=5 https://www.youtube.com/watch?v=cY2khJhW9BI&list=PLklwT2NdHXYBq-v0Kv1wjrmo64_nq-L6s&index=8 https://www.youtube.com/watch?v=3H7-gH-4Xaw&list=PLklwT2NdHXYBq-v0Kv1wjrmo64_nq-L6s&index=7 https://www.youtube.com/watch?v=IVYiuhsNuZI&list=PLklwT2NdHXYBq-v0Kv1wjrmo64_nq-L6s&index=4 https://www.youtube.com/watch?v=xETesMRzzcQ https://www.youtube.com/watch?v=hJ-iS5JtFfc https://www.youtube.com/watch?v=y0EDAWw1xCo https://www.youtube.com/watch?v=CXRCGbyy7nc https://www.cityofzillah.us/government/youtube.com/watch?v=LE_KXKqz2Fc&list=PLklwT2NdHXYBq-v0Kv1wjrmo64_nq-L6s&index=6
us:place:4150950,Myrtle Creek city,Oregon,youtube,https://youtu.be/tWPgzwGc8ic,single_video,no,run_govs_01,https://youtu.be/tWPgzwGc8ic https://youtu.be/bO4TBORmRlM https://youtu.be/O6CL-uDcWR4 https://youtu.be/B27tkCdAHk4 https://youtu.be/GhX-U7RjdTA?si=aq-nuUcYwmulO3bW https://youtu.be/xiq0FHmGkvc https://youtu.be/56n5_iVQAHg https://youtu.be/ir2CuBaAf6I https://youtu.be/3Y3haYMte4s https://youtu.be/03_mljQ09_I https://youtu.be/L7CZzmLtQsQ https://youtu.be/FA-xqbhOSco https://youtu.be/3CyE1usrX3w https://youtu.be/fERqrnLYnbc https://youtu.be/1r_UjqYaz38 https://youtu.be/ROFQpIMQbI4?si=rr9YP86_r8tJB0lF https://youtu.be/hzep0Q5p7dc https://youtu.be/TaeV0rdFQ9M https://youtu.be/Iv35nw6aJLo https://youtu.be/PXFGNwLTyYY https://youtu.be/MJOzCgX3XaE https://youtu.be/udJVybSKJqE https://youtu.be/d5yneRfM44M https://youtu.be/lbj4qgzIjlg https://youtu.be/2QhCh_No8cg https://youtu.be/0NJd8_GlcoQ https://youtu.be/Ao_BELNpSrE https://youtu.be/NTVzmVYw-E4?si=Vd7_T-FLolHbqT3W https://youtu.be/1bAUYb3iZfM https://youtu.be/pMul-MeTMu0 https://youtu.be/J1bsNW5I1Pg https://youtu.be/hpRKPY2_d9M https://youtu.be/2cfapEB3vDY https://youtu.be/DbZs-SxwXhw https://youtu.be/SzG4GeulxuA https://youtu.be/M-4cOVD13So https://youtu.be/Fb1X-C4rkUM https://youtu.be/9tXhO2iDm_Y https://youtu.be/NoNJ8WUm2ZQ https://youtu.be/RgeU0BECV18
us:place:2103628,Bardstown city,Kentucky,youtube,http://www.youtube.com/@cityofbardstownky3976,channel,no,run_govs_01,http://www.youtube.com/@cityofbardstownky3976 https://youtu.be/ZbRdEbvtNtw?si=oU8J15gACfaimjgL https://youtu.be/z3w3o-4x8H4?si=Ez_dI_RHkyAuxIf9 https://www.youtube.com/embed/TlJgaE-Los4 https://www.youtube.com/embed/lr1rhIVN_dU https://www.youtube.com/embed/ozKBr8vjpeg https://www.youtube.com/embed/94dnyHyRs_U https://www.youtube.com/embed/kMuPuz5mp-E https://www.youtube.com/embed/RmrpaG5k65I https://www.youtube.com/embed/m0Shw7s1KFg https://www.youtube.com/embed/G5gaAyXhgjQ https://www.youtube.com/embed/9TRH5piTu98 https://www.youtube.com/embed/R56LJEbmIdw https://www.youtube.com/embed/WcF5LGQnYJE https://www.youtube.com/embed/m7sgrhupdJs https://www.youtube.com/embed/b7RpA-aU6H4 https://www.youtube.com/embed/kMzkdLeg5Uw?feature=youtu https://www.youtube.com/embed/z2dWwyoEAdg https://www.youtube.com/channel/UCgLgOFab2kiQ1yPTET6rAzA https://www.youtube.com/embed/VyryV58YnZk?si=fmDu3sy7oZ0EbxhK https://www.youtube.com/embed/_W5kQuHHGM8?wmode=transparent
us:place:1675195,Soda Springs city,Idaho,youtube,https://www.youtube.com/channel/UCSYgoB0lcgj5SMKmKUMs9og,channel,no,run_govs_01,https://www.youtube.com/channel/UCSYgoB0lcgj5SMKmKUMs9og https://www.youtube.com/@sodasprings3270
us:place:4802104,Alpine city,Texas,youtube,https://www.youtube.com/channel/UCqk5_kmWoMyvpHjdohreQ8w,channel,no,run_govs_01,https://www.youtube.com/channel/UCqk5_kmWoMyvpHjdohreQ8w https://www.youtube.com/watch?v=ohoWXeNsFDA https://www.youtube.com/watch?v=XVrIQAv57mY https://www.youtube.com/watch?v=IUt51n9w9I0 https://www.youtube.com/watch?v=u2mX4kTOXTM https://www.youtube.com/watch?v=-arGqAZFKkg https://www.youtube.com/watch?v=nCBSz2iGwXI https://www.youtube.com/watch?v=1Pu71I5YUI4 https://www.youtube.com/watch?v=_LSJ8i7NWUU https://www.youtube.com/watch?v=4tdfoXyVLoU https://www.youtube.com/watch?v=mTPbcUkZgbI https://www.youtube.com/watch?v=48HxUOjJ3eg&t=205s https://www.youtube.com/watch?v=72WWcyfldQk https://www.youtube.com/watch?v=YPfSWOEQ_ok https://www.youtube.com/watch?v=LJOvspIpxQ8 https://www.youtube.com/watch?v=HVrJbHAv1tQ&t=1864s https://www.youtube.com/watch?v=Zxgy-XpyaWQ https://www.youtube.com/watch?v=Ud8vVhHeLgs https://www.youtube.com/watch?v=1HZNm5EhDtE https://www.youtube.com/watch?v=EhDDAoiKQ88 https://www.youtube.com/watch?v=rrlTeD-E4mQ https://www.youtube.com/watch?v=-9i9UnCttxM https://youtu.be/IClM6WU3_lA https://www.youtube.com/watch?v=WcGcKxxIViU&t=193s https://www.youtube.com/watch?v=OL_baD8gX1o&t=503s https://www.youtube.com/watch?v=8WTsqZzOzBo https://www.youtube.com/watch?v=FMGmzbb5axo&t=3159s https://www.youtube.com/watch?v=kkz2gcuhXBY&t=3220s https://www.youtube.com/watch?v=1izJoWSRa0Y&t=66s https://www.youtube.com/watch?v=x8JhJtT0N6Y https://www.youtube.com/watch?v=G2RTjg5nF4g https://www.youtube.com/watch?v=EsLNTCUcTB0&t=604s https://www.youtube.com/watch?v=DEN9pkpUGbc&t=567s https://www.youtube.com/watch?v=zIihJ6eOJsM https://www.youtube.com/watch?v=K8VNxSGeSg8 https://www.youtube.com/watch?v=UM5vA7-M9EA https://www.youtube.com/watch?v=B2f-eMwsVlw https://www.youtube.com/watch?v=70ZmnXt0cYc https://www.youtube.com/watch?v=gkzYS3USInI https://www.youtube.com/watch?v=lNAC28r-nWo https://www.youtube.com/watch?v=5wVnG3tAXcw https://www.youtube.com/watch?v=hsGJ1XzCUDw https://www.youtube.com/watch?v=dVzw0o_gWGw https://www.youtube.com/watch?v=8wylWy6iUsI&t=1s https://www.youtube.com/watch?v=RVmRShkk3AI&t=56s https://www.youtube.com/watch?v=Bh5AAJs9ETo https://www.youtube.com/watch?v=tZ3a5SKKTuU https://www.youtube.com/watch?v=YC6_ElMeBYk&t=444s https://www.youtube.com/watch?v=TvsYegc7HHs https://www.youtube.com/watch?v=-2ZX0kA7j_A https://www.youtube.com/watch?v=ZIaBrcQcIuI https://www.youtube.com/watch?v=dLVwzZsjsLk https://www.youtube.com/watch?v=gXeSdtVf4FQ https://www.youtube.com/watch?v=eUC_Yqo-mMg https://www.youtube.com/watch?v=fyWmwUq22jk https://www.youtube.com/watch?v=xEWEk4BbDz8 https://www.youtube.com/watch?v=vdEN_xT4dZk https://www.youtube.com/watch?v=wGmex4ONqRk https://www.youtube.com/watch?v=S8WcpwGdTB8 https://www.youtube.com/watch?v=hFEN3VZ9n1o https://www.youtube.com/watch?v=Ku0tFtF3YZo https://www.youtube.com/watch?v=wKWsKfHkmVU https://www.youtube.com/watch?v=o95STTTdL8s https://www.youtube.com/watch?v=ka9jKM_CdBE https://www.youtube.com/watch?v=byINmNTUkzA https://www.youtube.com/watch?v=HUkKd9gho1o https://www.youtube.com/watch?v=M7XcXyOj-nY&t=9241s https://www.youtube.com/watch?v=WBrG8geGMkM https://www.youtube.com/watch?v=0sTXECBlQWM https://www.youtube.com/watch?v=AGHnqmeE5ao https://www.youtube.com/watch?v=5aakJuCJGbU https://www.youtube.com/watch?v=LmCdzSe3QO8 https://www.youtube.com/watch?v=dhAqr9iLDWs&t=5643s https://www.youtube.com/watch?v=-85AK-mfGMs https://www.youtube.com/watch?v=K_g11uV7JgM https://www.youtube.com/watch?v=zLFPz7fEX0M https://www.youtube.com/watch?v=pk2s6qIMWzc https://www.youtube.com/watch?v=og9dj1yJS7c&t=1s https://www.youtube.com/watch?v=UTCQ2MY7oxQ https://www.youtube.com/watch?v=eiOeYQpGc1I https://www.youtube.com/watch?v=G2SQnIsNNGk https://www.youtube.com/watch?v=4gkmjL8Nlaw https://www.youtube.com/watch?v=tRz2MHMshQI https://www.youtube.com/watch?v=8k0mLdrXBvU https://www.youtube.com/watch?v=X9wWUptKcoY https://www.youtube.com/watch?v=6_itth6Q23M https://www.youtube.com/watch?v=b8iTotzMvDc&t=1544s https://www.youtube.com/watch?v=lUI8xUWWdn8 https://www.youtube.com/watch?v=LGAsJqY5Qok https://www.youtube.com/watch?v=YY1s_Syk3L0 https://www.youtube.com/watch?v=eKey8dXcn6c https://www.youtube.com/watch?v=8piuKg8gEVs&t=3394s https://www.youtube.com/watch?v=Gm5mN0XyYQY https://www.youtube.com/watch?v=37hPERdD4qQ https://www.youtube.com/watch?v=745Q5aVItK8&t=7890s https://www.youtube.com/watch?v=O8pidsozJHo https://www.youtube.com/watch?v=D5QXyaMd6MA https://www.youtube.com/watch?v=ezZVJzX4Lkw https://www.youtube.com/watch?v=Rqlt3JSf4-Y https://www.youtube.com/watch?v=FvkeKvELigw https://www.youtube.com/watch?v=md_1QW-1kb8 https://www.youtube.com/watch?v=opN4Tv_4jYc https://www.youtube.com/watch?v=OT-1w9J_jqk https://www.youtube.com/watch?v=mFQoVdM9c2E https://www.youtube.com/watch?v=QCNG4DhMChA https://www.youtube.com/watch?v=UlPmJgXYVIQ https://www.youtube.com/watch?v=zwGaOZRXWqY https://www.youtube.com/watch?v=sTfS2vP4WZA https://www.youtube.com/watch?v=DRVfKC9UcEY https://www.youtube.com/watch?v=EC47XO3u5w4 https://www.youtube.com/watch?v=8_0XxKBW1Ak https://www.youtube.com/watch?v=oaRdHlv4JIY https://www.youtube.com/watch?v=zhgNGWs4Ghs https://www.youtube.com/watch?v=l-Q5iS6B7vo https://www.youtube.com/watch?v=qmU_NVbj5M8 https://www.youtube.com/watch?v=nzS9pDboOUA https://www.youtube.com/watch?v=U5jCd0T_Ymc https://www.youtube.com/watch?v=Exwf8gTxDUA https://www.youtube.com/watch?v=04dHaTuqnuE https://www.youtube.com/watch?v=v8WkEwTrcbA https://www.youtube.com/watch?v=AGFVzibSU2g https://www.youtube.com/watch?v=EI3MBOMdSt4 https://www.youtube.com/watch?v=CthUNhM6FqA https://youtu.be/_YI4m5YSd8A https://www.youtube.com/watch?v=lLOhPaHG-ig https://youtu.be/s5YbQPXHX1s https://www.youtube.com/watch?v=YebJ8R7uGXI https://www.youtube.com/watch?v=EXJGW53Bs2g https://www.youtube.com/watch?v=hhSXAhkbeOM https://www.youtube.com/watch?v=5D_wGnhy_3M https://www.youtube.com/watch?v=c9n9bBRXS0M https://www.youtube.com/watch?v=Emc41J47IiI https://www.youtube.com/watch?v=-uFMeD1_kgM https://youtu.be/xhbyrUdyxO0 https://www.youtube.com/watch?v=WNyYkbOEZSA https://www.youtube.com/watch?v=QEBlCk8RqJ8 https://www.youtube.com/watch?v=rwFO1uYszxM https://www.youtube.com/watch?v=RiUmRGuF14Q https://www.youtube.com/watch?v=8juNoTxlLOw https://www.youtube.com/watch?v=Vc211wsWU4c https://www.youtube.com/watch?v=ygxCDeQByMk https://www.youtube.com/watch?v=8n1g2bnut80 https://www.youtube.com/watch?v=wrlZlN2Ca6w https://www.youtube.com/watch?v=T09bUcrZt3g https://www.youtube.com/watch?v=sgGYAm8ZOPE https://www.youtube.com/watch?v=bxyo2rsxUFQ https://www.youtube.com/watch?v=H4cXUBJn5Ag https://www.youtube.com/watch?v=HghDo_Cuejc https://www.youtube.com/watch?v=2qcji0tB4CQ https://www.youtube.com/watch?v=yz7n5AIsA38&t=1s https://www.youtube.com/watch?v=WvWDnjJa4Co https://www.youtube.com/watch?v=VJgPwZwwspQ https://www.youtube.com/watch?v=wHqHFJDvxPU https://www.youtube.com/watch?v=gZ-0lTBsstc https://www.youtube.com/watch?v=q-05u_BrtKM https://www.youtube.com/watch?v=7ZnS4vSlOeA https://www.youtube.com/watch?v=U3kiK4dmoUc https://www.youtube.com/watch?v=RFkG6hn6C8s https://www.youtube.com/watch?v=SrlJyYLStKs https://www.youtube.com/watch?v=_WuJKqNIcSM https://www.youtube.com/watch?v=U1cXiSz4pTc https://www.youtube.com/watch?v=hdnyKrGd3cY https://www.youtube.com/watch?v=kBWGck7byj8 https://www.youtube.com/watch?v=JE_l2RawEQg https://www.youtube.com/watch?v=fTEJWniWqfc&t=10s https://www.youtube.com/watch?v=SDbiW4FWotQ https://youtu.be/YoTzxSlw9mQ https://youtu.be/2qeXdRqXc88 https://youtu.be/j1XIvOHou0M https://www.youtube.com/watch?v=Pr8gPqWhBL0 https://www.youtube.com/watch?v=1BYP7W9Ovw4 https://www.youtube.com/watch?v=XPPb211BARs https://youtu.be/FJwbDJuBopk https://youtu.be/1e8qZX0UcRA https://www.youtube.com/watch?v=HX0VDhFWCxQ https://www.youtube.com/watch?v=FQ0GJrw7VFY&t=2115s https://www.youtube.com/watch?v=PzJ0n5QEimw https://youtu.be/GCvo0u-PPGA https://youtu.be/mzp1gPJlBL4 https://youtu.be/U93aI0N_-YU https://youtu.be/ZBJQULctd9U https://youtu.be/Mdg6J2W4Rs0 https://youtu.be/4uKjcBdRMbw https://youtu.be/Wq8CwQsnJhI https://youtu.be/BLFQE9B9ZeY https://youtu.be/fwXx_n7twQ4 https://youtu.be/mow48DG-XxU https://youtu.be/_ctZqny8nTk https://youtu.be/4I8QH9j39Tg https://youtu.be/eHCQgYCDu0M https://youtu.be/rTWbZFSjNDc https://youtu.be/63kRQO5zo3U https://www.youtube.com/watch?v=lNbsa9VWKoQ https://www.youtube.com/watch?v=RQajeepNGgE https://www.youtube.com/watch?v=jlvrGkvcYJ4 https://www.youtube.com/watch?v=slaPnKrPb00 https://www.youtube.com/watch?v=StL0c5I1cug https://www.youtube.com/watch?v=QxHle5N38EQ https://youtu.be/o0FNAA0X3CY https://youtu.be/CmIrUcuDaN4 https://www.youtube.com/watch?v=e5Wkjmt0aHc https://www.youtube.com/watch?v=OLtz4HC0Voo https://www.youtube.com/watch?v=Yk9JmjLK0bY https://www.youtube.com/watch?v=UUn8ZHRiYLk https://www.youtube.com/watch?v=Kfb5eudAjaY https://www.youtube.com/watch?v=ejR4H2s3Pi4 https://www.youtube.com/watch?v=MfYHHoAryVw https://youtu.be/dqlOpcze1hU https://www.youtube.com/watch?v=2adLn9ykaDc https://www.youtube.com/watch?v=akyZdfq9Mg4 https://youtu.be/KQOhDdYu2Jc https://youtu.be/kmp_B802F70 https://youtu.be/y2ObAUa5HcU https://youtu.be/DNgZJSIjkQQ https://youtu.be/niEFNLKsKfQ https://youtu.be/9p8ltBr0eIc https://youtu.be/PaU6rTDeBYY https://youtu.be/im4w7GXpypM https://youtu.be/PAfEbQZ396k https://youtu.be/PgMJNM7cl7Y https://youtu.be/V9DS4GMn3TI https://youtu.be/NeTMclvJntc https://youtu.be/0R9bRpSlNI4 https://youtu.be/uCuG8ZcAJNM https://youtu.be/RsUBhbz4DJM https://youtu.be/OGwCa9phfiU https://youtu.be/yeQgQevQHrc https://youtu.be/Rm5F5J8V7RM https://youtu.be/zflMzjaHfik https://youtu.be/G7O6S7SnbFw https://youtu.be/LAzUXbiHrb0 https://youtu.be/lBRsoKhxkgI https://youtu.be/cTBLBi3AOXQ https://youtu.be/2eoSMnK9kRw https://youtu.be/Du8HwqXIFbU https://www.youtube.com/watch?v=SsllT1TcJ2w https://youtu.be/g7R7T-40p8o https://youtu.be/3_dvYZL5ykQ https://youtu.be/xe9anr_2oDk https://youtu.be/hUyIA5JF9Wk https://youtu.be/_QWlbTzIsr0 https://youtu.be/zMIB4bRTDWg https://youtu.be/WRDEN4CeBXc https://youtu.be/vl1cknI6fGQ https://youtu.be/8vzUQ7NiYNA https://youtu.be/ZD37OExOuXw https://youtu.be/jLXSSndKnFY https://youtu.be/ljy-2uHokso https://youtu.be/xQ-5-hcDuGQ https://youtu.be/IxKft4Szomo https://youtu.be/vc4i6BJrGQw https://youtu.be/JDnDvYs0nH0 https://youtu.be/eXbDno8BLxA https://youtu.be/fZbws3c_B8A https://youtu.be/hoaEFHJxuTg https://youtu.be/UjLKRFV3PdU https://youtu.be/1IHPwSwzcTo https://youtu.be/N8LV-hgMq3M https://youtu.be/MYiNznJ3qT8 https://youtu.be/TkkAG9n12pQ https://youtu.be/s8Ss0q0zV30 https://youtu.be/4N8nvu9TbiQ https://youtu.be/GF3njhOtuVk https://youtu.be/Wvqd570NKPA https://youtu.be/WVVB8Vt04AU https://youtu.be/XYYGYemkB3E https://youtu.be/_u1_OLn1aX4 https://youtu.be/2v-O_EvEGZ0 https://youtu.be/eYJfRSQvr8w https://youtu.be/p_Aqyodf6fo https://youtu.be/_a7gnfexgv8 https://youtu.be/r6YGO-lsLGE https://youtu.be/nZhBW0MpE5M https://youtu.be/HitzPFC_qdQ https://youtu.be/nAxmldc1-uI https://youtu.be/wNSHSAjmj4g https://youtu.be/p54BLpd8xp0 https://youtu.be/wDGjL9TTJFk https://youtu.be/a70djmSeA00 https://youtu.be/qquwAoY_F20 https://youtu.be/ms-MKCjr03g https://youtu.be/_18zxTu0XcA https://youtu.be/A3oaCwbM1n4 https://youtu.be/bZWezW4Alcg https://youtu.be/YQTezTGOZy8 https://youtu.be/46_KpAjv78c https://youtu.be/YoI6GYzJbSM https://youtu.be/EI1jIdmvmJ4 https://youtu.be/pfBC5v-n-ZA https://youtu.be/I8ik6vWFEpM https://youtu.be/xjxnaOxSk40 https://youtu.be/chlvjhuKv7o https://youtu.be/WST7VE_Dxws https://youtu.be/rqkzWyRdk1A https://www.youtube.com/watch?v=gfNPOhLaA3Q
us:place:2685580,West Branch city,Michigan,youtube,https://www.youtube.com/embed/_-CmV1Owo2w?autoplay=0&loop=0&rel=0&controls=0&showinfo=0,single_video,no,run_govs_01,https://www.youtube.com/embed/_-CmV1Owo2w?autoplay=0&loop=0&rel=0&controls=0&showinfo=0 https://www.youtube.com/embed/9YhFXvtEI5Y?autoplay=0&loop=0&rel=0&controls=0&showinfo=0 https://www.youtube.com/embed/IYtUf6m1NZ0?autoplay=0&loop=0&rel=0&controls=0&showinfo=0 https://www.youtube.com/embed/cHNQWAwdEmk?autoplay=0&loop=0&rel=0&controls=0&showinfo=0 https://www.youtube.com/embed/BE0AhnzwPFU?autoplay=0&loop=0&rel=0&controls=0&showinfo=0 https://www.youtube.com/embed/4lAG9g4PghU?autoplay=0&loop=0&rel=0&controls=0&showinfo=0 https://www.youtube.com/embed/5eLZcVaoP4s?autoplay=0&loop=0&rel=0&controls=0&showinfo=0 https://www.youtube.com/embed/7sTY9owAfFg?autoplay=0&loop=0&rel=0&controls=0&showinfo=0 https://www.youtube.com/embed/g-lm35xUN28?autoplay=0&loop=0&rel=0&controls=0&showinfo=0 https://www.youtube.com/embed/KKd_ENnP38w?autoplay=0&loop=0&rel=0&controls=0&showinfo=0 https://www.youtube.com/embed/lA69O5l1bVQ?autoplay=0&loop=0&rel=0&controls=0&showinfo=0 https://www.youtube.com/embed/DGAoUJ1mWrw?autoplay=0&loop=0&rel=0&controls=0&showinfo=0 https://www.youtube.com/embed/ZkZp_YcuQfE?autoplay=0&loop=0&rel=0&controls=0&showinfo=0 https://www.youtube.com/embed/2o8Yk0bW4V8?autoplay=0&loop=0&rel=0&controls=0&showinfo=0 https://www.youtube.com/embed/BTPA-NhenrA?autoplay=0&loop=0&rel=0&controls=0&showinfo=0 https://www.youtube.com/embed/KsX7B3mBTHA?autoplay=0&loop=0&rel=0&controls=0&showinfo=0 https://www.youtube.com/embed/GGKI2picEBE?autoplay=0&loop=0&rel=0&controls=0&showinfo=0 https://www.youtube.com/embed/7TCv_i3uEWU?autoplay=0&loop=0&rel=0&controls=0&showinfo=0
us:place:1863792,Rensselaer city,Indiana,youtube,https://youtube.com/@rensselaerin,channel,no,run_govs_01,https://youtube.com/@rensselaerin
us:place:1358744,Oxford city,Georgia,youtube,https://www.youtube.com/channel/UCatIP9h21Eyp0LkbkfVjNJQ,channel,yes,run_govs_01,https://www.youtube.com/channel/UCatIP9h21Eyp0LkbkfVjNJQ
us:place:2200240,Abita Springs town,Louisiana,youtube,https://www.youtube.com/channel/UCLYP_ekGhQ0tQXThk0gP7-A/videos,channel,no,run_govs_01,https://www.youtube.com/channel/UCLYP_ekGhQ0tQXThk0gP7-A/videos
us:place:5102072,Appomattox town,Virginia,youtube,https://www.youtube.com/watch?v=53Xo2C4BZCA,single_video,no,run_govs_01,https://www.youtube.com/watch?v=53Xo2C4BZCA
us:place:4526035,Folly Beach city,South Carolina,youtube,https://www.youtube.com/@follybeach5339,channel,no,run_govs_01,https://www.youtube.com/@follybeach5339 https://www.youtube.com/channel/UC9RCfMQ53aZC1jTheTZDWjw
us:place:2632980,Goodrich village,Michigan,youtube,https://youtu.be/iL5LZEA0X2s,single_video,yes,run_govs_01,https://youtu.be/iL5LZEA0X2s https://youtu.be/2hoSfQQMPAQ https://www.youtube.com/watch?v=q6VGUsjuDrc&feature=youtu.be https://youtu.be/j9FJHAzKyEA https://www.youtube.com/watch?v=CjISuXMYQVk https://www.youtube.com/watch?v=tdUWggF2l1U https://www.youtube.com/watch?v=AOXOpeOycQs https://youtu.be/cB5azkPPm4s https://www.youtube.com/watch?v=iNE7xS7cuYE https://www.youtube.com/watch?v=tvdDqnGqUOU https://www.youtube.com/watch?v=G-dkEjfNXko https://youtu.be/c-fT-5kl6fM?si=FiDy-P-CRnEUmGXd&t=62 https://www.youtube.com/watch?v=5bf6cRzG_ac https://www.youtube.com/watch?v=oRNx4F4dbmo https://youtu.be/RXDKTtYYzGs https://youtu.be/HunCQwfM_o0 https://youtu.be/IrWDjY5G7Fw https://www.youtube.com/watch?v=3E78-n4h6Oo https://youtu.be/Bvr45Y8-_iM https://youtu.be/2jTfhhimAGQ https://youtu.be/mJtNh1yHmvI https://youtu.be/bbpbEG_N1fU https://youtu.be/Ow5flOyJpiQ https://youtu.be/X_yLqf6vD_Q https://youtu.be/iXTG2WQBRVA https://youtu.be/FjdiyxQtyfw https://youtu.be/V8ubXNTyjD4 https://youtu.be/E8q2Vlsjmws https://www.youtube.com/watch?v=EPqVJkN6kM0 https://www.youtube.com/watch?v=hz5r5LCJfL4 https://youtu.be/LlcsdHmDV_Q https://youtu.be/W6yy5KYpBGM?si=R8rDPwrKtCyBi6VO&t=18 https://youtu.be/FYxFVAPh3WE https://youtu.be/Y14ndYawqdY?si=wKeCxxmL6yPyZYn9 https://www.youtube.com/watch?v=hg1BZkSFt2s https://www.youtube.com/watch?v=pG1yoaLhjG4 https://www.youtube.com/watch?v=ORs2wBYqNvk https://youtu.be/xTdERdta-ts https://youtu.be/DdPXsEY8A5Q https://youtu.be/YnbZqXwm5O0?si=9ivYc0bNqYv4DzdV&t=8 https://www.youtube.com/watch?v=CkRtwzNTM-g https://www.youtube.com/watch?v=pchpGtWhAyo#t=3m25s https://youtu.be/Js_0P5AHLO4 https://www.youtube.com/watch?v=SjDGXfHZjA0 https://youtu.be/9amvny09Usc https://youtu.be/Z0rImkJJ5i4?t=225 https://youtu.be/on43eMTknhg https://youtu.be/tfzYWzErWYk?t=80 https://youtu.be/fvsIeYPn6hI?t=311 https://www.youtube.com/watch?v=ETqgG0aUVlo https://youtu.be/oEZ-mLj7xSw?si=QhXHDcYo3qv9b27W https://youtu.be/u1CJGxSuJ0I?si=S0hIUt32FU5uiDdm&t=67 https://youtu.be/_hAbyF2zI_w https://youtu.be/qHWXkwUSsVw https://youtu.be/FnS2o-TY1QQ https://youtu.be/Uhb3vc2Tdpo https://www.youtube.com/watch?v=jbhn0pHM6wQ https://www.youtube.com/watch?v=HIuEy5uSpsA https://www.youtube.com/watch?v=Fm3unYA9hKA https://www.youtube.com/watch?v=gwkDBW7ew50 https://www.youtube.com/watch?v=v8SavtH3Zno https://www.youtube.com/watch?v=n-GcTtjNddM https://www.youtube.com/watch?v=2Hjq06U1fQ0 https://www.youtube.com/watch?v=ka3r0E8Pj_k https://www.youtube.com/watch?v=SZiz2kqV-70 https://www.youtube.com/watch?v=Kj_2hQYJImU https://www.youtube.com/watch?v=kPfURqdi_v8 https://www.youtube.com/watch?v=LucHn201vlU https://www.youtube.com/watch?v=ub6V5SUlgF0
us:place:4741760,Lenoir City city,Tennessee,youtube,https://www.youtube.com/embed/fKzKUj16anw?feature=oembed&controls=1,single_video,no,run_govs_01,https://www.youtube.com/embed/fKzKUj16anw?feature=oembed&controls=1
us:place:5184960,West Point town,Virginia,youtube,https://www.youtube.com/@townofwestpoint6358/videos,channel,no,run_govs_01,https://www.youtube.com/@townofwestpoint6358/videos https://www.youtube.com/@TownofWestPointVirginia https://youtu.be/UyMk7SPXiTM?si=JZ4Yjl9Vgubt__ie https://www.youtube.com/channel/UCOwcrx7q2Ofu2KuWZnwCvzQ
us:place:3941230,LaGrange village,Ohio,youtube,https://www.youtube.com/embed/GluVu8KJkuI?autoplay=1&mute=1&controls=1&loop=1&origin=https%3A%2F%2Fwww.villageoflagrangeohio.gov&playsinline=1&playlist=GluVu8KJkuI&enablejsapi=1&widgetid=1&forigin=https%3A%2F%2Fwww.villageoflagrangeohio.gov%2F&aoriginsup=1&vf=6,playlist,no,run_govs_01,https://www.youtube.com/embed/GluVu8KJkuI?autoplay=1&mute=1&controls=1&loop=1&origin=https%3A%2F%2Fwww.villageoflagrangeohio.gov&playsinline=1&playlist=GluVu8KJkuI&enablejsapi=1&widgetid=1&forigin=https%3A%2F%2Fwww.villageoflagrangeohio.gov%2F&aoriginsup=1&vf=6
us:place:3043450,Libby city,Montana,youtube,https://www.youtube.com/embed/kZBQkJNmOcc?feature=oembed,single_video,yes,run_govs_01,https://www.youtube.com/embed/kZBQkJNmOcc?feature=oembed https://www.youtube.com/embed/0hS5j4VH_YA?feature=oembed https://www.youtube.com/embed/FTctGQ9pSUY?feature=oembed https://www.youtube.com/embed/ZWHsM-17WOQ?feature=oembed https://www.youtube.com/embed/3AJUer0z6OM?feature=oembed https://www.youtube.com/embed/5Q7ustMfv-c?feature=oembed https://www.youtube.com/embed/IQ0DDKYVe-M?feature=oembed https://www.youtube.com/embed/8aDunvjr-7A?feature=oembed https://www.youtube.com/embed/DKipCx4iLTU?feature=oembed https://www.youtube.com/embed/QQ3Dvtwn-Lw?feature=oembed
us:place:1825180,Fowler town,Indiana,youtube,https://www.youtube.com/@TOWNCOUNCILMEETINGS,channel,no,run_govs_01,https://www.youtube.com/@TOWNCOUNCILMEETINGS https://www.youtube.com/live/6J2a4KBBzhU?feature=shared https://www.youtube.com/live/tmIxYq2v76I?feature=shared https://www.youtube.com/live/t_kWUG924ZM?feature=shared
us:place:3548620,Milan village,New Mexico,youtube,https://www.youtube.com/channel/UC1Ne5DgmX1Oab4wVmnWnU5A,channel,no,run_govs_01,https://www.youtube.com/channel/UC1Ne5DgmX1Oab4wVmnWnU5A
us:place:5074650,Vergennes city,Vermont,vimeo,https://vimeo.com/showcase/11871214/embed2?video=1204021565,single_video,no,run_govs_01,
us:place:4670220,Wessington Springs city,South Dakota,youtube,https://youtube.com/embed/-sBnWo38nk4?rel=0&showinfo=0&start=0&autoplay=0&loop=0&muted=0&controls=1,single_video,no,run_govs_01,https://youtube.com/embed/-sBnWo38nk4?rel=0&showinfo=0&start=0&autoplay=0&loop=0&muted=0&controls=1
us:place:3648090,Montebello village,New York,youtube,https://www.youtube.com/c/UDigNY,channel,no,run_govs_01,https://youtu.be/Ws88m2x9ciU https://www.youtube.com/playlist?list=PLqAMLayGUjK1fH1l0nHUSA-c6lw9hc_WV https://www.youtube.com/embed/0jOAKP12drE?feature=oembed https://www.youtube.com/c/UDigNY
us:place:3974118,Springfield city,Ohio,youtube,https://www.youtube.com/embed/DIFw2KEX_Fk,single_video,no,run_govs_01,https://www.youtube.com/embed/DIFw2KEX_Fk
us:cousub:3301168820,Sharon town,New Hampshire,youtube,https://youtu.be/LaHhQVFLwD4,single_video,no,run_govs_01,https://youtu.be/LaHhQVFLwD4 https://www.youtube.com/watch?v=S97SpPZWoyU https://www.youtube.com/watch?v=Y7ODqe4zu4g https://www.youtube.com/watch?v=E3UW0BkME1s https://www.youtube.com/watch?v=8Ebb-uTvFEQ
us:place:1373312,Statham city,Georgia,youtube,https://www.youtube.com/channel/UCSNFtRnOXa2XEtMvhlfbFqw/videos,channel,no,run_govs_01,https://www.youtube.com/channel/UCSNFtRnOXa2XEtMvhlfbFqw/videos
us:place:0648816,Montebello city,California,youtube,https://www.youtube.com/channel/UC8fqZ2c0yKiFhqlDiw6nI6w,channel,no,run_govs_01,https://www.youtube.com/channel/UC8fqZ2c0yKiFhqlDiw6nI6w
us:place:4901310,American Fork city,Utah,youtube,https://www.youtube.com/@AmericanForkCity,channel,yes,run_govs_01,https://www.youtube.com/@AmericanForkCity https://www.youtube.com/embed/ZaMLGfcUyl0 https://www.youtube.com/embed/SekGeyKqf9c https://www.youtube.com/embed/D5F0Upt1_qo https://www.youtube.com/channel/UC1_rYvbnKHRQyo4q-V_Njlg
us:place:3638264,Jamestown city,New York,youtube,https://www.youtube.com/channel/UC2jgZO_516dI_EJQ48xVv0w,channel,yes,run_govs_01,https://www.youtube.com/channel/UC2jgZO_516dI_EJQ48xVv0w
us:place:4715400,Cleveland city,Tennessee,youtube,https://www.youtube.com/embed/3bJaJCU_GjA,single_video,yes,run_govs_01,https://www.youtube.com/embed/3bJaJCU_GjA https://www.youtube.com/embed/uJP6npUdWuQ https://www.youtube.com/embed/TWeXRDNQmVw https://www.youtube.com/embed/PZYw2lFfjz8 https://www.youtube.com/embed/T36mnOFrRsg https://www.youtube.com/embed/T2b7weA9G1I https://www.youtube.com/embed/D7MvnIF4K38 https://www.youtube.com/embed/YADvML0EauA https://www.youtube.com/embed/_Dl2XRM7Ydc https://www.youtube.com/embed/YQKwmWMC5kc https://www.youtube.com/embed/ZJU6diCqf4o
us:cousub:2615905160,Bangor Township,Michigan,youtube,https://www.youtube.com/@vanburencountymi2620,channel,yes,run_govs_01,https://www.youtube.com/@vanburencountymi2620 https://www.youtube.com/channel/UCA-YlUJPurcVKPj6xTaoePg
us:place:0128696,Gadsden city,Alabama,youtube,https://youtu.be/gJfBFrz46D4?si=ApH27bdu9yqhhAXR,single_video,yes,run_govs_01,https://youtu.be/gJfBFrz46D4?si=ApH27bdu9yqhhAXR
us:place:2576030,Westfield city,Massachusetts,youtube,https://www.youtube.com/channel/UCpPGZstptNanGmdbo0LHFVg,channel,no,run_govs_01,https://www.youtube.com/channel/UCpPGZstptNanGmdbo0LHFVg https://www.youtube.com/channel/UCjzPcoGhNs723gdf2cFc1pQ
us:place:1722073,East Moline city,Illinois,youtube,https://www.youtube.com/@EastMolineIL/videos,channel,yes,run_govs_01,https://www.youtube.com/@EastMolineIL/videos
us:place:3744400,Morganton city,North Carolina,youtube,https://www.youtube.com/user/cityofmorgantonnc,channel,no,run_govs_01,https://www.youtube.com/user/cityofmorgantonnc http://www.youtube.com/playlist?list=PLUS4gbpRlRT7DJ0rTE03CMFIct_h1O1Ws
us:place:0420050,Douglas city,Arizona,youtube,https://www.youtube.com/channel/UCvi0d8LEvZONXw98165jqmA,channel,yes,run_govs_01,https://www.youtube.com/channel/UCvi0d8LEvZONXw98165jqmA
us:place:5309480,Camas city,Washington,youtube,https://www.youtube.com/channel/UCQ33V5v1DNIF24opS3mevqg,channel,no,run_govs_01,https://www.youtube.com/channel/UCQ33V5v1DNIF24opS3mevqg https://www.youtube.com/c/Granicus
us:place:2170086,Shepherdsville city,Kentucky,youtube,https://www.youtube.com/channel/UCbEDbxRoqEoQBeRPALB7ZdQ,channel,no,run_govs_01,https://www.youtube.com/channel/UCbEDbxRoqEoQBeRPALB7ZdQ
us:place:0639248,Laguna Niguel city,California,youtube,https://www.youtube.com/channel/UCvIGnIDVe7Puu8OgTTCCdFg,channel,yes,run_govs_01,https://youtu.be/hG8QuU0m3Gc https://www.youtube.com/channel/UCvIGnIDVe7Puu8OgTTCCdFg https://www.youtube.com/embed/EGcQJOn7kZI?si=0prBFTqTvJarx1MO https://www.youtube.com/embed/FmjMQgghr_U?si=Z7vYWQFu1rpAfcf- https://www.youtube.com/embed/azX05z_tJ98?si=WJxKZ2AdsDTk98m1 https://www.youtube.com/embed/rHd4ko6C1LY https://www.youtube.com/embed/Y8mS4vEPhzs?si=P97BNAj-pcC9m7F- https://www.youtube.com/embed/teiomwnpytM https://www.youtube.com/embed/L0kIPPBR3bM https://www.youtube.com/embed/dsdQ-poG57A
us:place:3543370,Los Lunas village,New Mexico,youtube,https://www.youtube.com/embed/IGsvQAbw6l8?si=hbzlzoA3ayeaB4fZ,single_video,yes,run_govs_01,https://www.youtube.com/embed/IGsvQAbw6l8?si=hbzlzoA3ayeaB4fZ
us:place:1706704,Blue Island city,Illinois,youtube,https://www.youtube.com/@blueislandtelevision,channel,yes,run_govs_01,https://www.youtube.com/@blueislandtelevision
us:place:1207525,Bonita Springs city,Florida,youtube,https://www.youtube.com/@CityofBonitaSprings,channel,no,run_govs_01,https://www.youtube.com/@CityofBonitaSprings https://youtu.be/gePhKLM0E5I https://youtu.be/nJ-cQ_00eME https://youtu.be/jz4QX4DhWM8 https://youtu.be/Gx7sIgwk0bU https://youtu.be/DYPtOPBvYuM https://youtu.be/yD4B7RB9MZM https://youtu.be/abCqhMBTNsg https://youtu.be/pFhvGGer0wM https://youtu.be/z6FlkL0FVM4 https://youtu.be/-yFnPd981MI https://youtu.be/XJh4CUR4cz8https://youtu.be/XJh4CUR4cz8 https://youtu.be/mnme_zrb-Yc https://youtu.be/NE9INzLsWxs https://youtu.be/iEW6JP4hG0M https://youtu.be/mDT_Ter1-1s https://www.youtube.com/watch?v=Sq791nOGaIE https://youtu.be/RlzCMI4zKFY https://youtu.be/AMnxjXV021I https://youtu.be/SQOlhydWF70 https://youtu.be/uZroUtwgffw https://youtu.be/6rYIx1xphKo https://youtu.be/rRDC9VtWnuM https://youtu.be/2X0wFdNcSZs https://youtu.be/6QLgvEzZ4g0 https://youtu.be/2IoWZ9-HaPI https://youtu.be/58cMOxZtj2o https://youtu.be/nf2n74HxhyY https://youtu.be/6MrUaKEwjpQ https://youtu.be/MP77F8PNmlc https://youtu.be/DJfJbFC4fO8 https://youtu.be/aYwepDKFxKA https://youtu.be/lpX1PNaIIoM https://youtu.be/hPQjvl-KNR4 https://youtu.be/zPs-lez4XDI https://www.youtube.com/watch?v=tNaMnBTFchE https://youtu.be/aYqKGOxHHLM https://youtu.be/AAqYDwpT24U https://youtu.be/NhJcMBB_GR0 https://youtu.be/Mq41qS0O5u8 https://youtu.be/Vx8M6eo_dhA https://youtu.be/5Xypbb1hs0c https://youtu.be/--mQ7p-F-DM https://youtu.be/NmVGzUtuIuw https://youtu.be/7HU-4k_6wk0 https://youtu.be/64LQQXzjt3U https://youtu.be/hUuacmZ7AXs https://youtu.be/LyuBNige9yc https://youtu.be/EfRqmKgY7qQ https://youtu.be/P0jqgBVH-Cc https://youtu.be/4KFxZxW5HEI https://youtu.be/kV034LbnvS0 https://youtu.be/bcsUROMPeJg https://youtu.be/ml_f5eHI2nU https://youtu.be/9ufpfBLU2ms https://youtu.be/4RvKWxQS6EY https://youtu.be/7kYZRyLWILU https://youtu.be/PBN0maOhIEc https://youtu.be/ZcFHdLDEt7k https://youtu.be/9vO5dwL9rTQ?si=q7SoF2rc1mGUFwr7 https://youtu.be/fm0v-38kJCk https://youtu.be/AslYXvVsF9s https://youtu.be/9JO-HbqtDmw https://youtu.be/FkdJIKGW4oo https://youtu.be/JMAHYgaHke8?si=bYAUKJbkxzWllq_4 https://youtu.be/6KBHlYyTynw https://youtu.be/FENcf7LwqJM https://youtu.be/B4e-4sIUBLs https://youtu.be/G9hPBtORAMk https://youtu.be/8LDcaHGMimw https://youtu.be/84z2Kf7NZzw https://youtu.be/BGC9d9SeRt8 https://youtu.be/1nwiYjQQWw8 https://youtu.be/w15wIw5TgKE https://youtu.be/Vph7xr971eE https://youtu.be/6Senrg93JPU https://youtu.be/FNMVf-m1q7Q https://youtu.be/dQygEbwbXfI https://youtu.be/oNw8iHb6cTc https://youtu.be/YbRGFMmG0qU https://youtu.be/97WwVRW1H_w https://youtu.be/v24EDBbntQk https://youtu.be/4YT3gbeeDKc https://www.youtube.com/watch?v=gQtQmZFIVh0 https://youtu.be/cst_rjD035E https://youtu.be/tvyl9JExCx8 https://youtu.be/wvQ-PGTQKXs https://youtu.be/_SIJCzQnUDg https://youtu.be/dB9XxsYWayc https://youtu.be/Ftp88yC8ZME https://youtu.be/Y0IjP9IdrTs https://youtu.be/asS9QMaEDDE https://www.youtube.com/watch?v=h8G808fOAFI https://www.youtube.com/watch?v=NosIQeeZW6I https://youtu.be/zfyUr6W37q4 https://youtu.be/HuJCTxb7-c0 https://youtu.be/zcJB2VIqDa8 https://youtu.be/A3PHmQIN4wQ https://youtu.be/hDmrC25_KyI https://youtu.be/JvDDZNF9LJw https://youtu.be/bmQ_5fOJxd8 https://youtu.be/jAtV83c1aeA https://youtu.be/1QzmYP0GWbs https://youtu.be/95XU5yW4qas https://youtu.be/ZnunL_rP__Q https://youtu.be/PF57x97_5Mk https://youtu.be/FBuGxTHv1So https://youtu.be/y57cFY2qYwQ https://youtu.be/nVhZoaw5pAc https://youtu.be/bI4o1YaP64A https://youtu.be/FI903fNkX2g https://youtu.be/hW7xfjmzXTo https://youtu.be/oeo-FVMqKWQ https://youtu.be/MMIDHBVg2V8 https://youtu.be/gHXBbuCoSa8 https://youtu.be/BmMdjY3ncAM https://youtu.be/SRJK9QQz3HU https://youtu.be/BGDwe6CGTLk https://youtu.be/O_3HsmerWlc https://youtu.be/aK6RFZfCnug https://youtu.be/kK1Z2HgqXLo https://youtu.be/4vbAtMsRn5s https://youtu.be/bKm7bExx-2E https://youtu.be/YIR49OCnTUs https://youtu.be/fTgfdiU8gGY https://youtu.be/PHmy3DLNk6I https://youtu.be/-72iOYumjQ0 https://youtu.be/NQ2EGGlC-hs https://youtu.be/wwm8PBW9qm8 https://youtu.be/HiV290Ee59s https://youtu.be/tY4G42zZMpw https://youtu.be/7Oa0P5K7U5Q https://youtu.be/zwr5DChmBfs https://youtu.be/Is_CrCkyWJQ https://youtu.be/77rFofDVmQI https://youtu.be/qo0J_pojW-E https://youtu.be/SVNpcW-2cW8 https://youtu.be/XCUjY7PB7vI https://youtu.be/MzRDJ15f48M https://youtu.be/-fSQz7lpiOc https://youtu.be/PS3cvqvCGEM https://youtu.be/UZGWCKBui1I https://youtu.be/ea5ni1kaLdk https://youtu.be/tSX64D4oGPc https://www.youtube.com/embed/KOmEJPpjtNM
us:place:0686300,Woodlake city,California,youtube,https://www.youtube.com/user/GoogleMobile,channel,yes,run_govs_01,https://www.youtube.com/user/GoogleMobile
us:place:2671740,Sault Ste. Marie city,Michigan,youtube,https://www.youtube.com/channel/UCaFlBqhyhi6Z-OwVlNvtECw,channel,no,run_govs_01,https://www.youtube.com/channel/UCaFlBqhyhi6Z-OwVlNvtECw https://www.youtube.com/watch?v=jOZq-PQXiFk https://www.youtube.com/watch?v=yHVA-6ovGRM https://www.youtube.com/watch?v=7f-SDsQKh7M https://www.youtube.com/watch?v=32erQjoD_Nw https://www.youtube.com/watch?v=uujipcBOmcw https://www.youtube.com/watch?v=YTUeqlM9r9M https://www.youtube.com/watch?v=xal-njQMweE https://www.youtube.com/watch?v=7jUL_6eWczw
us:place:5320645,Edgewood city,Washington,vimeo,https://vimeo.com/949562199?share=copy,single_video,no,run_govs_01,
us:place:5426452,Fairmont city,West Virginia,youtube,https://www.youtube.com/@Fairmont_WV,channel,yes,run_govs_01,https://www.youtube.com/@Fairmont_WV
us:place:4837216,Jacksonville city,Texas,youtube,https://www.youtube.com/channel/UCqhanBJH1NHquvsNE6yHBAA,channel,no,run_govs_01,https://www.youtube.com/watch?v=mzuCbOsvGmQ https://www.youtube.com/channel/UCqhanBJH1NHquvsNE6yHBAA https://www.youtube.com/playlist?list=PL_GYExz_3AqATsDXa_u8K97ZMt1ODC8dW https://www.youtube.com/playlist?list=PL_GYExz_3AqDX6jcTfSvO0DIlfRpIgRCF
us:place:2039825,Liberal city,Kansas,youtube,https://www.youtube.com/channel/UC0sirDOEESJDHGWBdUF_Mtg/feed?activity_view=6,channel,yes,run_govs_01,https://www.youtube.com/channel/UC0sirDOEESJDHGWBdUF_Mtg/feed?activity_view=6 https://www.youtube.com/embed/videoseries?list=PLz4QG1hiZXkGN66-sebNJUdgZPVv9obEV
us:place:2425800,Elkton town,Maryland,youtube,https://www.youtube.com/user/TownofElkton,channel,yes,run_govs_01,https://www.youtube.com/watch?v=e9oj3E-NPtI https://www.youtube.com/watch?v=rIePlYdF-Cs https://www.youtube.com/user/TownofElkton
us:place:0651140,Newman city,California,youtube,https://www.youtube.com/channel/UCKd-u9EHrYeHQDUe2AspDsQ/featured,channel,no,run_govs_01,https://www.youtube.com/channel/UCKd-u9EHrYeHQDUe2AspDsQ/featured https://www.youtube.com/@cityofnewman/streams
us:place:5563525,Plover village,Wisconsin,youtube,https://www.youtube.com/watch?v=_EMVba-QDNY&t=267s,single_video,yes,run_govs_01,https://www.youtube.com/watch?v=_EMVba-QDNY&t=267s https://www.youtube.com/watch?v=gKXEJcv5IJg
us:place:5347245,Moses Lake city,Washington,youtube,https://www.youtube.com/channel/UC4459zmXe6NXd-8z3YME5ug?view_as=subscriber,channel,yes,run_govs_01,https://www.youtube.com/channel/UC4459zmXe6NXd-8z3YME5ug?view_as=subscriber
us:place:0607218,Blythe city,California,youtube,https://www.youtube.com/@officialcityofblythe,channel,yes,run_govs_01,https://www.youtube.com/@officialcityofblythe
us:place:3138295,Papillion city,Nebraska,youtube,https://www.youtube.com/embed/videoseries?list=PLVcTI8_1yAqhfr8O1dc9dJEYa-HYdR3IU,playlist,yes,run_govs_01,https://www.youtube.com/embed/videoseries?list=PLVcTI8_1yAqhfr8O1dc9dJEYa-HYdR3IU https://www.youtube.com/embed/videoseries?si=3lu2c9ixN5ApxNy1&list=PLVcTI8_1yAqhJKF3mD5KnmCiR89kqRv6V
us:place:1347616,Lovejoy city,Georgia,youtube,https://www.youtube.com/channel/UC2nRv6J0FsJVePJTLhUDKgg/,channel,yes,run_govs_01,https://www.youtube.com/channel/UC2nRv6J0FsJVePJTLhUDKgg/
us:place:2018250,Dodge City city,Kansas,youtube,https://www.youtube.com/watch?v=zDjFk6nIHdI,single_video,no,run_govs_01,https://www.youtube.com/watch?v=zDjFk6nIHdI
us:place:0657540,Placerville city,California,youtube,https://www.youtube.com/channel/UCJ-vxSE0cNhxuPT6lORL4Ng/live,channel,no,run_govs_01,https://www.youtube.com/channel/UCJ-vxSE0cNhxuPT6lORL4Ng/live https://youtu.be/x4f26yPe5fQ https://youtu.be/Kwnem2-xSkc https://youtu.be/0qOPX5uUuz0 https://youtu.be/HHXFQpwLaC4 https://youtu.be/PRk_L2H3V2Y https://youtu.be/KntIdoCMY_w https://youtu.be/HnwZQPZfPMk https://youtu.be/UO4TyTYYF0M https://youtu.be/APZPD9huIKs https://youtu.be/2LH2ktEjgf8 https://youtu.be/ZIoY2bTF_UY https://www.youtube.com/watch?v=4F2-WZodHlc https://youtu.be/C9Thv2wFfds https://youtu.be/VkdHknb3ndo https://youtu.be/TD-z7Bpktmk https://youtu.be/7CBpATXXiUY https://youtu.be/u6Me6NVtojo https://youtu.be/IOMo-RMezEY https://youtu.be/VRWq9c3JbpI https://youtu.be/W_gxTuH14G0 https://youtu.be/DPZMhpWlQ68 https://youtu.be/lO9tXCvWGO4 https://youtu.be/0JP6Y69zvyk https://youtu.be/rB2kiyll--M https://youtu.be/qyLCg8ycccA https://youtu.be/cycAS3OX1mo https://youtu.be/FexQ9noZd4Y https://youtu.be/JGlp6HchyNY https://youtu.be/_thJxZyM92M https://youtu.be/VAvumVNTSFw https://youtu.be/bDoUl6qDXXo https://youtu.be/aV244Dbk0dE https://youtu.be/TYTXcA4Zke0 https://youtu.be/DHZFsYlGV6Q https://youtu.be/IyQpP49jr8s https://youtu.be/fc8aTrfP1AA https://youtu.be/4_MdkU7LU2U https://youtu.be/x-qTntJP6kc https://youtu.be/BXz_oEMJVRQ https://youtu.be/qcNFbYHOq0Q https://youtu.be/sMInCUBMXhQ https://youtu.be/vMimxnkXBuM https://youtu.be/T9XdgGlmd8U https://youtu.be/vQlciKyi_i4 https://youtu.be/IiC5m8gK6b4 https://www.youtube.com/watch?v=f6SOV-bIvnI https://youtu.be/rTz8gkizGv4 https://youtu.be/QbWkc4gRmWY https://www.youtube.com/watch?v=nXXtMG1zQWM https://www.youtube.com/watch?v=K0I54OQyof8 https://youtu.be/FyUUy60h0lU https://youtu.be/LDlCvAsTfzo https://youtu.be/2EwaEOO35Qo?si=wc7Iaf8U1FwfHv0g https://youtu.be/qgb5mDHyBnw https://youtu.be/bBsQwlYrExk https://youtu.be/dlJFeKoOpxg https://youtu.be/dCS9aFiDkj0 https://www.youtube.com/watch?v=IVASeBcwgvE https://youtu.be/8wxlB-8BYLk https://www.youtube.com/watch?v=dPtsH8DsX2Y https://youtu.be/Jw1zaEZD_zo https://youtu.be/8qYEl9Y2vhY https://youtu.be/pGZuFVYbU70 https://youtu.be/FlDfBeL0Vw0 https://youtu.be/4rmpYzxCGZ0 https://www.youtube.com/watch?v=wOalycEMqqo https://www.youtube.com/watch?v=8J7vd5zFXW4 https://www.youtube.com/watch?v=Bvd5RyEIMHE https://www.youtube.com/watch?v=F_DQlfoDvt8 https://youtu.be/YgU_nM6AH0k https://youtu.be/-UJusTeI2T4 https://www.youtube.com/watch?v=Zo-SsJ2igY8 https://www.youtube.com/watch?v=iWqFWfIjn9E https://www.youtube.com/watch?v=pLHfxAB9w0o https://www.youtube.com/watch?v=_URzDfoz50M https://www.youtube.com/watch?v=hIqi2_Kdi9Y https://www.youtube.com/watch?v=sO3Z1tbTplI https://www.youtube.com/watch?v=Y-aVPHLskr0 https://www.youtube.com/watch?v=8NouBZn7mRc https://www.youtube.com/watch?v=MLmHwIA4NVA https://www.youtube.com/watch?v=fdifSbtJBZM https://www.youtube.com/watch?v=dCtOasFp1qk https://www.youtube.com/watch?v=cmUeM5yC2yM https://www.youtube.com/watch?v=mLNTehvuDLg https://www.youtube.com/watch?v=wXE7i7abM3Q https://www.youtube.com/watch?v=O7A1XvjAl7U https://www.youtube.com/watch?v=iDPKURyCJkk https://www.youtube.com/watch?v=3WyRrJz6U5A https://www.youtube.com/watch?v=zHS_QOi68LM https://youtu.be/35YEp5uu5wo https://www.youtube.com/watch?v=DKGZSjD1hiU https://www.youtube.com/watch?v=Ip5XImr12mo https://www.youtube.com/watch?v=JsADdaXpezw https://www.youtube.com/watch?v=jAqr3X4naH0 https://www.youtube.com/watch?v=T994ZOwtVwA https://www.youtube.com/watch?v=NzVGak6OWMs https://www.youtube.com/watch?v=-CH6nZnqjNY https://www.youtube.com/watch?v=b_8Zi1QD4tI https://www.youtube.com/watch?v=Q4k31CsNFiM https://www.youtube.com/watch?v=bKLXEuqqZno https://www.youtube.com/watch?v=AMP8PSxt4vs https://www.youtube.com/watch?v=FgWvxMfCoBo https://www.youtube.com/watch?v=I8mXPkiappE https://www.youtube.com/watch?v=4v0aG4zO5Ys https://www.youtube.com/watch?v=Hp12233k5kc https://www.youtube.com/watch?v=Cgll2wQJs-k https://www.youtube.com/watch?v=K1czRDoNITo https://www.youtube.com/watch?v=_ZGQb3c6AOs https://www.youtube.com/watch?v=4CELPgv4DG0 https://www.youtube.com/watch?v=enoRlCK4ZVI https://www.youtube.com/watch?v=JOP0ac4dQ9w https://www.youtube.com/watch?v=t2KKWJDchGU https://www.youtube.com/watch?v=VUCJ1gsBb1Q https://www.youtube.com/watch?v=yY8MU2q0dfw https://www.youtube.com/watch?v=t4F5k06oQE0 https://www.youtube.com/watch?v=1QsrWdSYtcE https://www.youtube.com/watch?v=9bKH9VWcWZg https://www.youtube.com/watch?v=pJP-eEkSHYE https://www.youtube.com/watch?v=44nWQLillkU https://www.youtube.com/watch?v=PYCNnEA1oL8 https://www.youtube.com/watch?v=6b-iZE1Yzyg https://www.youtube.com/watch?v=6Nh6dL7FkME https://www.youtube.com/watch?v=IfFxhu2-Vck https://www.youtube.com/watch?v=JsxIrQL5fgg https://www.youtube.com/watch?v=VCFS75-c1ww https://www.youtube.com/watch?v=fAHe2XL0710 https://youtu.be/7OxFrddHxlo https://www.youtube.com/watch?v=Nkru467ktwY https://www.youtube.com/watch?v=_MORrqv5Bbw https://www.youtube.com/watch?v=Ouw8fY7cnW0 https://www.youtube.com/watch?v=xr5i8zBq18w https://youtu.be/B0n4jt0ZXak https://www.youtube.com/watch?v=eiFDURxiKCs https://www.youtube.com/watch?v=jDWNNiv5_R4 https://www.youtube.com/watch?v=7-yJqZ13rxo https://www.youtube.com/watch?v=S00TM7fArTc https://www.youtube.com/watch?v=ZisZI8rwVDo https://www.youtube.com/watch?v=W3kwrXKU57M https://www.youtube.com/watch?v=Js1PePpM21o https://www.youtube.com/watch?v=8lUcXl09GGY https://www.youtube.com/watch?v=2HJO9qzM2Cs https://www.youtube.com/watch?v=k0FeUZxuckc&feature=youtu.be https://www.youtube.com/watch?v=n_T_5hN4ng0&feature=youtu.be https://www.youtube.com/watch?v=XxmjLawtAD8&feature=youtu.be https://www.youtube.com/watch?v=hzPq_7NHlA0&feature=youtu.be https://www.youtube.com/watch?v=fTYvkub82xY&feature=youtu.be https://www.youtube.com/watch?v=H8i2ERYVptY&feature=youtu.be https://www.youtube.com/watch?v=QB6igub05IA&feature=youtu.be https://www.youtube.com/watch?v=N3pTTrlxRC0&feature=youtu.be https://www.youtube.com/watch?v=hiQxPkxMvRs&feature=youtu.be https://www.youtube.com/watch?v=hfc3BEXfT-Y&feature=youtu.be https://www.youtube.com/watch?v=Lh7p3nYvlvQ&feature=youtu.be https://www.youtube.com/watch?v=OFj8jpnwUK4&feature=youtu.be https://www.youtube.com/watch?v=BGYQnBBG2U0&feature=youtu.be https://www.youtube.com/watch?v=ltVb_7lgTCs&feature=youtu.be https://www.youtube.com/watch?v=kFfRRXyfePU&feature=youtu.be https://www.youtube.com/watch?v=HyzcsXm6cSI&feature=youtu.be https://www.youtube.com/watch?v=WtJk9QZBfNA&feature=youtu.be https://www.youtube.com/watch?v=hscvUUOB2bk&feature=youtu.be https://www.youtube.com/watch?v=mXBT4lLNxnM&feature=youtu.be https://www.youtube.com/watch?v=3lRDIlWhPDo&feature=youtu.be https://www.youtube.com/watch?v=V7pYmSTgMQ0&feature=youtu.be https://www.youtube.com/watch?v=yc5qadDybz0&feature=youtu.be https://www.youtube.com/watch?v=qLnms-7xgN0&feature=youtu.be https://www.youtube.com/watch?v=ivdhiqL80r4&feature=youtu.be https://www.youtube.com/watch?v=gc1gYx8iiNQ&feature=youtu.be https://www.youtube.com/watch?v=xqOqzoM90do&feature=youtu.be https://www.youtube.com/watch?v=4O1sIbiXpm4&feature=youtu.be https://www.youtube.com/watch?v=Qf95fkaKm_o&feature=youtu.be https://youtu.be/sD3YRPZrVoc https://youtu.be/OAFH0t9_F9E https://youtu.be/8UIm9gzGnVU https://youtu.be/dudZK0_ukGA https://youtu.be/DqE3Xw3I9OU https://youtu.be/SabMnY1uKhA https://youtu.be/SLU1l77XyGg https://youtu.be/beWvo8l4UjE https://youtu.be/2sRx0ElRX0g https://youtu.be/O8zssUI3-pg https://youtu.be/DdoM2q3gQfs https://youtu.be/uXNLfhyYWh8 https://youtu.be/YTot9_IMadA https://youtu.be/Cc8x1prYyTQ https://youtu.be/g7KSmfwPo8k https://youtu.be/6Vh-zV46p5Q https://youtu.be/abWq9JUFPCY https://youtu.be/uw1t1i3kbGg https://youtu.be/zSPcpt43_wQ https://youtu.be/2wfWmkUn5eI https://youtu.be/Sa3tXHgmtxw https://youtu.be/_N6cveWJZYs https://youtu.be/dKCy99yDFjo https://youtu.be/cmplCIgifUM https://youtu.be/HnV2iZ5uZE0 https://youtu.be/TR_F_JMd2MA https://youtu.be/DjWTpWJVSKs https://youtu.be/9GoouLc9ZHU https://youtu.be/8lH5vLtVmK4 https://youtu.be/u10Nwcq1ZVw https://youtu.be/3-L-_zMbkkI https://youtu.be/hEI-lyLLnvo https://youtu.be/-efF37aPbJI https://youtu.be/Piw4H_tGmrQ https://youtu.be/pZgIE23krJQ https://youtu.be/UpEvJQfHIk8 https://youtu.be/qHuJVDM4y5w https://youtu.be/vZ6adM57OKg https://youtu.be/d5KpTCKUuAk https://youtu.be/CfTFHvxHQrY https://youtu.be/iItWSqpD_FE https://youtu.be/X2SWFZEHh1o https://youtu.be/uLRmzFSWwMg https://youtu.be/JyXQlP5mRuU https://youtu.be/fCV2y1ebjsU https://youtu.be/wvINV2KvV-s https://youtu.be/d44-u39VD2o https://youtu.be/8jry54nkmdg https://youtu.be/2fB3lO0hXmA https://youtu.be/t0xvOJ1Z4No https://youtu.be/5IObjftO9JU https://youtu.be/2ayOK3dAFYA https://youtu.be/HHCGl5tnf08 https://youtu.be/InIXafIFkIY https://youtu.be/cjMCmIXllEk https://youtu.be/lmNhgp2kzB0 https://youtu.be/hvSxJaYtmrs https://youtu.be/KyX0cJUEOOo https://youtu.be/p-OrmGPZCXw https://youtu.be/WRkZkI5F29o https://youtu.be/tOZMBU-G5fY https://youtu.be/3jlLAL6DOGc https://youtu.be/FZZPkT8AMQQ https://youtu.be/qU1BzNgPpwo https://youtu.be/DZ5fpYBTjmM https://youtu.be/HskCBcG_NPE https://youtu.be/AJctz4Ehvfk https://youtu.be/MdjjdvVwX-M https://youtu.be/0Nnu1F1sk-0 https://youtu.be/ZRGCnupO-ws https://www.youtube.com/watch?v=wk9lUaAfNUs https://youtu.be/qdYd3RGXwbA https://youtu.be/6TlD8SsoHlI https://youtu.be/_9FvopQIdxQ https://youtu.be/5v4QQ4jPN10 https://youtu.be/ELiPKuWFR8c https://youtu.be/JDTAoBi81_M https://youtu.be/32B6VPXzsgs https://www.youtube.com/watch?v=jro0C-suh6g&list=PLnQTaz4c64n1Q4oTKMMFFD1m4FIY_imox&index=3 https://youtu.be/KKQGci0A-Ig https://youtu.be/SX5RrZLp9Wc https://www.youtube.com/watch?v=z7SF_J9lZOU https://www.youtube.com/watch?v=avqn5sc6vCI https://www.youtube.com/watch?v=NKE3LaGK-O4 https://youtu.be/Fp2RN6_1bu8 https://youtu.be/60lEtrQZYg0 https://youtu.be/6gTjptk2PXI https://www.youtube.com/watch?v=Q_QSntl3qrA&feature=youtu.be https://www.youtube.com/watch?v=cljyjbspKgA https://www.youtube.com/watch?v=rRawq3ykp_Q https://www.youtube.com/watch?v=xHLHq3Cps1I https://www.youtube.com/watch?v=8TSl2eIToOs https://youtu.be/F_ZaHevxLzY https://youtu.be/UXUwn07cKAY https://youtu.be/B5Wnm7CHTg0 https://youtu.be/xPqu5JUCs9c https://youtu.be/GVSBE8AJrgA https://youtu.be/w4S5NZ_j3x4 https://youtu.be/SB_HIGuVbqY https://youtu.be/IPxI3o8Unkw https://youtu.be/11Y48d7hzUU https://www.youtube.com/watch?v=ydGV8nccye4 https://www.youtube.com/watch?v=PEWQNPpyJ1E https://www.youtube.com/watch?v=GgoIGxArzhk https://youtu.be/u6UrPyt0cbQ https://youtu.be/4UZF5RN4Lug https://youtu.be/VXHe7HfI34o https://youtu.be/bpo-RURIJ2o https://www.youtube.com/watch?v=WPgKS1s5_yI&feature=em-upload_owner https://youtu.be/RfcuCM43QyM https://youtu.be/meJbs0a9vGE https://www.youtube.com/watch?v=XWFDzZ8vEtE&feature=em-upload_owner https://www.youtube.com/watch?v=_mUVQxWexME&feature=em-upload_owner http://youtu.be/XoqWdaQNnTo http://youtu.be/E6WMvA-l7c8 http://youtu.be/C8dVeAUNTto http://youtu.be/29n5U0AwUBI http://youtu.be/fdWiSJenRwY https://www.youtube.com/watch?v=k6o6n_OdmRk http://youtu.be/IP3TxS1-ErI http://youtu.be/rmfnhjQbBu4 http://youtu.be/drPm2Q9aBzw http://youtu.be/RTwDtnCEuLs http://youtu.be/kvijkccSQn8 https://www.youtube.com/watch?v=gVt4fHdrAhg&feature=em-upload_owner http://youtu.be/yL3df9_ZrcQ http://youtu.be/IDe6s-fLWe0 http://youtu.be/6EjoEPI6Ftk http://youtu.be/HOC6WbAnh5s http://youtu.be/FeyEMQWsKmI http://youtu.be/k5dydzO4ejM http://youtu.be/E-dgrdLrVxE http://youtu.be/YVsDRP0zyFw http://youtu.be/PkGN9GQZOt4 http://youtu.be/0xGJQXf-N6Y http://youtu.be/VYsTag9ujYo http://youtu.be/LaQooFUrq2M http://youtu.be/8B7P2h9KS44 http://youtu.be/2z7iMWe8ZoQ http://youtu.be/dkSrp7iMYVs http://youtu.be/SjE1jiTkUzw http://youtu.be/0OL2aI1sDVY http://youtu.be/eidZldR2XbE http://youtu.be/uOJtHS2TZek http://youtu.be/b-FFsufEBQ8 http://www.youtube.com/watch?v=UTNtIOAGu8A http://youtu.be/otzumK47A5Y http://youtu.be/VDF2-ZrzH20 http://youtu.be/ByKIKStCPOk http://youtu.be/qkr9m3I8TAc http://youtu.be/jNrs2xyMxFA http://youtu.be/l2W0xDn6mhY http://youtu.be/DIRTRLKu3mc http://youtu.be/pcdtmhDOQks http://youtu.be/iZYHmi0fms0 http://youtu.be/q4Y5Mp_RXVY http://youtu.be/VodTZYNwsjc http://www.youtube.com/watch?v=yUpbbyTwEaI http://youtu.be/BicTFp7sy4I http://youtu.be/-U39NTZid_g http://youtu.be/9Sg2d54W_UY http://youtu.be/Cr0AjpH5rdo http://youtu.be/oCNuQdb2ae4 http://youtu.be/nskqKrvWvfk http://youtu.be/wX2R_wY9zlc http://youtu.be/4IcGPrNp98o http://youtu.be/lSGOHHw_mXw http://youtu.be/NcKDko4Y-HA http://www.youtube.com/watch?v=Ljv8tF_PZRs http://youtu.be/_P3TGgk-qr4 http://youtu.be/RpPvHnxMNKA http://youtu.be/uOukwpod-5s http://www.youtube.com/watch?v=HxygTW1VLOo https://youtu.be/XEZH0Xib9N4 https://youtu.be/eT5UE5ECWpA https://youtu.be/3Y1Z-aIqSBc https://youtu.be/XjkOGxYTxNA https://youtu.be/8Ow24vcE5kY https://youtu.be/wnEm1vJSNVI https://youtu.be/o22y1LShKcE https://youtu.be/IiYkpuruuvA https://youtu.be/I0mk6EpXcJM https://youtu.be/FwYcBQtDXaI https://youtu.be/dRABoBxPonM https://youtu.be/lHfw7zWnniI https://youtu.be/BhGKc4YmnxI https://youtu.be/IQ8ESADR-PQ https://youtu.be/DBqwwpND1B0 https://youtu.be/-fzsg-ihqoY https://youtu.be/mXGn_ZCpWFo https://youtu.be/d-R1wNp_miI https://youtu.be/-EflqWCqbNc https://youtu.be/NnhKUexylzM https://youtu.be/963RQpKJTKs https://youtu.be/5UqwAwhqBO8 https://www.youtube.com/watch?v=_dGpQvERF-4 https://youtu.be/6SfWKeRO_ls https://youtu.be/kphcis7_mJg https://youtu.be/uYSVc-t3XrY https://youtu.be/W0iZw459RLU https://youtu.be/yCC9wldeT0o https://youtu.be/4AcHt8oGIRI https://www.youtube.com/watch?v=JpENXF9UC1A https://youtu.be/aETzYQKGDpQ https://youtu.be/4wWjCJv3k9U https://youtu.be/exbdnl8Ln1M https://youtu.be/PIZQ9tApNCk https://www.youtube.com/watch?v=1fjX1c5QlYQ https://www.youtube.com/watch?v=h-uiqdQSCLk https://youtu.be/nYLuzP51-eI https://youtu.be/Xwx6-8_JPB8 https://www.youtube.com/watch?v=5tdTUB2IApI https://www.youtube.com/watch?v=k1338pZVQwA https://www.youtube.com/watch?v=s6_BDNObK9k https://www.youtube.com/watch?v=9a76z9i-o7Y https://www.youtube.com/watch?v=nGmJWtBtmP0 https://www.youtube.com/watch?v=o52P4mTNcV0 https://www.youtube.com/watch?v=e4P6qvUEM5o https://www.youtube.com/watch?v=qXdkhtXk_Yc https://www.youtube.com/watch?v=17LMTwEqxTI https://youtu.be/Je72KWBcOVY https://www.youtube.com/watch?v=JbHfVGPeTg0 https://youtu.be/hGtwrnFAiyg https://www.youtube.com/watch?v=AplGzyo3myw https://youtu.be/T-OWx31A3do https://www.youtube.com/watch?v=1o7JNlIg1bs https://www.youtube.com/watch?v=-y8zlsiIDi0 https://www.youtube.com/watch?v=ypDkql2T7dM https://www.youtube.com/watch?v=fNmrygeJ6Ag https://www.youtube.com/watch?v=Xqf_7ZKQudk https://www.youtube.com/watch?v=DUjjbITqjhE https://www.youtube.com/watch?v=0Lz3KQFsM_o https://www.youtube.com/watch?v=bmVJHZ2B5YY https://www.youtube.com/watch?v=ZS6hgeiYmJU https://www.youtube.com/watch?v=I_IvzpoXIMg https://www.youtube.com/watch?v=j1_lOwwGzdE https://www.youtube.com/watch?v=oMspEvsv-cI https://www.youtube.com/watch?v=NzZpPS1F6Ng https://www.youtube.com/watch?v=dcrXZt2wNL8 https://www.youtube.com/watch?v=Z49QXfqVRb8 https://www.youtube.com/watch?v=jq9sMwd_2sw https://www.youtube.com/watch?v=be6mJHh03QY https://www.youtube.com/watch?v=-5iXKRADBNc https://www.youtube.com/watch?v=obMRcM4OxOs https://www.youtube.com/watch?v=RsovK2A-QgI https://www.youtube.com/watch?v=2EDDPlyroL0 https://www.youtube.com/watch?v=s65wrBAojkk https://www.youtube.com/watch?v=LXI6vlFz5tg https://www.youtube.com/watch?v=zkOs5LltWLQ https://www.youtube.com/watch?v=ruzwjDKu9e0&feature=youtu.be https://www.youtube.com/watch?v=HANO5WEmSHA&feature=youtu.be https://www.youtube.com/watch?v=GsuvTdyVdI8&feature=youtu.be https://www.youtube.com/watch?v=vVoAdnvaTTI&feature=youtu.be https://www.youtube.com/watch?v=4ZNovbzDUy8&feature=youtu.be https://www.youtube.com/watch?v=tcLUNbfZk0Q&feature=youtu.be https://www.youtube.com/watch?v=fNmUGdEJ70Y&feature=youtu.be https://youtu.be/hAeaY8w0AvY https://youtu.be/13lZdesJGQo https://youtu.be/UI3yyqQdqBs https://youtu.be/N8Xgg2GSJy0 https://youtu.be/SUou8R0Gl_w https://youtu.be/o7_G7l9YdWE https://youtu.be/tHF1VglYBCU https://youtu.be/3cpdVaIWHBE https://youtu.be/81jkirvaEmE https://youtu.be/y9IrWVspZ3U https://youtu.be/0RqL-fXLyig https://youtu.be/op1eZpZLRXI https://youtu.be/kYyYoRY6lBo https://youtu.be/QlhN99vOkJk https://youtu.be/dLWPXRkKcs4 https://youtu.be/2Eck0KqhT8E https://youtu.be/8syBfqxr3pA https://youtu.be/KurrWLUy7aI https://youtu.be/lroohXNv6vM https://youtu.be/ASrqeZW4p5o https://youtu.be/Z32uOy8tsxs https://youtu.be/RAiUxgYwm0k https://youtu.be/axpqVSIPhKs https://youtu.be/7SyHhGKeqHE https://youtu.be/dDKYzDqG9fk https://youtu.be/VnAv_9kNjD0 https://youtu.be/SlR5rwsCmoA https://youtu.be/9-megglv4Eo https://youtu.be/_pwWznKnH6o https://youtu.be/zPXiY2Us2Bg https://youtu.be/wq7TxKMo19g https://youtu.be/TWHt3n2C6EM https://youtu.be/ugtrOYiEeiE https://youtu.be/Iioj1cKb0-k https://youtu.be/kIFg9l5G1Ao https://youtu.be/FfW83_FyPHQ https://youtu.be/L-gPmRCksP8 https://youtu.be/WeHXAm3UpKY https://youtu.be/D0Lb-VSR57s https://youtu.be/SSneChrWoIU https://www.youtube.com/watch?v=13aWUH8oSaM https://www.youtube.com/watch?v=zadywOeyeco https://www.youtube.com/watch?v=i0a83U62E90 https://youtu.be/yKv6Y7YSNrE https://youtu.be/RVxm-KsMnWU https://youtu.be/ta3ljaI3j3Y https://www.youtube.com/watch?v=1VBylbSi--A https://www.youtube.com/watch?v=a7uSevwcQl0 https://www.youtube.com/watch?v=7ulSZI8PMQM https://www.youtube.com/watch?v=XJ-AVnwaCOo https://www.youtube.com/watch?v=AjzZemPRhCI https://www.youtube.com/watch?v=2baAxtsxpAY https://www.youtube.com/watch?v=vw0vZwahX30 https://www.youtube.com/watch?v=BINb7N8AiEo https://www.youtube.com/watch?v=u4hVi-YMR5M https://www.youtube.com/watch?v=o6WkQ7Q0XR0 https://www.youtube.com/watch?v=vaqSwQ6oZyI https://www.youtube.com/watch?v=09yK6TltBqY https://www.youtube.com/watch?v=F5yEZ-foiq4 https://www.youtube.com/watch?v=XU4FAocS66o https://www.youtube.com/watch?v=VbW6bzrMNts https://www.youtube.com/watch?v=GCvox6N15Zs https://www.youtube.com/watch?v=gXo_q2_stYk https://www.youtube.com/watch?v=scQLOfwnakc https://www.youtube.com/watch?v=STpNYND8_-A http://youtu.be/XLs9YGTqmI4 http://youtu.be/-UhVODThHto http://youtu.be/bRhxb2u7yII http://youtu.be/2BdVPtd_O38 http://youtu.be/bX7fQBZqXAQ http://youtu.be/G0gxzTvL45g http://youtu.be/VQ53fqoDR2A http://youtu.be/1-pzhp_BSJM http://youtu.be/KQ5-TnfdjoM https://www.youtube.com/watch?v=yjdoXaocpDs https://www.youtube.com/watch?v=x61pwsoRuTg http://youtu.be/XEKmmy6MFwk http://youtu.be/YYVlkqT1z9M https://www.youtube.com/watch?v=MHdPnA_NuMc http://youtu.be/PEWH422Zol0 https://www.youtube.com/watch?v=iT3BWnKQI80 https://www.youtube.com/watch?v=V8Rn3Wtjb68 https://www.youtube.com/watch?v=BqA2NUSaQ_w http://youtu.be/G8uI_IjAWfY http://youtu.be/3ZV-FEgM1CY
us:place:0827810,Fort Morgan city,Colorado,youtube,https://www.youtube.com/channel/UCo7J2v3KqEOx45rG-GxlJOg,channel,yes,run_govs_01,https://www.youtube.com/channel/UCo7J2v3KqEOx45rG-GxlJOg
us:place:5575325,Sparta city,Wisconsin,youtube,https://youtu.be/Jbc_lXCnVXE?si=qMbpmA9kLVpelWDK,single_video,no,run_govs_01,https://youtu.be/Jbc_lXCnVXE?si=qMbpmA9kLVpelWDK
us:place:2945668,Manchester city,Missouri,youtube,https://www.youtube.com/channel/UCUOVBf2LxfUo4ozYEK_I6CA,channel,yes,run_govs_01,https://www.youtube.com/channel/UCUOVBf2LxfUo4ozYEK_I6CA
us:place:3458770,Pine Hill borough,New Jersey,youtube,https://www.youtube.com/embed/GIzACl7hm7Y?feature=oembed,single_video,no,run_govs_01,https://www.youtube.com/embed/GIzACl7hm7Y?feature=oembed https://www.youtube.com/embed/aa_RNCfgVuY?rel=0
us:place:4241440,Lansdowne borough,Pennsylvania,youtube,https://www.youtube.com/@lansdowneborough4044,channel,yes,run_govs_01,https://www.youtube.com/@lansdowneborough4044
us:place:1727442,Fox Lake village,Illinois,youtube,https://www.youtube.com/watch?v=V0zLY16B2KE,single_video,no,run_govs_01,https://www.youtube.com/watch?v=V0zLY16B2KE
us:place:3929162,Galion city,Ohio,youtube,https://www.youtube.com/channel/UCXAOmNzObWHflE0uYUxSjjw/videos,channel,yes,run_govs_01,https://www.youtube.com/channel/UCXAOmNzObWHflE0uYUxSjjw/videos https://www.youtube.com/@cityofgalionohio5710
us:place:4065300,Sand Springs city,Oklahoma,youtube,https://www.youtube.com/channel/UCSDPeYyj8pBF4BiAPlb8KMQ,channel,no,run_govs_01,https://www.youtube.com/channel/UCSDPeYyj8pBF4BiAPlb8KMQ
us:place:4873493,Town of Pecos city,Texas,youtube,https://www.youtube.com/@townofpecoscity,channel,yes,run_govs_01,https://www.youtube.com/@townofpecoscity
us:place:2737502,Little Canada city,Minnesota,youtube,https://www.youtube.com/user/CityofLittleCanadaMN,channel,yes,run_govs_01,https://www.youtube.com/user/CityofLittleCanadaMN https://www.youtube.com/user/CTVnorthsuburbs
us:place:3429070,Haledon borough,New Jersey,youtube,https://www.youtube.com/@BoroughofHaledon,channel,no,run_govs_01,https://www.youtube.com/@BoroughofHaledon
us:place:2453875,Mount Airy town,Maryland,youtube,https://www.youtube.com/watch?v=U3Xp1ifJNHE,single_video,yes,run_govs_01,https://www.youtube.com/watch?v=U3Xp1ifJNHE https://www.youtube.com/watch?v=dUypQ9NSMNo https://www.youtube.com/watch?v=c8Pgy30txNo https://www.youtube.com/watch?v=ejtcVI3LRkA
us:place:2220610,DeRidder city,Louisiana,youtube,https://www.youtube.com/channel/UCdeSNivs4Jv5MV_y6cdOG7w,channel,yes,run_govs_01,https://www.youtube.com/channel/UCdeSNivs4Jv5MV_y6cdOG7w
us:place:3404750,Bellmawr borough,New Jersey,youtube,https://www.youtube.com/channel/UCNxV3pSszX9P7QcFLaCEXtQ,channel,yes,run_govs_01,https://www.youtube.com/channel/UCNxV3pSszX9P7QcFLaCEXtQ
us:place:4803600,Aransas Pass city,Texas,youtube,http://youtube.com/user/CityOfAransasPass,channel,yes,run_govs_01,http://youtube.com/user/CityOfAransasPass https://youtu.be/XxoGNOg3BE8
us:place:3001675,Anaconda-Deer Lodge County,Montana,youtube,https://www.youtube.com/user/sourcefabric,channel,yes,run_govs_01,https://www.youtube.com/user/sourcefabric
us:place:1346356,Lilburn city,Georgia,youtube,https://www.youtube.com/@cityoflilburn/videos,channel,yes,run_govs_01,https://youtube.com/playlist?list=PLkCYPXLZc1ONESiaztIjJo5ahSCeUgHJi&feature=shared https://www.youtube.com/@cityoflilburn/videos
us:place:2614320,Center Line city,Michigan,youtube,https://www.youtube.com/channel/UCAI9-dnmJ6mTbsDkYvPkE6Q,channel,yes,run_govs_01,https://www.youtube.com/channel/UCAI9-dnmJ6mTbsDkYvPkE6Q
us:place:2024000,Fort Scott city,Kansas,youtube,https://www.youtube.com/channel/UC6DcVf4t2fxjdKCwa0Ufzjw,channel,yes,run_govs_01,https://www.youtube.com/channel/UC6DcVf4t2fxjdKCwa0Ufzjw
us:place:2160852,Pikeville city,Kentucky,youtube,https://www.youtube.com/channel/UCO-W1cJ_XGBsMq9XV5X68bw,channel,no,run_govs_01,https://www.youtube.com/channel/UCO-W1cJ_XGBsMq9XV5X68bw
us:place:1767548,Sandwich city,Illinois,youtube,https://www.youtube.com/@CityOfSandwichIllinois,channel,no,run_govs_01,https://www.youtube.com/@CityOfSandwichIllinois
us:place:2679760,Three Rivers city,Michigan,vimeo,https://vimeo.com/247651506,single_video,no,run_govs_01,
us:place:1241950,Macclenny city,Florida,youtube,https://www.youtube.com/embed/v6tihXrqVvM?autoplay=1&mute=1&rel=0,single_video,no,run_govs_01,https://www.youtube.com/embed/v6tihXrqVvM?autoplay=1&mute=1&rel=0
us:place:0867280,Salida city,Colorado,youtube,https://www.youtube.com/channel/UCmmG6TTREbWPiGhQK_Jy1Ig/videos,channel,no,run_govs_01,https://www.youtube.com/channel/UCmmG6TTREbWPiGhQK_Jy1Ig/videos
us:place:0168352,Satsuma city,Alabama,youtube,https://www.youtube.com/@cityofsatsuma630/featured,channel,yes,run_govs_01,https://www.youtube.com/@cityofsatsuma630/featured
us:place:2416225,Chestertown town,Maryland,youtube,https://www.youtube.com/channel/UCuuWlyve7RxUXFTrC7QXG2g,channel,no,run_govs_01,https://www.youtube.com/channel/UCuuWlyve7RxUXFTrC7QXG2g
us:place:1782049,Willow Springs village,Illinois,youtube,https://www.youtube.com/channel/UCoSEmQf6aJM2tMlVRFT1ZeQ/playlists,channel,no,run_govs_01,https://www.youtube.com/channel/UCoSEmQf6aJM2tMlVRFT1ZeQ/playlists
us:place:4943440,La Verkin city,Utah,youtube,https://www.youtube.com/@CityofLaVerkin,channel,no,run_govs_01,https://www.youtube.com/@CityofLaVerkin https://www.youtube.com/watch?v=IwXdCT3og8o
us:place:4544350,Manning city,South Carolina,youtube,https://www.youtube.com/@CityofManningSouthCarolina,channel,no,run_govs_01,https://www.youtube.com/@CityofManningSouthCarolina
us:place:2767612,Waite Park city,Minnesota,youtube,https://www.youtube.com/channel/UC3ZwiNIraU9QwGulm1pgtCg,channel,yes,run_govs_01,https://www.youtube.com/embed/I96VjHXkKUY?si=2h-Vwy3ZO0INnw3n https://www.youtube.com/embed/2zAUXt3crqU?si=2A5dd_HETX6CeXor https://www.youtube.com/embed/oM8zOLCDjTQ?si=0dpcXMTBK8lEqE8j https://www.youtube.com/embed/yIDAjd0vVhg?si=cdO2GxZ0XYH8gIYR https://www.youtube.com/embed/ibFXmJI4hy8?si=Bq46iqn5NQAYEpvP https://www.youtube.com/embed/XkHEB_DZ-hk?si=6NoSeZ3PGXsO-3QV https://www.youtube.com/embed/z7fgzDvMnhg?si=NLfe6r9_GeBxGWgl https://www.youtube.com/embed/cWGml4mV348?si=rOFcJ5JrjnfV0CJv https://www.youtube.com/embed/1JpK-6RlLFo?si=F25TCbHpMaPaRkO3 https://www.youtube.com/embed/ZaZxT3Lcauk?si=LArsi4D-_ev56zYy https://www.youtube.com/embed/2JH_J-2zGPM?si=LSfSh2qr-b3scfiQ https://www.youtube.com/embed/zlTufSDsYfk?si=61gIsqwrgHUYcqvN https://www.youtube.com/embed/3inv62v9hS8?si=j60-fJVvz5EsM029 https://www.youtube.com/embed/-RcE7bxzXus?si=5e4h4Ei9MqNkjd3q https://www.youtube.com/embed/Bq6J5q0JyjA?si=z0fKZx4PNQOPpGCA https://www.youtube.com/embed/s4nCI1azSDg?si=2gqkoDRyA6C5Zuk2 https://www.youtube.com/embed/BP2ykFOOfmw?si=VZai5tLrs_lVLelg https://www.youtube.com/embed/fKM8nZAsQSU?si=JgtdXkoQmfTjXT9Y https://www.youtube.com/embed/b9PfwTwOpks?si=P6RJfQFiNmi_OVDV https://www.youtube.com/embed/c8TKL5N4ut0?si=rRKFPpPU9hRnAZzS https://www.youtube.com/embed/2KEfH-IbfIA?si=7pCvzaqdly1M5kgp https://www.youtube.com/embed/Em9YJn-Jy6k?si=xe7IPK9IgvDgk6Xd https://www.youtube.com/embed/eTW0-kIQyi8?si=xp0q9MAoQAANaFip https://www.youtube.com/embed/4dcwM9oIfLk?si=02r7mfKrVWVMQyAg https://www.youtube.com/embed/aiD7sLBigL8?si=rW2lkzBdfEhe_Ggr https://www.youtube.com/embed/5MHtuMSq_Fc?si=1AOQI1146P2w7ay3 https://www.youtube.com/embed/BAJ5Nks9k84?si=clc4OW6mceqrlr9d https://www.youtube.com/embed/h2zfBl1Uvlg?si=41KTYAdRhGFIovWy https://www.youtube.com/embed/oD7ki-rOLmg?si=HWNFmL3AbHh64HKR https://www.youtube.com/embed/uEg2zvwtQ-A?si=DphW5LwuJg3fyQZ1 https://www.youtube.com/embed/8wS0SXl-r_c?si=rJT_Rr6I4ZOXvJST https://www.youtube.com/embed/ft_0wmlVnqA?si=6-ZlxuDxBDZ8jbIY https://www.youtube.com/embed/tqE59ZasFHw?si=2pHqP6eIxlExjWmK https://www.youtube.com/embed/-cqeT57Ztqc?si=0xjkjCTCS63YHI0i https://www.youtube.com/embed/DCCHjSJ5Si8?si=-V-8NpB_P-toMXPN https://www.youtube.com/embed/qZnJpfy0XTo?si=Hyq75iVTDHjYFktQ https://www.youtube.com/embed/wpIXE7CjbCw?si=ksdyTXH--8BqnjNJ https://www.youtube.com/embed/do5SzcPlHO8?si=huhT7YWNFzaurNM4 https://www.youtube.com/embed/iH1UMEZqs8Y?si=SIBH3UfEBIDo8T49 https://www.youtube.com/embed/9qn9XDyVYpk?si=RyjVfFcDTyjh-WR4 https://www.youtube.com/embed/5vju8KZvPOA?si=MOaz8Nwm2IEifQde https://www.youtube.com/embed/IuvCXxTTNe0?si=ftCGfQru73SqaNDs https://www.youtube.com/embed/mmETe12vEzE?si=FxyriZjDW0OS45kx https://www.youtube.com/embed/bfhZDTqXSUs?si=omUCmmZ6B5QZwaDe https://www.youtube.com/embed/t7JVauT1aQk?si=71wQHx74xwK7v9t8 https://www.youtube.com/embed/C_SXJAfnzDg?si=tNCU7xyAbw-tYyNy https://www.youtube.com/embed/qpEB8JnpC14?si=0hIvYY9li_QVP4s6 https://www.youtube.com/embed/aXMw8PWjfW4?si=X1yE6EHDlGkfd40x https://www.youtube.com/embed/DlS6YC5gnDA?si=KCFc9gyrvOBAZOlb https://www.youtube.com/embed/Eu_s0FkJQi0?si=_ydN3UVfPmi6b7Zw https://www.youtube.com/embed/fTdaft6u0jQ?si=nJAokMdXIVvBD5Qf https://www.youtube.com/embed/0JnWTerCpU0?si=hwg27OKs-_Uhrhzx https://www.youtube.com/embed/fB6qKTHzYug?si=-4u5OOhCTbu0KIl6 https://www.youtube.com/embed/xl7E9-W9Fnw?si=aII0YVscK2DX3usW https://www.youtube.com/channel/UC3ZwiNIraU9QwGulm1pgtCg https://www.youtube.com/embed/uzVZ3nNf6qA?si=dyO7IuA2Fp6AIjxf https://www.youtube.com/embed/oj43JGWXook?si=oj22kEGI2ScQzZLy https://www.youtube.com/embed/_zjila1c3ug?si=Gj-Ylh_G1BvH5Ut0 https://www.youtube.com/embed/92FH7vnU-AY?si=OzBMsPE4kL3pjCj6 https://www.youtube.com/embed/7Hhkjh3Mzqk?si=y99zBryP8KAR3bjW https://www.youtube.com/embed/DRPRq-Cpn-Y?si=0HknwxPjsMMWfV3D https://www.youtube.com/embed/x7W-ZkECaek?si=v2Wk3INNLwMBgrWN https://www.youtube.com/embed/oC7drkBga08?si=ESCHgLCIk4fodX1E https://www.youtube.com/embed/s-aE1esQvpU?si=caLk8AuvpMlH9zdY https://www.youtube.com/embed/W9VWbaPjwkQ?si=-u_mXXedlW_LDE3y https://www.youtube.com/embed/CNgEldJKQwg?si=Pvs6zOdOY7Yl8ZJg https://www.youtube.com/embed/MIaC9PuCZ0Q?si=w1KaMIFEHOWjkCvu https://www.youtube.com/embed/wHymqghTSYA?si=Ee4RjUWR5wLmCwGw https://www.youtube.com/embed/uXHMmxnptzo?si=-PyIwurWAcDKdVK0 https://www.youtube.com/embed/QknZj_0G6-8?si=NDVyYQVtR-n8hjff https://www.youtube.com/embed/PjSGha3jppo?si=7Z035Yu0SojO3Z0r https://www.youtube.com/embed/D7GtOhuy4H4 https://www.youtube.com/embed/wYqUpZhMCPs https://www.youtube.com/embed/141w11egYIQ https://www.youtube.com/embed/MTAMV54gLAQ?si=QTEob8TG2lftyIOe https://www.youtube.com/embed/uo-5iO11qo0?si=QJXUTpb10-i0HDJ1 https://www.youtube.com/embed/VmS1uFqxcq8?si=tIVIaDrQ7Mbi_zyf https://www.youtube.com/embed/12EDTjUK0H4?si=H9nkKmJQ06nh-dqO&controls=0 https://www.youtube.com/embed/8vSwFzQWH-c?si=h8acxSIPh7wtJidx https://www.youtube.com/embed/5jNt95c8Dnc https://www.youtube.com/embed/K5wKM2lxdsg https://www.youtube.com/embed/yRCmM3epE0w
us:place:2757130,St. Joseph city,Minnesota,youtube,https://www.youtube.com/@cityofst.josephmn6548,channel,no,run_govs_01,https://www.youtube.com/@cityofst.josephmn6548
us:place:5483500,Vienna city,West Virginia,youtube,https://www.youtube.com/channel/UC5u-brkmgWSKoOyYWOM_oUw,channel,yes,run_govs_01,https://www.youtube.com/channel/UC5u-brkmgWSKoOyYWOM_oUw https://www.youtube.com/watch?v=mUPAPItYV_Q&feature
us:place:2060825,Roeland Park city,Kansas,youtube,https://youtu.be/_gBqAUDUNAg,single_video,yes,run_govs_01,https://youtu.be/_gBqAUDUNAg https://youtu.be/3Z9lA9qEKlg https://youtu.be/-SSMdDY4qb0 https://youtu.be/daVYV1v9t4M https://youtu.be/M-IBcML1F-Q https://youtu.be/6tY1PXLbOa8 https://youtu.be/Q1rfYqN_TrU https://www.youtube.com/watch?v=UrvSmDYJPAY&t=2863s https://youtu.be/kxwIZJ50qDI https://youtu.be/RSvfPo3191w https://youtu.be/iavSjOZhwL0 https://youtu.be/GTq6rr2TlkY https://youtu.be/UM4rHMct3RM https://youtu.be/LCyR83ujfac https://youtu.be/WTGPiulains https://youtu.be/cBwPdRCOzNI https://youtu.be/4nl2y73gxrc https://youtu.be/eb4V4INhuBA https://youtu.be/8qt2bLIeQSU https://youtu.be/j7KcH0-_Bfs https://youtu.be/-zxjEh4DLg0 https://youtu.be/ppvis7n1YDo https://youtu.be/0SZ5alF9UjQ https://youtu.be/bRzBGxaeq0Y https://youtu.be/07hVnV-mOoQ https://youtu.be/Jzb7IKiUcH4 https://youtu.be/XjGVbPa8Zrc https://youtu.be/eP1XlpDAB4E https://youtu.be/2t4ktRDG8VM https://youtu.be/UvbrBvmfpGM https://youtu.be/wksmYPQKFqA https://youtu.be/0LbnMskYCy4 https://youtu.be/OZLDicZVOCg https://youtu.be/yZMiLTZaqa8 https://youtu.be/p0SrMq1Iuzo https://youtu.be/f6fHHjHJFT4 https://youtu.be/3XOUvD2KPLo https://youtu.be/dw5YhNeWotw https://youtu.be/2HWXWvvEjIM https://youtu.be/rCB-U4LlOWY https://youtu.be/4Xq46LdvzMM https://youtu.be/ADBvZ25_DnA https://youtu.be/P6PJdJVjknQ https://youtu.be/mweEAS9PDjA https://youtu.be/kPtxpM3AFUo https://youtu.be/Q8kK_MB_GHs https://youtu.be/JxG3sZKUu9s https://youtu.be/B6TCP3M1eX4 https://youtu.be/0tdOcCijYdQ https://youtu.be/KWNrlsKCJyg https://youtu.be/P4sfqTWZORc https://youtu.be/EuO00j0l5L0 https://youtu.be/3EZNN7ais_Q https://youtu.be/oZ-mHLboTuA https://youtu.be/O23zlFbHka0 https://youtu.be/bBrjwC5Xw-I https://youtu.be/C-nKSMTJo3g https://youtu.be/etgL6m8ABMM https://youtu.be/wjXce_N7VR4 https://youtu.be/GHpRot43mNE https://youtu.be/aobHeqgGXkQ https://youtu.be/PP6KgFEjSoQ https://youtu.be/eeOgUFB1uX8 https://youtu.be/7tDlQJiO9ew https://youtu.be/ghUch4iZZQ8 https://youtu.be/lyAue7FJcgc https://youtu.be/RcPxcBYMz-4 https://youtu.be/qZayvGmfY5A https://youtu.be/rvgIvnzyurs https://youtu.be/mQl_bnfdsLw https://youtu.be/QJ3XYZmmScY https://youtu.be/PxMb5jp0Zvo https://youtu.be/BgecbELyXeU https://youtu.be/T8fOq580yJw https://youtu.be/9zT2cMR2w78 https://youtu.be/Xu1n5BeSA9s https://youtu.be/AZ9MwaPtsZk https://youtu.be/LobzCG91gMQ https://youtu.be/1FQ2JgkFaEw https://youtu.be/vwL9j4VR-4w https://youtu.be/lR1N5ww-TTI https://youtu.be/NYX_nX7NWvA https://youtu.be/tdlWVIBi_xs https://youtu.be/DBT6q3dTdpU https://youtu.be/t067jRIp1J4 https://youtu.be/51nwDEn3C5w https://youtu.be/t_cuWIwxjPE https://youtu.be/ElVQ1LLgYrw https://youtu.be/OJuVvb0geG4 https://youtu.be/SXA15qW6BGY https://youtu.be/MPpXxl2kE4s https://youtu.be/X-0dbrDxOXQ https://youtu.be/Q2sq6MxJoxU https://youtu.be/cnNjEScyKIc https://youtu.be/ACIssKHkmug https://youtu.be/5naGFxdXyuc https://youtu.be/Uagsb1csTPU https://youtu.be/ASkqBQzLLGM https://youtu.be/TfJiN3RCdEA https://youtu.be/zaLu1VexdS8?si=VDvrp7VQBZn4ddM0 https://youtu.be/EgtoaqL5tTU https://youtu.be/PXBfx3BwDDs https://youtu.be/QCgZCUgwmqc https://youtu.be/NSwUwJysegk https://youtu.be/Z9ZRrlTh9fM https://www.youtube.com/watch?v=doHxsf5aRSk https://youtu.be/OUUXrXBG-Sc https://youtu.be/X0t7_91ffI4 https://youtu.be/gCQl-AoUxp0 https://youtu.be/fGH3Ou5w6aI https://youtu.be/fyGjNhxH8ns https://youtu.be/-HrQp_Qdne8 https://youtu.be/4pQEblPMesc https://youtu.be/l-VdcBUM0RM https://youtu.be/_C4A34HBWjE
us:place:2736134,Le Center city,Minnesota,youtube,https://www.youtube.com/watch?v=duTTwmf0CsI,single_video,no,run_govs_01,https://www.youtube.com/watch?v=duTTwmf0CsI https://www.youtube.com/watch?v=4i2xV88h6Ms
us:place:2473075,Snow Hill town,Maryland,youtube,https://www.youtube.com/@TownOfSnowHill,channel,no,run_govs_01,https://www.youtube.com/@TownOfSnowHill
us:place:5367770,Steilacoom town,Washington,youtube,https://www.youtube.com/@SteilacoomGarden,channel,yes,run_govs_01,https://www.youtube.com/embed/39wAkamUaPk https://www.youtube.com/watch?v=OAlhXX74wvQ https://www.youtube.com/watch?v=DiZyxmV3uhA https://www.youtube.com/@SteilacoomGarden
us:place:5515725,Clintonville city,Wisconsin,youtube,https://www.youtube.com/channel/UCprKUnRFjpwlWn44DlTTh_Q,channel,no,run_govs_01,https://www.youtube.com/channel/UCprKUnRFjpwlWn44DlTTh_Q
us:place:5550200,Mayville city,Wisconsin,youtube,https://www.youtube.com/channel/UCxAywEJGUdLQa9LQe_a2i5w/featured,channel,yes,run_govs_01,https://www.youtube.com/channel/UCxAywEJGUdLQa9LQe_a2i5w/featured
us:place:1711124,Capron village,Illinois,youtube,https://www.youtube.com/channel/UCkqw-OsbVKC0uhf_wCx4D_g,channel,no,run_govs_01,https://www.youtube.com/channel/UCkqw-OsbVKC0uhf_wCx4D_g
us:cousub:2501554030,Plainfield town,Massachusetts,youtube,https://www.youtube.com/@Plainfield-meeting,channel,no,run_govs_01,https://www.youtube.com/@Plainfield-meeting
us:cousub:3610920962,Dryden town,New York,youtube,https://www.youtube.com/channel/UC7-duKUkVTJ1ddO8qi1nFZg,channel,no,run_govs_01,https://www.youtube.com/channel/UC7-duKUkVTJ1ddO8qi1nFZg
us:place:2902242,Ashland city,Missouri,youtube,https://www.youtube.com/@cityofashlandmo8964,channel,yes,run_govs_01,https://www.youtube.com/@cityofashlandmo8964 https://www.youtube.com/channel/UCSCDFHxajHp0czrrz_DmZUA
us:place:3451210,New Brunswick city,New Jersey,youtube,https://www.youtube.com/channel/UCiQA8t_wVYF8L1RxLpvvjJQ,channel,no,run_govs_01,https://www.youtube.com/channel/UCiQA8t_wVYF8L1RxLpvvjJQ
us:place:3539380,Las Cruces city,New Mexico,youtube,https://www.youtube.com/user/CLCTV20,channel,yes,run_govs_01,https://www.youtube.com/user/CLCTV20
us:place:0284510,Whittier city,Alaska,youtube,https://www.youtube.com/@whittieralaska,channel,no,run_govs_01,https://www.youtube.com/@whittieralaska
us:place:4856000,Pasadena city,Texas,youtube,https://www.youtube.com/user/PasadenaChannel,channel,yes,run_govs_01,https://www.youtube.com/user/PasadenaChannel https://www.youtube.com/channel/UChfkDrnz1Vc8FnzcXHTF8bQ
us:place:4454640,Pawtucket city,Rhode Island,youtube,https://www.youtube.com/embed/-eX_OoezMxw?feature=oembed,single_video,no,run_govs_01,https://www.youtube.com/embed/-eX_OoezMxw?feature=oembed https://youtu.be/BZ5lHJsMQQs
us:cousub:1808966870,St. John township,Indiana,youtube,https://www.youtube.com/@StJohnTownshipTrustee,channel,no,run_govs_01,https://www.youtube.com/@StJohnTownshipTrustee https://www.youtube.com/live/EQYvu0vYObs?si=R7ePijWLpD33zSNV https://www.youtube.com/live/du6emkPAzUc?si=TygaXKVrHVsUUhtv https://www.youtube.com/live/SOuL5frDd-Q?si=XpeXO3o-5SmT8BwS https://www.youtube.com/live/cgZDr1GjKvI?si=SSwVUKFtr0GdDNH5 https://www.youtube.com/live/9YiQyI2dVoQ?si=TCjGY1pLep50qbHK https://www.youtube.com/watch?v=LBWeP2CXH-g&t=378s https://www.youtube.com/watch?v=uqyy2Xxvhms&t=4196s https://www.youtube.com/watch?v=ft8nfhqn7ps https://www.youtube.com/watch?v=jqtdIJfLwys https://www.youtube.com/live/8G9L03TXdjQ?si=N3xJrWqyt2jv4xca https://www.youtube.com/live/lBAbn4Tt7rE?si=hvhBcgFF-4Az-36Q https://www.youtube.com/watch?v=s9hqWHPWIqA https://www.youtube.com/watch?v=dfGg0Yv60HQ https://www.youtube.com/watch?v=7-fYzOlwWh4&pp=0gcJCccJAYcqIYzv
us:place:0515190,Conway city,Arkansas,youtube,https://www.youtube.com/@CityofConwayArkansas,channel,no,run_govs_01,https://www.youtube.com/@CityofConwayArkansas https://youtube.com/live/Tsn-sEI_ysc?feature=share https://youtube.com/live/6hZv-9AesHg?feature=share https://youtube.com/live/gLVtHCzoJpU?feature=share https://youtube.com/live/vZNqxTLw1p0?feature=share https://youtube.com/live/n_URb4xYCqc?feature=share https://youtube.com/live/k0QeevMPVx4?feature=share https://youtube.com/live/DmXHDYi8NTw?feature=share https://youtube.com/live/O8OhcuJYxs0?feature=share https://youtube.com/live/t_AbtMK1udU?feature=share https://youtube.com/live/xvrYIq1W5M8?feature=share https://youtube.com/live/WJu6ZExDk1I?feature=share https://youtube.com/live/8XhU5OPVVKs?feature=share https://youtube.com/live/HFOpPCLgesI https://youtube.com/live/xWQEtSvutjk?feature=share https://youtube.com/live/fv8QdGW2NyI?feature=share https://youtube.com/live/2svblyQdMaQ?feature=share https://youtube.com/live/TSHc_xp-W7c?feature=share https://youtube.com/live/wgLq4jiluu0?feature=share https://youtube.com/live/sjaVjEqMq9c?feature=share https://youtube.com/live/XS824qlOS8k?feature=share https://youtube.com/live/Nxay_kYeSJk?feature=share https://youtube.com/live/VfU-hHzRr84?feature=share https://youtube.com/live/e31IhkEheBg?feature=share https://youtube.com/live/prc25T5WEZs?feature=share https://youtube.com/live/IiFmD5NQTUQ?feature=share https://youtube.com/live/ipcxX6h9Y-Q?feature=share https://youtube.com/live/8G923kFVczo?feature=share https://youtube.com/live/rH80Htp0Ozc?feature=share https://youtube.com/live/TNd6G8JwxA4?feature=share https://youtube.com/live/oK03-T3GgUs?feature=share https://youtube.com/live/KBRSlmq5XTM?feature=share https://youtube.com/live/arE82sRfTfY?feature=share https://youtube.com/live/fvkjhbZW3zE?feature=share https://youtube.com/live/xqD8NSr2JXQ?feature=share https://youtube.com/live/dNHuhCc2QPg?feature=share https://youtube.com/live/aafdB6gqus4?feature=share https://youtu.be/zsslNDeQuQs https://youtube.com/live/ZeEgwYH7GOI?feature=share https://youtube.com/live/FmEeSFO6Ecs?feature=share https://youtube.com/live/qGNzNM5QpS4?feature=share https://youtube.com/live/iS778HneqAY?feature=share https://youtube.com/live/IrpR-eepdj4?feature=share https://www.youtube.com/live/E4bXinpuJKA https://youtube.com/live/Wl2dz-QQv-c?feature=share https://youtube.com/live/IdgIFUFb-0s?feature=share https://youtube.com/live/aqNvPnrwV0s?feature=share https://youtube.com/live/ZRWsZlhNQIA?feature=share https://www.youtube.com/live/BZZjLoMt6ZQ?si=eaItxBiDMWHvOCNu https://youtube.com/live/WGDhzInfBfM?feature=share https://youtube.com/live/e7QQR_xsPy0?feature=share https://youtube.com/live/tqrYFXtgRoc?feature=share https://youtube.com/live/J09OSsuu4kw?feature=share https://youtube.com/live/yl1n7dX9sa4?feature=share https://youtube.com/live/Gfzk72AZxRs?feature=share https://youtube.com/live/r2gla0tZnSk?feature=share https://youtube.com/live/gh-3ybJIAmk?feature=share https://youtube.com/live/CUAJh6Z7iW8?feature=share https://youtube.com/live/Bi5Q-HqjN00?feature=share https://youtube.com/live/WVNhnsyQqiA?feature=share https://youtube.com/live/-lWD-yCDy0k?feature=share https://youtube.com/live/xOGvzCNN2z8?feature=share https://youtube.com/live/CSChSwIdCi4?feature=share https://youtube.com/live/QtYnP1nIbmc?feature=share https://youtube.com/live/bMfP0WR9w_Q?feature=share https://youtube.com/live/HwTV0pI7-20?feature=share https://youtu.be/hFGqR3cd_5I https://youtube.com/live/Pr07cIwScfU?feature=share https://youtube.com/live/_XRXcj1WHMU?feature=share https://youtube.com/live/YiybynnvssQ?feature=share https://youtube.com/live/DRX2DRXkObI?feature=share https://youtube.com/live/aoCOaafZdtY?feature=share https://youtube.com/live/EPwH06hrico?feature=share https://youtube.com/live/XIkPOv48Uk4?feature=share https://youtube.com/live/WJbXORpi8bs?feature=share https://youtube.com/live/ohxY4WiTHfg?feature=share https://youtube.com/live/UXWnETqk6Bg?feature=share https://youtube.com/live/SqmR2iEVp9U?feature=share https://youtube.com/live/Kiv_xmIFywA?feature=share https://youtube.com/live/kJJl_hNVrqE?feature=share https://youtube.com/live/s-_lDGz7s6k?feature=share https://youtube.com/live/4Jj2lkTXw8w?feature=share https://youtube.com/live/8ZfZ5mP0JS4?feature=share https://youtube.com/live/oS3O44hqo9M?feature=share https://youtube.com/live/f4Uheu5Hdz0?feature=share https://youtube.com/live/i3aHDNbKlLQ?feature=share https://youtube.com/live/K9226Z1TXP4?feature=share
us:place:1831000,Hammond city,Indiana,youtube,https://www.youtube.com/@CityofHammond,channel,no,run_govs_01,https://www.youtube.com/embed/_YL2tvlUg44?feature=oembed https://www.youtube.com/@CityofHammond
us:cousub:1816311674,Center township,Indiana,youtube,https://youtu.be/54a6piV71mo,single_video,no,run_govs_01,https://youtu.be/54a6piV71mo https://youtu.be/z5_cUwQewjA https://youtu.be/GmRcIDSrWc8 https://youtu.be/sfxJa3ZY0iw https://youtu.be/yyJ6Q8N0sqc
us:place:4048350,Midwest City city,Oklahoma,youtube,https://www.youtube.com/@CityofMidwestCityOklahoma,channel,yes,run_govs_01,https://www.youtube.com/@CityofMidwestCityOklahoma https://www.youtube.com/@MidwestCityCVB https://www.youtube.com/c/CityofMidwestCityOklahoma
us:cousub:1817356178,Ohio township,Indiana,youtube,https://youtube.com/@townofchandler3973?si=z6_hu5lz5zJZfJ13,channel,no,run_govs_01,https://youtube.com/@townofchandler3973?si=z6_hu5lz5zJZfJ13 https://www.youtube.com/@OhioTownshipTrustee-IN https://youtu.be/C_1btDuAgUs https://youtu.be/0KQIyHF-90U https://youtu.be/w1YHqF9iGSQ https://youtu.be/RzBrA-f_5k0 https://youtu.be/pTi2wAjOT-M
us:place:2924778,Florissant city,Missouri,youtube,https://www.youtube.com/@CityofFlorissant1,channel,no,run_govs_01,https://www.youtube.com/watch?v=pMXF98xWnRA&feature=youtu.be https://www.youtube.com/@CityofFlorissant1 https://www.youtube.com/c/CityofFlorissant1/videos https://www.youtube.com/playlist?list=PLVlSfTixiDuQuaNWCRlwpKt6VDPNd48qe
us:place:3425770,Garfield city,New Jersey,youtube,https://www.youtube.com/embed/videoseries?list=PLggGEAlmeiFETP2UIyRDljQ9sYfDpAJo6,playlist,no,run_govs_01,https://www.youtube.com/embed/videoseries?list=PLggGEAlmeiFETP2UIyRDljQ9sYfDpAJo6
us:place:1720591,Downers Grove village,Illinois,youtube,https://www.youtube.com/user/VillageDownersGrove,channel,no,run_govs_01,https://www.youtube.com/user/VillageDownersGrove https://www.youtube.com/playlist?list=PLDC8EB05BC3E9F928 https://www.youtube.com/embed/j0Uydfy09WM?showinfo=0 https://www.youtube.com/playlist?list=PLBMFYG7zmco0RazlZxDyPZk1m7DgF8AxR
us:place:3954040,Newark city,Ohio,youtube,https://www.youtube.com/@newarkcitycouncil6765/streams,channel,no,run_govs_01,https://www.youtube.com/@newarkcitycouncil6765/streams https://www.youtube.com/watch?v=iCAi8fvhjVI https://www.youtube.com/watch?v=SLTVqkXVvNk
us:place:1714351,Cicero town,Illinois,vimeo,https://player.vimeo.com/video/1084066560?h=a09d87caf9,single_video,no,run_govs_01,
us:place:4865516,San Juan city,Texas,youtube,https://www.youtube.com/channel/UCfkfdJ75zkakmoKC4hfw0Jw,channel,yes,run_govs_01,https://www.youtube.com/channel/UCfkfdJ75zkakmoKC4hfw0Jw https://www.youtube.com/embed/videoseries?si=UlLMDYTTnikEa7nt&list=PLN8kqJmLKosTmHCy8pbFTA4RuvbKZpVxL
us:place:0656924,Pico Rivera city,California,youtube,https://www.youtube.com/channel/UC0pHCL4z2dSoBjYMK_ZQeKw,channel,no,run_govs_01,https://www.youtube.com/channel/UC0pHCL4z2dSoBjYMK_ZQeKw https://www.youtube.com/embed/Y5ChVwUmLjI https://www.youtube.com/embed/B10MRrn7xEY https://www.youtube.com/embed/sA__9BWFQe4 https://www.youtube.com/embed/Bv8xs9MAPWE?autohide=2&autoplay=0&mute=0&controls=1&fs=1&loop=0&modestbranding=0&rel=1&showinfo=1&theme=dark&wmode=&playsinline=0 https://www.youtube.com/embed/9KrynMUfGaw
us:place:4570405,Sumter city,South Carolina,youtube,https://www.youtube.com/user/CItyofSumter,channel,no,run_govs_01,https://www.youtube.com/user/CItyofSumter
us:place:4570270,Summerville town,South Carolina,youtube,https://www.youtube.com/channel/UCLWM2gB7OMMPYi6DXWw2cPA,channel,yes,run_govs_01,https://www.youtube.com/channel/UCLWM2gB7OMMPYi6DXWw2cPA https://www.youtube.com/@townsummsc1149/streams
us:place:5555750,Neenah city,Wisconsin,youtube,https://www.youtube.com/embed/vV4KSNjGBQM?feature=oembed,single_video,no,run_govs_01,https://www.youtube.com/embed/vV4KSNjGBQM?feature=oembed
us:place:4233408,Hazleton city,Pennsylvania,youtube,https://www.youtube.com/watch?v=M3FXSHnYMBU,single_video,no,run_govs_01,https://www.youtube.com/watch?v=M3FXSHnYMBU
us:place:0968100,Shelton city,Connecticut,youtube,https://www.youtube.com/channel/UCOm-u1DcLoOFmVnnCgxIm9w/live,channel,yes,run_govs_01,https://www.youtube.com/channel/UCOm-u1DcLoOFmVnnCgxIm9w/live https://www.youtube.com/channel/UCdNSokFtzuiCjBd7QeASEXw
us:place:3758860,Salisbury city,North Carolina,vimeo,https://vimeo.com/1223368476,single_video,no,run_govs_01,
us:place:2213960,Central city,Louisiana,youtube,https://www.youtube.com/@CityofCentral,channel,no,run_govs_01,https://www.youtube.com/@CityofCentral
us:place:0617946,Dana Point city,California,youtube,https://www.youtube.com/channel/UCdNW_5KL2Q7lC-DFHUyFr7A?view_as=subscriber,channel,no,run_govs_01,https://www.youtube.com/channel/UCdNW_5KL2Q7lC-DFHUyFr7A?view_as=subscriber
us:place:4870808,Sugar Land city,Texas,vimeo,https://player.vimeo.com/video/1009281115,single_video,no,run_govs_01,
us:place:2970000,Springfield city,Missouri,vimeo,https://vimeo.com/1189417173,single_video,no,run_govs_01,
us:place:2254035,New Iberia city,Louisiana,youtube,https://www.youtube.com/channel/UCODUMRaqE9P2OlvZcKr6cMA,channel,no,run_govs_01,https://www.youtube.com/channel/UCODUMRaqE9P2OlvZcKr6cMA
us:place:3479610,West New York town,New Jersey,youtube,https://youtu.be/wd94iq9GviQ,single_video,yes,run_govs_01,https://youtu.be/wd94iq9GviQ
us:place:1720292,Dolton village,Illinois,youtube,https://www.youtube.com/@VillageofDolton/streams,channel,no,run_govs_01,https://www.youtube.com/@VillageofDolton/streams
us:place:4422960,East Providence city,Rhode Island,youtube,https://www.youtube.com/channel/UC0YEW6s1RpjcKR47VMil1LA,channel,no,run_govs_01,https://www.youtube.com/channel/UC0YEW6s1RpjcKR47VMil1LA https://www.youtube.com/channel/UCg4WAgLnfJj32bMlbYa5U8Q
us:place:1249450,North Miami city,Florida,youtube,https://www.youtube.com/user/CityofNorthMiami,channel,no,run_govs_01,https://www.youtube.com/watch?v=HeEK_yE6UFc&t=2s https://www.youtube.com/watch?v=mRl1VWk170w https://www.youtube.com/watch?v=zhIXJYN0zt4&list=PLJt-VT2SYT8l0H0nXkxnsWD8jxNty5PtM&index=4 https://www.youtube.com/watch?v=hz2am7OXEvw&list=PLJt-VT2SYT8l0H0nXkxnsWD8jxNty5PtM&index=3 https://www.youtube.com/user/CityofNorthMiami https://youtube.com/playlist?list=PLJt-VT2SYT8kj9irk86Or5Wneis76CqFp&si=SQTzDooRL6WhASYZ https://www.youtube.com/watch?v=lqxpu1m3fT8&list=PLJt-VT2SYT8lu_M_ZGo--CenyEnlarBTP&index=3&t=1182s https://www.youtube.com/watch?v=DMNi4K4zXEU&list=PLJt-VT2SYT8lu_M_ZGo--CenyEnlarBTP https://www.youtube.com/playlist?list=PLJt-VT2SYT8lu_M_ZGo--CenyEnlarBTP https://www.youtube.com/watch?v=Fnsm6lj4j_o&list=PLJt-VT2SYT8lu_M_ZGo--CenyEnlarBTP&index=2 https://www.youtube.com/watch?v=sbaEWlSKSaU&list=PLJt-VT2SYT8lu_M_ZGo--CenyEnlarBTP&index=1 https://www.youtube.com/watch?v=6P1IRXfaGC0&list=PLJt-VT2SYT8lu_M_ZGo--CenyEnlarBTP https://www.youtube.com/watch?v=bSiK3oVJAio https://www.youtube.com/watch?v=Y679sOZn3rc https://www.youtube.com/watch?v=WxGICFIoqC8 https://www.youtube.com/watch?v=75_i4nJjMVw https://www.youtube.com/watch?v=7VCmvuQsat8 https://www.youtube.com/watch?v=AdOwPgJ1aBs https://www.youtube.com/watch?v=Wq6RupKmUDs https://www.youtube.com/watch?v=kyHViYDqZMo https://www.youtube.com/watch?v=POgv42svqHc https://www.youtube.com/watch?v=Os7oP2X28zc https://www.youtube.com/watch?v=hwdUjKZhg14&t=2s https://www.youtube.com/watch?v=yUY941JM0Jc https://www.youtube.com/watch?v=tg88swg6SJ0&t=3s https://www.youtube.com/watch?v=fWS3sHhMPWo https://www.youtube.com/watch?v=Rj73LtPKbvg&t=5s https://www.youtube.com/watch?v=omQbZWX1FU8 https://www.youtube.com/watch?v=XcgcdMAB1No https://www.youtube.com/watch?v=0Ac8XzSQDGU https://www.youtube.com/watch?v=0bpoRGuduQw https://www.youtube.com/watch?v=_oJWBiVzHdM https://www.youtube.com/embed/DMNi4K4zXEU?si=TK33DR31lqqWO8Ua https://www.youtube.com/watch?v=gIUnLVkor1I&list=PLJt-VT2SYT8mdo5IeDJ-RxYFsZuFJSIyF&index=1 https://www.youtube.com/watch?v=N_oygL35JnE https://www.youtube.com/watch?v=Sj4w4c4cLm0 https://www.youtube.com/watch?v=teT_cIkkGe8 https://www.youtube.com/watch?v=syWG5trcH8U https://www.youtube.com/watch?v=VMQYBvaUKk4 https://www.youtube.com/watch?v=7NVAGYxsTrU https://www.youtube.com/watch?v=g1ogRgRF_pc&t=12s https://www.youtube.com/watch?v=82jSlYxrmWQ&t=3s
us:place:0157048,Opelika city,Alabama,youtube,https://www.youtube.com/channel/UCbC211oOluLdYAAAoC8P9YQ,channel,yes,run_govs_01,https://www.youtube.com/channel/UCbC211oOluLdYAAAoC8P9YQ https://www.youtube.com/@opelikacitygov1219 https://www.youtube.com/channel/UCe6BTkHkj0cEobER6shOLmQ/featured
us:place:2814420,Clinton city,Mississippi,youtube,https://www.youtube.com/channel/UCTNNNI8RzmKl4-oIXCkbRzg,channel,no,run_govs_01,https://youtu.be/DCSNn0D7Zdg https://www.youtube.com/channel/UCTNNNI8RzmKl4-oIXCkbRzg
us:place:2240735,Lafayette city,Louisiana,youtube,https://www.youtube.com/embed/qqiz42ed5ec?si=YBgHzy77s7HsMvqO,single_video,no,run_govs_01,https://www.youtube.com/embed/qqiz42ed5ec?si=YBgHzy77s7HsMvqO https://www.youtube.com/embed/VGSceMXlMWw?si=E4jRyXyc1hnBUNPJ
us:place:4254656,Norristown borough,Pennsylvania,youtube,https://www.youtube.com/@NorristownPA19401,channel,yes,run_govs_01,https://www.youtube.com/@NorristownPA19401 https://www.youtube.com/user/norristowntv https://www.youtube.com/embed/SbuJxVvmIao?si=s4jhoIiCxt8y-PoI https://www.youtube.com/watch?v=rK5HzD--hec https://www.youtube.com/live/aYdiPSL4b_o?si=_vKABrF_Op6OwxMq https://youtube.com/live/u-rc1-WLoMo https://www.youtube.com/watch?v=Ku4e6DQeM4Q https://www.youtube.com/live/A8HJRYkRRZI https://www.youtube.com/watch?v=BkLQEHBseFw https://www.youtube.com/live/w4MJQIquXYw https://youtu.be/jXSYRRlrNSI?si=5GaVCncr0Xl7g_5J https://www.youtube.com/live/fiN6-N6txnM https://youtu.be/_Z9xBcotoaM https://www.youtube.com/watch?v=mySn14uqAog https://www.youtube.com/watch?v=rT-sSxeU3bM https://www.youtube.com/watch?v=SR_IfTgXZmE https://www.youtube.com/watch?v=H5NKufaaPIY https://youtu.be/Ina3mA-N1y0?si=DhklZZML4uc6ZSCO https://www.youtube.com/live/TPRE3q0YKHU https://www.youtube.com/watch?v=PfWz0i2vNIU https://www.youtube.com/live/bs_a_ruakVw https://www.youtube.com/live/42XW_yZ7VBQ https://www.youtube.com/live/59NK-Z1Sdm0 https://www.youtube.com/live/P4m-UBVr7jo https://youtu.be/mpMUyNG-zN0 https://www.youtube.com/watch?v=D4JyjrkMtSE https://www.youtube.com/watch?v=v1IPS4cDHLc https://www.youtube.com/watch?v=i1ZOHZ143W0 https://www.youtube.com/live/c9VNL8hlX_Q https://youtu.be/N6DHP80OchU https://www.youtube.com/live/NkIfoSAXlG0 https://www.youtube.com/watch?v=BqCrlsKc3fE https://www.youtube.com/live/ZSz2aDmatXw https://www.youtube.com/watch?v=Uo05ktJ8dQY https://www.youtube.com/live/BTGVVmHYw5U?si=5CBC0CXqE_XFPXcn https://www.youtube.com/watch?v=6aN4Mq-TSZQ https://www.youtube.com/watch?v=qgs6Pxwxd98 https://www.youtube.com/watch?v=ipPnHuroSaI https://www.youtube.com/watch?v=y1ZcMXt0jhg https://www.youtube.com/watch?v=0LzICAxvb3U https://youtu.be/EqvDK-KgY9U https://youtu.be/rW1rZDdYiGk https://youtu.be/5ZOG3Vk6B8g https://youtube.com/live/mVOguS_fsRM https://www.youtube.com/watch?v=y72VtY7kvvY https://www.youtube.com/live/xGGL_tQS0Pc https://www.youtube.com/watch?v=gYAh-QYZqoY
us:place:4238288,Johnstown city,Pennsylvania,youtube,https://www.youtube.com/@CityHallJohnstownPA,channel,no,run_govs_01,https://www.youtube.com/@CityHallJohnstownPA
us:place:5347490,Mountlake Terrace city,Washington,youtube,https://youtu.be/xu1Mb19XvzA,single_video,yes,run_govs_01,https://youtu.be/xu1Mb19XvzA
us:place:1745031,Loves Park city,Illinois,youtube,https://www.youtube.com/channel/UCW4QOpdsvFZ1PbF9m2rjFcw,channel,no,run_govs_01,https://www.youtube.com/channel/UCW4QOpdsvFZ1PbF9m2rjFcw https://www.youtube.com/@CityofLovesPark https://www.youtube.com/embed/1ZgUhb4rEY0?rel=0 https://www.youtube.com/embed/flhRcflhapg?rel=0
us:place:2128594,Fort Thomas city,Kentucky,youtube,https://www.youtube.com/embed/euYG8pz7gKc?feature=oembed,single_video,no,run_govs_01,https://www.youtube.com/embed/euYG8pz7gKc?feature=oembed
us:place:3755900,Reidsville city,North Carolina,youtube,https://www.youtube.com/c/CityofReidsvilleNC,channel,no,run_govs_01,https://www.youtube.com/c/CityofReidsvilleNC
us:place:4019900,Del City city,Oklahoma,youtube,https://www.youtube.com/@dcokgov,channel,yes,run_govs_01,https://www.youtube.com/@dcokgov
us:place:5415628,Clarksburg city,West Virginia,youtube,https://www.youtube.com/@cityofclarksburgwv,channel,no,run_govs_01,https://www.youtube.com/@cityofclarksburgwv
us:place:2718674,Elk River city,Minnesota,youtube,https://www.youtube.com/@CityOfElkRiver,channel,no,run_govs_01,https://www.youtube.com/@CityOfElkRiver https://www.youtube.com/user/CityOfElkRiver
us:place:1955110,Muscatine city,Iowa,youtube,https://www.youtube.com/channel/UCu1FlsD7wUYXsrVUgElW8Kg,channel,no,run_govs_01,https://www.youtube.com/channel/UCu1FlsD7wUYXsrVUgElW8Kg https://www.youtube.com/embed/KrE6AHAmtbU https://www.youtube.com/@cityofmuscatine https://www.youtube.com/user/CityofMuscatine https://www.youtube.com/channel/UCwe8Gw9FSL7pRFVk2XWBxRA https://www.youtube.com/channel/UCZXLZf1qQXMSqUu5WfEAXMg https://www.youtube.com/channel/UCG8YBtxcHMxCfsGxYFRYHXw https://youtu.be/TcriOiU6vW0 https://youtu.be/w_c32c7cNDA https://youtu.be/UUtpItvtcEs https://youtu.be/qLGoW6RT_V8
us:place:0137864,Irondale city,Alabama,youtube,https://youtube.com/channel/UCRVO858rMPGjv19xTwynZOw,channel,no,run_govs_01,https://www.youtube.com/embed/GkCs6lhVUMs?feature=oembed https://youtube.com/channel/UCRVO858rMPGjv19xTwynZOw https://www.youtube.com/channel/UCGGT031nyLyRqv5fasjJLuw/videos?app=desktop https://www.youtube.com/channel/UCGKMIsxUusCwlTEQpaKBs1Q
us:place:3704840,Belmont city,North Carolina,youtube,https://www.youtube.com/channel/UCqOtdtH7gyyToZnnC8kKLQQ,channel,no,run_govs_01,https://youtu.be/IlASae4Ib0A https://www.youtube.com/channel/UCqOtdtH7gyyToZnnC8kKLQQ
us:place:3945556,Lyndhurst city,Ohio,youtube,https://www.youtube.com/@CityOfLyndhurstOhio,channel,no,run_govs_01,https://www.youtube.com/@CityOfLyndhurstOhio
us:place:3776220,Zebulon town,North Carolina,youtube,https://www.youtube.com/@townofzebulon,channel,no,run_govs_01,https://www.youtube.com/@townofzebulon https://www.youtube.com/watch?v=wwTX_53DcOI https://www.youtube.com/watch?v=3QZdIOag_9g https://www.youtube.com/watch?v=fFujpX1kLMc https://www.youtube.com/watch?v=8dh7i2o4FTU https://www.youtube.com/watch?v=lZgOMpB7TJU https://www.youtube.com/watch?v=qPEimfRCB5g
us:place:3738040,Lewisville town,North Carolina,youtube,https://www.youtube.com/channel/UCRDsvjMOHmXC00eIIEFli2w,channel,no,run_govs_01,https://www.youtube.com/channel/UCRDsvjMOHmXC00eIIEFli2w
us:place:2947648,Mexico city,Missouri,youtube,http://www.youtube.com/user/MexicoMOTV?feature=watch,channel,no,run_govs_01,https://youtu.be/nWbYmwUrW6Q http://www.youtube.com/user/MexicoMOTV?feature=watch
us:place:1254250,Palmetto city,Florida,youtube,https://www.youtube.com/embed/RwXSLGIvtmw?rel=0&enablejsapi=1,single_video,no,run_govs_01,https://www.youtube.com/embed/RwXSLGIvtmw?rel=0&enablejsapi=1
us:place:1777993,Villa Park village,Illinois,youtube,https://www.youtube.com/channel/UCVfEMCRHX-ggdoMRc3Ku64Q,channel,yes,run_govs_01,https://www.youtube.com/channel/UCVfEMCRHX-ggdoMRc3Ku64Q https://www.youtube.com/playlist?list=PL4ExwmGTlCz3TIwwfHbnE6SU4WH6c6oRO https://www.youtube.com/@villageofvillapark3578/playlists https://www.youtube.com/playlist?list=PL4ExwmGTlCz2mL7nXgbWgsvhf3GfawBAD https://www.youtube.com/playlist?list=PL4ExwmGTlCz0WL4xYrlEB8faEuq6GBhLu https://www.youtube.com/playlist?list=PL4ExwmGTlCz3TW9iYimiIXe0q1YzP68iP
us:place:4267344,St. Marys city,Pennsylvania,youtube,https://www.youtube.com/@cityofst.marystv226,channel,no,run_govs_01,https://www.youtube.com/@cityofst.marystv226 https://youtu.be/wLAVyBlpkP8 https://youtu.be/MUZiw6a4CiI
us:place:4072100,Tahlequah city,Oklahoma,youtube,https://www.youtube.com/@cityoftahlequah5868/streams,channel,no,run_govs_01,https://www.youtube.com/live/DyOzD8qx2R4?si=HTiXpMKT19i6PFcg https://www.youtube.com/@cityoftahlequah5868/streams http://%3Ciframe%20width=%22560%22%20height=%22315%22%20src=%22https://www.youtube.com/embed/CEpKkeRhQpQ%22%20frameborder=%220%22%20allow=%22accelerometer;%20autoplay;%20encrypted-media;%20gyroscope;%20picture-in-picture%22%20allowfullscreen%3E%3C/iframe%3E https://www.youtube.com/embed/LsSeOwfrGwA?si=KBwFtiacB2luPGHm https://www.youtube.com/embed/DVcl24W4MwM?si=WNYAAhVjl-0LJ_zw
us:place:4741340,Lawrenceburg city,Tennessee,youtube,https://www.youtube.com/embed/KwtpNn7O7tQ?ecver=1&autoplay=1&cc_load_policy=1&iv_load_policy=1&yt:stretch=16:9&autohide=1&color=red&width=560&width=560,single_video,no,run_govs_01,https://www.youtube.com/embed/KwtpNn7O7tQ?ecver=1&autoplay=1&cc_load_policy=1&iv_load_policy=1&yt:stretch=16:9&autohide=1&color=red&width=560&width=560 https://www.youtube.com/embed/Cu900PFYT7E?ecver=1&autoplay=1&cc_load_policy=1&iv_load_policy=1&yt:stretch=16:9&autohide=1&color=red&width=560&width=560 https://www.youtube.com/embed/4tYWBUf6UGQ?ecver=1&autoplay=1&cc_load_policy=1&iv_load_policy=1&yt:stretch=16:9&autohide=1&color=red&width=560&width=560 https://www.youtube.com/embed/Ntrg0KHF1XY?ecver=1&autoplay=1&cc_load_policy=1&iv_load_policy=1&yt:stretch=16:9&autohide=1&color=red&width=560&width=560
us:place:3771500,Waynesville town,North Carolina,youtube,https://www.youtube.com/@TownofWaynesville/streams,channel,no,run_govs_01,https://www.youtube.com/@TownofWaynesville/streams https://www.youtube.com/user/TownofWaynesvilleNC
us:place:2612320,Cadillac city,Michigan,youtube,https://www.youtube.com/embed/niyK4i3ywx4?enablejsapi=1&autoplay=0&cc_load_policy=0&cc_lang_pref=&iv_load_policy=1&loop=0&rel=1&fs=1&playsinline=0&autohide=2&theme=dark&color=red&controls=1&disablekb=0&,single_video,no,run_govs_01,https://www.youtube.com/embed/niyK4i3ywx4?enablejsapi=1&autoplay=0&cc_load_policy=0&cc_lang_pref=&iv_load_policy=1&loop=0&rel=1&fs=1&playsinline=0&autohide=2&theme=dark&color=red&controls=1&disablekb=0&
us:place:3103390,Beatrice city,Nebraska,youtube,https://www.youtube.com/user/CityOfBeatriceNE,channel,no,run_govs_01,https://www.youtube.com/user/CityOfBeatriceNE https://www.youtube.com/playlist?list=PLuGfryxL9pROpXqSbE3oUbHKtZIc0D3Ry https://youtube.com/playlist?list=PLuGfryxL9pRPpMbUiHWQPvpnnvE0aLw2T&si=76CcGNSbxRoWO1gM
us:place:0851800,Monument town,Colorado,youtube,https://www.youtube.com/@TownOfMonumentCO/featured,channel,yes,run_govs_01,https://www.youtube.com/@TownOfMonumentCO/featured https://gaming.youtube.com/channel/UCdFLo8UcqZfFdkio5jT6GDA https://www.youtube.com/watch?v=A1ZywTctOiE https://www.youtube.com/watch?v=9HNciHYYUbk https://www.youtube.com/watch?v=JWBIkvYZcJU https://www.youtube.com/watch?v=ijXA3BkLORY
us:place:4876948,Webster city,Texas,youtube,https://www.youtube.com/@thecityofwebstertexas-gove9303,channel,yes,run_govs_01,https://www.youtube.com/@thecityofwebstertexas-gove9303
us:place:1768081,Schiller Park village,Illinois,youtube,https://youtu.be/ajR-sKZlYSo,single_video,yes,run_govs_01,https://youtu.be/ajR-sKZlYSo
us:place:0136448,Hueytown city,Alabama,youtube,https://www.youtube.com/embed/kLYg1CaKhX0?si=6flLH-8tsFiR1ZqR&controls=0,single_video,yes,run_govs_01,https://www.youtube.com/embed/kLYg1CaKhX0?si=6flLH-8tsFiR1ZqR&controls=0 https://youtube.com/shorts/DPlPReN9DQc
us:place:1625570,Emmett city,Idaho,youtube,https://www.youtube.com/channel/UCvfATXfINtQM0WJt6MG5jzw/live,channel,no,run_govs_01,https://www.youtube.com/channel/UCvfATXfINtQM0WJt6MG5jzw/live
us:place:0169120,Selma city,Alabama,youtube,https://www.youtube.com/channel/UCUK2CbPoPIa1pqUSBSWiNAQ,channel,no,run_govs_01,https://www.youtube.com/channel/UCUK2CbPoPIa1pqUSBSWiNAQ
us:place:2639360,Houghton city,Michigan,youtube,https://www.youtube.com/watch?v=2DJ-4i_BgRM,single_video,no,run_govs_01,https://www.youtube.com/watch?v=2DJ-4i_BgRM
us:place:4859748,Providence Village town,Texas,youtube,https://www.youtube.com/embed/vibBJcCs5A0?si=R9dcEap2iqnRx_gM,single_video,yes,run_govs_01,https://www.youtube.com/embed/vibBJcCs5A0?si=R9dcEap2iqnRx_gM https://www.youtube.com/embed/biy86tPqRe0?si=v2VT57PU2LabYUJy https://www.youtube.com/embed/v7HmrXgbcdU?si=fh1egZQUv4rCGAkW
us:place:3931304,Grandview Heights city,Ohio,youtube,https://www.youtube.com/@grandviewheights7949,channel,no,run_govs_01,https://www.youtube.com/@grandviewheights7949
us:place:4702340,Atoka town,Tennessee,youtube,https://www.youtube.com/@townofatoka,channel,no,run_govs_01,https://www.youtube.com/@townofatoka
us:place:5327925,Grandview city,Washington,vimeo,https://player.vimeo.com/video/1064759132?autoplay=1&playsinline=1&color&autopause=0&dnt=true&loop=1&muted=0&title=1&portrait=1&byline=1#t=,single_video,no,run_govs_01,
us:place:5519400,Delafield city,Wisconsin,youtube,https://www.youtube.com/channel/UCsEM-WhhNVioCo8RsgLTMCQ,channel,yes,run_govs_01,https://www.youtube.com/channel/UCsEM-WhhNVioCo8RsgLTMCQ
us:place:4964670,Roosevelt city,Utah,youtube,https://www.youtube.com/@rooseveltcity6115/streams,channel,no,run_govs_01,https://www.youtube.com/live/tET2EUqdYTM?si=WQCUkurtDxJw73-s https://www.youtube.com/@rooseveltcity6115/streams
us:place:3654100,Nyack village,New York,youtube,https://www.youtube.com/channel/UCJIPWjS1Be7gq4S7KiIh7Ag,channel,no,run_govs_01,https://www.youtube.com/channel/UCJIPWjS1Be7gq4S7KiIh7Ag
us:place:3712340,Cherryville city,North Carolina,youtube,https://www.youtube.com/channel/UCLHQzXVi9dWjm6OzDKpobyw,channel,no,run_govs_01,https://www.youtube.com/channel/UCLHQzXVi9dWjm6OzDKpobyw https://www.youtube.com/channel/UC66Ie59sr_pgnYAeFCsjeQw https://www.youtube.com/watch?v=hrG2RzUj78A https://www.youtube.com/watch?v=dd_u9VH33Hc https://www.youtube.com/watch?v=z-T12uEkCUE https://www.youtube.com/@cherryvillecherryville5623/streams
us:place:4271856,Souderton borough,Pennsylvania,youtube,https://www.youtube.com/@boroughofsouderton7441,channel,no,run_govs_01,https://www.youtube.com/@boroughofsouderton7441 https://www.youtube.com/embed/lAbP4B-joNc?feature=oembed https://www.youtube.com/embed/LJVTX0SWVQQ?feature=oembed https://www.youtube.com/embed/21csZQ-muAs?feature=oembed https://www.youtube.com/embed/IA3wjNSajV8?feature=oembed https://www.youtube.com/embed/kPXZK-Eqj0g?feature=oembed https://www.youtube.com/embed/PqHTthcBAOI?feature=oembed https://www.youtube.com/embed/_j0Kq5La_6k?feature=oembed https://www.youtube.com/embed/SEUsba_bmE8?feature=oembed https://www.youtube.com/embed/8A-eLHuRNrE?feature=oembed https://www.youtube.com/embed/qRZQF27jd78?feature=oembed https://www.youtube.com/embed/1hNzZPXPEzk?feature=oembed https://www.youtube.com/embed/oYpbL3rkyXc?feature=oembed https://www.youtube.com/embed/TQ8uVC5PQjQ?feature=oembed https://www.youtube.com/embed/GTkrz2aKJn8?feature=oembed https://www.youtube.com/embed/BwFZG_7bcqg?feature=oembed https://www.youtube.com/embed/DGScpghkzZA?feature=oembed https://www.youtube.com/embed/R7H5xAL1IdY?feature=oembed https://www.youtube.com/embed/wE9SuN44DLE?feature=oembed https://www.youtube.com/embed/UrEdWGyqGzk?feature=oembed https://www.youtube.com/embed/UZXx1N-tc18?feature=oembed https://www.youtube.com/embed/Mdq3tTCJbBQ?feature=oembed https://www.youtube.com/embed/PVHtMvKl358?feature=oembed https://www.youtube.com/embed/Gw45_Ppr51A?feature=oembed https://www.youtube.com/embed/RQjmCC8umHI?feature=oembed https://www.youtube.com/embed/c8ql_e-Q8Ew?feature=oembed https://www.youtube.com/embed/WNXXw04jxvg?feature=oembed https://www.youtube.com/embed/dP2CiOQjF4c?feature=oembed https://www.youtube.com/embed/Jf8K530Dl3g?feature=oembed https://www.youtube.com/embed/Ig_EqJCODMc?feature=oembed https://www.youtube.com/embed/X1BA_RFaZQk?feature=oembed https://www.youtube.com/embed/6f2Xh4yA5Tc?feature=oembed https://www.youtube.com/embed/UzNyw86O3zU?feature=oembed https://www.youtube.com/embed/eOgPTAm154c?feature=oembed https://www.youtube.com/embed/0H8vawcNvAE?feature=oembed https://www.youtube.com/embed/PyvM5bE-pl8?feature=oembed https://www.youtube.com/embed/YEkGBZ2T1Qk?feature=oembed https://www.youtube.com/embed/SKVOT09Dcaw?feature=oembed https://www.youtube.com/embed/Nfi0VGGhN6o?feature=oembed https://www.youtube.com/embed/93hgJlMpIYI?feature=oembed
us:place:3761860,Siler City town,North Carolina,youtube,https://www.youtube.com/channel/UCOp6HFMfCCI8-AA2Rd14HIQ,channel,yes,run_govs_01,https://www.youtube.com/channel/UCOp6HFMfCCI8-AA2Rd14HIQ
us:place:3972088,Sheffield Lake city,Ohio,youtube,https://www.youtube.com/@SheffieldLakeCityCouncil,channel,yes,run_govs_01,https://www.youtube.com/@SheffieldLakeCityCouncil https://www.youtube.com/embed/v5U7YSOW1Bc?feature=oembed
us:place:1253875,Palatka city,Florida,youtube,https://www.youtube.com/@cityofpalatkaofficialpage6325,channel,yes,run_govs_01,https://www.youtube.com/@cityofpalatkaofficialpage6325 https://www.youtube.com/channel/UCNDUY0RLNAYUGdKIK3tMXog https://www.youtube.com/embed/DUcehfRBfXo?si=fMw3W4IQpy08-uFU
us:place:0886090,Woodland Park city,Colorado,youtube,https://www.youtube.com/channel/UCeKKRfEM3cKxDB3yz19_eDQ/videos,channel,no,run_govs_01,https://www.youtube.com/channel/UCeKKRfEM3cKxDB3yz19_eDQ/videos
us:place:2116372,Cold Spring city,Kentucky,vimeo,https://vimeo.com/384766771,single_video,no,run_govs_01,
us:place:4112400,Central Point city,Oregon,youtube,https://www.youtube.com/channel/UCNhzABQUWkdxMtcqSoVBnWQ,channel,yes,run_govs_01,https://www.youtube.com/channel/UCNhzABQUWkdxMtcqSoVBnWQ
us:place:3145295,Sidney city,Nebraska,youtube,https://www.youtube.com/channel/UCytsIsOwIA8Xum8pbA0x9gA/live,channel,yes,run_govs_01,https://www.youtube.com/channel/UCytsIsOwIA8Xum8pbA0x9gA/live https://www.youtube.com/watch?v=ReiYZPZD7bI&t
us:place:3983580,West Jefferson village,Ohio,youtube,https://www.youtube.com/@VillageofWestJefferson,channel,yes,run_govs_01,https://www.youtube.com/@VillageofWestJefferson
us:place:2641060,Ironwood city,Michigan,youtube,https://www.youtube.com/user/cityofironwood/,channel,no,run_govs_01,https://www.youtube.com/user/cityofironwood/ https://www.youtube.com/channel/UC0MBA0-TsgD8PbpxFaddBOQ/live
us:place:3522380,Edgewood town,New Mexico,youtube,https://www.youtube.com/@thetownofedgewoodnm,channel,yes,run_govs_01,https://www.youtube.com/@thetownofedgewoodnm https://www.youtube.com/watch?v=092V1sgov4s https://www.youtube.com/watch?v=JAOZzqbrHqg https://www.youtube.com/watch?v=8ChX-uDY2uk https://www.youtube.com/watch?v=O8Fy-8S14hM https://www.youtube.com/watch?v=c0uFYpRh0n8 https://www.youtube.com/watch?v=1AzTDqsl0FU https://www.youtube.com/watch?v=OqNyXnDHfWI https://www.youtube.com/watch?v=d0otYP_RqA8 https://www.youtube.com/watch?v=JgMJgHJadjk https://www.youtube.com/watch?v=NvorUc-U4zI https://www.youtube.com/watch?v=eBVR0VQA6VQ https://www.youtube.com/watch?v=npJzE4E893Q https://www.youtube.com/watch?v=UdKtk6Fkt2Q https://www.youtube.com/watch?v=7pIhyS_8LOY https://www.youtube.com/watch?v=yjkwd_qMKnA https://www.youtube.com/watch?v=LmVIPVPA0T0 https://www.youtube.com/watch?v=txnFMwEZats https://www.youtube.com/watch?v=xZcKyzpffoc https://www.youtube.com/watch?v=YsTLvSPnS-A https://www.youtube.com/watch?v=Gfy8p49dLoc https://www.youtube.com/watch?v=azjk5AvkgBk https://www.youtube.com/watch?v=t-rohwXrSdo https://www.youtube.com/watch?v=212g5i0WF4Y https://www.youtube.com/watch?v=QTpVRnkuuJs https://www.youtube.com/watch?v=iY4jA-XfDTI https://www.youtube.com/watch?v=GXQVC3bijXw https://www.youtube.com/watch?v=cedVixpEfkc
us:place:3404930,Belmar borough,New Jersey,youtube,https://www.youtube.com/@BelmarNewJersey,channel,no,run_govs_01,https://www.youtube.com/@BelmarNewJersey
us:place:4227008,Fountain Hill borough,Pennsylvania,youtube,https://www.youtube.com/channel/UCNjIFbQz1hVt-YZ11ohTZVA,channel,no,run_govs_01,https://www.youtube.com/channel/UCNjIFbQz1hVt-YZ11ohTZVA
us:place:1376280,Thomson city,Georgia,youtube,https://www.youtube.com/@McDuffieCountyGovernment/streams,channel,yes,run_govs_01,https://www.youtube.com/@McDuffieCountyGovernment/streams https://www.youtube.com/@ThomsonGovernment
us:place:4842448,Levelland city,Texas,youtube,https://studio.youtube.com/channel/UC8dNcwk-Sz6wAR3vwtquhwA/videos/upload?filter=%5B%5D&sort=%7B%22columnType%22%3A%22date%22%2C%22sortOrder%22%3A%22DESCENDING%22%7D,channel,no,run_govs_01,https://studio.youtube.com/channel/UC8dNcwk-Sz6wAR3vwtquhwA/videos/upload?filter=%5B%5D&sort=%7B%22columnType%22%3A%22date%22%2C%22sortOrder%22%3A%22DESCENDING%22%7D
us:place:0433280,Holbrook city,Arizona,youtube,https://www.youtube.com/@cityofholbrookaz9351,channel,no,run_govs_01,https://www.youtube.com/@cityofholbrookaz9351 https://www.youtube.com/@cityofholbrook2929
us:place:4116950,Creswell city,Oregon,youtube,https://www.youtube.com/channel/UCftEUFK7bxOxvX1DwAj3-OQ,channel,no,run_govs_01,https://www.youtube.com/channel/UCftEUFK7bxOxvX1DwAj3-OQ
us:cousub:5000733475,Hinesburg town,Vermont,youtube,http://youtube.com/watch?v=MjjgyX3qvX8&feature=youtu.be,single_video,no,run_govs_01,http://youtube.com/watch?v=MjjgyX3qvX8&feature=youtu.be https://www.youtube.com/watch?v=hcIi2JwtsUo&feature=youtu.be http://youtube.com/watch?v=0sfbHqq0Tx0&feature=youtu.be https://www.youtube.com/watch?v=T1-U41BT18Q https://www.youtube.com/embed/BrnR4PeBK18?si=unYNMUPwyd-MqwGj
us:place:0102320,Argo city,Alabama,youtube,https://www.youtube.com/@CityofArgo,channel,no,run_govs_01,https://www.youtube.com/@CityofArgo
us:place:3678674,Watervliet city,New York,youtube,https://www.youtube.com/channel/UCOmzMhnq7si5jxrHulSmDqQ,channel,yes,run_govs_01,https://www.youtube.com/channel/UCOmzMhnq7si5jxrHulSmDqQ https://www.youtube.com/embed/pjoHuAxdAGY?wmode=transparent&autoplay=0 https://www.youtube.com/embed/9ZNfmHzhAIw?wmode=transparent&autoplay=0 https://www.youtube.com/embed/rJSz9ejolOw?wmode=transparent&autoplay=0 https://www.youtube.com/embed/gERgUiyzsaU?wmode=transparent&autoplay=0 https://www.youtube.com/embed/u8gahL7OhDU?wmode=transparent&autoplay=0 https://www.youtube.com/embed/uw_gpBeigfk?wmode=transparent&autoplay=0 https://www.youtube.com/embed/gn3sOd2n2Dc?wmode=transparent&autoplay=0 https://www.youtube.com/embed/A565buRXJDY?wmode=transparent&autoplay=0 https://www.youtube.com/embed/IKLnMPX-Acg?wmode=transparent&autoplay=0 https://www.youtube.com/embed/DYH9z1NONoM?wmode=transparent&autoplay=0 https://www.youtube.com/embed/nNayiwpEt7E?wmode=transparent&autoplay=0 https://www.youtube.com/embed/77uVjKQgbEc?wmode=transparent&autoplay=0 https://www.youtube.com/embed/hcV2X75PCiY?wmode=transparent&autoplay=0 https://www.youtube.com/embed/cnW6gfI4DHE?wmode=transparent&autoplay=0 https://www.youtube.com/embed/ragF0n1UkDI?wmode=transparent&autoplay=0 https://www.youtube.com/embed/ibqjy4_qc2w?wmode=transparent&autoplay=0 https://www.youtube.com/embed/XVGGxmOkiI8?wmode=transparent&autoplay=0 https://www.youtube.com/embed/6bv-IlrcXKw?wmode=transparent&autoplay=0 https://www.youtube.com/embed/rJaYOU9cQZg?wmode=transparent&autoplay=0 https://www.youtube.com/embed/hYwxUdNbiy8?wmode=transparent&autoplay=0 https://www.youtube.com/embed/5J8gJ3o4AXw?wmode=transparent&autoplay=0 https://www.youtube.com/embed/HZKOOc5VNfo?wmode=transparent&autoplay=0 https://www.youtube.com/embed/JWgroh_0KGU?wmode=transparent&autoplay=0 https://www.youtube.com/embed/Xe7PlCaDpGI?wmode=transparent&autoplay=0 https://www.youtube.com/embed/RwdEHeGHU1M?wmode=transparent&autoplay=0 https://www.youtube.com/embed/WjS_RlD70mA?wmode=transparent&autoplay=0 https://www.youtube.com/embed/4msN5u2oAd4?wmode=transparent&autoplay=0 https://www.youtube.com/embed/0K4NDvmH6NU?wmode=transparent&autoplay=0 https://www.youtube.com/embed/XM2E4JuBxdc?wmode=transparent&autoplay=0 https://www.youtube.com/embed/-2dKiyTAsGw?wmode=transparent&autoplay=0 https://www.youtube.com/embed/P3RnYxNeWDw?wmode=transparent&autoplay=0 https://www.youtube.com/embed/maJD8KDlbho?wmode=transparent&autoplay=0 https://www.youtube.com/embed/bCPeRsk3YQY?wmode=transparent&autoplay=0 https://www.youtube.com/embed/fzlO5Q2J-9c?wmode=transparent&autoplay=0 https://www.youtube.com/embed/Y6TcDnblCYQ?wmode=transparent&autoplay=0 https://www.youtube.com/embed/uJq_sizzLCw?wmode=transparent&autoplay=0 https://www.youtube.com/embed/eASfJkPVtTI?wmode=transparent&autoplay=0 https://www.youtube.com/embed/DCQDIhroUDY?wmode=transparent&autoplay=0 https://www.youtube.com/embed/gY4QT-CHdC8?wmode=transparent&autoplay=0 https://www.youtube.com/embed/w025dCJFZUg?wmode=transparent&autoplay=0 https://www.youtube.com/embed/Nl4aDKMWro4?wmode=transparent&autoplay=0 https://www.youtube.com/embed/d3vWXShiqEo?wmode=transparent&autoplay=0 https://www.youtube.com/embed/4FGnV8jXoac?wmode=transparent&autoplay=0 https://www.youtube.com/embed/r5F5bOxa5j0?wmode=transparent&autoplay=0
us:place:3432310,Ho-Ho-Kus borough,New Jersey,youtube,https://youtube.com/channel/UC4bislbMwWYL-dsfOQdrg0g,channel,yes,run_govs_01,https://youtube.com/channel/UC4bislbMwWYL-dsfOQdrg0g
us:place:1884752,Winchester city,Indiana,youtube,https://www.youtube.com/@WinchesterINStreaming/streams,channel,no,run_govs_01,https://www.youtube.com/@WinchesterINStreaming/streams https://www.youtube.com/channel/UCiKbmgT4zhfQ-saTEZShvbw
us:place:4868456,Smithville city,Texas,youtube,https://www.youtube.com/channel/UCN7rJz0wVkS4zWV9EvKcH5w,channel,yes,run_govs_01,https://www.youtube.com/channel/UCN7rJz0wVkS4zWV9EvKcH5w https://www.youtube.com/@cityofsmithvilletexas9460/streams https://www.youtube.com/watch?v=xIZGNsSd_Fw
us:place:3923940,East Palestine village,Ohio,youtube,https://www.youtube.com/channel/UC3Lv7yCB0fPcykdmKJSbJgw,channel,no,run_govs_01,https://www.youtube.com/channel/UC3Lv7yCB0fPcykdmKJSbJgw
us:place:2653760,Middleville village,Michigan,youtube,https://www.youtube.com/channel/UCcWAMqhFUt8IYppOxbaaOqg,channel,no,run_govs_01,https://www.youtube.com/channel/UCcWAMqhFUt8IYppOxbaaOqg
us:place:5173200,Smithfield town,Virginia,youtube,https://www.youtube.com/playlist?list=PLUCaZ5agLSpGeVrVRm5LhTjBKLUiUdc_3,playlist,yes,run_govs_01,https://www.youtube.com/playlist?list=PLUCaZ5agLSpGeVrVRm5LhTjBKLUiUdc_3
us:place:1724816,Fairfield city,Illinois,youtube,https://www.youtube.com/channel/UCW1bFOnfoEnwGkyH_ci4iMw,channel,no,run_govs_01,https://www.youtube.com/channel/UCW1bFOnfoEnwGkyH_ci4iMw
us:place:3758460,Rutherfordton town,North Carolina,youtube,https://youtu.be/10UIbUSqIVk,single_video,no,run_govs_01,https://youtu.be/10UIbUSqIVk
us:place:5485972,Weston city,West Virginia,youtube,https://www.youtube.com/@cityofwestonwestvirginia3687,channel,yes,run_govs_01,https://www.youtube.com/@cityofwestonwestvirginia3687
us:place:4758080,Pigeon Forge city,Tennessee,youtube,https://www.youtube.com/embed/pkz-x19DOT4?feature=oembed,single_video,yes,run_govs_01,https://www.youtube.com/embed/pkz-x19DOT4?feature=oembed https://www.youtube.com/embed/88Jn-D2SkD0?feature=oembed
us:place:0410180,Carefree town,Arizona,youtube,https://www.youtube.com/@CarefreeAZgov,channel,no,run_govs_01,https://youtube.com/playlist?list=PLraaot2z7_nL7sW8BzJDA8HdaQC4gb0jt&si=ofah6ebQWxTc4Ltk https://youtube.com/playlist?list=PLraaot2z7_nLC3SzBcuznYXvA4O6pWYdh&si=l-AfNtHfjRoqadjC https://www.youtube.com/@CarefreeAZgov
us:place:2025925,Garnett city,Kansas,youtube,https://www.youtube.com/user/GarnettKansas,channel,no,run_govs_01,https://www.youtube.com/user/GarnettKansas
us:place:3453430,Northvale borough,New Jersey,youtube,https://www.youtube.com/@boroughofnorthvale,channel,yes,run_govs_01,https://www.youtube.com/@boroughofnorthvale https://www.youtube.com/watch?v=RezMoJuiiRo https://www.youtube.com/watch?v=1DUCA7U6z0E https://www.youtube.com/watch?v=EytQpHaTHIQ https://www.youtube.com/watch?v=S9_MNIuW_5s&t=2120s https://www.youtube.com/watch?v=_uLBhXNJXMQ https://www.youtube.com/watch?v=PIYfkfqoJQM https://www.youtube.com/watch?v=kjOBfqTFbco https://www.youtube.com/watch?v=Gdvo4YD2Lt8 https://www.youtube.com/watch?v=-6if6cAcFrQ https://www.youtube.com/watch?v=5n5QjLXINd8 https://www.youtube.com/watch?v=RCcHGrLTj54 https://www.youtube.com/watch?v=bSk-_oE7sGM https://www.youtube.com/watch?v=CrUjHABfEIA https://www.youtube.com/watch?v=Yv6lzwhJa6E https://www.youtube.com/watch?v=JCe2Vbjh-iY https://www.youtube.com/watch?v=01C47oO9-O8 https://www.youtube.com/watch?v=sr2BQo0M2ak https://www.youtube.com/watch?v=2Bnvm_EL4UQ https://www.youtube.com/watch?v=fzk39CxZ8mw https://www.youtube.com/live/N02dslhwqRk https://www.youtube.com/watch?v=K7E9gmmoqk8 https://www.youtube.com/watch?v=TdGZlDGHBAE https://www.youtube.com/watch?v=mFkNcU4iN0o https://www.youtube.com/watch?v=pKpyR8dCjXo https://www.youtube.com/watch?v=Qpf9vQFWRCQ https://www.youtube.com/watch?v=O0dI67G1eJ8 https://www.youtube.com/watch?v=-anN3hbqZac https://www.youtube.com/watch?v=VLRpRQLCtYY https://www.youtube.com/watch?v=nZQzeTWS6u4 https://www.youtube.com/watch?v=kwQjgUARbvQ https://www.youtube.com/watch?v=Zz54mVduEeA&t=293s https://www.youtube.com/watch?v=QiPm4Vb18cM https://www.youtube.com/watch?v=SYoI4uycGDY http://www.youtube.com/watch?v=LaY1HcSguic https://www.youtube.com/watch?v=JSx_1ybst2M https://www.youtube.com/live/d4AZA8N5pH8 https://www.youtube.com/watch?v=_xCTpFnqSCA https://www.youtube.com/watch?v=6ldWqLnxyBE https://www.youtube.com/watch?v=MvMCAWnbyww https://www.youtube.com/watch?v=lIBWwZ9Vq2E https://www.youtube.com/watch?v=W5ztmT8d9C8 https://www.youtube.com/watch?v=eWqWIkkVw5E https://www.youtube.com/watch?v=cE2Bfb20UGo https://www.youtube.com/watch?v=CHWu7YUw4ms https://www.youtube.com/watch?v=WK8qHUUOyig https://www.youtube.com/watch?v=4MLDhzAFWV0
us:place:3739480,Lowell city,North Carolina,youtube,https://www.youtube.com/@cityoflowellnc9321?fbclid=IwAR13N2pWwnuazhb-mM7gmjSAa59Sz828mtdsAKAciBSNTdayr0N_ytVEV1w,channel,no,run_govs_01,https://www.youtube.com/@cityoflowellnc9321?fbclid=IwAR13N2pWwnuazhb-mM7gmjSAa59Sz828mtdsAKAciBSNTdayr0N_ytVEV1w
us:place:4242648,Lemoyne borough,Pennsylvania,youtube,https://www.youtube.com/@CumberlandCountyPAPlanning,channel,yes,run_govs_01,https://www.youtube.com/@CumberlandCountyPAPlanning
us:place:4609500,Canton city,South Dakota,youtube,http://www.youtube.com/@CityofCanton-SD,channel,no,run_govs_01,http://www.youtube.com/@CityofCanton-SD
us:place:0177880,Union Springs city,Alabama,youtube,https://www.youtube.com/embed/yl8ae3_B-7E?si=6GlYZW11Qa9lJfyN,single_video,no,run_govs_01,https://www.youtube.com/embed/yl8ae3_B-7E?si=6GlYZW11Qa9lJfyN
us:place:3763130,Southern Shores town,North Carolina,youtube,https://www.youtube.com/c/SouthernShores/videos,channel,no,run_govs_01,https://www.youtube.com/c/SouthernShores/videos https://www.youtube.com/@SouthernShores/streams
us:place:2939980,Lake Lotawana city,Missouri,youtube,https://youtu.be/6eD29UBINqE?si=4pF5016OCufdxhYm,single_video,no,run_govs_01,https://youtu.be/6eD29UBINqE?si=4pF5016OCufdxhYm https://www.youtube.com/watch?v=mBVD1tpspLM
us:place:4739660,Kingston Springs town,Tennessee,youtube,https://www.youtube.com/@townofkingstonsprings8132,channel,no,run_govs_01,https://www.youtube.com/@townofkingstonsprings8132 https://www.youtube.com/channel/UCtwD5KW3_0JRu3uwvT8tSRA?view_as=subscriber
us:place:0140672,La Fayette city,Alabama,youtube,https://www.youtube.com/channel/UCgvM5RgsYjvP163ZGgRpuNw/videos,channel,no,run_govs_01,https://www.youtube.com/channel/UCgvM5RgsYjvP163ZGgRpuNw/videos
us:place:3774580,Wilson's Mills town,North Carolina,youtube,https://www.youtube.com/@townofwilsonsmills,channel,no,run_govs_01,https://www.youtube.com/@townofwilsonsmills https://www.youtube.com/watch?v=8rDdY4EaKVY https://www.youtube.com/watch?v=Y2A0sN5zIuw
us:place:2686780,Whitehall city,Michigan,youtube,https://www.youtube.com/playlist?list=PLQ67usAQR4_0_bQaVBbposz9B7xE92Wpn,playlist,no,run_govs_01,https://www.youtube.com/playlist?list=PLQ67usAQR4_0_bQaVBbposz9B7xE92Wpn
us:place:1755938,Olympia Fields village,Illinois,youtube,https://www.youtube.com/embed/b0Yfbt8wQs0?list=PLhsLVVuaeuWOc9v2H3BRNwhFloAOpz8NP,playlist,yes,run_govs_01,https://www.youtube.com/embed/b0Yfbt8wQs0?list=PLhsLVVuaeuWOc9v2H3BRNwhFloAOpz8NP https://www.youtube.com/embed/gBzXphba3Ao?list=PLhsLVVuaeuWOc9v2H3BRNwhFloAOpz8NP https://www.youtube.com/embed/3bg28pM7Kis?list=PLhsLVVuaeuWOc9v2H3BRNwhFloAOpz8NP https://www.youtube.com/embed/NU3ZEhfrkRU?list=PLhsLVVuaeuWOc9v2H3BRNwhFloAOpz8NP
us:place:3406970,Bradley Beach borough,New Jersey,youtube,https://www.youtube.com/channel/UCrn8buRB6-0XVnSbhBYnHDg/videos,channel,no,run_govs_01,https://youtu.be/9ookooG1cF0 https://youtu.be/g16nhNcdT4I https://youtu.be/RKkmOTFV2j0 https://youtu.be/mv4EGEEA8AQ https://youtu.be/eXwVB_Cge6Q https://youtu.be/VGKDziVoxfc https://youtu.be/V89SxljK6do https://youtu.be/CBbtMUM36eA https://youtu.be/-0l31cakmtk https://youtu.be/NzLZc9MXbWY https://youtu.be/Ct8AH7bG-oo https://youtu.be/uOZU021fwM8 https://youtu.be/W6rUkCT1Ga8 https://youtu.be/Z9O1HT8pbBQ https://youtu.be/TsCX_HDuuIM https://youtu.be/mg6US9BiT4E https://youtu.be/YWQz92ghRsI https://youtu.be/RljLBvwdyCo https://youtu.be/l3jg1QdhNCQ https://youtu.be/yvAo7ngvOcs https://youtu.be/BwtH18uGi8g https://youtu.be/OChgECv9u_8 https://youtu.be/R4OdmYrXAuI https://youtu.be/mB5XZfJX_Es https://youtu.be/cpwIo7eJlyk https://youtu.be/WW2rVMBKaUY https://youtu.be/rvaoizxSe1I https://youtu.be/a8EgjqtwGtc https://youtu.be/O7YHVc3Mngg https://youtu.be/lGz37GvWpTw https://youtu.be/8mwy8EUvmmk https://youtu.be/s6tgQRySANI https://youtu.be/1vUpgRiQVD4 https://youtu.be/4PkUn5wc_bM https://youtu.be/sI4kA1ms6WE https://youtu.be/pAnhBlcTnWc https://youtu.be/F5UeRQmRYTQ https://youtu.be/LFnKbdZk-GM https://www.youtube.com/watch?v=Tw13quVAYgU https://youtu.be/G_4fVkt57r4 https://youtu.be/4mAfL5SZcIE https://youtu.be/202vsOMG7kQ https://youtu.be/bu2it7gHoss https://youtu.be/UVPyX5M0p_w https://youtu.be/yHl5v3ZmaIc https://youtu.be/b7ipc5GB7kM https://www.youtube.com/watch?v=DONf6KvJgYU&t=25s https://youtu.be/zWhvDlpC5bk https://youtu.be/zxCd65oHNJE https://youtu.be/aRDZDudfELw https://youtu.be/eiCu-LDgrnA https://youtu.be/uX5zY2p5EgY https://youtu.be/kVVKl7G2EKM https://youtu.be/7rsWzc7ZJyc https://youtu.be/RHISoGco-HE https://youtu.be/Btykhx2LKbI https://youtu.be/raqI9Hf1naI https://youtu.be/G9TITmWj6xU https://youtu.be/j2g10d2PVe0 https://youtu.be/y5KaIRyocJE https://youtu.be/4IyWyz9OGeY https://youtu.be/HOSAO2orAhQ https://youtu.be/pvVHoTxOGMw https://youtu.be/hWlhDrWMk9k https://youtu.be/WuFFcd7bUek https://youtu.be/PwvtvB8WnTc https://youtu.be/vqZ8pgfhqpU https://youtu.be/ZRGBMGufN3o https://youtu.be/OJGA5b_sWZY https://youtu.be/iY4PtFo8ChA https://youtu.be/Tgg21IjUVGw https://youtu.be/PG0eok-ams8 https://youtu.be/lXe3gp4zMxA https://youtu.be/LWcc6AEWYp4 https://youtu.be/4BcjBfX19ZM https://www.youtube.com/channel/UCrn8buRB6-0XVnSbhBYnHDg/videos
us:place:4262320,Port Vue borough,Pennsylvania,youtube,https://www.youtube.com/channel/UCE3UoxFVNXPWDBXbWodpuSA/,channel,yes,run_govs_01,https://www.youtube.com/channel/UCE3UoxFVNXPWDBXbWodpuSA/
us:place:3706800,Boiling Springs town,North Carolina,youtube,https://www.youtube.com/@townofboilingspringsnc9886,channel,no,run_govs_01,https://www.youtube.com/@townofboilingspringsnc9886
us:place:2601660,Almont village,Michigan,youtube,https://www.youtube.com/channel/UCoIU7X6qDOuaDo4F-0pUj_g?view_as=subscriber,channel,no,run_govs_01,https://www.youtube.com/channel/UCoIU7X6qDOuaDo4F-0pUj_g?view_as=subscriber
us:place:2464000,Princess Anne town,Maryland,youtube,https://www.youtube.com/channel/UCfE9Yarbg3UAqjC_gcU57dg,channel,yes,run_govs_01,https://www.youtube.com/channel/UCfE9Yarbg3UAqjC_gcU57dg https://www.youtube.com/channel/UCy-OfiD5RNugpKcs4jEF6lA
us:place:1973875,Solon city,Iowa,youtube,https://www.youtube.com/channel/UC2Mqy6uTsakQbEDht68KPDA,channel,yes,run_govs_01,https://youtu.be/Y-Q9IsmmLA4 https://youtu.be/BcjtSEbMNOw https://youtu.be/HtoWnIu9wVI https://youtu.be/fOESwk73ORI https://youtu.be/ZzurIP47VSE https://youtu.be/NmgdcPWzsh8 https://youtu.be/ibt0xhpc8dg https://youtu.be/sZUk9xN5jqc https://youtu.be/oY7tBDJyJmo https://youtu.be/-31nyc1tn3M https://youtu.be/wfq5hTSAYIo https://youtu.be/c83TtffbLQA https://youtu.be/x9iFKxFYqZQ https://youtu.be/AOz-iV3e-kY https://youtu.be/SbaWuMLBORU https://youtu.be/dpxy74id3aE https://youtu.be/p-Rp1zN_lxA https://youtu.be/poW6FsPmh2U https://youtu.be/2XI9hu6WOv8 https://youtu.be/PWEMUEdSpD4 https://youtu.be/9ZYV4GPX9aA https://youtu.be/1HbPngFAqJc https://youtu.be/7Qk-v9I-TYI https://youtu.be/rhR80hNe9AM https://youtu.be/BaQI6WIPeNY https://youtu.be/6YS6rhjmFtw https://youtu.be/BBQn-Kg17jc https://youtu.be/aIfvOa6J3k4 https://youtu.be/GqOmTihKW6Y https://youtu.be/xseXTDC03V4 https://youtu.be/8eoLQcxKu4o https://youtu.be/H7rb19ECKJU https://youtu.be/mDcDIAsNkmo https://youtu.be/xYCeJQVC75Y https://youtu.be/Des1vgAU3VM https://youtu.be/4J6ykemnJfM https://youtu.be/KIkAuVkxja4 https://youtu.be/En4-u9pIWwU https://youtu.be/K_pwH7jKS8s https://youtu.be/uT9OD-IT4A0 https://youtu.be/MH3q6n52PAM https://youtu.be/pd5MXrqUIjw https://youtu.be/q3pagwnhcBE https://youtu.be/jAiHrX3MhPU https://youtu.be/gfU7gfHwVjE https://youtu.be/uF-TToYHXCU https://youtu.be/QuhkEkDkPwY https://youtu.be/cb1o0xuBzBA https://youtu.be/Ahr-Cu_Q5sE https://youtu.be/51w-mYfDhFw https://youtu.be/XFvgYFuG_8g https://youtu.be/BO1mzfiNL8c https://youtu.be/lFwNCAfm3io https://youtu.be/yRj7tVQOTl8 https://youtu.be/IOfgf7n2KQg https://youtu.be/EfUWlxUPMP4 https://youtu.be/7FpdW9jemnw https://youtu.be/lYrqKRgYgVo https://youtu.be/iVuaA5XHd3w https://www.youtube.com/watch?v=Ular0cLN5H4 https://www.youtube.com/watch?v=lyLYT--9lss https://youtu.be/IQJLnSXCRYc https://www.youtube.com/watch?v=nESElqlG27s https://www.youtube.com/watch?v=NohiRly8BJA https://www.youtube.com/watch?v=meOkv_yf2Y0 https://www.youtube.com/watch?v=OVncS69VNcY https://www.youtube.com/watch?v=iE5VuqztOd8 https://www.youtube.com/watch?v=cPWLV1tU-5k https://www.youtube.com/watch?v=SasGqgokboo https://www.youtube.com/watch?v=8qm6GaXHT9c https://www.youtube.com/watch?v=oXT8nfgHElw https://www.youtube.com/watch?v=yjnrDFtLVi8 https://www.youtube.com/watch?v=sUKN49vYvtk https://www.youtube.com/watch?v=UzoRA4koJys https://www.youtube.com/watch?v=M5lJvo75tHs https://www.youtube.com/channel/UC2Mqy6uTsakQbEDht68KPDA https://youtu.be/6Pl3db7EsD8
us:place:3922568,Doylestown village,Ohio,youtube,https://www.youtube.com/@VillageofDoylestownOHOfficial,channel,yes,run_govs_01,https://www.youtube.com/@VillageofDoylestownOHOfficial
us:place:0532650,Holiday Island city,Arkansas,youtube,https://www.youtube.com/channel/UCq-lF7h3OGWZlDRsDV_VRSA,channel,no,run_govs_01,https://www.youtube.com/channel/UCq-lF7h3OGWZlDRsDV_VRSA
us:place:2703574,Barnesville city,Minnesota,youtube,https://www.youtube.com/embed/videoseries?si=iHUGsNL5FQTRgC6d&list=PLiiEBF1Kfy-fWWYjV1oC4vWMBd1_Jom9D,playlist,no,run_govs_01,https://www.youtube.com/embed/wn_S4qtdH60?feature=oembed&enablejsapi=1&origin=https://www.barnesvillemn.com https://www.youtube.com/embed/OPCztk4EMSo?feature=oembed&enablejsapi=1&origin=https://www.barnesvillemn.com https://www.youtube.com/embed/fA3busd72gI?si=Ty2K6N2j5kAvChqW https://www.youtube.com/embed/nlhcTRxe1Us?si=n3DJXiZsXbAS_PFn https://www.youtube.com/embed/videoseries?si=iHUGsNL5FQTRgC6d&list=PLiiEBF1Kfy-fWWYjV1oC4vWMBd1_Jom9D https://www.youtube.com/embed/videoseries?si=Pr2kcfgmdQIJz1jB&list=PLiiEBF1Kfy-dNp9CNaog6CvtZzsALZPH-
us:place:2925192,Forsyth city,Missouri,youtube,https://www.youtube.com/@ForsythCity,channel,no,run_govs_01,https://www.youtube.com/@ForsythCity
us:place:1813852,Cloverdale town,Indiana,youtube,https://www.youtube.com/channel/UCjt3kGVZFFSZoa1VeM-iIDA,channel,no,run_govs_01,https://www.youtube.com/channel/UCjt3kGVZFFSZoa1VeM-iIDA https://www.youtube.com/watch?v=ZOHxRQscMyQ https://www.youtube.com/watch?v=DkyInHEPdOA https://www.youtube.com/watch?v=vI7-fYaCKP0 https://www.youtube.com/watch?v=vDq7OUq5NP4 https://www.youtube.com/watch?v=_8JarLAoX-o https://www.youtube.com/watch?v=TcOgYq5_tLw https://www.youtube.com/watch?v=8jTj1bYdf2Y https://www.youtube.com/watch?v=mZX1FHk3Tzw https://www.youtube.com/watch?v=vnHSMzhR9pA https://www.youtube.com/watch?v=uwveWIgW5Fo https://www.youtube.com/watch?v=Rpc16-7Nb40 https://www.youtube.com/watch?v=vrM2CpHHp-4 https://www.youtube.com/watch?v=iXj_jnv194M https://www.youtube.com/watch?v=k8nYWyKLGv4 https://www.youtube.com/watch?v=qjKp9laPaPg https://www.youtube.com/watch?v=fV9eHw3nDDs https://www.youtube.com/watch?v=3Jq1Jl39x6Y https://www.youtube.com/watch?v=_Oy6MaeY6wI https://www.youtube.com/watch?v=Q7mXSMtZDqs https://www.youtube.com/watch?v=cdDJccSFIrY https://www.youtube.com/watch?v=6u-efFPPaOI https://www.youtube.com/watch?v=F4U6QbFmQwY https://www.youtube.com/watch?v=eCzukoBQ-24 https://www.youtube.com/watch?v=SFpShAVjloY https://www.youtube.com/watch?v=KGtvVf8XxwY https://www.youtube.com/watch?v=iMbCdlrWGcA https://www.youtube.com/watch?v=s9Moh9iyo8Y https://www.youtube.com/watch?v=ZXlFf3s2b5A https://www.youtube.com/watch?v=x_BuZMq5asM https://www.youtube.com/watch?v=-iMTt0YH220 https://www.youtube.com/watch?v=OWNWTCqx0EE https://www.youtube.com/watch?v=DJo8Q0McFqI https://www.youtube.com/watch?v=iXokR-r42AI
us:place:0876795,Telluride town,Colorado,youtube,https://www.youtube.com/channel/UCabHMM_u649QXmqS1sVa4kw,channel,no,run_govs_01,https://www.youtube.com/channel/UCabHMM_u649QXmqS1sVa4kw
us:place:4178000,Waldport city,Oregon,youtube,https://www.youtube.com/embed/TxN9SINJfxU?si=J62uXqG-OWzZtEeY,single_video,yes,run_govs_01,https://www.youtube.com/embed/TxN9SINJfxU?si=J62uXqG-OWzZtEeY
us:place:4831952,Hamilton city,Texas,youtube,https://www.youtube.com/embed/ryYHGODuzC0?rel=0,single_video,yes,run_govs_01,https://www.youtube.com/embed/ryYHGODuzC0?rel=0
us:place:1743094,Lexington city,Illinois,youtube,https://www.youtube.com/channel/UC8zRKY2VsNbDzOboVYBvNJw,channel,no,run_govs_01,https://www.youtube.com/channel/UC8zRKY2VsNbDzOboVYBvNJw
us:place:4209432,Brownsville borough,Pennsylvania,youtube,http://www.youtube.com/watch?v=8CLBsn1_Gr4,single_video,no,run_govs_01,http://www.youtube.com/watch?v=8CLBsn1_Gr4
us:place:1925365,Ely city,Iowa,youtube,https://youtu.be/rqHUX__pXOg,single_video,yes,run_govs_01,https://youtu.be/rqHUX__pXOg https://youtu.be/Aq_HS1XhxRI https://youtu.be/lLimZAu33to https://youtu.be/48jS1kVdr6M https://youtu.be/2spST4UNAj4 https://youtu.be/Ob7IY2uH77M https://youtu.be/PVb-2Gqi6oA https://youtu.be/wC1h9FDOGGY https://youtu.be/SsKFQ8dkwss https://youtu.be/nnuoZM_CsW4 https://youtu.be/aq4-oLqor-w https://youtu.be/yiWMmbfWrck https://youtu.be/E2SOHLI9hf8 https://youtu.be/5MwVx-n3n78 https://youtu.be/9jlVChgLi98 https://youtu.be/RCCQO6U6BT0 https://youtu.be/9qAhQ1qWFBA https://youtu.be/7mMObxJKUoc https://youtu.be/VZXPVdNAFxM https://youtu.be/HawwT2zny-U https://youtu.be/f52DgKZW2wA https://youtu.be/gvKsLgiJR-I https://youtu.be/8sLdSQMYvu8 https://youtu.be/QM6qpq2Y4LA https://youtu.be/fJQ-AWw6dvk https://youtu.be/4ILpsBKoPFQ https://youtu.be/lnrGzdoi2p4 https://youtu.be/QCbMnIRPhBQ https://youtu.be/sfPUDH9xmrE https://youtu.be/e1ZRz7uBsJU https://youtu.be/njzsAQyjiso https://youtu.be/YjXbPqFNJQg https://youtu.be/kpLIMM2rMwQ https://youtu.be/kcJyJ8cdCZE https://youtu.be/ZJJG63ww7dk https://youtu.be/8ECwdfsWyps https://youtu.be/J1UzMafVboA https://youtu.be/CjnariVAtTg https://youtu.be/xzWvNhi3hNY https://youtu.be/sIOOjzMDKcI https://youtu.be/p3gotWRc5NY https://youtu.be/u7m7I2S1kf0 https://youtu.be/YuLQ5s4aAvk https://youtu.be/n1MITieujzU https://youtu.be/72SbPk254qI https://youtu.be/EuoP63TDEFA https://youtu.be/EGnV3FPi_Zc https://youtu.be/zVGYdrGqYq4 https://youtu.be/iNeCMrQomcg https://youtu.be/0WinqcW47EU https://youtu.be/pwxeGy4_YT8 https://youtu.be/775yVEOKrzM https://youtu.be/KcC_JQsayCk https://youtu.be/zdMPWQhc1Lw https://youtu.be/nfP2c4dUweU https://youtu.be/IXnhjV-Obg4 https://youtu.be/wHER0aNzstU https://youtu.be/xP10XhdtSlc https://youtu.be/j2LpZiUD6Us https://youtu.be/FVYuMA5-zKw https://youtu.be/EuR0fe7L8KY https://youtu.be/7EeqLOtlACo https://youtu.be/Zdc-ZHNJSNo https://youtu.be/WymdY0OKQgI https://youtu.be/XMX8IV-Wl2s https://youtu.be/ZpV1Tc_O9_w https://www.youtube.com/watch?v=FqUxOjm-kiU https://youtu.be/CKBwx1AcGgo https://youtu.be/YzldnHymY38 https://youtu.be/WogFZozzB20 https://youtu.be/Qgk_-4V2Uz8 https://youtu.be/3HFHgV2LrFM https://youtu.be/VeSzho7dCjI https://youtu.be/MrJU8xumPJI https://youtu.be/vSvqismTPAU https://youtu.be/wwgs5A862D8 https://youtu.be/ea3i6vao7t4 https://youtu.be/zViQtur7gpw https://youtu.be/v2E2k7rDIL0 https://youtu.be/8UiCwl2sql8 https://youtu.be/WY4YIO0_4qY https://youtu.be/-cV42gEFi08 https://youtu.be/TMwpGUS3WVU https://youtu.be/qV2qyri878Y https://youtu.be/_3vv-3UmsJo https://youtu.be/7x9BZRE0kZg https://youtu.be/phX4yVoamrQ https://youtu.be/UATIw5qbirQ https://youtu.be/UM9zIjTwwuk https://youtu.be/2cmeMvSIuJg https://youtu.be/q4kOWH27JpE https://youtu.be/K2e422d6AoY https://youtu.be/N_z8oaK0f58 https://youtu.be/YlMbtvPuB-o https://youtu.be/NPkpDZuHT3o https://youtu.be/9czm_aPBShY https://youtu.be/YngXefkGLys https://youtu.be/PjGlIHF3o7I https://youtu.be/3tAhFWUVCVk https://youtu.be/eaVjIzqnKWU https://youtu.be/tEEpT0l_iBM https://youtu.be/IPPAaG8ahr4 https://youtu.be/dLEBYxfxDBg https://youtu.be/vCAX9Y5Z8VI https://youtu.be/-PWkiDPwmfQ https://youtu.be/ZfQeoMdMO7I https://youtu.be/sNNmFDLmMcc https://youtu.be/KOPWopKWjyM https://youtu.be/2Ka1l3dwDBE https://youtu.be/8Vcj5h6PUJ8 https://youtu.be/9L09aNqlFpA https://youtu.be/7IYb8XnsviE https://youtu.be/HOxaJ8hBGBc https://youtu.be/0bQuNbuBscc https://youtu.be/kMjUxipzwWk https://youtu.be/ohhlFzo464M https://youtu.be/6vOiwGk7Wgg https://youtu.be/mvruzCvTgTo https://youtu.be/ewZrK94HHZA https://youtu.be/sAHNFw372mE https://youtu.be/gRqsNhJVstk https://youtu.be/z30q9l1cK5A https://youtu.be/TDvGk30iSc0 https://youtu.be/uhZsUK0CSoY https://youtu.be/hj1hvJfMgmA https://youtu.be/Sdfo6TXzMyU https://youtu.be/ZM7Vq7lBbg4 https://youtu.be/aamoP9F_5B8 https://www.youtube.com/watch?v=GyOCQ3tGj3g https://youtu.be/VCoi6B6UWtc https://www.youtube.com/watch?v=TFgMoEQMNbI https://www.youtube.com/watch?v=R6Dx4uTx45w https://youtu.be/Uq6jNWu2D_k https://www.youtube.com/watch?v=neTmOaaNSLQ https://www.youtube.com/watch?v=N2v5G8EdjWo https://www.youtube.com/watch?v=wgqMieYkOx0 https://youtu.be/v9T1JEQsbU4 https://youtu.be/uNa-dkoKOMg https://youtu.be/N_5OmL2IVOk https://youtu.be/S-IJLyTuv_A https://www.youtube.com/watch?v=BA4_1P8Gb7o https://youtu.be/PhCuFzPldEo https://youtu.be/l8BP1l4Aq04 https://youtu.be/KMinszJWtwc https://youtu.be/1tL_NpU-gAE https://youtu.be/ZWrujoT1tW8 https://youtu.be/yxyvwp8FeGg https://youtu.be/9GFdarkFX4A https://youtu.be/cl9j09AhEBc https://youtu.be/fxDXz7Je2kQ https://youtu.be/dBsfnviS4qc https://youtu.be/CARtU1xHIYY https://youtu.be/4C1eT4sf4nI https://youtu.be/CBbzf7-FVOA https://youtu.be/cNsHRBVJ0Lw https://youtu.be/XpDyAHXClH8 https://youtu.be/0qJoSZUQDVM https://youtu.be/isn8B0rn8dU https://youtu.be/RUxLXfxxb9I https://youtu.be/OWdGB7AogPY https://youtu.be/U2Du-IEkZn8 https://youtu.be/t8MWxosqSC8 https://www.youtube.com/watch?v=i-_7384uQOk&feature=youtu.be https://youtu.be/Wn3b18h-K08 https://youtu.be/5IeWkhsVXHQ https://youtu.be/wBSnO72sb1s https://youtu.be/XiYx6mQhOTg https://www.youtube.com/watch?v=fDI9QV7I2ho&t=934s
us:place:2761816,Springfield city,Minnesota,youtube,https://www.youtube.com/shorts/9vEH3yJclcg,single_video,no,run_govs_01,https://www.youtube.com/shorts/9vEH3yJclcg
us:place:4808536,Blanco city,Texas,youtube,https://www.youtube.com/@blancolibrary4228/featured,channel,yes,run_govs_01,https://youtube.com/playlist?list=PLMOt3CSzQwLY2KIAskwC8qo8Hg9cgWumn https://www.youtube.com/@blancolibrary4228/featured https://www.youtube.com/embed/C-7GJYiTbvk?si=Cc2vBvQuZZXok5Sp https://www.youtube.com/playlist?list=PLMOt3CSzQwLb6Zm7yO529kCFPMLZciiYe https://www.youtube.com/embed/zVAm2lxEj8Y?si=ZoztJi0kmfkgMmIS
us:place:4810768,Brownsville city,Texas,youtube,https://www.youtube.com/playlist?list=PL_ffKf9NIs6kNF1Zu01vSKexvgxBd5GWq,playlist,no,run_govs_01,https://www.youtube.com/watch?v=x-j7uc_Nsjk&feature=youtu.be https://www.youtube.com/playlist?list=PL_ffKf9NIs6kNF1Zu01vSKexvgxBd5GWq
us:place:1301052,Albany city,Georgia,youtube,https://www.youtube.com/@thecityofalbanygeorgia3502,channel,no,run_govs_01,https://www.youtube.com/@thecityofalbanygeorgia3502
us:place:1378044,Tyrone town,Georgia,youtube,https://www.youtube.com/channel/UCmZIR8Wqkb0irR95C3aSdmQ,channel,no,run_govs_01,https://youtu.be/YRUlxKCsNLQ https://www.youtube.com/channel/UCmZIR8Wqkb0irR95C3aSdmQ
us:cousub:1815779352,Wabash township,Indiana,youtube,https://www.youtube.com/@wabashtownship79,channel,no,run_govs_01,https://www.youtube.com/@wabashtownship79
us:place:1882700,Westfield city,Indiana,youtube,https://www.youtube.com/user/CityofWestfieldIN,channel,yes,run_govs_01,https://www.youtube.com/user/CityofWestfieldIN
us:place:0611250,Carmel-by-the-Sea city,California,youtube,https://www.youtube.com/c/cityofcarmelbythesea,channel,no,run_govs_01,https://www.youtube.com/c/cityofcarmelbythesea https://www.youtube.com/live/AyxXW7IIwe0?si=XmYX49jCU5bhPiDM https://www.youtube.com/live/347SJ3i3WCQ?si=sPnH2skZOi-ou_g3 https://www.youtube.com/live/I6aWfoT3BNs?si=o9Ir_nU_hyz4q_nP https://www.youtube.com/live/HDQaWOjUUWE?si=1EOw2SyVwjFOanb0
us:place:1871000,South Bend city,Indiana,youtube,https://www.youtube.com/channel/UCf7qTKNT3KSKRHkfNIhJhbQ,channel,yes,run_govs_01,https://www.youtube.com/embed/wEFwsV9EgPs?feature=oembed https://www.youtube.com/channel/UCf7qTKNT3KSKRHkfNIhJhbQ https://youtube.com/@southbendcityclerksoffice?si=9uE7omfPov6IC7ns
us:place:0632548,Hawthorne city,California,youtube,https://www.youtube.com/watch?v=jcsZhax2Cek,single_video,no,run_govs_01,https://www.youtube.com/watch?v=jcsZhax2Cek
us:place:1849932,Mishawaka city,Indiana,youtube,https://www.youtube.com/@cityofmishawaka635/streams,channel,no,run_govs_01,https://www.youtube.com/embed/pNFM-QJHAw0?si=OKIqt1YzVJTi_YC7 https://www.youtube.com/@cityofmishawaka635/streams
us:place:2128900,Frankfort city,Kentucky,youtube,https://www.youtube.com/embed/Tw0YGoCmcew,single_video,yes,run_govs_01,https://www.youtube.com/embed/Tw0YGoCmcew https://www.youtube.com/embed/xLNYOpoQ7dw https://www.youtube.com/embed/SpiEfcECj-o
us:place:0646870,Menlo Park city,California,youtube,https://www.youtube.com/embed/0cQ2KuwNVzU,single_video,no,run_govs_01,https://www.youtube.com/embed/0cQ2KuwNVzU https://youtu.be/dwrdZZDR6jk https://youtu.be/nyy1v12mnZg https://youtu.be/crf5uWSznyQ https://youtu.be/gO3j2c4uaII https://youtu.be/Q0hWMi5pGHQ?si=-ok9HUenl8PWk9WI https://youtu.be/C8uFqieAkVA https://youtu.be/1YzF-iEGvtE https://youtu.be/TWuhgAtIsMM?si=wAUhmAzFYEABjkTY https://youtu.be/h6zmYXybXIc https://youtu.be/EUgY5HQ_pgE https://youtu.be/gk8hfS9dOGc https://youtu.be/i5HUBp83eWo https://youtu.be/_tkpBDcxr3E https://youtu.be/iQeiiKb2V7g https://youtu.be/RNeDlpnKlt4 https://youtu.be/pQhTKxs1hFY https://youtu.be/svKUkCQqFbA https://youtu.be/kbXY6yTeP5g https://youtu.be/kUuq1-WTv6A https://youtu.be/3jCACg8W_W0 https://youtu.be/6iXOfv_woAc https://youtu.be/P8FgBoHRtis https://youtu.be/ehpTz_Vt-Pc https://youtu.be/0mgd0eH_GpE https://youtu.be/wSThmFManns https://youtu.be/MjoxtVRw2A4 https://youtu.be/e2A8_rORYNA https://youtu.be/BPIk-6Lrhnw https://youtu.be/EBvsEcQatj4 https://youtu.be/bhIYs0OI8-I https://youtu.be/6JWUt8aEPTE https://youtu.be/lbO9XmndvZA https://youtu.be/hcAFz6DLvog https://youtu.be/G1qLCooa4Vc?si=imNVllCUBCVS3meM https://youtu.be/C-fTFCujGDI https://youtu.be/IrGkJk7LDww https://youtu.be/7UngwEk8xnY https://youtu.be/GeV9avit70U https://youtu.be/Z24-fFCUgiU https://youtu.be/RwEGaCbJ2A0 https://youtu.be/_k_uTTf8JWE https://youtu.be/jTbHo8JjB9Y https://youtu.be/-rYvvrH9k-k https://youtu.be/S3-7BfkKduU https://youtu.be/oesxPw53DVQ https://youtu.be/AgZUjNuENtA https://youtu.be/_okVh8NQQos https://youtu.be/_8vI9jZ39YI https://youtu.be/oPjy5uGHlNs https://youtu.be/LyoJAjzpFTU https://youtu.be/Yt7a6Jw2OUo https://youtu.be/G9iFX22SDHQ https://youtu.be/i28AGYsYM5Q?si=G6g9DPoniAkGDguL https://youtu.be/vPyktBZqUzY https://youtu.be/o-wNTBygePM https://youtu.be/pMjnN_G9VzE https://youtu.be/ldI0B8Dx1jE https://youtu.be/7kR7MiTiRlI https://youtu.be/tjGtYKOeEGM https://youtu.be/70VwOq5m8JU https://youtu.be/1E5Br0jVPjk https://youtu.be/H11aXQGcvYo https://youtu.be/NrO1LiVdoIU https://youtu.be/OfnaPEbsZy8 https://youtu.be/lfBkk-Cg2mM https://youtu.be/hFlrCyPfYfA https://youtu.be/QKFjwcZ475U https://youtu.be/YCDQz7s7jos https://youtu.be/89OBRXha7pI https://youtu.be/CQCvQx5UnI8 https://youtu.be/CAYIN1YQazg https://youtu.be/oC-OxUzrIr8 https://youtu.be/4dkU0GQwsj4 https://youtu.be/L414NjSQ26g https://youtu.be/YEsO4HXC9T0 https://youtu.be/T21xpfIu7Gk https://youtu.be/uiXInInCBhs https://youtu.be/99ednZm3Leg https://youtu.be/mS72K80WxRM https://youtu.be/Aj7UXOAwNNk https://youtu.be/OiAoa1JJU18 https://youtu.be/psMfj-xe_wQ https://youtu.be/tI2BblTanYE https://youtu.be/NAx6iah0vrQ https://youtu.be/uc_TiOihgn0 https://youtu.be/j4u2pHKV9as https://youtu.be/f1l76apayT8 https://youtu.be/4hCB2z3djlc https://youtu.be/96ssGZwzrM4 https://youtu.be/rSucmKKfPqQ https://youtu.be/A45Q12L1Txs https://youtu.be/L2YR-29qLVs https://youtu.be/M6WqbTwjwqk https://youtu.be/WKbZwowPP9Q https://youtu.be/8VcBYZGA268 https://youtu.be/nVcLvVgJu_0 https://youtu.be/xT9EyfX9ALw https://youtu.be/bPGhuwVu4xs https://youtu.be/-TegH8PG3rw https://youtu.be/OpKjOZ2Grh4 https://youtu.be/d3ij46ws3gw https://www.youtube.com/watch?v=Toc6aACNmO0&feature=youtu.be https://www.youtube.com/watch?v=wv8tZM0QvAw&feature=youtu.be https://www.youtube.com/watch?v=JmYgSQJeI_A&feature=youtu.be https://youtu.be/WknAzcK-Lr0
us:place:1718563,Danville city,Illinois,youtube,https://www.youtube.com/embed/JTk36A1Vq30?si=KAI_kcwc6NUao4X0,single_video,yes,run_govs_01,https://www.youtube.com/embed/JTk36A1Vq30?si=KAI_kcwc6NUao4X0
us:place:4866644,Seguin city,Texas,youtube,https://www.youtube.com/user/CitySeguin,channel,no,run_govs_01,https://www.youtube.com/user/CitySeguin
us:place:1264825,Sebastian city,Florida,youtube,https://www.youtube.com/channel/UCpzAJigyTTM4gsU8NrjakIw/playlists,channel,yes,run_govs_01,https://www.youtube.com/watch?v=_RiK4zRwJNI https://www.youtube.com/channel/UCpzAJigyTTM4gsU8NrjakIw/playlists
us:place:3440350,Linden city,New Jersey,youtube,https://www.youtube.com/channel/UCdAE6Bg2UXFj6PnbU7CPUXQ,channel,no,run_govs_01,https://www.youtube.com/watch?v=lpVP59efF-o https://www.youtube.com/channel/UCdAE6Bg2UXFj6PnbU7CPUXQ https://www.youtube.com/watch?v=FCSSozESOjE https://youtube.com/@LindenNJtv/streams
us:place:3455950,Paramus borough,New Jersey,youtube,https://www.youtube.com/embed/QD-CYaCIBSU?rel=0,single_video,yes,run_govs_01,https://www.youtube.com/embed/QD-CYaCIBSU?rel=0
us:place:0643280,Los Altos city,California,youtube,https://www.youtube.com/@CityofLosAltosCA,channel,no,run_govs_01,https://www.youtube.com/live/ExVEAruZGnE?si=HVfGoaPG4OniQSPH https://www.youtube.com/@CityofLosAltosCA https://youtu.be/Z0RbK8oG9-s
us:place:4165250,Sandy city,Oregon,youtube,https://www.youtube.com/channel/UCbYEclgC6VW_mV2UJGyvYfg,channel,yes,run_govs_01,https://www.youtube.com/channel/UCbYEclgC6VW_mV2UJGyvYfg
us:place:4203928,Baldwin borough,Pennsylvania,youtube,https://youtube.com/@boroughofbaldwin?si=wIHcWM0z6MLrUPF_,channel,yes,run_govs_01,https://youtube.com/@boroughofbaldwin?si=wIHcWM0z6MLrUPF_
us:place:4260120,Phoenixville borough,Pennsylvania,youtube,https://www.youtube.com/channel/UChPyFfxMBh-iETvnkgPFUcg,channel,yes,run_govs_01,https://www.youtube.com/channel/UChPyFfxMBh-iETvnkgPFUcg
us:place:5118448,Colonial Heights city,Virginia,youtube,https://www.youtube.com/embed/Q32M6OtpsQI?si=AMCAjs8Efw2Okuih,single_video,yes,run_govs_01,https://www.youtube.com/embed/Q32M6OtpsQI?si=AMCAjs8Efw2Okuih
us:place:1213175,Cocoa Beach city,Florida,youtube,https://www.youtube.com/channel/UCzVNSjCc0HnwzvaDCtpAj5A,channel,yes,run_govs_01,https://www.youtube.com/channel/UCzVNSjCc0HnwzvaDCtpAj5A http://www.youtube.com/@CityofCocoaBeachFL
us:place:3913190,Centerville city,Ohio,youtube,https://studio.youtube.com/channel/UCXLOLKzXqOtD9BSlPGrDBHQ,channel,yes,run_govs_01,https://studio.youtube.com/channel/UCXLOLKzXqOtD9BSlPGrDBHQ
us:place:5046000,Montpelier city,Vermont,youtube,https://www.youtube.com/playlist?list=PL-xsDpLCa0iSUVwkLkpoW-0AtiKti1K3h,playlist,yes,run_govs_01,https://www.youtube.com/embed/bDvDOs6IRts https://www.youtube.com/playlist?list=PL-xsDpLCa0iSUVwkLkpoW-0AtiKti1K3h
us:place:4879672,Windcrest city,Texas,youtube,https://www.youtube.com/@CityofWindcrestTX,channel,no,run_govs_01,https://www.youtube.com/@CityofWindcrestTX
us:place:4155200,Oregon City city,Oregon,youtube,https://www.youtube.com/user/CityofOregonCity,channel,no,run_govs_01,https://youtu.be/YjnEyo87t64 https://www.youtube.com/user/CityofOregonCity https://www.youtube.com/channel/UC2MMAG8hRJFBtVY1i3WinoA https://www.youtube.com/channel/UCH_WjrR5GLBDRPiQGirA7JQ
us:place:1907390,Bondurant city,Iowa,youtube,https://youtu.be/h-O2AJaPk9o,single_video,yes,run_govs_01,https://youtu.be/h-O2AJaPk9o https://youtu.be/fowIERncVBs
us:place:2674980,South Haven city,Michigan,youtube,https://www.youtube.com/user/SouthHavenCVB,channel,no,run_govs_01,https://www.youtube.com/user/SouthHavenCVB
us:place:4960710,Plain City city,Utah,youtube,https://www.youtube.com/@PlainCityUtah,channel,yes,run_govs_01,https://www.youtube.com/@PlainCityUtah
us:place:4833824,Highland Park town,Texas,youtube,https://www.youtube.com/embed/LUQ2fIpZAk4,single_video,no,run_govs_01,https://www.youtube.com/embed/LUQ2fIpZAk4 https://www.youtube.com/embed/kFVinMo2YYo https://www.youtube.com/embed/2xXtBw995K8 https://www.youtube.com/embed/8ChtZzd9Qgg
us:place:1248200,Newberry city,Florida,youtube,https://www.youtube.com/channel/UC9MNwMuigm3PeKHacwz2xQQ,channel,no,run_govs_01,https://www.youtube.com/embed/VsV-fTzKlEU?si=rI1Y_JAzNhC8oN8T https://www.youtube.com/channel/UC9MNwMuigm3PeKHacwz2xQQ https://www.youtube.com/embed/sl7L8EwLNWA?si=sMsQKZWflElu1P_a
us:place:5563700,Plymouth city,Wisconsin,youtube,https://www.youtube.com/channel/UCKqfwrMi5dCfxyT2zf0d1dQ,channel,yes,run_govs_01,https://www.youtube.com/channel/UCKqfwrMi5dCfxyT2zf0d1dQ
us:place:4075450,Tuttle city,Oklahoma,youtube,https://www.youtube.com/@CityofTuttle,channel,yes,run_govs_01,https://www.youtube.com/@CityofTuttle
us:place:4018850,Cushing city,Oklahoma,youtube,https://www.youtube.com/watch?v=t0EpMdVRV9g,single_video,no,run_govs_01,https://www.youtube.com/watch?v=t0EpMdVRV9g https://www.youtube.com/watch?v=ic_oT-kkZp0 https://www.youtube.com/watch?v=fYA_bvORMFY
us:place:4811224,Bulverde city,Texas,youtube,https://www.youtube.com/@CityofBulverde,channel,yes,run_govs_01,https://www.youtube.com/@CityofBulverde
us:place:2975472,Valley Park city,Missouri,youtube,https://www.youtube.com/channel/UCk35pTtdrx1uYFyfzdAk8lA,channel,yes,run_govs_01,https://www.youtube.com/channel/UCk35pTtdrx1uYFyfzdAk8lA
us:place:4843132,Livingston town,Texas,youtube,https://www.youtube.com/channel/UCjbdIxmMlSAE5tWEpDVJ7_A,channel,yes,run_govs_01,https://www.youtube.com/channel/UCjbdIxmMlSAE5tWEpDVJ7_A
us:place:3443890,Margate City city,New Jersey,youtube,https://www.youtube.com/watch?v=ppvDr-WoHvg,single_video,yes,run_govs_01,https://www.youtube.com/watch?v=ppvDr-WoHvg
us:place:4103800,Bandon city,Oregon,youtube,https://www.youtube.com/channel/UCt15AF3tbKKQxscb_jKR5AA,channel,yes,run_govs_01,https://www.youtube.com/channel/UCt15AF3tbKKQxscb_jKR5AA
us:place:1932160,Granger city,Iowa,youtube,https://youtu.be/65ePpHiKfpM,single_video,no,run_govs_01,https://youtu.be/65ePpHiKfpM https://www.youtube.com/watch?v=80bUdbyksRY https://www.youtube.com/watch?v=rKlr6YF2DLw https://www.youtube.com/watch?v=nRSSekHbNrg https://www.youtube.com/watch?v=CbLRs4UG-7w https://www.youtube.com/watch?v=iZqnh4gIJWk https://www.youtube.com/watch?v=r4s_qp11Zas https://www.youtube.com/watch?v=tRjgO1OjWPk https://www.youtube.com/watch?v=YPl4sar2Wv8 https://www.youtube.com/watch?v=-VPhMKf-fTQ https://www.youtube.com/watch?v=6xi-gKepYYA https://www.youtube.com/watch?v=Cse9EGD01wM https://www.youtube.com/watch?v=9idHhMApP3M https://www.youtube.com/watch?v=uqE9ki_VuJA https://www.youtube.com/watch?v=Igst2gJmhWg https://www.youtube.com/watch?v=tvPH29Cl_n8 https://www.youtube.com/watch?v=1qGBYHy4KmY https://www.youtube.com/watch?v=ORCvvP8wp7E https://www.youtube.com/watch?v=DQPGxiwPqeY https://www.youtube.com/watch?v=xHGnLJxaVSI https://www.youtube.com/watch?v=L0dZ7NKpeIg https://www.youtube.com/watch?v=Kscvs98nTa0 https://www.youtube.com/watch?v=vOHUTPYHMe8 https://www.youtube.com/watch?v=iOnpGR29vhA https://www.youtube.com/watch?v=_fV9wNYI3P8 https://www.youtube.com/watch?v=-iWbuxaN5Ww https://www.youtube.com/watch?v=W7aC3-c8Ouc https://www.youtube.com/watch?v=W5FpEIAvKNw https://www.youtube.com/watch?v=19A_hQbXZmc https://www.youtube.com/watch?v=Xkf5lbkO1yI https://www.youtube.com/watch?v=UteWffnXa3M
us:place:1216550,Daytona Beach Shores city,Florida,youtube,https://www.youtube.com/@cityofdaytonabeachshores9139/streams,channel,yes,run_govs_01,https://www.youtube.com/@cityofdaytonabeachshores9139/streams https://studio.youtube.com/channel/UC83Ed6Z2xNz1XFdgtwZ_UlQ/videos/live?filter=%5B%5D&sort=%7B%22columnType%22%3A%22live_date%22%2C%22sortOrder%22%3A%22DESCENDING%22%7D https://www.youtube.com/playlist?list=PL6rOuXCRmIGc2LL4ZOZBE2kecOqruuBSI
us:place:4114400,Coburg city,Oregon,youtube,https://www.youtube.com/watch?v=LSJFpGmHVfw&list=PLrLMrnT66TY-Kh8Tub9Jdn5Dzwgbaxjpq&pp=gAQB,playlist,no,run_govs_01,https://www.youtube.com/watch?v=LSJFpGmHVfw&list=PLrLMrnT66TY-Kh8Tub9Jdn5Dzwgbaxjpq&pp=gAQB https://www.youtube.com/live/gTHGgwkbqxE?si=iKtIGc3ge5ftbxQh https://www.youtube.com/live/o7xYKBFo4ww?si=n9j_rhSyK_V-QXuO https://www.youtube.com/live/Dz03_qbuiQQ?si=nUgvDkaeD4EbGpQn https://www.youtube.com/live/xus3ux7VVAg?si=epy2-toAt6Mqu-tn https://youtube.com/live/Gt8mVYThens?feature=share https://youtube.com/live/tB8PQ9iyyZo https://youtube.com/live/qJ4PSnR9oKM?feature=share https://youtube.com/live/Rb_jIMM30N8?feature=share https://youtube.com/live/xBKwhLLoOLo?feature=share https://www.youtube.com/live/iuWH7wh1p3U?si=iDNaouPN0a3Nhqys https://www.youtube.com/live/0f8NGDgzRmo?si=97rCe5yTg4w8eXFY https://youtube.com/live/IOPiGbiXPQE?feature=share https://www.youtube.com/live/xHlqRudmC34?si=zgImhSAnd_LzlvCp https://youtube.com/live/DsyaMOxAiG8?feature=share https://www.youtube.com/live/sMcRSrTDQdo?si=TBghMp77HJCTW2lK https://youtube.com/live/DMlqw4XI3jI?feature=share https://www.youtube.com/watch?v=Ug8BTL6nXj4 https://www.youtube.com/watch?v=DqOc1si_a1Q https://www.youtube.com/watch?v=5gEyR_A7IKc https://www.youtube.com/watch?v=EoqoBuMcqlg https://www.youtube.com/watch?v=3eYLRosT2VM
us:place:2502690,Attleboro city,Massachusetts,youtube,https://www.youtube.com/watch?v=G4lx3pmn1sU,single_video,yes,run_govs_01,https://www.youtube.com/watch?v=G4lx3pmn1sU https://www.youtube.com/watch?v=AgIL8fveQww&t=112s https://www.youtube.com/watch?v=KW5vG0sWxzY
us:place:4013950,Chickasha city,Oklahoma,youtube,https://www.youtube.com/channel/UC79xosHV4ORkv31h2HW4UKg,channel,yes,run_govs_01,https://www.youtube.com/embed/live_stream?channel=UC79xosHV4ORkv31h2HW4UKg https://www.youtube.com/embed/TalpyhkYmnY?si=CYGndEAsSfTxKUBp https://www.youtube.com/channel/UC79xosHV4ORkv31h2HW4UKg
us:place:5528875,Germantown village,Wisconsin,youtube,https://www.youtube.com/@villageofgermantownwi,channel,yes,run_govs_01,https://www.youtube.com/@villageofgermantownwi https://www.youtube.com/channel/UCOYp0EgELzTCa9X_iCohyhQ
us:place:0883230,Wellington town,Colorado,youtube,https://www.youtube.com/@wellingtoncolo,channel,yes,run_govs_01,https://www.youtube.com/@wellingtoncolo https://youtu.be/gaGgxpteF9g https://youtu.be/ej81SqRpRO8 https://youtu.be/iqd4aFz0xn8 https://youtube.com/playlist?list=PLegRxdIlQQTRPs3r8XMTH8eOHVNPAzeBZ https://www.youtube.com/playlist?list=PLegRxdIlQQTSpKcMjQvZH9Byw5AzllTZB https://youtube.com/playlist?list=PLegRxdIlQQTSm6i07X089bvDtvmEtQx7m https://youtube.com/playlist?list=PLegRxdIlQQTQaS7PT0NVhZCgHY4t7ZYJY https://youtube.com/playlist?list=PLegRxdIlQQTRGtMbXuZX9qpHGRSDY2jgr
us:place:1317776,College Park city,Georgia,youtube,https://www.youtube.com/@CollegeParkTV23,channel,yes,run_govs_01,https://www.youtube.com/@CollegeParkTV23 https://www.youtube.com/watch?v=p05EBn8l37w
us:place:5363280,Selah city,Washington,youtube,https://www.youtube.com/@cityofselah/live,channel,yes,run_govs_01,https://www.youtube.com/@cityofselah/live
us:place:3459910,Point Pleasant Beach borough,New Jersey,youtube,https://www.youtube.com/channel/UCflODKbSFakXUEKiyxSYdUA/live,channel,yes,run_govs_01,https://www.youtube.com/channel/UCflODKbSFakXUEKiyxSYdUA/live
us:place:1749009,Milan village,Illinois,youtube,https://youtube.com/@MilanIllinois,channel,no,run_govs_01,https://youtu.be/gcdyaMsaTAY https://www.youtube.com/watch?v=rEvrzd9Ax-k&t=139s https://youtube.com/@MilanIllinois https://youtu.be/QpALtunsr1M https://youtube.com/live/XVvusLTvCKk https://youtu.be/hVlvyROFHKw https://youtu.be/GySjYCmBrGk https://youtu.be/dqg-U24jRZY https://www.youtube.com/watch?v=zrQ41nDPrao https://www.youtube.com/watch?v=B4EH3kH7yfQ&t=14s https://www.youtube.com/watch?v=7A5p5L0rswo https://youtu.be/W5yLhJ4W3Ls https://youtube.com/live/HENA6Z0wNFw https://www.youtube.com/watch?v=xaoRh7pli4s https://youtube.com/live/bQOw6z4VNmY https://youtu.be/pZ6oEQQreuU https://youtu.be/wxRKzSr1tyM https://youtube.com/live/iKmnE6Co2N0
us:place:0848445,Manitou Springs city,Colorado,youtube,https://www.youtube.com/channel/UCgAighRKM1Y4WMZZtBMTU4w,channel,no,run_govs_01,https://www.youtube.com/channel/UCgAighRKM1Y4WMZZtBMTU4w https://www.youtube.com/@manitouspringslivestream5227/streams
us:place:5506300,Belleville village,Wisconsin,youtube,https://www.youtube.com/channel/UCUKy08Tp-DOOYsxlt-aqo8A,channel,no,run_govs_01,https://www.youtube.com/channel/UCUKy08Tp-DOOYsxlt-aqo8A https://www.youtube.com/@villagebelleville53508
us:place:1238625,Lake Placid town,Florida,youtube,https://www.youtube.com/@lakeplacidflgov7268,channel,yes,run_govs_01,https://www.youtube.com/@lakeplacidflgov7268
us:place:5357220,Rainier city,Washington,youtube,https://youtu.be/GteFjBUIpn4?si=faz12zmQYb67sTIe,single_video,yes,run_govs_01,https://youtu.be/GteFjBUIpn4?si=faz12zmQYb67sTIe https://youtu.be/T63d1gDSFMg https://youtu.be/mRRkSgTDx7k https://youtu.be/FjJDEwVIdFA https://youtu.be/N_UAp_IIvmU https://youtu.be/XQBHHSdJw7s https://youtu.be/kewJEa6pLXc https://youtu.be/zLE2estBgfM https://youtu.be/PRrHfYhNieo https://www.youtube.com/watch?v=AdITh1_73CI https://www.youtube.com/watch?v=TO_HJ1CXMtM http://youtube.com/watch?v=6w1vJtLvpx4&feature=youtu.be http://youtube.com/watch?v=eGzl3hH9-Z8&feature=youtu.be http://youtube.com/watch?v=vB-PZsS5LdM&feature=youtu.be http://youtube.com/watch?v=ZUM_xJuaHfY https://www.youtube.com/watch?v=b1YHwS6kWXI http://youtube.com/watch?v=5y16pBLK_fI&feature=youtu.be https://www.youtube.com/watch?v=XQAx3t5_LkA http://youtube.com/watch?v=RVfpALP36co&feature=youtu.be http://youtube.com/watch?v=COX7c_E8Kv0&feature=youtu.be http://youtube.com/watch?v=BA92fOKbmco&feature=youtu.be https://www.youtube.com/watch?v=xsAFevmnBdk https://www.youtube.com/watch?v=zHyOzr7oJgM http://youtube.com/watch?v=q7tT1DloGOg&feature=youtu.be https://www.youtube.com/watch?v=PgL-LZQyD_g http://youtube.com/watch?v=EsAZguhHRgQ&feature=youtu.be https://www.youtube.com/watch?v=KjYF998vz58 https://www.youtube.com/watch?v=Osxr7lsgPsk https://www.youtube.com/watch?v=mhGd6necy5c http://youtube.com/watch?v=y6WtDCv59SA&feature=youtu.be https://www.youtube.com/watch?v=MU4MaxY1MdU https://www.youtube.com/watch?v=HFz9A0I5qxc http://youtube.com/watch?v=4rxxfZEi3W8&feature=youtu.be https://www.youtube.com/watch?v=mANMh6ZKe5Yhttps://www.youtube.com/watch?v=mANMh6ZKe5Y https://www.youtube.com/watch?v=i6ZsSYdnoPk http://youtube.com/watch?v=3G1yQQyfppE&feature=youtu.be https://www.youtube.com/watch?v=g6ln1ub8TTE http://youtube.com/watch?v=iKxybLk84eM&feature=youtu.be https://www.youtube.com/watch?v=Uld71dc8R_A https://www.youtube.com/watch?v=bWU8EUUIAJg https://www.youtube.com/watch?v=vFE-AvvHT-I https://www.youtube.com/watch?v=48bhsQC39hY https://www.youtube.com/watch?v=8jHBgiZ2M-k https://www.youtube.com/watch?v=HyC-mZE_I7g https://www.youtube.com/watch?v=AKQsnprvLe0 https://www.youtube.com/watch?v=khgKaX95YD4 http://youtube.com/watch?v=rSYaPoKfV8A&feature=youtu.be http://youtube.com/watch?v=gXVmciFd9fA&feature=youtu.be http://youtube.com/watch?v=fxJQ3GR_slU&feature=youtu.be https://www.youtube.com/watch?v=OQXr1uTtcO8&feature=youtu.be https://www.youtube.com/watch?v=uJLFEdNIaLM https://www.youtube.com/watch?v=D_tXr3PVHGM https://www.youtube.com/watch?v=wSHZmvKWLM0 https://www.youtube.com/watch?v=cyufeSdXlxU http://youtube.com/watch?v=BSDs_IjjYFg&feature=youtu.be http://youtube.com/watch?v=5JJTmbyTr6o&feature=youtu.be https://www.youtube.com/watch?v=PE7JX_a_WmM https://www.youtube.com/watch?v=EjPywHjxRpo https://www.youtube.com/watch?v=aIcLUNcJgtY https://youtu.be/rlMhVwWLeHM https://youtu.be/6hAQOm3GwE4 https://youtu.be/97QtGdtDWf8
us:place:0665028,San Bruno city,California,youtube,https://www.youtube.com/channel/UC27qOw-HC10jUkZuOVJb3vA,channel,no,run_govs_01,https://www.youtube.com/channel/UC27qOw-HC10jUkZuOVJb3vA
us:place:2803980,Bay St. Louis city,Mississippi,youtube,https://www.youtube.com/channel/UCfZVth2EfSBM4lVvXg_H-kw/videos,channel,no,run_govs_01,https://www.youtube.com/channel/UCfZVth2EfSBM4lVvXg_H-kw/videos
us:place:1224150,Fort Myers Beach town,Florida,youtube,https://www.youtube.com/channel/UCTF-wEnfKoqXo9WOk-1ev5w,channel,no,run_govs_01,https://www.youtube.com/channel/UCTF-wEnfKoqXo9WOk-1ev5w
us:place:1348232,Lyons city,Georgia,youtube,https://www.youtube.com/watch?v=kb_Mk_YPcg0,single_video,no,run_govs_01,https://www.youtube.com/watch?v=kb_Mk_YPcg0
us:place:5503425,Ashwaubenon village,Wisconsin,youtube,https://www.youtube.com/channel/UCaHrg7P8p2xTEoCLcgOVQEQ,channel,yes,run_govs_01,https://www.youtube.com/channel/UCaHrg7P8p2xTEoCLcgOVQEQ
